CHROM	POS	ID
chr19	260912	rs8100066
chr19	261033	rs8105536
chr19	266034	rs2312724
chr19	267039	rs1020382
chr19	276245	rs12459906
chr19	277776	rs11084928
chr19	280299	rs11878315
chr19	281360	rs7815
chr19	288246	rs10409452
chr19	288374	rs12981067
chr19	288738	rs12982096
chr19	292082	rs3813154
chr19	292583	rs895345
chr19	292901	rs895344
chr19	293671	rs1077444
chr19	293913	rs1077446
chr19	294526	rs747820
chr19	296458	rs10418525
chr19	301619	rs4897939
chr19	301639	rs4897940
chr19	301900	rs4897942
chr19	304499	rs4897943
chr19	311037	rs8100665
chr19	316040	rs7256434
chr19	318308	rs7250095
chr19	319822	rs4897946
chr19	325093	rs10414938
chr19	326481	rs4897949
chr19	327182	rs7256086
chr19	327323	rs7250846
chr19	327998	rs2305113
chr19	328855	rs7246089
chr19	330263	rs4897951
chr19	331028	rs7253509
chr19	334474	rs11084956
chr19	335055	rs11883060
chr19	335946	rs3816322
chr19	340700	rs882572
chr19	341899	rs8101528
chr19	342617	rs2166359
chr19	344053	rs4897853
chr19	348743	rs6510725
chr19	349160	rs8101753
chr19	352341	rs2044406
chr19	352660	rs34965934
chr19	354248	rs10423498
chr19	356003	rs7254684
chr19	362283	rs3764656
chr19	363127	rs7508262
chr19	364695	rs618409
chr19	366412	rs689396
chr19	366451	rs689448
chr19	366680	rs2278285
chr19	366804	rs1020384
chr19	367089	rs10422863
chr19	367313	rs585487
chr19	367979	rs688169
chr19	372661	rs2303810
chr19	376008	rs1549697
chr19	376382	rs3764571
chr19	376585	rs3764572
chr19	379003	rs10414677
chr19	384644	rs12151104
chr19	384724	rs12151294
chr19	388413	rs12611418
chr19	389805	rs4897965
chr19	389873	rs4897966
chr19	390627	rs4897970
chr19	391296	rs10853965
chr19	391569	rs10416941
chr19	397531	rs4897971
chr19	401714	rs7508251
chr19	401818	rs731714
chr19	405929	rs2241407
chr19	406370	rs8104383
chr19	406934	rs12978500
chr19	409977	rs12980274
chr19	411849	rs753719
chr19	412730	rs753948
chr19	415294	rs7408247
chr19	416231	rs16990426
chr19	416834	rs15971
chr19	416963	rs1046822
chr19	417281	rs3893730
chr19	417396	rs1808416
chr19	417556	rs12462724
chr19	417714	rs16990450
chr19	417737	rs12462766
chr19	418178	rs10426188
chr19	418507	rs12610836
chr19	418769	rs12981152
chr19	419075	rs3764573
chr19	419407	rs10408164
chr19	419498	rs10414766
chr19	420755	rs8112380
chr19	422238	rs2287960
chr19	422938	rs12979419
chr19	425559	rs12460601
chr19	431187	rs10413199
chr19	436690	rs2066959
chr19	441243	rs2075020
chr19	450282	rs4919870
chr19	450515	rs4919871
chr19	454430	rs740871
chr19	455285	rs740872
chr19	455878	rs11666069
chr19	461431	rs12982379
chr19	462736	rs1599999
chr19	463025	rs1968129
chr19	463528	rs1052882
chr19	464612	rs4919890
chr19	464840	rs4919825
chr19	468348	rs4919829
chr19	472149	rs2392794
chr19	474588	rs12610594
chr19	478060	rs10421720
chr19	482221	rs6510799
chr19	482984	rs10407723
chr19	483850	rs12979590
chr19	490081	rs10415416
chr19	494057	rs7258832
chr19	495600	rs758502
chr19	495722	rs758503
chr19	499978	rs12982646
chr19	500359	rs6510810
chr19	501900	rs3745925
chr19	506712	rs34026602
chr19	507450	rs7246920
chr19	508626	rs4919908
chr19	509569	rs8106333
chr19	509717	rs4919910
chr19	511453	rs3745924
chr19	512568	rs11666491
chr19	518686	rs4919838
chr19	520131	rs12611062
chr19	525739	rs2396293
chr19	530556	rs16990498
chr19	532066	rs6507
chr19	536878	rs1108114
chr19	538487	rs2288951
chr19	538994	rs2288953
chr19	539266	rs10402948
chr19	539871	rs17672563
chr19	542473	rs3760880
chr19	542654	rs3760878
chr19	542672	rs3760877
chr19	547973	rs2070800
chr19	552650	rs7247601
chr19	552689	rs12459759
chr19	554919	rs12611042
chr19	556632	rs4919850
chr19	562530	rs4919852
chr19	571511	rs28915396
chr19	571889	rs28915398
chr19	572004	rs28915400
chr19	575255	rs10412522
chr19	575805	rs2238540
chr19	575921	rs28921977
chr19	575942	rs12979852
chr19	575964	rs2238542
chr19	578208	rs2283570
chr19	579100	rs2283573
chr19	580012	rs28992471
chr19	582253	rs4919862
chr19	582505	rs2072309
chr19	583268	rs13676
chr19	583418	rs6757
chr19	583460	rs6758
chr19	585805	rs7254543
chr19	588305	rs873634
chr19	588516	rs10422590
chr19	588860	rs3814895
chr19	593018	rs12977194
chr19	593319	rs11883347
chr19	594599	rs3852908
chr19	605985	rs7255568
chr19	606473	rs4591280
chr19	607319	rs34167478
chr19	610847	rs11085143
chr19	611373	rs11085144
chr19	612234	rs10403485
chr19	614538	rs28631088
chr19	614967	rs11669519
chr19	618159	rs11672829
chr19	619408	rs10853989
chr19	619574	rs10853990
chr19	619913	rs2074548
chr19	623003	rs2017580
chr19	623729	rs2238550
chr19	628181	rs10419855
chr19	629303	rs2283575
chr19	630833	rs11669897
chr19	633618	rs9304925
chr19	634095	rs12610384
chr19	638399	rs10408377
chr19	638853	rs3814892
chr19	641215	rs7246140
chr19	645780	rs4919877
chr19	646151	rs12977551
chr19	646900	rs7249518
chr19	647039	rs2074460
chr19	647251	rs757331
chr19	650931	rs2040738
chr19	651852	rs2285751
chr19	652238	rs11554788
chr19	655608	rs6510868
chr19	656701	rs4919881
chr19	656990	rs28418740
chr19	657666	rs3787004
chr19	660913	rs1009629
chr19	661080	rs3787011
chr19	661781	rs3787012
chr19	663929	rs916904
chr19	665186	rs17604088
chr19	667118	rs17672806
chr19	670828	rs10411991
chr19	675106	rs2301741
chr19	675513	rs2301742
chr19	681193	rs28364866
chr19	682010	rs13730
chr19	683221	rs1046253
chr19	683719	rs2057714
chr19	686181	rs12611332
chr19	686574	rs10439151
chr19	687835	rs7359958
chr19	689004	rs12609586
chr19	690369	rs8100278
chr19	690383	rs8105261
chr19	691025	rs8108922
chr19	691909	rs4375794
chr19	696905	rs12975365
chr19	697514	rs4372812
chr19	699109	rs7247331
chr19	699532	rs7259874
chr19	702424	rs4919885
chr19	704761	rs1860315
chr19	717664	rs2238553
chr19	723205	rs8105822
chr19	725939	rs3787017
chr19	726098	rs3787018
chr19	726200	rs10408458
chr19	730030	rs3787019
chr19	730052	rs3787020
chr19	730235	rs1009691
chr19	730297	rs1009690
chr19	731144	rs1050457
chr19	731384	rs11670501
chr19	734851	rs757162
chr19	741758	rs17684039
chr19	743589	rs12460197
chr19	745344	rs10413116
chr19	746206	rs2384776
chr19	750173	rs8104762
chr19	750583	rs12459842
chr19	751553	rs13345388
chr19	752878	rs11882442
chr19	753990	rs8112692
chr19	756179	rs7255965
chr19	756985	rs8110536
chr19	757412	rs3746173
chr19	763952	rs2285696
chr19	764389	rs6510945
chr19	765374	rs11882707
chr19	765568	rs7247458
chr19	766103	rs7251106
chr19	773437	rs4536588
chr19	776648	rs6510967
chr19	782854	rs7260202
chr19	788074	rs8102628
chr19	789890	rs351967
chr19	797079	rs351974
chr19	799770	rs11085226
chr19	801381	rs736926
chr19	803086	rs351986
chr19	803945	rs10420407
chr19	804013	rs351982
chr19	804396	rs3180287
chr19	814023	rs351991
chr19	814907	rs1540615
chr19	817708	rs7250902
chr19	821086	rs351102
chr19	823550	rs602186
chr19	824168	rs4807059
chr19	827655	rs606119
chr19	827975	rs649411
chr19	829408	rs687077
chr19	829568	rs12460890
chr19	830854	rs595844
chr19	839158	rs12052108
chr19	840477	rs4807930
chr19	840984	rs2074639
chr19	841398	rs2066983
chr19	844020	rs351111
chr19	846716	rs4807931
chr19	848798	rs10424470
chr19	850023	rs3761008
chr19	850574	rs3761007
chr19	852104	rs740021
chr19	855587	rs17223045
chr19	859214	rs1683564
chr19	862912	rs3826945
chr19	864120	rs12985692
chr19	865406	rs17684161
chr19	865835	rs1651896
chr19	866018	rs1651895
chr19	867735	rs1683593
chr19	868115	rs13090
chr19	869037	rs1683591
chr19	869496	rs1683590
chr19	871447	rs1683570
chr19	875389	rs11546307
chr19	876604	rs2241623
chr19	880602	rs1683565
chr19	881161	rs2930894
chr19	881413	rs2365702
chr19	885818	rs1060442
chr19	888663	rs2930905
chr19	890844	rs2965292
chr19	896244	rs2965287
chr19	898968	rs2930884
chr19	899444	rs2965284
chr19	899978	rs2306718
chr19	902247	rs1471815
chr19	903025	rs2965299
chr19	903120	rs7508374
chr19	904528	rs2965295
chr19	906633	rs8112519
chr19	907673	rs10425660
chr19	908274	rs8110921
chr19	908998	rs11881003
chr19	910742	rs168405
chr19	916737	rs184749
chr19	917526	rs10407968
chr19	917874	rs350129
chr19	921815	rs35940485
chr19	923744	rs350134
chr19	924362	rs350137
chr19	924775	rs350140
chr19	928073	rs350143
chr19	929257	rs187048
chr19	931523	rs350146
chr19	932377	rs732139
chr19	934022	rs350152
chr19	939673	rs758207
chr19	939697	rs10414193
chr19	941603	rs10415976
chr19	945013	rs2238573
chr19	945089	rs2238574
chr19	948358	rs2238576
chr19	954701	rs349311
chr19	955552	rs349312
chr19	955577	rs349313
chr19	957244	rs4807307
chr19	957385	rs1683583
chr19	957447	rs12976695
chr19	960445	rs1637995
chr19	962161	rs2238585
chr19	962875	rs4806872
chr19	963334	rs758218
chr19	963695	rs6510985
chr19	964434	rs2240615
chr19	965043	rs12608658
chr19	966693	rs6510986
chr19	967584	rs2098019
chr19	968851	rs12232842
chr19	971933	rs1051504
chr19	972248	rs1548666
chr19	974967	rs1056144
chr19	975387	rs11085230
chr19	984533	rs2301810
chr19	985815	rs2074573
chr19	986825	rs10405599
chr19	987051	rs10404706
chr19	987533	rs2285896
chr19	988136	rs7249037
chr19	988175	rs2285899
chr19	988261	rs2285901
chr19	989730	rs2240147
chr19	990281	rs2158367
chr19	992903	rs2240152
chr19	995283	rs10425117
chr19	995944	rs7248806
chr19	996550	rs7246039
chr19	997822	rs4807387
chr19	998127	rs8110452
chr19	999674	rs11670014
chr19	1002848	rs4807395
chr19	1003173	rs2240154
chr19	1004824	rs4806908
chr19	1005231	rs2240158
chr19	1006769	rs739883
chr19	1006926	rs7251496
chr19	1007354	rs11085233
chr19	1010023	rs13627
chr19	1013022	rs970101
chr19	1013149	rs3815170
chr19	1013635	rs12710103
chr19	1014378	rs1058506
chr19	1014399	rs7146
chr19	1014713	rs2240164
chr19	1017058	rs2189526
chr19	1018319	rs739884
chr19	1018542	rs2240167
chr19	1022782	rs11085234
chr19	1026478	rs4807440
chr19	1027344	rs12980370
chr19	1027798	rs7253254
chr19	1029993	rs8109756
chr19	1030767	rs10419072
chr19	1031213	rs7247087
chr19	1038446	rs10419707
chr19	1039445	rs3795065
chr19	1041165	rs3752228
chr19	1041353	rs3752229
chr19	1043749	rs3752232
chr19	1044713	rs3764647
chr19	1046521	rs3764650
chr19	1047162	rs3752237
chr19	1049013	rs4147912
chr19	1051215	rs3752240
chr19	1053300	rs3829687
chr19	1054061	rs3752243
chr19	1057138	rs4147916
chr19	1058177	rs4147918
chr19	1059005	rs2279796
chr19	1064486	rs4147932
chr19	1065678	rs4147937
chr19	1065946	rs2242436
chr19	1066739	rs4147940
chr19	1068739	rs1801284
chr19	1070992	rs10421359
chr19	1073074	rs2072102
chr19	1075980	rs757232
chr19	1076064	rs2269848
chr19	1077702	rs8105082
chr19	1077986	rs7251797
chr19	1086044	rs3761026
chr19	1086788	rs1109555
chr19	1088286	rs6843
chr19	1090804	rs3787016
chr19	1093980	rs4921
chr19	1095062	rs2074445
chr19	1095152	rs10416031
chr19	1095515	rs1046040
chr19	1095582	rs2074447
chr19	1095717	rs11084882
chr19	1098248	rs11084883
chr19	1099702	rs4239605
chr19	1101993	rs757228
chr19	1102212	rs3746165
chr19	1103466	rs8103188
chr19	1104079	rs4807542
chr19	1106616	rs713041
chr19	1107036	rs2074451
chr19	1107161	rs2074452
chr19	1110830	rs2302109
chr19	1116118	rs2072283
chr19	1119020	rs2074920
chr19	1120330	rs8100067
chr19	1122148	rs2072280
chr19	1123379	rs4807569
chr19	1124032	rs2024092
chr19	1124836	rs740495
chr19	1124872	rs740496
chr19	1127721	rs2074916
chr19	1127877	rs2074918
chr19	1130987	rs10413074
chr19	1135486	rs11880562
chr19	1146101	rs11667680
chr19	1163935	rs10853952
chr19	1165553	rs35405743
chr19	1166750	rs12459067
chr19	1170446	rs4807630
chr19	1171021	rs4807632
chr19	1174603	rs873074
chr19	1175397	rs873289
chr19	1182416	rs11882232
chr19	1185925	rs11878692
chr19	1189483	rs9304882
chr19	1192770	rs7252565
chr19	1199677	rs35576999
chr19	1199816	rs12973549
chr19	1200714	rs10411982
chr19	1207239	rs3764640
chr19	1207281	rs3764641
chr19	1208073	rs7256801
chr19	1208290	rs1978728
chr19	1218220	rs6510599
chr19	1220005	rs35369365
chr19	1221162	rs9282860
chr19	1226005	rs12977689
chr19	1232559	rs12977299
chr19	1233682	rs3746103
chr19	1238900	rs2301759
chr19	1244901	rs1076230
chr19	1245701	rs8113509
chr19	1246369	rs12981523
chr19	1250110	rs3746106
chr19	1251782	rs2285811
chr19	1262979	rs10422807
chr19	1263300	rs968698
chr19	1266335	rs4807809
chr19	1268179	rs12975875
chr19	1268995	rs12980707
chr19	1271275	rs12609287
chr19	1271530	rs4807050
chr19	1272041	rs12488
chr19	1275089	rs7257836
chr19	1283189	rs12609120
chr19	1283758	rs2379239
chr19	1287388	rs10417091
chr19	1290236	rs11878651
chr19	1294820	rs28678336
chr19	1297503	rs10424501
chr19	1302266	rs1558130
chr19	1302966	rs1558133
chr19	1308058	rs1558134
chr19	1309648	rs8110307
chr19	1310137	rs10423270
chr19	1312729	rs10405308
chr19	1313764	rs10414354
chr19	1325151	rs4807862
chr19	1329640	rs9749349
chr19	1339059	rs10402248
chr19	1340061	rs12052097
chr19	1341510	rs12327760
chr19	1348165	rs7260480
chr19	1348185	rs7260486
chr19	1351917	rs11670805
chr19	1357083	rs713042
chr19	1357497	rs1048909
chr19	1358727	rs2285972
chr19	1360083	rs8109377
chr19	1360576	rs3826942
chr19	1364307	rs17673260
chr19	1366546	rs2240241
chr19	1366995	rs2668419
chr19	1367227	rs11668809
chr19	1368399	rs2526136
chr19	1370527	rs2668423
chr19	1371355	rs2668424
chr19	1372442	rs7256029
chr19	1374642	rs6510605
chr19	1376724	rs266805
chr19	1383650	rs3848638
chr19	1384247	rs11668291
chr19	1384691	rs2332496
chr19	1388321	rs7254913
chr19	1388539	rs1142530
chr19	1389518	rs11666067
chr19	1390758	rs2074895
chr19	1391060	rs2074896
chr19	1391236	rs2074897
chr19	1391362	rs2074898
chr19	1396162	rs3888624
chr19	1397083	rs266810
chr19	1397208	rs659460
chr19	1400867	rs3786974
chr19	1402998	rs3760991
chr19	1408890	rs7251282
chr19	1410494	rs265271
chr19	1412986	rs3893252
chr19	1413575	rs3786978
chr19	1415702	rs3786981
chr19	1415876	rs3786982
chr19	1422300	rs2271055
chr19	1424889	rs698748
chr19	1425449	rs11666805
chr19	1427261	rs3786983
chr19	1427369	rs3786984
chr19	1430444	rs2292457
chr19	1434136	rs7251937
chr19	1435772	rs3760994
chr19	1436875	rs3760995
chr19	1442713	rs7249187
chr19	1444420	rs12977033
chr19	1448181	rs4807928
chr19	1450404	rs10422038
chr19	1451255	rs8100004
chr19	1451271	rs8100440
chr19	1451275	rs8100017
chr19	1451401	rs8100242
chr19	1451743	rs8113781
chr19	1454970	rs2656867
chr19	1456545	rs2656869
chr19	1457371	rs3894776
chr19	1457552	rs3892855
chr19	1457876	rs12005
chr19	1460836	rs34073024
chr19	1473345	rs11878689
chr19	1475392	rs166451
chr19	1476333	rs28636932
chr19	1476433	rs2456163
chr19	1481219	rs28658577
chr19	1481482	rs1047854
chr19	1488148	rs4807120
chr19	1489818	rs12972390
chr19	1490704	rs791470
chr19	1494454	rs2656885
chr19	1495278	rs12459408
chr19	1495635	rs2277748
chr19	1497061	rs2244794
chr19	1497122	rs2244801
chr19	1503965	rs171948
chr19	1504619	rs265301
chr19	1505875	rs197198
chr19	1507536	rs791461
chr19	1508739	rs265296
chr19	1512964	rs7258839
chr19	1516998	rs8104249
chr19	1517293	rs6510612
chr19	1518202	rs2656851
chr19	1520583	rs2332497
chr19	1525308	rs2292449
chr19	1525886	rs8101420
chr19	1526471	rs2292453
chr19	1526540	rs2256653
chr19	1526614	rs2292455
chr19	1530061	rs2656865
chr19	1533738	rs10853953
chr19	1535946	rs11084901
chr19	1537468	rs1875960
chr19	1538108	rs11878864
chr19	1539002	rs2668432
chr19	1539783	rs11883248
chr19	1540507	rs2668433
chr19	1546181	rs10402423
chr19	1546212	rs10405028
chr19	1550651	rs4807121
chr19	1580190	rs2238591
chr19	1580335	rs7252741
chr19	1586218	rs4807934
chr19	1586275	rs4807122
chr19	1589065	rs8110543
chr19	1593541	rs11668862
chr19	1600036	rs887390
chr19	1603258	rs34770195
chr19	1609670	rs1052918
chr19	1614821	rs10415670
chr19	1615797	rs2074888
chr19	1622785	rs2240591
chr19	1630342	rs2012125
chr19	1634596	rs740436
chr19	1638920	rs10409667
chr19	1641899	rs8108123
chr19	1642508	rs4807942
chr19	1642782	rs4807944
chr19	1645680	rs7259305
chr19	1646713	rs4807125
chr19	1649364	rs6510615
chr19	1650135	rs1860661
chr19	1657282	rs1541499
chr19	1668162	rs758869
chr19	1673510	rs4807948
chr19	1673794	rs12460684
chr19	1676842	rs11672429
chr19	1681481	rs10416642
chr19	1682777	rs7351116
chr19	1684138	rs4392177
chr19	1685553	rs7258039
chr19	1689172	rs8108653
chr19	1690896	rs8107350
chr19	1691726	rs10405317
chr19	1695177	rs11084906
chr19	1697634	rs9676750
chr19	1699147	rs8099993
chr19	1707527	rs1024625
chr19	1709659	rs11882217
chr19	1712899	rs2041218
chr19	1714394	rs12608909
chr19	1716866	rs11878765
chr19	1720333	rs4807953
chr19	1723464	rs10413694
chr19	1723571	rs7250547
chr19	1726234	rs4807954
chr19	1728999	rs6510621
chr19	1735219	rs4411624
chr19	1744204	rs11666934
chr19	1745611	rs4807137
chr19	1765298	rs4426464
chr19	1766738	rs12978813
chr19	1773354	rs8108510
chr19	1774000	rs4807140
chr19	1781880	rs11084908
chr19	1782190	rs1054597
chr19	1782799	rs757528
chr19	1783147	rs16994559
chr19	1783262	rs2385387
chr19	1783795	rs6510624
chr19	1784212	rs7247364
chr19	1784891	rs3764605
chr19	1784945	rs3764606
chr19	1785186	rs16994563
chr19	1788248	rs12461977
chr19	1792191	rs2286004
chr19	1792998	rs8100003
chr19	1794258	rs8106290
chr19	1796167	rs8100856
chr19	1802434	rs10418344
chr19	1803583	rs7253430
chr19	1807019	rs17604735
chr19	1808684	rs7249302
chr19	1808864	rs10403288
chr19	1811131	rs4807143
chr19	1811604	rs7250872
chr19	1812522	rs10421558
chr19	1813208	rs7259484
chr19	1813806	rs4807144
chr19	1814744	rs11882337
chr19	1817867	rs2304612
chr19	1819126	rs2396359
chr19	1821638	rs4807145
chr19	1822669	rs2289286
chr19	1827566	rs10415018
chr19	1833339	rs732310
chr19	1837062	rs10422439
chr19	1839484	rs11667211
chr19	1843494	rs893539
chr19	1843627	rs893540
chr19	1847408	rs1609760
chr19	1847699	rs1609761
chr19	1848958	rs12460105
chr19	1851085	rs4807152
chr19	1856187	rs12974664
chr19	1858874	rs4807154
chr19	1859391	rs11084912
chr19	1864602	rs3810417
chr19	1867913	rs4806815
chr19	1873721	rs11084914
chr19	1882763	rs3810416
chr19	1883434	rs1610107
chr19	1883548	rs8111644
chr19	1883655	rs1610108
chr19	1884553	rs7246402
chr19	1897923	rs4807163
chr19	1901650	rs35684719
chr19	1904613	rs754799
chr19	1907480	rs2028261
chr19	1908424	rs10408061
chr19	1909479	rs8105923
chr19	1910107	rs7260336
chr19	1914796	rs11666645
chr19	1915373	rs2396361
chr19	1916393	rs8109179
chr19	1916451	rs8109669
chr19	1917926	rs10410479
chr19	1920290	rs4807168
chr19	1920343	rs4807169
chr19	1922600	rs11084919
chr19	1923585	rs12980570
chr19	1925390	rs6510629
chr19	1925943	rs8730
chr19	1925971	rs1061828
chr19	1926028	rs7259201
chr19	1927764	rs6510631
chr19	1929170	rs9989732
chr19	1932582	rs4807174
chr19	1932799	rs12459738
chr19	1933931	rs17684904
chr19	1936849	rs10412162
chr19	1937179	rs10500203
chr19	1943974	rs878439
chr19	1948702	rs11881644
chr19	1951552	rs12977433
chr19	1952091	rs4534977
chr19	1952587	rs11669357
chr19	1952842	rs2396366
chr19	1956036	rs4807179
chr19	1960032	rs12980679
chr19	1960928	rs10417677
chr19	1961475	rs2041120
chr19	1965836	rs4807180
chr19	1966233	rs4807182
chr19	1972215	rs10407789
chr19	1973733	rs4807185
chr19	1976641	rs4807189
chr19	1977429	rs740051
chr19	1978272	rs740423
chr19	1978834	rs2277737
chr19	1982000	rs7247847
chr19	1985392	rs3746060
chr19	1985527	rs3746062
chr19	1985913	rs3746063
chr19	1986456	rs7254820
chr19	1987280	rs11669527
chr19	1987838	rs8112570
chr19	1988445	rs12461737
chr19	1989481	rs12609309
chr19	1989868	rs7251590
chr19	1990310	rs4807191
chr19	1990680	rs4806826
chr19	1991397	rs11668090
chr19	1993445	rs3810414
chr19	1997364	rs1610045
chr19	1997730	rs2074625
chr19	1998287	rs7251550
chr19	1999339	rs881654
chr19	2001534	rs8110826
chr19	2003030	rs11084925
chr19	2012478	rs4405674
chr19	2013204	rs10421179
chr19	2014038	rs11670188
chr19	2021910	rs6510636
chr19	2028986	rs7257116
chr19	2030513	rs8107694
chr19	2032149	rs2395891
chr19	2034152	rs8108208
chr19	2044176	rs1599860
chr19	2047689	rs11665732
chr19	2048282	rs12610177
chr19	2048599	rs887932
chr19	2049315	rs880183
chr19	2050824	rs3746101
chr19	2057908	rs10416531
chr19	2058332	rs10416239
chr19	2059586	rs10404242
chr19	2061716	rs10414066
chr19	2064017	rs734931
chr19	2064620	rs2018771
chr19	2073355	rs2286364
chr19	2073467	rs758145
chr19	2078489	rs2074894
chr19	2080052	rs7256023
chr19	2097833	rs12104154
chr19	2097987	rs7250336
chr19	2098016	rs7253456
chr19	2099821	rs9967630
chr19	2100347	rs12609225
chr19	2103187	rs8106338
chr19	2103963	rs11671391
chr19	2106697	rs10413398
chr19	2109158	rs25673
chr19	2110747	rs20567
chr19	2113519	rs2240652
chr19	2115791	rs2240655
chr19	2120155	rs2385821
chr19	2123517	rs2072304
chr19	2128055	rs1017084
chr19	2129474	rs758287
chr19	2135784	rs2238595
chr19	2135821	rs2238596
chr19	2136516	rs2108825
chr19	2138508	rs12460763
chr19	2138655	rs25672
chr19	2140010	rs2238599
chr19	2141210	rs3786971
chr19	2145451	rs1859953
chr19	2145482	rs1859954
chr19	2146630	rs2238609
chr19	2149001	rs1106861
chr19	2158749	rs1074047
chr19	2160530	rs3803915
chr19	2164600	rs960491
chr19	2169122	rs7256735
chr19	2170765	rs2108524
chr19	2176587	rs12459350
chr19	2180516	rs3810409
chr19	2181608	rs12980348
chr19	2183176	rs2864419
chr19	2183463	rs4368272
chr19	2184006	rs12974139
chr19	2186238	rs886449
chr19	2190691	rs7248941
chr19	2194897	rs2269879
chr19	2196964	rs12973409
chr19	2197735	rs2240129
chr19	2199352	rs2074554
chr19	2201899	rs2240130
chr19	2204694	rs4807215
chr19	2206576	rs1003531
chr19	2207270	rs12983678
chr19	2208860	rs2301799
chr19	2211051	rs2301800
chr19	2214058	rs2074552
chr19	2221793	rs12462556
chr19	2224388	rs12459507
chr19	2232222	rs740406
chr19	2236638	rs7249204
chr19	2238668	rs7253181
chr19	2241328	rs733846
chr19	2242830	rs7249235
chr19	2244073	rs2074860
chr19	2244904	rs6510652
chr19	2246653	rs2074861
chr19	2248883	rs3761018
chr19	2249113	rs10406324
chr19	2249478	rs10407022
chr19	2250529	rs8112524
chr19	2253591	rs3746158
chr19	2258224	rs6510653
chr19	2259506	rs10415913
chr19	2260362	rs4806834
chr19	2268056	rs12985777
chr19	2274360	rs12985247
chr19	2274579	rs2523177
chr19	2275080	rs2523178
chr19	2282773	rs1476563
chr19	2283141	rs1476565
chr19	2283385	rs10420708
chr19	2285197	rs757233
chr19	2294280	rs8112989
chr19	2300887	rs6510657
chr19	2306576	rs8111911
chr19	2310757	rs16991095
chr19	2313801	rs4807223
chr19	2315388	rs4807225
chr19	2315741	rs8112783
chr19	2317667	rs730417
chr19	2318181	rs4807227
chr19	2319154	rs11084931
chr19	2321431	rs7251424
chr19	2325173	rs12983575
chr19	2326216	rs2270048
chr19	2328282	rs11666344
chr19	2329915	rs8106339
chr19	2331182	rs11882330
chr19	2336009	rs11878710
chr19	2336935	rs917339
chr19	2337287	rs3752203
chr19	2339514	rs11881121
chr19	2339950	rs3746285
chr19	2339959	rs1609752
chr19	2346732	rs7249727
chr19	2346884	rs12982784
chr19	2352079	rs12462821
chr19	2352641	rs2074546
chr19	2356477	rs12460552
chr19	2360856	rs757322
chr19	2369417	rs17763599
chr19	2372186	rs6510660
chr19	2372291	rs4806839
chr19	2372680	rs4806840
chr19	2389046	rs2894565
chr19	2392233	rs12610988
chr19	2396245	rs7252511
chr19	2398851	rs10407225
chr19	2403566	rs7248779
chr19	2405561	rs7254110
chr19	2405643	rs4807260
chr19	2409867	rs3848632
chr19	2410107	rs2396238
chr19	2410334	rs3848635
chr19	2410485	rs3848636
chr19	2410831	rs12609332
chr19	2412036	rs8112810
chr19	2412620	rs17763639
chr19	2413230	rs12610522
chr19	2415247	rs12463182
chr19	2415450	rs17763674
chr19	2416379	rs12462262
chr19	2418033	rs11084939
chr19	2420676	rs11881243
chr19	2422179	rs735911
chr19	2423441	rs8108768
chr19	2424940	rs7343178
chr19	2427817	rs4806847
chr19	2428255	rs1050009
chr19	2430234	rs743578
chr19	2431274	rs4807263
chr19	2432075	rs733820
chr19	2432557	rs736705
chr19	2432783	rs2007749
chr19	2433892	rs11084940
chr19	2435458	rs7257237
chr19	2438121	rs1865111
chr19	2439666	rs12462898
chr19	2441712	rs7260606
chr19	2444365	rs11668494
chr19	2447217	rs4806849
chr19	2447989	rs4807269
chr19	2451268	rs4806851
chr19	2452202	rs7253984
chr19	2458249	rs2893615
chr19	2463683	rs12609455
chr19	2465739	rs4453628
chr19	2466298	rs10415191
chr19	2466609	rs10413661
chr19	2475687	rs3729535
chr19	2477318	rs3783501
chr19	2480624	rs1548708
chr19	2483715	rs13345846
chr19	2483849	rs7249224
chr19	2484808	rs929461
chr19	2485658	rs11670333
chr19	2487860	rs4806857
chr19	2488174	rs10420027
chr19	2491588	rs4806858
chr19	2491660	rs10410637
chr19	2491936	rs2392644
chr19	2493813	rs4807284
chr19	2494247	rs11084942
chr19	2496664	rs2159168
chr19	2498449	rs887029
chr19	2500029	rs8113001
chr19	2500254	rs8100484
chr19	2503630	rs11084943
chr19	2505739	rs10416524
chr19	2505768	rs10417288
chr19	2507030	rs17755082
chr19	2510038	rs12459960
chr19	2512608	rs7258864
chr19	2512797	rs7248417
chr19	2512878	rs17755100
chr19	2514223	rs12974945
chr19	2514375	rs917415
chr19	2514567	rs3752174
chr19	2514734	rs17755118
chr19	2515876	rs12985186
chr19	2517877	rs7254861
chr19	2517969	rs7254976
chr19	2523662	rs4807287
chr19	2523783	rs4806862
chr19	2524687	rs4807291
chr19	2524927	rs8112435
chr19	2525807	rs4807292
chr19	2528707	rs887030
chr19	2529085	rs8102656
chr19	2532727	rs4806864
chr19	2533618	rs8111499
chr19	2534520	rs10414848
chr19	2534535	rs10414862
chr19	2534583	rs12462317
chr19	2538670	rs16989558
chr19	2542675	rs8113423
chr19	2547017	rs6510683
chr19	2549203	rs10425543
chr19	2550854	rs887270
chr19	2551472	rs7260635
chr19	2553604	rs17828251
chr19	2555863	rs4807295
chr19	2557612	rs1609707
chr19	2559843	rs2907334
chr19	2559934	rs2907335
chr19	2560425	rs765044
chr19	2565178	rs12975010
chr19	2565532	rs7246554
chr19	2566320	rs12976261
chr19	2569244	rs11671754
chr19	2569948	rs10416033
chr19	2572384	rs10418237
chr19	2572668	rs10416569
chr19	2573503	rs10425927
chr19	2573902	rs16991216
chr19	2573997	rs1860312
chr19	2576274	rs1029753
chr19	2578229	rs2907339
chr19	2580059	rs4334421
chr19	2582156	rs10424034
chr19	2585542	rs10423299
chr19	2587578	rs3936139
chr19	2591599	rs4807302
chr19	2591774	rs4807303
chr19	2591877	rs4806866
chr19	2601813	rs2965208
chr19	2605048	rs7250204
chr19	2608355	rs2873409
chr19	2610824	rs8104096
chr19	2617424	rs10411547
chr19	2619145	rs7257500
chr19	2621195	rs35150881
chr19	2627637	rs12462730
chr19	2629847	rs8101536
chr19	2635061	rs4806871
chr19	2642211	rs4074810
chr19	2646074	rs759065
chr19	2649220	rs9630890
chr19	2650036	rs11880582
chr19	2660941	rs11084951
chr19	2663851	rs2058459
chr19	2668613	rs2110119
chr19	2670295	rs1468703
chr19	2677014	rs6510696
chr19	2678888	rs8105469
chr19	2681087	rs2317323
chr19	2682751	rs8111268
chr19	2691262	rs10423135
chr19	2695709	rs2159917
chr19	2699587	rs10412559
chr19	2708339	rs4806873
chr19	2709347	rs8105695
chr19	2711415	rs2110120
chr19	2717882	rs7343093
chr19	2718398	rs12460199
chr19	2719369	rs6510698
chr19	2722548	rs12462143
chr19	2723385	rs11667297
chr19	2724538	rs10421147
chr19	2726201	rs10409851
chr19	2727157	rs12462311
chr19	2728579	rs759071
chr19	2728973	rs759072
chr19	2731529	rs10407667
chr19	2732988	rs759073
chr19	2738354	rs4806874
chr19	2739698	rs10415622
chr19	2740231	rs2302490
chr19	2746521	rs7257863
chr19	2748357	rs7252322
chr19	2748599	rs7252598
chr19	2753272	rs12608998
chr19	2753985	rs8105402
chr19	2754550	rs6510699
chr19	2754980	rs7008
chr19	2755341	rs2238614
chr19	2760718	rs12973643
chr19	2760880	rs1860938
chr19	2761360	rs3745814
chr19	2763491	rs12232867
chr19	2771643	rs741103
chr19	2774003	rs13347119
chr19	2775146	rs2110118
chr19	2775725	rs6510701
chr19	2777664	rs4807330
chr19	2779136	rs1640262
chr19	2781327	rs878893
chr19	2782370	rs1736188
chr19	2784680	rs1736192
chr19	2785378	rs2071015
chr19	2787331	rs941410
chr19	2790396	rs1736176
chr19	2792568	rs759068
chr19	2796023	rs1736180
chr19	2796199	rs2302495
chr19	2798688	rs1736182
chr19	2799981	rs1640271
chr19	2803229	rs1640273
chr19	2803582	rs2283598
chr19	2803625	rs941406
chr19	2806576	rs2537855
chr19	2809674	rs1736183
chr19	2812155	rs941407
chr19	2814183	rs941408
chr19	2816341	rs1736189
chr19	2821747	rs576804
chr19	2822047	rs1017103
chr19	2823271	rs6510704
chr19	2823695	rs10411766
chr19	2827302	rs2159561
chr19	2830346	rs8109470
chr19	2833433	rs885704
chr19	2833564	rs17685286
chr19	2833578	rs8107668
chr19	2833619	rs8107771
chr19	2833804	rs867168
chr19	2833866	rs867169
chr19	2834810	rs8102063
chr19	2836662	rs1029845
chr19	2840456	rs8100988
chr19	2843535	rs1610062
chr19	2846085	rs2079882
chr19	2846559	rs4806877
chr19	2846784	rs4806878
chr19	2848950	rs7250338
chr19	2853568	rs10412087
chr19	2857151	rs11084962
chr19	2857241	rs4806880
chr19	2857289	rs4807347
chr19	2857592	rs1054638
chr19	2860168	rs10418996
chr19	2862787	rs887500
chr19	2862808	rs887502
chr19	2863879	rs1883037
chr19	2867585	rs8104536
chr19	2868273	rs550535
chr19	2873325	rs1558360
chr19	2873441	rs9304900
chr19	2877367	rs10421121
chr19	2884518	rs2058324
chr19	2886746	rs2317031
chr19	2888244	rs7507593
chr19	2889168	rs7507968
chr19	2896820	rs8100809
chr19	2897135	rs8103080
chr19	2897883	rs10853962
chr19	2899927	rs4807357
chr19	2900520	rs4807358
chr19	2902421	rs4806887
chr19	2905117	rs12976507
chr19	2905915	rs11084971
chr19	2906477	rs3855680
chr19	2906558	rs4807359
chr19	2907652	rs7254653
chr19	2909035	rs10853963
chr19	2917289	rs2288958
chr19	2917614	rs10410539
chr19	2921010	rs8108501
chr19	2922095	rs10426690
chr19	2923265	rs4807364
chr19	2933183	rs8110129
chr19	2933285	rs8107324
chr19	2933482	rs3786948
chr19	2934284	rs3746073
chr19	2934521	rs10423550
chr19	2936445	rs7251272
chr19	2936625	rs4807371
chr19	2937669	rs4807373
chr19	2938122	rs11665830
chr19	2939398	rs12609268
chr19	2947154	rs4806891
chr19	2950609	rs10411527
chr19	2953089	rs11666431
chr19	2953811	rs11666694
chr19	2962277	rs8111642
chr19	2968159	rs12972823
chr19	2976116	rs2052120
chr19	2976726	rs11667371
chr19	2976913	rs2277738
chr19	2977809	rs488211
chr19	2980271	rs4807380
chr19	2984462	rs522982
chr19	2989699	rs6510730
chr19	2991816	rs428113
chr19	2993429	rs435806
chr19	2996016	rs493839
chr19	2996341	rs390258
chr19	2996485	rs423232
chr19	2996891	rs4806893
chr19	2997792	rs14089
chr19	2997899	rs11150
chr19	3004794	rs216276
chr19	3006276	rs83488
chr19	3007700	rs216283
chr19	3009222	rs11084990
chr19	3009790	rs216284
chr19	3010650	rs10408740
chr19	3010805	rs11665900
chr19	3013376	rs3760961
chr19	3013618	rs216271
chr19	3014275	rs11667215
chr19	3015483	rs12984707
chr19	3020693	rs7249809
chr19	3023672	rs2116964
chr19	3024626	rs10412849
chr19	3030170	rs1688128
chr19	3034079	rs1654678
chr19	3036352	rs10417381
chr19	3037789	rs1688114
chr19	3041702	rs306045
chr19	3042736	rs11084993
chr19	3053328	rs415945
chr19	3053576	rs7938
chr19	3053660	rs9294
chr19	3054532	rs444949
chr19	3054569	rs4807391
chr19	3054701	rs445208
chr19	3055309	rs2277741
chr19	3057230	rs307716
chr19	3058023	rs307717
chr19	3059596	rs307718
chr19	3063411	rs367825
chr19	3068452	rs10413635
chr19	3072861	rs12461372
chr19	3076810	rs307712
chr19	3078396	rs8109448
chr19	3084946	rs11880963
chr19	3093165	rs4806907
chr19	3095929	rs308039
chr19	3096790	rs1104737
chr19	3098247	rs308037
chr19	3099031	rs308036
chr19	3099984	rs308033
chr19	3104631	rs308052
chr19	3104654	rs2238625
chr19	3105989	rs308054
chr19	3109760	rs308060
chr19	3112006	rs308062
chr19	3112025	rs308063
chr19	3113905	rs411386
chr19	3114231	rs3786947
chr19	3114866	rs3746069
chr19	3116727	rs308049
chr19	3123115	rs415647
chr19	3123171	rs397454
chr19	3123637	rs8092
chr19	3126334	rs1688123
chr19	3129371	rs4807405
chr19	3132016	rs310690
chr19	3132907	rs12459355
chr19	3133855	rs310686
chr19	3136847	rs1465245
chr19	3136964	rs399204
chr19	3143071	rs1688124
chr19	3143285	rs399725
chr19	3145889	rs12461827
chr19	3152300	rs310678
chr19	3152984	rs2238628
chr19	3155738	rs2074864
chr19	3155904	rs2074865
chr19	3158500	rs1614080
chr19	3159771	rs11880198
chr19	3160387	rs17347521
chr19	3162074	rs12610831
chr19	3162911	rs1637656
chr19	3165714	rs1637660
chr19	3165897	rs1682809
chr19	3177281	rs567806
chr19	3178374	rs3786944
chr19	3179886	rs3746072
chr19	3180772	rs311630
chr19	3181068	rs3746070
chr19	3184085	rs562257
chr19	3185079	rs732137
chr19	3185555	rs507872
chr19	3185565	rs507905
chr19	3187432	rs566581
chr19	3188129	rs573104
chr19	3189280	rs12459551
chr19	3191606	rs550581
chr19	3196669	rs311617
chr19	3198757	rs2304247
chr19	3198779	rs311621
chr19	3200792	rs311622
chr19	3201697	rs311625
chr19	3201736	rs2304250
chr19	3206237	rs482758
chr19	3207340	rs312068
chr19	3207424	rs3816054
chr19	3207648	rs2288949
chr19	3208829	rs312073
chr19	3209485	rs4594
chr19	3209663	rs122690
chr19	3209679	rs122691
chr19	3211223	rs312077
chr19	3214935	rs17674281
chr19	3215239	rs11085004
chr19	3216948	rs368975
chr19	3222858	rs426633
chr19	3227104	rs312058
chr19	3229226	rs4807425
chr19	3235190	rs4807426
chr19	3239744	rs312054
chr19	3245940	rs4807431
chr19	3251221	rs17764205
chr19	3252865	rs12610898
chr19	3253632	rs10424718
chr19	3253930	rs8112130
chr19	3256208	rs10401648
chr19	3256486	rs10421936
chr19	3256523	rs10422137
chr19	3259056	rs4807434
chr19	3261997	rs17696630
chr19	3268724	rs312934
chr19	3268787	rs312933
chr19	3273190	rs312929
chr19	3275317	rs312926
chr19	3277096	rs2315915
chr19	3278208	rs11879556
chr19	3281151	rs368475
chr19	3281588	rs7257762
chr19	3284502	rs1864226
chr19	3293595	rs313784
chr19	3294080	rs17674346
chr19	3294281	rs891207
chr19	3294322	rs2278292
chr19	3299484	rs7252291
chr19	3300341	rs453679
chr19	3308078	rs418886
chr19	3309023	rs4807437
chr19	3311832	rs8111488
chr19	3315720	rs313776
chr19	3318512	rs11669592
chr19	3319783	rs11666685
chr19	3321818	rs10445612
chr19	3323422	rs4807441
chr19	3328736	rs7247434
chr19	3329811	rs28859095
chr19	3336541	rs918171
chr19	3342308	rs10405694
chr19	3344479	rs7359943
chr19	3348271	rs11085013
chr19	3351892	rs759635
chr19	3354958	rs4807451
chr19	3355568	rs2392648
chr19	3357782	rs10402236
chr19	3358323	rs11670745
chr19	3361997	rs10409042
chr19	3365585	rs3810420
chr19	3365641	rs3810421
chr19	3367747	rs740521
chr19	3370113	rs3764591
chr19	3372516	rs11085016
chr19	3374122	rs12151209
chr19	3374704	rs718202
chr19	3379048	rs10422402
chr19	3382276	rs2074944
chr19	3388248	rs10403546
chr19	3389273	rs11670339
chr19	3390056	rs4806927
chr19	3391885	rs12610284
chr19	3397433	rs4806928
chr19	3403006	rs3859564
chr19	3403233	rs3922397
chr19	3405428	rs8111211
chr19	3409058	rs7255927
chr19	3411222	rs7257291
chr19	3411648	rs12981408
chr19	3412037	rs758504
chr19	3412059	rs12982509
chr19	3414090	rs12975319
chr19	3415708	rs2024162
chr19	3418558	rs10424563
chr19	3418991	rs7257848
chr19	3419948	rs7246522
chr19	3429939	rs11671513
chr19	3432254	rs4806934
chr19	3434030	rs2074977
chr19	3434226	rs2302219
chr19	3441387	rs8110742
chr19	3445723	rs10401784
chr19	3446109	rs11085020
chr19	3448696	rs4807471
chr19	3450671	rs7257056
chr19	3452639	rs1060363
chr19	3453085	rs10421059
chr19	3454019	rs7259563
chr19	3462576	rs10410814
chr19	3464525	rs6510757
chr19	3468505	rs4807475
chr19	3470864	rs4807476
chr19	3471277	rs740568
chr19	3481215	rs10421472
chr19	3481580	rs1860192
chr19	3487329	rs4614855
chr19	3487535	rs4806939
chr19	3488182	rs7255097
chr19	3488289	rs10421781
chr19	3490162	rs10402738
chr19	3490910	rs1051803
chr19	3490953	rs2286440
chr19	3491370	rs10126
chr19	3493333	rs4807477
chr19	3508501	rs8103489
chr19	3510007	rs4807483
chr19	3511711	rs11672955
chr19	3520564	rs3760999
chr19	3522134	rs10417370
chr19	3524313	rs4807485
chr19	3526701	rs2286545
chr19	3527112	rs10420193
chr19	3533805	rs740683
chr19	3534844	rs10155
chr19	3535584	rs8109960
chr19	3539490	rs7253540
chr19	3542985	rs12608592
chr19	3543111	rs7248491
chr19	3543642	rs6510758
chr19	3544178	rs10415404
chr19	3544727	rs7252640
chr19	3544973	rs12976454
chr19	3545852	rs10424296
chr19	3545884	rs17674497
chr19	3546187	rs878493
chr19	3548233	rs2240751
chr19	3552095	rs2240754
chr19	3554785	rs1715093
chr19	3565359	rs7246261
chr19	3565911	rs6510761
chr19	3571448	rs11085023
chr19	3578655	rs939209
chr19	3578775	rs13269
chr19	3579483	rs12460403
chr19	3580791	rs7249583
chr19	3582529	rs8111412
chr19	3586473	rs8100350
chr19	3586545	rs8113232
chr19	3590336	rs17348907
chr19	3591592	rs2108389
chr19	3592135	rs16991953
chr19	3592173	rs8105780
chr19	3592732	rs10410258
chr19	3595524	rs13306046
chr19	3604267	rs2238630
chr19	3604301	rs2238631
chr19	3607683	rs4807491
chr19	3609007	rs10853966
chr19	3610190	rs1476705
chr19	3610778	rs1476707
chr19	3611974	rs2158935
chr19	3614138	rs2074791
chr19	3615166	rs768962
chr19	3615467	rs768965
chr19	3618930	rs3746125
chr19	3621722	rs2240505
chr19	3622537	rs4807492
chr19	3623536	rs7253265
chr19	3624840	rs11085029
chr19	3626924	rs2271875
chr19	3631038	rs4807493
chr19	3632597	rs3746124
chr19	3634021	rs10405681
chr19	3637397	rs10408855
chr19	3638858	rs2286435
chr19	3643095	rs1004323
chr19	3645949	rs12460780
chr19	3646644	rs2270083
chr19	3652412	rs7247419
chr19	3653527	rs2074957
chr19	3656654	rs10432303
chr19	3657802	rs4807496
chr19	3658286	rs10432299
chr19	3659874	rs2001905
chr19	3660621	rs757454
chr19	3660946	rs3826944
chr19	3664096	rs8109485
chr19	3675727	rs16991994
chr19	3676509	rs11672559
chr19	3679742	rs1476592
chr19	3685118	rs10419980
chr19	3690091	rs11668165
chr19	3698335	rs740873
chr19	3698844	rs4432372
chr19	3705662	rs11668329
chr19	3708638	rs611481
chr19	3709741	rs626783
chr19	3710533	rs516423
chr19	3728611	rs2067019
chr19	3729044	rs1985358
chr19	3730043	rs7258176
chr19	3731785	rs8101530
chr19	3731849	rs1879039
chr19	3731987	rs1879040
chr19	3733653	rs2302304
chr19	3737243	rs487980
chr19	3738651	rs599587
chr19	3739675	rs7252434
chr19	3740660	rs10416362
chr19	3745548	rs475112
chr19	3746089	rs501168
chr19	3746209	rs624300
chr19	3750617	rs1046268
chr19	3750624	rs1046271
chr19	3750692	rs1046278
chr19	3750871	rs4807505
chr19	3753771	rs3746120
chr19	3757015	rs17674772
chr19	3757411	rs11668141
chr19	3762121	rs12459781
chr19	3762500	rs3746118
chr19	3762700	rs13960
chr19	3766722	rs4807508
chr19	3769051	rs8102902
chr19	3769472	rs1860322
chr19	3769836	rs917546
chr19	3772327	rs10419790
chr19	3774241	rs7247820
chr19	3779936	rs12610723
chr19	3781046	rs7251543
chr19	3783072	rs3746115
chr19	3791830	rs12463233
chr19	3792247	rs4807510
chr19	3792366	rs4807511
chr19	3796851	rs2052059
chr19	3797614	rs17447618
chr19	3804703	rs4806954
chr19	3806839	rs2285957
chr19	3808565	rs12459383
chr19	3811152	rs11671413
chr19	3814394	rs4807514
chr19	3817896	rs1106643
chr19	3820193	rs2301843
chr19	3825036	rs12611253
chr19	3828435	rs8110279
chr19	3831527	rs2240233
chr19	3831711	rs2240234
chr19	3831767	rs2240235
chr19	3834250	rs10401421
chr19	3835179	rs757437
chr19	3835260	rs739935
chr19	3841053	rs6510774
chr19	3842329	rs4239603
chr19	3851346	rs7256835
chr19	3851624	rs7255802
chr19	3855479	rs17810048
chr19	3855979	rs11670741
chr19	3856658	rs4807521
chr19	3865810	rs8110572
chr19	3866514	rs12984689
chr19	3866721	rs2060249
chr19	3866927	rs12979239
chr19	3874606	rs10401177
chr19	3877751	rs8110283
chr19	3878897	rs4806961
chr19	3879035	rs4806962
chr19	3880579	rs747833
chr19	3889887	rs10420284
chr19	3890643	rs11085044
chr19	3893995	rs11881836
chr19	3898127	rs12462810
chr19	3901545	rs16992116
chr19	3903006	rs8107133
chr19	3904654	rs7258781
chr19	3908041	rs3810374
chr19	3910935	rs4807527
chr19	3912905	rs7508194
chr19	3918049	rs8102566
chr19	3918723	rs11667520
chr19	3920752	rs10420591
chr19	3927773	rs10412199
chr19	3928371	rs4807532
chr19	3930876	rs4807534
chr19	3931179	rs4807535
chr19	3933234	rs2304191
chr19	3938784	rs12459191
chr19	3944242	rs10406174
chr19	3952063	rs12972255
chr19	3958399	rs7255123
chr19	3962371	rs10426955
chr19	3966522	rs1008128
chr19	3968607	rs1008076
chr19	3970437	rs3760895
chr19	3974967	rs745414
chr19	3976323	rs3170368
chr19	3977488	rs36527
chr19	3979374	rs2305111
chr19	3979410	rs36526
chr19	3980369	rs17606942
chr19	3982969	rs2230561
chr19	3983304	rs2305107
chr19	3984414	rs12975326
chr19	3990293	rs737204
chr19	4007082	rs735842
chr19	4011267	rs3760903
chr19	4013324	rs2289865
chr19	4013391	rs7257356
chr19	4020372	rs12982708
chr19	4024022	rs2028827
chr19	4024808	rs10415590
chr19	4028069	rs4520954
chr19	4028785	rs2289863
chr19	4031812	rs2379623
chr19	4033303	rs895332
chr19	4033720	rs1545347
chr19	4040307	rs10402864
chr19	4040581	rs7248231
chr19	4040595	rs12608562
chr19	4042925	rs2121137
chr19	4053015	rs7245642
chr19	4060224	rs895331
chr19	4061192	rs10414261
chr19	4063069	rs350841
chr19	4069121	rs7254272
chr19	4069428	rs350832
chr19	4074699	rs11880023
chr19	4077098	rs7251928
chr19	4086809	rs350818
chr19	4090115	rs350886
chr19	4094777	rs350916
chr19	4098778	rs350912
chr19	4098949	rs1979013
chr19	4100662	rs350910
chr19	4112897	rs350897
chr19	4112990	rs350896
chr19	4115686	rs4525614
chr19	4115995	rs1823059
chr19	4116654	rs350892
chr19	4117292	rs350891
chr19	4117707	rs350890
chr19	4118873	rs12459940
chr19	4119014	rs350887
chr19	4139852	rs164632
chr19	4140566	rs350825
chr19	4141212	rs350824
chr19	4147448	rs350885
chr19	4153403	rs350880
chr19	4153662	rs350879
chr19	4156844	rs350872
chr19	4156884	rs350871
chr19	4159876	rs2240702
chr19	4164477	rs16992288
chr19	4170001	rs350852
chr19	4173640	rs11878868
chr19	4176088	rs107251
chr19	4177054	rs350844
chr19	4180839	rs352493
chr19	4182063	rs4807546
chr19	4182942	rs3760905
chr19	4184515	rs3760908
chr19	4185617	rs352494
chr19	4186398	rs2159983
chr19	4190873	rs352500
chr19	4196017	rs8109965
chr19	4202796	rs7260407
chr19	4204639	rs10417405
chr19	4207943	rs2240669
chr19	4210359	rs12978469
chr19	4211259	rs10402917
chr19	4212348	rs10417017
chr19	4214470	rs8110516
chr19	4217210	rs353693
chr19	4232418	rs9807813
chr19	4236999	rs4740
chr19	4237070	rs4905
chr19	4243795	rs353694
chr19	4246696	rs11671900
chr19	4249036	rs7248755
chr19	4251072	rs1045750
chr19	4251370	rs4807550
chr19	4254311	rs11085067
chr19	4254378	rs11085068
chr19	4256922	rs4807555
chr19	4265945	rs1972635
chr19	4267515	rs7248124
chr19	4268344	rs4807563
chr19	4268405	rs4807564
chr19	4271625	rs16992341
chr19	4273634	rs7246722
chr19	4278505	rs4807567
chr19	4280189	rs10419363
chr19	4283062	rs2287714
chr19	4284600	rs2287713
chr19	4287380	rs8107226
chr19	4288187	rs2380178
chr19	4288208	rs888928
chr19	4288223	rs888929
chr19	4288335	rs888930
chr19	4288558	rs888931
chr19	4291116	rs8102933
chr19	4292600	rs888932
chr19	4297971	rs6510801
chr19	4301478	rs7253766
chr19	4301848	rs918484
chr19	4303167	rs6510803
chr19	4304501	rs11671916
chr19	4306314	rs4807578
chr19	4307681	rs4806979
chr19	4308101	rs11669091
chr19	4310330	rs11879976
chr19	4312106	rs3745989
chr19	4318368	rs3745990
chr19	4320221	rs11669913
chr19	4323574	rs1046580
chr19	4325330	rs10411394
chr19	4325436	rs1138253
chr19	4326242	rs8111858
chr19	4328047	rs11878837
chr19	4333714	rs7247504
chr19	4335559	rs11880223
chr19	4335872	rs4435380
chr19	4337028	rs35013670
chr19	4338304	rs4140985
chr19	4340458	rs34302459
chr19	4340745	rs12978346
chr19	4342733	rs3810368
chr19	4342850	rs3810367
chr19	4344622	rs28736724
chr19	4346351	rs8102860
chr19	4350314	rs7247827
chr19	4352397	rs12609239
chr19	4352962	rs11882587
chr19	4353177	rs11085070
chr19	4355303	rs2041775
chr19	4359528	rs12462529
chr19	4360546	rs7769
chr19	4363173	rs243260
chr19	4365400	rs107288
chr19	4366222	rs732716
chr19	4368145	rs11085072
chr19	4370488	rs243254
chr19	4374390	rs35188480
chr19	4375165	rs11085073
chr19	4375676	rs243401
chr19	4377975	rs243402
chr19	4379808	rs1882930
chr19	4383075	rs8104459
chr19	4383786	rs8104461
chr19	4384677	rs243404
chr19	4386355	rs11085074
chr19	4391337	rs243409
chr19	4393970	rs125717
chr19	4402020	rs243335
chr19	4403020	rs243338
chr19	4405109	rs243341
chr19	4406163	rs243342
chr19	4410928	rs16992381
chr19	4412109	rs243352
chr19	4412716	rs243354
chr19	4414597	rs105037
chr19	4414713	rs105038
chr19	4415455	rs243356
chr19	4417848	rs34080966
chr19	4423422	rs11668886
chr19	4424299	rs243365
chr19	4429158	rs243370
chr19	4431899	rs243371
chr19	4432976	rs243372
chr19	4433029	rs8112822
chr19	4436142	rs243373
chr19	4436637	rs243374
chr19	4439528	rs932276
chr19	4441957	rs7258012
chr19	4442339	rs9352
chr19	4442532	rs243382
chr19	4443002	rs243383
chr19	4443049	rs2992
chr19	4444859	rs2293930
chr19	4444953	rs243385
chr19	4445076	rs2705
chr19	4445159	rs243387
chr19	4448846	rs741923
chr19	4449290	rs760369
chr19	4449413	rs2077444
chr19	4449811	rs243391
chr19	4453232	rs243396
chr19	4456190	rs7253478
chr19	4456385	rs7257129
chr19	4457653	rs1044510
chr19	4457847	rs11085075
chr19	4466110	rs10469324
chr19	4469547	rs10418895
chr19	4470388	rs10406517
chr19	4471058	rs12609171
chr19	4471800	rs10421126
chr19	4471842	rs10415051
chr19	4472983	rs4807590
chr19	4475365	rs2288932
chr19	4475609	rs3816048
chr19	4477318	rs4292029
chr19	4480754	rs16992406
chr19	4483488	rs12984070
chr19	4486140	rs10406730
chr19	4487300	rs10415226
chr19	4487809	rs16992410
chr19	4488473	rs1610091
chr19	4488929	rs10421685
chr19	4489786	rs7249084
chr19	4493711	rs892161
chr19	4496201	rs2288930
chr19	4496615	rs10416529
chr19	4499927	rs892160
chr19	4500193	rs10406797
chr19	4502189	rs8887
chr19	4506903	rs11673616
chr19	4507704	rs892158
chr19	4510518	rs7250947
chr19	4510548	rs7251858
chr19	4511943	rs7260518
chr19	4514123	rs4807598
chr19	4521613	rs884164
chr19	4530249	rs10406628
chr19	4533719	rs11665704
chr19	4534002	rs11085080
chr19	4534267	rs11666660
chr19	4538587	rs966384
chr19	4540417	rs4806985
chr19	4545705	rs10426311
chr19	4548003	rs4807602
chr19	4551203	rs4635456
chr19	4553173	rs4807604
chr19	4554571	rs1610094
chr19	4554762	rs1610093
chr19	4555298	rs10853973
chr19	4555774	rs10409783
chr19	4555967	rs1599807
chr19	4557044	rs10422881
chr19	4557287	rs17434453
chr19	4559462	rs16992439
chr19	4559634	rs7249087
chr19	4569797	rs8103778
chr19	4571577	rs9304911
chr19	4575739	rs12973142
chr19	4582193	rs4807609
chr19	4585159	rs10423119
chr19	4585709	rs17434614
chr19	4591622	rs4530284
chr19	4594835	rs16992450
chr19	4597401	rs7255247
chr19	4599160	rs1865084
chr19	4605227	rs10420817
chr19	4607575	rs892162
chr19	4610226	rs7250560
chr19	4612976	rs11085083
chr19	4615831	rs12611262
chr19	4622368	rs10410702
chr19	4635390	rs17363184
chr19	4636934	rs11880374
chr19	4640283	rs16992471
chr19	4640971	rs9917028
chr19	4647219	rs10417957
chr19	4654745	rs8110359
chr19	4656343	rs10413885
chr19	4656454	rs8108253
chr19	4657945	rs11148
chr19	4658242	rs3746031
chr19	4658595	rs4807622
chr19	4666744	rs16992494
chr19	4668405	rs8112182
chr19	4669663	rs7248136
chr19	4671393	rs10410207
chr19	4671568	rs8101903
chr19	4673502	rs8109860
chr19	4674787	rs11670570
chr19	4684106	rs11671570
chr19	4684630	rs8105807
chr19	4685264	rs10421782
chr19	4687063	rs10415651
chr19	4690247	rs2885734
chr19	4700175	rs2277735
chr19	4701120	rs6510821
chr19	4705496	rs11671605
chr19	4705568	rs16992502
chr19	4708090	rs4401152
chr19	4714456	rs7251000
chr19	4715004	rs12462642
chr19	4717175	rs8101703
chr19	4717660	rs12610495
chr19	4719431	rs2109069
chr19	4732155	rs7255851
chr19	4735651	rs10411311
chr19	4738667	rs4807627
chr19	4742453	rs7508325
chr19	4747134	rs4807628
chr19	4752637	rs7248082
chr19	4754564	rs11673100
chr19	4755019	rs7248214
chr19	4755166	rs7259918
chr19	4758442	rs10405955
chr19	4759401	rs12459345
chr19	4764294	rs12979279
chr19	4767768	rs11668223
chr19	4768905	rs879564
chr19	4769728	rs11878617
chr19	4772190	rs3760955
chr19	4772331	rs3760954
chr19	4772437	rs2885717
chr19	4774202	rs12610046
chr19	4781091	rs11085094
chr19	4781898	rs7253171
chr19	4783012	rs11085096
chr19	4784541	rs11085098
chr19	4785315	rs3087692
chr19	4795330	rs1044409
chr19	4796770	rs4806998
chr19	4800091	rs4807643
chr19	4804512	rs8102626
chr19	4811659	rs11672931
chr19	4816148	rs8120
chr19	4816707	rs2292151
chr19	4818366	rs7255265
chr19	4818643	rs11466716
chr19	4821600	rs4807650
chr19	4822843	rs4807651
chr19	4823677	rs11667267
chr19	4830616	rs6510827
chr19	4831866	rs4807000
chr19	4837489	rs16992609
chr19	4837545	rs10424978
chr19	4837777	rs11880629
chr19	4841139	rs2779180
chr19	4844140	rs10409097
chr19	4844193	rs10409269
chr19	4844621	rs17363814
chr19	4847701	rs9973235
chr19	4848231	rs7250294
chr19	4848384	rs10415336
chr19	4848581	rs7251627
chr19	4851838	rs12983495
chr19	4852094	rs2271058
chr19	4852125	rs1055919
chr19	4852325	rs2271057
chr19	4856682	rs2656950
chr19	4859925	rs8289
chr19	4866427	rs7250638
chr19	4866439	rs7246083
chr19	4867689	rs262558
chr19	4868677	rs3760950
chr19	4868753	rs3760949
chr19	4868790	rs3760948
chr19	4873936	rs17364225
chr19	4875696	rs8105711
chr19	4875753	rs2602701
chr19	4878596	rs2602699
chr19	4879128	rs1875979
chr19	4889512	rs10420320
chr19	4890902	rs2656938
chr19	4895650	rs2779173
chr19	4900672	rs2779169
chr19	4908081	rs4807664
chr19	4908377	rs4807665
chr19	4910877	rs2261988
chr19	4912717	rs2602710
chr19	4913059	rs3786941
chr19	4914105	rs4544355
chr19	4917007	rs2656924
chr19	4920740	rs16992667
chr19	4921881	rs262577
chr19	4923723	rs12462047
chr19	4925146	rs2123730
chr19	4929461	rs2123731
chr19	4930396	rs2248662
chr19	4930826	rs2307205
chr19	4933216	rs262567
chr19	4933765	rs8107449
chr19	4936938	rs262566
chr19	4937842	rs2602698
chr19	4941444	rs2251519
chr19	4944759	rs2602731
chr19	4945238	rs17178414
chr19	4945962	rs2250978
chr19	4947029	rs2602734
chr19	4947044	rs12974635
chr19	4948850	rs7249758
chr19	4949254	rs11672626
chr19	4953339	rs1982468
chr19	4954298	rs2307204
chr19	4958369	rs881416
chr19	4962837	rs10401891
chr19	4965053	rs10853981
chr19	4967943	rs6510832
chr19	4971550	rs17364488
chr19	4971988	rs400263
chr19	4973573	rs1706980
chr19	4975553	rs8099963
chr19	4976324	rs632616
chr19	4977467	rs418115
chr19	4977733	rs753842
chr19	4984340	rs197153
chr19	4984577	rs33938520
chr19	4985515	rs4807005
chr19	4988582	rs197145
chr19	4990535	rs197142
chr19	4995915	rs11880464
chr19	4998360	rs4807677
chr19	5000811	rs7255647
chr19	5008388	rs6510833
chr19	5009455	rs10407399
chr19	5009534	rs10409229
chr19	5013820	rs12459464
chr19	5016608	rs263050
chr19	5017556	rs263049
chr19	5022047	rs263062
chr19	5022593	rs263063
chr19	5027219	rs263066
chr19	5036744	rs10411858
chr19	5037340	rs263057
chr19	5037404	rs11085110
chr19	5037753	rs4807681
chr19	5038704	rs10401934
chr19	5039124	rs10518242
chr19	5041038	rs11878982
chr19	5041167	rs2240678
chr19	5041978	rs877287
chr19	5043562	rs36031528
chr19	5044961	rs263047
chr19	5046059	rs16992771
chr19	5046307	rs2602728
chr19	5049472	rs858422
chr19	5052096	rs2602727
chr19	5052136	rs16992773
chr19	5054499	rs710956
chr19	5055185	rs858414
chr19	5055985	rs858415
chr19	5059349	rs2054519
chr19	5061041	rs2249152
chr19	5066984	rs2613766
chr19	5070798	rs730291
chr19	5074626	rs2613768
chr19	5076766	rs2613776
chr19	5077572	rs2291148
chr19	5080636	rs11673509
chr19	5081168	rs4807685
chr19	5081353	rs8101078
chr19	5091321	rs999562
chr19	5091922	rs999560
chr19	5092439	rs11672790
chr19	5094338	rs2620795
chr19	5095978	rs7254606
chr19	5097645	rs10407921
chr19	5099088	rs1003469
chr19	5107841	rs2620857
chr19	5109690	rs1017821
chr19	5118824	rs2620854
chr19	5119411	rs2291145
chr19	5120957	rs2620852
chr19	5122040	rs1552046
chr19	5124237	rs2620849
chr19	5124476	rs2620848
chr19	5125435	rs10417056
chr19	5125999	rs759994
chr19	5127387	rs741698
chr19	5129413	rs2620843
chr19	5132697	rs2613788
chr19	5136376	rs2620835
chr19	5138218	rs2251127
chr19	5142462	rs16992820
chr19	5142806	rs1061273
chr19	5145253	rs2613793
chr19	5147724	rs7246182
chr19	5148240	rs12459342
chr19	5148372	rs2613791
chr19	5148619	rs2620832
chr19	5149022	rs2620831
chr19	5152434	rs2613804
chr19	5153595	rs11514
chr19	5154410	rs2035298
chr19	5155297	rs1017818
chr19	5157321	rs12461510
chr19	5169761	rs2613810
chr19	5171260	rs10422234
chr19	5174169	rs2620821
chr19	5178313	rs741696
chr19	5178666	rs16992844
chr19	5179621	rs2620819
chr19	5188308	rs2620816
chr19	5188869	rs8113371
chr19	5189257	rs2620812
chr19	5195906	rs8110480
chr19	5201789	rs11880284
chr19	5205707	rs1129626
chr19	5206764	rs1143700
chr19	5208683	rs737004
chr19	5210611	rs2302224
chr19	5210751	rs1143699
chr19	5212471	rs2230611
chr19	5212912	rs8107943
chr19	5214105	rs10426383
chr19	5214147	rs11085118
chr19	5219792	rs12975955
chr19	5220889	rs10412973
chr19	5224459	rs7251802
chr19	5225020	rs12973477
chr19	5225970	rs10423783
chr19	5226400	rs4807699
chr19	5226997	rs12610082
chr19	5231124	rs4807015
chr19	5235947	rs10518243
chr19	5236155	rs2379609
chr19	5238158	rs11085119
chr19	5246706	rs10415488
chr19	5253421	rs886936
chr19	5254707	rs11878779
chr19	5254959	rs17130
chr19	5258479	rs4807016
chr19	5261219	rs2238639
chr19	5261495	rs2238640
chr19	5261858	rs8103052
chr19	5263756	rs8110903
chr19	5265211	rs4807703
chr19	5267740	rs1034863
chr19	5270920	rs11085120
chr19	5273560	rs1141371
chr19	5274373	rs1034917
chr19	5274975	rs1017092
chr19	5278867	rs7254570
chr19	5285559	rs2074983
chr19	5286337	rs8103500
chr19	5288171	rs740058
chr19	5288864	rs17676218
chr19	5289761	rs887279
chr19	5290650	rs4807712
chr19	5291399	rs758513
chr19	5295556	rs10415188
chr19	5303264	rs4807718
chr19	5308738	rs4807022
chr19	5311401	rs7247790
chr19	5312166	rs10415030
chr19	5313283	rs4807719
chr19	5314250	rs11085125
chr19	5314985	rs1558138
chr19	5317179	rs10425727
chr19	5320068	rs886932
chr19	5323842	rs11085126
chr19	5324820	rs3948683
chr19	5324965	rs17697585
chr19	5325359	rs7254668
chr19	5325466	rs16992922
chr19	5325917	rs17765170
chr19	5328990	rs7256271
chr19	5330757	rs4807023
chr19	5333949	rs886933
chr19	5336378	rs1015675
chr19	5343259	rs1207118
chr19	5346589	rs1207121
chr19	5347639	rs4807725
chr19	5348775	rs2890212
chr19	5348922	rs7259497
chr19	5352540	rs892140
chr19	5352608	rs10418103
chr19	5353565	rs8111216
chr19	5353770	rs875552
chr19	5355426	rs892136
chr19	5355650	rs7507640
chr19	5359200	rs2082465
chr19	5365987	rs2099350
chr19	5368996	rs4807727
chr19	5370036	rs12608859
chr19	5371762	rs4807728
chr19	5373798	rs10407488
chr19	5374521	rs4807730
chr19	5377026	rs8105522
chr19	5377807	rs10408602
chr19	5382461	rs12985637
chr19	5387028	rs11882398
chr19	5389930	rs4807030
chr19	5393737	rs11672914
chr19	5394045	rs7245440
chr19	5398787	rs4807751
chr19	5399079	rs4807753
chr19	5399481	rs7250877
chr19	5401032	rs2060256
chr19	5402575	rs11085132
chr19	5404765	rs4807754
chr19	5407474	rs11671006
chr19	5410149	rs489605
chr19	5416277	rs6510851
chr19	5417932	rs403999
chr19	5418702	rs10425672
chr19	5419284	rs2195959
chr19	5422542	rs12710083
chr19	5423632	rs1384936
chr19	5425784	rs4807760
chr19	5426438	rs8111234
chr19	5431254	rs586044
chr19	5433855	rs797423
chr19	5435298	rs535765
chr19	5439538	rs2082463
chr19	5444440	rs464526
chr19	5450292	rs414294
chr19	5454752	rs381255
chr19	5455252	rs1564759
chr19	5455411	rs4375786
chr19	5455600	rs2240743
chr19	5455789	rs2240745
chr19	5455960	rs8103406
chr19	5455967	rs8107825
chr19	5455979	rs17304380
chr19	5456439	rs8111108
chr19	5456919	rs2240747
chr19	5461951	rs4807766
chr19	5464277	rs7247783
chr19	5466195	rs17271827
chr19	5466406	rs11672269
chr19	5466555	rs611121
chr19	5469096	rs676382
chr19	5469629	rs11671309
chr19	5469821	rs668692
chr19	5477872	rs465339
chr19	5479205	rs458262
chr19	5479511	rs797544
chr19	5481289	rs11085140
chr19	5489468	rs12982187
chr19	5491547	rs12977132
chr19	5497675	rs12983349
chr19	5497737	rs16993016
chr19	5499236	rs406063
chr19	5502707	rs11880302
chr19	5504617	rs4807772
chr19	5504701	rs4807773
chr19	5506118	rs11673078
chr19	5512800	rs11878567
chr19	5515217	rs675136
chr19	5517023	rs669510
chr19	5517594	rs416886
chr19	5518849	rs10423624
chr19	5519315	rs7260433
chr19	5519433	rs12975437
chr19	5522345	rs385839
chr19	5523615	rs451924
chr19	5524450	rs1006130
chr19	5524710	rs17271855
chr19	5524803	rs552880
chr19	5529577	rs4807777
chr19	5531540	rs9636179
chr19	5533315	rs566882
chr19	5540000	rs447097
chr19	5543806	rs404961
chr19	5543891	rs12462208
chr19	5544074	rs11879657
chr19	5545023	rs10423998
chr19	5553966	rs624337
chr19	5555087	rs12461806
chr19	5555770	rs8101923
chr19	5559819	rs12610531
chr19	5561893	rs11670013
chr19	5562104	rs2288947
chr19	5566221	rs8105637
chr19	5573333	rs8112148
chr19	5575137	rs7255573
chr19	5577682	rs4807787
chr19	5578088	rs10411903
chr19	5582016	rs875813
chr19	5582524	rs732505
chr19	5584512	rs8106125
chr19	5585812	rs8111720
chr19	5587530	rs4807792
chr19	5591724	rs2285963
chr19	5595343	rs10413286
chr19	5597015	rs2285965
chr19	5598346	rs7260385
chr19	5599826	rs739943
chr19	5600359	rs2285969
chr19	5606248	rs806704
chr19	5607677	rs806705
chr19	5610034	rs806706
chr19	5615436	rs739944
chr19	5615723	rs806707
chr19	5618433	rs806710
chr19	5618643	rs806711
chr19	5619315	rs2240239
chr19	5621914	rs4807045
chr19	5624279	rs806702
chr19	5625258	rs3760767
chr19	5625791	rs10518245
chr19	5637951	rs2436498
chr19	5638043	rs2436499
chr19	5641213	rs16993073
chr19	5644363	rs7256359
chr19	5646236	rs16993077
chr19	5647661	rs4807046
chr19	5647959	rs16993079
chr19	5652561	rs17205911
chr19	5652689	rs4807804
chr19	5655781	rs2485257
chr19	5663909	rs3745628
chr19	5664601	rs1538012
chr19	5665651	rs4643459
chr19	5666171	rs2002985
chr19	5666325	rs8104044
chr19	5669210	rs2485262
chr19	5671810	rs952435
chr19	5674548	rs2436526
chr19	5675432	rs6510854
chr19	5675485	rs6510855
chr19	5678122	rs2436527
chr19	5681972	rs7255033
chr19	5684764	rs35832694
chr19	5691922	rs11551019
chr19	5692181	rs1062373
chr19	5693605	rs35804229
chr19	5694338	rs2485256
chr19	5696135	rs3745624
chr19	5696951	rs3892355
chr19	5704342	rs945704
chr19	5705636	rs2436509
chr19	5707193	rs945828
chr19	5707417	rs3737238
chr19	5711206	rs2436508
chr19	5711919	rs11085147
chr19	5718055	rs2485279
chr19	5725981	rs10406454
chr19	5726816	rs2485255
chr19	5734228	rs2436535
chr19	5736361	rs2386593
chr19	5741110	rs4807812
chr19	5743797	rs3120616
chr19	5743813	rs3097891
chr19	5745753	rs2436504
chr19	5746848	rs12974471
chr19	5754716	rs2485270
chr19	5755458	rs7245944
chr19	5756440	rs7249752
chr19	5759220	rs11879365
chr19	5765858	rs4366824
chr19	5766079	rs2446200
chr19	5777312	rs2436493
chr19	5777404	rs2446206
chr19	5781185	rs8106107
chr19	5781987	rs35415311
chr19	5785102	rs3826798
chr19	5785438	rs12977803
chr19	5785801	rs8107987
chr19	5785924	rs2446193
chr19	5789554	rs2436487
chr19	5790700	rs2290777
chr19	5791156	rs2290776
chr19	5794229	rs2446196
chr19	5799795	rs2260187
chr19	5800262	rs6510857
chr19	5815243	rs28542390
chr19	5821957	rs8111600
chr19	5822479	rs3763045
chr19	5823892	rs3763046
chr19	5826196	rs1678852
chr19	5827086	rs1379868
chr19	5827609	rs8106995
chr19	5829581	rs11666494
chr19	5830291	rs778809
chr19	5832198	rs778805
chr19	5833026	rs3859563
chr19	5834201	rs17271883
chr19	5836953	rs1678849
chr19	5838584	rs8101385
chr19	5839735	rs3760776
chr19	5840608	rs708686
chr19	5841345	rs3760775
chr19	5841451	rs3760774
chr19	5842158	rs3760771
chr19	5843598	rs874232
chr19	5844526	rs778986
chr19	5844638	rs812936
chr19	5851790	rs2306969
chr19	5854990	rs12984439
chr19	5858784	rs778988
chr19	5863144	rs6510860
chr19	5863725	rs778980
chr19	5865634	rs10426709
chr19	5866025	rs778981
chr19	5866062	rs8101625
chr19	5867902	rs778972
chr19	5873717	rs8108862
chr19	5875588	rs1678859
chr19	5880938	rs1674153
chr19	5881183	rs1674154
chr19	5884662	rs6510861
chr19	5886721	rs1674159
chr19	5890374	rs1678864
chr19	5891041	rs12972385
chr19	5892422	rs1627779
chr19	5892557	rs1629368
chr19	5892732	rs10432306
chr19	5892943	rs1678868
chr19	5893047	rs12980262
chr19	5894573	rs12974991
chr19	5895184	rs7257835
chr19	5896755	rs702064
chr19	5900236	rs778800
chr19	5903796	rs8108064
chr19	5905130	rs10406399
chr19	5909769	rs420458
chr19	5910084	rs7260578
chr19	5914594	rs7249419
chr19	5914614	rs7248090
chr19	5915583	rs13004
chr19	5915872	rs2245651
chr19	5915889	rs2245650
chr19	5918196	rs274796
chr19	5921341	rs274795
chr19	5927085	rs274794
chr19	5928174	rs274793
chr19	5928883	rs11085154
chr19	5932837	rs121742
chr19	5934222	rs274791
chr19	5936678	rs12462305
chr19	5943295	rs7258475
chr19	5943911	rs12459051
chr19	5947860	rs10407413
chr19	5949147	rs4807825
chr19	5952702	rs7259761
chr19	5954151	rs4807826
chr19	5961837	rs626000
chr19	5962519	rs639251
chr19	5964203	rs4807828
chr19	5965377	rs628271
chr19	5966347	rs555836
chr19	5968330	rs7254500
chr19	5968677	rs11085155
chr19	5969175	rs671892
chr19	5970811	rs581910
chr19	5975169	rs10412262
chr19	5976749	rs35549731
chr19	5979809	rs4807830
chr19	5983368	rs552320
chr19	5984804	rs434040
chr19	5991611	rs731773
chr19	5991699	rs398592
chr19	5992217	rs11880656
chr19	5995439	rs452767
chr19	5996753	rs454532
chr19	5998879	rs12986266
chr19	6000302	rs6510867
chr19	6004094	rs530942
chr19	6009434	rs598236
chr19	6015055	rs1865028
chr19	6020750	rs3795015
chr19	6023151	rs549785
chr19	6025124	rs10423666
chr19	6031974	rs10402138
chr19	6033965	rs673153
chr19	6042048	rs2288846
chr19	6059502	rs17205955
chr19	6059829	rs1110624
chr19	6074336	rs12979837
chr19	6074699	rs11880033
chr19	6075702	rs10401349
chr19	6077048	rs637094
chr19	6084981	rs11666200
chr19	6095420	rs17304450
chr19	6096389	rs11670606
chr19	6096406	rs11670610
chr19	6097498	rs17271924
chr19	6098222	rs16993372
chr19	6100422	rs10418205
chr19	6102072	rs10411604
chr19	6102170	rs10411815
chr19	6102769	rs10405147
chr19	6106452	rs10409535
chr19	6113442	rs8109482
chr19	6115940	rs8104313
chr19	6116794	rs7253993
chr19	6122256	rs7256341
chr19	6124910	rs8108134
chr19	6125825	rs12976392
chr19	6126807	rs11673527
chr19	6130650	rs10417646
chr19	6138016	rs7256965
chr19	6139614	rs4331435
chr19	6140723	rs11669301
chr19	6140743	rs11085158
chr19	6141126	rs16993402
chr19	6141460	rs10853992
chr19	6145553	rs10409209
chr19	6146907	rs11879740
chr19	6147180	rs10424597
chr19	6151692	rs7252466
chr19	6156195	rs41489445
chr19	6156472	rs4807840
chr19	6158411	rs11672830
chr19	6158481	rs9304930
chr19	6160067	rs4807841
chr19	6161498	rs7254965
chr19	6167403	rs8101237
chr19	6176583	rs16993437
chr19	6180545	rs16993442
chr19	6187646	rs16993453
chr19	6192807	rs2278424
chr19	6192842	rs16993465
chr19	6192971	rs16993471
chr19	6193115	rs2278425
chr19	6193402	rs871519
chr19	6198522	rs8108353
chr19	6203135	rs2335629
chr19	6204118	rs4807846
chr19	6205814	rs10425093
chr19	6206185	rs17468222
chr19	6207726	rs10413643
chr19	6214714	rs4807849
chr19	6222342	rs11880101
chr19	6232669	rs4807067
chr19	6233420	rs3787058
chr19	6238172	rs4807852
chr19	6242767	rs12151057
chr19	6242795	rs3787056
chr19	6247366	rs952235
chr19	6254452	rs13382119
chr19	6258546	rs4807854
chr19	6261313	rs4807856
chr19	6262344	rs2227261
chr19	6263484	rs6417192
chr19	6266767	rs12979828
chr19	6267746	rs10405167
chr19	6267778	rs8099971
chr19	6267816	rs1560694
chr19	6270389	rs8103614
chr19	6272941	rs7258848
chr19	6275573	rs892058
chr19	6276224	rs6510880
chr19	6278686	rs9304931
chr19	6281596	rs11881034
chr19	6284652	rs8182608
chr19	6285131	rs8182466
chr19	6287960	rs6417193
chr19	6288346	rs8113160
chr19	6292969	rs7254612
chr19	6295833	rs4807075
chr19	6295852	rs6510888
chr19	6297363	rs10409752
chr19	6299292	rs4807076
chr19	6300012	rs11085169
chr19	6302235	rs7507334
chr19	6304956	rs4807078
chr19	6305863	rs12609656
chr19	6306960	rs4807863
chr19	6308498	rs7258219
chr19	6311807	rs872664
chr19	6320952	rs7260240
chr19	6322431	rs1982082
chr19	6325648	rs8104835
chr19	6329501	rs10419046
chr19	6329688	rs10424876
chr19	6333465	rs16993553
chr19	6335001	rs10420744
chr19	6336421	rs10405313
chr19	6338359	rs10425427
chr19	6352925	rs10425830
chr19	6362713	rs7253024
chr19	6363482	rs7245514
chr19	6366219	rs10420388
chr19	6366470	rs10418574
chr19	6368375	rs7251613
chr19	6369698	rs8105756
chr19	6371787	rs8106856
chr19	6374802	rs10421175
chr19	6374879	rs7540
chr19	6375820	rs2304198
chr19	6380012	rs12609323
chr19	6380458	rs17625356
chr19	6385743	rs17625387
chr19	6391208	rs8102597
chr19	6391836	rs6510895
chr19	6391995	rs2304196
chr19	6392067	rs2247785
chr19	6394432	rs10403489
chr19	6401577	rs7253395
chr19	6402637	rs6510896
chr19	6404324	rs10419890
chr19	6404496	rs3892396
chr19	6409106	rs3911998
chr19	6409141	rs3852877
chr19	6409680	rs6510897
chr19	6412918	rs1613070
chr19	6416112	rs2305058
chr19	6419087	rs2860166
chr19	6422877	rs2075755
chr19	6427397	rs3760750
chr19	6430095	rs34488963
chr19	6433360	rs9304938
chr19	6436211	rs2860185
chr19	6439476	rs193234
chr19	6441542	rs349094
chr19	6446655	rs186996
chr19	6451422	rs7247153
chr19	6452294	rs173229
chr19	6454178	rs6510903
chr19	6455403	rs348365
chr19	6456051	rs10418596
chr19	6456207	rs348367
chr19	6459341	rs2289783
chr19	6460203	rs8111177
chr19	6464925	rs348359
chr19	6466471	rs348362
chr19	6466734	rs348363
chr19	6468896	rs35001260
chr19	6470059	rs1047598
chr19	6472056	rs10422083
chr19	6472236	rs1663803
chr19	6475602	rs3745571
chr19	6476554	rs11669557
chr19	6481448	rs3844450
chr19	6483454	rs3852883
chr19	6489803	rs371164
chr19	6490168	rs395651
chr19	6494491	rs1053377
chr19	6495725	rs2071347
chr19	6499426	rs348395
chr19	6499718	rs8105237
chr19	6501987	rs11672092
chr19	6502801	rs3760749
chr19	6509992	rs3865466
chr19	6510115	rs3865467
chr19	6513272	rs238766
chr19	6516183	rs4807087
chr19	6517111	rs238767
chr19	6519242	rs6510904
chr19	6520479	rs11085177
chr19	6522123	rs11667269
chr19	6523806	rs415882
chr19	6524395	rs12151125
chr19	6530645	rs348337
chr19	6532971	rs4807876
chr19	6534237	rs3097297
chr19	6535487	rs3865469
chr19	6535626	rs348389
chr19	6543331	rs348373
chr19	6547130	rs348374
chr19	6552375	rs348384
chr19	6552434	rs3865472
chr19	6556767	rs422981
chr19	6560913	rs10422845
chr19	6564391	rs348347
chr19	6564662	rs7508584
chr19	6572785	rs2642212
chr19	6573956	rs11490542
chr19	6574299	rs1115478
chr19	6579778	rs12977027
chr19	6581585	rs2910434
chr19	6581704	rs7259857
chr19	6583770	rs2883472
chr19	6585287	rs1808398
chr19	6586257	rs1862511
chr19	6586487	rs16994592
chr19	6588256	rs344587
chr19	6590778	rs344589
chr19	6591135	rs17703895
chr19	6591267	rs344590
chr19	6591478	rs344591
chr19	6594263	rs344596
chr19	6595768	rs168259
chr19	6600495	rs7246454
chr19	6602800	rs8109079
chr19	6607586	rs344577
chr19	6609379	rs344580
chr19	6617150	rs395909
chr19	6620899	rs7257477
chr19	6622341	rs400658
chr19	6623280	rs433288
chr19	6632407	rs1862508
chr19	6638289	rs12462065
chr19	6639419	rs426374
chr19	6642437	rs447135
chr19	6645167	rs392751
chr19	6645430	rs425796
chr19	6645684	rs454453
chr19	6645748	rs390821
chr19	6649553	rs386574
chr19	6649621	rs392720
chr19	6649811	rs416956
chr19	6658602	rs344570
chr19	6658625	rs344569
chr19	6658852	rs8113119
chr19	6663905	rs12609318
chr19	6664043	rs344561
chr19	6665009	rs344560
chr19	6668961	rs1077667
chr19	6670083	rs8112236
chr19	6670518	rs3760746
chr19	6670899	rs11878563
chr19	6671131	rs8106574
chr19	6676431	rs379527
chr19	6679349	rs344555
chr19	6679500	rs2277984
chr19	6679552	rs2277983
chr19	6684186	rs1389623
chr19	6685934	rs7257062
chr19	6686648	rs237554
chr19	6687506	rs344542
chr19	6687584	rs344541
chr19	6687757	rs344540
chr19	6689031	rs11569523
chr19	6690560	rs11569511
chr19	6690602	rs3745568
chr19	6690760	rs3745567
chr19	6690794	rs11569507
chr19	6690955	rs3745566
chr19	6691620	rs11569501
chr19	6693672	rs432001
chr19	6694388	rs385791
chr19	6696331	rs2287848
chr19	6697395	rs423490
chr19	6697818	rs366510
chr19	6701502	rs445750
chr19	6702031	rs433594
chr19	6702235	rs432823
chr19	6702587	rs406514
chr19	6703061	rs451760
chr19	6705235	rs11672613
chr19	6709063	rs11569429
chr19	6709693	rs2230205
chr19	6710937	rs10411506
chr19	6711947	rs4807895
chr19	6714024	rs11569571
chr19	6718523	rs2250656
chr19	6722011	rs339392
chr19	6722033	rs17626094
chr19	6722624	rs163913
chr19	6727354	rs171094
chr19	6730844	rs2279623
chr19	6732749	rs1690635
chr19	6732971	rs2012357
chr19	6737470	rs340138
chr19	6738222	rs3810223
chr19	6739001	rs340140
chr19	6739267	rs340141
chr19	6742853	rs339408
chr19	6745094	rs339404
chr19	6747383	rs184628
chr19	6751282	rs1049232
chr19	6752423	rs1054060
chr19	6754996	rs2305806
chr19	6755144	rs12608960
chr19	6760963	rs7258236
chr19	6763707	rs2305805
chr19	6766202	rs7248911
chr19	6766583	rs10409437
chr19	6767732	rs3810226
chr19	6769404	rs10413156
chr19	6774058	rs682626
chr19	6782563	rs568259
chr19	6785130	rs6510922
chr19	6786260	rs691528
chr19	6788896	rs473021
chr19	6788968	rs472835
chr19	6790315	rs2546122
chr19	6791868	rs2546127
chr19	6792304	rs2546128
chr19	6792857	rs2546129
chr19	6795136	rs2617815
chr19	6796319	rs2660489
chr19	6799666	rs2546133
chr19	6801470	rs2617822
chr19	6801942	rs332425
chr19	6802605	rs2617824
chr19	6803259	rs8109794
chr19	6806449	rs17704510
chr19	6808536	rs12710098
chr19	6808645	rs12610223
chr19	6810356	rs8102571
chr19	6812353	rs426815
chr19	6812880	rs2174759
chr19	6815937	rs4807101
chr19	6817997	rs1808563
chr19	6818690	rs10415535
chr19	6820401	rs164017
chr19	6820940	rs164016
chr19	6821534	rs7258040
chr19	6822188	rs347034
chr19	6822208	rs347033
chr19	6825021	rs12979659
chr19	6827099	rs4807102
chr19	6831644	rs3786688
chr19	6832869	rs11668094
chr19	6833061	rs308200
chr19	6833766	rs186295
chr19	6836749	rs308195
chr19	6836825	rs308194
chr19	6836900	rs1651879
chr19	6839302	rs2660481
chr19	6844024	rs331682
chr19	6848209	rs331679
chr19	6854435	rs10422184
chr19	6857629	rs461970
chr19	6862487	rs17718517
chr19	6862958	rs28459042
chr19	6876985	rs10424498
chr19	6882419	rs16993897
chr19	6886848	rs10406773
chr19	6887051	rs10404401
chr19	6887725	rs3826782
chr19	6895855	rs330876
chr19	6896369	rs10406373
chr19	6896472	rs330877
chr19	6898670	rs330883
chr19	6900819	rs330886
chr19	6900944	rs330887
chr19	6901231	rs10403916
chr19	6901471	rs8099966
chr19	6901519	rs8101320
chr19	6901548	rs897740
chr19	6901880	rs897738
chr19	6903909	rs443658
chr19	6904126	rs370094
chr19	6905884	rs391020
chr19	6906839	rs455099
chr19	6907665	rs2607126
chr19	6908546	rs8113805
chr19	6909438	rs445817
chr19	6909554	rs673320
chr19	6910399	rs606384
chr19	6913696	rs466876
chr19	6913800	rs457857
chr19	6913867	rs462913
chr19	6914088	rs455476
chr19	6914817	rs460261
chr19	6916482	rs467439
chr19	6917453	rs12975818
chr19	6919518	rs171674
chr19	6919613	rs373533
chr19	6919742	rs461645
chr19	6921857	rs7256147
chr19	6922724	rs252564
chr19	6925617	rs8101538
chr19	6927985	rs3895916
chr19	6932551	rs8104748
chr19	6933743	rs4635445
chr19	6933896	rs4527134
chr19	6934357	rs8112929
chr19	6935279	rs252552
chr19	6937672	rs388711
chr19	6940368	rs464056
chr19	6940380	rs457749
chr19	6940398	rs465241
chr19	6940521	rs465020
chr19	6940751	rs416967
chr19	6941856	rs465543
chr19	6942187	rs461935
chr19	6942483	rs7259423
chr19	6942818	rs461057
chr19	6942924	rs457762
chr19	6943399	rs7259047
chr19	6944832	rs465838
chr19	6945850	rs376620
chr19	6948830	rs2641600
chr19	6950097	rs2453112
chr19	6951423	rs422318
chr19	6951556	rs17704999
chr19	6957866	rs16994004
chr19	6958123	rs7256163
chr19	6961171	rs460698
chr19	6964536	rs8107564
chr19	6965018	rs7256912
chr19	6968175	rs625183
chr19	6969846	rs8102545
chr19	6970984	rs7260552
chr19	6972846	rs6510934
chr19	6974935	rs367369
chr19	6975021	rs12977284
chr19	6977107	rs4807918
chr19	6977398	rs7255801
chr19	6977858	rs7260101
chr19	6978002	rs252569
chr19	6978439	rs252568
chr19	6980752	rs2035973
chr19	6981752	rs2035970
chr19	6981874	rs1874002
chr19	6984697	rs7247453
chr19	6988903	rs1466715
chr19	6989014	rs1466714
chr19	6993022	rs1389506
chr19	6996498	rs11878694
chr19	6996629	rs10406255
chr19	6997362	rs10413019
chr19	6997620	rs8104872
chr19	6997981	rs8105285
chr19	7000390	rs11665875
chr19	7000770	rs8113413
chr19	7004042	rs1542784
chr19	7004298	rs1542785
chr19	7006933	rs1908212
chr19	7011549	rs7249317
chr19	7011755	rs6510942
chr19	7013874	rs1493877
chr19	7014426	rs7248247
chr19	7015036	rs9304947
chr19	7018169	rs10411120
chr19	7018858	rs11671575
chr19	7063361	rs10405539
chr19	7067762	rs2967636
chr19	7068196	rs2914572
chr19	7073604	rs2967662
chr19	7078310	rs2914567
chr19	7083618	rs966591
chr19	7083750	rs8110740
chr19	7083807	rs17637922
chr19	7084296	rs6510944
chr19	7084736	rs2352958
chr19	7085469	rs768489
chr19	7088823	rs2913877
chr19	7090211	rs17775938
chr19	7097478	rs10409036
chr19	7103305	rs16994131
chr19	7103412	rs12460645
chr19	7103531	rs2914559
chr19	7105125	rs2967657
chr19	7106712	rs2967661
chr19	7112165	rs10414835
chr19	7112254	rs12150997
chr19	7112582	rs1052371
chr19	7114202	rs1864193
chr19	7114277	rs3745551
chr19	7115562	rs3745550
chr19	7116952	rs1051690
chr19	7124975	rs2288404
chr19	7125286	rs1799817
chr19	7126207	rs10401628
chr19	7127283	rs10408374
chr19	7127364	rs2860172
chr19	7129053	rs13306446
chr19	7129075	rs2860173
chr19	7132070	rs2860175
chr19	7132559	rs1549616
chr19	7134002	rs10420382
chr19	7134255	rs11672739
chr19	7134391	rs6510949
chr19	7136478	rs6510950
chr19	7137340	rs16990074
chr19	7140514	rs4804304
chr19	7141764	rs2229431
chr19	7142910	rs2229434
chr19	7143700	rs8110116
chr19	7145363	rs8103483
chr19	7152692	rs3745548
chr19	7159904	rs8100109
chr19	7163054	rs2962
chr19	7163129	rs2245655
chr19	7163143	rs2963
chr19	7166098	rs2059807
chr19	7166127	rs3815902
chr19	7166365	rs2059806
chr19	7167704	rs1366235
chr19	7167806	rs1366234
chr19	7167940	rs2860177
chr19	7168922	rs3786681
chr19	7169265	rs6510956
chr19	7170230	rs7251963
chr19	7170494	rs7252268
chr19	7170871	rs16994298
chr19	7171618	rs8109559
chr19	7179309	rs8112883
chr19	7182952	rs10500204
chr19	7183540	rs3786680
chr19	7184227	rs6510959
chr19	7184751	rs891088
chr19	7184790	rs17253937
chr19	7185317	rs4804366
chr19	7187617	rs7245757
chr19	7188968	rs1035939
chr19	7189364	rs2860183
chr19	7190279	rs4804368
chr19	7194965	rs4804377
chr19	7199330	rs7254358
chr19	7199792	rs1035942
chr19	7199928	rs1035941
chr19	7200979	rs4499341
chr19	7203411	rs8103883
chr19	7203721	rs6510960
chr19	7204383	rs2042901
chr19	7204459	rs2042902
chr19	7205229	rs10426094
chr19	7205926	rs12609995
chr19	7211830	rs3745545
chr19	7214271	rs12971499
chr19	7218124	rs7245562
chr19	7218371	rs4804404
chr19	7222821	rs7508679
chr19	7223837	rs4804416
chr19	7224420	rs7248104
chr19	7226133	rs4804418
chr19	7228154	rs890860
chr19	7228332	rs890861
chr19	7229666	rs4804424
chr19	7230427	rs10416429
chr19	7231633	rs7255710
chr19	7231668	rs12460755
chr19	7233593	rs890862
chr19	7235378	rs4804103
chr19	7238684	rs17254521
chr19	7239544	rs3852876
chr19	7240470	rs10424224
chr19	7244222	rs1346490
chr19	7244873	rs10408844
chr19	7247616	rs10404318
chr19	7251090	rs11671297
chr19	7251831	rs11668751
chr19	7261430	rs919275
chr19	7262558	rs7258382
chr19	7266867	rs6510975
chr19	7269310	rs7254487
chr19	7273481	rs12979424
chr19	7273980	rs10411676
chr19	7278441	rs7254921
chr19	7283403	rs7254060
chr19	7292572	rs8111710
chr19	7293108	rs8101064
chr19	7296441	rs11880337
chr19	7298084	rs7507911
chr19	7303825	rs34883124
chr19	7341166	rs4804517
chr19	7346876	rs6603095
chr19	7350826	rs6603096
chr19	7355337	rs11879985
chr19	7359234	rs6603107
chr19	7359400	rs11668341
chr19	7367290	rs10412464
chr19	7372342	rs10410488
chr19	7372463	rs6603120
chr19	7374863	rs10404592
chr19	7375784	rs1025281
chr19	7375984	rs1015956
chr19	7378678	rs8108266
chr19	7383946	rs8100029
chr19	7384996	rs8111379
chr19	7398733	rs11882769
chr19	7401047	rs11882682
chr19	7401125	rs11879232
chr19	7401151	rs2434444
chr19	7401949	rs10408632
chr19	7402079	rs2432103
chr19	7410315	rs3943931
chr19	7411999	rs12974783
chr19	7415478	rs12977471
chr19	7415781	rs8103234
chr19	7415800	rs4804166
chr19	7415815	rs4804596
chr19	7416020	rs6603155
chr19	7419855	rs9329383
chr19	7422427	rs4804602
chr19	7426830	rs12461568
chr19	7428105	rs11668246
chr19	7429942	rs11667743
chr19	7429960	rs6603164
chr19	7432402	rs722441
chr19	7434738	rs6603058
chr19	7436730	rs11667028
chr19	7438859	rs8110029
chr19	7439518	rs8110645
chr19	7439570	rs17255882
chr19	7439612	rs8102136
chr19	7441111	rs17159572
chr19	7441782	rs2287909
chr19	7441869	rs2287910
chr19	7442558	rs7257153
chr19	7444160	rs2287911
chr19	7445470	rs7248066
chr19	7451357	rs12610760
chr19	7463848	rs2287918
chr19	7464529	rs2287919
chr19	7472102	rs3745357
chr19	7473231	rs11880140
chr19	7476076	rs746136
chr19	7478227	rs7251857
chr19	7479588	rs1549256
chr19	7481078	rs2335116
chr19	7482188	rs2303146
chr19	7484056	rs11882846
chr19	7484395	rs17159600
chr19	7488135	rs3745356
chr19	7490206	rs10402951
chr19	7493138	rs749969
chr19	7497110	rs1363938
chr19	7497586	rs2335095
chr19	7502871	rs7250572
chr19	7503046	rs7247703
chr19	7503993	rs17256868
chr19	7504396	rs484870
chr19	7505843	rs683729
chr19	7506092	rs685034
chr19	7506104	rs685048
chr19	7506603	rs589710
chr19	7506889	rs530223
chr19	7508401	rs1133378
chr19	7508563	rs618936
chr19	7510032	rs2161568
chr19	7510522	rs4804662
chr19	7517763	rs661821
chr19	7519200	rs678539
chr19	7528703	rs612862
chr19	7529273	rs625910
chr19	7534174	rs560849
chr19	7534849	rs604959
chr19	7537153	rs541271
chr19	7537296	rs526411
chr19	7539088	rs488886
chr19	7540680	rs591040
chr19	7542137	rs577866
chr19	7546066	rs11881687
chr19	7546231	rs586551
chr19	7549791	rs574663
chr19	7550699	rs577219
chr19	7551699	rs557596
chr19	7553774	rs508740
chr19	7554353	rs597582
chr19	7554636	rs522776
chr19	7557858	rs7245592
chr19	7558125	rs507814
chr19	7559192	rs538850
chr19	7559193	rs538852
chr19	7559449	rs577029
chr19	7559505	rs541600
chr19	7569226	rs10418152
chr19	7569708	rs7250311
chr19	7570803	rs7260296
chr19	7570970	rs2446181
chr19	7570985	rs2431866
chr19	7573760	rs7256394
chr19	7575570	rs6603103
chr19	7582823	rs11259999
chr19	7590924	rs11882529
chr19	7597643	rs1644759
chr19	7598431	rs1155715
chr19	7598882	rs1644757
chr19	7601231	rs2446180
chr19	7610991	rs1674034
chr19	7613241	rs794088
chr19	7616465	rs807812
chr19	7620957	rs794078
chr19	7621521	rs4134860
chr19	7627063	rs4134831
chr19	7627172	rs794084
chr19	7628345	rs4134819
chr19	7628865	rs4134816
chr19	7628928	rs4134815
chr19	7629135	rs4134813
chr19	7629507	rs4134809
chr19	7629776	rs3760675
chr19	7631252	rs11882197
chr19	7633434	rs1862514
chr19	7633874	rs4804756
chr19	7634319	rs3745364
chr19	7634406	rs4804758
chr19	7634461	rs4804217
chr19	7636780	rs2279043
chr19	7636862	rs7359905
chr19	7643328	rs2303115
chr19	7647391	rs6791
chr19	7647588	rs794074
chr19	7657750	rs11883223
chr19	7658575	rs2081075
chr19	7659654	rs10418380
chr19	7667068	rs2161490
chr19	7668069	rs7408174
chr19	7668969	rs3219175
chr19	7669625	rs3745367
chr19	7669928	rs34788323
chr19	7672099	rs35257373
chr19	7672954	rs4804765
chr19	7674291	rs1423096
chr19	7680157	rs10411016
chr19	7688020	rs35387182
chr19	7690830	rs2277991
chr19	7693308	rs17159840
chr19	7693453	rs12971845
chr19	7695738	rs11668338
chr19	7696570	rs12984649
chr19	7696926	rs2277989
chr19	7697939	rs17199538
chr19	7698025	rs7249360
chr19	7698092	rs7246264
chr19	7698362	rs2228137
chr19	7699031	rs10415518
chr19	7699091	rs8110128
chr19	7699855	rs2287867
chr19	7699924	rs11672993
chr19	7699979	rs11672997
chr19	7701388	rs1990975
chr19	7701980	rs2303112
chr19	7703748	rs3760688
chr19	7704302	rs4804221
chr19	7704680	rs753733
chr19	7706856	rs12611038
chr19	7714847	rs11673122
chr19	7716549	rs10518270
chr19	7716867	rs11260025
chr19	7717743	rs11668398
chr19	7720812	rs2335524
chr19	7720827	rs2335525
chr19	7728616	rs1010047
chr19	7728898	rs1010046
chr19	7729640	rs2277996
chr19	7732609	rs4804791
chr19	7735336	rs7250738
chr19	7735475	rs12611071
chr19	7740242	rs4804800
chr19	7740410	rs11465421
chr19	7742141	rs7248637
chr19	7742572	rs11465396
chr19	7742724	rs4804802
chr19	7744441	rs8105572
chr19	7747650	rs2287886
chr19	7748382	rs735239
chr19	7748450	rs735240
chr19	7748977	rs4804804
chr19	7750335	rs10409294
chr19	7750490	rs11881682
chr19	7751660	rs4804805
chr19	7751739	rs4804806
chr19	7760218	rs2112927
chr19	7762251	rs7252764
chr19	7762944	rs571497
chr19	7763069	rs2287887
chr19	7766161	rs868878
chr19	7766280	rs868875
chr19	7766742	rs2277998
chr19	7767067	rs560634
chr19	7767297	rs558705
chr19	7767974	rs655569
chr19	7768073	rs8113469
chr19	7768804	rs3745376
chr19	7769096	rs1045997
chr19	7769388	rs15282
chr19	7772420	rs608773
chr19	7772857	rs621025
chr19	7773598	rs807969
chr19	7775424	rs4804814
chr19	7775457	rs653152
chr19	7775470	rs653488
chr19	7781895	rs11260030
chr19	7781909	rs10906990
chr19	7781941	rs7259521
chr19	7783793	rs4239552
chr19	7785131	rs4804233
chr19	7788167	rs661241
chr19	7790895	rs10418839
chr19	7791675	rs8112157
chr19	7796599	rs6603125
chr19	7803829	rs12980113
chr19	7806951	rs2335859
chr19	7814440	rs12984528
chr19	7816144	rs580984
chr19	7816823	rs574830
chr19	7817665	rs588030
chr19	7818781	rs7258822
chr19	7821338	rs564745
chr19	7829846	rs573223
chr19	7833347	rs478430
chr19	7833655	rs4804827
chr19	7835676	rs652260
chr19	7835764	rs652710
chr19	7838598	rs604938
chr19	7839411	rs1651016
chr19	7840133	rs11260036
chr19	7841654	rs11666198
chr19	7843826	rs10432320
chr19	7845968	rs794442
chr19	7849088	rs555609
chr19	7849682	rs550134
chr19	7850565	rs520802
chr19	7851589	rs2452012
chr19	7856737	rs537188
chr19	7863841	rs2288430
chr19	7865495	rs509072
chr19	7866639	rs747990
chr19	7866743	rs565975
chr19	7867573	rs523648
chr19	7870830	rs12984133
chr19	7871322	rs525420
chr19	7873838	rs7249549
chr19	7879964	rs11260038
chr19	7883130	rs572840
chr19	7884005	rs565989
chr19	7886263	rs481852
chr19	7886686	rs486497
chr19	7889355	rs552797
chr19	7892596	rs483808
chr19	7894595	rs533822
chr19	7894740	rs511650
chr19	7896891	rs794460
chr19	7897799	rs496702
chr19	7903283	rs2115107
chr19	7905750	rs4804833
chr19	7910579	rs11879199
chr19	7912985	rs3745386
chr19	7923232	rs7788
chr19	7926449	rs35672116
chr19	7928091	rs11542187
chr19	7929284	rs8104881
chr19	7929348	rs3810213
chr19	7934682	rs9676352
chr19	7935116	rs11542189
chr19	7935716	rs4804837
chr19	7938264	rs11881424
chr19	7944131	rs11669069
chr19	7947130	rs7252142
chr19	7952934	rs1864029
chr19	7959800	rs2042920
chr19	7960607	rs12983784
chr19	7961665	rs12985234
chr19	7962171	rs4804244
chr19	7963660	rs14394
chr19	7967373	rs7247382
chr19	7967548	rs3826740
chr19	7967796	rs1077340
chr19	7968088	rs1077341
chr19	7968464	rs731604
chr19	7969980	rs11260041
chr19	7972156	rs759817
chr19	7976816	rs17444755
chr19	7977547	rs3786619
chr19	7987425	rs11880220
chr19	7987762	rs7251814
chr19	7995462	rs8102108
chr19	7995536	rs1204494
chr19	7995818	rs12977189
chr19	7999740	rs12972375
chr19	8003819	rs11881277
chr19	8006227	rs4804249
chr19	8009922	rs12973284
chr19	8013958	rs11881643
chr19	8021171	rs952444
chr19	8028381	rs882951
chr19	8038997	rs10411185
chr19	8041637	rs6603134
chr19	8047098	rs10426443
chr19	8047738	rs4804252
chr19	8050573	rs3136647
chr19	8050836	rs1104768
chr19	8052424	rs11671930
chr19	8052724	rs7259568
chr19	8054066	rs3826741
chr19	8056476	rs2032887
chr19	8056485	rs1129763
chr19	8057853	rs2303164
chr19	8062447	rs2287936
chr19	8063527	rs3136655
chr19	8063707	rs3136657
chr19	8064580	rs4804254
chr19	8065354	rs7351083
chr19	8066356	rs12460243
chr19	8066482	rs11667975
chr19	8067814	rs17160128
chr19	8070286	rs10424096
chr19	8071143	rs17261689
chr19	8072308	rs17160134
chr19	8073018	rs7254691
chr19	8073170	rs7257948
chr19	8078230	rs8103218
chr19	8078281	rs3745393
chr19	8081037	rs2303168
chr19	8081044	rs3848570
chr19	8083417	rs17202517
chr19	8083430	rs17160149
chr19	8087841	rs12460643
chr19	8088439	rs7257658
chr19	8090289	rs12459760
chr19	8090975	rs10416843
chr19	8091337	rs12981294
chr19	8093190	rs6603141
chr19	8094478	rs7245429
chr19	8094525	rs7245552
chr19	8095450	rs12608849
chr19	8095928	rs10404258
chr19	8096566	rs3829817
chr19	8098412	rs11260053
chr19	8098678	rs11260055
chr19	8101493	rs4804061
chr19	8101854	rs4804263
chr19	8102946	rs12986396
chr19	8103515	rs4289098
chr19	8105707	rs8111372
chr19	8106184	rs7258713
chr19	8108544	rs10445638
chr19	8108619	rs899207
chr19	8109766	rs3813779
chr19	8109840	rs11672038
chr19	8110711	rs12981571
chr19	8111574	rs12609936
chr19	8111756	rs12975322
chr19	8112035	rs4804264
chr19	8112061	rs4804063
chr19	8112736	rs2086149
chr19	8113119	rs11666268
chr19	8114735	rs4804267
chr19	8116153	rs12460407
chr19	8116599	rs1038081
chr19	8117736	rs17160208
chr19	8121635	rs4527136
chr19	8126517	rs3813778
chr19	8127406	rs12327845
chr19	8131338	rs3813777
chr19	8131560	rs4804271
chr19	8131615	rs3813774
chr19	8136167	rs8112525
chr19	8137489	rs2061776
chr19	8138444	rs7246376
chr19	8141864	rs12162233
chr19	8145042	rs899208
chr19	8150086	rs11260062
chr19	8152882	rs12150883
chr19	8154949	rs1004873
chr19	8155349	rs10409055
chr19	8161145	rs6422428
chr19	8167850	rs10416763
chr19	8169793	rs8104875
chr19	8175529	rs8110054
chr19	8177627	rs8112582
chr19	8182887	rs4580307
chr19	8185726	rs7250249
chr19	8188272	rs11669207
chr19	8196772	rs7249838
chr19	8201696	rs4804287
chr19	8206837	rs7258249
chr19	8220723	rs11666866
chr19	8224635	rs1466448
chr19	8233527	rs2967625
chr19	8238766	rs1466447
chr19	8238821	rs1007545
chr19	8239292	rs6603157
chr19	8240758	rs1124626
chr19	8242299	rs1542538
chr19	8242775	rs17160311
chr19	8243428	rs11666971
chr19	8243562	rs2967622
chr19	8244073	rs11672652
chr19	8248128	rs12973288
chr19	8248450	rs12974053
chr19	8249969	rs17160332
chr19	8250963	rs379983
chr19	8251426	rs17160333
chr19	8253995	rs367443
chr19	8254571	rs11881630
chr19	8255671	rs17159388
chr19	8256006	rs2306199
chr19	8257053	rs1127912
chr19	8257062	rs36247
chr19	8257185	rs36249
chr19	8259463	rs2927714
chr19	8259952	rs2913987
chr19	8260009	rs36253
chr19	8261360	rs36258
chr19	8261982	rs17160348
chr19	8262020	rs36259
chr19	8262618	rs28133
chr19	8266126	rs2967692
chr19	8266491	rs193933
chr19	8269396	rs250508
chr19	8270055	rs638966
chr19	8270805	rs7250584
chr19	8302149	rs250510
chr19	8302274	rs9426
chr19	8302825	rs2336573
chr19	8303910	rs2232783
chr19	8305236	rs2232778
chr19	8306037	rs2927707
chr19	8308649	rs2232767
chr19	8308894	rs10409627
chr19	8309523	rs3760680
chr19	8311547	rs561
chr19	8313986	rs7249111
chr19	8317570	rs8107330
chr19	8319741	rs7250792
chr19	8321422	rs2241592
chr19	8321483	rs2241591
chr19	8321778	rs4147645
chr19	8321817	rs2241590
chr19	8322114	rs4147644
chr19	8324127	rs3760685
chr19	8324636	rs1019757
chr19	8329208	rs2972574
chr19	8333647	rs2241589
chr19	8334388	rs8106699
chr19	8338970	rs2913959
chr19	8339218	rs2913960
chr19	8344190	rs7258466
chr19	8353029	rs13344760
chr19	8354018	rs7248719
chr19	8354621	rs34661506
chr19	8356123	rs12980554
chr19	8360308	rs34367019
chr19	8366432	rs12985515
chr19	8366697	rs2278236
chr19	8371280	rs1044250
chr19	8373832	rs11672433
chr19	8381172	rs7249520
chr19	8387161	rs11666233
chr19	8387995	rs10413136
chr19	8388938	rs7254882
chr19	8392270	rs4267458
chr19	8393261	rs2967614
chr19	8394076	rs754671
chr19	8395650	rs2913973
chr19	8398747	rs7409035
chr19	8400419	rs2913969
chr19	8402351	rs2913968
chr19	8402690	rs8107834
chr19	8403453	rs2230876
chr19	8404854	rs2967605
chr19	8405079	rs2967618
chr19	8405952	rs7247467
chr19	8411432	rs11667516
chr19	8414298	rs2042898
chr19	8422069	rs10469477
chr19	8423867	rs10409969
chr19	8427690	rs2396141
chr19	8429250	rs17159300
chr19	8438141	rs3815783
chr19	8443507	rs17160489
chr19	8445529	rs7245737
chr19	8448056	rs17160491
chr19	8452502	rs563320
chr19	8453531	rs2894538
chr19	8459265	rs8110560
chr19	8463426	rs8102587
chr19	8467335	rs12610448
chr19	8469041	rs10421511
chr19	8477853	rs7255548
chr19	8478829	rs11881002
chr19	8479037	rs7259200
chr19	8482309	rs8106540
chr19	8483291	rs1599871
chr19	8483705	rs17160520
chr19	8486228	rs12977861
chr19	8487389	rs2277987
chr19	8488438	rs7507526
chr19	8489903	rs12609437
chr19	8499639	rs4804305
chr19	8501750	rs1609712
chr19	8502381	rs11667920
chr19	8502591	rs968502
chr19	8502664	rs968500
chr19	8504851	rs2967603
chr19	8506419	rs889180
chr19	8506646	rs2396105
chr19	8507045	rs11259989
chr19	8511423	rs2910443
chr19	8512984	rs2967578
chr19	8514127	rs2287863
chr19	8515718	rs2042300
chr19	8520283	rs2002073
chr19	8521202	rs1054623
chr19	8522898	rs10408143
chr19	8524928	rs10417466
chr19	8527323	rs2967774
chr19	8531573	rs12462590
chr19	8531737	rs11882393
chr19	8532981	rs4804310
chr19	8545429	rs2967776
chr19	8546010	rs3111576
chr19	8548030	rs17160563
chr19	8550384	rs2303686
chr19	8550705	rs4804311
chr19	8551036	rs2013882
chr19	8554577	rs2913925
chr19	8564616	rs12460069
chr19	8567703	rs10416597
chr19	8569059	rs11672367
chr19	8569882	rs11259990
chr19	8571225	rs12460946
chr19	8574209	rs12611122
chr19	8575632	rs4804314
chr19	8577276	rs4542783
chr19	8578098	rs34367204
chr19	8590032	rs3923268
chr19	8591397	rs8106916
chr19	8592282	rs9749567
chr19	8592355	rs7257351
chr19	8595120	rs3936234
chr19	8596006	rs28433973
chr19	8600792	rs6603092
chr19	8601988	rs7257902
chr19	8603237	rs8108747
chr19	8607115	rs7249094
chr19	8608107	rs7254309
chr19	8609002	rs10401300
chr19	8615321	rs12610444
chr19	8629296	rs8189702
chr19	8631070	rs7254400
chr19	8631741	rs10421549
chr19	8641510	rs1561405
chr19	8641646	rs1561406
chr19	8645443	rs2118706
chr19	8648365	rs2967721
chr19	8650346	rs2918316
chr19	8650805	rs2967723
chr19	8660220	rs2918311
chr19	8662244	rs2967726
chr19	8665203	rs12461770
chr19	8667046	rs1030929
chr19	8668682	rs4804075
chr19	8673543	rs9305032
chr19	8674646	rs12611036
chr19	8676116	rs2967683
chr19	8676789	rs2967684
chr19	8677192	rs2918300
chr19	8677305	rs4804078
chr19	8678966	rs10422871
chr19	8679179	rs2967674
chr19	8679223	rs2967675
chr19	8679393	rs11085873
chr19	8679751	rs7253377
chr19	8681110	rs10414553
chr19	8695977	rs3764551
chr19	8698023	rs4804079
chr19	8698550	rs10410943
chr19	8699049	rs11086000
chr19	8700228	rs7254503
chr19	8701738	rs7248922
chr19	8702698	rs214737
chr19	8704544	rs301407
chr19	8704900	rs301409
chr19	8705006	rs301410
chr19	8707944	rs301415
chr19	8714219	rs301424
chr19	8719669	rs17415563
chr19	8720461	rs476874
chr19	8721955	rs7257704
chr19	8723912	rs36243
chr19	8724079	rs36242
chr19	8729197	rs36241
chr19	8730717	rs36240
chr19	8731196	rs28324
chr19	8737202	rs2967706
chr19	8738496	rs2967632
chr19	8794381	rs2918294
chr19	8802992	rs654188
chr19	8804153	rs173654
chr19	8809491	rs2967745
chr19	8810308	rs2910344
chr19	8810357	rs250316
chr19	8810810	rs1582532
chr19	8812441	rs250315
chr19	8814724	rs250313
chr19	8817791	rs2967764
chr19	8821712	rs2967727
chr19	8822385	rs11665827
chr19	8824231	rs2967749
chr19	8824742	rs1423049
chr19	8825992	rs11673544
chr19	8831041	rs2910368
chr19	8840208	rs4804367
chr19	8841379	rs8100230
chr19	8841455	rs8108883
chr19	8842004	rs2969293
chr19	8843125	rs2969292
chr19	8843246	rs2972588
chr19	8843412	rs17417136
chr19	8846295	rs8105922
chr19	8857873	rs1862456
chr19	8862308	rs10406670
chr19	8862541	rs10412487
chr19	8865795	rs3764554
chr19	8866037	rs3764552
chr19	8870145	rs10419875
chr19	8871470	rs3752140
chr19	8872553	rs12971772
chr19	8875853	rs11881361
chr19	8876542	rs3764556
chr19	8885177	rs11672574
chr19	8886019	rs3829661
chr19	8888999	rs11085766
chr19	8890176	rs12985992
chr19	8891146	rs12976111
chr19	8891310	rs12461757
chr19	8895043	rs4804375
chr19	8902679	rs10854117
chr19	8904762	rs34556045
chr19	8908753	rs881877
chr19	8909535	rs11882373
chr19	8909990	rs11085780
chr19	8915975	rs7260214
chr19	8917756	rs10411029
chr19	8918835	rs2341321
chr19	8922872	rs11669700
chr19	8926484	rs12981608
chr19	8928020	rs12978064
chr19	8928155	rs7256710
chr19	8930056	rs17000460
chr19	8930309	rs17000495
chr19	8931001	rs8105270
chr19	8933858	rs17515517
chr19	8934842	rs12984694
chr19	8936200	rs4804378
chr19	8936591	rs10410169
chr19	8938473	rs12461007
chr19	8941560	rs7507380
chr19	8946254	rs918535
chr19	8946265	rs10410136
chr19	8947011	rs1895364
chr19	8947045	rs2216662
chr19	8948556	rs12710265
chr19	8949132	rs7508222
chr19	8949865	rs11882256
chr19	8949980	rs2216663
chr19	8950136	rs1820099
chr19	8951739	rs12978757
chr19	8951868	rs2547063
chr19	8953002	rs2547064
chr19	8954834	rs1867692
chr19	8954956	rs1867691
chr19	8955583	rs17000770
chr19	8957854	rs7250080
chr19	8959116	rs1862458
chr19	8959216	rs1862460
chr19	8959518	rs1344572
chr19	8959726	rs12150888
chr19	8960161	rs2547067
chr19	8961620	rs7254970
chr19	8962066	rs2591590
chr19	8962299	rs17000816
chr19	8963589	rs10406209
chr19	8964274	rs2591591
chr19	8964889	rs17000836
chr19	8964959	rs2547070
chr19	8965293	rs2591593
chr19	8965407	rs2547072
chr19	8965602	rs953551
chr19	8966052	rs2591594
chr19	8966182	rs2547074
chr19	8966274	rs2547076
chr19	8966315	rs2591595
chr19	8966520	rs7254941
chr19	8966588	rs1862461
chr19	8966760	rs1862462
chr19	8967127	rs2591597
chr19	8967226	rs2547077
chr19	8967514	rs2431795
chr19	8968788	rs2431791
chr19	8971091	rs1584168
chr19	8972448	rs12608495
chr19	8972467	rs7245949
chr19	8972498	rs7245960
chr19	8972751	rs1609453
chr19	8973114	rs10402994
chr19	8973507	rs1609460
chr19	8973540	rs1609459
chr19	8974328	rs11085805
chr19	8974967	rs1574479
chr19	8975282	rs1108380
chr19	8975447	rs10402812
chr19	8975642	rs4520945
chr19	8976143	rs1823056
chr19	8977082	rs12611293
chr19	8977341	rs1596797
chr19	8977654	rs17000947
chr19	8978046	rs17000948
chr19	8979506	rs17000957
chr19	8985576	rs4408643
chr19	8985628	rs4435373
chr19	8986913	rs4239544
chr19	8988377	rs4804386
chr19	8988584	rs10421224
chr19	8989053	rs13344438
chr19	8990996	rs8111161
chr19	8991389	rs10416595
chr19	8991639	rs10417520
chr19	8993476	rs11882828
chr19	8994223	rs10407491
chr19	8994295	rs10418864
chr19	8994430	rs10407948
chr19	8995829	rs10426146
chr19	8995948	rs12979861
chr19	8996756	rs10426826
chr19	8997567	rs8111366
chr19	8997717	rs8111512
chr19	8997889	rs11880371
chr19	8999016	rs10416111
chr19	8999755	rs1609454
chr19	9000303	rs11666596
chr19	9007643	rs1469082
chr19	9007827	rs1469081
chr19	9008566	rs4804394
chr19	9018261	rs12462351
chr19	9031263	rs8101404
chr19	9032249	rs8100377
chr19	9032443	rs6511831
chr19	9035796	rs8109594
chr19	9040162	rs6511838
chr19	9047528	rs7249334
chr19	9057910	rs13345002
chr19	9057996	rs12978278
chr19	9059299	rs8110375
chr19	9061506	rs11670174
chr19	9061588	rs12972439
chr19	9065951	rs12609748
chr19	9073930	rs10413384
chr19	9080927	rs2436461
chr19	9084392	rs4804397
chr19	9084922	rs2441035
chr19	9086049	rs2591605
chr19	9088286	rs7258981
chr19	9088550	rs1823058
chr19	9088586	rs2591602
chr19	9089341	rs2569402
chr19	9091409	rs2053074
chr19	9093631	rs4804097
chr19	9093682	rs7259007
chr19	9097510	rs10409375
chr19	9102350	rs4804400
chr19	9102403	rs4804401
chr19	9102456	rs12610094
chr19	9107378	rs2335072
chr19	9107449	rs955628
chr19	9110502	rs11883139
chr19	9110898	rs8110010
chr19	9110911	rs8101495
chr19	9112013	rs12976036
chr19	9113111	rs28479520
chr19	9115009	rs2195951
chr19	9115264	rs7246969
chr19	9115297	rs7246980
chr19	9115516	rs6511874
chr19	9116564	rs17001807
chr19	9117520	rs1036224
chr19	9121131	rs7249770
chr19	9121939	rs4386239
chr19	9122097	rs4395187
chr19	9126210	rs10424352
chr19	9126866	rs10414255
chr19	9132582	rs17001928
chr19	9133217	rs8113531
chr19	9133446	rs10427155
chr19	9134492	rs8107410
chr19	9135529	rs714395
chr19	9139694	rs8103016
chr19	9140544	rs17002013
chr19	9141167	rs17238795
chr19	9142463	rs10408924
chr19	9143275	rs8104182
chr19	9143666	rs2033483
chr19	9145570	rs17002039
chr19	9146749	rs7256391
chr19	9147974	rs8100137
chr19	9148740	rs17304527
chr19	9151336	rs8109550
chr19	9152860	rs12610559
chr19	9154005	rs8112516
chr19	9154053	rs8110023
chr19	9155620	rs16978581
chr19	9156643	rs3752199
chr19	9157585	rs3829682
chr19	9161293	rs9305035
chr19	9161578	rs10445619
chr19	9162624	rs1045354
chr19	9163124	rs10129
chr19	9177962	rs10412817
chr19	9178363	rs12610639
chr19	9180514	rs10417371
chr19	9180632	rs16978679
chr19	9184915	rs10405511
chr19	9187198	rs7246654
chr19	9187688	rs6511918
chr19	9188900	rs7254803
chr19	9190343	rs7247387
chr19	9190490	rs13345998
chr19	9191318	rs2005850
chr19	9193409	rs878246
chr19	9198814	rs6511929
chr19	9203459	rs10415904
chr19	9206449	rs7260343
chr19	9207166	rs8102176
chr19	9207188	rs8102181
chr19	9208547	rs10407714
chr19	9214187	rs8109935
chr19	9217986	rs8101575
chr19	9219516	rs10412966
chr19	9219760	rs10402800
chr19	9228723	rs7260166
chr19	9233179	rs7252788
chr19	9233263	rs8109800
chr19	9234999	rs1476853
chr19	9236086	rs2015157
chr19	9237910	rs2191667
chr19	9238691	rs10408761
chr19	9238738	rs2109654
chr19	9238784	rs4635448
chr19	9243325	rs10407146
chr19	9243785	rs8103697
chr19	9250520	rs12609243
chr19	9250626	rs12608694
chr19	9251621	rs12980833
chr19	9251667	rs2240927
chr19	9252123	rs917707
chr19	9256072	rs10406384
chr19	9266922	rs16979286
chr19	9267040	rs10414250
chr19	9270302	rs8104971
chr19	9282434	rs10408485
chr19	9284908	rs10418968
chr19	9290483	rs12975784
chr19	9291028	rs7247108
chr19	9294238	rs16979417
chr19	9301859	rs7252865
chr19	9303220	rs10745023
chr19	9307508	rs2033482
chr19	9312940	rs2099337
chr19	9324196	rs28384491
chr19	9327136	rs6512047
chr19	9328191	rs10411146
chr19	9331837	rs7256609
chr19	9332656	rs10401135
chr19	9338241	rs8113427
chr19	9338661	rs8110584
chr19	9339353	rs16979618
chr19	9339509	rs4442926
chr19	9340901	rs17265036
chr19	9342203	rs16979670
chr19	9343497	rs13535
chr19	9344300	rs8103043
chr19	9345120	rs7255812
chr19	9345554	rs7253373
chr19	9346570	rs1865040
chr19	9359072	rs17205697
chr19	9361060	rs3760752
chr19	9362525	rs2278407
chr19	9362553	rs2278406
chr19	9363957	rs10500207
chr19	9365877	rs10423538
chr19	9370121	rs2878451
chr19	9374259	rs8100020
chr19	9374553	rs8103099
chr19	9377132	rs1347166
chr19	9377502	rs10416662
chr19	9377785	rs8103270
chr19	9378778	rs11671851
chr19	9379752	rs10411115
chr19	9379766	rs17265697
chr19	9380138	rs2217652
chr19	9381465	rs3826783
chr19	9383590	rs1433062
chr19	9387639	rs8112842
chr19	9390037	rs8102146
chr19	9391911	rs11672602
chr19	9392900	rs7254016
chr19	9393425	rs7257650
chr19	9404524	rs4804436
chr19	9407655	rs8108167
chr19	9408777	rs6512109
chr19	9412048	rs6512110
chr19	9412824	rs7245664
chr19	9413048	rs10515
chr19	9413509	rs2241356
chr19	9419394	rs1978712
chr19	9420440	rs1978435
chr19	9421017	rs11880207
chr19	9421620	rs16995435
chr19	9423129	rs6512121
chr19	9423625	rs7254750
chr19	9424291	rs7258744
chr19	9424305	rs7246415
chr19	9425527	rs10411141
chr19	9427905	rs10403167
chr19	9431157	rs10404721
chr19	9431331	rs11673601
chr19	9434354	rs8108483
chr19	9435653	rs1433060
chr19	9435675	rs6512130
chr19	9445179	rs4804108
chr19	9453501	rs11670509
chr19	9457601	rs4804446
chr19	9457701	rs8103159
chr19	9460685	rs12983449
chr19	9469358	rs2287698
chr19	9470190	rs7257399
chr19	9473128	rs10408343
chr19	9476043	rs10423752
chr19	9487911	rs971366
chr19	9488358	rs10415281
chr19	9490479	rs11669128
chr19	9490715	rs10419036
chr19	9493075	rs2112527
chr19	9495063	rs10402626
chr19	9495785	rs10854157
chr19	9504658	rs2335944
chr19	9512431	rs2161285
chr19	9519248	rs8111172
chr19	9519344	rs17367373
chr19	9527012	rs11666253
chr19	9527547	rs4804111
chr19	9534534	rs17207518
chr19	9535910	rs733102
chr19	9536186	rs2042199
chr19	9536222	rs2042200
chr19	9556559	rs12459211
chr19	9556576	rs12462175
chr19	9558053	rs2004438
chr19	9558792	rs1203010
chr19	9560555	rs1141153
chr19	9567859	rs1559200
chr19	9568072	rs12462832
chr19	9572039	rs7252361
chr19	9573588	rs12461537
chr19	9577661	rs10417481
chr19	9580018	rs34164697
chr19	9581164	rs12463289
chr19	9581881	rs8102702
chr19	9586249	rs12461440
chr19	9598757	rs10401405
chr19	9604755	rs7256212
chr19	9612747	rs10422772
chr19	9617674	rs10420371
chr19	9620637	rs10407111
chr19	9621174	rs10401707
chr19	9621289	rs28384439
chr19	9629670	rs11085238
chr19	9630447	rs10405652
chr19	9630540	rs10411082
chr19	9644772	rs9304957
chr19	9652476	rs12977468
chr19	9654690	rs10405845
chr19	9655359	rs7249924
chr19	9658249	rs10418705
chr19	9661182	rs1981834
chr19	9668100	rs7259075
chr19	9668632	rs1593001
chr19	9670678	rs10422028
chr19	9673405	rs8104514
chr19	9681224	rs8101075
chr19	9689614	rs10500208
chr19	9693130	rs16982090
chr19	9693748	rs16981648
chr19	9695016	rs1820114
chr19	9699362	rs11881590
chr19	9703676	rs10423465
chr19	9704486	rs12104234
chr19	9707353	rs13345301
chr19	9708457	rs10407737
chr19	9708878	rs8107577
chr19	9718627	rs7258907
chr19	9720508	rs2112837
chr19	9724944	rs10414758
chr19	9734043	rs10405818
chr19	9735954	rs10421933
chr19	9742969	rs12461767
chr19	9746309	rs12976807
chr19	9751958	rs10416140
chr19	9752807	rs10415132
chr19	9757728	rs10414485
chr19	9768019	rs7247038
chr19	9770580	rs10419441
chr19	9775607	rs7246772
chr19	9787301	rs7248466
chr19	9802241	rs10425775
chr19	9807553	rs7246760
chr19	9810429	rs875338
chr19	9817368	rs2081066
chr19	9818362	rs10416236
chr19	9822155	rs3859512
chr19	9829155	rs10421336
chr19	9831987	rs36004828
chr19	9834678	rs2233679
chr19	9836241	rs1077220
chr19	9839451	rs8104651
chr19	9841240	rs889162
chr19	9848880	rs4804461
chr19	9850870	rs730554
chr19	9854270	rs11556088
chr19	9857463	rs11556087
chr19	9857758	rs2303100
chr19	9860960	rs10415033
chr19	9861741	rs12609594
chr19	9863616	rs929802
chr19	9867790	rs4804467
chr19	9871658	rs5004102
chr19	9872134	rs16996255
chr19	9878276	rs4804469
chr19	9878794	rs12610468
chr19	9880838	rs10426341
chr19	9885191	rs889122
chr19	9886542	rs9304984
chr19	9886562	rs16996444
chr19	9887685	rs1964291
chr19	9889630	rs8113425
chr19	9890249	rs12979274
chr19	9897565	rs4239546
chr19	9905794	rs6511244
chr19	9906425	rs7250025
chr19	9915874	rs4804474
chr19	9916794	rs8104943
chr19	9921069	rs6511267
chr19	9934449	rs6511284
chr19	9939508	rs8100015
chr19	9945709	rs10425175
chr19	9948752	rs12459673
chr19	9951773	rs12459143
chr19	9952769	rs889130
chr19	9957837	rs12461967
chr19	9959824	rs13822
chr19	9960387	rs10406152
chr19	9960671	rs2277969
chr19	9960993	rs2277968
chr19	9961234	rs16996952
chr19	9962648	rs12461154
chr19	9966482	rs3745582
chr19	9967913	rs3815748
chr19	9968417	rs3815746
chr19	9976524	rs2287810
chr19	9981834	rs11878348
chr19	9982352	rs10412065
chr19	9986917	rs2287808
chr19	9986991	rs2287807
chr19	9989234	rs2287805
chr19	9989385	rs2287804
chr19	9991501	rs7248892
chr19	9992000	rs7252953
chr19	9992907	rs2010448
chr19	9998174	rs3745594
chr19	9998419	rs3745597
chr19	9998503	rs3745598
chr19	10000389	rs8102728
chr19	10001670	rs2287803
chr19	10002012	rs2287802
chr19	10002950	rs749259
chr19	10003995	rs2277962
chr19	10004669	rs8112026
chr19	10005699	rs2303099
chr19	10009895	rs889125
chr19	10012117	rs4804478
chr19	10013828	rs3786701
chr19	10014445	rs889121
chr19	10018586	rs1644733
chr19	10021017	rs889128
chr19	10021323	rs1644731
chr19	10021614	rs747574
chr19	10024608	rs2431820
chr19	10025011	rs1673130
chr19	10025035	rs9749171
chr19	10026987	rs10401453
chr19	10028663	rs7257146
chr19	10032406	rs10410885
chr19	10035975	rs8110654
chr19	10037688	rs10414528
chr19	10038037	rs16997771
chr19	10038455	rs17210660
chr19	10038547	rs16997792
chr19	10039050	rs1551569
chr19	10039718	rs7246637
chr19	10042927	rs8100379
chr19	10043346	rs7249755
chr19	10043997	rs10415225
chr19	10046222	rs4322768
chr19	10046543	rs11883054
chr19	10049902	rs11085554
chr19	10055191	rs10425181
chr19	10055256	rs8113341
chr19	10055557	rs10405132
chr19	10055567	rs10403535
chr19	10055577	rs10411594
chr19	10055699	rs10403787
chr19	10058532	rs17211059
chr19	10058569	rs1993466
chr19	10058585	rs11667703
chr19	10058602	rs4552116
chr19	10061840	rs10417403
chr19	10065987	rs4804480
chr19	10068981	rs897803
chr19	10070119	rs12610201
chr19	10070671	rs12610576
chr19	10071889	rs6511401
chr19	10074331	rs10409478
chr19	10077534	rs11880298
chr19	10078634	rs10153459
chr19	10080150	rs16995016
chr19	10084208	rs7255032
chr19	10085674	rs2232063
chr19	10087765	rs1979262
chr19	10092495	rs15723
chr19	10099035	rs8112063
chr19	10099810	rs10410922
chr19	10102478	rs8109578
chr19	10105511	rs3760755
chr19	10105928	rs3760756
chr19	10106787	rs28565143
chr19	10107354	rs1551570
chr19	10107656	rs2305789
chr19	10108400	rs11666402
chr19	10110966	rs11559188
chr19	10111519	rs12460842
chr19	10113872	rs3745601
chr19	10115376	rs2305795
chr19	10115580	rs7710
chr19	10116334	rs3826784
chr19	10116473	rs3826785
chr19	10118621	rs11667630
chr19	10118845	rs2290687
chr19	10127588	rs12462004
chr19	10131268	rs4804122
chr19	10135353	rs8101626
chr19	10141071	rs2290684
chr19	10143558	rs35918857
chr19	10145541	rs10418707
chr19	10146569	rs2288349
chr19	10150193	rs9305012
chr19	10154636	rs721186
chr19	10156335	rs4804490
chr19	10156401	rs2228611
chr19	10160465	rs11672909
chr19	10164984	rs8101866
chr19	10167123	rs6511677
chr19	10168778	rs2162560
chr19	10170364	rs4804125
chr19	10173256	rs2288350
chr19	10174102	rs759920
chr19	10184448	rs7253062
chr19	10192773	rs4804494
chr19	10194486	rs8112895
chr19	10199716	rs2116940
chr19	10205774	rs16999714
chr19	10206539	rs17291414
chr19	10207087	rs11085720
chr19	10207404	rs7254567
chr19	10210413	rs6511689
chr19	10217136	rs10424964
chr19	10218569	rs12983312
chr19	10219336	rs1988068
chr19	10222312	rs10409243
chr19	10223767	rs2116941
chr19	10227675	rs7246367
chr19	10228000	rs8104426
chr19	10230236	rs2288937
chr19	10235935	rs10854114
chr19	10238442	rs12610520
chr19	10239014	rs8113091
chr19	10242559	rs35765546
chr19	10245756	rs12462481
chr19	10247784	rs8110105
chr19	10255220	rs11668618
chr19	10257374	rs8111930
chr19	10258410	rs17000211
chr19	10259457	rs8104608
chr19	10259866	rs11115
chr19	10259978	rs1059849
chr19	10267209	rs12973710
chr19	10271861	rs5030390
chr19	10284116	rs1799969
chr19	10284532	rs1801714
chr19	10285007	rs5498
chr19	10285660	rs3093032
chr19	10286562	rs281437
chr19	10286727	rs3093030
chr19	10289228	rs2569693
chr19	10289628	rs281440
chr19	10292692	rs2228615
chr19	10293271	rs2569702
chr19	10297642	rs12150978
chr19	10299117	rs892188
chr19	10301842	rs11671931
chr19	10304972	rs34561079
chr19	10305105	rs2291473
chr19	10311328	rs35193259
chr19	10312563	rs8101365
chr19	10313199	rs12983510
chr19	10314275	rs430092
chr19	10314339	rs12462703
chr19	10315746	rs378395
chr19	10316570	rs1045384
chr19	10318114	rs12459144
chr19	10318890	rs3745264
chr19	10324817	rs281423
chr19	10325886	rs7507634
chr19	10327765	rs11673632
chr19	10328825	rs3745263
chr19	10330441	rs3181049
chr19	10334150	rs2278442
chr19	10335892	rs2304237
chr19	10336058	rs281413
chr19	10338576	rs7257871
chr19	10338674	rs2304239
chr19	10338682	rs7258015
chr19	10338716	rs2304240
chr19	10338838	rs17697947
chr19	10338989	rs3176768
chr19	10339075	rs3176767
chr19	10339609	rs281414
chr19	10347871	rs510506
chr19	10355156	rs8108236
chr19	10359299	rs12720356
chr19	10361301	rs12720279
chr19	10361776	rs12720355
chr19	10362257	rs280519
chr19	10362716	rs280521
chr19	10364024	rs6511695
chr19	10364976	rs2304256
chr19	10366456	rs12720263
chr19	10366530	rs280523
chr19	10366622	rs12720352
chr19	10368007	rs12720253
chr19	10368269	rs6511696
chr19	10371675	rs12720235
chr19	10378495	rs12720222
chr19	10379726	rs280500
chr19	10380181	rs12720219
chr19	10380212	rs12720218
chr19	10380646	rs280501
chr19	10380799	rs280502
chr19	10391064	rs12611227
chr19	10398689	rs7254474
chr19	10401724	rs12982179
chr19	10402235	rs11879191
chr19	10405522	rs2129944
chr19	10408734	rs17697965
chr19	10409388	rs8112449
chr19	10409838	rs12978105
chr19	10411921	rs6417247
chr19	10415333	rs6511698
chr19	10426592	rs1352426
chr19	10431934	rs11878850
chr19	10436095	rs11670504
chr19	10447570	rs8110715
chr19	10457843	rs4804134
chr19	10458967	rs2358681
chr19	10467167	rs1051738
chr19	10468798	rs7256672
chr19	10478360	rs10416653
chr19	10478746	rs4804505
chr19	10480008	rs11666263
chr19	10482961	rs34197572
chr19	10486104	rs9676881
chr19	10489289	rs11545829
chr19	10491504	rs11085735
chr19	10497388	rs8113472
chr19	10498643	rs36009424
chr19	10499560	rs1048287
chr19	10505627	rs11668429
chr19	10505968	rs13346189
chr19	10510367	rs12973899
chr19	10510432	rs7246953
chr19	10515120	rs10416073
chr19	10516093	rs10402752
chr19	10516646	rs10416139
chr19	10517872	rs12460981
chr19	10518784	rs34924007
chr19	10523308	rs10407947
chr19	10523588	rs6511702
chr19	10529704	rs7251213
chr19	10532676	rs11670254
chr19	10534819	rs10439163
chr19	10538257	rs7248036
chr19	10540495	rs4371270
chr19	10551099	rs8108051
chr19	10552489	rs7255312
chr19	10553956	rs3087689
chr19	10555436	rs12459941
chr19	10555774	rs6511703
chr19	10555992	rs1560688
chr19	10557776	rs3745255
chr19	10557997	rs1982074
chr19	10558277	rs875569
chr19	10558356	rs892084
chr19	10560118	rs3745250
chr19	10560316	rs3745249
chr19	10561218	rs11545166
chr19	10561817	rs12984043
chr19	10564888	rs3745247
chr19	10565747	rs3745245
chr19	10566005	rs3218222
chr19	10568166	rs1465701
chr19	10569427	rs3760648
chr19	10569565	rs17677316
chr19	10570965	rs4804509
chr19	10572801	rs7253965
chr19	10574833	rs2304162
chr19	10575447	rs10403668
chr19	10577081	rs7252007
chr19	10580647	rs12978228
chr19	10581324	rs1045361
chr19	10581453	rs2304160
chr19	10583563	rs11085739
chr19	10583568	rs11085740
chr19	10586528	rs12609501
chr19	10590583	rs8107703
chr19	10591157	rs12983573
chr19	10595701	rs11665795
chr19	10598016	rs8105074
chr19	10598918	rs11668224
chr19	10603382	rs7253253
chr19	10603757	rs12460655
chr19	10608806	rs10418550
chr19	10616338	rs10420809
chr19	10617354	rs8106664
chr19	10621069	rs8112355
chr19	10627963	rs3087969
chr19	10631231	rs12972963
chr19	10631494	rs2288904
chr19	10631611	rs1560711
chr19	10637445	rs3843751
chr19	10638144	rs3859514
chr19	10640062	rs1560707
chr19	10642292	rs10405617
chr19	10643724	rs1053007
chr19	10644229	rs10948
chr19	10648766	rs11085743
chr19	10654238	rs3810154
chr19	10655143	rs7250071
chr19	10657114	rs6511707
chr19	10667971	rs8099926
chr19	10678137	rs6511708
chr19	10679486	rs2569512
chr19	10683073	rs2738039
chr19	10684117	rs892087
chr19	10689074	rs2742313
chr19	10690509	rs8102380
chr19	10692116	rs13465
chr19	10692719	rs2010492
chr19	10702688	rs4425006
chr19	10707416	rs892085
chr19	10709291	rs11085744
chr19	10713264	rs11672431
chr19	10714239	rs11085745
chr19	10719605	rs12974306
chr19	10720997	rs4334414
chr19	10721125	rs8105939
chr19	10724729	rs714307
chr19	10727001	rs892086
chr19	10727810	rs11671653
chr19	10729525	rs10404348
chr19	10730373	rs1560734
chr19	10735316	rs12052163
chr19	10738518	rs8113029
chr19	10742620	rs4804523
chr19	10745105	rs12463204
chr19	10745742	rs7247567
chr19	10748474	rs8107122
chr19	10754102	rs12463117
chr19	10756543	rs10775614
chr19	10756772	rs4804524
chr19	10766165	rs7246673
chr19	10766711	rs10414743
chr19	10768167	rs1806625
chr19	10770339	rs9305018
chr19	10775530	rs4804528
chr19	10777948	rs11666518
chr19	10778793	rs8106691
chr19	10780563	rs2043332
chr19	10783564	rs4296360
chr19	10784052	rs873016
chr19	10784703	rs7251668
chr19	10786937	rs8102648
chr19	10789957	rs11666111
chr19	10792118	rs17616023
chr19	10794024	rs2278444
chr19	10796610	rs34516961
chr19	10799238	rs17698352
chr19	10799277	rs11881315
chr19	10803073	rs3786715
chr19	10804355	rs8108854
chr19	10805249	rs3826804
chr19	10816864	rs11085748
chr19	10829116	rs2229920
chr19	10833364	rs12611335
chr19	10836846	rs3760781
chr19	10837355	rs17001002
chr19	10845249	rs11673064
chr19	10850597	rs11085749
chr19	10854594	rs11878377
chr19	10859882	rs8100581
chr19	10870676	rs12460421
chr19	10876337	rs1541596
chr19	10881151	rs11880628
chr19	10882048	rs12977506
chr19	10887343	rs4804543
chr19	10890569	rs4804544
chr19	10892186	rs1549926
chr19	10894157	rs11670365
chr19	10904261	rs12971616
chr19	10907727	rs892011
chr19	10908905	rs11667234
chr19	10909318	rs4804546
chr19	10912758	rs1529711
chr19	10916950	rs2304088
chr19	10918638	rs2053065
chr19	10918993	rs2053064
chr19	10919988	rs2288843
chr19	10924928	rs12985197
chr19	10932067	rs8106381
chr19	10933689	rs35887384
chr19	10948504	rs17842117
chr19	10954733	rs11085752
chr19	10961934	rs11879293
chr19	10965030	rs2163800
chr19	10972534	rs4804554
chr19	10974318	rs12610607
chr19	10976070	rs17001070
chr19	10977123	rs11672797
chr19	10979170	rs12459603
chr19	10981463	rs11669133
chr19	10989099	rs17001072
chr19	10991317	rs17001073
chr19	10993445	rs17001074
chr19	10994917	rs17001075
chr19	10994932	rs7935
chr19	10996457	rs2304087
chr19	11001765	rs17678136
chr19	11002975	rs17001078
chr19	11003676	rs12983316
chr19	11005590	rs13345127
chr19	11006760	rs17001086
chr19	11008035	rs17001090
chr19	11010261	rs17616318
chr19	11017920	rs11085754
chr19	11021404	rs12232780
chr19	11022596	rs17001095
chr19	11023151	rs12609589
chr19	11024978	rs12460263
chr19	11025639	rs2075022
chr19	11027550	rs1019194
chr19	11028960	rs12610693
chr19	11029468	rs4804561
chr19	11030027	rs17304534
chr19	11035015	rs28997582
chr19	11035823	rs3786721
chr19	11041974	rs2072382
chr19	11048849	rs12052058
chr19	11050861	rs3786722
chr19	11052886	rs1529729
chr19	11052925	rs1122608
chr19	11053221	rs1529728
chr19	11054114	rs6511719
chr19	11056151	rs3786725
chr19	11058220	rs8104480
chr19	11059271	rs7258189
chr19	11060163	rs7275
chr19	11062453	rs10411606
chr19	11063949	rs8099996
chr19	11066732	rs10415811
chr19	11069371	rs8102273
chr19	11076035	rs9305020
chr19	11081550	rs7249753
chr19	11084147	rs11672123
chr19	11084354	rs11668477
chr19	11089736	rs12981050
chr19	11091630	rs6511720
chr19	11100236	rs2228671
chr19	11107550	rs13306513
chr19	11108289	rs2569556
chr19	11111624	rs11669576
chr19	11113505	rs1003723
chr19	11113589	rs5930
chr19	11116124	rs5929
chr19	11116268	rs4508523
chr19	11116878	rs1799898
chr19	11116926	rs688
chr19	11120205	rs5925
chr19	11123265	rs5927
chr19	11126128	rs2738456
chr19	11127872	rs2569538
chr19	11128299	rs2304181
chr19	11129377	rs2569537
chr19	11131134	rs2116898
chr19	11131201	rs2116897
chr19	11131239	rs6413504
chr19	11131368	rs14158
chr19	11131457	rs3826810
chr19	11131820	rs2738465
chr19	11131982	rs1433099
chr19	11132089	rs2738466
chr19	11132119	rs17242677
chr19	11132769	rs5742911
chr19	11145383	rs4804570
chr19	11145500	rs4804146
chr19	11145609	rs4804147
chr19	11146211	rs10402592
chr19	11146306	rs2163839
chr19	11146342	rs11557092
chr19	11147755	rs11881058
chr19	11147962	rs8111157
chr19	11152817	rs11878885
chr19	11152974	rs892115
chr19	11155908	rs892114
chr19	11156017	rs7251031
chr19	11157880	rs7247404
chr19	11160191	rs4804148
chr19	11164200	rs4600574
chr19	11164463	rs7188
chr19	11164582	rs7187
chr19	11165166	rs3185010
chr19	11165258	rs892113
chr19	11166068	rs892112
chr19	11166398	rs4804572
chr19	11173352	rs4804149
chr19	11173626	rs379309
chr19	11173807	rs370229
chr19	11173863	rs387865
chr19	11174714	rs440677
chr19	11176029	rs11880059
chr19	11183133	rs17678521
chr19	11190471	rs8111456
chr19	11192131	rs7249565
chr19	11192878	rs17616661
chr19	11193728	rs755237
chr19	11194569	rs754528
chr19	11195589	rs7250778
chr19	11199195	rs12980863
chr19	11202580	rs3745682
chr19	11205141	rs6511727
chr19	11206806	rs4804574
chr19	11208815	rs8409
chr19	11211029	rs8113156
chr19	11216895	rs4804150
chr19	11216932	rs4804151
chr19	11216950	rs4804152
chr19	11220266	rs17699030
chr19	11221829	rs3826815
chr19	11222920	rs3810308
chr19	11223111	rs3810309
chr19	11223503	rs4804154
chr19	11229381	rs17001244
chr19	11229566	rs10418759
chr19	11230353	rs1865063
chr19	11230959	rs10406522
chr19	11232027	rs12979813
chr19	11235576	rs6511729
chr19	11236817	rs737337
chr19	11237845	rs3745683
chr19	11238235	rs7252937
chr19	11238284	rs12609039
chr19	11239812	rs2278426
chr19	11247764	rs2116877
chr19	11248024	rs4804579
chr19	11248123	rs12978266
chr19	11248808	rs2116876
chr19	11253819	rs7252293
chr19	11261401	rs7248924
chr19	11263999	rs416231
chr19	11265999	rs376047
chr19	11266912	rs322131
chr19	11267263	rs322132
chr19	11267299	rs322133
chr19	11269536	rs4804158
chr19	11271299	rs638137
chr19	11275549	rs375323
chr19	11281755	rs376642
chr19	11290429	rs322129
chr19	11293797	rs367996
chr19	11294001	rs450069
chr19	11294842	rs412934
chr19	11295128	rs1975776
chr19	11296276	rs374409
chr19	11296639	rs94517
chr19	11298236	rs17001344
chr19	11298385	rs377665
chr19	11298818	rs423304
chr19	11299008	rs422496
chr19	11299465	rs414852
chr19	11300786	rs12327600
chr19	11300976	rs12327783
chr19	11301192	rs420703
chr19	11303675	rs322153
chr19	11306524	rs322151
chr19	11309618	rs7248896
chr19	11314421	rs322143
chr19	11315963	rs322141
chr19	11322274	rs7417
chr19	11323223	rs386670
chr19	11323254	rs383547
chr19	11325166	rs172757
chr19	11327346	rs10422156
chr19	11335111	rs34272088
chr19	11335844	rs3816864
chr19	11336275	rs172731
chr19	11344363	rs7245780
chr19	11346901	rs36106958
chr19	11348063	rs11882629
chr19	11348584	rs12976608
chr19	11354453	rs7251786
chr19	11354857	rs34764693
chr19	11362739	rs12983706
chr19	11363659	rs8108707
chr19	11365923	rs317914
chr19	11366108	rs317915
chr19	11369962	rs17719222
chr19	11384028	rs4804162
chr19	11386428	rs318720
chr19	11387538	rs17719234
chr19	11390564	rs318699
chr19	11391615	rs4804164
chr19	11397077	rs366336
chr19	11397179	rs3816865
chr19	11397501	rs2291516
chr19	11398333	rs8104158
chr19	11399638	rs317913
chr19	11399695	rs12608612
chr19	11402833	rs222603
chr19	11405331	rs10416704
chr19	11414719	rs4804592
chr19	11420604	rs34081
chr19	11425755	rs501257
chr19	11425820	rs40501
chr19	11425829	rs34103
chr19	11426557	rs11879596
chr19	11430865	rs34095
chr19	11430892	rs34094
chr19	11431371	rs34092
chr19	11432642	rs34088
chr19	11438437	rs318697
chr19	11442095	rs313624
chr19	11448343	rs160841
chr19	11448881	rs1971206
chr19	11449532	rs755000
chr19	11450814	rs8616
chr19	11457607	rs28440978
chr19	11457707	rs311786
chr19	11457796	rs311784
chr19	11458501	rs2242112
chr19	11460095	rs311780
chr19	11463146	rs170172
chr19	11465982	rs10404693
chr19	11469291	rs28498052
chr19	11469791	rs7257898
chr19	11473910	rs645170
chr19	11474003	rs17638167
chr19	11477590	rs1671825
chr19	11481388	rs311804
chr19	11483230	rs11878849
chr19	11485482	rs2302972
chr19	11487668	rs311805
chr19	11493415	rs17447356
chr19	11496502	rs7508575
chr19	11498116	rs2287671
chr19	11499054	rs1966480
chr19	11499109	rs311799
chr19	11499228	rs12609195
chr19	11500344	rs657435
chr19	11501498	rs625417
chr19	11501651	rs645584
chr19	11501683	rs624899
chr19	11505992	rs1062958
chr19	11507317	rs7254233
chr19	11507815	rs34803265
chr19	11514465	rs17001450
chr19	11517652	rs6511735
chr19	11522391	rs10407058
chr19	11524626	rs10422292
chr19	11530236	rs8109511
chr19	11530560	rs8109248
chr19	11534191	rs11879611
chr19	11536326	rs11085784
chr19	11537611	rs8105461
chr19	11538877	rs8109708
chr19	11539642	rs13347094
chr19	11540995	rs7246527
chr19	11544412	rs8100651
chr19	11546180	rs2052474
chr19	11551075	rs7359902
chr19	11552047	rs1549169
chr19	11552405	rs7359988
chr19	11552663	rs7359858
chr19	11553253	rs8606
chr19	11555677	rs3810313
chr19	11555776	rs3848587
chr19	11555868	rs10421961
chr19	11559307	rs10403711
chr19	11560612	rs974697
chr19	11563479	rs12984574
chr19	11571680	rs7253363
chr19	11576380	rs2229531
chr19	11576536	rs2305799
chr19	11577645	rs2071484
chr19	11578343	rs3760780
chr19	11579096	rs7256770
chr19	11583666	rs11881292
chr19	11587323	rs889366
chr19	11587942	rs897811
chr19	11593790	rs12972855
chr19	11593815	rs11667775
chr19	11596125	rs12972904
chr19	11596451	rs8112083
chr19	11598669	rs17001471
chr19	11599494	rs9807915
chr19	11603118	rs9973303
chr19	11609452	rs12985274
chr19	11616688	rs4545929
chr19	11617987	rs4804611
chr19	11618382	rs4804612
chr19	11618890	rs7531
chr19	11619875	rs4804613
chr19	11624743	rs12373534
chr19	11626797	rs11879017
chr19	11635112	rs8109499
chr19	11639751	rs12973387
chr19	11647148	rs10403331
chr19	11650008	rs10426047
chr19	11652762	rs17001493
chr19	11653681	rs8100206
chr19	11656862	rs12983092
chr19	11659061	rs6511744
chr19	11659764	rs4804629
chr19	11659999	rs4804631
chr19	11660853	rs7252405
chr19	11661898	rs7258257
chr19	11662174	rs4804633
chr19	11662982	rs8101160
chr19	11665000	rs10417094
chr19	11667074	rs13345223
chr19	11674358	rs172279
chr19	11678200	rs206863
chr19	11678744	rs286293
chr19	11686054	rs286299
chr19	11686297	rs8108874
chr19	11686493	rs286300
chr19	11702972	rs34727309
chr19	11708378	rs7254781
chr19	11709702	rs286270
chr19	11709721	rs286271
chr19	11710214	rs11085792
chr19	11717595	rs11882565
chr19	11721468	rs5851
chr19	11723906	rs9749384
chr19	11726877	rs9917003
chr19	11728196	rs286268
chr19	11728780	rs10422221
chr19	11731508	rs4804636
chr19	11736800	rs286262
chr19	11737772	rs6511748
chr19	11743202	rs8105452
chr19	11747669	rs10408153
chr19	11754792	rs7252602
chr19	11755695	rs8106141
chr19	11756811	rs8103172
chr19	11759746	rs7251216
chr19	11759768	rs7251224
chr19	11762567	rs8099884
chr19	11767280	rs384148
chr19	11768605	rs383884
chr19	11769188	rs440848
chr19	11773222	rs670240
chr19	11773709	rs435368
chr19	11774962	rs444131
chr19	11776039	rs441052
chr19	11777229	rs412816
chr19	11780188	rs799193
chr19	11782153	rs10412492
chr19	11782740	rs286217
chr19	11783047	rs286218
chr19	11794128	rs425995
chr19	11794528	rs7253875
chr19	11795115	rs286224
chr19	11796087	rs286226
chr19	11797582	rs286232
chr19	11797955	rs286233
chr19	11804370	rs7254316
chr19	11808063	rs11670714
chr19	11809400	rs12977564
chr19	11810065	rs2545819
chr19	11813934	rs506267
chr19	11816936	rs286249
chr19	11819824	rs286253
chr19	11820931	rs17001671
chr19	11822223	rs386584
chr19	11827447	rs11671713
chr19	11831956	rs436411
chr19	11832882	rs400106
chr19	11834091	rs598006
chr19	11840655	rs448560
chr19	11843747	rs286246
chr19	11844817	rs2607451
chr19	11845809	rs1466308
chr19	11848242	rs2607456
chr19	11851818	rs12972457
chr19	11853393	rs282748
chr19	11855103	rs282749
chr19	11857002	rs279207
chr19	11860870	rs279210
chr19	11861684	rs279211
chr19	11868349	rs10500209
chr19	11869517	rs279215
chr19	11877508	rs279217
chr19	11879443	rs279220
chr19	11880403	rs279221
chr19	11880823	rs279223
chr19	11881147	rs12459059
chr19	11882535	rs17381158
chr19	11884693	rs2311784
chr19	11886795	rs11085797
chr19	11886830	rs279181
chr19	11903459	rs279205
chr19	11903812	rs8106238
chr19	11920972	rs279231
chr19	11926868	rs279237
chr19	11929468	rs8113106
chr19	11935521	rs279245
chr19	11943701	rs279256
chr19	11943821	rs10413462
chr19	11943974	rs279257
chr19	11944740	rs279258
chr19	11946276	rs279260
chr19	11947721	rs4804175
chr19	11954195	rs7256759
chr19	11955967	rs279266
chr19	11959770	rs7248526
chr19	11960918	rs4081726
chr19	11971325	rs10415994
chr19	11973693	rs3865486
chr19	11976323	rs403674
chr19	11979239	rs279141
chr19	11982687	rs279146
chr19	11983108	rs10084150
chr19	11985647	rs279151
chr19	11987887	rs407796
chr19	11993174	rs442158
chr19	12012019	rs10404882
chr19	12019662	rs157185
chr19	12025889	rs279171
chr19	12030712	rs1091350
chr19	12035555	rs3745672
chr19	12037347	rs4804652
chr19	12047024	rs7255420
chr19	12054955	rs7248680
chr19	12058365	rs7254564
chr19	12058496	rs7254539
chr19	12064568	rs1561408
chr19	12074287	rs7250239
chr19	12075333	rs10424893
chr19	12075946	rs7259845
chr19	12077451	rs10426455
chr19	12077502	rs10424345
chr19	12078564	rs11670621
chr19	12080418	rs17001758
chr19	12085311	rs7245815
chr19	12085375	rs8113028
chr19	12104823	rs12052173
chr19	12110885	rs10423417
chr19	12112046	rs1975349
chr19	12113357	rs8109273
chr19	12114557	rs17638629
chr19	12115958	rs8103556
chr19	12119483	rs17001788
chr19	12124663	rs269807
chr19	12137492	rs155955
chr19	12142512	rs3760779
chr19	12145543	rs12972621
chr19	12146097	rs7258368
chr19	12148508	rs271198
chr19	12150657	rs271199
chr19	12159922	rs7256668
chr19	12163706	rs893546
chr19	12165463	rs17638694
chr19	12167921	rs166601
chr19	12173693	rs269816
chr19	12180795	rs10421012
chr19	12185583	rs2271624
chr19	12186554	rs8111785
chr19	12190810	rs3745660
chr19	12198924	rs2438583
chr19	12204157	rs11670770
chr19	12208486	rs8101688
chr19	12215540	rs2459047
chr19	12221748	rs12610322
chr19	12222744	rs7255199
chr19	12230489	rs2459020
chr19	12231362	rs10164276
chr19	12241271	rs2438556
chr19	12243015	rs2438558
chr19	12244691	rs1047138
chr19	12254381	rs2438568
chr19	12259768	rs2458998
chr19	12262190	rs1399699
chr19	12262748	rs2438539
chr19	12264090	rs3106727
chr19	12267556	rs2943690
chr19	12268264	rs2458997
chr19	12274173	rs2438531
chr19	12274934	rs2459040
chr19	12277337	rs2438527
chr19	12284207	rs2438589
chr19	12286985	rs10423583
chr19	12287516	rs3098396
chr19	12288918	rs4297803
chr19	12290899	rs10426710
chr19	12293761	rs438963
chr19	12294737	rs386901
chr19	12297644	rs403386
chr19	12297778	rs776291
chr19	12299109	rs7256140
chr19	12306376	rs11672533
chr19	12307980	rs11880217
chr19	12314455	rs17001926
chr19	12315420	rs10407898
chr19	12316474	rs10422077
chr19	12324088	rs7246738
chr19	12325596	rs12610507
chr19	12325760	rs1862507
chr19	12329054	rs1593000
chr19	12330430	rs9676962
chr19	12332627	rs11671211
chr19	12335430	rs6511787
chr19	12346501	rs8105510
chr19	12354544	rs13344444
chr19	12369223	rs6511788
chr19	12373771	rs17706051
chr19	12375414	rs6511789
chr19	12378912	rs17001965
chr19	12380684	rs4804664
chr19	12381135	rs11668955
chr19	12381141	rs11668074
chr19	12381291	rs10417473
chr19	12382378	rs10404360
chr19	12383321	rs11666071
chr19	12384208	rs8105975
chr19	12384348	rs8106123
chr19	12389335	rs11672145
chr19	12395059	rs7246440
chr19	12405336	rs1035458
chr19	12412475	rs12974502
chr19	12413343	rs4804673
chr19	12414288	rs889175
chr19	12417037	rs7257082
chr19	12418855	rs6511792
chr19	12419363	rs17002025
chr19	12419938	rs12981699
chr19	12420031	rs10423458
chr19	12421516	rs2902317
chr19	12428964	rs7252927
chr19	12429064	rs4525607
chr19	12435375	rs2910987
chr19	12438271	rs9676510
chr19	12438841	rs2112843
chr19	12448899	rs8111862
chr19	12449440	rs10405981
chr19	12451697	rs10420521
chr19	12451888	rs10401289
chr19	12454882	rs17469542
chr19	12456479	rs7255130
chr19	12458456	rs7252154
chr19	12461486	rs4804194
chr19	12470249	rs11880558
chr19	12472244	rs7252657
chr19	12475571	rs12460192
chr19	12475690	rs12462209
chr19	12477305	rs731723
chr19	12478360	rs2042297
chr19	12478688	rs879456
chr19	12478912	rs1423089
chr19	12495141	rs3810306
chr19	12496343	rs7252870
chr19	12505678	rs3859517
chr19	12507885	rs7255217
chr19	12511179	rs11881952
chr19	12512213	rs17638937
chr19	12514637	rs10153481
chr19	12515647	rs11878413
chr19	12529097	rs7248145
chr19	12530418	rs4804715
chr19	12536469	rs4804716
chr19	12541040	rs7246968
chr19	12544098	rs8102143
chr19	12549962	rs12972734
chr19	12550364	rs2861412
chr19	12551043	rs12975560
chr19	12553817	rs2861410
chr19	12571167	rs4804197
chr19	12573745	rs8112261
chr19	12574343	rs4804198
chr19	12578927	rs12459123
chr19	12580371	rs7247513
chr19	12580521	rs3745652
chr19	12581187	rs3745651
chr19	12588963	rs2162863
chr19	12589470	rs8104385
chr19	12592416	rs35945052
chr19	12595149	rs7247072
chr19	12597164	rs1864081
chr19	12602274	rs34321000
chr19	12607033	rs12979795
chr19	12607537	rs8105902
chr19	12607805	rs4804202
chr19	12609032	rs10402656
chr19	12611518	rs2861405
chr19	12613831	rs983149
chr19	12615955	rs8110078
chr19	12618282	rs7257939
chr19	12621060	rs10469365
chr19	12621444	rs1529472
chr19	12623050	rs12459667
chr19	12633318	rs3087801
chr19	12633970	rs8104822
chr19	12634985	rs6511828
chr19	12641359	rs8112964
chr19	12641611	rs10411619
chr19	12644084	rs8110545
chr19	12649850	rs3815914
chr19	12651969	rs17476839
chr19	12655556	rs8107642
chr19	12658850	rs749920
chr19	12661276	rs1133330
chr19	12661449	rs2303731
chr19	12664048	rs8104821
chr19	12668356	rs1053805
chr19	12672004	rs10406655
chr19	12684975	rs7250744
chr19	12688380	rs7255750
chr19	12690901	rs7254207
chr19	12691603	rs7256839
chr19	12691667	rs7258212
chr19	12694566	rs10424461
chr19	12695134	rs10417846
chr19	12698912	rs10415831
chr19	12700231	rs722572
chr19	12700565	rs722571
chr19	12701355	rs16978628
chr19	12702785	rs10413431
chr19	12702869	rs16978630
chr19	12705745	rs7248726
chr19	12714039	rs6511835
chr19	12718883	rs6511837
chr19	12719395	rs10413249
chr19	12739152	rs896388
chr19	12747022	rs8100505
chr19	12755007	rs17706412
chr19	12756581	rs7249997
chr19	12765464	rs1205169
chr19	12779334	rs10417587
chr19	12787002	rs7250961
chr19	12791563	rs17886698
chr19	12792245	rs2229510
chr19	12794432	rs1205170
chr19	12797277	rs35866106
chr19	12800471	rs10427027
chr19	12800526	rs1205171
chr19	12800611	rs10421102
chr19	12801112	rs10422248
chr19	12801582	rs12151144
chr19	12805180	rs35741824
chr19	12806872	rs13345720
chr19	12809024	rs11882945
chr19	12810306	rs7247253
chr19	12810372	rs7247284
chr19	12815096	rs7507564
chr19	12815214	rs7507583
chr19	12818305	rs7508195
chr19	12821489	rs4804208
chr19	12825376	rs4804735
chr19	12826067	rs4804736
chr19	12831936	rs10419408
chr19	12831984	rs12609353
chr19	12837124	rs4804737
chr19	12837648	rs10424001
chr19	12840049	rs7251196
chr19	12843327	rs2305796
chr19	12844364	rs6511842
chr19	12844730	rs6511843
chr19	12847546	rs2290689
chr19	12852329	rs1078264
chr19	12852471	rs2077544
chr19	12864794	rs7256794
chr19	12871984	rs2242514
chr19	12876791	rs10404876
chr19	12878746	rs2293682
chr19	12881765	rs7249143
chr19	12883326	rs12609744
chr19	12883901	rs2280742
chr19	12888644	rs8110787
chr19	12890733	rs11085824
chr19	12891219	rs7251834
chr19	12891570	rs3745647
chr19	12896644	rs11085825
chr19	12897793	rs1060218
chr19	12899706	rs8012
chr19	12899829	rs9384
chr19	12904716	rs17706531
chr19	12907062	rs10451496
chr19	12908740	rs11667458
chr19	12913436	rs741702
chr19	12918374	rs2965214
chr19	12924192	rs1045913
chr19	12924824	rs8107173
chr19	12928470	rs2293683
chr19	12929833	rs2967890
chr19	12933730	rs2974750
chr19	12937794	rs1010222
chr19	12943967	rs1049481
chr19	12945743	rs2974752
chr19	12951169	rs2974754
chr19	12951441	rs11670236
chr19	12951849	rs2974755
chr19	12960268	rs2965216
chr19	12965307	rs11667602
chr19	12965372	rs11668444
chr19	12970275	rs11670895
chr19	12977872	rs7246919
chr19	12990382	rs10408457
chr19	12992824	rs10403210
chr19	12993213	rs10422323
chr19	12997808	rs4926172
chr19	12999094	rs4926176
chr19	13000560	rs1548546
chr19	13000821	rs10415363
chr19	13003620	rs10413329
chr19	13004666	rs10418336
chr19	13005358	rs17706798
chr19	13008718	rs7250834
chr19	13011798	rs8103241
chr19	13018047	rs10410950
chr19	13019370	rs16995241
chr19	13027768	rs12610355
chr19	13029527	rs16978855
chr19	13033248	rs10422784
chr19	13040294	rs1077151
chr19	13042221	rs4926298
chr19	13044591	rs10418716
chr19	13044895	rs10419350
chr19	13046726	rs17639568
chr19	13047864	rs931068
chr19	13047969	rs931067
chr19	13052762	rs10410538
chr19	13059410	rs10423956
chr19	13063301	rs12151089
chr19	13063498	rs11085829
chr19	13065365	rs16978871
chr19	13066001	rs10423745
chr19	13068848	rs8113263
chr19	13070049	rs11881337
chr19	13083958	rs1017180
chr19	13086938	rs10402645
chr19	13101211	rs12151248
chr19	13101314	rs1003392
chr19	13103153	rs9941452
chr19	13109862	rs10414282
chr19	13111024	rs2240659
chr19	13114915	rs28707682
chr19	13116540	rs2302159
chr19	13118687	rs8111717
chr19	13121181	rs2159214
chr19	13121584	rs1006397
chr19	13122685	rs36083263
chr19	13123224	rs34143175
chr19	13124073	rs2024133
chr19	13126688	rs7259253
chr19	13131211	rs4926210
chr19	13131526	rs12982296
chr19	13132490	rs16995252
chr19	13138042	rs12981904
chr19	13138430	rs8112067
chr19	13141168	rs2304096
chr19	13143660	rs4926127
chr19	13144061	rs11775
chr19	13148931	rs4926231
chr19	13151508	rs1469692
chr19	13152524	rs3760912
chr19	13152696	rs3826913
chr19	13153584	rs1042164
chr19	13155172	rs3760911
chr19	13155336	rs879989
chr19	13156371	rs892020
chr19	13160907	rs10403956
chr19	13165531	rs752340
chr19	13168008	rs12611196
chr19	13171421	rs8109821
chr19	13172725	rs8113706
chr19	13173789	rs10854122
chr19	13181931	rs8103974
chr19	13196407	rs11085833
chr19	13207166	rs7254351
chr19	13212945	rs2419233
chr19	13214919	rs4926143
chr19	13221196	rs11085835
chr19	13221653	rs1865033
chr19	13221737	rs1865032
chr19	13224618	rs3816027
chr19	13230223	rs16042
chr19	13234843	rs3765012
chr19	13242151	rs12462609
chr19	13242908	rs11085838
chr19	13243618	rs10406639
chr19	13244819	rs12611029
chr19	13245336	rs16035
chr19	13245566	rs2302080
chr19	13246203	rs1990228
chr19	13247858	rs12611099
chr19	13250804	rs8112821
chr19	13253198	rs8103699
chr19	13254118	rs735386
chr19	13257217	rs4926242
chr19	13261775	rs2074879
chr19	13261817	rs2074880
chr19	13262663	rs16031
chr19	13264099	rs4926244
chr19	13265499	rs7251403
chr19	13265722	rs7250783
chr19	13269676	rs11666813
chr19	13270892	rs7254412
chr19	13272533	rs4926249
chr19	13272904	rs4926250
chr19	13273317	rs4926252
chr19	13276436	rs11085841
chr19	13277090	rs16030
chr19	13278563	rs10403191
chr19	13282383	rs10425612
chr19	13284912	rs10422305
chr19	13286746	rs16027
chr19	13287421	rs8104916
chr19	13291258	rs12608501
chr19	13296479	rs4926262
chr19	13300668	rs16018
chr19	13303780	rs16016
chr19	13305356	rs8182538
chr19	13305536	rs4499352
chr19	13307893	rs16015
chr19	13310103	rs4926264
chr19	13310119	rs4926265
chr19	13310736	rs8182590
chr19	13311910	rs2419244
chr19	13316730	rs2292033
chr19	13316929	rs2292035
chr19	13316950	rs2292036
chr19	13316991	rs2292037
chr19	13317877	rs7248121
chr19	13319510	rs1502017
chr19	13320751	rs10407144
chr19	13322534	rs10421428
chr19	13325015	rs10411276
chr19	13328316	rs8101955
chr19	13330557	rs11085843
chr19	13331965	rs10407711
chr19	13332956	rs16008
chr19	13334330	rs2306348
chr19	13334394	rs2248069
chr19	13338602	rs12460484
chr19	13341461	rs7256928
chr19	13341736	rs7253483
chr19	13341844	rs11085844
chr19	13344511	rs12608866
chr19	13345554	rs10424440
chr19	13347429	rs6511863
chr19	13347479	rs8113228
chr19	13347848	rs8110666
chr19	13349430	rs4926155
chr19	13354187	rs4926278
chr19	13356222	rs12985786
chr19	13356831	rs4926156
chr19	13357617	rs4926279
chr19	13358064	rs4926157
chr19	13363406	rs10418748
chr19	13371078	rs4926281
chr19	13373100	rs11670018
chr19	13373820	rs16979064
chr19	13374039	rs7250857
chr19	13381742	rs4461194
chr19	13383445	rs2419549
chr19	13388231	rs11669811
chr19	13394519	rs2900918
chr19	13399743	rs7259944
chr19	13407648	rs8109003
chr19	13409115	rs8113506
chr19	13410714	rs10416717
chr19	13415237	rs17707063
chr19	13420797	rs4926285
chr19	13421662	rs2112464
chr19	13421690	rs1549185
chr19	13423422	rs4926286
chr19	13426903	rs4926287
chr19	13427729	rs4632265
chr19	13428788	rs1422259
chr19	13433992	rs10419472
chr19	13434562	rs7248281
chr19	13437975	rs4340440
chr19	13441859	rs8109635
chr19	13441949	rs2900964
chr19	13442128	rs7252635
chr19	13444846	rs1010887
chr19	13445574	rs17777810
chr19	13448040	rs10419374
chr19	13450173	rs8102346
chr19	13451411	rs11882861
chr19	13451636	rs11085851
chr19	13451853	rs4926162
chr19	13453138	rs3764615
chr19	13453873	rs1862262
chr19	13458742	rs2900965
chr19	13459525	rs7257149
chr19	13459841	rs10421810
chr19	13460227	rs12974636
chr19	13460497	rs10422148
chr19	13462528	rs7254771
chr19	13463317	rs1363345
chr19	13465360	rs4926290
chr19	13470555	rs11879128
chr19	13471497	rs17777900
chr19	13474990	rs6511867
chr19	13475101	rs8104676
chr19	13477112	rs10411263
chr19	13477702	rs12609735
chr19	13478658	rs10425651
chr19	13479517	rs2112461
chr19	13479598	rs2112460
chr19	13480728	rs10412211
chr19	13480958	rs1862260
chr19	13483723	rs10409870
chr19	13486189	rs4926293
chr19	13488269	rs7249246
chr19	13488762	rs1120559
chr19	13492506	rs10411423
chr19	13492917	rs7250452
chr19	13493600	rs4926294
chr19	13493850	rs1422258
chr19	13494001	rs1422257
chr19	13497157	rs1422256
chr19	13499184	rs5021328
chr19	13499298	rs5021327
chr19	13500292	rs1345649
chr19	13502548	rs10419215
chr19	13503151	rs1547984
chr19	13511519	rs2419720
chr19	13511777	rs2419722
chr19	13511953	rs2419724
chr19	13512149	rs10421816
chr19	13512682	rs8100729
chr19	13512735	rs1363347
chr19	13512893	rs1820026
chr19	13512947	rs1961721
chr19	13518869	rs11670445
chr19	13519075	rs8102695
chr19	13519833	rs8107819
chr19	13520691	rs12978698
chr19	13521569	rs10409463
chr19	13525422	rs11881332
chr19	13526955	rs8112088
chr19	13527609	rs7259336
chr19	13527805	rs16979193
chr19	13533905	rs11085858
chr19	13535434	rs12982515
chr19	13537016	rs1833619
chr19	13538342	rs8107217
chr19	13545338	rs10414182
chr19	13548236	rs7258227
chr19	13551646	rs7256180
chr19	13553622	rs10854125
chr19	13559900	rs10460213
chr19	13563425	rs11672071
chr19	13567506	rs11085864
chr19	13569950	rs2900969
chr19	13575448	rs12984970
chr19	13581137	rs7251849
chr19	13581788	rs11668370
chr19	13584970	rs4926306
chr19	13586223	rs10403542
chr19	13589117	rs765128
chr19	13593698	rs2419552
chr19	13594482	rs4926163
chr19	13599566	rs503084
chr19	13601552	rs11085868
chr19	13609917	rs10404224
chr19	13612650	rs530164
chr19	13617819	rs539344
chr19	13624528	rs506606
chr19	13629109	rs575936
chr19	13631888	rs515391
chr19	13638587	rs17388257
chr19	13639497	rs8107641
chr19	13639804	rs10416242
chr19	13643853	rs1422837
chr19	13652628	rs2419950
chr19	13653285	rs7246997
chr19	13655145	rs1960847
chr19	13661216	rs7255203
chr19	13661811	rs12462927
chr19	13679755	rs4926308
chr19	13691946	rs16979306
chr19	13692356	rs7258177
chr19	13696459	rs17480021
chr19	13723268	rs346144
chr19	13724180	rs346146
chr19	13728168	rs346167
chr19	13732419	rs346172
chr19	13739132	rs419728
chr19	13744384	rs414530
chr19	13745049	rs389535
chr19	13746287	rs2053814
chr19	13746426	rs2053815
chr19	13747784	rs410359
chr19	13748453	rs109083
chr19	13754927	rs417886
chr19	13755591	rs442573
chr19	13756052	rs417186
chr19	13756143	rs2910225
chr19	13759339	rs371671
chr19	13759413	rs517323
chr19	13768808	rs346152
chr19	13770242	rs12971679
chr19	13771387	rs346153
chr19	13772285	rs1469071
chr19	13773986	rs1044733
chr19	13774210	rs1044747
chr19	13774313	rs346155
chr19	13774670	rs10104
chr19	13777672	rs346158
chr19	13778554	rs2277947
chr19	13779203	rs386082
chr19	13779391	rs16979344
chr19	13780714	rs7359868
chr19	13781027	rs6511890
chr19	13783416	rs426965
chr19	13783482	rs416162
chr19	13787746	rs809741
chr19	13801058	rs2594719
chr19	13801248	rs2607272
chr19	13802892	rs2607273
chr19	13811706	rs345629
chr19	13818235	rs7254517
chr19	13822032	rs7256290
chr19	13825826	rs3745454
chr19	13828089	rs10422746
chr19	13831407	rs3745453
chr19	13831773	rs12610873
chr19	13833499	rs12979166
chr19	13836478	rs895819
chr19	13841016	rs1531212
chr19	13843522	rs2594713
chr19	13843819	rs2607276
chr19	13849572	rs897786
chr19	13849748	rs7507168
chr19	13859811	rs8104864
chr19	13861237	rs8106403
chr19	13864563	rs8107465
chr19	13866137	rs11880167
chr19	13877226	rs897790
chr19	13878208	rs8102371
chr19	13879312	rs10413657
chr19	13882644	rs2242130
chr19	13884713	rs7248632
chr19	13884988	rs12975695
chr19	13886580	rs7248982
chr19	13887757	rs10415991
chr19	13888613	rs877701
chr19	13888984	rs7258588
chr19	13889357	rs3803892
chr19	13892118	rs10419382
chr19	13893083	rs11085875
chr19	13895752	rs2124912
chr19	13900120	rs7507907
chr19	13901352	rs8111004
chr19	13902355	rs8103895
chr19	13903399	rs1811526
chr19	13904898	rs6511898
chr19	13905123	rs6511900
chr19	13912682	rs8111764
chr19	13916839	rs6511901
chr19	13918456	rs2305776
chr19	13927289	rs10405523
chr19	13927978	rs2305777
chr19	13930083	rs11669628
chr19	13930788	rs1059721
chr19	13931448	rs1057193
chr19	13933254	rs10423549
chr19	13933474	rs2305778
chr19	13934220	rs2305779
chr19	13954529	rs10409785
chr19	13954676	rs1056143
chr19	13958271	rs4926322
chr19	13961922	rs12019
chr19	13969680	rs31604
chr19	13982099	rs3816553
chr19	13982786	rs31602
chr19	13993102	rs12461471
chr19	14004906	rs10401504
chr19	14009257	rs6511903
chr19	14019403	rs7248735
chr19	14023686	rs35149963
chr19	14024296	rs7247343
chr19	14027400	rs7249702
chr19	14028192	rs1982632
chr19	14028597	rs1982631
chr19	14029109	rs12327666
chr19	14030668	rs4263049
chr19	14032204	rs2306192
chr19	14036451	rs6511908
chr19	14041524	rs10422404
chr19	14042481	rs35026308
chr19	14050735	rs10424865
chr19	14050933	rs10404803
chr19	14051864	rs2306190
chr19	14059611	rs10425874
chr19	14062658	rs35230585
chr19	14074414	rs7258963
chr19	14083646	rs35357458
chr19	14084124	rs11668412
chr19	14085080	rs8100676
chr19	14092730	rs11541564
chr19	14097970	rs34415768
chr19	14110830	rs34692587
chr19	14111697	rs3786661
chr19	14116789	rs8100819
chr19	14118501	rs12151041
chr19	14122922	rs899173
chr19	14127530	rs12327828
chr19	14128414	rs35201197
chr19	14130393	rs8100435
chr19	14130781	rs8105076
chr19	14135535	rs34339305
chr19	14135617	rs10421422
chr19	14142214	rs12979895
chr19	14146031	rs2901136
chr19	14149034	rs3810256
chr19	14155500	rs11554838
chr19	14155749	rs3619
chr19	14157987	rs2242222
chr19	14162829	rs3745462
chr19	14165899	rs2007787
chr19	14166915	rs899171
chr19	14172131	rs12971709
chr19	14182531	rs34025180
chr19	14183023	rs40282
chr19	14187630	rs2420416
chr19	14197267	rs34141102
chr19	14198677	rs12982439
chr19	14212603	rs8108004
chr19	14222900	rs10417504
chr19	14226588	rs4926182
chr19	14228890	rs12151240
chr19	14240762	rs4528684
chr19	14259776	rs1368474
chr19	14262060	rs13344408
chr19	14265083	rs7248277
chr19	14267103	rs579003
chr19	14267329	rs17180958
chr19	14269255	rs530311
chr19	14271968	rs7255497
chr19	14273924	rs498284
chr19	14274123	rs11670662
chr19	14274208	rs11667662
chr19	14279877	rs492049
chr19	14293918	rs7258925
chr19	14305981	rs888876
chr19	14306319	rs10423281
chr19	14306758	rs8108124
chr19	14307976	rs12609693
chr19	14308244	rs4926193
chr19	14312300	rs2420876
chr19	14312415	rs6511928
chr19	14314541	rs4926199
chr19	14320898	rs11665898
chr19	14327784	rs4545927
chr19	14336327	rs8109123
chr19	14336788	rs11670064
chr19	14341136	rs4926111
chr19	14348784	rs16979569
chr19	14349495	rs11670684
chr19	14350605	rs12610739
chr19	14351309	rs12977018
chr19	14356501	rs4926113
chr19	14362224	rs4926207
chr19	14364961	rs12608488
chr19	14380508	rs12609652
chr19	14383661	rs9917042
chr19	14383839	rs9917022
chr19	14390732	rs7260110
chr19	14395515	rs10416187
chr19	14395820	rs3786657
chr19	14395852	rs3786656
chr19	14398152	rs7508244
chr19	14398375	rs4517893
chr19	14399280	rs8113679
chr19	14410017	rs12461754
chr19	14411956	rs3815716
chr19	14413314	rs12985089
chr19	14413839	rs8109605
chr19	14415224	rs2420543
chr19	14421936	rs2901186
chr19	14422876	rs2901185
chr19	14427808	rs8103484
chr19	14434730	rs12463361
chr19	14437170	rs7246904
chr19	14439394	rs7259293
chr19	14439483	rs7258844
chr19	14441706	rs1019474
chr19	14443183	rs1035395
chr19	14447009	rs3786654
chr19	14450910	rs8107892
chr19	14456381	rs6511932
chr19	14459891	rs12974686
chr19	14462842	rs2420538
chr19	14463440	rs4926214
chr19	14463454	rs4926215
chr19	14464147	rs2230538
chr19	14467557	rs10409467
chr19	14467862	rs2287700
chr19	14468001	rs10416904
chr19	14469301	rs16979708
chr19	14470251	rs1042728
chr19	14471656	rs10846
chr19	14472770	rs11668633
chr19	14476048	rs3810255
chr19	14476257	rs3810253
chr19	14477170	rs3760703
chr19	14479424	rs3815715
chr19	14479800	rs2287699
chr19	14480107	rs2241357
chr19	14482338	rs10424042
chr19	14493120	rs8109493
chr19	14497502	rs3810252
chr19	14498399	rs7254715
chr19	14502571	rs8110419
chr19	14503430	rs4926221
chr19	14509655	rs16979712
chr19	14511412	rs4926123
chr19	14512946	rs8104440
chr19	14513367	rs10402672
chr19	14513401	rs12979318
chr19	14514978	rs7003
chr19	14515385	rs1803768
chr19	14516238	rs4926222
chr19	14517430	rs755892
chr19	14518738	rs11085895
chr19	14519664	rs10415386
chr19	14524152	rs9749404
chr19	14525807	rs10408656
chr19	14526116	rs9305041
chr19	14532687	rs4926125
chr19	14532696	rs10408321
chr19	14541466	rs11671204
chr19	14542908	rs10418939
chr19	14545053	rs7252966
chr19	14545319	rs10406927
chr19	14545835	rs8110587
chr19	14548268	rs12460236
chr19	14554121	rs8104167
chr19	14554660	rs11672884
chr19	14560025	rs754192
chr19	14560396	rs1978624
chr19	14560576	rs1609865
chr19	14561353	rs4926130
chr19	14563423	rs891089
chr19	14566500	rs3752221
chr19	14568616	rs11085898
chr19	14571191	rs8100848
chr19	14573613	rs6511939
chr19	14581978	rs7255507
chr19	14584524	rs10413616
chr19	14590281	rs2396225
chr19	14596218	rs11671501
chr19	14597332	rs11878770
chr19	14599003	rs10415354
chr19	14601627	rs12982048
chr19	14602681	rs7254215
chr19	14603999	rs7508694
chr19	14606097	rs10421327
chr19	14606712	rs11666796
chr19	14606979	rs10409868
chr19	14608442	rs7257937
chr19	14609214	rs11085899
chr19	14610207	rs6511944
chr19	14610447	rs11085900
chr19	14614323	rs4072516
chr19	14617150	rs11879893
chr19	14619297	rs2482
chr19	14620874	rs10420780
chr19	14626619	rs4292032
chr19	14629631	rs2126979
chr19	14632112	rs9305046
chr19	14632191	rs726789
chr19	14632433	rs726788
chr19	14633220	rs732722
chr19	14634351	rs8107052
chr19	14635709	rs4423531
chr19	14635969	rs11883383
chr19	14637251	rs6511945
chr19	14637301	rs8111925
chr19	14641117	rs8113491
chr19	14641796	rs8102999
chr19	14641837	rs8103021
chr19	14648224	rs4808849
chr19	14653930	rs10402993
chr19	14655772	rs11085903
chr19	14655937	rs7255156
chr19	14658090	rs13344883
chr19	14659859	rs17275290
chr19	14660696	rs16979765
chr19	14661548	rs6511954
chr19	14662172	rs8111916
chr19	14666841	rs4273164
chr19	14668738	rs4239642
chr19	14682653	rs10420894
chr19	14682784	rs11669089
chr19	14684737	rs2032903
chr19	14686029	rs11085905
chr19	14686072	rs10419425
chr19	14690354	rs11085906
chr19	14693371	rs10407394
chr19	14695350	rs3813145
chr19	14697771	rs10401494
chr19	14700565	rs2398597
chr19	14701481	rs11881959
chr19	14706250	rs4808319
chr19	14706333	rs4809215
chr19	14711747	rs11085908
chr19	14711983	rs16979790
chr19	14717018	rs3885179
chr19	14717925	rs3752185
chr19	14718937	rs3764626
chr19	14719756	rs11666622
chr19	14722252	rs11669065
chr19	14724266	rs4807988
chr19	14726279	rs10402912
chr19	14726474	rs11671118
chr19	14727740	rs2524359
chr19	14728348	rs4808387
chr19	14728678	rs2524363
chr19	14729763	rs2524366
chr19	14731564	rs2524368
chr19	14732350	rs757297
chr19	14732678	rs757299
chr19	14733844	rs2214471
chr19	14733963	rs2732796
chr19	14735523	rs2732794
chr19	14735564	rs1468265
chr19	14736049	rs1064103
chr19	14738125	rs2057733
chr19	14738141	rs2057734
chr19	14741861	rs1029473
chr19	14743222	rs2524379
chr19	14745551	rs1029474
chr19	14747079	rs10403842
chr19	14751466	rs3752187
chr19	14752710	rs999967
chr19	14756555	rs2524387
chr19	14760831	rs2079605
chr19	14765105	rs3795033
chr19	14768222	rs9305048
chr19	14769385	rs3795034
chr19	14774029	rs41360944
chr19	14776784	rs2286362
chr19	14782701	rs3965461
chr19	14783790	rs11881545
chr19	14784112	rs11881045
chr19	14784782	rs12459654
chr19	14785318	rs1971665
chr19	14787436	rs8107904
chr19	14791272	rs16979900
chr19	14793603	rs2190687
chr19	14799509	rs16979912
chr19	14799626	rs10415312
chr19	14799842	rs17230134
chr19	14801162	rs2041101
chr19	14801240	rs2041102
chr19	14804102	rs8113284
chr19	14805759	rs8103247
chr19	14808898	rs8111918
chr19	14809075	rs8112045
chr19	14814063	rs8100775
chr19	14814814	rs8104030
chr19	14815727	rs17230384
chr19	14822145	rs7258230
chr19	14822335	rs11668969
chr19	14824079	rs8105431
chr19	14825382	rs2215044
chr19	14825425	rs10424895
chr19	14827061	rs2240556
chr19	14827804	rs2190686
chr19	14829189	rs8101893
chr19	14831184	rs8109791
chr19	14831812	rs10426228
chr19	14831879	rs2335225
chr19	14834358	rs1859949
chr19	14837744	rs10425661
chr19	14838727	rs12975272
chr19	14838962	rs12461494
chr19	14839022	rs2335227
chr19	14840749	rs3752191
chr19	14840793	rs3752192
chr19	14840868	rs3752193
chr19	14841426	rs12972670
chr19	14843691	rs4374305
chr19	14844217	rs10854133
chr19	14847230	rs12463274
chr19	14848487	rs12971470
chr19	14850580	rs12608583
chr19	14853178	rs4808563
chr19	14853283	rs4808564
chr19	14853731	rs7260183
chr19	14853868	rs16979982
chr19	14861534	rs8108703
chr19	14861714	rs8113127
chr19	14864228	rs10407682
chr19	14865291	rs2215046
chr19	14867379	rs11085914
chr19	14867472	rs1029652
chr19	14870351	rs7253280
chr19	14872732	rs12981693
chr19	14873085	rs7249667
chr19	14873112	rs16979994
chr19	14873280	rs7251278
chr19	14874024	rs10415938
chr19	14874993	rs16980016
chr19	14875977	rs7247322
chr19	14878236	rs2108523
chr19	14878576	rs16980045
chr19	14879193	rs8106889
chr19	14879934	rs10402617
chr19	14880009	rs10421024
chr19	14881151	rs10404119
chr19	14881627	rs10408872
chr19	14881933	rs10417464
chr19	14882127	rs13345907
chr19	14882558	rs7255465
chr19	14883533	rs10405210
chr19	14885848	rs10415130
chr19	14886209	rs4808631
chr19	14886606	rs8104025
chr19	14887095	rs10409376
chr19	14888807	rs1964203
chr19	14890110	rs16980096
chr19	14890285	rs11085919
chr19	14890830	rs10854135
chr19	14897041	rs4416143
chr19	14897788	rs4808659
chr19	14897860	rs4808660
chr19	14897902	rs4808661
chr19	14898407	rs10405848
chr19	14899537	rs12151210
chr19	14901422	rs4594370
chr19	14901914	rs4569396
chr19	14903907	rs4134457
chr19	14912119	rs1015902
chr19	14917370	rs1122713
chr19	14919306	rs8112746
chr19	14920097	rs12983299
chr19	14921022	rs7250965
chr19	14925918	rs6511984
chr19	14926345	rs4808692
chr19	14926376	rs7258651
chr19	14927283	rs1811200
chr19	14928127	rs7253786
chr19	14928707	rs715159
chr19	14928804	rs715158
chr19	14933574	rs4808706
chr19	14933745	rs6511987
chr19	14938905	rs7246361
chr19	14941321	rs16980139
chr19	14941853	rs11883178
chr19	14951411	rs10414225
chr19	14954357	rs757465
chr19	14954752	rs16980150
chr19	14959306	rs12462958
chr19	14960197	rs10401807
chr19	14960597	rs10415969
chr19	14962414	rs7247183
chr19	14964454	rs3803927
chr19	14968292	rs11668879
chr19	14972881	rs3746295
chr19	14973494	rs8105884
chr19	14973943	rs757466
chr19	14976523	rs11672838
chr19	14977214	rs1548543
chr19	14978361	rs7247514
chr19	14983322	rs10417780
chr19	14988629	rs2886790
chr19	14992972	rs735622
chr19	14993298	rs11085928
chr19	14998766	rs8104451
chr19	14999415	rs4808815
chr19	15000694	rs7255326
chr19	15001239	rs16980181
chr19	15001279	rs12975357
chr19	15001596	rs7248013
chr19	15002671	rs7252267
chr19	15002779	rs17297326
chr19	15002863	rs7247974
chr19	15004866	rs10402035
chr19	15004945	rs16980187
chr19	15006026	rs1089
chr19	15006347	rs1013856
chr19	15006437	rs10422676
chr19	15007307	rs4808827
chr19	15007586	rs4808829
chr19	15013186	rs12462456
chr19	15015505	rs3887111
chr19	15016806	rs11085942
chr19	15018372	rs12972725
chr19	15020856	rs7249373
chr19	15021733	rs736737
chr19	15022975	rs10424547
chr19	15023114	rs8112667
chr19	15024416	rs7508186
chr19	15024659	rs6512002
chr19	15024929	rs6512003
chr19	15026431	rs6512005
chr19	15028814	rs12976982
chr19	15030684	rs12978589
chr19	15030813	rs8103378
chr19	15031569	rs10414630
chr19	15032642	rs8111608
chr19	15036302	rs5021087
chr19	15038423	rs7248903
chr19	15040907	rs714920
chr19	15043315	rs33933508
chr19	15046465	rs4808901
chr19	15049170	rs10518246
chr19	15050098	rs3181304
chr19	15051219	rs10406273
chr19	15051947	rs2158468
chr19	15055351	rs3181163
chr19	15056186	rs11574685
chr19	15056984	rs3181309
chr19	15063774	rs10518247
chr19	15068009	rs6512008
chr19	15072378	rs11883196
chr19	15072820	rs4808189
chr19	15074987	rs6512011
chr19	15075017	rs6512012
chr19	15082177	rs8103280
chr19	15084042	rs34699843
chr19	15087696	rs8108721
chr19	15087820	rs8105737
chr19	15087940	rs16980312
chr19	15087953	rs12975625
chr19	15089354	rs7255422
chr19	15098232	rs10221448
chr19	15098792	rs10221538
chr19	15099656	rs10414659
chr19	15099897	rs10407279
chr19	15099927	rs10409731
chr19	15099965	rs10408949
chr19	15101493	rs7246549
chr19	15103357	rs7251788
chr19	15104819	rs2079292
chr19	15105195	rs12609513
chr19	15107071	rs12980862
chr19	15111617	rs2040858
chr19	15112655	rs4808977
chr19	15114537	rs13301
chr19	15115800	rs2074261
chr19	15116159	rs2074262
chr19	15117367	rs1468198
chr19	15117731	rs7507755
chr19	15118171	rs2240299
chr19	15118931	rs12460544
chr19	15119843	rs2074264
chr19	15122770	rs2074265
chr19	15123824	rs718100
chr19	15125531	rs2074267
chr19	15128114	rs8104632
chr19	15130004	rs4808217
chr19	15131333	rs4809000
chr19	15134442	rs4809004
chr19	15135668	rs12974057
chr19	15139269	rs10424763
chr19	15142600	rs10408719
chr19	15142887	rs10403708
chr19	15143521	rs12608896
chr19	15143760	rs4809019
chr19	15144415	rs12710297
chr19	15145187	rs10419166
chr19	15147693	rs1114312
chr19	15148213	rs12985021
chr19	15152574	rs7254735
chr19	15153127	rs10410557
chr19	15154921	rs7259226
chr19	15157722	rs768168
chr19	15159772	rs1044123
chr19	15159825	rs12082
chr19	15159854	rs1044116
chr19	15159994	rs1044055
chr19	15160960	rs1044009
chr19	15162570	rs4809030
chr19	15165928	rs16980398
chr19	15166388	rs7250232
chr19	15166799	rs10410514
chr19	15167127	rs1548554
chr19	15172350	rs10423189
chr19	15174241	rs1044006
chr19	15174461	rs10422818
chr19	15179196	rs10408676
chr19	15179601	rs2074621
chr19	15184180	rs2074616
chr19	15184323	rs1043996
chr19	15186765	rs7245563
chr19	15187459	rs10408984
chr19	15188837	rs2238643
chr19	15190578	rs10404382
chr19	15190909	rs10405248
chr19	15192414	rs3815188
chr19	15197257	rs10417567
chr19	15206262	rs7258642
chr19	15214499	rs7258434
chr19	15217217	rs4809110
chr19	15226119	rs35765800
chr19	15234220	rs34840941
chr19	15240938	rs11668279
chr19	15241561	rs4808272
chr19	15245935	rs11668977
chr19	15248342	rs11673209
chr19	15248448	rs3787030
chr19	15254874	rs17707718
chr19	15255394	rs17707730
chr19	15258243	rs11670707
chr19	15259290	rs3746202
chr19	15270061	rs4809125
chr19	15271780	rs34893821
chr19	15272705	rs2240304
chr19	15273887	rs16980448
chr19	15277117	rs4809130
chr19	15286240	rs12974795
chr19	15286349	rs2079014
chr19	15290050	rs9973298
chr19	15292967	rs7255065
chr19	15297803	rs7253596
chr19	15298756	rs11665899
chr19	15301077	rs11671056
chr19	15310049	rs6512021
chr19	15323571	rs11666141
chr19	15326417	rs6512023
chr19	15337087	rs10405035
chr19	15356631	rs12981207
chr19	15358791	rs2024164
chr19	15361045	rs4809184
chr19	15365748	rs8105207
chr19	15367951	rs4808299
chr19	15368556	rs9305061
chr19	15374539	rs4809185
chr19	15375018	rs8106751
chr19	15375248	rs12611023
chr19	15375405	rs12609449
chr19	15382037	rs2366267
chr19	15383755	rs8107077
chr19	15384676	rs4809186
chr19	15386268	rs6512029
chr19	15386675	rs7257091
chr19	15390065	rs8109755
chr19	15390486	rs11085951
chr19	15393571	rs4809188
chr19	15393955	rs7257156
chr19	15397319	rs7247749
chr19	15401909	rs10854143
chr19	15401920	rs10775618
chr19	15402243	rs12972998
chr19	15403849	rs7246816
chr19	15406884	rs7253443
chr19	15408204	rs7256980
chr19	15409725	rs12608834
chr19	15410364	rs2058323
chr19	15410956	rs4808302
chr19	15415565	rs6512030
chr19	15416621	rs4808303
chr19	15417413	rs7245680
chr19	15418172	rs3786853
chr19	15418209	rs3826863
chr19	15423010	rs7254099
chr19	15423585	rs11085952
chr19	15428628	rs887898
chr19	15438444	rs1005953
chr19	15454235	rs9646651
chr19	15460120	rs3764566
chr19	15460527	rs6512033
chr19	15470214	rs8099840
chr19	15472833	rs4264508
chr19	15476374	rs733731
chr19	15478517	rs959117
chr19	15478890	rs1961562
chr19	15480241	rs2366057
chr19	15480522	rs3813136
chr19	15483208	rs11085954
chr19	15483253	rs10854145
chr19	15495417	rs10407904
chr19	15496697	rs8101201
chr19	15500942	rs8102864
chr19	15505445	rs6512039
chr19	15510369	rs2060261
chr19	15512314	rs6512041
chr19	15514361	rs6512042
chr19	15518858	rs1273510
chr19	15522625	rs4809198
chr19	15528530	rs4809199
chr19	15530161	rs1273522
chr19	15532779	rs12980464
chr19	15534656	rs1273523
chr19	15534809	rs892143
chr19	15535240	rs7259310
chr19	15535434	rs1273526
chr19	15536381	rs4809200
chr19	15537337	rs4310987
chr19	15537904	rs11666601
chr19	15538698	rs6512044
chr19	15538723	rs1273530
chr19	15544357	rs8100255
chr19	15546601	rs2886571
chr19	15551065	rs12971788
chr19	15551733	rs2280435
chr19	15551921	rs2280434
chr19	15554717	rs17722016
chr19	15555722	rs8112108
chr19	15557329	rs4808317
chr19	15565939	rs17708130
chr19	15566736	rs7259555
chr19	15566899	rs1273516
chr19	15568305	rs4809209
chr19	15569712	rs1879435
chr19	15570258	rs1273507
chr19	15572267	rs16980564
chr19	15572417	rs998900
chr19	15572834	rs4809210
chr19	15575933	rs17708232
chr19	15578641	rs10422455
chr19	15584290	rs646816
chr19	15586172	rs665586
chr19	15587885	rs622886
chr19	15590291	rs682745
chr19	15591874	rs8100857
chr19	15602416	rs8112423
chr19	15607010	rs4809218
chr19	15609722	rs1474472
chr19	15609887	rs11670499
chr19	15612717	rs3794989
chr19	15613080	rs3794988
chr19	15613287	rs3764564
chr19	15613392	rs3764563
chr19	15613483	rs3764561
chr19	15614044	rs1320318
chr19	15614613	rs1320319
chr19	15614981	rs4808324
chr19	15615111	rs4808325
chr19	15615336	rs4808326
chr19	15615534	rs16980628
chr19	15615549	rs4646522
chr19	15616631	rs4239612
chr19	15616681	rs4646524
chr19	15616955	rs7254518
chr19	15618962	rs4646526
chr19	15619223	rs2072599
chr19	15619290	rs17708332
chr19	15619822	rs11668616
chr19	15619957	rs8107048
chr19	15620112	rs2176918
chr19	15620515	rs4807960
chr19	15620973	rs7257914
chr19	15621260	rs7256985
chr19	15622983	rs2072603
chr19	15624799	rs10405202
chr19	15626093	rs4646531
chr19	15628067	rs4808331
chr19	15628505	rs2056821
chr19	15628787	rs2056822
chr19	15629410	rs4239614
chr19	15629544	rs2283606
chr19	15632225	rs1915387
chr19	15635994	rs10409533
chr19	15638017	rs4807964
chr19	15639993	rs1159776
chr19	15640081	rs3794987
chr19	15640756	rs1290616
chr19	15641087	rs1290617
chr19	15641213	rs2072604
chr19	15641327	rs1290618
chr19	15641871	rs4646506
chr19	15641964	rs1290620
chr19	15642613	rs1290622
chr19	15642949	rs8106799
chr19	15644165	rs2203999
chr19	15644302	rs2204000
chr19	15644632	rs759998
chr19	15645030	rs2077040
chr19	15645354	rs1290623
chr19	15645952	rs4239620
chr19	15646161	rs1290624
chr19	15646718	rs2072598
chr19	15646833	rs2073600
chr19	15647587	rs1290627
chr19	15648664	rs2283608
chr19	15648954	rs2283609
chr19	15649403	rs2283612
chr19	15649767	rs10401516
chr19	15651903	rs2683036
chr19	15653261	rs2683043
chr19	15653410	rs4646512
chr19	15653598	rs2733751
chr19	15654351	rs2733753
chr19	15655609	rs718258
chr19	15657689	rs17682410
chr19	15658719	rs4646518
chr19	15658965	rs4646520
chr19	15659942	rs2733760
chr19	15660305	rs28371512
chr19	15660999	rs28371521
chr19	15661001	rs28371522
chr19	15661423	rs1063803
chr19	15661604	rs7258240
chr19	15661711	rs2947240
chr19	15661738	rs10425683
chr19	15662722	rs2683029
chr19	15663105	rs6512050
chr19	15664802	rs11668475
chr19	15665345	rs7246301
chr19	15665650	rs7249618
chr19	15665975	rs1543284
chr19	15666091	rs1543285
chr19	15666135	rs1543286
chr19	15666599	rs2733762
chr19	15666823	rs4808350
chr19	15666904	rs4808351
chr19	15667121	rs4808352
chr19	15667186	rs4807967
chr19	15668643	rs10409673
chr19	15669207	rs12459804
chr19	15669231	rs7251084
chr19	15669259	rs10413407
chr19	15669435	rs7259028
chr19	15669937	rs7255963
chr19	15670227	rs17708401
chr19	15670390	rs4807969
chr19	15670436	rs4808358
chr19	15670567	rs4808359
chr19	15670671	rs4807971
chr19	15670860	rs2365822
chr19	15670974	rs4239622
chr19	15671185	rs10854147
chr19	15671215	rs10854148
chr19	15671587	rs3813137
chr19	15671858	rs12977005
chr19	15672087	rs4331436
chr19	15672241	rs7248804
chr19	15673056	rs6512051
chr19	15673251	rs7254013
chr19	15673306	rs7253210
chr19	15673342	rs17641206
chr19	15678888	rs17682485
chr19	15679259	rs674926
chr19	15679441	rs10426695
chr19	15680796	rs10409750
chr19	15680807	rs10415331
chr19	15681736	rs11085969
chr19	15681756	rs12151032
chr19	15682114	rs11667849
chr19	15684222	rs3848642
chr19	15685697	rs660247
chr19	15685732	rs17682497
chr19	15686003	rs11085971
chr19	15686136	rs10420354
chr19	15686674	rs648779
chr19	15686722	rs649139
chr19	15687524	rs631279
chr19	15687901	rs629871
chr19	15688466	rs677449
chr19	15688533	rs616514
chr19	15688556	rs677903
chr19	15688761	rs678856
chr19	15689521	rs10410357
chr19	15690557	rs599741
chr19	15690644	rs11879787
chr19	15691379	rs613601
chr19	15691876	rs626223
chr19	15691941	rs626580
chr19	15692236	rs8112294
chr19	15692284	rs627971
chr19	15693082	rs4808362
chr19	15693348	rs651109
chr19	15695893	rs695149
chr19	15697074	rs593818
chr19	15698080	rs624512
chr19	15698215	rs11670393
chr19	15698438	rs610354
chr19	15698468	rs610387
chr19	15698842	rs9284441
chr19	15699502	rs12976669
chr19	15700364	rs655282
chr19	15700521	rs640215
chr19	15700907	rs2886476
chr19	15701107	rs7359990
chr19	15701200	rs7359992
chr19	15701685	rs12461658
chr19	15701748	rs12461680
chr19	15702657	rs670476
chr19	15712641	rs2158365
chr19	15714929	rs2365812
chr19	15716921	rs4312419
chr19	15718554	rs4381710
chr19	15719658	rs11670742
chr19	15719773	rs4808368
chr19	15723148	rs12975815
chr19	15724712	rs12978642
chr19	15727059	rs11672451
chr19	15727880	rs4433928
chr19	15728555	rs1806931
chr19	15728649	rs11669315
chr19	15729100	rs10426009
chr19	15732156	rs11085981
chr19	15732253	rs11085982
chr19	15732355	rs10424146
chr19	15736173	rs1974520
chr19	15740333	rs10518249
chr19	15740419	rs10518250
chr19	15740451	rs10518251
chr19	15740551	rs11673284
chr19	15741162	rs4808373
chr19	15741413	rs1966357
chr19	15741432	rs2240227
chr19	15742062	rs2240228
chr19	15742270	rs2240229
chr19	15742340	rs16980824
chr19	15747148	rs1859355
chr19	15748819	rs10518252
chr19	15748902	rs10518253
chr19	15749916	rs12984671
chr19	15750862	rs11666521
chr19	15751726	rs10413997
chr19	15752213	rs7257304
chr19	15752535	rs10419282
chr19	15759394	rs7248867
chr19	15759436	rs3764557
chr19	15767084	rs4325688
chr19	15770096	rs3829662
chr19	15770941	rs8112713
chr19	15772662	rs12982309
chr19	15773463	rs4808375
chr19	15773607	rs4808376
chr19	15774758	rs10425657
chr19	15775732	rs1465708
chr19	15775755	rs1965765
chr19	15783704	rs4808377
chr19	15787914	rs1023720
chr19	15791559	rs754695
chr19	15791609	rs754696
chr19	15794192	rs4808379
chr19	15795688	rs10426473
chr19	15796305	rs1036251
chr19	15798706	rs17641311
chr19	15799498	rs2163864
chr19	15801598	rs8102095
chr19	15805769	rs4807990
chr19	15806200	rs10407836
chr19	15808295	rs12459913
chr19	15811038	rs8103263
chr19	15811914	rs916960
chr19	15816960	rs2214534
chr19	15817596	rs4808386
chr19	15821950	rs3761011
chr19	15822249	rs3761013
chr19	15824441	rs12973285
chr19	15828294	rs7255437
chr19	15836407	rs916957
chr19	15838220	rs12461657
chr19	15838595	rs1008153
chr19	15839085	rs8102407
chr19	15842433	rs10410515
chr19	15847036	rs11669476
chr19	15848390	rs2189784
chr19	15850941	rs6417255
chr19	15851520	rs7254952
chr19	15851699	rs7251874
chr19	15852496	rs2269931
chr19	15852885	rs8110002
chr19	15853393	rs2079288
chr19	15860663	rs7252046
chr19	15865242	rs16980881
chr19	15865386	rs4808394
chr19	15866708	rs4808398
chr19	15867831	rs12610189
chr19	15872141	rs6512067
chr19	15872926	rs7251296
chr19	15873161	rs2886297
chr19	15873698	rs7254940
chr19	15877848	rs3093207
chr19	15878779	rs3093200
chr19	15879621	rs2108622
chr19	15880866	rs3093194
chr19	15885435	rs3093168
chr19	15886612	rs2074901
chr19	15886754	rs1558139
chr19	15890405	rs3093153
chr19	15897702	rs3093098
chr19	15898482	rs3093089
chr19	15901802	rs2018454
chr19	15902528	rs12973168
chr19	15906807	rs8112732
chr19	15908598	rs2365177
chr19	15909566	rs4808408
chr19	15911078	rs12459140
chr19	15912567	rs12610962
chr19	15912654	rs11086010
chr19	15913728	rs1060467
chr19	15913929	rs2072269
chr19	15913964	rs2072270
chr19	15914366	rs1060463
chr19	15916257	rs6512075
chr19	15921833	rs11086012
chr19	15922675	rs4808410
chr19	15924684	rs3746154
chr19	15924707	rs3746156
chr19	15926549	rs7249167
chr19	15927524	rs2219358
chr19	15929482	rs3765070
chr19	15934484	rs2305800
chr19	15934939	rs12985091
chr19	15935081	rs3826950
chr19	15935668	rs3810428
chr19	15935840	rs3810427
chr19	15936948	rs12460831
chr19	15936996	rs2116951
chr19	15939350	rs11670533
chr19	15940121	rs1025500
chr19	15941092	rs4442930
chr19	15943570	rs11086016
chr19	15947561	rs17641483
chr19	15956979	rs4808416
chr19	15959983	rs1594687
chr19	15960080	rs1594688
chr19	15960642	rs755693
chr19	15961227	rs7251890
chr19	15961343	rs11668252
chr19	15964367	rs12052162
chr19	15965564	rs7256968
chr19	15966462	rs7257306
chr19	15968156	rs7259202
chr19	15973889	rs17829934
chr19	15974786	rs11086017
chr19	15979115	rs8106771
chr19	15984644	rs2107461
chr19	15990108	rs4808419
chr19	15991496	rs10423576
chr19	15994460	rs10419398
chr19	15997941	rs10423330
chr19	15997984	rs4808012
chr19	16000069	rs7251800
chr19	16000413	rs6512077
chr19	16001183	rs2365169
chr19	16002065	rs8100135
chr19	16003831	rs12610635
chr19	16004873	rs7257913
chr19	16005773	rs6512081
chr19	16009203	rs7252758
chr19	16010770	rs7249294
chr19	16015985	rs8106097
chr19	16016991	rs1029513
chr19	16018007	rs1990026
chr19	16018513	rs10419351
chr19	16019794	rs7250074
chr19	16021748	rs1985502
chr19	16022409	rs8112239
chr19	16025595	rs4808423
chr19	16026113	rs757546
chr19	16026215	rs757547
chr19	16026590	rs757549
chr19	16030485	rs2079285
chr19	16031179	rs1076262
chr19	16031983	rs4808426
chr19	16032256	rs4808428
chr19	16033134	rs4808430
chr19	16033776	rs8101981
chr19	16036926	rs757552
chr19	16038223	rs2364513
chr19	16039969	rs4808019
chr19	16040413	rs1056176
chr19	16042635	rs10403813
chr19	16046625	rs4808432
chr19	16048683	rs10409140
chr19	16050217	rs4808023
chr19	16050473	rs2161574
chr19	16050811	rs7260312
chr19	16054096	rs11086021
chr19	16056951	rs4808441
chr19	16056979	rs17722600
chr19	16057153	rs4808025
chr19	16057165	rs17722606
chr19	16057214	rs4808442
chr19	16060551	rs4808027
chr19	16061929	rs17641704
chr19	16066130	rs8110325
chr19	16066408	rs998316
chr19	16068938	rs4808450
chr19	16073242	rs745811
chr19	16074300	rs10412605
chr19	16074749	rs8109288
chr19	16075788	rs1363950
chr19	16075962	rs7260235
chr19	16080053	rs16981095
chr19	16081815	rs7247875
chr19	16082088	rs3826722
chr19	16082148	rs3786577
chr19	16082527	rs3786576
chr19	16083694	rs17708984
chr19	16084227	rs8110506
chr19	16086510	rs2228367
chr19	16086611	rs2303149
chr19	16089568	rs11086023
chr19	16106297	rs11673699
chr19	16108941	rs8104175
chr19	16111622	rs2233143
chr19	16112477	rs10419562
chr19	16118312	rs2233146
chr19	16123727	rs3826721
chr19	16124236	rs11665996
chr19	16129917	rs2241400
chr19	16132606	rs3745313
chr19	16132780	rs3745314
chr19	16132985	rs17722795
chr19	16133246	rs1043346
chr19	16133416	rs1043407
chr19	16134007	rs2032882
chr19	16134457	rs12980138
chr19	16135667	rs17795796
chr19	16136855	rs4808458
chr19	16139785	rs8102236
chr19	16140104	rs10406557
chr19	16143612	rs4321304
chr19	16144429	rs2161575
chr19	16148650	rs285290
chr19	16154684	rs111524
chr19	16158045	rs7254531
chr19	16158674	rs4808460
chr19	16158696	rs681059
chr19	16164704	rs6512086
chr19	16164961	rs4808461
chr19	16171320	rs12710303
chr19	16171706	rs897775
chr19	16176409	rs285284
chr19	16188363	rs285236
chr19	16190501	rs206231
chr19	16191276	rs11086026
chr19	16194197	rs4808467
chr19	16197389	rs28372757
chr19	16200259	rs751403
chr19	16202249	rs12982033
chr19	16203113	rs12461400
chr19	16207886	rs2290658
chr19	16207970	rs2290657
chr19	16216944	rs12980145
chr19	16223187	rs2124902
chr19	16227463	rs2305938
chr19	16228904	rs3752797
chr19	16229319	rs285277
chr19	16229469	rs3752791
chr19	16230828	rs12461408
chr19	16233817	rs2279059
chr19	16233836	rs2005051
chr19	16235365	rs12980619
chr19	16238382	rs376127
chr19	16238440	rs8100939
chr19	16241592	rs2262138
chr19	16257717	rs4808478
chr19	16258599	rs4808479
chr19	16260019	rs285253
chr19	16261007	rs17796053
chr19	16261347	rs285255
chr19	16262260	rs11671078
chr19	16265335	rs2124905
chr19	16272856	rs370978
chr19	16276889	rs10418502
chr19	16280916	rs12977515
chr19	16281352	rs3852916
chr19	16284785	rs8111402
chr19	16287503	rs3855681
chr19	16287558	rs4538126
chr19	16288240	rs4299271
chr19	16290012	rs12185505
chr19	16293710	rs454185
chr19	16294249	rs10424897
chr19	16294306	rs373044
chr19	16295223	rs390017
chr19	16296965	rs8104380
chr19	16297198	rs12973238
chr19	16299719	rs8101619
chr19	16314202	rs12973410
chr19	16314692	rs501537
chr19	16315846	rs386869
chr19	16316078	rs429294
chr19	16316796	rs6512096
chr19	16317587	rs12978678
chr19	16323643	rs11086028
chr19	16326237	rs12462380
chr19	16326278	rs1003669
chr19	16328579	rs4808046
chr19	16328687	rs4808485
chr19	16330988	rs10402655
chr19	16331971	rs34006614
chr19	16338706	rs1000329
chr19	16343299	rs6512102
chr19	16345449	rs1004246
chr19	16348194	rs11673289
chr19	16356948	rs875622
chr19	16360904	rs8100479
chr19	16364747	rs3786579
chr19	16368849	rs10421252
chr19	16369260	rs4808498
chr19	16375018	rs2168647
chr19	16376384	rs748262
chr19	16377094	rs11086030
chr19	16384476	rs3786586
chr19	16384963	rs2290669
chr19	16385697	rs12461349
chr19	16385981	rs2290668
chr19	16387782	rs12461547
chr19	16390584	rs12459477
chr19	16393048	rs4808502
chr19	16394295	rs1870071
chr19	16399468	rs7245590
chr19	16400652	rs17709809
chr19	16403960	rs873636
chr19	16406563	rs17723444
chr19	16406709	rs12460131
chr19	16408234	rs16995422
chr19	16409592	rs10411344
chr19	16415976	rs3786589
chr19	16417023	rs4808047
chr19	16419487	rs12462717
chr19	16422246	rs1017690
chr19	16435316	rs936312
chr19	16436158	rs17642703
chr19	16437564	rs10411936
chr19	16438859	rs10419156
chr19	16442103	rs2305781
chr19	16443717	rs4399660
chr19	16444342	rs11878602
chr19	16445174	rs10410427
chr19	16445810	rs17642764
chr19	16447955	rs7256818
chr19	16463697	rs10401133
chr19	16464120	rs10221451
chr19	16468070	rs10412060
chr19	16469089	rs4470265
chr19	16476717	rs11086031
chr19	16478939	rs8103521
chr19	16480653	rs9305079
chr19	16482201	rs8112401
chr19	16482548	rs12459238
chr19	16490012	rs12982931
chr19	16490343	rs3810196
chr19	16490383	rs3810198
chr19	16493866	rs2059155
chr19	16495259	rs10409518
chr19	16496687	rs7246005
chr19	16498642	rs8108300
chr19	16499723	rs10425829
chr19	16501167	rs728116
chr19	16501200	rs728117
chr19	16501554	rs7251978
chr19	16502665	rs6512116
chr19	16503854	rs12459711
chr19	16505609	rs8109218
chr19	16512308	rs7259026
chr19	16514564	rs34208111
chr19	16517375	rs28447467
chr19	16518039	rs17029
chr19	16518378	rs7783
chr19	16520511	rs2303119
chr19	16520670	rs2303118
chr19	16522084	rs12461608
chr19	16523699	rs11086032
chr19	16526198	rs10416645
chr19	16528488	rs12459399
chr19	16532232	rs8101084
chr19	16532950	rs12459948
chr19	16534353	rs12461136
chr19	16536412	rs11880814
chr19	16536706	rs11878825
chr19	16543633	rs11669407
chr19	16544997	rs10409339
chr19	16547110	rs1544768
chr19	16551456	rs12461185
chr19	16553271	rs7247402
chr19	16553453	rs1985857
chr19	16554404	rs6512119
chr19	16555046	rs731617
chr19	16559849	rs11667601
chr19	16560084	rs6512120
chr19	16562333	rs8101092
chr19	16564135	rs1559202
chr19	16565516	rs10413178
chr19	16566478	rs1559201
chr19	16570482	rs11086033
chr19	16572823	rs8110418
chr19	16574069	rs12461258
chr19	16578828	rs12461030
chr19	16580002	rs12461650
chr19	16582794	rs12461804
chr19	16583283	rs2216670
chr19	16583701	rs12973401
chr19	16583799	rs12462428
chr19	16584097	rs12462015
chr19	16585735	rs16981316
chr19	16589002	rs754292
chr19	16589240	rs754291
chr19	16592626	rs16981320
chr19	16602521	rs11668389
chr19	16604155	rs8103548
chr19	16606864	rs8105148
chr19	16607902	rs11672396
chr19	16610372	rs7252709
chr19	16612772	rs7246513
chr19	16614652	rs12460160
chr19	16616318	rs1020723
chr19	16617922	rs12463196
chr19	16619324	rs3786601
chr19	16620909	rs11668934
chr19	16622574	rs10408776
chr19	16624977	rs3786603
chr19	16629303	rs3760673
chr19	16630737	rs7351094
chr19	16640396	rs17796733
chr19	16643969	rs8112375
chr19	16645371	rs4808051
chr19	16646165	rs10411230
chr19	16646345	rs17194861
chr19	16646735	rs2279448
chr19	16646891	rs8106284
chr19	16647098	rs706762
chr19	16647328	rs8103249
chr19	16650266	rs8101030
chr19	16657382	rs16981371
chr19	16658405	rs16981374
chr19	16658957	rs10403969
chr19	16659590	rs7250904
chr19	16660607	rs7255269
chr19	16662869	rs7359919
chr19	16669813	rs7260025
chr19	16674910	rs4808521
chr19	16680048	rs730120
chr19	16680632	rs901792
chr19	16682744	rs7257953
chr19	16682891	rs7259569
chr19	16686429	rs2249827
chr19	16686604	rs2306843
chr19	16688116	rs2547112
chr19	16689322	rs17488936
chr19	16691198	rs2633339
chr19	16697372	rs2633350
chr19	16698512	rs6512125
chr19	16702881	rs7253800
chr19	16704665	rs7250643
chr19	16720249	rs12983375
chr19	16731854	rs8112025
chr19	16732433	rs7247204
chr19	16739724	rs878506
chr19	16744454	rs812847
chr19	16745375	rs17523708
chr19	16746053	rs773916
chr19	16749273	rs11668502
chr19	16749581	rs706763
chr19	16758152	rs773845
chr19	16758655	rs17195267
chr19	16759115	rs773842
chr19	16762129	rs773852
chr19	16765288	rs4808526
chr19	16766522	rs2608730
chr19	16768462	rs8104526
chr19	16768858	rs10410132
chr19	16768895	rs773841
chr19	16773101	rs773835
chr19	16788920	rs2547108
chr19	16789054	rs2608738
chr19	16790067	rs2446148
chr19	16796560	rs2885321
chr19	16796765	rs8109655
chr19	16804141	rs2608725
chr19	16807851	rs3745321
chr19	16815856	rs773889
chr19	16816720	rs10410571
chr19	16824528	rs773869
chr19	16826382	rs10426079
chr19	16828542	rs9783986
chr19	16834394	rs10415034
chr19	16835953	rs773878
chr19	16840362	rs3848658
chr19	16843069	rs706760
chr19	16848144	rs8104462
chr19	16849245	rs11879590
chr19	16851058	rs799184
chr19	16856927	rs11671121
chr19	16865478	rs2303091
chr19	16867197	rs773909
chr19	16870233	rs8108315
chr19	16877645	rs2303090
chr19	16877975	rs10407613
chr19	16879876	rs1044773
chr19	16882697	rs773898
chr19	16883149	rs773896
chr19	16889821	rs773902
chr19	16892594	rs2227356
chr19	16892978	rs773901
chr19	16893238	rs1054533
chr19	16898561	rs2227371
chr19	16903109	rs706765
chr19	16904618	rs773863
chr19	16904797	rs734567
chr19	16904875	rs734568
chr19	16909097	rs773855
chr19	16909878	rs773853
chr19	16913723	rs8102899
chr19	16914482	rs706761
chr19	16915638	rs11086039
chr19	16916797	rs4808057
chr19	16919783	rs3848660
chr19	16919858	rs773921
chr19	16921749	rs3745332
chr19	16922560	rs773920
chr19	16925088	rs3745333
chr19	16930362	rs11086047
chr19	16935381	rs10416325
chr19	16943682	rs8111257
chr19	16944148	rs10417059
chr19	16945866	rs8105356
chr19	16948003	rs6512146
chr19	16948399	rs6512149
chr19	16951266	rs8101198
chr19	16951834	rs8108234
chr19	16957714	rs1457091
chr19	16959869	rs8101425
chr19	16973779	rs28520302
chr19	16974531	rs11880324
chr19	16977102	rs16981520
chr19	16977204	rs16981525
chr19	16977489	rs1824152
chr19	16977509	rs3745335
chr19	16977648	rs12975235
chr19	16978000	rs10413454
chr19	16978648	rs8109949
chr19	16979802	rs9305084
chr19	16980331	rs3745336
chr19	16980723	rs8100517
chr19	16984014	rs4808062
chr19	16988828	rs4808547
chr19	16988859	rs4808548
chr19	16989170	rs2353203
chr19	16989921	rs8101816
chr19	16991963	rs7256232
chr19	16992076	rs17281617
chr19	16997015	rs3745337
chr19	16997325	rs3745340
chr19	16998626	rs4808550
chr19	17000601	rs4808064
chr19	17000864	rs11669497
chr19	17000889	rs11668659
chr19	17002017	rs3745341
chr19	17002191	rs12972329
chr19	17002337	rs3745345
chr19	17005037	rs8112434
chr19	17005088	rs8112544
chr19	17005435	rs2168632
chr19	17005785	rs12982365
chr19	17006565	rs7259472
chr19	17007623	rs11666377
chr19	17008266	rs4808552
chr19	17009492	rs10418865
chr19	17010723	rs6512158
chr19	17015779	rs8106270
chr19	17018499	rs8100291
chr19	17019591	rs4808554
chr19	17028175	rs4808069
chr19	17037346	rs873513
chr19	17041742	rs16981567
chr19	17042010	rs7259798
chr19	17042339	rs7259285
chr19	17044162	rs1548079
chr19	17047884	rs16981571
chr19	17048969	rs8106184
chr19	17049754	rs4808557
chr19	17052851	rs2305758
chr19	17056171	rs2278997
chr19	17059126	rs2305756
chr19	17060879	rs7253742
chr19	17062677	rs3816550
chr19	17067309	rs7254154
chr19	17068979	rs2305754
chr19	17071207	rs7259348
chr19	17072129	rs7507441
chr19	17076708	rs10469470
chr19	17078976	rs1379281
chr19	17082708	rs1979261
chr19	17082741	rs1979260
chr19	17088616	rs6512165
chr19	17090710	rs11671858
chr19	17096201	rs8109466
chr19	17100758	rs10423719
chr19	17101600	rs3745348
chr19	17102182	rs3745349
chr19	17103263	rs11666569
chr19	17104571	rs4808567
chr19	17108295	rs7246865
chr19	17111943	rs12978850
chr19	17113519	rs17527173
chr19	17115419	rs4808571
chr19	17119389	rs10775622
chr19	17119477	rs8099879
chr19	17121689	rs11667918
chr19	17128756	rs7254359
chr19	17130839	rs12052065
chr19	17134273	rs2880937
chr19	17135122	rs6512171
chr19	17135402	rs10423232
chr19	17145713	rs17533903
chr19	17146992	rs17533945
chr19	17148018	rs1870068
chr19	17150430	rs10424129
chr19	17151314	rs10425285
chr19	17157974	rs10409461
chr19	17163083	rs7256689
chr19	17168169	rs4808583
chr19	17170786	rs8110820
chr19	17172493	rs2279008
chr19	17172594	rs2279007
chr19	17172848	rs2279006
chr19	17173133	rs4570995
chr19	17173788	rs17534335
chr19	17181205	rs7259292
chr19	17183487	rs2305767
chr19	17184145	rs3786514
chr19	17184214	rs3786515
chr19	17186286	rs16981660
chr19	17187742	rs7249803
chr19	17188084	rs3826689
chr19	17191054	rs962919
chr19	17191071	rs4808072
chr19	17191438	rs962917
chr19	17192965	rs1545620
chr19	17194631	rs1064305
chr19	17200499	rs8107108
chr19	17202183	rs2305765
chr19	17203024	rs2305764
chr19	17204065	rs8108998
chr19	17205973	rs7248508
chr19	17206443	rs2279002
chr19	17207146	rs8110964
chr19	17207209	rs17535005
chr19	17210860	rs12463169
chr19	17215104	rs3906559
chr19	17223705	rs11880766
chr19	17225364	rs4808604
chr19	17226095	rs7254151
chr19	17226414	rs2288542
chr19	17226535	rs2288540
chr19	17226924	rs3745164
chr19	17227119	rs1045201
chr19	17228303	rs14129
chr19	17229138	rs744067
chr19	17229591	rs7258100
chr19	17231115	rs13343494
chr19	17231855	rs2014686
chr19	17238683	rs10424936
chr19	17240726	rs2288539
chr19	17242557	rs8099896
chr19	17243777	rs891205
chr19	17244016	rs4808611
chr19	17244740	rs2303818
chr19	17247324	rs3826729
chr19	17247892	rs12463159
chr19	17248726	rs35686037
chr19	17250055	rs3745167
chr19	17252132	rs7247493
chr19	17256626	rs9676419
chr19	17259381	rs11880383
chr19	17264404	rs8102890
chr19	17267350	rs2278256
chr19	17273383	rs10403581
chr19	17273458	rs3745185
chr19	17276367	rs34084277
chr19	17278895	rs8170
chr19	17282085	rs8100241
chr19	17282206	rs1864116
chr19	17283315	rs2363956
chr19	17283695	rs891017
chr19	17284194	rs11086065
chr19	17285740	rs751599
chr19	17285952	rs891018
chr19	17288667	rs6512182
chr19	17288816	rs11668840
chr19	17292224	rs4808616
chr19	17296606	rs10409801
chr19	17301557	rs11086066
chr19	17301590	rs11086067
chr19	17306271	rs11548548
chr19	17306443	rs2288464
chr19	17306756	rs6903
chr19	17309480	rs2303745
chr19	17310423	rs973905
chr19	17311593	rs8100448
chr19	17312024	rs971694
chr19	17312564	rs7249329
chr19	17315692	rs3826700
chr19	17317236	rs7259941
chr19	17319389	rs35339599
chr19	17319948	rs9234
chr19	17320106	rs10259
chr19	17321868	rs1079098
chr19	17325042	rs755124
chr19	17327833	rs8102944
chr19	17330679	rs1529482
chr19	17336304	rs1529480
chr19	17337851	rs3810204
chr19	17339207	rs3810206
chr19	17339637	rs4808623
chr19	17340378	rs11666309
chr19	17341415	rs3745194
chr19	17341718	rs919333
chr19	17345414	rs10421557
chr19	17347245	rs4808625
chr19	17348131	rs6512184
chr19	17348616	rs7246405
chr19	17349788	rs8106115
chr19	17349973	rs6512186
chr19	17350190	rs7252711
chr19	17351983	rs7259703
chr19	17352965	rs12979743
chr19	17353904	rs4808078
chr19	17358573	rs7252581
chr19	17362206	rs10408790
chr19	17366509	rs7248564
chr19	17370678	rs8108265
chr19	17373696	rs16981755
chr19	17376811	rs4808628
chr19	17377332	rs10417806
chr19	17377798	rs7257450
chr19	17378148	rs7247270
chr19	17378340	rs7258084
chr19	17379088	rs8105362
chr19	17379204	rs11666306
chr19	17382801	rs17457472
chr19	17392086	rs3815904
chr19	17393187	rs4808629
chr19	17395367	rs8106139
chr19	17401603	rs10415893
chr19	17402906	rs2303683
chr19	17402940	rs2245519
chr19	17403172	rs9576
chr19	17403371	rs919267
chr19	17406365	rs2278233
chr19	17412060	rs8103068
chr19	17414505	rs12972417
chr19	17420641	rs2303680
chr19	17423884	rs2288408
chr19	17424089	rs13345062
chr19	17430208	rs754847
chr19	17430373	rs890840
chr19	17435901	rs7254837
chr19	17436046	rs1035872
chr19	17436370	rs8109084
chr19	17441497	rs11667945
chr19	17445245	rs3810209
chr19	17452160	rs11666324
chr19	17456187	rs4808646
chr19	17460329	rs12984915
chr19	17460957	rs890839
chr19	17464493	rs8113725
chr19	17464801	rs8100064
chr19	17469175	rs8109373
chr19	17469898	rs11665774
chr19	17479472	rs11666579
chr19	17482035	rs10423221
chr19	17483257	rs11670276
chr19	17483664	rs12985511
chr19	17484891	rs4808652
chr19	17489435	rs7255307
chr19	17496366	rs10409959
chr19	17496760	rs11665931
chr19	17497707	rs11672333
chr19	17499401	rs1820805
chr19	17500048	rs3827011
chr19	17501442	rs11668681
chr19	17504800	rs10417922
chr19	17505232	rs4808657
chr19	17505938	rs15401
chr19	17507640	rs6512198
chr19	17510699	rs1078000
chr19	17511582	rs879142
chr19	17512530	rs8102140
chr19	17513905	rs11086076
chr19	17517543	rs4450527
chr19	17517778	rs6743
chr19	17517928	rs8104468
chr19	17522916	rs12460096
chr19	17523124	rs2375592
chr19	17526051	rs8108421
chr19	17531950	rs4544358
chr19	17532256	rs12984143
chr19	17537541	rs8107859
chr19	17538982	rs8112256
chr19	17541587	rs7251306
chr19	17549491	rs11666267
chr19	17549799	rs2375636
chr19	17553609	rs34631213
chr19	17556110	rs3746317
chr19	17557161	rs3848643
chr19	17557324	rs4808666
chr19	17557644	rs2082001
chr19	17561576	rs7246258
chr19	17561829	rs7247558
chr19	17565995	rs6512202
chr19	17568418	rs3848644
chr19	17568439	rs17724020
chr19	17568788	rs3848645
chr19	17569292	rs10418441
chr19	17574324	rs4399659
chr19	17575972	rs3943858
chr19	17577984	rs13346446
chr19	17579773	rs10407038
chr19	17580942	rs891184
chr19	17584640	rs10418403
chr19	17585880	rs2033259
chr19	17586399	rs11882677
chr19	17588440	rs7249148
chr19	17590171	rs10422926
chr19	17590221	rs10423121
chr19	17594083	rs11672689
chr19	17601565	rs3746200
chr19	17601902	rs3746199
chr19	17604374	rs7250113
chr19	17605773	rs7254755
chr19	17617693	rs2287851
chr19	17624039	rs10419511
chr19	17627657	rs3810441
chr19	17628521	rs10404013
chr19	17639398	rs11879994
chr19	17641880	rs12608932
chr19	17647559	rs4808675
chr19	17649423	rs11665838
chr19	17650131	rs6512205
chr19	17652031	rs10416927
chr19	17652081	rs10416963
chr19	17658009	rs1157615
chr19	17658357	rs7258943
chr19	17658513	rs11666188
chr19	17658699	rs7247279
chr19	17662624	rs12978632
chr19	17664576	rs12981221
chr19	17665421	rs6512208
chr19	17665450	rs11666081
chr19	17665485	rs17710624
chr19	17665522	rs6512209
chr19	17665682	rs7247320
chr19	17668023	rs7248783
chr19	17671408	rs6512211
chr19	17672210	rs4808677
chr19	17675983	rs7251241
chr19	17677839	rs17654300
chr19	17677980	rs7252308
chr19	17677995	rs7257166
chr19	17678600	rs10419687
chr19	17685588	rs8110697
chr19	17688746	rs8101400
chr19	17691113	rs7359996
chr19	17692008	rs12978218
chr19	17698189	rs8101791
chr19	17702688	rs8111253
chr19	17703981	rs11881134
chr19	17709596	rs12973539
chr19	17716448	rs12985015
chr19	17716633	rs10415815
chr19	17717208	rs11673001
chr19	17718799	rs10410487
chr19	17718908	rs10405032
chr19	17724711	rs8111532
chr19	17725022	rs3761055
chr19	17732779	rs6512218
chr19	17733516	rs2287860
chr19	17734085	rs7253117
chr19	17734133	rs7251815
chr19	17739380	rs10418535
chr19	17746673	rs8101609
chr19	17748127	rs13382133
chr19	17750400	rs4280376
chr19	17751322	rs12979056
chr19	17753643	rs2161489
chr19	17754496	rs1363769
chr19	17760423	rs6512223
chr19	17761260	rs8108865
chr19	17767913	rs4239635
chr19	17769819	rs4808095
chr19	17770362	rs12327667
chr19	17771739	rs12978543
chr19	17773311	rs8107558
chr19	17774461	rs2287859
chr19	17775071	rs2287855
chr19	17776215	rs2287853
chr19	17776754	rs13345379
chr19	17781669	rs2042299
chr19	17781782	rs2042298
chr19	17782565	rs4808691
chr19	17784069	rs265558
chr19	17785065	rs265555
chr19	17789077	rs17654456
chr19	17789349	rs265552
chr19	17790587	rs11672023
chr19	17791368	rs11672054
chr19	17791525	rs265548
chr19	17793635	rs265541
chr19	17794810	rs10854161
chr19	17796030	rs36692
chr19	17797648	rs41526947
chr19	17799027	rs12980842
chr19	17799830	rs36689
chr19	17803675	rs7256058
chr19	17809949	rs10407076
chr19	17810206	rs10402066
chr19	17811986	rs36686
chr19	17812986	rs14268
chr19	17816232	rs11086080
chr19	17816476	rs12462622
chr19	17816591	rs1003887
chr19	17816753	rs17750642
chr19	17820688	rs4808100
chr19	17823209	rs2382987
chr19	17824444	rs3761049
chr19	17824817	rs11888
chr19	17826620	rs3008
chr19	17826949	rs3212798
chr19	17828082	rs10419991
chr19	17830334	rs2302600
chr19	17835245	rs2072496
chr19	17836737	rs3212760
chr19	17837923	rs3212752
chr19	17840369	rs3212741
chr19	17844192	rs3212713
chr19	17844212	rs3212711
chr19	17846215	rs3212701
chr19	17846500	rs2110586
chr19	17847808	rs7250423
chr19	17848203	rs13345965
chr19	17853069	rs7245564
chr19	17859585	rs17523547
chr19	17860442	rs10413723
chr19	17862080	rs10422405
chr19	17862349	rs10423882
chr19	17863414	rs7508025
chr19	17864736	rs8108030
chr19	17872752	rs740695
chr19	17875954	rs8103545
chr19	17877648	rs7250061
chr19	17878611	rs10417391
chr19	17879775	rs7257982
chr19	17881576	rs11672428
chr19	17890877	rs4808708
chr19	17891030	rs4808709
chr19	17894103	rs12327843
chr19	17896186	rs11669215
chr19	17896268	rs10426788
chr19	17897141	rs12976400
chr19	17909804	rs6512236
chr19	17911265	rs4808714
chr19	17913462	rs11086082
chr19	17915985	rs4808716
chr19	17927973	rs17654474
chr19	17932136	rs11880147
chr19	17933791	rs1433127
chr19	17936474	rs4808722
chr19	17942531	rs4808105
chr19	17944042	rs10418352
chr19	17945860	rs8102700
chr19	17948935	rs12609274
chr19	17949648	rs6512238
chr19	17950700	rs7250332
chr19	17950830	rs12974040
chr19	17964188	rs11666868
chr19	17964268	rs6512242
chr19	17964998	rs7254547
chr19	17965959	rs12981733
chr19	17969399	rs11667176
chr19	17970182	rs7252014
chr19	17972400	rs11666940
chr19	17972810	rs4808727
chr19	17973027	rs4808108
chr19	17974619	rs3746192
chr19	17975788	rs4808728
chr19	17981633	rs11666833
chr19	17984442	rs10153461
chr19	17984468	rs10153455
chr19	17984960	rs2278992
chr19	17985264	rs2278993
chr19	17990833	rs4283343
chr19	17991021	rs2045388
chr19	17993346	rs2290640
chr19	17997104	rs8182587
chr19	17997183	rs11672289
chr19	17998505	rs1057261
chr19	18000081	rs4808110
chr19	18006837	rs4808737
chr19	18012808	rs7255640
chr19	18013156	rs7255589
chr19	18013375	rs17724502
chr19	18013946	rs10426256
chr19	18015397	rs438735
chr19	18017579	rs17654580
chr19	18021731	rs12984174
chr19	18030314	rs91710
chr19	18031187	rs388159
chr19	18031265	rs403439
chr19	18033052	rs11883085
chr19	18043766	rs897753
chr19	18045280	rs435614
chr19	18045505	rs12973060
chr19	18046688	rs10422102
chr19	18046741	rs10424480
chr19	18048410	rs393540
chr19	18048706	rs4808739
chr19	18056193	rs434815
chr19	18056883	rs418625
chr19	18057864	rs382410
chr19	18058504	rs445521
chr19	18060152	rs1870063
chr19	18062793	rs372889
chr19	18069426	rs2305740
chr19	18069641	rs375947
chr19	18073107	rs3761041
chr19	18075765	rs17852635
chr19	18075942	rs429774
chr19	18080631	rs2305742
chr19	18082381	rs2305743
chr19	18090456	rs374326
chr19	18090947	rs7250425
chr19	18095263	rs419540
chr19	18095871	rs426132
chr19	18104437	rs273504
chr19	18110837	rs273506
chr19	18113919	rs273512
chr19	18117521	rs273476
chr19	18121944	rs11086090
chr19	18122207	rs4808115
chr19	18122385	rs12462442
chr19	18123195	rs12611216
chr19	18123631	rs740691
chr19	18123778	rs11666281
chr19	18129317	rs273493
chr19	18129488	rs12609740
chr19	18131047	rs273496
chr19	18133880	rs885683
chr19	18134702	rs2270623
chr19	18134997	rs12983325
chr19	18136081	rs3746188
chr19	18137336	rs541225
chr19	18142019	rs613339
chr19	18144549	rs8108738
chr19	18144783	rs11086092
chr19	18146940	rs2072490
chr19	18147702	rs1566029
chr19	18147788	rs1566028
chr19	18152365	rs2110575
chr19	18154130	rs273276
chr19	18156736	rs2384985
chr19	18162237	rs1011320
chr19	18162600	rs2006885
chr19	18166046	rs4808755
chr19	18166396	rs3730179
chr19	18167865	rs273272
chr19	18172691	rs273266
chr19	18173841	rs2241089
chr19	18175134	rs11554159
chr19	18177259	rs7125
chr19	18177512	rs6512247
chr19	18178088	rs1045747
chr19	18178137	rs4808118
chr19	18184023	rs4808759
chr19	18193890	rs874628
chr19	18195014	rs2271881
chr19	18196298	rs1044821
chr19	18197698	rs8109807
chr19	18198555	rs2271882
chr19	18200301	rs3803919
chr19	18200389	rs1046565
chr19	18201778	rs17683539
chr19	18204107	rs2271883
chr19	18204819	rs2049050
chr19	18205021	rs2049051
chr19	18210463	rs7259012
chr19	18215137	rs7246274
chr19	18215412	rs4808762
chr19	18218430	rs1042050
chr19	18218974	rs2229228
chr19	18221590	rs4808764
chr19	18222463	rs2074973
chr19	18223084	rs8100626
chr19	18227291	rs2238646
chr19	18230100	rs8112975
chr19	18231667	rs271828
chr19	18236729	rs271831
chr19	18237060	rs169237
chr19	18237891	rs271834
chr19	18240262	rs2544725
chr19	18240397	rs11667487
chr19	18240864	rs172043
chr19	18248714	rs12461581
chr19	18250258	rs2287656
chr19	18250416	rs2287657
chr19	18252130	rs2302945
chr19	18258000	rs999813
chr19	18258159	rs999814
chr19	18258178	rs999815
chr19	18258310	rs2891654
chr19	18258401	rs3810434
chr19	18258460	rs3810433
chr19	18258678	rs8108398
chr19	18258771	rs1477269
chr19	18258786	rs1477270
chr19	18258834	rs17797780
chr19	18260387	rs10425001
chr19	18260584	rs3826969
chr19	18260966	rs1035363
chr19	18262184	rs8105503
chr19	18262265	rs4808774
chr19	18264849	rs12608843
chr19	18265005	rs8103177
chr19	18265699	rs16982285
chr19	18265712	rs2277922
chr19	18266464	rs3746186
chr19	18266951	rs12609001
chr19	18267409	rs1469023
chr19	18273899	rs7254275
chr19	18274140	rs1075403
chr19	18274404	rs1079166
chr19	18275988	rs2384992
chr19	18278325	rs12608504
chr19	18278810	rs12461701
chr19	18280054	rs4393694
chr19	18282872	rs6512255
chr19	18284727	rs4254438
chr19	18287525	rs12610691
chr19	18291307	rs11086103
chr19	18293338	rs10419232
chr19	18296833	rs17711565
chr19	18297412	rs8108675
chr19	18299565	rs11086104
chr19	18300992	rs8110195
chr19	18306162	rs4808781
chr19	18306568	rs7259046
chr19	18307234	rs6792
chr19	18309894	rs2227270
chr19	18310880	rs16982307
chr19	18311554	rs3787025
chr19	18312592	rs2232968
chr19	18316140	rs2232965
chr19	18318070	rs1035364
chr19	18322119	rs1862145
chr19	18322415	rs2241351
chr19	18328573	rs12985909
chr19	18330132	rs4641872
chr19	18333999	rs1363119
chr19	18337295	rs10415765
chr19	18338428	rs9636202
chr19	18338959	rs10423237
chr19	18339903	rs1978423
chr19	18340851	rs4808784
chr19	18342314	rs1019445
chr19	18344015	rs17724992
chr19	18344869	rs2112176
chr19	18344893	rs10415319
chr19	18345466	rs10401774
chr19	18349137	rs8102478
chr19	18350648	rs11086106
chr19	18357076	rs7248363
chr19	18362970	rs4808127
chr19	18363732	rs3746185
chr19	18363895	rs3746183
chr19	18364865	rs4072287
chr19	18366207	rs3746181
chr19	18368837	rs749451
chr19	18369361	rs1043063
chr19	18369799	rs7226
chr19	18374112	rs888663
chr19	18382485	rs12459566
chr19	18385297	rs8101804
chr19	18385685	rs12459782
chr19	18386327	rs6413435
chr19	18389912	rs16982345
chr19	18391020	rs8101249
chr19	18392025	rs6512265
chr19	18392209	rs7254789
chr19	18402122	rs1560117
chr19	18404931	rs11668719
chr19	18406957	rs13344313
chr19	18409421	rs11086110
chr19	18413678	rs34213500
chr19	18414294	rs8111824
chr19	18422832	rs7258465
chr19	18429834	rs888669
chr19	18430178	rs11673604
chr19	18430975	rs35742476
chr19	18431891	rs10408290
chr19	18432460	rs3810429
chr19	18434531	rs10442
chr19	18434730	rs2385088
chr19	18435868	rs2303697
chr19	18439466	rs10427083
chr19	18441329	rs12981988
chr19	18444162	rs1043327
chr19	18445939	rs34053595
chr19	18446847	rs2303692
chr19	18446863	rs2303693
chr19	18456229	rs731945
chr19	18460331	rs4808801
chr19	18465674	rs2278238
chr19	18473971	rs4808803
chr19	18475949	rs11672385
chr19	18482743	rs8105994
chr19	18484026	rs4808807
chr19	18489246	rs7251067
chr19	18496970	rs11670392
chr19	18500735	rs7249760
chr19	18503107	rs17211813
chr19	18505589	rs1469412
chr19	18508057	rs4808136
chr19	18513580	rs16982485
chr19	18514154	rs8106068
chr19	18516257	rs271626
chr19	18519020	rs76195
chr19	18526800	rs4808814
chr19	18527595	rs10401741
chr19	18529657	rs10422974
chr19	18529763	rs10415320
chr19	18540306	rs6512274
chr19	18541711	rs11574806
chr19	18542034	rs10854166
chr19	18556662	rs8109364
chr19	18563247	rs12609505
chr19	18568345	rs1468475
chr19	18569056	rs1859948
chr19	18569668	rs3761034
chr19	18573753	rs2302055
chr19	18575154	rs6554
chr19	18578037	rs4808137
chr19	18579020	rs2057649
chr19	18579094	rs2314666
chr19	18579726	rs2314665
chr19	18580510	rs2079015
chr19	18581132	rs2314664
chr19	18587209	rs4808823
chr19	18588523	rs10409392
chr19	18589237	rs2074175
chr19	18590689	rs7258589
chr19	18592267	rs3170474
chr19	18593718	rs7256319
chr19	18595694	rs2283617
chr19	18596238	rs8107912
chr19	18597163	rs7250623
chr19	18599725	rs2238647
chr19	18602783	rs8110573
chr19	18603440	rs17683569
chr19	18604393	rs7249956
chr19	18604592	rs10409528
chr19	18604999	rs2238649
chr19	18608199	rs10419977
chr19	18610504	rs3761032
chr19	18612515	rs7250192
chr19	18616046	rs709679
chr19	18620848	rs1043192
chr19	18624954	rs12459017
chr19	18628687	rs7256751
chr19	18629398	rs10402779
chr19	18629543	rs10401838
chr19	18633478	rs4808839
chr19	18635712	rs11668617
chr19	18638544	rs11665980
chr19	18639870	rs6510994
chr19	18647445	rs889362
chr19	18648469	rs10412858
chr19	18649757	rs754245
chr19	18650466	rs889363
chr19	18652786	rs10854003
chr19	18661763	rs12610845
chr19	18662081	rs7254689
chr19	18664267	rs1076235
chr19	18669959	rs3795026
chr19	18669989	rs3795027
chr19	18670107	rs3795028
chr19	18670383	rs3220
chr19	18671217	rs11668413
chr19	18671387	rs1473116
chr19	18671567	rs876982
chr19	18672580	rs11670437
chr19	18675974	rs7246437
chr19	18685845	rs35322184
chr19	18692362	rs10419226
chr19	18698884	rs12973480
chr19	18700302	rs739850
chr19	18701156	rs4808844
chr19	18718923	rs7256986
chr19	18722140	rs12462498
chr19	18723314	rs2023878
chr19	18731697	rs35765580
chr19	18733554	rs4808852
chr19	18736055	rs7256502
chr19	18736798	rs6510997
chr19	18736927	rs6510998
chr19	18737022	rs6510999
chr19	18742743	rs2075017
chr19	18748870	rs11085244
chr19	18750109	rs2240887
chr19	18750669	rs34960453
chr19	18756751	rs17757406
chr19	18762107	rs12610715
chr19	18763673	rs11878358
chr19	18772973	rs2240013
chr19	18775953	rs2240014
chr19	18776867	rs7257846
chr19	18781918	rs10038
chr19	18785055	rs34467947
chr19	18791783	rs6511002
chr19	18805179	rs2313048
chr19	18811635	rs8101846
chr19	18815877	rs8103912
chr19	18817671	rs8104653
chr19	18824464	rs10409195
chr19	18829145	rs11672377
chr19	18833216	rs2239371
chr19	18835313	rs11666949
chr19	18836587	rs11670952
chr19	18848287	rs1024445
chr19	18848400	rs1024446
chr19	18853633	rs2238655
chr19	18853701	rs2238656
chr19	18854146	rs757113
chr19	18856912	rs34677724
chr19	18857849	rs7250661
chr19	18858780	rs11667922
chr19	18859548	rs757114
chr19	18860513	rs757115
chr19	18861199	rs10405364
chr19	18861549	rs7251329
chr19	18862888	rs7257086
chr19	18863391	rs2238658
chr19	18866179	rs10416612
chr19	18867441	rs10416469
chr19	18868515	rs11673194
chr19	18874034	rs7250622
chr19	18874288	rs4808866
chr19	18877409	rs7259353
chr19	18877857	rs4808867
chr19	18877890	rs4808868
chr19	18879050	rs2075762
chr19	18881710	rs11665939
chr19	18883829	rs726407
chr19	18884392	rs4808165
chr19	18905299	rs1468460
chr19	18905641	rs4808874
chr19	18906763	rs2074798
chr19	18907053	rs10330
chr19	18911161	rs1468461
chr19	18911395	rs10403594
chr19	18913044	rs3177137
chr19	18919762	rs2231992
chr19	18921828	rs2231997
chr19	18921871	rs2231998
chr19	18922578	rs2106660
chr19	18923202	rs8109947
chr19	18923749	rs999454
chr19	18924137	rs2872205
chr19	18926244	rs2301661
chr19	18926485	rs2301662
chr19	18928681	rs9304958
chr19	18938389	rs1064351
chr19	18940148	rs1122821
chr19	18943911	rs4808883
chr19	18945344	rs10415595
chr19	18952268	rs4808884
chr19	18966576	rs4239638
chr19	18968584	rs8111761
chr19	18970892	rs4808168
chr19	18982571	rs9917000
chr19	18982810	rs11085247
chr19	18983417	rs8107145
chr19	18989306	rs4808171
chr19	18989517	rs10420479
chr19	18989978	rs4808172
chr19	18991873	rs10409395
chr19	18994450	rs4808897
chr19	18994640	rs10404879
chr19	18994964	rs3180770
chr19	19001956	rs16995852
chr19	19003433	rs10406282
chr19	19004124	rs10407260
chr19	19004942	rs10416054
chr19	19005042	rs7253244
chr19	19006786	rs2013813
chr19	19007124	rs1079543
chr19	19010247	rs10414535
chr19	19016104	rs2285851
chr19	19022605	rs4808176
chr19	19023475	rs8111634
chr19	19024510	rs6511010
chr19	19024693	rs10404860
chr19	19025732	rs4808907
chr19	19027343	rs10854005
chr19	19028242	rs4808178
chr19	19032646	rs28445835
chr19	19034384	rs2269806
chr19	19039041	rs10420559
chr19	19039374	rs12979565
chr19	19040883	rs8104799
chr19	19045302	rs6511012
chr19	19051248	rs4808180
chr19	19052611	rs11666340
chr19	19054347	rs4808910
chr19	19057189	rs929215
chr19	19060312	rs2872394
chr19	19062609	rs4808913
chr19	19063428	rs8110629
chr19	19074616	rs10413216
chr19	19075896	rs6511018
chr19	19076766	rs12985799
chr19	19078507	rs10403272
chr19	19080097	rs4808181
chr19	19090712	rs7259609
chr19	19091541	rs7248399
chr19	19092900	rs757220
chr19	19095691	rs10410399
chr19	19097431	rs2012318
chr19	19099142	rs10221529
chr19	19100050	rs12971493
chr19	19101489	rs4632263
chr19	19108286	rs34992005
chr19	19111037	rs4808921
chr19	19111261	rs10417974
chr19	19117327	rs10423742
chr19	19118442	rs17214879
chr19	19119673	rs11729
chr19	19120395	rs756792
chr19	19120523	rs3787041
chr19	19122015	rs4808923
chr19	19123617	rs10421019
chr19	19126464	rs6511019
chr19	19130786	rs6511021
chr19	19132366	rs964132
chr19	19133034	rs10414676
chr19	19134702	rs3826994
chr19	19134962	rs3746259
chr19	19137298	rs2040562
chr19	19138429	rs10417318
chr19	19138570	rs4808925
chr19	19142388	rs7253352
chr19	19143362	rs16995922
chr19	19144116	rs11669988
chr19	19146061	rs2238663
chr19	19147576	rs2238664
chr19	19156039	rs7360000
chr19	19156592	rs12462713
chr19	19157181	rs7257072
chr19	19157507	rs2157850
chr19	19161382	rs11880550
chr19	19164926	rs3890384
chr19	19165550	rs7249142
chr19	19169690	rs7260127
chr19	19170863	rs741706
chr19	19172395	rs2283625
chr19	19175268	rs11671119
chr19	19176355	rs10418053
chr19	19176993	rs539
chr19	19177092	rs1050544
chr19	19177119	rs10896
chr19	19178151	rs3819578
chr19	19179021	rs11085258
chr19	19179306	rs2238669
chr19	19181865	rs2239370
chr19	19182443	rs17215305
chr19	19184910	rs10854012
chr19	19186483	rs3787040
chr19	19186758	rs12609573
chr19	19188726	rs10408395
chr19	19189152	rs12459686
chr19	19190377	rs3761081
chr19	19192993	rs1050483
chr19	19194156	rs2283626
chr19	19195338	rs10401713
chr19	19204371	rs12610057
chr19	19205298	rs12982158
chr19	19207349	rs10412238
chr19	19208675	rs12461092
chr19	19213634	rs7250569
chr19	19219115	rs2228603
chr19	19219348	rs7250310
chr19	19224274	rs2238672
chr19	19225799	rs2238675
chr19	19228476	rs10406347
chr19	19228837	rs10406659
chr19	19230637	rs11668677
chr19	19232102	rs10403859
chr19	19233770	rs11672216
chr19	19247863	rs4808931
chr19	19250926	rs1064395
chr19	19255834	rs17216041
chr19	19260108	rs4808934
chr19	19262880	rs2074296
chr19	19263252	rs8105094
chr19	19263259	rs8105984
chr19	19267862	rs998732
chr19	19270906	rs2074301
chr19	19270946	rs2074303
chr19	19274602	rs735273
chr19	19275206	rs8103496
chr19	19276547	rs2010506
chr19	19277637	rs17750998
chr19	19278079	rs17683766
chr19	19279376	rs11555053
chr19	19280236	rs17751021
chr19	19280593	rs6511026
chr19	19281029	rs11671506
chr19	19281042	rs6511027
chr19	19281592	rs2269873
chr19	19294671	rs2023883
chr19	19296909	rs10401969
chr19	19297355	rs2301785
chr19	19311378	rs1859287
chr19	19316767	rs10417715
chr19	19316814	rs8108647
chr19	19320614	rs3934667
chr19	19320671	rs4539728
chr19	19329257	rs3764567
chr19	19329619	rs1009136
chr19	19332525	rs17751109
chr19	19333177	rs2011503
chr19	19336127	rs769267
chr19	19338877	rs2074090
chr19	19340782	rs2965190
chr19	19341440	rs2301668
chr19	19344019	rs2965193
chr19	19344941	rs8102280
chr19	19345055	rs17751203
chr19	19347099	rs2905421
chr19	19348406	rs968525
chr19	19352223	rs2965195
chr19	19357128	rs2285627
chr19	19357925	rs15622
chr19	19362636	rs2905424
chr19	19367242	rs2965201
chr19	19376493	rs34277109
chr19	19377909	rs12973258
chr19	19381164	rs2965180
chr19	19386386	rs2965186
chr19	19394278	rs10415849
chr19	19408709	rs2965189
chr19	19413296	rs2916070
chr19	19414983	rs2965185
chr19	19419461	rs2916074
chr19	19429082	rs8182472
chr19	19434290	rs4808199
chr19	19434619	rs2965184
chr19	19443994	rs4808200
chr19	19451523	rs10414830
chr19	19452093	rs1560687
chr19	19457435	rs12977524
chr19	19457850	rs4808203
chr19	19465156	rs2163804
chr19	19467782	rs754256
chr19	19474160	rs17684098
chr19	19480257	rs10401193
chr19	19486246	rs10419912
chr19	19492883	rs4808964
chr19	19500741	rs3794993
chr19	19505217	rs3752151
chr19	19505933	rs1063966
chr19	19506144	rs1054284
chr19	19506325	rs2033481
chr19	19508508	rs10282
chr19	19508733	rs6909
chr19	19510971	rs11085264
chr19	19516501	rs16996127
chr19	19517228	rs7252888
chr19	19520846	rs4808965
chr19	19529715	rs4808967
chr19	19532219	rs10422819
chr19	19532906	rs8101219
chr19	19533593	rs4808968
chr19	19534836	rs4808206
chr19	19535463	rs2304098
chr19	19537904	rs11669730
chr19	19538827	rs11670775
chr19	19539287	rs4808208
chr19	19541937	rs8102502
chr19	19546334	rs2304097
chr19	19546389	rs1036215
chr19	19546691	rs10402308
chr19	19547663	rs16996148
chr19	19553041	rs892023
chr19	19553268	rs17216588
chr19	19558761	rs8112946
chr19	19560312	rs6511040
chr19	19566201	rs8113221
chr19	19581770	rs7252981
chr19	19582490	rs12977917
chr19	19603995	rs12611058
chr19	19604985	rs739461
chr19	19606642	rs16994684
chr19	19609031	rs10416924
chr19	19609219	rs1476459
chr19	19609979	rs16996185
chr19	19610913	rs12610185
chr19	19612406	rs10500212
chr19	19616233	rs6511046
chr19	19617839	rs35437712
chr19	19618385	rs12976826
chr19	19623730	rs1054685
chr19	19627745	rs873870
chr19	19632921	rs8113682
chr19	19633549	rs10407283
chr19	19633643	rs7248200
chr19	19635342	rs2304128
chr19	19640647	rs2043293
chr19	19642483	rs7248885
chr19	19643073	rs3794995
chr19	19644408	rs7257247
chr19	19645137	rs10423449
chr19	19647381	rs892035
chr19	19650107	rs11668721
chr19	19651060	rs35445661
chr19	19652826	rs2288865
chr19	19654759	rs2288867
chr19	19655966	rs3752152
chr19	19657665	rs11667828
chr19	19658348	rs10415278
chr19	19661564	rs6511047
chr19	19661913	rs919778
chr19	19663114	rs884480
chr19	19666005	rs10421328
chr19	19668203	rs35449009
chr19	19674082	rs7253821
chr19	19676958	rs12983292
chr19	19678036	rs16996227
chr19	19678719	rs2304130
chr19	19679350	rs4808209
chr19	19679881	rs35358946
chr19	19681241	rs10401926
chr19	19681441	rs11670710
chr19	19682675	rs1529714
chr19	19684751	rs7247433
chr19	19696531	rs12971399
chr19	19698338	rs12984032
chr19	19699241	rs4284750
chr19	19699269	rs8102530
chr19	19701028	rs12978668
chr19	19702056	rs11669761
chr19	19702210	rs11085268
chr19	19706940	rs8112048
chr19	19709034	rs17699261
chr19	19711240	rs7246866
chr19	19714041	rs11085270
chr19	19718292	rs2163813
chr19	19720119	rs11665940
chr19	19720735	rs17699333
chr19	19720780	rs11878966
chr19	19730943	rs12608822
chr19	19735649	rs247772
chr19	19737676	rs8110890
chr19	19737908	rs11880104
chr19	19737995	rs247770
chr19	19738888	rs247767
chr19	19739218	rs247765
chr19	19743647	rs247760
chr19	19743832	rs247759
chr19	19744845	rs7256487
chr19	19745084	rs7256992
chr19	19745130	rs247797
chr19	19745330	rs247796
chr19	19745681	rs8099910
chr19	19749686	rs2023414
chr19	19749714	rs247794
chr19	19750363	rs247792
chr19	19750873	rs10425230
chr19	19752157	rs247790
chr19	19752205	rs247789
chr19	19752475	rs247786
chr19	19752822	rs2021824
chr19	19753500	rs247785
chr19	19754268	rs12611148
chr19	19755562	rs7251035
chr19	19756080	rs247784
chr19	19758070	rs247782
chr19	19760441	rs248969
chr19	19761284	rs166018
chr19	19762460	rs8110856
chr19	19765303	rs8106763
chr19	19768005	rs8110431
chr19	19768948	rs10403362
chr19	19771667	rs4808983
chr19	19772882	rs248940
chr19	19773382	rs248941
chr19	19774267	rs248943
chr19	19774931	rs78025
chr19	19776299	rs1560189
chr19	19776483	rs16996320
chr19	19776769	rs248945
chr19	19777696	rs248947
chr19	19778339	rs7247366
chr19	19781987	rs12327770
chr19	19786615	rs23654
chr19	19788056	rs248932
chr19	19788755	rs248933
chr19	19790327	rs2878398
chr19	19792107	rs16996360
chr19	19793701	rs7246983
chr19	19797524	rs4808991
chr19	19810158	rs4808993
chr19	19812291	rs7248808
chr19	19828578	rs4808998
chr19	19834971	rs11085278
chr19	19838400	rs12461018
chr19	19852155	rs7247625
chr19	19856092	rs1975165
chr19	19859304	rs4389259
chr19	19862643	rs10421280
chr19	19876682	rs10419205
chr19	19877872	rs8113576
chr19	19882484	rs16994693
chr19	19882698	rs10412710
chr19	19894704	rs16994695
chr19	19896011	rs2080261
chr19	19898719	rs2192619
chr19	19899008	rs2110589
chr19	19899901	rs11881376
chr19	19900209	rs10407726
chr19	19901261	rs28590063
chr19	19903033	rs7246535
chr19	19903178	rs7246569
chr19	19910237	rs13344370
chr19	19913057	rs2335367
chr19	19925367	rs10411195
chr19	19928158	rs12610295
chr19	19932742	rs11085283
chr19	19935293	rs10407807
chr19	19935409	rs11786
chr19	19942030	rs1599797
chr19	19944014	rs6511061
chr19	19944193	rs4809014
chr19	19945539	rs7258519
chr19	19948684	rs10405744
chr19	19950248	rs12460082
chr19	19950277	rs12460085
chr19	19950316	rs4809015
chr19	19950743	rs17699399
chr19	19960866	rs1968162
chr19	19965350	rs11085286
chr19	19971139	rs2192623
chr19	19971996	rs2878400
chr19	19972824	rs1974671
chr19	19972982	rs1558612
chr19	19973872	rs11666718
chr19	19978603	rs6511063
chr19	19980893	rs2009723
chr19	19984639	rs10424838
chr19	19990827	rs7246356
chr19	19997730	rs1035064
chr19	19999510	rs258578
chr19	20000325	rs386976
chr19	20000584	rs4141048
chr19	20001185	rs258576
chr19	20003757	rs17617402
chr19	20003972	rs10407791
chr19	20005832	rs12327700
chr19	20006154	rs17679334
chr19	20006876	rs2075090
chr19	20012437	rs10409512
chr19	20014982	rs2335887
chr19	20019429	rs12978376
chr19	20025895	rs8106847
chr19	20027147	rs8112317
chr19	20029805	rs10420011
chr19	20031135	rs4808227
chr19	20032213	rs10409629
chr19	20032944	rs963380
chr19	20039438	rs2286923
chr19	20039571	rs2335896
chr19	20040448	rs8104703
chr19	20042954	rs12983056
chr19	20043555	rs7247572
chr19	20047351	rs17767375
chr19	20048942	rs7246955
chr19	20049306	rs8101659
chr19	20049995	rs1860940
chr19	20051886	rs6511071
chr19	20052176	rs6511077
chr19	20052824	rs11666775
chr19	20059405	rs2159922
chr19	20061613	rs2335900
chr19	20079332	rs10405913
chr19	20081708	rs10425448
chr19	20098780	rs765051
chr19	20100731	rs7250100
chr19	20106360	rs4608457
chr19	20107368	rs1725926
chr19	20107417	rs1621688
chr19	20113008	rs7248621
chr19	20122382	rs1654277
chr19	20129240	rs1654285
chr19	20131465	rs1618723
chr19	20133561	rs1725946
chr19	20137118	rs1725953
chr19	20139174	rs8110440
chr19	20143210	rs1654294
chr19	20164238	rs836889
chr19	20180269	rs1097509
chr19	20180454	rs836896
chr19	20180518	rs11879504
chr19	20182050	rs11673382
chr19	20182849	rs11881172
chr19	20190836	rs8112488
chr19	20199325	rs836904
chr19	20202453	rs16996741
chr19	20209132	rs1725917
chr19	20217070	rs1725920
chr19	20218828	rs1654261
chr19	20223288	rs1725922
chr19	20241397	rs7252194
chr19	20254706	rs10417084
chr19	20254742	rs10416757
chr19	20273247	rs7256632
chr19	20276525	rs11085305
chr19	20276723	rs12610421
chr19	20281936	rs2336214
chr19	20286383	rs11673473
chr19	20286746	rs11085307
chr19	20287457	rs7259355
chr19	20292732	rs10410777
chr19	20293179	rs8105491
chr19	20300734	rs7247148
chr19	20305189	rs9749154
chr19	20312889	rs11669776
chr19	20314319	rs7251553
chr19	20315194	rs2078584
chr19	20322121	rs4425024
chr19	20324851	rs10425466
chr19	20337070	rs1962457
chr19	20340363	rs12609651
chr19	20351786	rs12460477
chr19	20352186	rs11085313
chr19	20354292	rs10408131
chr19	20355246	rs7254670
chr19	20359755	rs12462067
chr19	20362744	rs7250375
chr19	20363697	rs4809040
chr19	20363846	rs7253937
chr19	20364376	rs11668038
chr19	20364841	rs12460871
chr19	20365065	rs9989730
chr19	20367726	rs11085336
chr19	20370643	rs9653141
chr19	20372008	rs10410546
chr19	20377889	rs10416706
chr19	20379052	rs8111389
chr19	20388684	rs2336456
chr19	20388716	rs6511099
chr19	20429839	rs6511105
chr19	20447554	rs10408291
chr19	20449142	rs7254186
chr19	20464744	rs10403597
chr19	20474975	rs8106213
chr19	20478202	rs11666947
chr19	20480508	rs11669293
chr19	20499249	rs2021399
chr19	20518806	rs4809060
chr19	20532422	rs33948
chr19	20539422	rs33935
chr19	20541093	rs7256767
chr19	20545971	rs7254995
chr19	20547679	rs2562644
chr19	20548739	rs10413625
chr19	20553670	rs2435068
chr19	20554022	rs2082014
chr19	20557343	rs2562618
chr19	20560455	rs12710122
chr19	20565968	rs7250811
chr19	20582324	rs7251622
chr19	20583852	rs7251204
chr19	20588017	rs6511140
chr19	20589505	rs7258387
chr19	20591541	rs41367351
chr19	20603210	rs2052890
chr19	20605819	rs2336610
chr19	20606081	rs7255905
chr19	20606698	rs7258789
chr19	20610362	rs10421633
chr19	20610809	rs2052888
chr19	20614273	rs7251507
chr19	20614838	rs8109263
chr19	20616864	rs1579446
chr19	20616913	rs1579445
chr19	20621707	rs4485501
chr19	20624018	rs10409289
chr19	20626370	rs6511148
chr19	20638609	rs8100147
chr19	20638696	rs8100262
chr19	20643886	rs959419
chr19	20644064	rs10425463
chr19	20644170	rs10425311
chr19	20651291	rs274815
chr19	20654105	rs274814
chr19	20661070	rs612578
chr19	20669090	rs12971592
chr19	20669496	rs8100460
chr19	20672792	rs2081890
chr19	20673648	rs4442934
chr19	20675819	rs7253166
chr19	20679635	rs1118967
chr19	20679821	rs7254139
chr19	20690284	rs4809098
chr19	20703005	rs2011277
chr19	20704424	rs12609807
chr19	20704804	rs16997102
chr19	20707492	rs2115097
chr19	20708000	rs4808263
chr19	20709514	rs17767800
chr19	20710193	rs12609346
chr19	20712632	rs2217267
chr19	20713545	rs2336624
chr19	20716478	rs7258003
chr19	20718314	rs17679710
chr19	20723173	rs11880194
chr19	20727047	rs17767860
chr19	20727989	rs11667098
chr19	20737696	rs12460325
chr19	20741124	rs8106633
chr19	20743128	rs12459076
chr19	20743945	rs2336638
chr19	20745805	rs8105877
chr19	20747380	rs4808267
chr19	20749723	rs2115098
chr19	20751824	rs10402809
chr19	20756921	rs11669622
chr19	20763469	rs1469402
chr19	20773092	rs7245851
chr19	20773947	rs11668858
chr19	20774256	rs2099048
chr19	20787561	rs10407397
chr19	20790197	rs1964337
chr19	20790922	rs2358606
chr19	20791728	rs1984940
chr19	20799821	rs396748
chr19	20802619	rs402744
chr19	20814990	rs587212
chr19	20817756	rs679834
chr19	20818117	rs599458
chr19	20818370	rs3867192
chr19	20819159	rs4808270
chr19	20825406	rs374762
chr19	20826032	rs625998
chr19	20826224	rs3867193
chr19	20826464	rs8109293
chr19	20831597	rs12104173
chr19	20832193	rs431157
chr19	20832230	rs444905
chr19	20832327	rs3867196
chr19	20834868	rs7255889
chr19	20835751	rs12984683
chr19	20838527	rs2547182
chr19	20840632	rs2547177
chr19	20844593	rs4477841
chr19	20847342	rs2547162
chr19	20852162	rs2545206
chr19	20858544	rs2547134
chr19	20866296	rs11673627
chr19	20866398	rs17618032
chr19	20870118	rs1465430
chr19	20880953	rs7256090
chr19	20881236	rs7256412
chr19	20882411	rs1465427
chr19	20883001	rs4809117
chr19	20889696	rs1974808
chr19	20892165	rs2081051
chr19	20898213	rs7253466
chr19	20898716	rs7257140
chr19	20906050	rs7249876
chr19	20918943	rs6511169
chr19	20921640	rs8104485
chr19	20922291	rs8104353
chr19	20924683	rs11085403
chr19	20926978	rs12980935
chr19	20932323	rs11085405
chr19	20942718	rs11672995
chr19	20943135	rs10425231
chr19	20951563	rs11669114
chr19	20954029	rs17618127
chr19	20956856	rs8111441
chr19	20961124	rs12463337
chr19	20962588	rs2042268
chr19	20965533	rs11085419
chr19	20965570	rs11085420
chr19	20965579	rs12983125
chr19	20966673	rs7247368
chr19	20968990	rs10419820
chr19	20969561	rs10426078
chr19	20970273	rs13343465
chr19	20975328	rs9304979
chr19	20977293	rs7253306
chr19	20981593	rs1862466
chr19	20982361	rs17618360
chr19	20985948	rs11085421
chr19	20995436	rs10418706
chr19	20997981	rs10413841
chr19	20998149	rs2081055
chr19	21013503	rs8102966
chr19	21015110	rs6511179
chr19	21022426	rs2358792
chr19	21023657	rs11085423
chr19	21029606	rs10417165
chr19	21030281	rs7254722
chr19	21030805	rs11085424
chr19	21031202	rs12609831
chr19	21033347	rs7252277
chr19	21033730	rs3760839
chr19	21035357	rs7253530
chr19	21050582	rs12609167
chr19	21061057	rs8112054
chr19	21061243	rs8112216
chr19	21063815	rs7249283
chr19	21064670	rs9304980
chr19	21066623	rs6511183
chr19	21073443	rs10421819
chr19	21077361	rs6511188
chr19	21080712	rs8106801
chr19	21087877	rs7260600
chr19	21094617	rs11085429
chr19	21100643	rs12976221
chr19	21101414	rs10406661
chr19	21101584	rs10412267
chr19	21101695	rs10412509
chr19	21102469	rs9304981
chr19	21114552	rs4809122
chr19	21120940	rs8111827
chr19	21122757	rs9304982
chr19	21124110	rs11085431
chr19	21130037	rs11667905
chr19	21130107	rs2195453
chr19	21131299	rs2115495
chr19	21131971	rs6511201
chr19	21133843	rs11878599
chr19	21141546	rs4324267
chr19	21143320	rs12979207
chr19	21143555	rs17445374
chr19	21147033	rs7250987
chr19	21148422	rs6511202
chr19	21148895	rs7259520
chr19	21157819	rs6511204
chr19	21160283	rs7254094
chr19	21161387	rs7258575
chr19	21164795	rs7251158
chr19	21166508	rs7256576
chr19	21167527	rs16997591
chr19	21168324	rs10408496
chr19	21172670	rs2115498
chr19	21187827	rs16997503
chr19	21191502	rs29727
chr19	21194801	rs29724
chr19	21201450	rs8101643
chr19	21201635	rs29710
chr19	21202034	rs29709
chr19	21203247	rs29707
chr19	21203324	rs39578
chr19	21205006	rs11085436
chr19	21206119	rs1645791
chr19	21206193	rs2081188
chr19	21207922	rs7254957
chr19	21208556	rs1781860
chr19	21209042	rs9749580
chr19	21209733	rs7248106
chr19	21210050	rs7247623
chr19	21210385	rs7248088
chr19	21210794	rs4482412
chr19	21211375	rs25760
chr19	21220386	rs30111
chr19	21223217	rs7250372
chr19	21231280	rs629548
chr19	21236750	rs625775
chr19	21238080	rs634661
chr19	21239563	rs669038
chr19	21241422	rs694208
chr19	21244575	rs11085438
chr19	21248379	rs57740
chr19	21249373	rs669046
chr19	21250290	rs660551
chr19	21276231	rs2061915
chr19	21283020	rs279807
chr19	21284990	rs279811
chr19	21286103	rs279816
chr19	21287266	rs476376
chr19	21289343	rs661453
chr19	21289763	rs541639
chr19	21291371	rs488125
chr19	21291587	rs8112775
chr19	21294577	rs504280
chr19	21294629	rs1781873
chr19	21302827	rs472472
chr19	21304368	rs1781867
chr19	21304570	rs509540
chr19	21306162	rs566230
chr19	21313002	rs627522
chr19	21320850	rs499445
chr19	21334175	rs7260065
chr19	21336614	rs4321312
chr19	21344718	rs2903766
chr19	21352905	rs7258086
chr19	21357033	rs7252261
chr19	21359004	rs2012013
chr19	21361440	rs12975081
chr19	21362215	rs2914638
chr19	21365409	rs8103325
chr19	21375033	rs2088762
chr19	21386297	rs11085447
chr19	21392568	rs7247411
chr19	21396736	rs7257857
chr19	21403434	rs8107999
chr19	21404348	rs12981869
chr19	21404750	rs2968046
chr19	21407834	rs2359144
chr19	21408556	rs12975981
chr19	21409481	rs13346641
chr19	21410626	rs2562402
chr19	21430595	rs2650776
chr19	21431034	rs2937161
chr19	21431853	rs2173726
chr19	21433097	rs2968084
chr19	21436236	rs12151222
chr19	21436849	rs3951363
chr19	21439163	rs1846712
chr19	21451116	rs8103151
chr19	21461994	rs7257584
chr19	21468580	rs2562487
chr19	21482835	rs2650781
chr19	21483408	rs2562456
chr19	21489612	rs1012040
chr19	21491080	rs2133820
chr19	21492160	rs2246914
chr19	21495996	rs6511253
chr19	21497382	rs2650804
chr19	21504759	rs7252254
chr19	21505137	rs2650805
chr19	21512369	rs2681390
chr19	21516423	rs2650825
chr19	21519238	rs1520071
chr19	21520743	rs2650757
chr19	21521301	rs2681366
chr19	21522043	rs8110814
chr19	21522243	rs11085455
chr19	21523178	rs1607664
chr19	21528400	rs2562417
chr19	21543323	rs2681384
chr19	21543535	rs2562507
chr19	21558130	rs1401926
chr19	21558286	rs1401927
chr19	21558914	rs7258384
chr19	21568988	rs11085465
chr19	21569207	rs4808279
chr19	21592569	rs8112960
chr19	21592692	rs8113074
chr19	21593530	rs2292986
chr19	21594280	rs939301
chr19	21594526	rs880896
chr19	21594904	rs1533675
chr19	21596597	rs7254018
chr19	21597153	rs1520068
chr19	21601193	rs950504
chr19	21604005	rs2102920
chr19	21611557	rs9749167
chr19	21611840	rs2102922
chr19	21613329	rs7255395
chr19	21614141	rs7252706
chr19	21615639	rs7259763
chr19	21615719	rs7259888
chr19	21618479	rs8108399
chr19	21619895	rs8101255
chr19	21622166	rs7255865
chr19	21628685	rs35745398
chr19	21634988	rs4809164
chr19	21635206	rs7259283
chr19	21636058	rs4994200
chr19	21638735	rs10084110
chr19	21649765	rs2139534
chr19	21652511	rs8103138
chr19	21654042	rs4808289
chr19	21654628	rs12971926
chr19	21654837	rs9807872
chr19	21654907	rs9807876
chr19	21655549	rs7508059
chr19	21658577	rs9304990
chr19	21664704	rs1829501
chr19	21665436	rs7259640
chr19	21673605	rs10164402
chr19	21674124	rs10425489
chr19	21674425	rs12232841
chr19	21676044	rs10854058
chr19	21676192	rs2015481
chr19	21685782	rs7258660
chr19	21699401	rs12052044
chr19	21709141	rs8104675
chr19	21709238	rs6511286
chr19	21718096	rs11879157
chr19	21728314	rs12982134
chr19	21728587	rs12973310
chr19	21728947	rs10417086
chr19	21735137	rs8111464
chr19	21739273	rs12985617
chr19	21744904	rs4613201
chr19	21749260	rs12461775
chr19	21751141	rs10423041
chr19	21752089	rs10404622
chr19	21752898	rs4808297
chr19	21752940	rs10411674
chr19	21753871	rs35590941
chr19	21755942	rs4809175
chr19	21762219	rs16998353
chr19	21762384	rs11085492
chr19	21765218	rs17701305
chr19	21765946	rs11085493
chr19	21767009	rs12982550
chr19	21767993	rs4467196
chr19	21769934	rs11670736
chr19	21771402	rs10414913
chr19	21773334	rs8101143
chr19	21777605	rs7259739
chr19	21779132	rs10407885
chr19	21781455	rs2359704
chr19	21788147	rs11666904
chr19	21791127	rs7247886
chr19	21794162	rs1397579
chr19	21798077	rs6511295
chr19	21799550	rs1912579
chr19	21801163	rs16998391
chr19	21801637	rs2359707
chr19	21802938	rs17701366
chr19	21802993	rs1543048
chr19	21803490	rs10403430
chr19	21806589	rs12462709
chr19	21818959	rs2435005
chr19	21819809	rs2457798
chr19	21822198	rs3764576
chr19	21834386	rs10413659
chr19	21836895	rs2435048
chr19	21837968	rs11672034
chr19	21839970	rs2457790
chr19	21841011	rs2435045
chr19	21841202	rs2457789
chr19	21843477	rs2457785
chr19	21843979	rs2457783
chr19	21852017	rs2435041
chr19	21852805	rs2435040
chr19	21853365	rs2435039
chr19	21868974	rs7258344
chr19	21869262	rs2435010
chr19	21872451	rs1828454
chr19	21873051	rs2435033
chr19	21873357	rs2136886
chr19	21878987	rs2435030
chr19	21879356	rs2435029
chr19	21879386	rs2457780
chr19	21892902	rs1229933
chr19	21892978	rs11672223
chr19	21900880	rs391190
chr19	21901463	rs220995
chr19	21906520	rs807946
chr19	21906773	rs1651558
chr19	21909486	rs1229924
chr19	21913717	rs440597
chr19	21919335	rs17701615
chr19	21919701	rs1634468
chr19	21920556	rs1651564
chr19	21920924	rs1634466
chr19	21924149	rs1634459
chr19	21924481	rs1651570
chr19	21926761	rs1651572
chr19	21927417	rs10424424
chr19	21930122	rs1965612
chr19	21930395	rs1965611
chr19	21931902	rs17769372
chr19	21933033	rs807959
chr19	21934112	rs10410660
chr19	21938656	rs17701834
chr19	21941038	rs12980897
chr19	21943336	rs2017521
chr19	21946485	rs2666453
chr19	21946753	rs765527
chr19	21947509	rs2097733
chr19	21947679	rs2666451
chr19	21959459	rs1849003
chr19	21960537	rs1859093
chr19	21962345	rs12608935
chr19	21965150	rs10418985
chr19	21966656	rs2188972
chr19	21970074	rs2359811
chr19	21970335	rs1987570
chr19	21975365	rs10426971
chr19	21975497	rs1987975
chr19	21976190	rs8103214
chr19	21986000	rs10416159
chr19	21987054	rs10423507
chr19	21987749	rs8101183
chr19	21992764	rs1988501
chr19	21994297	rs2214297
chr19	21995489	rs10418451
chr19	22002440	rs8108807
chr19	22004958	rs2359815
chr19	22010329	rs8105991
chr19	22011184	rs11085508
chr19	22019364	rs10412244
chr19	22025949	rs2017962
chr19	22026426	rs7253170
chr19	22028635	rs8103879
chr19	22030309	rs7255049
chr19	22032191	rs2359826
chr19	22032639	rs8105767
chr19	22032655	rs8105895
chr19	22033103	rs6511313
chr19	22037485	rs2359828
chr19	22041228	rs417947
chr19	22041953	rs17450788
chr19	22045725	rs436194
chr19	22045990	rs431474
chr19	22047626	rs394457
chr19	22047992	rs417628
chr19	22048300	rs411020
chr19	22048321	rs408687
chr19	22050707	rs390730
chr19	22051986	rs367280
chr19	22053593	rs6511314
chr19	22067334	rs7247228
chr19	22070021	rs2043315
chr19	22073594	rs3752163
chr19	22085910	rs28635943
chr19	22087266	rs6511321
chr19	22089813	rs10417916
chr19	22089941	rs9304994
chr19	22095319	rs17459246
chr19	22096739	rs1036235
chr19	22102361	rs4436884
chr19	22108969	rs7260331
chr19	22109410	rs1560718
chr19	22109445	rs1560717
chr19	22110324	rs1978718
chr19	22110904	rs7253490
chr19	22117205	rs987711
chr19	22118201	rs8100438
chr19	22120849	rs1526884
chr19	22121343	rs452707
chr19	22121779	rs12461499
chr19	22127170	rs10419058
chr19	22133775	rs10404620
chr19	22134346	rs17554694
chr19	22134512	rs8103471
chr19	22134957	rs17554725
chr19	22135428	rs12460025
chr19	22136490	rs7257051
chr19	22136619	rs8113700
chr19	22137207	rs7245790
chr19	22138454	rs3813591
chr19	22142215	rs2204581
chr19	22143198	rs617609
chr19	22159103	rs379619
chr19	22174191	rs1988038
chr19	22174445	rs428455
chr19	22176638	rs412658
chr19	22178484	rs451793
chr19	22178939	rs383678
chr19	22181818	rs10419926
chr19	22187022	rs7343144
chr19	22193513	rs8106346
chr19	22194307	rs11666326
chr19	22196785	rs2360001
chr19	22197860	rs2884867
chr19	22199278	rs1830175
chr19	22206129	rs4932963
chr19	22225022	rs281205
chr19	22241616	rs17470104
chr19	22242787	rs2168491
chr19	22243035	rs11085514
chr19	22243718	rs11085515
chr19	22246007	rs10426665
chr19	22255267	rs283147
chr19	22256325	rs10409609
chr19	22256644	rs283144
chr19	22258369	rs7259269
chr19	22262849	rs283142
chr19	22268120	rs283168
chr19	22279213	rs11668951
chr19	22287566	rs808372
chr19	22303733	rs9304996
chr19	22308270	rs4932975
chr19	22312076	rs4932976
chr19	22320213	rs7252078
chr19	22323074	rs3926992
chr19	22324903	rs7259376
chr19	22331158	rs11668269
chr19	22331749	rs9304998
chr19	22332449	rs1975174
chr19	22334082	rs9967648
chr19	22335855	rs1808668
chr19	22340776	rs1985135
chr19	22346763	rs7247584
chr19	22355060	rs7259586
chr19	22356136	rs4932985
chr19	22359637	rs12459636
chr19	22366651	rs8110854
chr19	22367218	rs16999061
chr19	22372052	rs1865075
chr19	22374572	rs6511348
chr19	22384342	rs10418203
chr19	22385263	rs4024623
chr19	22400255	rs2885219
chr19	22408414	rs11671804
chr19	22411895	rs6511350
chr19	22417320	rs10414591
chr19	22417744	rs2033494
chr19	22425572	rs10404998
chr19	22425754	rs10405295
chr19	22427938	rs10418950
chr19	22430427	rs11085534
chr19	22439951	rs1230297
chr19	22450363	rs1704019
chr19	22452127	rs1692597
chr19	22452250	rs1692598
chr19	22452581	rs1704016
chr19	22456547	rs1230300
chr19	22456755	rs11523642
chr19	22459115	rs1230305
chr19	22460943	rs6511355
chr19	22461034	rs8108213
chr19	22464485	rs1987409
chr19	22469634	rs10415391
chr19	22473997	rs8102770
chr19	22482546	rs7253446
chr19	22484133	rs10416001
chr19	22484758	rs8112021
chr19	22486151	rs2957809
chr19	22487526	rs2074332
chr19	22488198	rs2957807
chr19	22492381	rs11669012
chr19	22492616	rs1230313
chr19	22495583	rs9676574
chr19	22495879	rs10413967
chr19	22497893	rs11085536
chr19	22501067	rs2915930
chr19	22501942	rs8101792
chr19	22502946	rs1368450
chr19	22505715	rs10422124
chr19	22506585	rs892051
chr19	22507572	rs8103890
chr19	22509370	rs2163819
chr19	22509790	rs1433084
chr19	22510794	rs2915928
chr19	22510964	rs2915927
chr19	22511561	rs2915925
chr19	22512855	rs892046
chr19	22513899	rs7253365
chr19	22519300	rs12710210
chr19	22520418	rs1216105
chr19	22526834	rs1216115
chr19	22527043	rs1216119
chr19	22527943	rs12462444
chr19	22528348	rs10417510
chr19	22529150	rs2116865
chr19	22530779	rs8105885
chr19	22531073	rs2915923
chr19	22531525	rs2915921
chr19	22532455	rs1391581
chr19	22532831	rs2304139
chr19	22535754	rs892049
chr19	22542766	rs11666981
chr19	22544450	rs2915914
chr19	22545477	rs2957829
chr19	22546516	rs4932768
chr19	22546780	rs4932769
chr19	22546851	rs2860462
chr19	22547224	rs4933000
chr19	22547971	rs2915910
chr19	22558323	rs8108780
chr19	22558459	rs16999326
chr19	22560056	rs9305000
chr19	22575041	rs12983505
chr19	22582023	rs16999362
chr19	22582454	rs10411933
chr19	22582582	rs8108776
chr19	22584928	rs10420442
chr19	22585017	rs10420648
chr19	22585969	rs7245541
chr19	22587330	rs9917007
chr19	22589113	rs6511365
chr19	22589845	rs16999432
chr19	22589899	rs16999433
chr19	22591202	rs12609097
chr19	22592832	rs7246048
chr19	22593588	rs7256847
chr19	22598015	rs10426504
chr19	22598399	rs4932779
chr19	22598739	rs10405616
chr19	22598752	rs4932780
chr19	22600418	rs9305001
chr19	22602332	rs11670207
chr19	22605735	rs2291513
chr19	22606628	rs11673496
chr19	22606917	rs11673589
chr19	22608057	rs2306964
chr19	22609300	rs10415442
chr19	22610236	rs8111395
chr19	22610281	rs8111506
chr19	22611438	rs4932781
chr19	22611884	rs11671104
chr19	22612513	rs16999493
chr19	22612623	rs16999494
chr19	22614973	rs16999232
chr19	22616491	rs3813587
chr19	22618508	rs13346450
chr19	22626989	rs4933016
chr19	22628865	rs937078
chr19	22631274	rs16999519
chr19	22632728	rs16999521
chr19	22634065	rs2361023
chr19	22637996	rs12979848
chr19	22641717	rs8112981
chr19	22643926	rs34682021
chr19	22645025	rs8104165
chr19	22648265	rs4932783
chr19	22649184	rs4933019
chr19	22651558	rs2099341
chr19	22657795	rs12983761
chr19	22658153	rs10413062
chr19	22663986	rs11672238
chr19	22666555	rs12980342
chr19	22670816	rs8108452
chr19	22679759	rs12975850
chr19	22680007	rs12975767
chr19	22681386	rs8113699
chr19	22691364	rs4933025
chr19	22696483	rs8103012
chr19	22699383	rs7246424
chr19	22708471	rs12608608
chr19	22714765	rs8108467
chr19	22716783	rs7247191
chr19	22719560	rs1864004
chr19	22719908	rs16999569
chr19	22721170	rs4933027
chr19	22722325	rs12973782
chr19	22723133	rs34302188
chr19	22723931	rs7248791
chr19	22724119	rs11666618
chr19	22726856	rs16999009
chr19	22727708	rs9676498
chr19	22731342	rs2361260
chr19	22734049	rs2112610
chr19	22737482	rs7252015
chr19	22740685	rs16999580
chr19	22745206	rs8102469
chr19	22752123	rs4933030
chr19	22752171	rs16999587
chr19	22752231	rs4933031
chr19	22752476	rs4933032
chr19	22767268	rs6511380
chr19	22767749	rs6511382
chr19	22770144	rs12980509
chr19	22774098	rs6511383
chr19	22777708	rs6511384
chr19	22786136	rs12980083
chr19	22791701	rs7252224
chr19	22792544	rs11085545
chr19	22797235	rs4933040
chr19	22802703	rs2617781
chr19	22804189	rs2546462
chr19	22810326	rs448372
chr19	22811439	rs2569723
chr19	22814505	rs12459515
chr19	22820936	rs434895
chr19	22823988	rs2112607
chr19	22824547	rs437859
chr19	22824836	rs413114
chr19	22825300	rs10500220
chr19	22828184	rs426862
chr19	22831202	rs2569728
chr19	22834634	rs401589
chr19	22838598	rs12981220
chr19	22840812	rs12983770
chr19	22846632	rs11879853
chr19	22849647	rs4932792
chr19	22850792	rs34242864
chr19	22861466	rs11666189
chr19	22863884	rs6511387
chr19	22873387	rs936525
chr19	22879446	rs6511388
chr19	22882321	rs7246529
chr19	22882467	rs1478457
chr19	22883621	rs4932803
chr19	22886706	rs12984410
chr19	22890403	rs8111895
chr19	22890576	rs8100622
chr19	22892977	rs12460438
chr19	22899546	rs16999662
chr19	22902204	rs11882685
chr19	22903215	rs4497815
chr19	22904877	rs1842013
chr19	22906794	rs1824794
chr19	22912431	rs1842018
chr19	22918353	rs289280
chr19	22919264	rs10415689
chr19	22930362	rs289372
chr19	22934100	rs289365
chr19	22935597	rs289362
chr19	22939624	rs424913
chr19	22940300	rs4327177
chr19	22941943	rs390911
chr19	22946757	rs467101
chr19	22947593	rs466223
chr19	22961349	rs289357
chr19	22968988	rs289337
chr19	22970162	rs289334
chr19	22970948	rs289332
chr19	22978495	rs289317
chr19	22984111	rs11670032
chr19	22985168	rs289306
chr19	22990829	rs2935445
chr19	22992949	rs289299
chr19	22999578	rs2132818
chr19	23001307	rs1908942
chr19	23006130	rs12980814
chr19	23007732	rs1645773
chr19	23007904	rs1729043
chr19	23012292	rs2173179
chr19	23015301	rs290582
chr19	23016898	rs24833
chr19	23021149	rs7246417
chr19	23024584	rs291772
chr19	23033865	rs1645774
chr19	23041690	rs918644
chr19	23045455	rs2017849
chr19	23045608	rs2935448
chr19	23047317	rs2927367
chr19	23052037	rs2935457
chr19	23054001	rs2963059
chr19	23056940	rs2935442
chr19	23063598	rs16999774
chr19	23065267	rs2453969
chr19	23072352	rs7254083
chr19	23072705	rs771351
chr19	23074362	rs11672488
chr19	23074405	rs11668225
chr19	23075431	rs699642
chr19	23076823	rs771362
chr19	23078423	rs771359
chr19	23094893	rs1693294
chr19	23095699	rs11672966
chr19	23096201	rs1693286
chr19	23101548	rs1473419
chr19	23108304	rs10422252
chr19	23114701	rs1908940
chr19	23118339	rs2219721
chr19	23121702	rs2035172
chr19	23124334	rs2169589
chr19	23127061	rs7256177
chr19	23134145	rs11670477
chr19	23144912	rs7257716
chr19	23156361	rs8106369
chr19	23162477	rs1826155
chr19	23166920	rs11669996
chr19	23170222	rs4932824
chr19	23170784	rs1844530
chr19	23172367	rs4932828
chr19	23176893	rs11671123
chr19	23180813	rs10413357
chr19	23181763	rs4932829
chr19	23185110	rs10406179
chr19	23190126	rs8107608
chr19	23190196	rs8107619
chr19	23190316	rs8108677
chr19	23190398	rs8108144
chr19	23200188	rs10424248
chr19	23204986	rs8110734
chr19	23206118	rs11666204
chr19	23206266	rs7246878
chr19	23206740	rs10410090
chr19	23209676	rs6511422
chr19	23210484	rs11670874
chr19	23211075	rs8106680
chr19	23214480	rs4932833
chr19	23216512	rs2362803
chr19	23225327	rs11666025
chr19	23232799	rs7249858
chr19	23239393	rs4932844
chr19	23245709	rs6511429
chr19	23247634	rs7254300
chr19	23251404	rs2362133
chr19	23254404	rs3851028
chr19	23256036	rs295356
chr19	23259134	rs295367
chr19	23261221	rs295364
chr19	23261574	rs9676289
chr19	23263218	rs295363
chr19	23263477	rs295362
chr19	23269742	rs10422569
chr19	23278622	rs1658216
chr19	23282059	rs454641
chr19	23284944	rs376789
chr19	23286164	rs431270
chr19	23293628	rs13382096
chr19	23301974	rs403983
chr19	23304038	rs445397
chr19	23308181	rs12973473
chr19	23312199	rs421458
chr19	23314472	rs12980317
chr19	23316425	rs295351
chr19	23324885	rs295419
chr19	23326030	rs295416
chr19	23326687	rs295414
chr19	23336327	rs29986
chr19	23346566	rs295387
chr19	23346696	rs295386
chr19	23348813	rs7256634
chr19	23351388	rs11667068
chr19	23357415	rs1020075
chr19	23357870	rs29991
chr19	23362202	rs296092
chr19	23362448	rs1044095
chr19	23362645	rs296091
chr19	23364747	rs7249539
chr19	23371441	rs12971750
chr19	23374050	rs17554633
chr19	23379927	rs1038142
chr19	23381329	rs4932855
chr19	23382838	rs11669071
chr19	23382990	rs12232876
chr19	23383265	rs11085578
chr19	23386263	rs8103302
chr19	23387056	rs2127370
chr19	23391984	rs12611297
chr19	23394794	rs7249300
chr19	23399085	rs604495
chr19	23400378	rs12977982
chr19	23404477	rs34614912
chr19	23406543	rs594320
chr19	23409021	rs12978866
chr19	23414323	rs610054
chr19	23414650	rs621906
chr19	23426924	rs7252064
chr19	23427947	rs8110030
chr19	23437830	rs8101097
chr19	23438628	rs10409326
chr19	23438738	rs10410768
chr19	23442860	rs17491363
chr19	23443186	rs17000145
chr19	23444225	rs2640206
chr19	23450331	rs12972264
chr19	23460628	rs1842224
chr19	23460655	rs1842225
chr19	23462392	rs667874
chr19	23473618	rs10406898
chr19	23475443	rs12974825
chr19	23476081	rs4115613
chr19	23478794	rs10419301
chr19	23480253	rs7260216
chr19	23489124	rs1948438
chr19	23491088	rs10417304
chr19	23493692	rs2463798
chr19	23494599	rs17000180
chr19	23501148	rs797873
chr19	23503021	rs2640203
chr19	23503703	rs7249438
chr19	23510288	rs797872
chr19	23513455	rs12980498
chr19	23520900	rs919795
chr19	23521456	rs1991827
chr19	23522737	rs1991826
chr19	23524606	rs2131525
chr19	23525864	rs2131526
chr19	23526518	rs2262948
chr19	23526546	rs2082477
chr19	23528311	rs892147
chr19	23530232	rs17769694
chr19	23538372	rs1088407
chr19	23540845	rs1973371
chr19	23541412	rs13344936
chr19	23545247	rs12985667
chr19	23549369	rs8109224
chr19	23549908	rs12460990
chr19	23552876	rs12460521
chr19	23553858	rs12462246
chr19	23555626	rs12461367
chr19	23559556	rs797880
chr19	23560039	rs2195960
chr19	23560304	rs2217662
chr19	23563445	rs12973342
chr19	23563537	rs7246656
chr19	23563654	rs2886003
chr19	23563925	rs7257766
chr19	23573864	rs2116911
chr19	23576789	rs4932709
chr19	23577154	rs12461255
chr19	23578711	rs10415081
chr19	23580362	rs9305005
chr19	23580577	rs2099351
chr19	23593231	rs12461406
chr19	23596597	rs4932713
chr19	23610468	rs11085589
chr19	23620856	rs12984693
chr19	23621239	rs699653
chr19	23629658	rs699646
chr19	23636564	rs4932879
chr19	23645922	rs10417223
chr19	23646935	rs12609670
chr19	23650816	rs11085596
chr19	23678812	rs11671252
chr19	23697447	rs10445627
chr19	23713402	rs8107795
chr19	23718483	rs4932728
chr19	23736505	rs12327766
chr19	23748077	rs7246142
chr19	23755759	rs7258292
chr19	23759953	rs8112869
chr19	23760441	rs4530290
chr19	23775135	rs10405957
chr19	23775490	rs12151190
chr19	23778010	rs7245872
chr19	23803474	rs7408371
chr19	23818971	rs8109001
chr19	23820037	rs7260366
chr19	23842285	rs1978472
chr19	23843722	rs11669072
chr19	23848522	rs4932926
chr19	23851753	rs4932735
chr19	23854903	rs8105747
chr19	23863050	rs4932927
chr19	23864558	rs251750
chr19	23872279	rs10518280
chr19	23874001	rs7257737
chr19	23874274	rs12463053
chr19	23875394	rs1816412
chr19	23876474	rs17725202
chr19	23877153	rs12976709
chr19	23877761	rs6511671
chr19	23878178	rs8113266
chr19	23878342	rs8113608
chr19	23884154	rs11670289
chr19	23884546	rs8102565
chr19	23886364	rs4932736
chr19	23886382	rs13344851
chr19	23886641	rs4932737
chr19	23887495	rs10401693
chr19	23888352	rs8104826
chr19	23898005	rs10418417
chr19	23901617	rs6511674
chr19	23901702	rs10451493
chr19	23902134	rs35914128
chr19	23904600	rs1821289
chr19	23911232	rs10423551
chr19	23917401	rs7246598
chr19	23926848	rs10424416
chr19	23929975	rs10420981
chr19	23930715	rs7246680
chr19	23935633	rs7259787
chr19	23943808	rs11672619
chr19	23950679	rs1122950
chr19	23958290	rs10407092
chr19	23958804	rs10414625
chr19	23959110	rs4932738
chr19	23966743	rs2195987
chr19	23969933	rs10402888
chr19	23970243	rs11878411
chr19	23978991	rs17655781
chr19	23984420	rs4932739
chr19	23985756	rs7254714
chr19	23988064	rs17493309
chr19	23992651	rs10415672
chr19	23994194	rs4313914
chr19	23999020	rs4635459
chr19	23999485	rs17798572
chr19	23999662	rs17000593
chr19	23999765	rs11665950
chr19	24006483	rs11085661
chr19	24013356	rs28876163
chr19	24034262	rs8104657
chr19	24039326	rs11880244
chr19	24039403	rs11882771
chr19	24039687	rs8113462
chr19	24039725	rs17712357
chr19	24039984	rs7260598
chr19	24042774	rs6511680
chr19	24048427	rs35713415
chr19	24051660	rs41466148
chr19	24055649	rs10414075
chr19	24056986	rs888315
chr19	24057208	rs888316
chr19	24057630	rs10402585
chr19	24057854	rs10403038
chr19	24057983	rs17272051
chr19	24058103	rs17304569
chr19	24058822	rs17206080
chr19	24059854	rs17206087
chr19	24062482	rs41344050
chr19	24064939	rs41482250
chr19	24065809	rs34234741
chr19	24068026	rs12462134
chr19	24072831	rs4932742
chr19	24078884	rs7507208
chr19	24093551	rs4416149
chr19	24099429	rs10420762
chr19	24117919	rs4932745
chr19	24118008	rs12973714
chr19	24120476	rs7255819
chr19	24120621	rs12232877
chr19	24126278	rs17854260
chr19	24137093	rs4932947
chr19	24140020	rs7260280
chr19	24145831	rs10403390
chr19	24154513	rs10425514
chr19	24157700	rs9305015
chr19	24159782	rs6511686
chr19	24163222	rs10500223
chr19	24163730	rs2278443
chr19	24166123	rs7508396
chr19	24171831	rs17770006
chr19	24173458	rs17687371
chr19	24173505	rs10500224
chr19	24175589	rs8100720
chr19	24177736	rs4986347
chr19	24185251	rs985196
chr19	24185347	rs17000162
chr19	24185732	rs10411891
chr19	24187286	rs13344859
chr19	24189408	rs1654654
chr19	24190281	rs12610917
chr19	24191024	rs17000000
chr19	24191617	rs10405242
chr19	24192055	rs17000660
chr19	24194870	rs3844117
chr19	24195395	rs7253132
chr19	24195598	rs17220371
chr19	24209262	rs2195982
chr19	24219440	rs4986351
chr19	24220245	rs2160749
chr19	24231340	rs10423652
chr19	24240631	rs1852405
chr19	24241263	rs10406126
chr19	24254222	rs10421973
chr19	24263667	rs4045101
chr19	24273161	rs1830180
chr19	24274318	rs2255598
chr19	24286045	rs2434834
chr19	24288305	rs2081979
chr19	24304548	rs8189856
chr19	24307497	rs2264683
chr19	24321183	rs4986239
chr19	24322835	rs1609034
chr19	27318338	rs4892316
chr19	27333180	rs11878286
chr19	27410966	rs7339513
chr19	27469098	rs10410650
chr19	27481645	rs11668891
chr19	27509930	rs4465704
chr19	27520208	rs8189785
chr19	27537755	rs2407396
chr19	27545836	rs3900417
chr19	27547799	rs8190029
chr19	27563222	rs12611090
chr19	27575175	rs4547454
chr19	27578429	rs4419164
chr19	27581134	rs4805258
chr19	27581903	rs10425552
chr19	27588237	rs8189845
chr19	27589514	rs11672741
chr19	27596469	rs4589673
chr19	27604904	rs1896750
chr19	27610214	rs8189791
chr19	27613351	rs1896749
chr19	27627709	rs4361043
chr19	27634730	rs8105570
chr19	27636293	rs11882251
chr19	27650258	rs7254577
chr19	27653592	rs10426848
chr19	27657865	rs757236
chr19	27659768	rs2009234
chr19	27665758	rs2097765
chr19	27669006	rs12982071
chr19	27677067	rs7259753
chr19	27687515	rs2109470
chr19	27694285	rs10406627
chr19	27718103	rs1548801
chr19	27719864	rs1548802
chr19	27722363	rs4805514
chr19	27730566	rs10408331
chr19	27735080	rs11084626
chr19	27741760	rs1015786
chr19	27747662	rs1116194
chr19	27752515	rs8108442
chr19	27752973	rs3898265
chr19	27753088	rs765381
chr19	27755425	rs1966407
chr19	27755834	rs17311933
chr19	27757812	rs7252041
chr19	27761223	rs7258199
chr19	27767119	rs4805576
chr19	27767872	rs12973865
chr19	27773931	rs8110804
chr19	27778458	rs12461534
chr19	27782420	rs7254353
chr19	27783601	rs7258940
chr19	27784574	rs10422399
chr19	27787381	rs8102780
chr19	27794611	rs7247675
chr19	27798320	rs10401215
chr19	27799167	rs759048
chr19	27805500	rs4239562
chr19	27805597	rs4239564
chr19	27807278	rs11666865
chr19	27812771	rs7254662
chr19	27813792	rs11666844
chr19	27814168	rs8104465
chr19	27815155	rs12460765
chr19	27816365	rs6510318
chr19	27816724	rs7256680
chr19	27821292	rs6510333
chr19	27823012	rs7508003
chr19	27825364	rs10500225
chr19	27829014	rs7258458
chr19	27829127	rs6510353
chr19	27830523	rs8111471
chr19	27833399	rs6510361
chr19	27836164	rs7253872
chr19	27837845	rs10424648
chr19	27838194	rs10425138
chr19	27838503	rs2867090
chr19	27838683	rs2110047
chr19	27839631	rs2024294
chr19	27840000	rs11880417
chr19	27841461	rs12463164
chr19	27845337	rs12610542
chr19	27851335	rs7254721
chr19	27860326	rs875681
chr19	27869729	rs12151234
chr19	27873586	rs17687610
chr19	27879357	rs4805695
chr19	27880768	rs10423408
chr19	27882042	rs11671558
chr19	27888252	rs17620369
chr19	27890854	rs12971524
chr19	27893795	rs16968523
chr19	27893865	rs4141058
chr19	27894360	rs17620424
chr19	27895015	rs7255207
chr19	27895478	rs2215705
chr19	27897899	rs7252689
chr19	27898221	rs10516700
chr19	27901731	rs4804972
chr19	27902591	rs811020
chr19	27908212	rs7258218
chr19	27913699	rs8102487
chr19	27920102	rs10500227
chr19	27920587	rs10500228
chr19	27921063	rs10414401
chr19	27921475	rs10500229
chr19	27921550	rs10425736
chr19	27923496	rs10404060
chr19	27923668	rs2215263
chr19	27926097	rs17687906
chr19	27926631	rs10410730
chr19	27928995	rs17687918
chr19	27933124	rs7508120
chr19	27933349	rs16969062
chr19	27933849	rs17620671
chr19	27933896	rs7258885
chr19	27935311	rs7255086
chr19	27935841	rs4804988
chr19	27937179	rs7248317
chr19	27941049	rs4346301
chr19	27942446	rs1019139
chr19	27950660	rs11084764
chr19	27954049	rs8113178
chr19	27955327	rs1000341
chr19	27958903	rs2190798
chr19	27960122	rs10423721
chr19	27960357	rs2190800
chr19	27960461	rs2190801
chr19	27962407	rs2190803
chr19	27964822	rs17770855
chr19	27966696	rs2868465
chr19	27969356	rs8104912
chr19	27969641	rs17620912
chr19	27969717	rs8113374
chr19	27971080	rs4805001
chr19	27971672	rs7257817
chr19	27971734	rs10401907
chr19	27971835	rs7252575
chr19	27975002	rs17621009
chr19	27975372	rs17714186
chr19	27977301	rs2108656
chr19	27977648	rs4805005
chr19	27978604	rs2190805
chr19	27981435	rs10404426
chr19	27982944	rs4805798
chr19	27982977	rs12609711
chr19	27984171	rs12610151
chr19	27984791	rs11665699
chr19	27988866	rs10500230
chr19	27989071	rs12981999
chr19	27990315	rs2061781
chr19	27990506	rs2061780
chr19	27992976	rs17714275
chr19	27993769	rs4805012
chr19	27994328	rs17771032
chr19	28000968	rs10500232
chr19	28001049	rs10516701
chr19	28001431	rs7248185
chr19	28002055	rs4805815
chr19	28002204	rs10408022
chr19	28003851	rs7245902
chr19	28005146	rs11084790
chr19	28006184	rs11670426
chr19	28010050	rs10439137
chr19	28010416	rs10439141
chr19	28010616	rs11084792
chr19	28011708	rs10439088
chr19	28012830	rs9304864
chr19	28014993	rs10417082
chr19	28016679	rs7257159
chr19	28020527	rs1031609
chr19	28024084	rs4805027
chr19	28025657	rs1159380
chr19	28027206	rs9304866
chr19	28030554	rs17831056
chr19	28030620	rs10411777
chr19	28033784	rs2198913
chr19	28037399	rs1812144
chr19	28039339	rs12610268
chr19	28040267	rs10409248
chr19	28040455	rs10426391
chr19	28048374	rs3859530
chr19	28050064	rs7248819
chr19	28059103	rs12984120
chr19	28060334	rs12710035
chr19	28061506	rs8105209
chr19	28065377	rs8107007
chr19	28066003	rs10426272
chr19	28074864	rs2083026
chr19	28077607	rs1119723
chr19	28078494	rs7250467
chr19	28078971	rs745845
chr19	28084651	rs8107604
chr19	28087263	rs10410624
chr19	28094344	rs6510507
chr19	28095954	rs10420392
chr19	28096627	rs9973221
chr19	28099460	rs7258228
chr19	28102631	rs988727
chr19	28102833	rs988728
chr19	28104210	rs10425191
chr19	28105486	rs12981411
chr19	28111050	rs2081977
chr19	28113798	rs11669016
chr19	28117319	rs11671110
chr19	28118944	rs4583378
chr19	28119240	rs11084839
chr19	28122901	rs11671825
chr19	28123786	rs10500233
chr19	28125100	rs6510517
chr19	28125953	rs1834971
chr19	28126474	rs17714483
chr19	28130022	rs17771284
chr19	28130344	rs10403872
chr19	28135819	rs17771320
chr19	28137890	rs1105167
chr19	28138505	rs869089
chr19	28145325	rs934108
chr19	28146293	rs8103145
chr19	28146573	rs1816241
chr19	28146671	rs12977315
chr19	28150579	rs7258048
chr19	28152182	rs1834974
chr19	28154486	rs1816244
chr19	28154994	rs12972811
chr19	28155453	rs11668564
chr19	28155625	rs10432297
chr19	28156313	rs2903693
chr19	28156682	rs2867882
chr19	28158515	rs4806017
chr19	28160795	rs7253468
chr19	28161624	rs7253180
chr19	28163710	rs10403316
chr19	28163875	rs876372
chr19	28164032	rs876371
chr19	28165086	rs7257418
chr19	28165100	rs7254541
chr19	28167565	rs7508147
chr19	28168580	rs1820703
chr19	28169229	rs12162248
chr19	28175772	rs4806027
chr19	28176024	rs10417832
chr19	28176476	rs7245994
chr19	28184360	rs1834988
chr19	28184432	rs1834987
chr19	28184533	rs1834985
chr19	28184707	rs1834984
chr19	28184992	rs1820710
chr19	28185151	rs1820709
chr19	28187430	rs4806048
chr19	28189916	rs1834982
chr19	28192649	rs885084
chr19	28195355	rs6510565
chr19	28197126	rs2561258
chr19	28197201	rs2561259
chr19	28200013	rs2607230
chr19	28200700	rs1840820
chr19	28201118	rs1820708
chr19	28201359	rs1820707
chr19	28206472	rs2607214
chr19	28209735	rs17621926
chr19	28212146	rs2607221
chr19	28215779	rs1840814
chr19	28220274	rs8109388
chr19	28220598	rs11671721
chr19	28220891	rs4806074
chr19	28221223	rs11666664
chr19	28227271	rs6510586
chr19	28227753	rs8105259
chr19	28231225	rs1840816
chr19	28233121	rs7250696
chr19	28235935	rs7260251
chr19	28238686	rs4806120
chr19	28241487	rs1840818
chr19	28242465	rs7249972
chr19	28243171	rs1840819
chr19	28245417	rs1840815
chr19	28248621	rs10407145
chr19	28251366	rs2002929
chr19	28256327	rs17771774
chr19	28259578	rs11083422
chr19	28262163	rs10424836
chr19	28262443	rs3972333
chr19	28268865	rs8109234
chr19	28276446	rs10417872
chr19	28278555	rs12985572
chr19	28278612	rs10425058
chr19	28278712	rs10425269
chr19	28282069	rs7253927
chr19	28283660	rs1840812
chr19	28291955	rs7258875
chr19	28293242	rs4806207
chr19	28294960	rs4805140
chr19	28297565	rs17715108
chr19	28297951	rs921930
chr19	28299092	rs4805143
chr19	28299338	rs4806214
chr19	28301573	rs9783989
chr19	28301989	rs10500235
chr19	28302128	rs4806222
chr19	28304775	rs3972340
chr19	28304806	rs34182056
chr19	28305769	rs4806230
chr19	28307323	rs11882388
chr19	28308735	rs35952665
chr19	28314261	rs4805151
chr19	28314296	rs4805152
chr19	28315742	rs2532047
chr19	28316162	rs12151045
chr19	28316772	rs929476
chr19	28317294	rs2607206
chr19	28318775	rs10407843
chr19	28322590	rs1379279
chr19	28324111	rs12460063
chr19	28324239	rs4805158
chr19	28326599	rs7246484
chr19	28331262	rs347787
chr19	28334588	rs8111948
chr19	28339082	rs4479367
chr19	28340693	rs1010488
chr19	28341362	rs10424438
chr19	28341416	rs8111655
chr19	28342944	rs8105765
chr19	28344420	rs2109066
chr19	28344664	rs2159327
chr19	28345935	rs2058191
chr19	28346236	rs2058192
chr19	28346419	rs4806319
chr19	28354223	rs10401181
chr19	28356703	rs6508794
chr19	28356775	rs7256207
chr19	28357875	rs1119598
chr19	28358261	rs8102483
chr19	28362360	rs12151340
chr19	28362767	rs736286
chr19	28362886	rs2868965
chr19	28366100	rs4806332
chr19	28367455	rs7249328
chr19	28372452	rs4407171
chr19	28373238	rs7255848
chr19	28375138	rs8113814
chr19	28375689	rs995834
chr19	28379442	rs4805185
chr19	28385094	rs11083471
chr19	28393432	rs2868970
chr19	28395640	rs8110139
chr19	28397433	rs11666652
chr19	28397879	rs10413945
chr19	28398296	rs7252404
chr19	28398414	rs4806362
chr19	28399625	rs17685052
chr19	28399947	rs8100624
chr19	28400052	rs8101113
chr19	28402207	rs7248138
chr19	28403236	rs758126
chr19	28403344	rs758127
chr19	28403475	rs4806371
chr19	28403494	rs2869480
chr19	28403929	rs2159076
chr19	28404348	rs2159077
chr19	28406394	rs1029661
chr19	28406794	rs7249519
chr19	28407490	rs2159074
chr19	28407649	rs2108594
chr19	28408058	rs1029663
chr19	28408275	rs10421826
chr19	28409231	rs12608619
chr19	28412722	rs10414856
chr19	28416529	rs4806395
chr19	28418435	rs10406231
chr19	28418572	rs4806396
chr19	28418764	rs4806397
chr19	28421722	rs1860020
chr19	28423768	rs720922
chr19	28423935	rs720923
chr19	28423954	rs714908
chr19	28424006	rs13344436
chr19	28424069	rs17685204
chr19	28424275	rs12709831
chr19	28439226	rs4806416
chr19	28444849	rs7255960
chr19	28447383	rs8182556
chr19	28450279	rs2159131
chr19	28454811	rs7246253
chr19	28457482	rs7246810
chr19	28457534	rs4632257
chr19	28458403	rs10402609
chr19	28459297	rs7251331
chr19	28460544	rs12975309
chr19	28460661	rs12984857
chr19	28461152	rs2159130
chr19	28461598	rs1007433
chr19	28466147	rs1005328
chr19	28467344	rs2190832
chr19	28468592	rs8106444
chr19	28469158	rs1860077
chr19	28475116	rs1010358
chr19	28475378	rs6508872
chr19	28475650	rs980016
chr19	28477944	rs4805215
chr19	28479061	rs17758645
chr19	28483730	rs4389251
chr19	28483867	rs7508722
chr19	28484454	rs4805218
chr19	28484495	rs4239554
chr19	28485020	rs4239555
chr19	28485451	rs9646637
chr19	28485724	rs7253469
chr19	28486409	rs8106738
chr19	28487745	rs4500875
chr19	28491794	rs16961457
chr19	28492335	rs2052037
chr19	28500385	rs17831750
chr19	28502452	rs10221456
chr19	28503900	rs10415251
chr19	28509296	rs4805229
chr19	28511384	rs7247342
chr19	28512577	rs2869774
chr19	28513415	rs2024140
chr19	28514029	rs7260196
chr19	28515804	rs8103836
chr19	28517984	rs12150895
chr19	28518034	rs12150955
chr19	28519597	rs2215209
chr19	28520741	rs2191018
chr19	28522014	rs8113142
chr19	28523034	rs4804840
chr19	28529511	rs1468494
chr19	28532408	rs10409325
chr19	28540195	rs4805240
chr19	28541287	rs4804843
chr19	28544649	rs4141232
chr19	28545690	rs7258736
chr19	28546433	rs758209
chr19	28549138	rs10426073
chr19	28549262	rs4805245
chr19	28549292	rs4805246
chr19	28552313	rs991545
chr19	28553302	rs12709841
chr19	28554944	rs10404746
chr19	28557718	rs10421273
chr19	28558699	rs10427040
chr19	28558901	rs2159129
chr19	28561396	rs10417454
chr19	28567927	rs8104685
chr19	28573533	rs16961572
chr19	28576967	rs4993582
chr19	28586140	rs11667383
chr19	28589677	rs929440
chr19	28592473	rs1476739
chr19	28593997	rs11881313
chr19	28598293	rs4804846
chr19	28599384	rs9653109
chr19	28600210	rs1013592
chr19	28600687	rs10500236
chr19	28601997	rs11083570
chr19	28603968	rs4309511
chr19	28606035	rs11083578
chr19	28606293	rs10403933
chr19	28607297	rs12981230
chr19	28609644	rs7248849
chr19	28612020	rs10408573
chr19	28615865	rs6508962
chr19	28619911	rs10416005
chr19	28630021	rs9967599
chr19	28635729	rs11666052
chr19	28636489	rs4804847
chr19	28639558	rs4805257
chr19	28641791	rs7254583
chr19	28645675	rs10401833
chr19	28646302	rs10408473
chr19	28649858	rs10405601
chr19	28673582	rs4804849
chr19	28696515	rs2108771
chr19	28708870	rs12462550
chr19	28708882	rs10422843
chr19	28722536	rs4805262
chr19	28728943	rs4474806
chr19	28733518	rs10405814
chr19	28734888	rs4280366
chr19	28735392	rs16961809
chr19	28735835	rs10221449
chr19	28735897	rs2870525
chr19	28735997	rs2870526
chr19	28737149	rs10406794
chr19	28737356	rs7249844
chr19	28740185	rs4558515
chr19	28740224	rs7246585
chr19	28745349	rs2197306
chr19	28745485	rs2218396
chr19	28745959	rs12981867
chr19	28747763	rs5025682
chr19	28748532	rs7257245
chr19	28749049	rs11083655
chr19	28751511	rs11083656
chr19	28756376	rs221764
chr19	28767017	rs1579293
chr19	28772783	rs12462886
chr19	28773179	rs12973614
chr19	28777149	rs10404839
chr19	28777436	rs4805267
chr19	28778774	rs10413664
chr19	28784141	rs11672218
chr19	28786301	rs8102688
chr19	28786983	rs10413307
chr19	28791121	rs7351076
chr19	28791302	rs16961896
chr19	28791520	rs16961899
chr19	28792138	rs7255986
chr19	28794564	rs4804853
chr19	28799606	rs12985603
chr19	28804088	rs1592856
chr19	28811794	rs10404554
chr19	28812759	rs8102482
chr19	28813379	rs11083667
chr19	28813514	rs4474804
chr19	28815039	rs6509047
chr19	28816134	rs3919574
chr19	28817134	rs5019727
chr19	28818592	rs1473189
chr19	28818687	rs1473188
chr19	28818787	rs4805270
chr19	28819145	rs12974930
chr19	28819222	rs1422218
chr19	28823071	rs1345638
chr19	28824430	rs16959061
chr19	28826120	rs12980817
chr19	28826223	rs978348
chr19	28827629	rs11883172
chr19	28828799	rs4805272
chr19	28829151	rs4804854
chr19	28829347	rs9304626
chr19	28833553	rs1075733
chr19	28834150	rs888828
chr19	28834449	rs888827
chr19	28834512	rs888826
chr19	28835172	rs6509067
chr19	28835250	rs7254988
chr19	28835272	rs10416105
chr19	28836829	rs8113770
chr19	28838731	rs8110574
chr19	28840721	rs17591634
chr19	28840826	rs8104550
chr19	28841949	rs7255921
chr19	28843520	rs7249462
chr19	28845757	rs4805278
chr19	28847133	rs16962133
chr19	28847303	rs10405496
chr19	28848671	rs8106166
chr19	28849465	rs7256757
chr19	28852130	rs16962145
chr19	28852709	rs1030099
chr19	28854048	rs16962149
chr19	28856132	rs17772344
chr19	28856195	rs12984011
chr19	28857107	rs2216350
chr19	28857159	rs2193526
chr19	28857175	rs12977406
chr19	28857708	rs8110330
chr19	28859288	rs11665909
chr19	28859544	rs16962165
chr19	28859690	rs759636
chr19	28859707	rs741454
chr19	28860062	rs11083709
chr19	28860638	rs11670822
chr19	28861192	rs9332428
chr19	28861481	rs12973024
chr19	28863001	rs16962188
chr19	28863834	rs10426038
chr19	28865883	rs10414550
chr19	28866591	rs1030100
chr19	28867312	rs12980305
chr19	28867870	rs11882879
chr19	28870107	rs2287308
chr19	28871159	rs12984838
chr19	28873180	rs10425332
chr19	28874001	rs7249269
chr19	28874282	rs7250065
chr19	28875804	rs10417003
chr19	28877085	rs12461309
chr19	28877202	rs12459775
chr19	28878223	rs4805283
chr19	28880563	rs10401752
chr19	28882336	rs1861800
chr19	28883578	rs12974188
chr19	28883903	rs12151257
chr19	28884205	rs4805284
chr19	28885658	rs4805292
chr19	28887753	rs4805295
chr19	28887899	rs4805296
chr19	28888816	rs2077487
chr19	28892071	rs6509109
chr19	28892363	rs6509110
chr19	28892380	rs6509111
chr19	28892791	rs7252177
chr19	28893588	rs10425335
chr19	28895154	rs8106251
chr19	28896748	rs11083723
chr19	28897421	rs1477374
chr19	28897914	rs7260364
chr19	28898080	rs11083726
chr19	28898204	rs7246472
chr19	28900009	rs8108541
chr19	28901839	rs7252491
chr19	28905141	rs8106631
chr19	28905437	rs4805298
chr19	28905720	rs1423706
chr19	28908745	rs6509122
chr19	28909586	rs2865259
chr19	28909985	rs2216731
chr19	28910861	rs2902965
chr19	28911128	rs1423699
chr19	28912663	rs1345832
chr19	28912793	rs1345831
chr19	28919705	rs6509132
chr19	28920566	rs980752
chr19	28923724	rs4805303
chr19	28923855	rs4805304
chr19	28925979	rs10414321
chr19	28929539	rs2865273
chr19	28931494	rs1433123
chr19	28945841	rs12610768
chr19	28946102	rs12976900
chr19	28946243	rs12609543
chr19	28946400	rs10401545
chr19	28946939	rs2865276
chr19	28952778	rs1015196
chr19	28958117	rs1368481
chr19	28964683	rs4513216
chr19	28970764	rs2304226
chr19	28979772	rs1865098
chr19	28981910	rs10425144
chr19	28989190	rs7259519
chr19	28991104	rs950024
chr19	28992090	rs954093
chr19	28992263	rs12979742
chr19	28992610	rs10415729
chr19	28995958	rs8104331
chr19	28997539	rs17691043
chr19	28998704	rs11665724
chr19	28998936	rs17716170
chr19	28999712	rs17691054
chr19	28999790	rs7250483
chr19	29005456	rs892176
chr19	29010633	rs12975753
chr19	29013645	rs4805315
chr19	29014399	rs11083753
chr19	29014613	rs7257391
chr19	29014891	rs11083754
chr19	29017217	rs7249829
chr19	29017582	rs10409730
chr19	29018307	rs7258936
chr19	29019928	rs4805324
chr19	29021666	rs1865099
chr19	29023238	rs1433115
chr19	29024864	rs7247484
chr19	29025575	rs8105394
chr19	29026796	rs8106230
chr19	29027660	rs2163852
chr19	29027962	rs1549949
chr19	29029326	rs6509195
chr19	29033864	rs9749591
chr19	29034269	rs11881345
chr19	29034401	rs1433116
chr19	29034904	rs10418577
chr19	29035679	rs10414009
chr19	29036352	rs8110651
chr19	29038019	rs8104146
chr19	29040382	rs10424092
chr19	29040437	rs11880552
chr19	29043175	rs867815
chr19	29044723	rs8105273
chr19	29047429	rs874541
chr19	29049890	rs6509207
chr19	29050711	rs13382157
chr19	29054595	rs7252442
chr19	29054771	rs10413621
chr19	29056017	rs10425097
chr19	29056411	rs1107486
chr19	29060626	rs7248324
chr19	29060703	rs7248438
chr19	29060890	rs7258916
chr19	29062526	rs2053084
chr19	29063288	rs892178
chr19	29064408	rs12977895
chr19	29066065	rs10516718
chr19	29069422	rs10406201
chr19	29070636	rs2865491
chr19	29071567	rs8107172
chr19	29073254	rs10422290
chr19	29074127	rs8104401
chr19	29076227	rs1549944
chr19	29077546	rs7260182
chr19	29078084	rs4435374
chr19	29079268	rs1549941
chr19	29080463	rs2053083
chr19	29081132	rs1006119
chr19	29081392	rs12460155
chr19	29082780	rs6509228
chr19	29083801	rs1469707
chr19	29083930	rs1469706
chr19	29084593	rs10413904
chr19	29086323	rs17716275
chr19	29086633	rs10426232
chr19	29089466	rs7257556
chr19	29090855	rs13343686
chr19	29091296	rs10425739
chr19	29092821	rs11671634
chr19	29093783	rs16962546
chr19	29094343	rs2278441
chr19	29097048	rs1549947
chr19	29097226	rs10416902
chr19	29098778	rs12461121
chr19	29099126	rs4640303
chr19	29099638	rs16962554
chr19	29099796	rs16962557
chr19	29100283	rs7251401
chr19	29103285	rs17759130
chr19	29108743	rs8103835
chr19	29112202	rs1368473
chr19	29112900	rs10404671
chr19	29115454	rs2865496
chr19	29120470	rs11670202
chr19	29121448	rs1861794
chr19	29122280	rs11878493
chr19	29126526	rs8103663
chr19	29126636	rs17759197
chr19	29129222	rs16962569
chr19	29130523	rs12460019
chr19	29142318	rs11668428
chr19	29147446	rs10424053
chr19	29149177	rs12462085
chr19	29152790	rs11668707
chr19	29155013	rs17685936
chr19	29162102	rs4805337
chr19	29162382	rs1990766
chr19	29162491	rs12976102
chr19	29164379	rs2903018
chr19	29169283	rs4140888
chr19	29173914	rs2160740
chr19	29181772	rs8106473
chr19	29182983	rs4805339
chr19	29184205	rs10408302
chr19	29185365	rs4804866
chr19	29185867	rs10518258
chr19	29187773	rs6509292
chr19	29188291	rs16962592
chr19	29189931	rs7507140
chr19	29194386	rs13382050
chr19	29199763	rs8104944
chr19	29202411	rs1013424
chr19	29207000	rs9304664
chr19	29210053	rs8109749
chr19	29211975	rs7257235
chr19	29212182	rs10420904
chr19	29213103	rs8100724
chr19	29214876	rs3760841
chr19	29218105	rs759628
chr19	29219131	rs6509306
chr19	29219326	rs4805347
chr19	29223448	rs4805350
chr19	29224306	rs4805352
chr19	29233606	rs10418830
chr19	29234781	rs17624056
chr19	29234858	rs17624062
chr19	29235625	rs4805355
chr19	29239107	rs11670999
chr19	29240898	rs4805356
chr19	29240953	rs10426577
chr19	29245435	rs11083866
chr19	29247041	rs741448
chr19	29248822	rs10408404
chr19	29249279	rs2865848
chr19	29257974	rs11666812
chr19	29258537	rs4805358
chr19	29259513	rs10417338
chr19	29260207	rs10422449
chr19	29260700	rs4804872
chr19	29261488	rs10425413
chr19	29264774	rs879122
chr19	29266790	rs2193516
chr19	29270841	rs888301
chr19	29271655	rs877836
chr19	29273680	rs12460869
chr19	29273801	rs12460892
chr19	29274247	rs11669149
chr19	29281298	rs8104456
chr19	29281867	rs12459684
chr19	29285502	rs6509333
chr19	29289614	rs759631
chr19	29289831	rs759632
chr19	29289906	rs759633
chr19	29290595	rs1108449
chr19	29291754	rs10425709
chr19	29291823	rs12610908
chr19	29292576	rs12609913
chr19	29292656	rs10406799
chr19	29293560	rs11083894
chr19	29293766	rs7408479
chr19	29294941	rs4805363
chr19	29296143	rs16962633
chr19	29296524	rs10404352
chr19	29301404	rs10401191
chr19	29302170	rs8102600
chr19	29302469	rs17691755
chr19	29309648	rs11670572
chr19	29314203	rs741451
chr19	29315442	rs9789288
chr19	29318000	rs12610707
chr19	29318944	rs8108111
chr19	29319780	rs10423930
chr19	29321387	rs2216341
chr19	29321490	rs10425007
chr19	29322172	rs17773647
chr19	29322524	rs10424492
chr19	29324815	rs7253662
chr19	29325667	rs7351109
chr19	29329198	rs10423259
chr19	29329622	rs8113496
chr19	29329653	rs8102393
chr19	29333400	rs8107784
chr19	29334307	rs1122022
chr19	29334451	rs2865878
chr19	29337450	rs11879936
chr19	29338522	rs10401431
chr19	29339722	rs17773922
chr19	29340634	rs10415713
chr19	29341491	rs10425546
chr19	29341848	rs10406567
chr19	29347884	rs8112403
chr19	29356417	rs2903117
chr19	29356481	rs7254854
chr19	29357863	rs10425388
chr19	29358655	rs7249741
chr19	29359047	rs7253264
chr19	29360171	rs4517902
chr19	29360255	rs4517903
chr19	29362389	rs4805371
chr19	29367695	rs8107741
chr19	29367731	rs11881661
chr19	29368257	rs1990391
chr19	29368958	rs11880983
chr19	29369980	rs10403684
chr19	29370975	rs6509388
chr19	29374406	rs1558363
chr19	29374438	rs1558364
chr19	29376086	rs4558517
chr19	29376196	rs12979074
chr19	29376976	rs17624933
chr19	29379229	rs758770
chr19	29384491	rs11083947
chr19	29386421	rs8109600
chr19	29387529	rs740880
chr19	29388209	rs735285
chr19	29388289	rs1076416
chr19	29389708	rs17703317
chr19	29389800	rs13344206
chr19	29391601	rs957166
chr19	29395626	rs11668561
chr19	29398401	rs727741
chr19	29398691	rs727740
chr19	29399111	rs8111783
chr19	29401375	rs11083951
chr19	29401390	rs11669309
chr19	29403898	rs7256832
chr19	29404275	rs1347173
chr19	29404939	rs11083952
chr19	29406630	rs7251052
chr19	29407280	rs7254979
chr19	29407580	rs17703419
chr19	29408768	rs12460899
chr19	29409939	rs11671079
chr19	29410558	rs11671563
chr19	29410843	rs8110188
chr19	29411558	rs17717398
chr19	29412770	rs12986207
chr19	29413999	rs2082454
chr19	29415607	rs4805397
chr19	29415654	rs11083957
chr19	29415808	rs10410292
chr19	29416540	rs4805399
chr19	29417200	rs10425935
chr19	29421387	rs892073
chr19	29421507	rs892074
chr19	29421622	rs892076
chr19	29424559	rs13343981
chr19	29427528	rs1079335
chr19	29427610	rs1079336
chr19	29428318	rs8107574
chr19	29428521	rs12610670
chr19	29428740	rs8107220
chr19	29429866	rs964315
chr19	29430131	rs4805404
chr19	29433106	rs10412776
chr19	29435923	rs2865901
chr19	29436358	rs881272
chr19	29436483	rs881269
chr19	29436569	rs10409760
chr19	29437805	rs10417711
chr19	29437946	rs10423905
chr19	29441192	rs4805405
chr19	29446658	rs11671788
chr19	29447999	rs16962840
chr19	29448532	rs11668708
chr19	29449662	rs1529720
chr19	29449766	rs1529721
chr19	29450724	rs12983626
chr19	29450824	rs12982054
chr19	29451309	rs16962844
chr19	29451456	rs4805406
chr19	29452313	rs4805409
chr19	29452415	rs8105326
chr19	29454231	rs6509430
chr19	29455856	rs2866068
chr19	29456667	rs4805410
chr19	29456967	rs4804883
chr19	29457006	rs4805411
chr19	29458595	rs12974413
chr19	29458801	rs4315448
chr19	29458941	rs1473250
chr19	29465701	rs10419049
chr19	29470683	rs10401350
chr19	29477450	rs2116878
chr19	29478682	rs1865064
chr19	29478873	rs4804884
chr19	29479814	rs12975082
chr19	29480319	rs4805415
chr19	29481323	rs10411539
chr19	29481659	rs4805418
chr19	29482461	rs4805419
chr19	29482604	rs4805420
chr19	29482705	rs4805421
chr19	29484211	rs7245731
chr19	29487642	rs744625
chr19	29487816	rs16962888
chr19	29488131	rs10402467
chr19	29489603	rs1036229
chr19	29489902	rs8109570
chr19	29490055	rs8112717
chr19	29490122	rs8109825
chr19	29492416	rs7256306
chr19	29493066	rs12608481
chr19	29493221	rs2195954
chr19	29494155	rs2903184
chr19	29497203	rs1560703
chr19	29498106	rs8106118
chr19	29499031	rs747430
chr19	29503815	rs11671116
chr19	29504896	rs8113045
chr19	29505972	rs10853811
chr19	29508086	rs12460708
chr19	29508117	rs6509447
chr19	29509738	rs11879059
chr19	29516050	rs12610726
chr19	29516728	rs2082455
chr19	29517434	rs725257
chr19	29518450	rs10411052
chr19	29518879	rs10409291
chr19	29519133	rs8108796
chr19	29531000	rs12980609
chr19	29533866	rs7250772
chr19	29535835	rs11673641
chr19	29536216	rs1368457
chr19	29538333	rs12978071
chr19	29538529	rs17595345
chr19	29539671	rs1368456
chr19	29546174	rs892071
chr19	29547981	rs1160217
chr19	29550119	rs734837
chr19	29550646	rs730427
chr19	29552006	rs10410525
chr19	29552315	rs16962968
chr19	29559659	rs10416935
chr19	29560966	rs10417164
chr19	29565428	rs8106649
chr19	29567903	rs12460278
chr19	29569860	rs11669470
chr19	29573489	rs7250581
chr19	29574048	rs16963005
chr19	29574378	rs12462449
chr19	29575019	rs4805429
chr19	29576154	rs8101645
chr19	29576618	rs2288898
chr19	29576699	rs2288897
chr19	29576946	rs2288895
chr19	29577270	rs10853816
chr19	29577353	rs2288893
chr19	29577986	rs10500241
chr19	29578750	rs4805431
chr19	29580356	rs10853818
chr19	29580380	rs10853820
chr19	29580510	rs12608899
chr19	29581513	rs6509494
chr19	29582563	rs11666885
chr19	29586421	rs8106720
chr19	29588697	rs10403021
chr19	29589235	rs7249291
chr19	29589530	rs4239558
chr19	29591296	rs8108836
chr19	29594238	rs10518279
chr19	29595100	rs10414410
chr19	29597240	rs4805440
chr19	29597386	rs4805441
chr19	29597486	rs4805442
chr19	29599257	rs10418080
chr19	29599976	rs4805443
chr19	29600025	rs2099100
chr19	29601621	rs11668391
chr19	29602077	rs4804892
chr19	29602308	rs11665798
chr19	29602445	rs16963084
chr19	29603679	rs997554
chr19	29605004	rs16963085
chr19	29605656	rs7247377
chr19	29605801	rs10422969
chr19	29611570	rs891061
chr19	29611949	rs2288477
chr19	29612246	rs4804893
chr19	29612745	rs11084041
chr19	29615062	rs10411749
chr19	29615368	rs16963103
chr19	29615752	rs7283
chr19	29618288	rs12459064
chr19	29619590	rs12461972
chr19	29620749	rs12463130
chr19	29620822	rs12976419
chr19	29621450	rs12983160
chr19	29622090	rs10416586
chr19	29623621	rs17272128
chr19	29624382	rs1035936
chr19	29625097	rs4805449
chr19	29625280	rs4804897
chr19	29626535	rs891065
chr19	29629000	rs7258571
chr19	29631996	rs4805453
chr19	29634246	rs10415705
chr19	29646128	rs4805463
chr19	29651358	rs8113615
chr19	29658554	rs934120
chr19	29658674	rs934119
chr19	29659512	rs8106984
chr19	29662876	rs8111676
chr19	29662928	rs6509542
chr19	29663530	rs891077
chr19	29664177	rs919400
chr19	29667636	rs891199
chr19	29671588	rs10424881
chr19	29673667	rs1864222
chr19	29676614	rs7245721
chr19	29679158	rs12982964
chr19	29681377	rs8099974
chr19	29681434	rs8102949
chr19	29683158	rs16963125
chr19	29683672	rs12611155
chr19	29692264	rs4805468
chr19	29698893	rs11879584
chr19	29699751	rs10417597
chr19	29701568	rs9566
chr19	29701831	rs3926
chr19	29706248	rs3746314
chr19	29707558	rs1560188
chr19	29708758	rs12983093
chr19	29708944	rs16963154
chr19	29710416	rs16963159
chr19	29710605	rs10412895
chr19	29711460	rs12977871
chr19	29712965	rs16963185
chr19	29714541	rs1001434
chr19	29716190	rs919359
chr19	29721196	rs7250135
chr19	29724904	rs10411403
chr19	29725176	rs8106145
chr19	29726592	rs11084143
chr19	29731434	rs1428752
chr19	29731673	rs16963204
chr19	29733039	rs7251576
chr19	29733557	rs8101899
chr19	29735382	rs16963209
chr19	29736037	rs3859521
chr19	29736397	rs12461792
chr19	29739342	rs10425059
chr19	29739438	rs10422957
chr19	29740847	rs4805470
chr19	29741431	rs8107919
chr19	29741539	rs12974501
chr19	29745156	rs13346555
chr19	29749945	rs7247004
chr19	29749988	rs2866313
chr19	29750515	rs759820
chr19	29750633	rs11669963
chr19	29754675	rs16963257
chr19	29758296	rs10460162
chr19	29763091	rs4805475
chr19	29763642	rs16963266
chr19	29765571	rs10853850
chr19	29766252	rs12975976
chr19	29767497	rs3848592
chr19	29774328	rs12461902
chr19	29775695	rs11672342
chr19	29783716	rs11667347
chr19	29786004	rs10406613
chr19	29795915	rs17513613
chr19	29799904	rs17513752
chr19	29802159	rs4804903
chr19	29804726	rs11671136
chr19	29805946	rs8102137
chr19	29810916	rs7257330
chr19	29812445	rs3218027
chr19	29813111	rs3218030
chr19	29813576	rs997669
chr19	29814777	rs3218036
chr19	29814988	rs3218038
chr19	29817478	rs3218045
chr19	29821675	rs3218065
chr19	29822669	rs3218069
chr19	29824205	rs1406
chr19	29824363	rs3218076
chr19	29831394	rs1862541
chr19	29834349	rs918587
chr19	29835387	rs10425066
chr19	29837305	rs728427
chr19	29839537	rs8110447
chr19	29840678	rs6509737
chr19	29846220	rs4805487
chr19	29848233	rs735319
chr19	29849817	rs16963425
chr19	29854698	rs10419714
chr19	29854751	rs7259542
chr19	29856162	rs11084240
chr19	29858976	rs8100345
chr19	29859232	rs8113773
chr19	29859759	rs17599667
chr19	29861235	rs4441387
chr19	29864033	rs255265
chr19	29866728	rs11672155
chr19	29874596	rs34719
chr19	29875895	rs34722
chr19	29875945	rs16960026
chr19	29878103	rs34724
chr19	29879272	rs4805495
chr19	29880841	rs193416
chr19	29881043	rs34732
chr19	29885811	rs34707
chr19	29885886	rs1811302
chr19	29887934	rs4805496
chr19	29889865	rs34714
chr19	29893649	rs162824
chr19	29896186	rs441978
chr19	29897091	rs8111109
chr19	29897578	rs455994
chr19	29903949	rs9630879
chr19	29909251	rs255263
chr19	29914778	rs4805497
chr19	29915325	rs375299
chr19	29915557	rs2216579
chr19	29919321	rs11084309
chr19	29922950	rs2866464
chr19	29923325	rs334997
chr19	29923680	rs3745642
chr19	29927955	rs2080887
chr19	29933245	rs2112390
chr19	29941391	rs10412075
chr19	29943382	rs750680
chr19	29953525	rs8103066
chr19	29954152	rs4805506
chr19	29962116	rs1559082
chr19	29964373	rs16963567
chr19	29965945	rs11671491
chr19	29967456	rs2059074
chr19	29967578	rs4144518
chr19	29974289	rs7249169
chr19	29979348	rs166727
chr19	29987524	rs11668282
chr19	30006979	rs17530179
chr19	30012255	rs16963628
chr19	30013909	rs10756
chr19	30017898	rs7255586
chr19	30018078	rs1601051
chr19	30019304	rs162927
chr19	30025813	rs1601050
chr19	30028663	rs151274
chr19	30039025	rs16963674
chr19	30040028	rs2112387
chr19	30048552	rs8107398
chr19	30055277	rs4805512
chr19	30059606	rs2161210
chr19	30064934	rs745633
chr19	30065376	rs11666020
chr19	30066344	rs277094
chr19	30075149	rs277079
chr19	30076758	rs16963743
chr19	30081849	rs9304767
chr19	30083332	rs10404168
chr19	30086322	rs6509949
chr19	30089690	rs440675
chr19	30090900	rs12984564
chr19	30091083	rs373944
chr19	30096689	rs12459839
chr19	30097384	rs447035
chr19	30099093	rs10406029
chr19	30101133	rs11666436
chr19	30102642	rs2903361
chr19	30102684	rs448199
chr19	30104457	rs399246
chr19	30106600	rs11084415
chr19	30108198	rs374633
chr19	30108876	rs454282
chr19	30112626	rs8101993
chr19	30117077	rs387696
chr19	30118640	rs17759418
chr19	30119493	rs7259325
chr19	30121537	rs335776
chr19	30122685	rs4804918
chr19	30122788	rs335771
chr19	30124779	rs335766
chr19	30129175	rs381588
chr19	30132555	rs193096
chr19	30134606	rs335735
chr19	30135805	rs82790
chr19	30136056	rs740876
chr19	30136409	rs335739
chr19	30136751	rs335740
chr19	30138662	rs335744
chr19	30138688	rs335745
chr19	30139940	rs335746
chr19	30140646	rs335747
chr19	30144566	rs123556
chr19	30150517	rs335751
chr19	30151116	rs10413028
chr19	30156584	rs6509994
chr19	30159956	rs6509997
chr19	30160582	rs4805520
chr19	30167589	rs1006584
chr19	30169122	rs6510001
chr19	30170704	rs11671179
chr19	30172209	rs11671700
chr19	30173712	rs740671
chr19	30176872	rs11672094
chr19	30178877	rs1860314
chr19	30179531	rs880580
chr19	30180286	rs2866721
chr19	30184241	rs2191110
chr19	30193818	rs11671255
chr19	30194600	rs10418548
chr19	30202546	rs8106707
chr19	30203117	rs8109301
chr19	30204734	rs7250066
chr19	30207325	rs11882977
chr19	30207786	rs8112788
chr19	30209754	rs7256489
chr19	30211881	rs12611074
chr19	30217728	rs7252787
chr19	30219503	rs7245985
chr19	30219878	rs6510033
chr19	30220335	rs7249968
chr19	30232407	rs8105538
chr19	30232905	rs9304788
chr19	30234227	rs10407916
chr19	30235127	rs758326
chr19	30239788	rs12983955
chr19	30241595	rs7507285
chr19	30245878	rs4805532
chr19	30248090	rs10407519
chr19	30249977	rs12980381
chr19	30250350	rs7254263
chr19	30255846	rs7257460
chr19	30259165	rs2191002
chr19	30260800	rs8102607
chr19	30262908	rs7248031
chr19	30265125	rs4804923
chr19	30265168	rs6510073
chr19	30269933	rs875490
chr19	30276304	rs10412782
chr19	30277548	rs4805539
chr19	30277937	rs8099923
chr19	30279733	rs11671091
chr19	30280850	rs6510092
chr19	30285058	rs2024299
chr19	30285485	rs10415260
chr19	30286129	rs7257017
chr19	30288568	rs9630882
chr19	30288586	rs9304801
chr19	30289107	rs11084516
chr19	30289289	rs12460915
chr19	30294484	rs16964067
chr19	30300046	rs7247741
chr19	30301950	rs7248606
chr19	30305691	rs2867024
chr19	30308896	rs7248284
chr19	30312147	rs17532968
chr19	30315258	rs7252608
chr19	30316262	rs6510113
chr19	30316370	rs7257173
chr19	30318574	rs17611570
chr19	30323593	rs8107212
chr19	30327006	rs10408846
chr19	30330397	rs1347168
chr19	30332480	rs4804925
chr19	30333399	rs7253381
chr19	30334661	rs16964099
chr19	30336185	rs10432273
chr19	30336464	rs1433065
chr19	30337788	rs12977050
chr19	30343596	rs2195949
chr19	30345341	rs1019937
chr19	30346244	rs1821275
chr19	30349343	rs1433078
chr19	30350093	rs8107011
chr19	30353182	rs11673050
chr19	30357232	rs10406668
chr19	30357986	rs4805553
chr19	30358233	rs4805554
chr19	30362406	rs41440947
chr19	30364744	rs1125867
chr19	30370776	rs3810304
chr19	30373895	rs1545038
chr19	30386035	rs10853906
chr19	30386906	rs11084549
chr19	30389755	rs2002997
chr19	30391628	rs1835987
chr19	30391855	rs1347169
chr19	30393500	rs7247350
chr19	30393997	rs1433066
chr19	30401576	rs7260487
chr19	30406958	rs4805560
chr19	30408004	rs16964157
chr19	30408375	rs10425871
chr19	30416072	rs11084550
chr19	30416882	rs11666325
chr19	30417679	rs2195948
chr19	30418540	rs8103847
chr19	30419455	rs4805561
chr19	30419569	rs10413806
chr19	30420055	rs11084551
chr19	30420149	rs4805564
chr19	30420310	rs4805565
chr19	30422191	rs1433071
chr19	30423504	rs10412132
chr19	30426731	rs1433073
chr19	30427398	rs10407344
chr19	30429629	rs7247381
chr19	30429772	rs1433075
chr19	30431305	rs8102141
chr19	30437730	rs8112477
chr19	30440291	rs16964191
chr19	30446936	rs33428
chr19	30448453	rs33429
chr19	30448536	rs33430
chr19	30449082	rs33431
chr19	30449523	rs33432
chr19	30452548	rs33435
chr19	30452770	rs33436
chr19	30454264	rs33439
chr19	30457335	rs33442
chr19	30457783	rs8113277
chr19	30458050	rs12459372
chr19	30458436	rs759952
chr19	30459893	rs8110100
chr19	30460371	rs3786814
chr19	30460493	rs3786812
chr19	30461278	rs12985250
chr19	30461899	rs3786811
chr19	30463173	rs12974244
chr19	30463781	rs3786810
chr19	30464372	rs3786809
chr19	30472471	rs3786805
chr19	30472598	rs3786804
chr19	30472697	rs3786803
chr19	30472823	rs12165121
chr19	30474156	rs8112863
chr19	30476929	rs7252241
chr19	30477430	rs6510161
chr19	30477464	rs1978720
chr19	30480331	rs4804931
chr19	30482476	rs2866972
chr19	30486934	rs9916966
chr19	30489060	rs12610463
chr19	30490732	rs8110509
chr19	30492899	rs8100439
chr19	30496197	rs919803
chr19	30500223	rs1003467
chr19	30501732	rs1004046
chr19	30504848	rs4805573
chr19	30505082	rs11880513
chr19	30505618	rs12459057
chr19	30514027	rs3786796
chr19	30522854	rs4805574
chr19	30524531	rs12980596
chr19	30529495	rs12609580
chr19	30535636	rs3786792
chr19	30535968	rs3786791
chr19	30537370	rs10421376
chr19	30537759	rs10518269
chr19	30539634	rs8104952
chr19	30539861	rs16796
chr19	30542565	rs7250115
chr19	30545227	rs8112353
chr19	30545362	rs8112930
chr19	30548088	rs1469705
chr19	30552815	rs17223097
chr19	30553118	rs6510167
chr19	30556362	rs7253628
chr19	30557325	rs12489
chr19	30558099	rs6510168
chr19	30560499	rs4805578
chr19	30561367	rs4805579
chr19	30561668	rs4805580
chr19	30562617	rs4805581
chr19	30566442	rs10424191
chr19	30568160	rs9676752
chr19	30572104	rs4805584
chr19	30572674	rs10402889
chr19	30573684	rs12610504
chr19	30574111	rs12609319
chr19	30574621	rs1549939
chr19	30576747	rs4239561
chr19	30576965	rs1549937
chr19	30586356	rs6510171
chr19	30587312	rs1030687
chr19	30588362	rs8104210
chr19	30590823	rs17614350
chr19	30593177	rs2060241
chr19	30596668	rs11669242
chr19	30599819	rs17542372
chr19	30601517	rs726644
chr19	30601609	rs726645
chr19	30603556	rs965945
chr19	30604719	rs4805588
chr19	30606743	rs7248448
chr19	30606797	rs7247696
chr19	30607202	rs11084557
chr19	30608682	rs892098
chr19	30608983	rs746961
chr19	30609318	rs732877
chr19	30612959	rs12972916
chr19	30613672	rs7259428
chr19	30616105	rs4511648
chr19	30619326	rs16964420
chr19	30622663	rs2043314
chr19	30624174	rs2195956
chr19	30626823	rs11669267
chr19	30627684	rs4805590
chr19	30634784	rs16964473
chr19	30638562	rs7359965
chr19	30643929	rs11084560
chr19	30644304	rs2867078
chr19	30645992	rs1991817
chr19	30646450	rs12972537
chr19	30646527	rs12974562
chr19	30648985	rs1017382
chr19	30656961	rs10418710
chr19	30660827	rs10423090
chr19	30662756	rs16964493
chr19	30665816	rs2060242
chr19	30671214	rs12460988
chr19	30674362	rs746668
chr19	30675840	rs4805596
chr19	30677108	rs10518276
chr19	30677952	rs7254787
chr19	30678014	rs7258628
chr19	30680148	rs8102575
chr19	30685484	rs11878397
chr19	30688087	rs7260551
chr19	30689915	rs6510176
chr19	30690872	rs4805597
chr19	30694303	rs16964543
chr19	30694432	rs16964544
chr19	30694952	rs7250973
chr19	30695870	rs16964548
chr19	30702828	rs16964551
chr19	30703675	rs4805600
chr19	30704255	rs17615429
chr19	30707055	rs7254171
chr19	30707114	rs7254294
chr19	30711346	rs16964557
chr19	30714393	rs4805602
chr19	30716685	rs7255838
chr19	30719155	rs4805604
chr19	30723659	rs17543634
chr19	30723699	rs16964560
chr19	30725635	rs11882104
chr19	30726783	rs4805606
chr19	30729177	rs4805607
chr19	30736771	rs1990763
chr19	30738146	rs17615623
chr19	30739763	rs929690
chr19	30741765	rs12460918
chr19	30742441	rs1184398
chr19	30744105	rs1549950
chr19	30745588	rs1354137
chr19	30745750	rs4805610
chr19	30747450	rs4805612
chr19	30754717	rs16964571
chr19	30755948	rs16964574
chr19	30766789	rs1911951
chr19	30770894	rs1604432
chr19	30777865	rs12980934
chr19	30782474	rs7248486
chr19	30782515	rs7252281
chr19	30785698	rs4805618
chr19	30787954	rs7258908
chr19	30788677	rs1077644
chr19	30792747	rs1473254
chr19	30792977	rs1473256
chr19	30796040	rs35300530
chr19	30801437	rs1549951
chr19	30801911	rs7343067
chr19	30804093	rs732502
chr19	30805120	rs7255861
chr19	30805174	rs4805624
chr19	30807136	rs983495
chr19	30807243	rs4805627
chr19	30809331	rs9304823
chr19	30810340	rs880550
chr19	30810811	rs1865106
chr19	30813448	rs10414458
chr19	30815687	rs12971522
chr19	30817870	rs934433
chr19	30819911	rs12975977
chr19	30820111	rs12976494
chr19	30821232	rs1013414
chr19	30822989	rs7256269
chr19	30830399	rs2195979
chr19	30830658	rs11084564
chr19	30832183	rs4341857
chr19	30832312	rs2867501
chr19	30845808	rs735757
chr19	30848714	rs17628152
chr19	30849845	rs17545624
chr19	30850375	rs10164405
chr19	30851362	rs17628232
chr19	30852005	rs4805632
chr19	30852048	rs12973831
chr19	30852358	rs10402416
chr19	30852423	rs1501832
chr19	30852548	rs10402875
chr19	30852670	rs10405541
chr19	30852686	rs10405722
chr19	30853370	rs10412301
chr19	30854552	rs12977165
chr19	30858851	rs10424169
chr19	30859459	rs34105
chr19	30861452	rs17546075
chr19	30863316	rs10420813
chr19	30866902	rs10500243
chr19	30867142	rs11084566
chr19	30869472	rs17628655
chr19	30871757	rs2198893
chr19	30873810	rs2198894
chr19	30876159	rs4548998
chr19	30876601	rs7359991
chr19	30878287	rs2198895
chr19	30878410	rs16964772
chr19	30879887	rs4805634
chr19	30882227	rs1466297
chr19	30882881	rs979489
chr19	30884854	rs12978650
chr19	30886355	rs278158
chr19	30887505	rs6510185
chr19	30888202	rs7245959
chr19	30889127	rs278206
chr19	30889332	rs1487577
chr19	30890379	rs12974797
chr19	30892318	rs10418859
chr19	30893428	rs715916
chr19	30898670	rs17571062
chr19	30910848	rs102338
chr19	30911364	rs278222
chr19	30917190	rs278228
chr19	30917925	rs12460527
chr19	30921707	rs1386603
chr19	30922286	rs12459777
chr19	30925534	rs278182
chr19	30925594	rs278183
chr19	30925631	rs278184
chr19	30927782	rs16964867
chr19	30935597	rs12975195
chr19	30937948	rs12462072
chr19	30943250	rs278204
chr19	30952811	rs595064
chr19	30965149	rs10500244
chr19	30967179	rs278163
chr19	30972442	rs278177
chr19	30990187	rs276764
chr19	30990277	rs276765
chr19	30991298	rs276767
chr19	30996404	rs276778
chr19	31001911	rs755718
chr19	31003609	rs378490
chr19	31003763	rs378064
chr19	31003955	rs16964948
chr19	31006299	rs276741
chr19	31007516	rs276742
chr19	31008668	rs276747
chr19	31009114	rs897780
chr19	31009267	rs897778
chr19	31009473	rs10418485
chr19	31009953	rs882016
chr19	31012372	rs166719
chr19	31013834	rs276754
chr19	31018456	rs276725
chr19	31020148	rs276728
chr19	31023916	rs276731
chr19	31029235	rs276736
chr19	31032851	rs8110245
chr19	31035978	rs12977662
chr19	31055298	rs10500248
chr19	31057245	rs2124906
chr19	31068159	rs12984706
chr19	31068399	rs34234283
chr19	31073060	rs8101125
chr19	31078432	rs2867544
chr19	31080641	rs11673246
chr19	31082574	rs12984688
chr19	31084825	rs11880163
chr19	31091792	rs4805639
chr19	31094405	rs4805640
chr19	31094827	rs4805641
chr19	31107364	rs10500250
chr19	31111032	rs10417771
chr19	31118680	rs8112338
chr19	31120103	rs13382021
chr19	31120717	rs276180
chr19	31121383	rs17495461
chr19	31122088	rs11666322
chr19	31123678	rs276186
chr19	31124025	rs35756125
chr19	31134269	rs276191
chr19	31139544	rs12462411
chr19	31140663	rs10853910
chr19	31144341	rs4805643
chr19	31144406	rs4805644
chr19	31145389	rs12982321
chr19	31151166	rs3745786
chr19	31151550	rs4804948
chr19	31157758	rs7351085
chr19	31158585	rs2085468
chr19	31160361	rs750499
chr19	31160415	rs750498
chr19	31161178	rs11084574
chr19	31161245	rs11084575
chr19	31162767	rs12975693
chr19	31163709	rs6510186
chr19	31164431	rs7260532
chr19	31164784	rs7257329
chr19	31167738	rs8107804
chr19	31168226	rs2279705
chr19	31169743	rs2047336
chr19	31177753	rs8102512
chr19	31181180	rs8107964
chr19	31181237	rs8107562
chr19	31189824	rs1353534
chr19	31192385	rs1390760
chr19	31193070	rs1496632
chr19	31193639	rs10411956
chr19	31201555	rs1496635
chr19	31202486	rs1353538
chr19	31202771	rs7253893
chr19	31205472	rs1874492
chr19	31207281	rs1353540
chr19	31208823	rs1874493
chr19	31211167	rs1496637
chr19	31215505	rs8109968
chr19	31222277	rs8101967
chr19	31224860	rs2047335
chr19	31227583	rs1948557
chr19	31230018	rs1027452
chr19	31238200	rs12977449
chr19	31243795	rs10425081
chr19	31244593	rs10425658
chr19	31258443	rs903935
chr19	31260353	rs4805660
chr19	31263813	rs10410018
chr19	31266710	rs7247234
chr19	31267369	rs4805661
chr19	31269723	rs1496625
chr19	31271998	rs8104214
chr19	31273945	rs10423964
chr19	31274373	rs10423293
chr19	31277510	rs3745784
chr19	31278857	rs12461253
chr19	31283760	rs10425374
chr19	31284664	rs13345671
chr19	31286601	rs4805666
chr19	31286759	rs4805667
chr19	31289741	rs4805669
chr19	31289975	rs10423093
chr19	31291455	rs10418643
chr19	31292312	rs10401918
chr19	31292593	rs17581484
chr19	31293689	rs17496703
chr19	31297054	rs7251762
chr19	31298019	rs7255674
chr19	31299416	rs11883254
chr19	31301959	rs16965414
chr19	31302430	rs8108157
chr19	31305383	rs16965432
chr19	31306263	rs10411550
chr19	31310224	rs1078373
chr19	31310423	rs7253629
chr19	31311644	rs10412617
chr19	31312425	rs4804959
chr19	31312764	rs11668441
chr19	31313465	rs4804960
chr19	31315563	rs12462330
chr19	31318949	rs4805677
chr19	31319894	rs12460841
chr19	31323812	rs11084581
chr19	31325873	rs3816963
chr19	31327486	rs1390753
chr19	31328924	rs10425645
chr19	31329587	rs2867598
chr19	31330154	rs1027453
chr19	31333928	rs7258461
chr19	31337582	rs8110978
chr19	31338380	rs3760828
chr19	31339707	rs10410070
chr19	31342142	rs1039106
chr19	31343072	rs1874490
chr19	31347472	rs10418984
chr19	31356001	rs1353531
chr19	31358822	rs10410601
chr19	31359141	rs12610813
chr19	31360371	rs16965502
chr19	31362258	rs11669433
chr19	31366642	rs1982933
chr19	31366872	rs17583023
chr19	31372063	rs16965545
chr19	31374213	rs10853911
chr19	31374611	rs10853912
chr19	31375199	rs1390754
chr19	31375850	rs11084582
chr19	31381364	rs924151
chr19	31381832	rs747730
chr19	31382877	rs748888
chr19	31383225	rs2645150
chr19	31383859	rs3095746
chr19	31384724	rs11881141
chr19	31385786	rs12971383
chr19	31387176	rs2111532
chr19	31390962	rs2542294
chr19	31394140	rs1496631
chr19	31395384	rs2542280
chr19	31396415	rs2542283
chr19	31396593	rs1908770
chr19	31397394	rs2645161
chr19	31397493	rs2645162
chr19	31399344	rs2867574
chr19	31400100	rs2111530
chr19	31401272	rs7260437
chr19	31403967	rs1008144
chr19	31407369	rs8108330
chr19	31408261	rs7258693
chr19	31408965	rs8102426
chr19	31409102	rs6510202
chr19	31409562	rs8103590
chr19	31411495	rs10409230
chr19	31413651	rs2867576
chr19	31419458	rs1820183
chr19	31420223	rs11880316
chr19	31422407	rs10424941
chr19	31426134	rs10426136
chr19	31427955	rs8107910
chr19	31430712	rs1582562
chr19	31431981	rs10406589
chr19	31434097	rs10420013
chr19	31438387	rs10221471
chr19	31438834	rs16965753
chr19	31440411	rs8107017
chr19	31440939	rs6510206
chr19	31442638	rs10500251
chr19	31446180	rs384114
chr19	31448544	rs12981027
chr19	31456630	rs2052572
chr19	31458547	rs8106336
chr19	31465583	rs12977455
chr19	31466233	rs10425998
chr19	31467265	rs10405762
chr19	31467999	rs10414271
chr19	31469154	rs10421853
chr19	31469531	rs10402934
chr19	31471390	rs11669216
chr19	31472109	rs12976500
chr19	31479858	rs12461572
chr19	31481669	rs12978452
chr19	31487802	rs8113581
chr19	31490400	rs8099931
chr19	31496010	rs7259543
chr19	31497659	rs12980184
chr19	31498204	rs11668657
chr19	31498617	rs9676902
chr19	31498936	rs11668856
chr19	31498983	rs11668892
chr19	31506483	rs11666875
chr19	31508563	rs12460788
chr19	31510261	rs12983588
chr19	31512762	rs10518285
chr19	31515209	rs11670976
chr19	31519137	rs12459966
chr19	31520642	rs11668735
chr19	31521320	rs11882075
chr19	31524798	rs11084588
chr19	31525832	rs12978434
chr19	31527377	rs12976546
chr19	31530686	rs7247132
chr19	31531093	rs717680
chr19	31531164	rs3885120
chr19	31532277	rs7247652
chr19	31533051	rs8105499
chr19	31536424	rs8102936
chr19	31536509	rs8103067
chr19	31537088	rs745439
chr19	31542540	rs10164284
chr19	31545785	rs2194198
chr19	31545936	rs2194199
chr19	31547795	rs12973240
chr19	31549994	rs11670937
chr19	31558858	rs2194200
chr19	31560451	rs11672575
chr19	31560927	rs8104918
chr19	31560936	rs8109276
chr19	31562151	rs10420065
chr19	31562839	rs929812
chr19	31563810	rs10403609
chr19	31569238	rs17499846
chr19	31577462	rs8110233
chr19	31579658	rs10403928
chr19	31592129	rs11882691
chr19	31592317	rs11880125
chr19	31597842	rs7248739
chr19	31600776	rs2903648
chr19	31607722	rs16965938
chr19	31614073	rs11084596
chr19	31616197	rs7252301
chr19	31624848	rs16965971
chr19	31631596	rs8111502
chr19	31633005	rs7250559
chr19	31635306	rs8112540
chr19	31641578	rs11880045
chr19	31643033	rs8182496
chr19	31643925	rs16966006
chr19	31648553	rs8113158
chr19	31658244	rs8100385
chr19	31660546	rs745868
chr19	31664020	rs7248300
chr19	31667558	rs16966122
chr19	31667865	rs8101355
chr19	31668964	rs17501293
chr19	31671306	rs8110097
chr19	31671969	rs12463343
chr19	31675940	rs8104309
chr19	31677437	rs17501397
chr19	31686985	rs12460608
chr19	31692265	rs8108822
chr19	31696224	rs16966171
chr19	31701015	rs16966173
chr19	31702241	rs9304829
chr19	31702317	rs11669542
chr19	31702483	rs9304830
chr19	31705533	rs16966188
chr19	31705707	rs16966190
chr19	31709612	rs11669334
chr19	31713405	rs10417470
chr19	31714061	rs1529715
chr19	31714270	rs1529716
chr19	31719082	rs7249868
chr19	31725228	rs6510214
chr19	31725956	rs175821
chr19	31728625	rs17593675
chr19	31734393	rs892037
chr19	31735276	rs277432
chr19	31736019	rs17593731
chr19	31741404	rs16966229
chr19	31743605	rs370138
chr19	31746088	rs7259952
chr19	31748285	rs8111651
chr19	31749403	rs10422704
chr19	31755760	rs6510216
chr19	31757947	rs16966260
chr19	31759479	rs389783
chr19	31760273	rs892038
chr19	31764532	rs277422
chr19	31768217	rs579749
chr19	31771246	rs399775
chr19	31772857	rs12461068
chr19	31773524	rs10153458
chr19	31775028	rs16966311
chr19	31776299	rs12461314
chr19	31776799	rs2116857
chr19	31778906	rs2867723
chr19	31785358	rs457572
chr19	31785574	rs1433080
chr19	31794812	rs11666070
chr19	31795260	rs10412222
chr19	31802766	rs682422
chr19	31813874	rs278233
chr19	31817867	rs12983868
chr19	31822905	rs388155
chr19	31823524	rs511811
chr19	31823657	rs606605
chr19	31823718	rs510077
chr19	31828836	rs658168
chr19	31831534	rs278285
chr19	31832880	rs12975846
chr19	31833196	rs11670285
chr19	31833783	rs1433303
chr19	31834789	rs278291
chr19	31840620	rs278297
chr19	31843600	rs185742
chr19	31850398	rs278243
chr19	31851449	rs278245
chr19	31852236	rs278247
chr19	31858302	rs278239
chr19	31863412	rs278266
chr19	31870525	rs278275
chr19	31873240	rs10500255
chr19	31873292	rs12461256
chr19	31874248	rs16966482
chr19	31878085	rs1865055
chr19	31878155	rs845428
chr19	31881116	rs673162
chr19	31881914	rs12459196
chr19	31882171	rs17595822
chr19	31882535	rs16966495
chr19	31884131	rs1368544
chr19	31884697	rs276374
chr19	31887025	rs276376
chr19	31887537	rs1368545
chr19	31888940	rs276379
chr19	31892794	rs276383
chr19	31896321	rs1109721
chr19	31897465	rs1433305
chr19	31897570	rs1433306
chr19	31919015	rs16966515
chr19	31926380	rs10415114
chr19	31938911	rs11672751
chr19	31950531	rs11084608
chr19	31952398	rs2867737
chr19	31952505	rs7245504
chr19	31953595	rs12982079
chr19	31953662	rs12982128
chr19	31955805	rs741656
chr19	31956471	rs7248751
chr19	31957490	rs16966549
chr19	31958935	rs7249035
chr19	31959803	rs12971671
chr19	31963288	rs16960616
chr19	31966940	rs10421783
chr19	31968390	rs35793600
chr19	31969884	rs2075411
chr19	31972672	rs7257183
chr19	31974678	rs2867738
chr19	31974785	rs41347546
chr19	31980617	rs17703610
chr19	31981104	rs17774281
chr19	31984764	rs17703657
chr19	31985958	rs2075414
chr19	31986377	rs11881302
chr19	31988164	rs11882545
chr19	31989342	rs7249439
chr19	31989782	rs12610055
chr19	31990340	rs2075415
chr19	31990392	rs2075416
chr19	31991167	rs12974395
chr19	31992365	rs7254818
chr19	31993592	rs4805709
chr19	32001825	rs7256209
chr19	32006478	rs16966579
chr19	32006557	rs11882901
chr19	32007320	rs8101880
chr19	32010383	rs8112673
chr19	32012167	rs7245678
chr19	32012255	rs4804977
chr19	32013309	rs4805715
chr19	32014347	rs16966600
chr19	32015104	rs741655
chr19	32018607	rs11882799
chr19	32022224	rs2075410
chr19	32024384	rs11084619
chr19	32025426	rs8102897
chr19	32026032	rs3816034
chr19	32027256	rs11668726
chr19	32028542	rs8100923
chr19	32029367	rs11667173
chr19	32030007	rs11669047
chr19	32030757	rs4805719
chr19	32031910	rs4805720
chr19	32037570	rs1008571
chr19	32039653	rs16966646
chr19	32044301	rs2240660
chr19	32046788	rs2240663
chr19	32047217	rs2270086
chr19	32054857	rs1005161
chr19	32057046	rs2270049
chr19	32057551	rs12610427
chr19	32059803	rs1468477
chr19	32059975	rs8102421
chr19	32064721	rs8112773
chr19	32067320	rs10417988
chr19	32072387	rs758102
chr19	32074658	rs10407507
chr19	32075990	rs1076323
chr19	32079418	rs11879703
chr19	32080192	rs10518260
chr19	32081742	rs7259887
chr19	32082762	rs12978300
chr19	32082919	rs4804978
chr19	32083109	rs4805721
chr19	32083147	rs2867743
chr19	32084216	rs12459974
chr19	32084432	rs7257225
chr19	32085715	rs17717846
chr19	32087506	rs7507763
chr19	32088510	rs7256006
chr19	32089620	rs3893577
chr19	32089809	rs17774599
chr19	32093684	rs2017628
chr19	32097798	rs11084622
chr19	32101025	rs4804981
chr19	32103963	rs3816053
chr19	32104132	rs2033495
chr19	32105997	rs1529742
chr19	32108949	rs10414206
chr19	32109444	rs10500256
chr19	32110104	rs4805724
chr19	32110647	rs1030688
chr19	32113158	rs12977661
chr19	32113664	rs1030689
chr19	32114267	rs17597441
chr19	32116024	rs10402328
chr19	32117439	rs10409179
chr19	32120810	rs12610340
chr19	32127093	rs1594693
chr19	32129289	rs2867774
chr19	32134155	rs10411596
chr19	32140368	rs8112050
chr19	32140626	rs17774647
chr19	32140986	rs8103440
chr19	32142639	rs995483
chr19	32144555	rs758104
chr19	32145528	rs1074552
chr19	32146383	rs10417297
chr19	32149618	rs2108532
chr19	32155066	rs8109592
chr19	32159329	rs4805727
chr19	32168433	rs1859957
chr19	32170546	rs11881946
chr19	32170850	rs11084625
chr19	32175723	rs1029654
chr19	32179085	rs17512892
chr19	32179278	rs4563146
chr19	32181100	rs8107818
chr19	32181583	rs8111789
chr19	32181752	rs10417990
chr19	32181788	rs8107812
chr19	32183406	rs8101952
chr19	32183547	rs4275957
chr19	32183632	rs17513122
chr19	32183840	rs4359561
chr19	32184245	rs10410583
chr19	32184501	rs10411220
chr19	32186276	rs7260548
chr19	32190948	rs17704122
chr19	32194195	rs10420632
chr19	32194244	rs10427026
chr19	32195281	rs10402113
chr19	32195740	rs1013441
chr19	32196727	rs2903673
chr19	32197131	rs7254841
chr19	32198266	rs4805738
chr19	32201126	rs758638
chr19	32201927	rs17625901
chr19	32206408	rs16966806
chr19	32206472	rs8112620
chr19	32207973	rs16966813
chr19	32208883	rs8106450
chr19	32217210	rs2191222
chr19	32220003	rs7247288
chr19	32227438	rs4805742
chr19	32230833	rs12462234
chr19	32231240	rs10413445
chr19	32235764	rs12975556
chr19	32237634	rs10424494
chr19	32247543	rs8111249
chr19	32249101	rs12462443
chr19	32250292	rs10417857
chr19	32253597	rs4805744
chr19	32256826	rs10422610
chr19	32257885	rs4805745
chr19	32264884	rs8110947
chr19	32270555	rs10415954
chr19	32273283	rs242566
chr19	32273712	rs11879922
chr19	32276207	rs242567
chr19	32279712	rs242569
chr19	32281507	rs242571
chr19	32288713	rs2111505
chr19	32290799	rs16966885
chr19	32291087	rs17718204
chr19	32291647	rs7508444
chr19	32292311	rs1468918
chr19	32300101	rs12460133
chr19	32305408	rs12608785
chr19	32308032	rs8103676
chr19	32311353	rs12327670
chr19	32318618	rs16966891
chr19	32318845	rs8105931
chr19	32320913	rs2867792
chr19	32325665	rs7259103
chr19	32327504	rs4805752
chr19	32333404	rs7255223
chr19	32337975	rs6510241
chr19	32338087	rs12985626
chr19	32338400	rs8104048
chr19	32338568	rs6510242
chr19	32341278	rs7245463
chr19	32343641	rs7253538
chr19	32345900	rs741446
chr19	32350999	rs1558868
chr19	32356422	rs2075303
chr19	32358815	rs7250813
chr19	32363564	rs4805755
chr19	32370899	rs10853921
chr19	32373659	rs2868083
chr19	32375518	rs4805758
chr19	32379172	rs7252763
chr19	32382792	rs2270399
chr19	32386219	rs12596
chr19	32386353	rs3746016
chr19	32388358	rs718384
chr19	32390147	rs1015838
chr19	32391316	rs11668037
chr19	32397994	rs10417152
chr19	32402709	rs4804994
chr19	32405158	rs3810400
chr19	32407780	rs1978384
chr19	32408168	rs741441
chr19	32408387	rs2012353
chr19	32415197	rs7251170
chr19	32416591	rs8110892
chr19	32423172	rs16967057
chr19	32429608	rs6510247
chr19	32431947	rs7252579
chr19	32434177	rs12463060
chr19	32439163	rs6510249
chr19	32439601	rs738093
chr19	32442569	rs10406805
chr19	32442620	rs11670709
chr19	32443849	rs7253808
chr19	32448917	rs12462009
chr19	32449827	rs7252443
chr19	32453659	rs7258196
chr19	32461548	rs1468496
chr19	32463819	rs1544511
chr19	32466353	rs9304836
chr19	32468547	rs7254107
chr19	32471147	rs10500260
chr19	32473048	rs4805762
chr19	32480317	rs16967141
chr19	32481355	rs11670650
chr19	32481390	rs3859523
chr19	32482171	rs7253039
chr19	32486500	rs737093
chr19	32490396	rs7245958
chr19	32493978	rs7250367
chr19	32497036	rs358550
chr19	32501287	rs358548
chr19	32501479	rs358547
chr19	32505700	rs358539
chr19	32509870	rs10048434
chr19	32510840	rs6510250
chr19	32513177	rs10422435
chr19	32513919	rs358538
chr19	32515472	rs2059058
chr19	32515616	rs975317
chr19	32515970	rs975318
chr19	32518129	rs7248323
chr19	32519400	rs10412665
chr19	32519858	rs17692472
chr19	32520002	rs17692490
chr19	32520554	rs17754266
chr19	32522600	rs8112053
chr19	32523737	rs7251512
chr19	32524456	rs719490
chr19	32531549	rs981110
chr19	32533984	rs17692568
chr19	32534448	rs7256857
chr19	32537108	rs10500261
chr19	32540813	rs17754361
chr19	32542725	rs12976449
chr19	32543283	rs10412141
chr19	32543555	rs17832981
chr19	32543648	rs17754433
chr19	32543792	rs11084655
chr19	32550339	rs6510257
chr19	32553932	rs8099851
chr19	32554938	rs2868143
chr19	32556208	rs2868145
chr19	32558150	rs4805767
chr19	32559037	rs2903752
chr19	32559141	rs2868146
chr19	32563007	rs6510259
chr19	32564028	rs11667881
chr19	32570214	rs10401677
chr19	32576461	rs6510263
chr19	32581862	rs12461589
chr19	32582525	rs4499344
chr19	32585709	rs888767
chr19	32594489	rs12973855
chr19	32594595	rs12982788
chr19	32595185	rs752719
chr19	32595356	rs752718
chr19	32597135	rs10553
chr19	32597460	rs2277927
chr19	32598525	rs17692896
chr19	32599447	rs12462871
chr19	32600776	rs2903754
chr19	32602346	rs3815700
chr19	32603546	rs8108840
chr19	32605150	rs11084665
chr19	32605410	rs8113165
chr19	32605500	rs10426856
chr19	32605581	rs10424732
chr19	32605812	rs7248845
chr19	32605880	rs7247420
chr19	32611453	rs12150976
chr19	32612422	rs10410888
chr19	32613566	rs406470
chr19	32614837	rs392332
chr19	32614998	rs380320
chr19	32615715	rs405858
chr19	32615836	rs395136
chr19	32615855	rs414496
chr19	32617032	rs382416
chr19	32618097	rs8100423
chr19	32618998	rs438268
chr19	32619298	rs2287669
chr19	32622389	rs2302969
chr19	32626760	rs6510271
chr19	32627860	rs4805784
chr19	32630823	rs259234
chr19	32631980	rs11878322
chr19	32632670	rs7250780
chr19	32633022	rs9304837
chr19	32634149	rs17693106
chr19	32634577	rs17760196
chr19	32636116	rs4805790
chr19	32637502	rs17760227
chr19	32637617	rs1549159
chr19	32640430	rs10416829
chr19	32641297	rs731672
chr19	32641389	rs731673
chr19	32641489	rs731674
chr19	32641598	rs17833279
chr19	32643519	rs259229
chr19	32643729	rs259228
chr19	32644552	rs259225
chr19	32647161	rs259219
chr19	32647219	rs259218
chr19	32647462	rs259217
chr19	32649475	rs259238
chr19	32654739	rs736452
chr19	32655508	rs1103851
chr19	32655565	rs11666270
chr19	32658862	rs259251
chr19	32660896	rs259256
chr19	32666097	rs259270
chr19	32666194	rs259271
chr19	32666495	rs10422710
chr19	32670220	rs259278
chr19	32670368	rs259279
chr19	32672758	rs1864206
chr19	32673853	rs259286
chr19	32678097	rs259294
chr19	32690578	rs3892630
chr19	32691414	rs881273
chr19	32692763	rs6510277
chr19	32692906	rs4805801
chr19	32706083	rs1827700
chr19	32708877	rs8112297
chr19	32713638	rs1061686
chr19	32716739	rs7256750
chr19	32725923	rs7257486
chr19	32729093	rs7254919
chr19	32730420	rs8102279
chr19	32734268	rs12151325
chr19	32740880	rs977708
chr19	32748940	rs7247264
chr19	32750826	rs4805806
chr19	32754972	rs2868186
chr19	32755693	rs8100942
chr19	32758202	rs11669214
chr19	32759777	rs17755379
chr19	32759784	rs12610342
chr19	32763862	rs4422091
chr19	32773442	rs12608647
chr19	32775254	rs6510287
chr19	32779985	rs6510289
chr19	32791018	rs11881633
chr19	32791430	rs8104532
chr19	32798557	rs4805811
chr19	32803176	rs10404371
chr19	32808273	rs2112918
chr19	32812529	rs17272155
chr19	32812848	rs12980801
chr19	32813392	rs11671862
chr19	32813784	rs8107900
chr19	32815316	rs17304583
chr19	32816211	rs11671229
chr19	32824007	rs17206198
chr19	32824212	rs4805812
chr19	32824449	rs12608999
chr19	32824707	rs17206212
chr19	32825417	rs1035478
chr19	32826401	rs3746022
chr19	32826784	rs3746024
chr19	32827006	rs3746028
chr19	32830307	rs17272183
chr19	32838238	rs17272197
chr19	32841007	rs929816
chr19	32841610	rs11671809
chr19	32842046	rs2287882
chr19	32842249	rs2287881
chr19	32843509	rs3815760
chr19	32844072	rs1559225
chr19	32858582	rs2287879
chr19	32862135	rs1007161
chr19	32862155	rs1007160
chr19	32862558	rs11084673
chr19	32864149	rs12150889
chr19	32867106	rs10404771
chr19	32867621	rs16967511
chr19	32869897	rs2161518
chr19	32873722	rs8101881
chr19	32874524	rs11084678
chr19	32879164	rs745961
chr19	32879660	rs17206282
chr19	32880239	rs17206303
chr19	32880287	rs17272267
chr19	32882134	rs17272274
chr19	32882634	rs17304611
chr19	32885114	rs4805014
chr19	32886147	rs2868197
chr19	32886630	rs10409494
chr19	32891114	rs10404536
chr19	32894902	rs11084681
chr19	32901181	rs7253415
chr19	32901584	rs7253956
chr19	32902147	rs11880965
chr19	32903282	rs10410304
chr19	32904507	rs4805015
chr19	32907383	rs2082424
chr19	32908438	rs892024
chr19	32914190	rs10425973
chr19	32915185	rs3764632
chr19	32915536	rs7246178
chr19	32918071	rs11668957
chr19	32918507	rs2278404
chr19	32919383	rs2016867
chr19	32919482	rs1036217
chr19	32921835	rs4378720
chr19	32921942	rs12983019
chr19	32923514	rs4805825
chr19	32927269	rs2163808
chr19	32932596	rs4805827
chr19	32935456	rs8109698
chr19	32937260	rs3816031
chr19	32941803	rs6510306
chr19	32944859	rs7251236
chr19	32945381	rs7253624
chr19	32945461	rs4805021
chr19	32948281	rs3764633
chr19	32948484	rs3764634
chr19	32953801	rs10411735
chr19	32956892	rs8106312
chr19	32957298	rs8107282
chr19	32963536	rs16967665
chr19	32964683	rs10401336
chr19	32970203	rs934419
chr19	32972032	rs751732
chr19	32972152	rs751731
chr19	32976026	rs7258303
chr19	32976181	rs2304101
chr19	32976451	rs2304102
chr19	32976507	rs2304103
chr19	32976609	rs3816032
chr19	32977161	rs4805025
chr19	32977576	rs4805840
chr19	32978671	rs8109798
chr19	32985960	rs10403940
chr19	32999779	rs8109247
chr19	33008072	rs2163807
chr19	33008165	rs10410414
chr19	33011350	rs7257754
chr19	33016875	rs10405768
chr19	33020043	rs4805844
chr19	33022436	rs6510326
chr19	33025535	rs6510328
chr19	33033008	rs12463345
chr19	33039294	rs8182598
chr19	33039905	rs8113612
chr19	33041394	rs10411210
chr19	33042352	rs2216594
chr19	33042386	rs2216595
chr19	33043735	rs7259371
chr19	33045470	rs8106293
chr19	33045777	rs12462426
chr19	33046190	rs12972060
chr19	33047391	rs16967749
chr19	33047508	rs7246814
chr19	33054795	rs6510337
chr19	33060155	rs1559088
chr19	33067179	rs7256470
chr19	33076659	rs8100568
chr19	33078594	rs12461839
chr19	33082538	rs10427139
chr19	33086461	rs2019603
chr19	33088222	rs7259333
chr19	33090244	rs10407255
chr19	33090313	rs12608825
chr19	33093573	rs12460195
chr19	33093585	rs12460349
chr19	33098035	rs6510345
chr19	33101395	rs10410778
chr19	33106910	rs10408093
chr19	33107024	rs3760893
chr19	33109190	rs12462509
chr19	33109858	rs2287679
chr19	33111851	rs10420258
chr19	33111950	rs3786934
chr19	33113625	rs8103733
chr19	33114394	rs10416265
chr19	33114406	rs10421769
chr19	33117647	rs16967815
chr19	33117660	rs2287680
chr19	33117827	rs2287681
chr19	33119154	rs8113398
chr19	33124216	rs1981818
chr19	33125350	rs10411529
chr19	33129598	rs3786931
chr19	33129991	rs3826906
chr19	33132036	rs1270591
chr19	33132698	rs1270252
chr19	33139787	rs17833533
chr19	33143908	rs3848594
chr19	33144540	rs12462021
chr19	33144855	rs3848596
chr19	33144947	rs3848597
chr19	33144981	rs3848599
chr19	33146013	rs17833557
chr19	33150850	rs10423969
chr19	33156473	rs11881580
chr19	33161341	rs8113143
chr19	33161450	rs11084710
chr19	33164238	rs1981827
chr19	33171724	rs7253822
chr19	33172283	rs10422125
chr19	33173734	rs8101539
chr19	33173762	rs8101550
chr19	33175833	rs2241379
chr19	33176101	rs13344581
chr19	33176423	rs4805859
chr19	33177184	rs17760633
chr19	33179153	rs4805860
chr19	33180075	rs8111054
chr19	33180718	rs8111018
chr19	33185771	rs889104
chr19	33189738	rs8111735
chr19	33189876	rs8101468
chr19	33190564	rs11670126
chr19	33192085	rs12608634
chr19	33197153	rs12975724
chr19	33197589	rs7255462
chr19	33199072	rs11671345
chr19	33199790	rs1107920
chr19	33203252	rs1035445
chr19	33206640	rs1056041
chr19	33207385	rs3745974
chr19	33208367	rs889102
chr19	33211339	rs2241378
chr19	33214549	rs12609177
chr19	33215387	rs16967863
chr19	33217996	rs3786927
chr19	33220734	rs4805031
chr19	33220780	rs10406787
chr19	33223022	rs8106493
chr19	33223463	rs3786926
chr19	33223656	rs8106375
chr19	33228844	rs4805863
chr19	33231776	rs7359893
chr19	33232799	rs17694094
chr19	33235469	rs11672303
chr19	33237095	rs10405944
chr19	33240645	rs17694108
chr19	33240894	rs752237
chr19	33241688	rs752503
chr19	33243022	rs748680
chr19	33244974	rs11671565
chr19	33251464	rs7256230
chr19	33259408	rs10500264
chr19	33261825	rs11672788
chr19	33262088	rs4530278
chr19	33262260	rs2081048
chr19	33262649	rs4616402
chr19	33264458	rs12975577
chr19	33266156	rs736289
chr19	33269433	rs889109
chr19	33271351	rs4805867
chr19	33271395	rs4805868
chr19	33272215	rs889108
chr19	33273956	rs10423902
chr19	33276662	rs889105
chr19	33277104	rs1035443
chr19	33278015	rs8100802
chr19	33278107	rs11084721
chr19	33283685	rs12461296
chr19	33284420	rs1990966
chr19	33285306	rs1981828
chr19	33285335	rs11672051
chr19	33289355	rs7259974
chr19	33289538	rs1423056
chr19	33289577	rs11668334
chr19	33290102	rs11084724
chr19	33292005	rs877567
chr19	33298104	rs2081045
chr19	33298491	rs874966
chr19	33299596	rs10403561
chr19	33300221	rs12691
chr19	33304335	rs16967952
chr19	33311636	rs7251505
chr19	33315233	rs17529595
chr19	33326227	rs12608723
chr19	33327479	rs7251758
chr19	33330342	rs7253865
chr19	33339692	rs16967971
chr19	33348648	rs4805033
chr19	33349086	rs17529824
chr19	33351374	rs17601990
chr19	33354692	rs17529948
chr19	33355616	rs1423062
chr19	33356029	rs10427115
chr19	33359254	rs8109008
chr19	33359935	rs10518275
chr19	33360824	rs999503
chr19	33368683	rs7255274
chr19	33369130	rs17530479
chr19	33369952	rs17530508
chr19	33371182	rs2112820
chr19	33372480	rs7250283
chr19	33377107	rs1469084
chr19	33378269	rs16968029
chr19	33381504	rs3745968
chr19	33382529	rs2772
chr19	33385488	rs4805877
chr19	33385555	rs8106137
chr19	33386843	rs8111294
chr19	33387133	rs3556
chr19	33387292	rs1061338
chr19	33387931	rs17570
chr19	33392342	rs10853926
chr19	33394212	rs8107339
chr19	33395448	rs7258031
chr19	33396254	rs7247349
chr19	33398094	rs889140
chr19	33398463	rs889139
chr19	33399389	rs34910385
chr19	33402102	rs3786897
chr19	33406261	rs8104917
chr19	33406317	rs17531264
chr19	33408159	rs731839
chr19	33408872	rs8100424
chr19	33411903	rs754986
chr19	33412496	rs6510379
chr19	33415747	rs9676616
chr19	33415858	rs9676705
chr19	33416195	rs12977061
chr19	33416630	rs12461274
chr19	33417454	rs11665874
chr19	33417811	rs1005731
chr19	33418804	rs8182584
chr19	33418945	rs8182579
chr19	33423664	rs17760904
chr19	33424038	rs4362488
chr19	33424454	rs4239576
chr19	33427517	rs11667352
chr19	33427663	rs6510382
chr19	33427881	rs6510383
chr19	33430636	rs17833947
chr19	33433642	rs12975240
chr19	33437415	rs17833959
chr19	33437837	rs17833971
chr19	33441409	rs7248389
chr19	33445846	rs6510384
chr19	33446371	rs7250833
chr19	33446416	rs12459662
chr19	33447894	rs7258937
chr19	33452175	rs7254071
chr19	33453981	rs6417177
chr19	33455987	rs1477336
chr19	33459371	rs17761012
chr19	33461048	rs10422643
chr19	33462448	rs7247614
chr19	33463682	rs4805889
chr19	33468236	rs7257907
chr19	33469490	rs10404460
chr19	33471266	rs10423840
chr19	33473275	rs11880064
chr19	33473546	rs17834067
chr19	33475547	rs17834073
chr19	33475735	rs10402145
chr19	33477809	rs3786911
chr19	33483007	rs10420551
chr19	33486490	rs10425678
chr19	33491021	rs4377259
chr19	33496168	rs3786913
chr19	33496518	rs3786915
chr19	33497056	rs3786916
chr19	33497576	rs7250175
chr19	33498339	rs33825
chr19	33499533	rs33824
chr19	33503511	rs3786920
chr19	33509819	rs33823
chr19	33515474	rs3786922
chr19	33516723	rs33835
chr19	33518826	rs33838
chr19	33519283	rs10415555
chr19	33519383	rs33840
chr19	33520342	rs33841
chr19	33523410	rs33845
chr19	33528779	rs11882409
chr19	33528849	rs4805902
chr19	33533344	rs33848
chr19	33533804	rs33850
chr19	33535428	rs254809
chr19	33537485	rs4805903
chr19	33538601	rs4805905
chr19	33538792	rs153703
chr19	33541570	rs153704
chr19	33544770	rs254806
chr19	33546376	rs996088
chr19	33550294	rs7250481
chr19	33553213	rs754691
chr19	33553411	rs754692
chr19	33554769	rs1864132
chr19	33557402	rs2278260
chr19	33559046	rs4805908
chr19	33562965	rs12972735
chr19	33564652	rs4805909
chr19	33564675	rs1529486
chr19	33564832	rs8104672
chr19	33569965	rs891036
chr19	33570032	rs891035
chr19	33570206	rs891034
chr19	33572191	rs1835059
chr19	33573148	rs3898492
chr19	33574822	rs4805912
chr19	33574927	rs12327733
chr19	33575986	rs12979271
chr19	33577529	rs891033
chr19	33578195	rs10402640
chr19	33578260	rs17324938
chr19	33578830	rs17227267
chr19	33579292	rs17227288
chr19	33579359	rs1428669
chr19	33580875	rs10412550
chr19	33581139	rs8102433
chr19	33581421	rs8105867
chr19	33584074	rs10401160
chr19	33593601	rs7250563
chr19	33594041	rs7250370
chr19	33599026	rs11672690
chr19	33599971	rs7249392
chr19	33603279	rs7255249
chr19	33604688	rs17694523
chr19	33609521	rs12610008
chr19	33612777	rs12460080
chr19	33614472	rs8103587
chr19	33620377	rs8109973
chr19	33626186	rs8112967
chr19	33627561	rs2115374
chr19	33628326	rs752325
chr19	33631036	rs8100539
chr19	33631523	rs8112179
chr19	33634444	rs11668513
chr19	33635463	rs3848605
chr19	33639430	rs2059876
chr19	33640555	rs8105751
chr19	33640658	rs16968313
chr19	33641516	rs919358
chr19	33642803	rs10853928
chr19	33645124	rs8101552
chr19	33645751	rs10423885
chr19	33648039	rs1035937
chr19	33653135	rs2377081
chr19	33653838	rs7256619
chr19	33653885	rs7259724
chr19	33657955	rs16968334
chr19	33659854	rs1469108
chr19	33664120	rs12459433
chr19	33668454	rs7250759
chr19	33670416	rs10500266
chr19	33671092	rs9304851
chr19	33671336	rs16968363
chr19	33673471	rs10416263
chr19	33674460	rs16968366
chr19	33677367	rs4805924
chr19	33681516	rs16968376
chr19	33683354	rs12463166
chr19	33686681	rs1076513
chr19	33686864	rs8110889
chr19	33687576	rs10402398
chr19	33689993	rs17756538
chr19	33690067	rs8108843
chr19	33690357	rs16968399
chr19	33691237	rs8106048
chr19	33691738	rs10419302
chr19	33693847	rs4558518
chr19	33694579	rs11084747
chr19	33696377	rs10421424
chr19	33698732	rs2041728
chr19	33698861	rs2041730
chr19	33700688	rs284333
chr19	33700922	rs284334
chr19	33701497	rs963390
chr19	33708862	rs6510394
chr19	33709191	rs7259760
chr19	33709510	rs10401769
chr19	33710804	rs4805928
chr19	33712487	rs8104235
chr19	33712542	rs8104262
chr19	33712922	rs9941472
chr19	33713189	rs8109215
chr19	33715830	rs284327
chr19	33716248	rs284328
chr19	33719544	rs284670
chr19	33719877	rs284669
chr19	33722549	rs4805930
chr19	33722813	rs17531765
chr19	33728966	rs284683
chr19	33729588	rs284682
chr19	33730445	rs206042
chr19	33731888	rs17325358
chr19	33732011	rs4805056
chr19	33733911	rs108295
chr19	33738914	rs10406663
chr19	33740135	rs284691
chr19	33740176	rs284690
chr19	33740333	rs284689
chr19	33740637	rs284688
chr19	33740804	rs10520203
chr19	33741267	rs176174
chr19	33741524	rs720875
chr19	33744113	rs284687
chr19	33751450	rs369298
chr19	33755036	rs436143
chr19	33759718	rs1008573
chr19	33762494	rs285689
chr19	33763589	rs8112008
chr19	33767802	rs10853929
chr19	33774973	rs1008358
chr19	33775343	rs285696
chr19	33780174	rs285685
chr19	33780600	rs16968492
chr19	33780754	rs285684
chr19	33781013	rs11673608
chr19	33781142	rs17247661
chr19	33786309	rs8109074
chr19	33786781	rs285680
chr19	33792037	rs285676
chr19	33795046	rs3810361
chr19	33797297	rs1139231
chr19	33800090	rs287104
chr19	33801816	rs287103
chr19	33803962	rs4239577
chr19	33803996	rs4805059
chr19	33812144	rs2056180
chr19	33812511	rs8102988
chr19	33814054	rs10420719
chr19	33815911	rs185350
chr19	33815993	rs29944
chr19	33816996	rs12983427
chr19	33817353	rs11672221
chr19	33818372	rs29942
chr19	33818627	rs29941
chr19	33819384	rs13346234
chr19	33824991	rs256335
chr19	33829949	rs2546057
chr19	33830353	rs398426
chr19	33831192	rs435942
chr19	33831232	rs11084753
chr19	33833804	rs10853932
chr19	33840453	rs16968555
chr19	33841860	rs1006359
chr19	33842540	rs17326574
chr19	33842596	rs8111566
chr19	33842941	rs17326595
chr19	33843009	rs166988
chr19	33847882	rs1102156
chr19	33848968	rs34181134
chr19	33851187	rs287098
chr19	33856837	rs2377288
chr19	33860870	rs2112507
chr19	33861642	rs1972634
chr19	33864597	rs10500267
chr19	33868429	rs8103074
chr19	33869724	rs11882105
chr19	33870217	rs1549190
chr19	33873159	rs12975931
chr19	33873218	rs7247921
chr19	33874582	rs1017207
chr19	33874735	rs1017205
chr19	33874801	rs16968579
chr19	33875120	rs17248645
chr19	33875221	rs16968628
chr19	33875488	rs7256463
chr19	33877792	rs7249257
chr19	33877980	rs7252497
chr19	33880139	rs12609992
chr19	33880293	rs918449
chr19	33884726	rs4560028
chr19	33887808	rs888862
chr19	33888583	rs11670307
chr19	33892256	rs10414586
chr19	33895324	rs10417171
chr19	33895402	rs2377295
chr19	33895489	rs1108326
chr19	33901253	rs10422153
chr19	33908163	rs10415855
chr19	33910791	rs4805946
chr19	33912766	rs11670672
chr19	33916842	rs7251215
chr19	33920567	rs4805949
chr19	33923421	rs4805953
chr19	33923460	rs4805955
chr19	33926895	rs17249376
chr19	33928885	rs16968727
chr19	33930286	rs4805958
chr19	33933073	rs2059082
chr19	33933185	rs17328164
chr19	33934158	rs16960747
chr19	33934280	rs1544747
chr19	33934550	rs1544746
chr19	33935196	rs2377296
chr19	33935617	rs7255401
chr19	33936260	rs4805959
chr19	33936311	rs4805960
chr19	33936918	rs4805961
chr19	33940960	rs10411661
chr19	33941325	rs4805962
chr19	33941772	rs16960761
chr19	33945984	rs10404384
chr19	33947954	rs16960768
chr19	33948230	rs2159328
chr19	33950183	rs11878836
chr19	33951641	rs10424147
chr19	33953390	rs8108921
chr19	33958307	rs11882752
chr19	33960041	rs7250593
chr19	33960125	rs7249821
chr19	33966447	rs11882402
chr19	33972562	rs8100290
chr19	33976798	rs879041
chr19	33976927	rs17329096
chr19	33977055	rs4805964
chr19	33978384	rs10411950
chr19	33981635	rs10421542
chr19	33983592	rs4805066
chr19	33989736	rs8101820
chr19	33990006	rs17329186
chr19	33995128	rs8107012
chr19	34001295	rs17329346
chr19	34004577	rs16968764
chr19	34004755	rs16968768
chr19	34007984	rs16968773
chr19	34010219	rs17380748
chr19	34023008	rs10418860
chr19	34029089	rs7254953
chr19	34029172	rs4805966
chr19	34029612	rs9676549
chr19	34032878	rs7245865
chr19	34041931	rs8109447
chr19	34044602	rs10409224
chr19	34045547	rs578030
chr19	34047435	rs484635
chr19	34054650	rs501186
chr19	34055972	rs959321
chr19	34056537	rs552520
chr19	34059237	rs4583373
chr19	34060011	rs10406213
chr19	34061222	rs533426
chr19	34061988	rs12461722
chr19	34063020	rs10415423
chr19	34065392	rs4805974
chr19	34065699	rs4805975
chr19	34065719	rs4805976
chr19	34067707	rs244763
chr19	34073823	rs494387
chr19	34075742	rs451218
chr19	34077189	rs454583
chr19	34077203	rs379989
chr19	34081976	rs244770
chr19	34082652	rs668893
chr19	34082669	rs541376
chr19	34083318	rs244772
chr19	34084825	rs244773
chr19	34086131	rs634451
chr19	34086481	rs752294
chr19	34087197	rs244774
chr19	34092753	rs16968855
chr19	34092795	rs2121139
chr19	34093232	rs574004
chr19	34095952	rs554438
chr19	34100755	rs526251
chr19	34100850	rs11084756
chr19	34105092	rs4805985
chr19	34108903	rs481412
chr19	34110031	rs1260534
chr19	34110613	rs6510411
chr19	34112561	rs580971
chr19	34116015	rs7247535
chr19	34117749	rs11084758
chr19	34118777	rs8110630
chr19	34119183	rs571620
chr19	34120844	rs11666638
chr19	34122371	rs1867701
chr19	34124178	rs11673011
chr19	34131003	rs1867697
chr19	34131168	rs487544
chr19	34136027	rs12611086
chr19	34136414	rs4805073
chr19	34145667	rs618940
chr19	34150751	rs4805994
chr19	34152232	rs608629
chr19	34152869	rs1260608
chr19	34162656	rs576579
chr19	34165501	rs587259
chr19	34168094	rs498431
chr19	34171545	rs35690359
chr19	34176770	rs523959
chr19	34177389	rs529579
chr19	34179820	rs640466
chr19	34185540	rs10520209
chr19	34185633	rs1759092
chr19	34186077	rs10520211
chr19	34186244	rs1651801
chr19	34190218	rs3097336
chr19	34191108	rs10500271
chr19	34193835	rs2434990
chr19	34195879	rs2482997
chr19	34196841	rs3119815
chr19	34196904	rs8112123
chr19	34200544	rs520194
chr19	34203507	rs649495
chr19	34209456	rs1260637
chr19	34213224	rs682977
chr19	34219627	rs2297521
chr19	34221713	rs2274896
chr19	34221749	rs536367
chr19	34221831	rs537252
chr19	34228153	rs583121
chr19	34229353	rs1260631
chr19	34229537	rs479036
chr19	34232827	rs629018
chr19	34237577	rs1268783
chr19	34237715	rs694421
chr19	34241666	rs12977645
chr19	34244488	rs10401560
chr19	34246520	rs6510416
chr19	34249695	rs10439130
chr19	34251800	rs4805077
chr19	34260401	rs4806003
chr19	34261144	rs4806004
chr19	34263892	rs7359931
chr19	34268233	rs13344685
chr19	34269473	rs2923793
chr19	34273937	rs12327730
chr19	34275683	rs10407640
chr19	34277425	rs11084763
chr19	34284548	rs16969156
chr19	34287205	rs16969161
chr19	34295105	rs12463220
chr19	34298103	rs8111058
chr19	34298849	rs10422771
chr19	34305905	rs2923788
chr19	34308524	rs179186
chr19	34309693	rs7251027
chr19	34314592	rs1669265
chr19	34314622	rs12973790
chr19	34314892	rs4806010
chr19	34317484	rs1664904
chr19	34318044	rs1669261
chr19	34323431	rs2591848
chr19	34324901	rs16969189
chr19	34329254	rs189030
chr19	34329416	rs34792610
chr19	34337762	rs1664901
chr19	34343459	rs7254168
chr19	34348093	rs328406
chr19	34351583	rs392340
chr19	34353658	rs379862
chr19	34357346	rs580391
chr19	34357545	rs422732
chr19	34357811	rs10411051
chr19	34360604	rs416602
chr19	34364378	rs8108083
chr19	34365970	rs8191362
chr19	34367896	rs3786884
chr19	34368552	rs2099099
chr19	34368991	rs16969249
chr19	34374646	rs4806015
chr19	34378556	rs8191376
chr19	34378819	rs8191378
chr19	34381477	rs1864139
chr19	34381910	rs8191387
chr19	34385628	rs2377572
chr19	34394553	rs4290576
chr19	34397147	rs8191425
chr19	34399417	rs2301263
chr19	34403915	rs1559195
chr19	34409786	rs1862489
chr19	34414048	rs2081063
chr19	34416425	rs6510417
chr19	34425106	rs10853938
chr19	34426795	rs2965280
chr19	34428947	rs2965279
chr19	34429035	rs2910411
chr19	34430094	rs8103093
chr19	34430256	rs2910412
chr19	34433683	rs8109261
chr19	34436627	rs2863982
chr19	34440999	rs4805080
chr19	34443993	rs17379565
chr19	34447444	rs6510418
chr19	34449467	rs11084766
chr19	34455159	rs7252173
chr19	34458127	rs2910413
chr19	34459832	rs16969328
chr19	34460118	rs3787035
chr19	34460314	rs1559196
chr19	34461598	rs11673331
chr19	34466460	rs6510419
chr19	34468026	rs1030216
chr19	34468907	rs7258977
chr19	34469074	rs7259160
chr19	34476739	rs7252100
chr19	34476894	rs7254944
chr19	34480941	rs4344866
chr19	34484733	rs7248559
chr19	34491654	rs4805084
chr19	34493638	rs2277981
chr19	34493887	rs2965282
chr19	34494550	rs16969368
chr19	34494561	rs11671685
chr19	34496475	rs2910415
chr19	34505360	rs8100257
chr19	34511550	rs10409991
chr19	34511870	rs10408252
chr19	34512340	rs1862491
chr19	34512485	rs2241386
chr19	34521462	rs10417540
chr19	34523393	rs2112824
chr19	34535891	rs10416146
chr19	34538854	rs6510424
chr19	34541989	rs41400746
chr19	34543191	rs16969432
chr19	34544370	rs7255649
chr19	34544668	rs16969437
chr19	34545588	rs10408582
chr19	34545934	rs8103901
chr19	34547152	rs1155934
chr19	34547413	rs10500272
chr19	34548259	rs9304855
chr19	34548839	rs8111749
chr19	34549155	rs8101636
chr19	34549416	rs16969466
chr19	34549813	rs10406046
chr19	34551726	rs10414040
chr19	34552066	rs8182554
chr19	34552659	rs10415641
chr19	34557291	rs8112631
chr19	34561350	rs2199639
chr19	34562064	rs2863310
chr19	34569333	rs2199640
chr19	34572399	rs12459205
chr19	34572537	rs12461618
chr19	34572655	rs4353567
chr19	34579065	rs8182470
chr19	34587230	rs11880329
chr19	34590501	rs899197
chr19	34591375	rs2169793
chr19	34591883	rs7245833
chr19	34594405	rs8105342
chr19	34594967	rs1564200
chr19	34595495	rs6510431
chr19	34595944	rs899198
chr19	34599159	rs1270257
chr19	34599764	rs931065
chr19	34602301	rs12610509
chr19	34602776	rs1270260
chr19	34605359	rs7259736
chr19	34612699	rs430621
chr19	34614951	rs1270273
chr19	34620772	rs7257313
chr19	34620964	rs8107309
chr19	34623673	rs1117941
chr19	34632425	rs6510439
chr19	34634814	rs11879929
chr19	34635700	rs733998
chr19	34635857	rs897769
chr19	34637075	rs12973080
chr19	34637642	rs8108094
chr19	34637985	rs8100619
chr19	34638484	rs7258873
chr19	34639806	rs11084777
chr19	34644604	rs8112651
chr19	34645015	rs8112457
chr19	34645169	rs12609781
chr19	34645712	rs7260033
chr19	34647875	rs7252561
chr19	34648673	rs989251
chr19	34661176	rs12982680
chr19	34661486	rs11667547
chr19	34662314	rs8110196
chr19	34666349	rs751792
chr19	34668016	rs8106017
chr19	34677724	rs8106282
chr19	34678635	rs2305762
chr19	34682547	rs10410491
chr19	34684303	rs2290652
chr19	34690196	rs17704366
chr19	34690447	rs17718247
chr19	34690526	rs8109787
chr19	34693332	rs10425928
chr19	34695223	rs11668036
chr19	34711647	rs6510445
chr19	34713181	rs10853941
chr19	34721311	rs11084784
chr19	34723639	rs10402621
chr19	34725404	rs4372809
chr19	34728643	rs7251186
chr19	34732323	rs12459103
chr19	34732738	rs12973797
chr19	34733565	rs7624
chr19	34734627	rs2862789
chr19	34737179	rs8106730
chr19	34740544	rs7254124
chr19	34742122	rs10426376
chr19	34742368	rs4806049
chr19	34743430	rs4806050
chr19	34744385	rs7254347
chr19	34749249	rs6510448
chr19	34749535	rs8113628
chr19	34752195	rs4806052
chr19	34757228	rs17718397
chr19	34761633	rs10417707
chr19	34762223	rs11879622
chr19	34766287	rs7257305
chr19	34768143	rs17718432
chr19	34769921	rs7258721
chr19	34770164	rs7259476
chr19	34770303	rs17718449
chr19	34782346	rs10415634
chr19	34782445	rs10409480
chr19	34782795	rs17775194
chr19	34783740	rs10415993
chr19	34783764	rs10416010
chr19	34784564	rs17775212
chr19	34786285	rs1466300
chr19	34787519	rs13344592
chr19	34787763	rs10500275
chr19	34788268	rs8103183
chr19	34791150	rs11084785
chr19	34791277	rs11084786
chr19	34791777	rs1542406
chr19	34792543	rs10416755
chr19	34793937	rs1270284
chr19	34797803	rs7247373
chr19	34799930	rs1270289
chr19	34801094	rs1270290
chr19	34803413	rs17718523
chr19	34803481	rs11670866
chr19	34807443	rs11084787
chr19	34807596	rs16969747
chr19	34808057	rs3746236
chr19	34815652	rs929773
chr19	34816289	rs12982419
chr19	34816963	rs7259504
chr19	34821066	rs7250748
chr19	34825540	rs918447
chr19	34825635	rs918446
chr19	34827065	rs8100130
chr19	34830871	rs755733
chr19	34835316	rs11668905
chr19	34838361	rs10500276
chr19	34839015	rs17704752
chr19	34842266	rs12982982
chr19	34842272	rs17775427
chr19	34847352	rs967987
chr19	34849062	rs749981
chr19	34851013	rs8113147
chr19	34851855	rs11669600
chr19	34852018	rs8106116
chr19	34852706	rs12461604
chr19	34852789	rs12459642
chr19	34853354	rs12460166
chr19	34854070	rs2546048
chr19	34866434	rs4806060
chr19	34867326	rs7259297
chr19	34874921	rs2651102
chr19	34879401	rs2862783
chr19	34887191	rs1422293
chr19	34887821	rs2546056
chr19	34889500	rs1345655
chr19	34889600	rs2651090
chr19	34890502	rs752335
chr19	34897248	rs8113651
chr19	34901882	rs2545984
chr19	34903434	rs2651085
chr19	34908502	rs10518287
chr19	34914847	rs2545990
chr19	34916066	rs2545992
chr19	34919894	rs10411036
chr19	34921411	rs2545995
chr19	34924117	rs2032828
chr19	34927188	rs2651125
chr19	34929546	rs2546000
chr19	34929937	rs2546001
chr19	34931904	rs10422961
chr19	34933600	rs2859486
chr19	34934097	rs2651099
chr19	34942034	rs10421478
chr19	34943334	rs1811
chr19	34943608	rs2651109
chr19	34944102	rs1345658
chr19	34944165	rs765746
chr19	34944685	rs3761066
chr19	34944872	rs1053213
chr19	34945063	rs1053216
chr19	34947034	rs2546020
chr19	34947355	rs8102874
chr19	34947962	rs2651108
chr19	34948686	rs2112502
chr19	34949229	rs2546022
chr19	34950545	rs7250359
chr19	34950828	rs2651110
chr19	34957899	rs1063235
chr19	34958178	rs3746243
chr19	34958505	rs2651081
chr19	34958582	rs34687332
chr19	34959325	rs2651079
chr19	34960426	rs2546024
chr19	34960492	rs12976023
chr19	34968249	rs2546041
chr19	34974283	rs888860
chr19	34981513	rs295771
chr19	34982672	rs7248217
chr19	34986137	rs1609909
chr19	34989009	rs786506
chr19	34989210	rs786507
chr19	34990248	rs2607237
chr19	34990327	rs2651097
chr19	34990381	rs2607236
chr19	34991210	rs7247980
chr19	34991700	rs7248585
chr19	34992452	rs6510457
chr19	34992729	rs6510460
chr19	34992775	rs6510461
chr19	34992853	rs6510462
chr19	34994365	rs10402496
chr19	34995111	rs7253477
chr19	34995421	rs10415814
chr19	35006722	rs8113650
chr19	35007986	rs35879596
chr19	35009566	rs3746257
chr19	35009736	rs11084796
chr19	35010147	rs2290642
chr19	35011207	rs8111507
chr19	35013723	rs7251988
chr19	35015825	rs2290647
chr19	35039877	rs2278996
chr19	35045460	rs8107142
chr19	35046802	rs41523449
chr19	35049978	rs12461158
chr19	35052852	rs870379
chr19	35054059	rs2451996
chr19	35062437	rs1688043
chr19	35063847	rs1672990
chr19	35064286	rs4806073
chr19	35065219	rs2305744
chr19	35065377	rs2305745
chr19	35065396	rs2305746
chr19	35065453	rs2305747
chr19	35065840	rs1688030
chr19	35066356	rs1042328
chr19	35066536	rs1688029
chr19	35068302	rs12151195
chr19	35068570	rs11671010
chr19	35074103	rs8103371
chr19	35074648	rs7253620
chr19	35077308	rs1687983
chr19	35079403	rs1687982
chr19	35081024	rs7255603
chr19	35084863	rs1673000
chr19	35086259	rs4806077
chr19	35086439	rs4806078
chr19	35086966	rs7250814
chr19	35096731	rs1687996
chr19	35096887	rs4806080
chr19	35106311	rs10422803
chr19	35106558	rs10424084
chr19	35106716	rs10423723
chr19	35106825	rs7258700
chr19	35109606	rs921935
chr19	35111594	rs11668731
chr19	35113969	rs3787037
chr19	35115035	rs3761072
chr19	35117244	rs1688021
chr19	35117964	rs1672989
chr19	35120090	rs2451995
chr19	35121009	rs1688015
chr19	35121382	rs2290650
chr19	35122719	rs1688017
chr19	35123432	rs1672974
chr19	35124275	rs12852
chr19	35125091	rs14358
chr19	35125411	rs12610146
chr19	35126218	rs937087
chr19	35128115	rs3803922
chr19	35133021	rs1673012
chr19	35133986	rs11666576
chr19	35139458	rs1672997
chr19	35141730	rs12461849
chr19	35142332	rs1687986
chr19	35144327	rs1673006
chr19	35144993	rs8105262
chr19	35151394	rs11673428
chr19	35152810	rs2451994
chr19	35152977	rs1688004
chr19	35156271	rs1633911
chr19	35157462	rs1688005
chr19	35158291	rs1688006
chr19	35159690	rs4806093
chr19	35161345	rs1627280
chr19	35161758	rs2451993
chr19	35161806	rs1688007
chr19	35162277	rs16970014
chr19	35162739	rs2901967
chr19	35163952	rs17612800
chr19	35164248	rs1672994
chr19	35166448	rs8106303
chr19	35167285	rs1623779
chr19	35167825	rs11084803
chr19	35167856	rs12611051
chr19	35169547	rs2285515
chr19	35169605	rs12110
chr19	35169643	rs1046294
chr19	35169767	rs3458
chr19	35169849	rs1046345
chr19	35170884	rs7249921
chr19	35171884	rs13344454
chr19	35176289	rs7255878
chr19	35178168	rs4805110
chr19	35179101	rs4805111
chr19	35182340	rs10426624
chr19	35182430	rs10426076
chr19	35189099	rs10424839
chr19	35194212	rs1633913
chr19	35194553	rs9807905
chr19	35194633	rs10404092
chr19	35194836	rs10424306
chr19	35196172	rs4806110
chr19	35201500	rs916694
chr19	35203416	rs1633920
chr19	35203870	rs1687990
chr19	35204297	rs1633921
chr19	35205821	rs7252947
chr19	35208272	rs17541474
chr19	35209144	rs6510472
chr19	35210362	rs1688014
chr19	35214434	rs8107155
chr19	35216655	rs7250545
chr19	35219782	rs540818
chr19	35220816	rs12986103
chr19	35221169	rs565818
chr19	35222548	rs498342
chr19	35223609	rs886107
chr19	35227916	rs542977
chr19	35228035	rs564117
chr19	35228117	rs541169
chr19	35228203	rs565791
chr19	35228354	rs11673347
chr19	35231323	rs4806115
chr19	35232186	rs482324
chr19	35232598	rs12975066
chr19	35233097	rs11669258
chr19	35233121	rs10422195
chr19	35233861	rs8112032
chr19	35241342	rs7251826
chr19	35243204	rs4806119
chr19	35246990	rs10421791
chr19	35247380	rs2853330
chr19	35248799	rs16970163
chr19	35250553	rs2073900
chr19	35251273	rs11084809
chr19	35252360	rs8100411
chr19	35253526	rs10153449
chr19	35255803	rs2853332
chr19	35255896	rs2853336
chr19	35257803	rs12979792
chr19	35258660	rs2073898
chr19	35261788	rs2519962
chr19	35262014	rs2073899
chr19	35265252	rs13345192
chr19	35266347	rs916147
chr19	35276963	rs12973672
chr19	35277925	rs10410675
chr19	35278046	rs10405246
chr19	35280354	rs7256866
chr19	35280479	rs1882694
chr19	35281568	rs10414846
chr19	35281996	rs10421768
chr19	35283653	rs8101606
chr19	35284538	rs7251432
chr19	35287733	rs11671613
chr19	35289948	rs10402233
chr19	35290413	rs17705188
chr19	35293263	rs6510476
chr19	35295965	rs2301600
chr19	35299600	rs3746248
chr19	35303872	rs11669734
chr19	35304513	rs11670792
chr19	35306378	rs9304870
chr19	35307157	rs720308
chr19	35308297	rs1034597
chr19	35308603	rs12185485
chr19	35308977	rs2269757
chr19	35309174	rs12461927
chr19	35309759	rs10411704
chr19	35315986	rs12463142
chr19	35316824	rs11673522
chr19	35316942	rs11666282
chr19	35317023	rs12977217
chr19	35318897	rs756796
chr19	35320433	rs17705279
chr19	35326811	rs8102910
chr19	35327706	rs928937
chr19	35338478	rs7248108
chr19	35338610	rs7251526
chr19	35340634	rs2239511
chr19	35340746	rs2239512
chr19	35344679	rs3746250
chr19	35345627	rs10406069
chr19	35345848	rs4805119
chr19	35345867	rs10406539
chr19	35346525	rs12985354
chr19	35347173	rs3088063
chr19	35347840	rs10423648
chr19	35348827	rs12975589
chr19	35349572	rs16970264
chr19	35351338	rs10418569
chr19	35352183	rs2301151
chr19	35352805	rs1573611
chr19	35355974	rs12462800
chr19	35356173	rs417030
chr19	35356213	rs387083
chr19	35356251	rs10422744
chr19	35357437	rs12459138
chr19	35358053	rs7251096
chr19	35358159	rs17272288
chr19	35374570	rs368055
chr19	35377856	rs11883057
chr19	35377871	rs11878345
chr19	35379446	rs16970276
chr19	35379534	rs17304618
chr19	35380085	rs4806146
chr19	35380301	rs4806147
chr19	35380805	rs718133
chr19	35388636	rs7252182
chr19	35391585	rs12609605
chr19	35395758	rs4806152
chr19	35396227	rs16970288
chr19	35398527	rs12978607
chr19	35399303	rs12611325
chr19	35400352	rs12978242
chr19	35405565	rs4805125
chr19	35407016	rs10420543
chr19	35407739	rs16970293
chr19	35407957	rs12979319
chr19	35410239	rs8107683
chr19	35412804	rs16970295
chr19	35419102	rs8112413
chr19	35420679	rs7260349
chr19	35429793	rs16970326
chr19	35430364	rs4806155
chr19	35430795	rs8107905
chr19	35431535	rs10404099
chr19	35432476	rs7254596
chr19	35432956	rs11084813
chr19	35433855	rs2312305
chr19	35435318	rs12327821
chr19	35436251	rs7252554
chr19	35437664	rs17304632
chr19	35438398	rs8113778
chr19	35445102	rs8101851
chr19	35446135	rs10412382
chr19	35448632	rs12971516
chr19	35449385	rs2074056
chr19	35452867	rs756971
chr19	35453473	rs7259244
chr19	35458692	rs2158007
chr19	35463739	rs7253076
chr19	35464785	rs8108116
chr19	35465112	rs10419824
chr19	35465488	rs11668636
chr19	35467775	rs10417830
chr19	35467963	rs8107636
chr19	35472292	rs7248666
chr19	35473980	rs12981682
chr19	35475682	rs17705416
chr19	35476522	rs926026
chr19	35478242	rs11880530
chr19	35478887	rs8102875
chr19	35483300	rs8111522
chr19	35483753	rs7248005
chr19	35484665	rs17705450
chr19	35485019	rs1005948
chr19	35486407	rs6510490
chr19	35487397	rs7976
chr19	35487556	rs17638216
chr19	35487675	rs2293690
chr19	35488270	rs11084815
chr19	35488562	rs10407971
chr19	35489930	rs1007568
chr19	35490804	rs12459329
chr19	35492835	rs10407008
chr19	35493819	rs9973222
chr19	35497092	rs11671004
chr19	35497399	rs16970417
chr19	35497846	rs8108861
chr19	35497892	rs11880364
chr19	35499509	rs2293694
chr19	35500471	rs2293695
chr19	35505478	rs2293700
chr19	35506461	rs6510492
chr19	35508589	rs7245699
chr19	35512819	rs7254211
chr19	35513060	rs7247001
chr19	35513204	rs4806163
chr19	35513269	rs12460932
chr19	35516367	rs4805127
chr19	35519356	rs7253270
chr19	35520976	rs886133
chr19	35521182	rs2106446
chr19	35521717	rs11084820
chr19	35522553	rs16970487
chr19	35522961	rs13345681
chr19	35523716	rs3815018
chr19	35525296	rs2285513
chr19	35529739	rs1029387
chr19	35532546	rs12150953
chr19	35532830	rs12151182
chr19	35532903	rs12151019
chr19	35533840	rs17705657
chr19	35539546	rs2239942
chr19	35540496	rs11882238
chr19	35542558	rs2239945
chr19	35547319	rs759996
chr19	35547488	rs7599
chr19	35550128	rs2733744
chr19	35551305	rs2301617
chr19	35554501	rs2733737
chr19	35554870	rs2733739
chr19	35556055	rs12609727
chr19	35556196	rs10416513
chr19	35556472	rs11084823
chr19	35565351	rs11882733
chr19	35567872	rs12973004
chr19	35570950	rs17638474
chr19	35576717	rs11084824
chr19	35578593	rs8112614
chr19	35578730	rs1033330
chr19	35584351	rs12981130
chr19	35587180	rs12984019
chr19	35588017	rs16970555
chr19	35588802	rs756783
chr19	35589034	rs739453
chr19	35593436	rs8101766
chr19	35594456	rs8106239
chr19	35596765	rs4806178
chr19	35597044	rs1544332
chr19	35606395	rs4805131
chr19	35606426	rs10410294
chr19	35612615	rs8110747
chr19	35615006	rs7249516
chr19	35615435	rs3814983
chr19	35617825	rs16970586
chr19	35622557	rs2285413
chr19	35623176	rs17705854
chr19	35626525	rs1989801
chr19	35628387	rs10415370
chr19	35631539	rs2285415
chr19	35632501	rs2239914
chr19	35633274	rs8106576
chr19	35637393	rs2285416
chr19	35638086	rs1858844
chr19	35638314	rs12162245
chr19	35639050	rs8100735
chr19	35643306	rs2285419
chr19	35645547	rs3761093
chr19	35647577	rs6510502
chr19	35648270	rs10420252
chr19	35656413	rs7254601
chr19	35658859	rs4806187
chr19	35663012	rs2311871
chr19	35665686	rs2267584
chr19	35666265	rs10422762
chr19	35668466	rs2267586
chr19	35669932	rs10401695
chr19	35674556	rs9973289
chr19	35677970	rs2285420
chr19	35678383	rs11882996
chr19	35682635	rs7252243
chr19	35683274	rs4806192
chr19	35690144	rs12151356
chr19	35692712	rs7257917
chr19	35697227	rs17776834
chr19	35709498	rs4806197
chr19	35712142	rs2234360
chr19	35713525	rs35729071
chr19	35713788	rs107068
chr19	35715148	rs2227278
chr19	35717440	rs12981566
chr19	35722559	rs11084828
chr19	35725155	rs3848662
chr19	35726432	rs16970648
chr19	35727056	rs3787051
chr19	35728308	rs231592
chr19	35728624	rs8106959
chr19	35731956	rs16970649
chr19	35734072	rs17776911
chr19	35734719	rs3848663
chr19	35735098	rs2280743
chr19	35738053	rs2242522
chr19	35739273	rs12459634
chr19	35741519	rs2871921
chr19	35745219	rs231597
chr19	35750059	rs173003
chr19	35750155	rs11667696
chr19	35754512	rs231241
chr19	35757765	rs231238
chr19	35758620	rs231237
chr19	35759358	rs107878
chr19	35759745	rs7254581
chr19	35760425	rs179570
chr19	35762416	rs807479
chr19	35766070	rs10419971
chr19	35766587	rs11084829
chr19	35768390	rs11881839
chr19	35769209	rs231214
chr19	35771026	rs10420134
chr19	35773002	rs807481
chr19	35774606	rs807485
chr19	35776875	rs231226
chr19	35777165	rs231227
chr19	35777569	rs12982672
chr19	35777869	rs231228
chr19	35778021	rs807491
chr19	35779013	rs231230
chr19	35779150	rs231231
chr19	35780237	rs231233
chr19	35782632	rs2291067
chr19	35785865	rs120960
chr19	35791641	rs231236
chr19	35792945	rs11881242
chr19	35795632	rs2619200
chr19	35800075	rs3761097
chr19	35800203	rs3761096
chr19	35803677	rs401522
chr19	35804473	rs11671781
chr19	35807183	rs3761086
chr19	35812019	rs12462360
chr19	35812034	rs28563032
chr19	35818419	rs12610011
chr19	35818616	rs41426049
chr19	35819173	rs7248909
chr19	35828804	rs11084831
chr19	35831008	rs731934
chr19	35831368	rs2071327
chr19	35831699	rs4806213
chr19	35833422	rs10409299
chr19	35843517	rs437168
chr19	35848161	rs392702
chr19	35851310	rs3814995
chr19	35852007	rs401824
chr19	35855049	rs443186
chr19	35858850	rs404299
chr19	35867661	rs230260
chr19	35870188	rs376240
chr19	35872568	rs230261
chr19	35873987	rs230262
chr19	35875083	rs172985
chr19	35877146	rs16970737
chr19	35879109	rs2227909
chr19	35879321	rs11084834
chr19	35879450	rs2871778
chr19	35881665	rs11881451
chr19	35881758	rs11880909
chr19	35882465	rs16970742
chr19	35883487	rs9749492
chr19	35886985	rs11084835
chr19	35887073	rs11880466
chr19	35887097	rs7258909
chr19	35889648	rs879407
chr19	35895026	rs7251879
chr19	35896979	rs8113704
chr19	35897978	rs6510512
chr19	35901453	rs7254113
chr19	35902284	rs11878547
chr19	35903776	rs8106495
chr19	35904544	rs1802029
chr19	35905035	rs8113524
chr19	35905132	rs8110231
chr19	35906543	rs7260613
chr19	35907997	rs3817624
chr19	35909329	rs17549173
chr19	35911312	rs11880785
chr19	35915900	rs7249567
chr19	35931736	rs909135
chr19	35935765	rs7257789
chr19	35937806	rs11882386
chr19	35943234	rs12972746
chr19	35945794	rs7256952
chr19	35946714	rs7245383
chr19	35946909	rs7247769
chr19	35948396	rs4806237
chr19	35950714	rs7246541
chr19	35951215	rs7247246
chr19	35952581	rs17720345
chr19	35953097	rs1109231
chr19	35953461	rs17706323
chr19	35968334	rs8105993
chr19	35974125	rs7254830
chr19	35976692	rs1005194
chr19	35976830	rs9807812
chr19	35980934	rs12462868
chr19	35982775	rs4806245
chr19	35986953	rs12460721
chr19	35989772	rs7248046
chr19	35992930	rs4805149
chr19	35996857	rs16970794
chr19	36005219	rs10469279
chr19	36007513	rs2073893
chr19	36008271	rs2285424
chr19	36010543	rs2073894
chr19	36017490	rs2073896
chr19	36023554	rs16970797
chr19	36024189	rs4806248
chr19	36026832	rs2073897
chr19	36028863	rs10406862
chr19	36029863	rs17639286
chr19	36033088	rs7247057
chr19	36033380	rs12981654
chr19	36039526	rs34250145
chr19	36040011	rs3810449
chr19	36046036	rs7258807
chr19	36047057	rs1009381
chr19	36052511	rs7250448
chr19	36056628	rs9989683
chr19	36056717	rs8103569
chr19	36067211	rs12608517
chr19	36072155	rs2023865
chr19	36072518	rs7257383
chr19	36072847	rs7245762
chr19	36073751	rs11669890
chr19	36078108	rs2871649
chr19	36081662	rs7246292
chr19	36083459	rs8105294
chr19	36083573	rs1016994
chr19	36083896	rs757223
chr19	36088406	rs10422055
chr19	36088714	rs2051800
chr19	36090734	rs3826995
chr19	36091368	rs2301736
chr19	36092332	rs7250473
chr19	36094002	rs2301737
chr19	36095874	rs1548505
chr19	36099427	rs2285745
chr19	36101850	rs2311004
chr19	36109065	rs4806276
chr19	36111195	rs2075472
chr19	36111548	rs2075473
chr19	36114892	rs2231568
chr19	36118888	rs10425700
chr19	36119288	rs4555271
chr19	36120359	rs2239509
chr19	36121324	rs2072606
chr19	36127624	rs4806280
chr19	36128490	rs12981698
chr19	36130741	rs12977802
chr19	36133457	rs12984982
chr19	36136888	rs10410162
chr19	36137561	rs7251374
chr19	36144337	rs17884776
chr19	36145742	rs17882184
chr19	36146491	rs4806281
chr19	36146712	rs6510524
chr19	36149417	rs7255180
chr19	36149740	rs17879464
chr19	36149862	rs1049339
chr19	36150661	rs17887018
chr19	36152793	rs753420
chr19	36160597	rs7253228
chr19	36161283	rs11665903
chr19	36170987	rs11084849
chr19	36175265	rs2112971
chr19	36175394	rs6510526
chr19	36177030	rs10426507
chr19	36179396	rs11672374
chr19	36181426	rs16960884
chr19	36181481	rs10418139
chr19	36182398	rs16970932
chr19	36183403	rs4805162
chr19	36184163	rs17639574
chr19	36193764	rs6510528
chr19	36194408	rs2287897
chr19	36194414	rs2287898
chr19	36194788	rs8102020
chr19	36194851	rs7259854
chr19	36203536	rs2310857
chr19	36208586	rs10416925
chr19	36209252	rs8111860
chr19	36215731	rs2438514
chr19	36216120	rs12459704
chr19	36221754	rs2432045
chr19	36222554	rs10407850
chr19	36223004	rs2910681
chr19	36229044	rs2432053
chr19	36229488	rs2438517
chr19	36229550	rs2432054
chr19	36230466	rs2432055
chr19	36231930	rs10416742
chr19	36236463	rs2070132
chr19	36240058	rs2972540
chr19	36246363	rs2918384
chr19	36248165	rs2972533
chr19	36250821	rs2918325
chr19	36255323	rs2972527
chr19	36258756	rs2972549
chr19	36258902	rs2972548
chr19	36261319	rs2972544
chr19	36267237	rs12971293
chr19	36267592	rs7253462
chr19	36267829	rs7255170
chr19	36267995	rs4806292
chr19	36317449	rs2967484
chr19	36322595	rs2967490
chr19	36323956	rs2967491
chr19	36334556	rs2857
chr19	36337315	rs1129376
chr19	36343282	rs34386841
chr19	36357555	rs12976232
chr19	36357702	rs12974922
chr19	36359320	rs4133047
chr19	36365349	rs2967506
chr19	36365477	rs2945945
chr19	36367183	rs12462725
chr19	36368042	rs11084857
chr19	36379726	rs2945972
chr19	36382240	rs2945993
chr19	36385941	rs8111845
chr19	36386029	rs2385799
chr19	36390674	rs6417185
chr19	36391926	rs2967517
chr19	36392542	rs2945961
chr19	36395478	rs2967518
chr19	36406035	rs2967521
chr19	36409876	rs2271842
chr19	36410108	rs2271844
chr19	36411317	rs17206379
chr19	36412360	rs2945989
chr19	36420098	rs2385801
chr19	36423269	rs2945985
chr19	36424129	rs2945983
chr19	36426656	rs2967520
chr19	36435108	rs7247705
chr19	36439619	rs1878926
chr19	36448670	rs2385797
chr19	36449858	rs2967532
chr19	36450063	rs2912441
chr19	36459269	rs9676958
chr19	36465208	rs2912420
chr19	36472735	rs2967539
chr19	36473474	rs2967540
chr19	36473879	rs2912422
chr19	36474174	rs10421862
chr19	36476936	rs4806328
chr19	36487282	rs2891868
chr19	36488475	rs2945946
chr19	36490316	rs2967473
chr19	36496623	rs9967600
chr19	36504953	rs2967432
chr19	36514036	rs2967505
chr19	36519650	rs2945988
chr19	36523170	rs2945979
chr19	36524985	rs10421461
chr19	36525423	rs2967449
chr19	36526894	rs17707014
chr19	36527300	rs17707021
chr19	36527378	rs17707033
chr19	36528840	rs8108848
chr19	36533868	rs2912437
chr19	36535541	rs2912438
chr19	36536168	rs12984401
chr19	36536315	rs2967465
chr19	36536602	rs2945965
chr19	36543680	rs2385655
chr19	36547190	rs2278168
chr19	36547514	rs10424565
chr19	36548167	rs2912444
chr19	36549111	rs2912446
chr19	36556570	rs2967436
chr19	36557215	rs3096616
chr19	36558388	rs2912401
chr19	36559658	rs2912402
chr19	36559880	rs3108548
chr19	36564149	rs9676627
chr19	36565428	rs3108580
chr19	36566381	rs12972864
chr19	36573067	rs3096617
chr19	36573130	rs3745779
chr19	36573338	rs2967442
chr19	36573365	rs3096618
chr19	36577333	rs3108598
chr19	36579341	rs3096620
chr19	36580737	rs2967470
chr19	36586270	rs12977285
chr19	36595743	rs2967437
chr19	36598063	rs3096628
chr19	36601633	rs2967459
chr19	36603533	rs1035777
chr19	36609348	rs2162296
chr19	36612327	rs2033077
chr19	36612479	rs12973571
chr19	36612709	rs2385642
chr19	36616549	rs3096631
chr19	36616837	rs3096632
chr19	36624673	rs3096636
chr19	36626400	rs3108171
chr19	36632693	rs3108167
chr19	36643166	rs3108609
chr19	36643835	rs10419469
chr19	36646644	rs3108612
chr19	36652155	rs11084861
chr19	36653090	rs3108543
chr19	36655792	rs3108210
chr19	36656737	rs7254978
chr19	36659737	rs3108196
chr19	36662749	rs3108545
chr19	36664015	rs3108546
chr19	36666699	rs7248477
chr19	36669627	rs10402182
chr19	36669677	rs3108549
chr19	36671223	rs3108551
chr19	36672984	rs3108552
chr19	36673751	rs3108166
chr19	36680300	rs3108207
chr19	36687445	rs7259256
chr19	36687627	rs3108191
chr19	36688221	rs3108558
chr19	36689395	rs17272386
chr19	36691769	rs3108559
chr19	36693749	rs3108561
chr19	36696838	rs3108181
chr19	36704617	rs8108985
chr19	36708348	rs1525133
chr19	36710385	rs1357879
chr19	36710432	rs8105266
chr19	36711412	rs3108214
chr19	36712347	rs1830031
chr19	36718096	rs3108578
chr19	36726535	rs3108581
chr19	36730933	rs3108582
chr19	36740532	rs3108221
chr19	36741345	rs3108589
chr19	36750239	rs1673082
chr19	36750879	rs2462576
chr19	36756570	rs826969
chr19	36758248	rs826972
chr19	36758291	rs826973
chr19	36766290	rs1227818
chr19	36766615	rs1227820
chr19	36773066	rs2290681
chr19	36773115	rs1673086
chr19	36773288	rs1673087
chr19	36773432	rs2245366
chr19	36794285	rs1726702
chr19	36794468	rs1726703
chr19	36794491	rs8107274
chr19	36806429	rs11670106
chr19	36808526	rs10420413
chr19	36809652	rs826965
chr19	36830493	rs1302670
chr19	36834924	rs12982205
chr19	36835382	rs2431776
chr19	36835990	rs1227589
chr19	36838403	rs1148399
chr19	36839711	rs1144540
chr19	36840514	rs11882245
chr19	36840712	rs1144539
chr19	36847962	rs486221
chr19	36848064	rs485256
chr19	36859954	rs526426
chr19	36860659	rs553981
chr19	36862889	rs1035441
chr19	36866387	rs506463
chr19	36875146	rs493482
chr19	36876230	rs826278
chr19	36880830	rs502110
chr19	36883364	rs477725
chr19	36884377	rs10403306
chr19	36884598	rs510834
chr19	36885240	rs577093
chr19	36892992	rs10403877
chr19	36893875	rs10426229
chr19	36895309	rs543518
chr19	36898568	rs7250197
chr19	36898897	rs4805189
chr19	36903127	rs16971771
chr19	36904004	rs16971772
chr19	36906399	rs9304878
chr19	36911566	rs10401212
chr19	36912322	rs10408951
chr19	36916312	rs4805190
chr19	36919260	rs573294
chr19	36921985	rs538649
chr19	36928540	rs826262
chr19	36931320	rs484001
chr19	36931900	rs510757
chr19	36936977	rs551717
chr19	36937563	rs10416960
chr19	36946204	rs11880782
chr19	36949461	rs17242235
chr19	36950209	rs571294
chr19	36950463	rs547483
chr19	36951078	rs1644634
chr19	36951176	rs4806380
chr19	36952024	rs10411931
chr19	36952681	rs826304
chr19	36952723	rs826305
chr19	36963095	rs569371
chr19	36963217	rs474017
chr19	36965001	rs7251087
chr19	36965503	rs523979
chr19	36967811	rs472226
chr19	36970948	rs17707101
chr19	36973473	rs1624087
chr19	36974273	rs1375476
chr19	36976227	rs17639910
chr19	36976610	rs1667337
chr19	36981269	rs1016216
chr19	36982340	rs1623097
chr19	36984584	rs1644666
chr19	36985159	rs1644670
chr19	36986199	rs2595545
chr19	36986248	rs1644672
chr19	36986738	rs1612652
chr19	36987809	rs1644673
chr19	36990251	rs1667353
chr19	36991249	rs1667354
chr19	36992542	rs10421415
chr19	36996730	rs935706
chr19	36996821	rs935707
chr19	36997153	rs10405238
chr19	37004493	rs11667146
chr19	37012881	rs8104919
chr19	37012997	rs8106386
chr19	37019357	rs2562587
chr19	37025184	rs8108214
chr19	37025318	rs2562598
chr19	37025472	rs2562599
chr19	37031291	rs10414107
chr19	37037567	rs2385412
chr19	37043437	rs7246473
chr19	37043447	rs7245453
chr19	37056317	rs7248948
chr19	37065771	rs12327654
chr19	37072309	rs12151313
chr19	37078466	rs7252518
chr19	37085648	rs10424841
chr19	37088726	rs7257135
chr19	37089513	rs7245882
chr19	37091302	rs8102196
chr19	37093748	rs4254428
chr19	37097849	rs4806407
chr19	37102194	rs8109501
chr19	37106493	rs6510588
chr19	37114439	rs10419174
chr19	37115015	rs7258360
chr19	37124104	rs7260599
chr19	37126707	rs10416428
chr19	37133186	rs6510591
chr19	37136211	rs4239587
chr19	37138189	rs12984458
chr19	37141975	rs1879497
chr19	37147886	rs4806414
chr19	37151263	rs1047333
chr19	37154556	rs16972024
chr19	37155843	rs16972028
chr19	37164074	rs1533736
chr19	37173136	rs7258808
chr19	37175073	rs7256746
chr19	37179567	rs11084878
chr19	37179746	rs10425441
chr19	37182831	rs4805207
chr19	37183357	rs4805208
chr19	37192098	rs1148395
chr19	37194064	rs11673344
chr19	37196051	rs10411176
chr19	37199096	rs12459637
chr19	37202536	rs320887
chr19	37213198	rs320890
chr19	37214443	rs320891
chr19	37220754	rs17304779
chr19	37222082	rs172786
chr19	37225709	rs10406612
chr19	37226455	rs1234256
chr19	37230070	rs1234261
chr19	37230200	rs860386
chr19	37235531	rs320880
chr19	37237100	rs862234
chr19	37243986	rs1657508
chr19	37246948	rs320881
chr19	37256206	rs7246657
chr19	37256322	rs12971925
chr19	37262337	rs2460950
chr19	37303822	rs12982333
chr19	37305409	rs7408736
chr19	37305989	rs11672330
chr19	37306676	rs12462708
chr19	37327927	rs7258692
chr19	37327956	rs7258912
chr19	37332909	rs1530500
chr19	37339897	rs11668709
chr19	37344756	rs2305115
chr19	37346685	rs10417844
chr19	37347108	rs2972597
chr19	37347491	rs10424574
chr19	37348009	rs1373991
chr19	37348262	rs10405407
chr19	37351833	rs10417503
chr19	37354602	rs9304566
chr19	37361570	rs4417644
chr19	37363138	rs2921563
chr19	37363333	rs3745765
chr19	37363678	rs3745764
chr19	37364586	rs256744
chr19	37367758	rs256739
chr19	37370959	rs10405064
chr19	37373780	rs4803229
chr19	37374463	rs713256
chr19	37377650	rs16979502
chr19	37384729	rs256733
chr19	37387954	rs3826849
chr19	37388687	rs4452075
chr19	37390654	rs10404920
chr19	37395428	rs2385181
chr19	37402398	rs1035479
chr19	37403334	rs10422074
chr19	37403566	rs10422527
chr19	37416890	rs10407084
chr19	37417045	rs10406177
chr19	37418568	rs12462271
chr19	37423780	rs7252346
chr19	37426790	rs10409204
chr19	37427707	rs7254009
chr19	37429335	rs2891699
chr19	37431454	rs2385180
chr19	37433057	rs8109806
chr19	37441228	rs13343471
chr19	37442939	rs7255972
chr19	37445123	rs2303131
chr19	37445356	rs8103087
chr19	37449425	rs2112923
chr19	37449975	rs8108739
chr19	37454137	rs2161520
chr19	37454699	rs3760825
chr19	37455278	rs1015849
chr19	37457005	rs1968251
chr19	37459351	rs10419281
chr19	37460812	rs7245717
chr19	37464083	rs4801759
chr19	37469913	rs2617789
chr19	37471390	rs13343502
chr19	37473798	rs2081096
chr19	37475759	rs1236810
chr19	37476021	rs4801803
chr19	37476312	rs7253091
chr19	37478794	rs12974525
chr19	37486707	rs1382357
chr19	37493748	rs12461941
chr19	37494520	rs8108650
chr19	37494551	rs8108658
chr19	37497823	rs7253114
chr19	37502735	rs11083424
chr19	37503209	rs8109103
chr19	37505459	rs7248733
chr19	37507050	rs2291004
chr19	37509566	rs6508732
chr19	37513580	rs8099935
chr19	37517960	rs7251097
chr19	37524807	rs8109038
chr19	37533369	rs12977460
chr19	37533465	rs2279149
chr19	37539101	rs2199644
chr19	37539780	rs1038084
chr19	37542772	rs4803216
chr19	37543024	rs2291002
chr19	37543820	rs10417204
chr19	37545052	rs10404031
chr19	37545823	rs10406379
chr19	37550319	rs1564208
chr19	37551912	rs17303902
chr19	37552358	rs4803228
chr19	37561291	rs4802024
chr19	37566604	rs8101610
chr19	37568380	rs2045909
chr19	37570855	rs6508736
chr19	37576988	rs12151280
chr19	37582366	rs10153500
chr19	37583693	rs17245425
chr19	37586199	rs3829688
chr19	37586573	rs2306201
chr19	37587011	rs13744
chr19	37587779	rs10403173
chr19	37593066	rs11083428
chr19	37594431	rs2291001
chr19	37600882	rs7260079
chr19	37608799	rs6508738
chr19	37610406	rs12460230
chr19	37618400	rs4802066
chr19	37618621	rs11879149
chr19	37625364	rs1116234
chr19	37632892	rs7254170
chr19	37633334	rs16958863
chr19	37641433	rs2927743
chr19	37647986	rs2290999
chr19	37650065	rs2927740
chr19	37660841	rs35153242
chr19	37665669	rs2927746
chr19	37668629	rs2927747
chr19	37676463	rs2909102
chr19	37677005	rs2909105
chr19	37677070	rs11672077
chr19	37678012	rs2972448
chr19	37678454	rs2909109
chr19	37685647	rs2909088
chr19	37685941	rs35205379
chr19	37688255	rs12979640
chr19	37691732	rs11083432
chr19	37692214	rs7259272
chr19	37692489	rs2160640
chr19	37693361	rs17246792
chr19	37697751	rs2287229
chr19	37698539	rs958305
chr19	37701120	rs968073
chr19	37708561	rs2909093
chr19	37710811	rs7253081
chr19	37711100	rs7249622
chr19	37713347	rs2909098
chr19	37716731	rs11668434
chr19	37718400	rs11083433
chr19	37719108	rs16975299
chr19	37719550	rs17306508
chr19	37719610	rs2972437
chr19	37719946	rs2972438
chr19	37721680	rs2972439
chr19	37728340	rs12972712
chr19	37732266	rs4482404
chr19	37734108	rs11668558
chr19	37738477	rs1291
chr19	37739025	rs11666245
chr19	37749458	rs12974225
chr19	37756356	rs7254828
chr19	37760016	rs856299
chr19	37760318	rs11672440
chr19	37766056	rs241932
chr19	37768442	rs856302
chr19	37770270	rs856304
chr19	37779346	rs17306900
chr19	37784218	rs7245855
chr19	37792486	rs241959
chr19	37793344	rs7246147
chr19	37793649	rs241960
chr19	37794226	rs10409402
chr19	37794471	rs10409487
chr19	37801729	rs3910952
chr19	37802847	rs8101752
chr19	37803323	rs241935
chr19	37811943	rs241944
chr19	37813148	rs17248097
chr19	37815073	rs11878269
chr19	37817264	rs241942
chr19	37820020	rs241937
chr19	37822462	rs8110293
chr19	37826748	rs1119229
chr19	37828564	rs4803524
chr19	37829257	rs17248670
chr19	37829899	rs10420891
chr19	37830174	rs16975930
chr19	37830998	rs10402530
chr19	37833390	rs2068431
chr19	37833426	rs4803528
chr19	37834024	rs11879180
chr19	37845806	rs4802132
chr19	37847097	rs8102579
chr19	37862652	rs11668384
chr19	37863479	rs6508747
chr19	37865240	rs17249138
chr19	37872152	rs10426712
chr19	37875055	rs7254809
chr19	37879860	rs7245957
chr19	37882838	rs7250821
chr19	37886924	rs7253969
chr19	37891688	rs953370
chr19	37897194	rs7343065
chr19	37906573	rs10404567
chr19	37906914	rs7247965
chr19	37908821	rs4803551
chr19	37912459	rs8105305
chr19	37920450	rs8108434
chr19	37925174	rs4802150
chr19	37928238	rs7250409
chr19	37935396	rs705494
chr19	37936345	rs705495
chr19	37936457	rs705496
chr19	37947865	rs705493
chr19	37948054	rs705491
chr19	37950496	rs17249336
chr19	37954304	rs353407
chr19	37954346	rs7258011
chr19	37955448	rs353402
chr19	37956470	rs1725494
chr19	37966183	rs1643470
chr19	37970157	rs7257838
chr19	37970567	rs7258680
chr19	37970589	rs1725482
chr19	37973622	rs11666497
chr19	37973772	rs1725477
chr19	37977701	rs1643461
chr19	37982082	rs6508755
chr19	37983420	rs833915
chr19	37984446	rs10422365
chr19	37984735	rs833912
chr19	37985533	rs1643459
chr19	37987640	rs833910
chr19	37987825	rs8110367
chr19	37994584	rs833905
chr19	37994825	rs833904
chr19	37995552	rs860627
chr19	37998454	rs10408169
chr19	38001351	rs1725501
chr19	38010757	rs833922
chr19	38014397	rs17309382
chr19	38019616	rs833935
chr19	38023678	rs705503
chr19	38024077	rs729083
chr19	38024640	rs16979230
chr19	38027829	rs1421675
chr19	38030888	rs7508583
chr19	38031552	rs6508757
chr19	38033648	rs1654345
chr19	38033972	rs733128
chr19	38034165	rs12971338
chr19	38035158	rs855605
chr19	38035543	rs8110656
chr19	38040482	rs6508758
chr19	38042875	rs17349787
chr19	38049348	rs734204
chr19	38052254	rs1618385
chr19	38056239	rs1725504
chr19	38060419	rs10413751
chr19	38061439	rs1725475
chr19	38061798	rs7249265
chr19	38061979	rs8103597
chr19	38062194	rs1654349
chr19	38064085	rs1654351
chr19	38065202	rs1725510
chr19	38069570	rs855601
chr19	38078998	rs1725461
chr19	38086797	rs1614979
chr19	38087386	rs1725489
chr19	38089704	rs855640
chr19	38091743	rs855641
chr19	38093732	rs1725474
chr19	38096081	rs1654365
chr19	38096823	rs12462587
chr19	38098224	rs1654366
chr19	38111574	rs16979801
chr19	38114474	rs941039
chr19	38114796	rs3852911
chr19	38120081	rs705507
chr19	38122353	rs863020
chr19	38122714	rs860623
chr19	38129102	rs855614
chr19	38135468	rs4803801
chr19	38136640	rs754123
chr19	38138387	rs9941467
chr19	38138603	rs11671853
chr19	38139520	rs8111180
chr19	38142112	rs8107385
chr19	38142519	rs2304132
chr19	38152166	rs332847
chr19	38153311	rs332849
chr19	38162353	rs332864
chr19	38162457	rs332863
chr19	38163911	rs4802256
chr19	38166490	rs332860
chr19	38173220	rs4803828
chr19	38184051	rs332841
chr19	38200641	rs4802278
chr19	38202665	rs4803862
chr19	38203410	rs7245461
chr19	38204479	rs1836006
chr19	38205648	rs11668067
chr19	38206074	rs10419131
chr19	38206414	rs3745946
chr19	38206600	rs12982415
chr19	38212137	rs2288906
chr19	38214597	rs7255990
chr19	38216349	rs2278431
chr19	38218330	rs2384780
chr19	38222928	rs2278434
chr19	38226738	rs7253473
chr19	38233990	rs8100697
chr19	38234776	rs12610482
chr19	38244840	rs8102454
chr19	38244973	rs8102476
chr19	38252206	rs12983492
chr19	38252951	rs10993
chr19	38253322	rs12976534
chr19	38254093	rs12610267
chr19	38258273	rs11668070
chr19	38262985	rs7250689
chr19	38263146	rs7253245
chr19	38265224	rs3786870
chr19	38267150	rs3786873
chr19	38268302	rs3786874
chr19	38270523	rs12610791
chr19	38272365	rs10048529
chr19	38272500	rs41465446
chr19	38274432	rs8101725
chr19	38275182	rs12610606
chr19	38280535	rs870218
chr19	38281841	rs12611009
chr19	38282338	rs7259936
chr19	38282882	rs3826896
chr19	38283326	rs2060243
chr19	38286797	rs8100926
chr19	38287977	rs8104823
chr19	38294277	rs4802323
chr19	38294454	rs4802324
chr19	38294678	rs6508781
chr19	38302005	rs2891602
chr19	38302679	rs4802327
chr19	38303728	rs35710536
chr19	38304110	rs3816044
chr19	38304255	rs2304176
chr19	38304519	rs2304177
chr19	38306549	rs4312417
chr19	38307446	rs3178327
chr19	38309525	rs3900981
chr19	38309536	rs11556992
chr19	38311773	rs11672531
chr19	38313578	rs11881305
chr19	38316544	rs3843754
chr19	38320513	rs11878707
chr19	38326846	rs3745951
chr19	38328111	rs931750
chr19	38328285	rs931749
chr19	38330401	rs8106900
chr19	38330834	rs4386247
chr19	38331057	rs12609247
chr19	38333704	rs11673222
chr19	38333941	rs8112211
chr19	38346137	rs4804034
chr19	38349092	rs4804046
chr19	38349499	rs2270094
chr19	38350256	rs2270095
chr19	38356791	rs2286475
chr19	38358156	rs4802351
chr19	38359790	rs1060455
chr19	38360119	rs2286476
chr19	38363019	rs11666449
chr19	38366445	rs12459746
chr19	38368403	rs11880532
chr19	38370459	rs2286549
chr19	38370693	rs1052375
chr19	38370722	rs2286550
chr19	38376299	rs2302226
chr19	38380542	rs2072350
chr19	38381695	rs2074981
chr19	38381896	rs2074982
chr19	38381994	rs3760884
chr19	38382138	rs1131182
chr19	38384188	rs2286551
chr19	38384842	rs11083454
chr19	38387283	rs7248540
chr19	38387393	rs7248780
chr19	38392141	rs12609878
chr19	38398072	rs8108440
chr19	38398998	rs11538289
chr19	38403310	rs3745960
chr19	38404189	rs12459066
chr19	38405604	rs3745962
chr19	38405655	rs3745963
chr19	38408908	rs3745964
chr19	38409438	rs4802400
chr19	38411806	rs1079162
chr19	38412459	rs4075613
chr19	38415043	rs10412098
chr19	38415152	rs12462583
chr19	38416945	rs3810342
chr19	38418999	rs12609246
chr19	38419755	rs8111290
chr19	38422124	rs892055
chr19	38426455	rs17640544
chr19	38426611	rs8103619
chr19	38429568	rs7247301
chr19	38429742	rs2043299
chr19	38432967	rs8107027
chr19	38434174	rs919781
chr19	38436676	rs4802437
chr19	38443265	rs16972602
chr19	38444619	rs892054
chr19	38445308	rs10407327
chr19	38446196	rs7253151
chr19	38450959	rs4802467
chr19	38451608	rs3745844
chr19	38454762	rs8104269
chr19	38455211	rs7254832
chr19	38455542	rs2288888
chr19	38457716	rs2071085
chr19	38459089	rs4802474
chr19	38460307	rs2304147
chr19	38462469	rs4802481
chr19	38463356	rs2304148
chr19	38464943	rs2304150
chr19	38466163	rs2228069
chr19	38466199	rs2228070
chr19	38468556	rs7258075
chr19	38469040	rs11083462
chr19	38473885	rs16972639
chr19	38477976	rs7259341
chr19	38484656	rs10409638
chr19	38485537	rs16972651
chr19	38489953	rs11880126
chr19	38490363	rs17708009
chr19	38490644	rs2228068
chr19	38490899	rs11880894
chr19	38491143	rs11882818
chr19	38499705	rs2229147
chr19	38500903	rs2071088
chr19	38501538	rs2163823
chr19	38503436	rs4802515
chr19	38504270	rs2229144
chr19	38504593	rs2915950
chr19	38504798	rs2960340
chr19	38504870	rs2915951
chr19	38506181	rs2915955
chr19	38506350	rs2229146
chr19	38509900	rs2960333
chr19	38509922	rs2960334
chr19	38511500	rs2960336
chr19	38511974	rs2960337
chr19	38512051	rs2960338
chr19	38512085	rs2071089
chr19	38519383	rs2229145
chr19	38523544	rs3786829
chr19	38524814	rs2071090
chr19	38525980	rs1568191
chr19	38527640	rs2960354
chr19	38531266	rs7246912
chr19	38534701	rs4802583
chr19	38538547	rs17722057
chr19	38538561	rs11881082
chr19	38539705	rs4802589
chr19	38541422	rs7245673
chr19	38544196	rs2292801
chr19	38544630	rs3786830
chr19	38547614	rs2960350
chr19	38549544	rs7249859
chr19	38557523	rs2960321
chr19	38562642	rs2907616
chr19	38563051	rs2960339
chr19	38569598	rs6508808
chr19	38578001	rs1468571
chr19	38582511	rs6508809
chr19	38584752	rs10408694
chr19	38587934	rs10404936
chr19	38593893	rs4802618
chr19	38595600	rs2287737
chr19	38595940	rs17847683
chr19	38597010	rs8101811
chr19	38600393	rs1978443
chr19	38607037	rs10413936
chr19	38609954	rs2287734
chr19	38610048	rs13345914
chr19	38610097	rs13345885
chr19	38611029	rs2287733
chr19	38611230	rs2287732
chr19	38611239	rs2287731
chr19	38613735	rs750438
chr19	38613810	rs750437
chr19	38616284	rs2303041
chr19	38619011	rs2232992
chr19	38619335	rs2232997
chr19	38622222	rs2368477
chr19	38624912	rs888994
chr19	38628854	rs12976749
chr19	38632283	rs1862371
chr19	38636094	rs12977469
chr19	38643178	rs9304576
chr19	38645234	rs12052046
chr19	38647968	rs2303040
chr19	38648308	rs10424568
chr19	38651334	rs732135
chr19	38651689	rs752067
chr19	38652649	rs13344413
chr19	38653604	rs979971
chr19	38659559	rs7351086
chr19	38659595	rs10415219
chr19	38662268	rs12984247
chr19	38662404	rs16972767
chr19	38665498	rs888995
chr19	38671590	rs6508813
chr19	38676720	rs755690
chr19	38681580	rs8103530
chr19	38683692	rs973009
chr19	38684029	rs2112650
chr19	38689294	rs11083473
chr19	38691925	rs3786839
chr19	38696310	rs10426809
chr19	38699106	rs749701
chr19	38699255	rs749702
chr19	38699948	rs4802747
chr19	38701580	rs3786844
chr19	38704918	rs2287728
chr19	38705445	rs17589359
chr19	38706096	rs11553600
chr19	38706105	rs3745859
chr19	38711141	rs2279144
chr19	38715648	rs883433
chr19	38720321	rs1564203
chr19	38724693	rs3786851
chr19	38730655	rs1060186
chr19	38733077	rs12978914
chr19	38733773	rs4801861
chr19	38740908	rs12972987
chr19	38742506	rs936524
chr19	38747310	rs8107416
chr19	38748537	rs4491650
chr19	38756662	rs10418728
chr19	38759668	rs35335944
chr19	38759697	rs9304578
chr19	38761598	rs2368524
chr19	38764580	rs7250989
chr19	38767470	rs7248584
chr19	38769325	rs8110500
chr19	38769360	rs8111466
chr19	38769830	rs1966961
chr19	38774563	rs2001274
chr19	38775158	rs10853720
chr19	38775649	rs4802817
chr19	38777143	rs6508816
chr19	38787015	rs12151271
chr19	38788882	rs899201
chr19	38788941	rs899202
chr19	38792705	rs12980315
chr19	38793127	rs10424620
chr19	38795624	rs9749397
chr19	38801131	rs10403583
chr19	38804129	rs10775532
chr19	38805468	rs8113319
chr19	38805679	rs4802887
chr19	38806984	rs7250734
chr19	38808722	rs1035525
chr19	38816463	rs2229259
chr19	38818234	rs1078734
chr19	38819008	rs2017784
chr19	38819580	rs889327
chr19	38827366	rs7248208
chr19	38828235	rs28496951
chr19	38828554	rs11671711
chr19	38830320	rs10401746
chr19	38831447	rs9419
chr19	38832397	rs7351057
chr19	38834970	rs11668766
chr19	38838877	rs8111670
chr19	38839418	rs10403012
chr19	38844190	rs2278012
chr19	38844634	rs7255774
chr19	38846325	rs10405685
chr19	38847485	rs862454
chr19	38847502	rs862455
chr19	38848023	rs862456
chr19	38848924	rs11883010
chr19	38850542	rs862458
chr19	38857739	rs2318461
chr19	38864727	rs4488583
chr19	38865036	rs6508822
chr19	38874761	rs8108906
chr19	38875794	rs10424892
chr19	38876259	rs1529713
chr19	38876471	rs1001413
chr19	38877659	rs2318462
chr19	38878358	rs892034
chr19	38878729	rs2015
chr19	38884992	rs11880757
chr19	38888164	rs9941448
chr19	38889266	rs11879029
chr19	38889390	rs11667030
chr19	38891191	rs7251489
chr19	38894892	rs10410544
chr19	38897076	rs4802998
chr19	38897202	rs11575003
chr19	38897279	rs10405150
chr19	38900907	rs4803006
chr19	38901177	rs12979755
chr19	38904691	rs11879872
chr19	38906009	rs3136641
chr19	38907991	rs3136644
chr19	38908009	rs3136645
chr19	38908637	rs3136646
chr19	38914160	rs4803027
chr19	38914919	rs12985277
chr19	38917720	rs7508411
chr19	38918596	rs11083489
chr19	38919479	rs2099339
chr19	38925769	rs751941
chr19	38926326	rs4803045
chr19	38930748	rs730078
chr19	38931064	rs2304115
chr19	38931180	rs2304116
chr19	38933469	rs1808662
chr19	38934113	rs6508825
chr19	38934526	rs8108375
chr19	38935082	rs6508826
chr19	38942659	rs8113389
chr19	38944845	rs10416055
chr19	38951974	rs7246128
chr19	38953777	rs11083490
chr19	38956479	rs10412049
chr19	38958771	rs10402813
chr19	38958873	rs10401843
chr19	38962592	rs12151267
chr19	38964639	rs12977030
chr19	38964894	rs12151188
chr19	38968722	rs934421
chr19	38974521	rs7253187
chr19	38979246	rs672685
chr19	38981463	rs10426860
chr19	38982393	rs7250349
chr19	38983523	rs10415667
chr19	38986163	rs12461981
chr19	38990844	rs649150
chr19	38991044	rs650027
chr19	38991476	rs482342
chr19	38992029	rs17795157
chr19	38992910	rs678885
chr19	38993441	rs498586
chr19	38999119	rs1268240
chr19	39002370	rs7259473
chr19	39007558	rs10410965
chr19	39010910	rs12610248
chr19	39016794	rs8105813
chr19	39020138	rs2318896
chr19	39022056	rs12982349
chr19	39024204	rs6508841
chr19	39025016	rs536244
chr19	39025299	rs533573
chr19	39026060	rs11667641
chr19	39026422	rs8109914
chr19	39027635	rs674440
chr19	39032444	rs7259801
chr19	39035141	rs1840748
chr19	39035272	rs1840745
chr19	39036284	rs11083502
chr19	39037563	rs8104751
chr19	39038292	rs10417436
chr19	39039372	rs10424632
chr19	39041109	rs1869983
chr19	39043114	rs473878
chr19	39043179	rs601966
chr19	39043297	rs472104
chr19	39045045	rs4803193
chr19	39045076	rs523943
chr19	39046063	rs662202
chr19	39046814	rs1627631
chr19	39047255	rs572764
chr19	39047412	rs678772
chr19	39047952	rs7250431
chr19	39051449	rs7259197
chr19	39051944	rs10426382
chr19	39053594	rs930100
chr19	39058160	rs2318898
chr19	39059013	rs7259682
chr19	39061510	rs4803197
chr19	39061582	rs4802015
chr19	39062981	rs10417561
chr19	39063560	rs608846
chr19	39064401	rs383991
chr19	39069167	rs576261
chr19	39073571	rs423058
chr19	39081314	rs582963
chr19	39081349	rs692294
chr19	39083211	rs481802
chr19	39083278	rs691114
chr19	39085110	rs8111996
chr19	39086724	rs7250361
chr19	39090097	rs472265
chr19	39092058	rs10409017
chr19	39092520	rs1654245
chr19	39094093	rs8112664
chr19	39098363	rs563873
chr19	39101108	rs11673089
chr19	39101498	rs691273
chr19	39101692	rs11083505
chr19	39103192	rs7247078
chr19	39109332	rs1672661
chr19	39115242	rs692364
chr19	39120940	rs8106486
chr19	39121063	rs8106725
chr19	39125881	rs4803206
chr19	39126812	rs12609418
chr19	39129077	rs11083508
chr19	39132206	rs692191
chr19	39132612	rs11669124
chr19	39137410	rs1549927
chr19	39139895	rs17722300
chr19	39141045	rs17795295
chr19	39141240	rs11879341
chr19	39147399	rs11878648
chr19	39150506	rs513053
chr19	39151229	rs11672886
chr19	39152089	rs12984418
chr19	39160190	rs879689
chr19	39163277	rs529336
chr19	39165761	rs691577
chr19	39172267	rs7257109
chr19	39176327	rs1529712
chr19	39183394	rs17641276
chr19	39187438	rs9676717
chr19	39188739	rs8111473
chr19	39191488	rs12976040
chr19	39193075	rs8106521
chr19	39194224	rs892016
chr19	39194269	rs892015
chr19	39196035	rs2319156
chr19	39196952	rs12462614
chr19	39198175	rs12610064
chr19	39198261	rs12610093
chr19	39207334	rs11083515
chr19	39209665	rs11882959
chr19	39213530	rs7250925
chr19	39217471	rs6508849
chr19	39220195	rs11878983
chr19	39220263	rs11879005
chr19	39221497	rs12975799
chr19	39223991	rs9676843
chr19	39237028	rs11673485
chr19	39241107	rs12972991
chr19	39241143	rs12980275
chr19	39243580	rs4803217
chr19	39252122	rs8109886
chr19	39252525	rs8099917
chr19	39254056	rs16973285
chr19	39255579	rs4803223
chr19	39262180	rs12980602
chr19	39271150	rs11671087
chr19	39273073	rs7359953
chr19	39273125	rs7359950
chr19	39277576	rs11665818
chr19	39284601	rs7343134
chr19	39287744	rs503355
chr19	39287913	rs588408
chr19	39293422	rs8107455
chr19	39293432	rs8108392
chr19	39293512	rs8107861
chr19	39293922	rs8108057
chr19	39295237	rs7246851
chr19	39295379	rs7247086
chr19	39295459	rs7247097
chr19	39298475	rs30461
chr19	39301820	rs194014
chr19	39316357	rs39587
chr19	39316584	rs40469
chr19	39323213	rs8108034
chr19	39324317	rs12980978
chr19	39325212	rs251912
chr19	39326460	rs194016
chr19	39327751	rs251896
chr19	39329162	rs28668750
chr19	39330440	rs34615060
chr19	39335839	rs3786949
chr19	39335957	rs251905
chr19	39344529	rs1368442
chr19	39348555	rs8102889
chr19	39352983	rs30455
chr19	39353536	rs30454
chr19	39354904	rs30453
chr19	39355688	rs16973342
chr19	39356492	rs11669586
chr19	39359149	rs562638
chr19	39359315	rs6508860
chr19	39359462	rs685125
chr19	39360342	rs1375910
chr19	39362887	rs11666780
chr19	39365606	rs12972575
chr19	39366778	rs3865515
chr19	39370874	rs36264
chr19	39372241	rs36265
chr19	39379163	rs36268
chr19	39384305	rs36270
chr19	39387366	rs40441
chr19	39389023	rs40353
chr19	39389371	rs2074852
chr19	39394277	rs7256692
chr19	39395172	rs11665711
chr19	39395537	rs10402122
chr19	39395556	rs10403504
chr19	39395578	rs1629174
chr19	39397809	rs519575
chr19	39399051	rs10425594
chr19	39400521	rs10414216
chr19	39400579	rs10412877
chr19	39408537	rs17885410
chr19	39410971	rs11083522
chr19	39411699	rs35686858
chr19	39412448	rs16973403
chr19	39415585	rs2277742
chr19	39416087	rs8110127
chr19	39416396	rs2277743
chr19	39417141	rs10402009
chr19	39419074	rs3900716
chr19	39422918	rs16973407
chr19	39422994	rs10407035
chr19	39423668	rs31725
chr19	39424108	rs31726
chr19	39424997	rs31727
chr19	39428898	rs251857
chr19	39433489	rs566130
chr19	39434414	rs484379
chr19	39434777	rs481421
chr19	39435417	rs564577
chr19	39436185	rs651601
chr19	39436900	rs530411
chr19	39440391	rs4390710
chr19	39445377	rs1865092
chr19	39445494	rs1865093
chr19	39445862	rs1932
chr19	39446053	rs2116932
chr19	39449351	rs4803238
chr19	39451929	rs8107194
chr19	39458139	rs11881477
chr19	39459124	rs1529733
chr19	39460446	rs2009970
chr19	39464875	rs2304216
chr19	39464893	rs2304217
chr19	39465151	rs1560730
chr19	39465606	rs12985456
chr19	39466390	rs4802030
chr19	39468879	rs2304218
chr19	39475036	rs12972773
chr19	39481623	rs2288933
chr19	39482384	rs11882744
chr19	39483463	rs2288934
chr19	39486044	rs4803246
chr19	39486094	rs4803247
chr19	39486329	rs1865094
chr19	39486533	rs8112528
chr19	39489290	rs4802032
chr19	39489326	rs4802033
chr19	39495365	rs10425652
chr19	39497524	rs3786950
chr19	39500563	rs2304222
chr19	39503383	rs3786951
chr19	39503873	rs733699
chr19	39504071	rs1110627
chr19	39504755	rs958728
chr19	39505387	rs2304214
chr19	39506832	rs3212276
chr19	39509435	rs10412931
chr19	39513104	rs7257526
chr19	39514000	rs4803254
chr19	39517478	rs8102247
chr19	39517580	rs12461523
chr19	39518826	rs28596775
chr19	39519043	rs4802034
chr19	39520924	rs28612323
chr19	39523303	rs4803256
chr19	39524603	rs10418049
chr19	39530529	rs34637108
chr19	39531119	rs17795475
chr19	39531163	rs17641508
chr19	39533684	rs1368468
chr19	39534557	rs7246072
chr19	39535606	rs28535763
chr19	39535754	rs28605012
chr19	39536209	rs4803258
chr19	39536396	rs12610751
chr19	39538746	rs12608613
chr19	39539030	rs8101913
chr19	39540064	rs7252027
chr19	39540729	rs34856311
chr19	39547651	rs12611125
chr19	39553995	rs8100675
chr19	39556223	rs7257553
chr19	39556691	rs2004268
chr19	39556946	rs2082483
chr19	39557560	rs8101134
chr19	39557754	rs7247184
chr19	39557767	rs2354225
chr19	39562234	rs8100412
chr19	39565655	rs8182614
chr19	39570654	rs1433110
chr19	39570710	rs10408621
chr19	39572437	rs4803260
chr19	39575925	rs7248933
chr19	39581454	rs1991831
chr19	39583225	rs1433106
chr19	39583318	rs1836011
chr19	39584170	rs1836013
chr19	39584670	rs6508870
chr19	39584817	rs6508871
chr19	39587791	rs17641650
chr19	39588295	rs12609035
chr19	39588425	rs604777
chr19	39588478	rs12610488
chr19	39589817	rs621097
chr19	39595962	rs6508877
chr19	39596001	rs6508878
chr19	39597213	rs7251429
chr19	39602687	rs3764844
chr19	39607050	rs17795657
chr19	39609490	rs12980535
chr19	39609812	rs12981089
chr19	39615748	rs10414890
chr19	39625408	rs10424351
chr19	39625630	rs8182613
chr19	39626871	rs7247678
chr19	39630808	rs8104520
chr19	39637212	rs886843
chr19	39638561	rs3842958
chr19	39640073	rs6508892
chr19	39641180	rs717348
chr19	39642185	rs2270028
chr19	39642798	rs1156816
chr19	39644272	rs7258527
chr19	39644978	rs17709116
chr19	39656563	rs1860133
chr19	39660840	rs993983
chr19	39661982	rs6508899
chr19	39671379	rs8100045
chr19	39672601	rs8103355
chr19	39677292	rs12977382
chr19	39678199	rs12463262
chr19	39678688	rs12463334
chr19	39678724	rs12985687
chr19	39679413	rs8103033
chr19	39679463	rs11083532
chr19	39682862	rs1126158
chr19	39683479	rs1126159
chr19	39683596	rs7258833
chr19	39684048	rs7259169
chr19	39684070	rs7259291
chr19	39685189	rs7251304
chr19	39686196	rs4803286
chr19	39686277	rs16973566
chr19	39686401	rs16973568
chr19	39691955	rs6508902
chr19	39694129	rs8104035
chr19	39696703	rs3810398
chr19	39698328	rs3826923
chr19	39704127	rs16973576
chr19	39705542	rs3786939
chr19	39707284	rs4830
chr19	39708845	rs3922304
chr19	39709868	rs10409279
chr19	39710127	rs7249368
chr19	39711776	rs10410864
chr19	39721479	rs718798
chr19	39726141	rs8110945
chr19	39727154	rs385563
chr19	39728304	rs1034867
chr19	39728922	rs439881
chr19	39729210	rs440334
chr19	39730727	rs428007
chr19	39731003	rs440191
chr19	39733472	rs373449
chr19	39734247	rs391660
chr19	39735006	rs17608
chr19	39735143	rs10402365
chr19	39735217	rs372081
chr19	39737223	rs378917
chr19	39738239	rs2074928
chr19	39738331	rs390406
chr19	39738389	rs375688
chr19	39739227	rs7248113
chr19	39742855	rs2355335
chr19	39744368	rs10421474
chr19	39746049	rs10402500
chr19	39746720	rs10409161
chr19	39748136	rs12610904
chr19	39749394	rs11666249
chr19	39752470	rs11667879
chr19	39755050	rs7248018
chr19	39755436	rs11878990
chr19	39755747	rs11879130
chr19	39757978	rs6508905
chr19	39758269	rs978671
chr19	39758520	rs8102355
chr19	39762371	rs10424019
chr19	39765688	rs1972537
chr19	39766448	rs2354477
chr19	39766476	rs3810389
chr19	39768702	rs7253451
chr19	39769710	rs10424162
chr19	39773273	rs10412547
chr19	39774098	rs2190846
chr19	39775069	rs4803294
chr19	39775244	rs10426810
chr19	39776047	rs3922314
chr19	39776071	rs1155506
chr19	39778833	rs12463156
chr19	39782176	rs10518261
chr19	39782682	rs998973
chr19	39782776	rs12162264
chr19	39787962	rs2354476
chr19	39798185	rs4803296
chr19	39804313	rs758219
chr19	39806198	rs2354471
chr19	39810011	rs12976359
chr19	39810826	rs12984263
chr19	39811529	rs1017078
chr19	39811659	rs1017079
chr19	39812806	rs10414733
chr19	39813400	rs12460804
chr19	39813794	rs10500281
chr19	39815926	rs3810386
chr19	39816064	rs3810385
chr19	39818665	rs3810384
chr19	39819857	rs7253739
chr19	39822574	rs10422280
chr19	39824762	rs3810383
chr19	39830884	rs7247063
chr19	39831200	rs718066
chr19	39834376	rs2072290
chr19	39835000	rs11880094
chr19	39835040	rs11083539
chr19	39836672	rs3760924
chr19	39837687	rs649908
chr19	39837975	rs616650
chr19	39838838	rs7259470
chr19	39843331	rs7250408
chr19	39844079	rs17709688
chr19	39844397	rs12975624
chr19	39847548	rs12972914
chr19	39847566	rs12986299
chr19	39848283	rs17709725
chr19	39848453	rs3760928
chr19	39854008	rs12609590
chr19	39855278	rs7507534
chr19	39855820	rs2354796
chr19	39856102	rs2110230
chr19	39856395	rs1001974
chr19	39857018	rs6508915
chr19	39857193	rs2110231
chr19	39860041	rs7251846
chr19	39860089	rs7252868
chr19	39862135	rs9676677
chr19	39863427	rs2405
chr19	39864715	rs6508916
chr19	39865370	rs12973873
chr19	39866378	rs8111909
chr19	39866420	rs887803
chr19	39866483	rs887804
chr19	39866523	rs887805
chr19	39866607	rs887806
chr19	39867043	rs759120
chr19	39867457	rs759122
chr19	39868916	rs7252463
chr19	39869190	rs6508917
chr19	39870288	rs1053686
chr19	39870472	rs3760931
chr19	39871933	rs10422312
chr19	39907575	rs7256902
chr19	39911014	rs10422645
chr19	39913651	rs12459958
chr19	39914180	rs12460562
chr19	39916671	rs4803313
chr19	39917174	rs10401972
chr19	39921996	rs7252127
chr19	39927135	rs34466648
chr19	39934157	rs2355720
chr19	39935117	rs7249890
chr19	39935335	rs3760923
chr19	39936651	rs3760920
chr19	39937086	rs3760919
chr19	39938375	rs8109323
chr19	39940233	rs12052060
chr19	39941114	rs11879271
chr19	39941350	rs8106269
chr19	39941933	rs8109718
chr19	39942592	rs8110709
chr19	39944141	rs2231738
chr19	39952818	rs234337
chr19	39953591	rs2542325
chr19	39961769	rs234346
chr19	39962076	rs234348
chr19	39968701	rs234363
chr19	39970735	rs234368
chr19	39970830	rs234369
chr19	39971558	rs234370
chr19	39975016	rs371500
chr19	39980229	rs234341
chr19	39983563	rs8105066
chr19	39997012	rs234324
chr19	39997036	rs234325
chr19	40012084	rs234309
chr19	40014624	rs7255186
chr19	40023312	rs234353
chr19	40024036	rs234355
chr19	40024649	rs234357
chr19	40028730	rs17796901
chr19	40036831	rs234338
chr19	40044860	rs7249286
chr19	40048059	rs170900
chr19	40049267	rs234329
chr19	40055268	rs459091
chr19	40056479	rs426950
chr19	40063644	rs4577216
chr19	40073561	rs421533
chr19	40074519	rs399405
chr19	40085275	rs337799
chr19	40090300	rs24136
chr19	40090895	rs7260610
chr19	40093696	rs337789
chr19	40094631	rs337792
chr19	40094774	rs7259136
chr19	40104068	rs2767604
chr19	40104128	rs2569650
chr19	40105246	rs2767607
chr19	40120376	rs1327185
chr19	40120917	rs2915972
chr19	40121602	rs1327189
chr19	40131708	rs10402038
chr19	40135887	rs17761603
chr19	40144095	rs16974093
chr19	40150298	rs6508931
chr19	40151602	rs11882490
chr19	40152670	rs10424773
chr19	40160017	rs474481
chr19	40161784	rs533318
chr19	40175480	rs535840
chr19	40180106	rs591445
chr19	40180159	rs533015
chr19	40182948	rs339512
chr19	40182988	rs339513
chr19	40183673	rs339515
chr19	40185725	rs339520
chr19	40191154	rs339526
chr19	40199453	rs35601972
chr19	40205303	rs13346024
chr19	40205426	rs892117
chr19	40210745	rs34894858
chr19	40213169	rs1129156
chr19	40213503	rs3746006
chr19	40220429	rs4802070
chr19	40222129	rs4239504
chr19	40222510	rs2304184
chr19	40223028	rs2304185
chr19	40225464	rs934426
chr19	40225584	rs4490099
chr19	40226038	rs874269
chr19	40233606	rs33933140
chr19	40233814	rs2304186
chr19	40236198	rs2304188
chr19	40237318	rs4803320
chr19	40238790	rs3730051
chr19	40250008	rs7247515
chr19	40253753	rs892120
chr19	40254165	rs892119
chr19	40255305	rs3730256
chr19	40265075	rs3730050
chr19	40266674	rs4558508
chr19	40267017	rs16974157
chr19	40268346	rs892118
chr19	40270501	rs8111561
chr19	40272270	rs11671439
chr19	40272959	rs969531
chr19	40274418	rs1991823
chr19	40276036	rs7260517
chr19	40277326	rs7250897
chr19	40279872	rs7259541
chr19	40280616	rs8102171
chr19	40282734	rs11880261
chr19	40285605	rs7254617
chr19	40291202	rs9304588
chr19	40294381	rs10418932
chr19	40299190	rs10415181
chr19	40308106	rs4273150
chr19	40310623	rs7247916
chr19	40313981	rs2368575
chr19	40317680	rs4803325
chr19	40318064	rs7508604
chr19	40318381	rs4479364
chr19	40318658	rs8112998
chr19	40319000	rs4499338
chr19	40320217	rs890773
chr19	40320424	rs8106701
chr19	40323306	rs4257318
chr19	40326124	rs8103643
chr19	40327563	rs16974196
chr19	40329791	rs7248861
chr19	40330965	rs11668242
chr19	40333757	rs8103796
chr19	40335601	rs12151335
chr19	40335973	rs11668006
chr19	40336622	rs3745195
chr19	40337220	rs6508937
chr19	40341665	rs3745196
chr19	40345164	rs4502340
chr19	40347585	rs7249146
chr19	40348894	rs10422343
chr19	40349348	rs8110888
chr19	40355817	rs4490097
chr19	40356374	rs7507651
chr19	40356965	rs12151243
chr19	40357584	rs3760636
chr19	40357935	rs8110995
chr19	40358321	rs10422945
chr19	40361727	rs11672825
chr19	40363275	rs10407447
chr19	40366127	rs4254419
chr19	40367057	rs7258698
chr19	40367435	rs11083555
chr19	40371377	rs4803329
chr19	40374220	rs4803330
chr19	40379164	rs2278227
chr19	40381086	rs11670988
chr19	40385031	rs1968359
chr19	40385074	rs1968358
chr19	40395589	rs268673
chr19	40395697	rs268672
chr19	40398695	rs744389
chr19	40401501	rs1981958
chr19	40401632	rs1981957
chr19	40403914	rs2613842
chr19	40405004	rs3947852
chr19	40407632	rs16974263
chr19	40417468	rs268662
chr19	40420075	rs4803336
chr19	40420773	rs7251635
chr19	40423037	rs4150992
chr19	40423456	rs268687
chr19	40424670	rs4150990
chr19	40425810	rs166539
chr19	40433758	rs12459578
chr19	40437876	rs34033973
chr19	40440938	rs1058041
chr19	40441541	rs2887292
chr19	40441844	rs35314597
chr19	40442295	rs3745205
chr19	40443765	rs268691
chr19	40446241	rs35926932
chr19	40448155	rs12459890
chr19	40450971	rs2169275
chr19	40451827	rs34288924
chr19	40457233	rs268693
chr19	40457390	rs268692
chr19	40458405	rs1061197
chr19	40459443	rs28608147
chr19	40462935	rs4802078
chr19	40463296	rs2613843
chr19	40469575	rs10411033
chr19	40472962	rs4306639
chr19	40475291	rs35754989
chr19	40476468	rs4803342
chr19	40479096	rs12462773
chr19	40480657	rs10401458
chr19	40481439	rs10407864
chr19	40485856	rs7252109
chr19	40488237	rs7256439
chr19	40492205	rs7258710
chr19	40493486	rs35155565
chr19	40495194	rs11672523
chr19	40496014	rs10414006
chr19	40498086	rs2445884
chr19	40498168	rs17656487
chr19	40498229	rs814537
chr19	40500519	rs17656504
chr19	40502142	rs814526
chr19	40506283	rs7258094
chr19	40508913	rs814527
chr19	40509015	rs814528
chr19	40510665	rs814530
chr19	40511563	rs11670812
chr19	40517604	rs10413521
chr19	40517694	rs10413556
chr19	40521296	rs814540
chr19	40527202	rs10410907
chr19	40529005	rs1461008
chr19	40529782	rs1461009
chr19	40532667	rs814501
chr19	40534427	rs1165858
chr19	40535200	rs814500
chr19	40541454	rs12982298
chr19	40542682	rs8102847
chr19	40550886	rs843777
chr19	40552896	rs4332846
chr19	40554710	rs2242131
chr19	40555577	rs814504
chr19	40557521	rs1675401
chr19	40570084	rs1165838
chr19	40571595	rs1165840
chr19	40571985	rs8101070
chr19	40576962	rs16974365
chr19	40577538	rs2290682
chr19	40578787	rs814518
chr19	40578957	rs814519
chr19	40580108	rs450819
chr19	40581585	rs710160
chr19	40581853	rs421739
chr19	40583368	rs11672651
chr19	40584284	rs410101
chr19	40588932	rs393569
chr19	40589912	rs392726
chr19	40590919	rs8106578
chr19	40592273	rs11673027
chr19	40594718	rs35669602
chr19	40598879	rs1864077
chr19	40598954	rs1864074
chr19	40603069	rs10410606
chr19	40603550	rs3786527
chr19	40605163	rs2303729
chr19	40608159	rs2303728
chr19	40609134	rs2604902
chr19	40610960	rs10405930
chr19	40611963	rs1131620
chr19	40612150	rs1051303
chr19	40614471	rs4435368
chr19	40614760	rs3815913
chr19	40616765	rs10403963
chr19	40619026	rs7259067
chr19	40619254	rs7259237
chr19	40621560	rs8107014
chr19	40622257	rs12979249
chr19	40622806	rs7257696
chr19	40625032	rs12610819
chr19	40635529	rs7254268
chr19	40641182	rs2561567
chr19	40643739	rs2561563
chr19	40651035	rs7247247
chr19	40653288	rs4803352
chr19	40659347	rs7259265
chr19	40661049	rs10411347
chr19	40661816	rs2604860
chr19	40662291	rs2561554
chr19	40663613	rs2561553
chr19	40667467	rs12975396
chr19	40669244	rs11083565
chr19	40670498	rs2250994
chr19	40674782	rs2561547
chr19	40679357	rs12609191
chr19	40680974	rs2561545
chr19	40681534	rs2561543
chr19	40683186	rs2561542
chr19	40683628	rs2561540
chr19	40686512	rs10401344
chr19	40687675	rs2561537
chr19	40689374	rs2604879
chr19	40694606	rs2604882
chr19	40696706	rs8105009
chr19	40699634	rs3865451
chr19	40700303	rs2246095
chr19	40700850	rs2604885
chr19	40702223	rs2561534
chr19	40703076	rs2288451
chr19	40703572	rs11538385
chr19	40705151	rs3865452
chr19	40712706	rs2604913
chr19	40714624	rs11673492
chr19	40716014	rs2561531
chr19	40718409	rs2561530
chr19	40718993	rs7257602
chr19	40721201	rs7251246
chr19	40722063	rs890934
chr19	40722724	rs11668501
chr19	40725090	rs2303723
chr19	40725261	rs7253502
chr19	40727393	rs7248570
chr19	40729215	rs10420685
chr19	40733471	rs8112781
chr19	40734407	rs7248468
chr19	40738982	rs2607420
chr19	40739117	rs11083566
chr19	40742104	rs3745213
chr19	40743603	rs3745216
chr19	40745275	rs2369302
chr19	40749863	rs4802088
chr19	40749984	rs2254326
chr19	40750015	rs4803364
chr19	40750226	rs1870087
chr19	40750470	rs1869710
chr19	40750614	rs1870086
chr19	40751141	rs1455434
chr19	40751491	rs2607418
chr19	40751911	rs2604874
chr19	40754926	rs2607416
chr19	40760574	rs11665867
chr19	40761224	rs2607414
chr19	40763171	rs2305797
chr19	40763383	rs2279011
chr19	40763460	rs4803365
chr19	40763576	rs2249854
chr19	40763861	rs2249835
chr19	40764150	rs17713068
chr19	40765199	rs13108
chr19	40768808	rs2607426
chr19	40769242	rs2607424
chr19	40772115	rs10425480
chr19	40775111	rs2233152
chr19	40775441	rs2233154
chr19	40775795	rs2233156
chr19	40777788	rs2604869
chr19	40779968	rs4803367
chr19	40781700	rs17726258
chr19	40783851	rs2287692
chr19	40785214	rs17726276
chr19	40789954	rs7245595
chr19	40793110	rs2644898
chr19	40796801	rs7937
chr19	40799625	rs34406232
chr19	40799835	rs11881124
chr19	40803306	rs2644916
chr19	40803335	rs11666504
chr19	40804666	rs3733829
chr19	40804704	rs3733828
chr19	40810075	rs4803369
chr19	40810450	rs41530251
chr19	40812401	rs11083567
chr19	40813211	rs11083568
chr19	40815467	rs4803372
chr19	40818779	rs2545771
chr19	40822460	rs11879672
chr19	40827346	rs2644890
chr19	40827379	rs11878604
chr19	40830890	rs11670760
chr19	40832018	rs11879413
chr19	40832930	rs2258314
chr19	40835684	rs7251418
chr19	40845091	rs8192729
chr19	40845362	rs28399454
chr19	40850846	rs10418304
chr19	40856268	rs10422346
chr19	40857396	rs4001921
chr19	40857860	rs8102683
chr19	40857993	rs8105704
chr19	40859023	rs7256108
chr19	40859190	rs7255443
chr19	40866570	rs7247903
chr19	40873243	rs7247532
chr19	40877894	rs3869579
chr19	40886249	rs3875159
chr19	40886980	rs10521014
chr19	40887855	rs5007415
chr19	40888431	rs10411264
chr19	40891465	rs3852870
chr19	40891756	rs8103444
chr19	40893894	rs11880938
chr19	40893982	rs12609982
chr19	40896674	rs6508953
chr19	40897420	rs7252852
chr19	40898291	rs10419393
chr19	40900057	rs4803400
chr19	40900506	rs17726493
chr19	40901438	rs7254188
chr19	40905329	rs8109507
chr19	40907037	rs4803403
chr19	40910238	rs3852872
chr19	40913748	rs7252748
chr19	40920519	rs4001941
chr19	40921301	rs10406801
chr19	40925252	rs12459860
chr19	40926030	rs3844443
chr19	40927638	rs12151139
chr19	40927708	rs4609955
chr19	40928026	rs3843043
chr19	40928142	rs3844444
chr19	40929831	rs7255901
chr19	40934109	rs12985721
chr19	40942699	rs12611133
chr19	40943698	rs4124633
chr19	40945671	rs4062238
chr19	40950960	rs4803408
chr19	40953336	rs3889806
chr19	40954513	rs7256675
chr19	40954716	rs8109818
chr19	40957688	rs4803411
chr19	40959225	rs10417579
chr19	40961840	rs10406402
chr19	40963159	rs1017384
chr19	40973404	rs1104854
chr19	40976837	rs7251950
chr19	40982879	rs8105382
chr19	40983543	rs1808682
chr19	40989334	rs1962261
chr19	40989528	rs3760657
chr19	40989728	rs12721652
chr19	40989850	rs2054675
chr19	40991369	rs8192709
chr19	40992443	rs2099361
chr19	40992828	rs6508963
chr19	40993189	rs16974794
chr19	40994084	rs2014141
chr19	40994152	rs8192711
chr19	40994308	rs8100458
chr19	40994395	rs8192712
chr19	40994688	rs4803415
chr19	40995811	rs1872125
chr19	40996617	rs8101756
chr19	40996697	rs6508964
chr19	40997555	rs7250745
chr19	40998172	rs16974799
chr19	41002115	rs4803417
chr19	41002537	rs10500282
chr19	41002839	rs11672911
chr19	41006936	rs3745274
chr19	41008447	rs8113196
chr19	41009578	rs2279344
chr19	41009797	rs2279345
chr19	41009909	rs8192718
chr19	41010277	rs2306606
chr19	41011783	rs6508965
chr19	41012508	rs12721656
chr19	41012868	rs8192719
chr19	41014237	rs11882450
chr19	41014939	rs11673270
chr19	41015733	rs7260329
chr19	41016034	rs10853744
chr19	41016546	rs2291287
chr19	41018182	rs707265
chr19	41018248	rs1042389
chr19	41020047	rs1552223
chr19	41023115	rs7255904
chr19	41025463	rs11666982
chr19	41025751	rs7249735
chr19	41025800	rs3745275
chr19	41026010	rs3745277
chr19	41026221	rs7255146
chr19	41029098	rs17799912
chr19	41031793	rs17726963
chr19	41031963	rs10409701
chr19	41032319	rs7250597
chr19	41038859	rs10416388
chr19	41039043	rs7257645
chr19	41042185	rs11672352
chr19	41049978	rs7251532
chr19	41052366	rs16974674
chr19	41054399	rs7254075
chr19	41056831	rs12460494
chr19	41057791	rs1114979
chr19	41058512	rs12978001
chr19	41065999	rs7245443
chr19	41066470	rs11673698
chr19	41068218	rs11672085
chr19	41069487	rs7343168
chr19	41081392	rs305998
chr19	41083010	rs305996
chr19	41083913	rs7254343
chr19	41092863	rs1645693
chr19	41093418	rs17713907
chr19	41094149	rs16974961
chr19	41096565	rs1709084
chr19	41096608	rs1645696
chr19	41096841	rs1709086
chr19	41111242	rs1709112
chr19	41113670	rs1709115
chr19	41113846	rs1709114
chr19	41114505	rs1645712
chr19	41114514	rs2287940
chr19	41116284	rs305968
chr19	41116710	rs12975986
chr19	41122772	rs305975
chr19	41130732	rs7256466
chr19	41131134	rs12984866
chr19	41131314	rs10426454
chr19	41132424	rs10408019
chr19	41136975	rs7247759
chr19	41137161	rs1709128
chr19	41137475	rs1709127
chr19	41137939	rs1631931
chr19	41138627	rs1423684
chr19	41140709	rs305946
chr19	41147964	rs4803436
chr19	41157969	rs8101139
chr19	41159139	rs11671185
chr19	41161368	rs1645684
chr19	41162098	rs1645685
chr19	41164676	rs2458634
chr19	41167943	rs8105815
chr19	41169257	rs305959
chr19	41174519	rs305954
chr19	41189899	rs8109640
chr19	41192785	rs7249554
chr19	41194438	rs338600
chr19	41195623	rs338598
chr19	41196521	rs338596
chr19	41197755	rs338594
chr19	41198050	rs184623
chr19	41198399	rs338593
chr19	41201189	rs1628289
chr19	41205850	rs338586
chr19	41205910	rs338585
chr19	41206519	rs338583
chr19	41210366	rs168109
chr19	41213946	rs1709138
chr19	41215926	rs16975079
chr19	41217982	rs8101017
chr19	41218915	rs2301236
chr19	41221292	rs2271546
chr19	41226518	rs12462203
chr19	41228154	rs4802111
chr19	41228586	rs11669668
chr19	41228655	rs4803448
chr19	41228761	rs4803449
chr19	41232091	rs7246525
chr19	41232307	rs7246896
chr19	41234990	rs4802113
chr19	41242848	rs2304234
chr19	41248312	rs11882467
chr19	41250133	rs12978323
chr19	41250180	rs17251589
chr19	41251001	rs12459996
chr19	41254128	rs7250883
chr19	41256620	rs2304232
chr19	41256765	rs2304231
chr19	41259324	rs12980267
chr19	41259502	rs4591267
chr19	41261390	rs1051008
chr19	41262082	rs1946612
chr19	41263199	rs3760659
chr19	41267892	rs3816052
chr19	41268159	rs2304230
chr19	41279377	rs3745295
chr19	41290567	rs12327659
chr19	41291194	rs10421990
chr19	41292206	rs3752705
chr19	41292755	rs12974420
chr19	41293570	rs2053086
chr19	41298750	rs12980480
chr19	41301795	rs7248164
chr19	41304090	rs1056854
chr19	41304739	rs7245398
chr19	41307108	rs10826
chr19	41308507	rs1865053
chr19	41309808	rs12984160
chr19	41317081	rs8109627
chr19	41317262	rs8109167
chr19	41318980	rs1865051
chr19	41321215	rs7257310
chr19	41323701	rs2241718
chr19	41324701	rs6957
chr19	41325602	rs12985162
chr19	41327262	rs10417924
chr19	41328594	rs12983047
chr19	41332301	rs8179181
chr19	41333726	rs8105161
chr19	41339896	rs11466338
chr19	41339967	rs8110090
chr19	41341955	rs1800472
chr19	41345604	rs4803455
chr19	41349011	rs11466321
chr19	41350981	rs2241715
chr19	41354391	rs1800469
chr19	41355454	rs4803457
chr19	41355953	rs11466310
chr19	41356348	rs11666933
chr19	41359738	rs11083616
chr19	41363487	rs2241714
chr19	41376807	rs1046909
chr19	41377293	rs1529717
chr19	41383843	rs12602
chr19	41384098	rs3745290
chr19	41391769	rs878082
chr19	41397315	rs10853751
chr19	41398260	rs3810174
chr19	41398491	rs3810175
chr19	41403378	rs8108664
chr19	41407526	rs11670757
chr19	41411355	rs11879090
chr19	41412149	rs4803464
chr19	41412253	rs4803465
chr19	41413044	rs11880539
chr19	41414860	rs10409485
chr19	41417409	rs1473248
chr19	41422747	rs284652
chr19	41422796	rs284653
chr19	41424491	rs4674
chr19	41426215	rs284661
chr19	41426370	rs284662
chr19	41426707	rs284663
chr19	41431190	rs17318596
chr19	41432303	rs2231944
chr19	41432317	rs2231943
chr19	41438332	rs2231940
chr19	41439943	rs13344547
chr19	41441720	rs7260507
chr19	41441730	rs7260605
chr19	41442778	rs11083620
chr19	41443965	rs3745286
chr19	41444392	rs3745285
chr19	41447525	rs10407348
chr19	41448023	rs2316973
chr19	41454806	rs4803470
chr19	41457843	rs4803471
chr19	41477914	rs2005832
chr19	41478220	rs12462093
chr19	41479679	rs11672691
chr19	41479716	rs887391
chr19	41481965	rs8107333
chr19	41483230	rs8111595
chr19	41484417	rs4802119
chr19	41485616	rs758643
chr19	41494458	rs8106419
chr19	41495302	rs2191139
chr19	41500218	rs10418236
chr19	41503757	rs12973063
chr19	41512814	rs12981943
chr19	41513739	rs12610088
chr19	41529356	rs3826716
chr19	41530433	rs16975329
chr19	41531609	rs12462897
chr19	41541562	rs4802122
chr19	41543459	rs7255742
chr19	41547762	rs16975336
chr19	41551655	rs16975338
chr19	41553480	rs11880869
chr19	41555186	rs11881771
chr19	41555937	rs2317314
chr19	41557305	rs7251994
chr19	41559909	rs4803480
chr19	41560186	rs4803481
chr19	41561660	rs10421785
chr19	41564813	rs3745938
chr19	41566244	rs11882144
chr19	41569415	rs10409976
chr19	41572251	rs10406221
chr19	41575555	rs4141218
chr19	41575974	rs7257657
chr19	41576126	rs7257601
chr19	41577321	rs7247842
chr19	41577497	rs714106
chr19	41578809	rs758350
chr19	41579520	rs2302188
chr19	41584810	rs1076362
chr19	41589873	rs2006209
chr19	41590731	rs10414640
chr19	41597146	rs2191240
chr19	41597197	rs2191241
chr19	41597702	rs4803484
chr19	41600012	rs16975393
chr19	41600852	rs1029804
chr19	41609766	rs4090570
chr19	41613927	rs2215324
chr19	41614422	rs6508987
chr19	41624402	rs929502
chr19	41624604	rs929503
chr19	41625819	rs3848568
chr19	41626661	rs3859460
chr19	41626680	rs3909374
chr19	41627285	rs1122493
chr19	41630258	rs1860328
chr19	41630748	rs11882028
chr19	41641109	rs1990301
chr19	41648308	rs2109075
chr19	41648997	rs2016082
chr19	41649532	rs4803495
chr19	41654638	rs8106661
chr19	41667978	rs11083635
chr19	41668514	rs4803498
chr19	41671232	rs2215284
chr19	41678181	rs9304597
chr19	41680677	rs4802126
chr19	41684301	rs8105464
chr19	41684843	rs7251886
chr19	41688906	rs10407999
chr19	41690224	rs17267725
chr19	41691199	rs1001578
chr19	41694640	rs12979109
chr19	41696383	rs7249800
chr19	41698367	rs7251044
chr19	41698441	rs7250848
chr19	41703031	rs7256597
chr19	41703289	rs7257962
chr19	41703706	rs3928916
chr19	41703727	rs3928917
chr19	41707388	rs11673394
chr19	41710995	rs10415940
chr19	41712389	rs7257798
chr19	41716490	rs1593086
chr19	41717082	rs11083637
chr19	41717688	rs7249230
chr19	41724525	rs1115885
chr19	41725256	rs12985771
chr19	41725273	rs13343300
chr19	41729920	rs7252828
chr19	41735258	rs10425443
chr19	41737525	rs4802129
chr19	41737839	rs6508993
chr19	41741653	rs1820184
chr19	41742643	rs10412553
chr19	41746405	rs10415317
chr19	41752698	rs3764577
chr19	41753248	rs11878239
chr19	41754639	rs3764579
chr19	41755151	rs10415946
chr19	41755320	rs3829668
chr19	41756661	rs1805223
chr19	41757812	rs3795018
chr19	41758261	rs8112826
chr19	41758983	rs3795020
chr19	41760741	rs4803508
chr19	41763816	rs8106277
chr19	41766680	rs10408842
chr19	41767097	rs10413359
chr19	41770990	rs10403840
chr19	41771194	rs2701
chr19	41776424	rs10416839
chr19	41790017	rs1076976
chr19	41802009	rs7251154
chr19	41802111	rs7251960
chr19	41802394	rs7251336
chr19	41805642	rs10408367
chr19	41806347	rs10416824
chr19	41808895	rs3752172
chr19	41809519	rs2199829
chr19	41809790	rs734108
chr19	41809883	rs734107
chr19	41811243	rs899662
chr19	41812198	rs8110199
chr19	41812965	rs2199830
chr19	41813618	rs10401928
chr19	41813839	rs10407619
chr19	41818506	rs6508999
chr19	41821154	rs12979253
chr19	41827938	rs1870092
chr19	41833664	rs7408605
chr19	41834712	rs1457144
chr19	41836731	rs8104958
chr19	41837784	rs10404939
chr19	41838245	rs2290695
chr19	41839452	rs3922888
chr19	41841905	rs4803511
chr19	41850561	rs2305809
chr19	41853387	rs4803512
chr19	41854001	rs6509002
chr19	41862159	rs3786539
chr19	41862174	rs3786538
chr19	41863834	rs873282
chr19	41864559	rs12974044
chr19	41864668	rs7254214
chr19	41869228	rs1366610
chr19	41869609	rs2075750
chr19	41869823	rs2075751
chr19	41870766	rs2075752
chr19	41871176	rs2075754
chr19	41873065	rs10417985
chr19	41881402	rs3810153
chr19	41883736	rs891167
chr19	41886253	rs11883018
chr19	41887008	rs11880977
chr19	41889215	rs717225
chr19	41894377	rs12104228
chr19	41899458	rs7253691
chr19	41904274	rs11083640
chr19	41904887	rs2288512
chr19	41912089	rs10417495
chr19	41919599	rs11878555
chr19	41924615	rs1864207
chr19	41925681	rs11665965
chr19	41951688	rs7253563
chr19	41958636	rs1075728
chr19	41959295	rs735571
chr19	41963455	rs12977527
chr19	41966222	rs11878287
chr19	41973158	rs8107107
chr19	41985364	rs2217342
chr19	41996221	rs4803520
chr19	42000353	rs454150
chr19	42016956	rs8099939
chr19	42027033	rs10408650
chr19	42038314	rs899661
chr19	42038683	rs4803522
chr19	42038847	rs4803523
chr19	42045782	rs10407506
chr19	42052137	rs16975660
chr19	42087332	rs1056995
chr19	42089564	rs16975663
chr19	42097160	rs4802131
chr19	42099624	rs1205817
chr19	42104723	rs35863918
chr19	42122055	rs10421547
chr19	42133080	rs3826705
chr19	42134397	rs35822851
chr19	42145287	rs1650497
chr19	42163940	rs12610309
chr19	42168608	rs10500285
chr19	42169445	rs17270169
chr19	42172329	rs1195296
chr19	42179639	rs11880124
chr19	42184535	rs11883412
chr19	42199681	rs2303652
chr19	42200524	rs7253232
chr19	42200799	rs34343924
chr19	42202158	rs16975684
chr19	42206437	rs7248379
chr19	42207872	rs8182491
chr19	42209683	rs3745231
chr19	42229713	rs3745233
chr19	42235462	rs2075087
chr19	42235463	rs2075088
chr19	42236972	rs2302485
chr19	42243077	rs11878620
chr19	42252193	rs4141062
chr19	42274905	rs9636121
chr19	42276701	rs11878959
chr19	42276985	rs10410198
chr19	42277633	rs4803530
chr19	42279203	rs10410698
chr19	42283512	rs3810148
chr19	42289438	rs3826706
chr19	42291402	rs10410185
chr19	42294748	rs10410653
chr19	42294897	rs1052023
chr19	42303169	rs2537697
chr19	42303657	rs2615614
chr19	42306029	rs1676217
chr19	42316378	rs1206009
chr19	42320926	rs13343761
chr19	42348328	rs1676211
chr19	42349630	rs28621009
chr19	42349849	rs1206029
chr19	42351015	rs1206028
chr19	42353293	rs1206027
chr19	42357141	rs1206041
chr19	42358883	rs1206038
chr19	42363395	rs1613100
chr19	42365404	rs1654623
chr19	42366721	rs1206033
chr19	42367144	rs1206032
chr19	42372142	rs851296
chr19	42379812	rs28480505
chr19	42383304	rs13346092
chr19	42383340	rs13346080
chr19	42390329	rs3810147
chr19	42401872	rs36104839
chr19	42402762	rs7246232
chr19	42428547	rs34306641
chr19	42436151	rs11671846
chr19	42436907	rs8110598
chr19	42442961	rs11673645
chr19	42443000	rs11883425
chr19	42453961	rs16975787
chr19	42460553	rs16975799
chr19	42460819	rs11665870
chr19	42467170	rs8110922
chr19	42467456	rs8112156
chr19	42474685	rs7253056
chr19	42476877	rs10405179
chr19	42484691	rs12611218
chr19	42486230	rs8102439
chr19	42500246	rs4802138
chr19	42504967	rs7253634
chr19	42506691	rs16975865
chr19	42509211	rs11666350
chr19	42509242	rs10405906
chr19	42514805	rs6509015
chr19	42521018	rs10402677
chr19	42523667	rs7258854
chr19	42524120	rs11880554
chr19	42526268	rs8107152
chr19	42528409	rs8102519
chr19	42528472	rs8103285
chr19	42528714	rs8105525
chr19	42538670	rs7256850
chr19	42540177	rs6509018
chr19	42542807	rs28660279
chr19	42543192	rs8113448
chr19	42553096	rs11666835
chr19	42559342	rs7253209
chr19	42561968	rs10469285
chr19	42586229	rs7246591
chr19	42586847	rs11878991
chr19	42588353	rs10405410
chr19	42590909	rs9304604
chr19	42601221	rs10410147
chr19	42604482	rs11666425
chr19	42607515	rs10403979
chr19	42625292	rs1859341
chr19	42625777	rs10411165
chr19	42628269	rs7247618
chr19	42635132	rs10402401
chr19	42635369	rs10404509
chr19	42643242	rs10424276
chr19	42645283	rs10413014
chr19	42658455	rs758034
chr19	42660266	rs7255150
chr19	42671142	rs16975986
chr19	42683928	rs11881891
chr19	42688239	rs10403136
chr19	42693429	rs9304608
chr19	42693883	rs10421714
chr19	42696608	rs8105645
chr19	42699355	rs8109696
chr19	42733612	rs4030933
chr19	42739251	rs28673196
chr19	42766413	rs10407639
chr19	42779968	rs10407540
chr19	42781216	rs2189613
chr19	42794204	rs10418871
chr19	42802004	rs10412335
chr19	42812831	rs10403031
chr19	42817913	rs4621086
chr19	42818147	rs2353131
chr19	42823854	rs10417976
chr19	42835803	rs13345507
chr19	42838106	rs10406619
chr19	42866061	rs11670237
chr19	42866627	rs1058933
chr19	42868234	rs1064491
chr19	42870449	rs1988065
chr19	42897784	rs10405494
chr19	42898024	rs10405998
chr19	42898370	rs10406831
chr19	42915758	rs10422668
chr19	42918847	rs7248225
chr19	42920956	rs2041107
chr19	42921159	rs10421405
chr19	42927011	rs1962303
chr19	42928445	rs7257922
chr19	42931814	rs28704748
chr19	42934598	rs10416723
chr19	42954411	rs10406230
chr19	42960729	rs7254452
chr19	42961664	rs17345014
chr19	42964508	rs17279415
chr19	42989858	rs10853761
chr19	43001832	rs11881408
chr19	43009507	rs11668932
chr19	43033226	rs3922338
chr19	43035037	rs10418982
chr19	43052691	rs4335867
chr19	43055178	rs7251641
chr19	43057570	rs7260189
chr19	43071035	rs10425508
chr19	43071722	rs3746096
chr19	43076596	rs7250302
chr19	43089269	rs10426895
chr19	43125421	rs2354285
chr19	43131293	rs9749286
chr19	43131532	rs1859406
chr19	43133031	rs2354282
chr19	43142596	rs10404614
chr19	43142978	rs11083692
chr19	43150057	rs8111681
chr19	43154674	rs2052013
chr19	43155365	rs11670856
chr19	43158934	rs12460930
chr19	43162545	rs2024097
chr19	43182176	rs2190837
chr19	43187166	rs10422381
chr19	43191688	rs4803586
chr19	43222743	rs4300765
chr19	43227850	rs12459939
chr19	43249974	rs12462669
chr19	43262507	rs8109311
chr19	43264030	rs7247607
chr19	43266414	rs6509074
chr19	43268150	rs3746297
chr19	43270701	rs11672322
chr19	43271565	rs7256525
chr19	43272348	rs4803593
chr19	43280157	rs7256718
chr19	43286599	rs3859480
chr19	43288155	rs8107019
chr19	43298138	rs12462846
chr19	43301176	rs4803596
chr19	43302407	rs1005636
chr19	43303000	rs8102132
chr19	43303488	rs2215124
chr19	43304322	rs17711503
chr19	43305795	rs1160588
chr19	43307659	rs4803598
chr19	43309176	rs4803600
chr19	43311416	rs8113515
chr19	43315252	rs6509083
chr19	43321784	rs11671924
chr19	43331618	rs12461712
chr19	43331783	rs12462192
chr19	43334601	rs7247267
chr19	43335936	rs2159134
chr19	43341441	rs10416614
chr19	43342086	rs12609638
chr19	43362671	rs7257560
chr19	43364186	rs10402666
chr19	43366735	rs6509088
chr19	43372739	rs7246785
chr19	43380933	rs7259375
chr19	43382015	rs16976463
chr19	43397679	rs8109124
chr19	43401438	rs41354744
chr19	43404463	rs11083708
chr19	43406612	rs8113556
chr19	43408787	rs2355988
chr19	43408810	rs4340422
chr19	43410681	rs10853766
chr19	43412564	rs34053693
chr19	43416460	rs35033974
chr19	43417133	rs2355990
chr19	43417909	rs3816438
chr19	43423928	rs2355991
chr19	43431018	rs2599469
chr19	43434336	rs8100617
chr19	43436445	rs2682592
chr19	43436624	rs2682594
chr19	43439347	rs2682597
chr19	43443892	rs2682599
chr19	43446931	rs4803630
chr19	43447269	rs2599472
chr19	43450763	rs2247798
chr19	43455962	rs7248167
chr19	43459876	rs4330013
chr19	43462777	rs2682582
chr19	43462995	rs2260219
chr19	43471361	rs7252512
chr19	43472554	rs11668793
chr19	43474863	rs7253856
chr19	43475287	rs2599437
chr19	43475437	rs1055099
chr19	43478186	rs3746004
chr19	43478315	rs2682543
chr19	43481871	rs11665812
chr19	43487828	rs11666646
chr19	43491087	rs17724968
chr19	43491123	rs2599442
chr19	43495482	rs1125030
chr19	43496905	rs2682547
chr19	43497227	rs11083711
chr19	43497739	rs2682549
chr19	43499556	rs2682551
chr19	43500267	rs12978269
chr19	43502860	rs2599447
chr19	43504218	rs12980205
chr19	43504376	rs12980646
chr19	43505212	rs4802183
chr19	43508728	rs2682578
chr19	43509108	rs2305375
chr19	43520790	rs2682566
chr19	43521049	rs2599454
chr19	43522770	rs4802185
chr19	43523238	rs8110232
chr19	43525592	rs2102954
chr19	43526846	rs2261316
chr19	43533176	rs2682563
chr19	43534154	rs2256507
chr19	43536655	rs11668385
chr19	43536845	rs2682562
chr19	43539296	rs2030404
chr19	43540396	rs2682560
chr19	43540734	rs2599462
chr19	43542576	rs3213403
chr19	43545161	rs3213395
chr19	43546814	rs25484
chr19	43551574	rs25487
chr19	43551746	rs25486
chr19	43552260	rs25489
chr19	43553820	rs731420
chr19	43553896	rs2293036
chr19	43553946	rs762507
chr19	43554087	rs3213356
chr19	43554989	rs1799778
chr19	43555849	rs2854501
chr19	43558367	rs3213334
chr19	43558738	rs3213328
chr19	43561236	rs1001581
chr19	43561577	rs3213322
chr19	43563522	rs762506
chr19	43564041	rs2854496
chr19	43564249	rs939460
chr19	43564423	rs939461
chr19	43567256	rs3213287
chr19	43567861	rs3213285
chr19	43568650	rs12611088
chr19	43570060	rs2854510
chr19	43570445	rs2854509
chr19	43571484	rs3213266
chr19	43572002	rs3213263
chr19	43573237	rs2854506
chr19	43573355	rs3213255
chr19	43574584	rs3213247
chr19	43577136	rs2682585
chr19	43577347	rs2682586
chr19	43578277	rs2682587
chr19	43580003	rs184239
chr19	43581675	rs11407
chr19	43586043	rs3817
chr19	43586357	rs767540
chr19	43590925	rs8113762
chr19	43593607	rs2240931
chr19	43594045	rs427115
chr19	43598186	rs304723
chr19	43601310	rs1402326
chr19	43601584	rs1402325
chr19	43604483	rs304719
chr19	43610988	rs880108
chr19	43614201	rs2302421
chr19	43614528	rs1860149
chr19	43619742	rs3746002
chr19	43620216	rs368745
chr19	43620583	rs3046
chr19	43622127	rs34637472
chr19	43622586	rs433226
chr19	43624285	rs2240633
chr19	43626301	rs3746003
chr19	43629496	rs4803646
chr19	43633830	rs2079646
chr19	43635030	rs10402946
chr19	43636863	rs400058
chr19	43638619	rs7252391
chr19	43642778	rs4802189
chr19	43645297	rs8105647
chr19	43647373	rs4251953
chr19	43647469	rs4251938
chr19	43648343	rs4251926
chr19	43648948	rs4760
chr19	43652320	rs2302524
chr19	43655632	rs4251884
chr19	43658081	rs4251864
chr19	43658802	rs2239372
chr19	43658881	rs2239373
chr19	43658909	rs2283628
chr19	43659319	rs2283629
chr19	43659442	rs4251859
chr19	43659802	rs4251855
chr19	43659842	rs4251854
chr19	43661302	rs4251846
chr19	43662035	rs4251842
chr19	43664129	rs2239374
chr19	43667873	rs2286960
chr19	43668036	rs344783
chr19	43670636	rs344781
chr19	43674285	rs344776
chr19	43674497	rs344774
chr19	43675804	rs344772
chr19	43676443	rs344770
chr19	43680704	rs4493171
chr19	43681774	rs436681
chr19	43682501	rs7259340
chr19	43683354	rs1994417
chr19	43683425	rs399300
chr19	43686474	rs346047
chr19	43689492	rs346044
chr19	43690210	rs11668247
chr19	43690629	rs346043
chr19	43692379	rs740586
chr19	43692737	rs740588
chr19	43694374	rs8111293
chr19	43694425	rs346062
chr19	43694732	rs346061
chr19	43695371	rs346060
chr19	43704867	rs12610476
chr19	43705649	rs538215
chr19	43706225	rs511654
chr19	43709228	rs10403459
chr19	43709902	rs380442
chr19	43710588	rs10410645
chr19	43714769	rs17560094
chr19	43715181	rs346064
chr19	43718961	rs11555891
chr19	43718973	rs346049
chr19	43731365	rs9612
chr19	43731383	rs12669
chr19	43734195	rs2074634
chr19	43740271	rs430066
chr19	43744726	rs346532
chr19	43746679	rs346534
chr19	43747273	rs346535
chr19	43749436	rs173202
chr19	43749638	rs346542
chr19	43752053	rs346544
chr19	43752234	rs346545
chr19	43754925	rs2277745
chr19	43755209	rs346527
chr19	43756420	rs346524
chr19	43758393	rs346522
chr19	43759614	rs2107621
chr19	43765479	rs347515
chr19	43766667	rs12427
chr19	43766914	rs11351
chr19	43768036	rs347518
chr19	43768194	rs3786954
chr19	43772885	rs1469711
chr19	43776326	rs2306801
chr19	43777410	rs670950
chr19	43782361	rs3760982
chr19	43782508	rs3760983
chr19	43782677	rs3786956
chr19	43782830	rs11665924
chr19	43786083	rs4803659
chr19	43789204	rs1386502
chr19	43790697	rs10421887
chr19	43794010	rs379758
chr19	43795146	rs10426528
chr19	43795192	rs11673595
chr19	43795740	rs349045
chr19	43796474	rs349046
chr19	43796732	rs349047
chr19	43797248	rs349049
chr19	43797391	rs10416177
chr19	43800488	rs8112656
chr19	43801717	rs187008
chr19	43802330	rs11879355
chr19	43804850	rs364691
chr19	43807066	rs10423679
chr19	43813208	rs349032
chr19	43817367	rs16976804
chr19	43817624	rs2356400
chr19	43817697	rs2356401
chr19	43819797	rs349027
chr19	43820665	rs10421636
chr19	43822026	rs17725531
chr19	43823711	rs11672344
chr19	43826620	rs10408461
chr19	43826701	rs1865108
chr19	43827461	rs10500286
chr19	43827558	rs189445
chr19	43827658	rs349030
chr19	43828009	rs7508605
chr19	43828345	rs2116939
chr19	43828897	rs8103162
chr19	43835225	rs16976816
chr19	43835290	rs11673332
chr19	43835808	rs349036
chr19	43837188	rs16976817
chr19	43844767	rs17798650
chr19	43846037	rs349040
chr19	43846285	rs349039
chr19	43846566	rs10415344
chr19	43846955	rs10421861
chr19	43848487	rs1061768
chr19	43848513	rs2356437
chr19	43848536	rs2883946
chr19	43860025	rs10413675
chr19	43863186	rs8104290
chr19	43871195	rs12459186
chr19	43872529	rs1050054
chr19	43873517	rs12977303
chr19	43875402	rs171238
chr19	43876779	rs239940
chr19	43879648	rs1978723
chr19	43886153	rs239938
chr19	43891337	rs429027
chr19	43894788	rs397913
chr19	43894932	rs368089
chr19	43895154	rs396973
chr19	43895413	rs436249
chr19	43904857	rs11666650
chr19	43906694	rs417400
chr19	43907391	rs1073653
chr19	43912047	rs423765
chr19	43913423	rs417699
chr19	43913925	rs407731
chr19	43914392	rs425221
chr19	43914541	rs388706
chr19	43914672	rs399098
chr19	43919043	rs423752
chr19	43919829	rs384329
chr19	43922113	rs413093
chr19	43928688	rs411803
chr19	43931015	rs454376
chr19	43931567	rs10419785
chr19	43932581	rs8100011
chr19	43934214	rs444816
chr19	43934771	rs377931
chr19	43937129	rs400591
chr19	43938858	rs439417
chr19	43940264	rs11880216
chr19	43942698	rs10416702
chr19	43950757	rs11881642
chr19	43954922	rs2284243
chr19	43956897	rs11669713
chr19	43962004	rs381872
chr19	43962944	rs383133
chr19	43963253	rs397276
chr19	43964882	rs10451441
chr19	43965556	rs453932
chr19	43966268	rs439676
chr19	43978555	rs462723
chr19	43979188	rs11668687
chr19	43979923	rs10164273
chr19	43980003	rs385016
chr19	43980841	rs452238
chr19	43982128	rs405676
chr19	43983737	rs397133
chr19	43983933	rs397706
chr19	43984037	rs390784
chr19	43984375	rs398981
chr19	43985872	rs415499
chr19	43985890	rs415521
chr19	43986820	rs430746
chr19	43987055	rs431166
chr19	43987709	rs12611102
chr19	43987775	rs436790
chr19	43988416	rs414402
chr19	43988990	rs393195
chr19	43989902	rs397683
chr19	43990063	rs381983
chr19	43990578	rs448692
chr19	43990993	rs381759
chr19	43991105	rs420584
chr19	43991163	rs381091
chr19	43991173	rs420355
chr19	43991993	rs421505
chr19	43997366	rs446016
chr19	44002097	rs367209
chr19	44002471	rs2270196
chr19	44002778	rs369106
chr19	44002832	rs390369
chr19	44006189	rs8105571
chr19	44007237	rs2191566
chr19	44007437	rs454904
chr19	44011200	rs1060880
chr19	44012812	rs11883068
chr19	44018761	rs6509133
chr19	44024746	rs7256908
chr19	44024826	rs7257809
chr19	44025199	rs925866
chr19	44028301	rs11083735
chr19	44028579	rs1996408
chr19	44028614	rs1996409
chr19	44031846	rs7258517
chr19	44034684	rs8109313
chr19	44044745	rs12609929
chr19	44045143	rs12610002
chr19	44045955	rs6509134
chr19	44046152	rs8104694
chr19	44049227	rs8110348
chr19	44049350	rs8109615
chr19	44051468	rs17713223
chr19	44052228	rs3810406
chr19	44060248	rs12610472
chr19	44060828	rs3826941
chr19	44061274	rs7254261
chr19	44064702	rs6509137
chr19	44066240	rs6509138
chr19	44070547	rs7255512
chr19	44084863	rs8104605
chr19	44085563	rs4803675
chr19	44094715	rs4429390
chr19	44095462	rs4459653
chr19	44096224	rs4802207
chr19	44097384	rs10410306
chr19	44100970	rs4803676
chr19	44102775	rs8105860
chr19	44106512	rs2068061
chr19	44107267	rs4508518
chr19	44108078	rs3746319
chr19	44109508	rs2061332
chr19	44109892	rs7259777
chr19	44110055	rs2061333
chr19	44113232	rs6509142
chr19	44127607	rs7249904
chr19	44128903	rs16978732
chr19	44129800	rs10406335
chr19	44130750	rs10413195
chr19	44133678	rs1236711
chr19	44134957	rs41360748
chr19	44136776	rs1236716
chr19	44138028	rs2085516
chr19	44139120	rs7249209
chr19	44140900	rs8111388
chr19	44141595	rs4802210
chr19	44142419	rs6509146
chr19	44145437	rs2356751
chr19	44148595	rs3817595
chr19	44148801	rs2293587
chr19	44150746	rs4803686
chr19	44153526	rs41348950
chr19	44156814	rs12609635
chr19	44165166	rs1107064
chr19	44165536	rs1881748
chr19	44165807	rs1105561
chr19	44166096	rs3803932
chr19	44170175	rs7253796
chr19	44174753	rs7260367
chr19	44177722	rs10409643
chr19	44192766	rs4803688
chr19	44200600	rs6509148
chr19	44202721	rs10409884
chr19	44208531	rs2168989
chr19	44209068	rs10416493
chr19	44211868	rs7251682
chr19	44213771	rs16978840
chr19	44213825	rs7260304
chr19	44228682	rs922064
chr19	44235150	rs2279073
chr19	44235246	rs2279072
chr19	44237082	rs11140
chr19	44238850	rs1233453
chr19	44239781	rs9646643
chr19	44239994	rs9646644
chr19	44242677	rs1237179
chr19	44243629	rs1233474
chr19	44246810	rs1235163
chr19	44249623	rs11667521
chr19	44256961	rs1233450
chr19	44259481	rs1233446
chr19	44259911	rs1233444
chr19	44262428	rs1233441
chr19	44263413	rs1237178
chr19	44265821	rs12462723
chr19	44270677	rs12462557
chr19	44275635	rs1233430
chr19	44279851	rs8109462
chr19	44281083	rs2609877
chr19	44282189	rs1233433
chr19	44284971	rs1233434
chr19	44288548	rs2125579
chr19	44294115	rs2609875
chr19	44298748	rs16978910
chr19	44299355	rs2609886
chr19	44299966	rs11671074
chr19	44301283	rs10418460
chr19	44306434	rs2722708
chr19	44309947	rs898175
chr19	44310690	rs2722711
chr19	44312153	rs2722714
chr19	44313712	rs2609907
chr19	44315966	rs2722717
chr19	44325826	rs2722721
chr19	44325960	rs2609892
chr19	44326739	rs1582
chr19	44327836	rs2609881
chr19	44328722	rs2722722
chr19	44333093	rs10422017
chr19	44336636	rs2571104
chr19	44338283	rs2571102
chr19	44339602	rs2571101
chr19	44343463	rs984116
chr19	44344021	rs2571099
chr19	44344556	rs1434575
chr19	44345205	rs12151072
chr19	44345413	rs2722735
chr19	44347982	rs2722737
chr19	44349555	rs7251134
chr19	44351605	rs2722738
chr19	44351721	rs10405091
chr19	44354624	rs2571063
chr19	44361300	rs2571068
chr19	44362594	rs2571071
chr19	44363443	rs1836275
chr19	44366867	rs6509156
chr19	44367453	rs3816077
chr19	44367968	rs3816084
chr19	44368610	rs2117385
chr19	44370209	rs17727145
chr19	44371157	rs2571081
chr19	44371999	rs4803699
chr19	44373025	rs2571084
chr19	44376201	rs1594895
chr19	44379143	rs2466423
chr19	44380600	rs8109894
chr19	44383363	rs2722756
chr19	44384114	rs4142248
chr19	44385498	rs2722757
chr19	44390001	rs2571096
chr19	44395383	rs2722648
chr19	44395657	rs2571128
chr19	44395755	rs2571129
chr19	44397361	rs2722650
chr19	44401857	rs17657696
chr19	44402063	rs12463008
chr19	44402296	rs17800345
chr19	44404152	rs2571151
chr19	44407476	rs2722666
chr19	44414489	rs2722683
chr19	44424713	rs2734459
chr19	44425461	rs2734457
chr19	44425604	rs2722693
chr19	44426176	rs2734456
chr19	44426396	rs204555
chr19	44426566	rs1062098
chr19	44426631	rs2734454
chr19	44426708	rs2734453
chr19	44427355	rs2734451
chr19	44427766	rs2734450
chr19	44428148	rs204554
chr19	44428797	rs1434579
chr19	44429772	rs12151338
chr19	44430314	rs2571174
chr19	44430478	rs8113370
chr19	44430835	rs8101699
chr19	44430844	rs8101705
chr19	44434805	rs7249536
chr19	44439297	rs204552
chr19	44440456	rs2571170
chr19	44441388	rs12610672
chr19	44443000	rs204547
chr19	44443260	rs2571169
chr19	44446038	rs2722697
chr19	44446736	rs2571163
chr19	44447095	rs2722699
chr19	44447220	rs2722700
chr19	44447878	rs926054
chr19	44448685	rs17354917
chr19	44451392	rs2722702
chr19	44451741	rs204538
chr19	44452889	rs204534
chr19	44453322	rs204531
chr19	44460081	rs12982159
chr19	44468040	rs2686778
chr19	44469752	rs2686779
chr19	44472321	rs17727484
chr19	44473023	rs1897823
chr19	44473045	rs17714261
chr19	44473892	rs12459705
chr19	44473966	rs2117384
chr19	44474081	rs2117383
chr19	44475493	rs16979124
chr19	44475517	rs2253210
chr19	44475997	rs2293164
chr19	44477158	rs954314
chr19	44477308	rs2020083
chr19	44478164	rs16979134
chr19	44478347	rs16979139
chr19	44480957	rs2571048
chr19	44482484	rs2571042
chr19	44484505	rs3745148
chr19	44484819	rs926020
chr19	44491939	rs2686768
chr19	44493811	rs4803714
chr19	44494017	rs4803715
chr19	44494712	rs2686770
chr19	44495114	rs3786501
chr19	44495998	rs2686775
chr19	44497294	rs2571108
chr19	44497346	rs10423647
chr19	44497567	rs2254344
chr19	44498263	rs1865387
chr19	44498511	rs3786497
chr19	44499215	rs892596
chr19	44504582	rs7250536
chr19	44505925	rs12981961
chr19	44506004	rs13345032
chr19	44506064	rs1434577
chr19	44507675	rs10408058
chr19	44509210	rs10407556
chr19	44509907	rs17800760
chr19	44510006	rs4803722
chr19	44510962	rs17800789
chr19	44511538	rs1004605
chr19	44512058	rs8100718
chr19	44513005	rs17800819
chr19	44513190	rs1465723
chr19	44513895	rs1235378
chr19	44515310	rs1235381
chr19	44515446	rs1235382
chr19	44517149	rs10414398
chr19	44517191	rs16959164
chr19	44518638	rs10409769
chr19	44518663	rs11670955
chr19	44522586	rs16979226
chr19	44524136	rs7260180
chr19	44525175	rs10408247
chr19	44526176	rs1881042
chr19	44533381	rs1727731
chr19	44534624	rs1727733
chr19	44536461	rs1727738
chr19	44537831	rs1661184
chr19	44538508	rs17714646
chr19	44538778	rs16979231
chr19	44539082	rs930462
chr19	44539657	rs8182610
chr19	44540600	rs1623156
chr19	44542365	rs1661178
chr19	44543035	rs1727746
chr19	44544133	rs1727747
chr19	44544328	rs1727748
chr19	44544784	rs1661173
chr19	44546141	rs8111044
chr19	44547413	rs17714718
chr19	44547422	rs17801029
chr19	44548925	rs16979266
chr19	44549282	rs12461127
chr19	44553995	rs10409076
chr19	44554975	rs1727753
chr19	44556077	rs7258420
chr19	44561203	rs1727757
chr19	44570931	rs846848
chr19	44572595	rs17801071
chr19	44576560	rs846877
chr19	44589620	rs8106157
chr19	44595103	rs11880598
chr19	44595209	rs1661197
chr19	44595269	rs1727778
chr19	44597236	rs12985991
chr19	44598020	rs2854640
chr19	44600383	rs7259313
chr19	44600701	rs6509168
chr19	44607002	rs846886
chr19	44607097	rs846885
chr19	44610699	rs865864
chr19	44611110	rs846902
chr19	44612083	rs17658470
chr19	44612709	rs846900
chr19	44616346	rs846893
chr19	44617725	rs1997231
chr19	44621377	rs846853
chr19	44623056	rs846855
chr19	44623697	rs846857
chr19	44626475	rs846859
chr19	44629066	rs2357107
chr19	44630810	rs846866
chr19	44634946	rs13344893
chr19	44636512	rs203717
chr19	44636865	rs10460181
chr19	44640642	rs7260482
chr19	44642803	rs7255066
chr19	44644419	rs10426401
chr19	44647342	rs1058402
chr19	44651342	rs17714931
chr19	44655756	rs10422182
chr19	44656368	rs6509170
chr19	44658770	rs203710
chr19	44660404	rs754340
chr19	44662645	rs714948
chr19	44665230	rs203713
chr19	44673068	rs2965157
chr19	44684030	rs2289495
chr19	44685199	rs2965155
chr19	44686060	rs10422616
chr19	44686891	rs4324248
chr19	44687738	rs2919843
chr19	44687914	rs2919842
chr19	44690262	rs12984266
chr19	44692569	rs12977854
chr19	44692865	rs2965160
chr19	44698145	rs2919849
chr19	44698757	rs12150984
chr19	44698782	rs2965164
chr19	44699370	rs2119660
chr19	44702607	rs8108277
chr19	44702670	rs13346314
chr19	44703425	rs894189
chr19	44705412	rs7248283
chr19	44707362	rs10421830
chr19	44712615	rs9973305
chr19	44719328	rs4802234
chr19	44722081	rs2965109
chr19	44724478	rs7254776
chr19	44728212	rs2927488
chr19	44728939	rs1004165
chr19	44729108	rs2965106
chr19	44734556	rs2965101
chr19	44738850	rs2927438
chr19	44738916	rs1531517
chr19	44739483	rs2927439
chr19	44741758	rs2965174
chr19	44744370	rs4803750
chr19	44747899	rs2965169
chr19	44750234	rs10401176
chr19	44750911	rs8103315
chr19	44753690	rs2927457
chr19	44760853	rs10416720
chr19	44769574	rs10416767
chr19	44782477	rs10416628
chr19	44783006	rs2965124
chr19	44784592	rs2927448
chr19	44787428	rs2965121
chr19	44793549	rs3208856
chr19	44794812	rs10419669
chr19	44808266	rs2927478
chr19	44808857	rs922387
chr19	44810458	rs2927477
chr19	44811510	rs7249750
chr19	44813933	rs8101274
chr19	44814896	rs2968180
chr19	44815307	rs2927446
chr19	44819487	rs1135062
chr19	44819830	rs28399660
chr19	44819843	rs28399661
chr19	44819986	rs28399635
chr19	44821259	rs7026
chr19	44823407	rs10405693
chr19	44823511	rs1871045
chr19	44824202	rs4803759
chr19	44825219	rs11668536
chr19	44825957	rs10402271
chr19	44830577	rs4803760
chr19	44835236	rs4605275
chr19	44835638	rs34374273
chr19	44844996	rs10426423
chr19	44846706	rs2306149
chr19	44848489	rs1871047
chr19	44857967	rs440277
chr19	44858317	rs3852856
chr19	44859410	rs377702
chr19	44864520	rs8105340
chr19	44865063	rs419010
chr19	44867581	rs12610605
chr19	44867597	rs416041
chr19	44867911	rs4803766
chr19	44869072	rs17561351
chr19	44869097	rs8104483
chr19	44869702	rs4803767
chr19	44870019	rs11879589
chr19	44870308	rs395908
chr19	44870482	rs4081918
chr19	44873841	rs11672399
chr19	44874210	rs2075642
chr19	44875803	rs387976
chr19	44876534	rs11667640
chr19	44878660	rs3729640
chr19	44878777	rs6859
chr19	44879804	rs3852861
chr19	44885967	rs283814
chr19	44886339	rs7254892
chr19	44892009	rs157580
chr19	44892073	rs2075649
chr19	44892362	rs2075650
chr19	44892962	rs157582
chr19	44895459	rs157590
chr19	44898409	rs8106922
chr19	44900155	rs1160985
chr19	44901434	rs405697
chr19	44905579	rs405509
chr19	44907187	rs769450
chr19	44908822	rs7412
chr19	44911194	rs439401
chr19	44912383	rs445925
chr19	44913221	rs584007
chr19	44919304	rs1064725
chr19	44919689	rs4420638
chr19	44943904	rs5157
chr19	44944779	rs1132899
chr19	44945208	rs5167
chr19	44946027	rs2288911
chr19	44949588	rs10421404
chr19	44949982	rs12709889
chr19	44952331	rs10413089
chr19	44953923	rs3760627
chr19	44954889	rs3760629
chr19	44954978	rs41334244
chr19	44957507	rs204905
chr19	44958739	rs204907
chr19	44961706	rs760114
chr19	44971423	rs11668758
chr19	44974124	rs16979595
chr19	44974694	rs204479
chr19	44976780	rs2075620
chr19	44979627	rs7257916
chr19	44980181	rs8111069
chr19	44984163	rs16979600
chr19	44985309	rs204471
chr19	44987170	rs7257610
chr19	44987312	rs3786505
chr19	44987378	rs204468
chr19	44993045	rs9193
chr19	45009978	rs874743
chr19	45015842	rs35891370
chr19	45019474	rs35912475
chr19	45020111	rs4803789
chr19	45020201	rs4803790
chr19	45020325	rs4803791
chr19	45025541	rs2288918
chr19	45026748	rs6509177
chr19	45032803	rs34293391
chr19	45040529	rs1560725
chr19	45044325	rs12327831
chr19	45044997	rs3786507
chr19	45045244	rs2163842
chr19	45047149	rs2889490
chr19	45053404	rs10416445
chr19	45053960	rs8111826
chr19	45057115	rs1009644
chr19	45059613	rs2304195
chr19	45059930	rs4802246
chr19	45059997	rs12974182
chr19	45062822	rs7259567
chr19	45065751	rs10419815
chr19	45068523	rs10445571
chr19	45081909	rs6509179
chr19	45082448	rs7250924
chr19	45082596	rs10414406
chr19	45083473	rs6509181
chr19	45084908	rs7246959
chr19	45086337	rs1469704
chr19	45087730	rs2060250
chr19	45091337	rs3745157
chr19	45092019	rs10417101
chr19	45093023	rs4608431
chr19	45097733	rs10409903
chr19	45098323	rs17562676
chr19	45099523	rs10405859
chr19	45099604	rs10409727
chr19	45100678	rs10417618
chr19	45100905	rs7255060
chr19	45102017	rs12984180
chr19	45103881	rs17562787
chr19	45112599	rs6509194
chr19	45114032	rs11880318
chr19	45115644	rs7251736
chr19	45120368	rs6509196
chr19	45121045	rs10409138
chr19	45121729	rs11672002
chr19	45128558	rs17643262
chr19	45132943	rs1114832
chr19	45133061	rs1114831
chr19	45136730	rs10425380
chr19	45136866	rs10425074
chr19	45147128	rs1048699
chr19	45147430	rs1005204
chr19	45148821	rs1005451
chr19	45154228	rs10421247
chr19	45157381	rs10417602
chr19	45159201	rs8109620
chr19	45160960	rs11881409
chr19	45170443	rs28367893
chr19	45172615	rs7247764
chr19	45174057	rs12460041
chr19	45178302	rs7254936
chr19	45178768	rs8104024
chr19	45182037	rs7248168
chr19	45184188	rs8110379
chr19	45187202	rs12974200
chr19	45187517	rs12462536
chr19	45187631	rs12460985
chr19	45187782	rs12463106
chr19	45192480	rs2159324
chr19	45194545	rs2532037
chr19	45195982	rs3848526
chr19	45204659	rs582747
chr19	45205500	rs2627641
chr19	45205630	rs597668
chr19	45211720	rs6509201
chr19	45212939	rs11667430
chr19	45222848	rs10422797
chr19	45224801	rs10411314
chr19	45224865	rs10410003
chr19	45226017	rs346763
chr19	45233960	rs346750
chr19	45237513	rs17356664
chr19	45243383	rs346741
chr19	45244986	rs346742
chr19	45256086	rs12976518
chr19	45263956	rs10445572
chr19	45265688	rs2377324
chr19	45266317	rs2240672
chr19	45271422	rs12984234
chr19	45276377	rs345409
chr19	45285354	rs11883302
chr19	45296184	rs344807
chr19	45297438	rs344805
chr19	45298693	rs11672894
chr19	45299605	rs2306660
chr19	45304884	rs344797
chr19	45305950	rs8111989
chr19	45306777	rs4884
chr19	45311602	rs7260463
chr19	45311650	rs7260359
chr19	45315577	rs1133190
chr19	45320806	rs17875646
chr19	45321762	rs17875644
chr19	45327689	rs123187
chr19	45332725	rs12972151
chr19	45334011	rs1793978
chr19	45334025	rs12981382
chr19	45336762	rs7255770
chr19	45341186	rs369335
chr19	45341392	rs454421
chr19	45350155	rs238419
chr19	45351661	rs13181
chr19	45352886	rs1799787
chr19	45353022	rs3916879
chr19	45353791	rs238416
chr19	45356900	rs3916856
chr19	45356944	rs3916855
chr19	45359191	rs50872
chr19	45359257	rs50871
chr19	45361744	rs171140
chr19	45362432	rs238404
chr19	45362763	rs3916820
chr19	45364780	rs1799786
chr19	45365051	rs238406
chr19	45368348	rs1618536
chr19	45369999	rs3916794
chr19	45372529	rs2097215
chr19	45373709	rs11878644
chr19	45386392	rs2070830
chr19	45401501	rs4802252
chr19	45401630	rs4803816
chr19	45404702	rs4803817
chr19	45405203	rs10412761
chr19	45406376	rs34014819
chr19	45407414	rs1046282
chr19	45408744	rs735482
chr19	45409085	rs762562
chr19	45409148	rs2336219
chr19	45409478	rs3212986
chr19	45413183	rs3212980
chr19	45417538	rs3212964
chr19	45420395	rs11615
chr19	45421274	rs3212947
chr19	45423658	rs2298881
chr19	45430235	rs11882642
chr19	45430633	rs11880437
chr19	45443141	rs4803823
chr19	45446642	rs12611268
chr19	45459541	rs10415949
chr19	45462799	rs8106228
chr19	45465349	rs3760846
chr19	45467837	rs12373539
chr19	45469798	rs2238686
chr19	45471335	rs2276469
chr19	45471410	rs2276470
chr19	45473500	rs1049698
chr19	45475117	rs1049739
chr19	45476177	rs7256242
chr19	45476470	rs7256640
chr19	45478197	rs8103655
chr19	45478557	rs6509214
chr19	45478582	rs7245548
chr19	45479522	rs6509215
chr19	45483632	rs7250901
chr19	45490310	rs4511641
chr19	45494089	rs12609601
chr19	45494989	rs10401270
chr19	45495088	rs2298887
chr19	45499198	rs3745821
chr19	45502954	rs8110916
chr19	45504076	rs4625825
chr19	45509757	rs758761
chr19	45514861	rs7255743
chr19	45515882	rs12609834
chr19	45516343	rs8099878
chr19	45518256	rs2239378
chr19	45521326	rs2301283
chr19	45522130	rs2301284
chr19	45524494	rs4802260
chr19	45525096	rs9916945
chr19	45526896	rs10995
chr19	45531253	rs16979873
chr19	45531300	rs8111589
chr19	45532708	rs17286686
chr19	45535295	rs4803831
chr19	45541915	rs7251522
chr19	45542647	rs11879934
chr19	45547502	rs11083772
chr19	45549196	rs4802261
chr19	45553362	rs3826861
chr19	45556106	rs11673516
chr19	45559909	rs1264226
chr19	45563060	rs16979890
chr19	45564751	rs1433098
chr19	45566781	rs12985803
chr19	45567954	rs12979486
chr19	45568166	rs12460756
chr19	45568803	rs8108463
chr19	45570214	rs8112209
chr19	45572968	rs7256951
chr19	45573123	rs6509224
chr19	45577017	rs1079271
chr19	45577424	rs892100
chr19	45579126	rs7259298
chr19	45581383	rs7253109
chr19	45584249	rs10409728
chr19	45585666	rs2334252
chr19	45588082	rs10414464
chr19	45589953	rs1045217
chr19	45590147	rs12460145
chr19	45591339	rs3745820
chr19	45592393	rs3745818
chr19	45592874	rs10411821
chr19	45595627	rs10405576
chr19	45601940	rs10411518
chr19	45602338	rs7251997
chr19	45609546	rs3745817
chr19	45609649	rs3745816
chr19	45613219	rs2334253
chr19	45613529	rs4445998
chr19	45614869	rs3816046
chr19	45621259	rs3816045
chr19	45625757	rs12608710
chr19	45626741	rs1545040
chr19	45629998	rs7252175
chr19	45638088	rs6509226
chr19	45638587	rs12151009
chr19	45638795	rs7252448
chr19	45641767	rs2286756
chr19	45644979	rs11670375
chr19	45645128	rs11670462
chr19	45646628	rs4802262
chr19	45653746	rs10408179
chr19	45653761	rs10406431
chr19	45655215	rs12972158
chr19	45655255	rs8108269
chr19	45655385	rs10415769
chr19	45659141	rs12976464
chr19	45660732	rs34642101
chr19	45661024	rs4994277
chr19	45661242	rs12978792
chr19	45665015	rs28632030
chr19	45668346	rs4803845
chr19	45669020	rs11671664
chr19	45676892	rs4803846
chr19	45676926	rs11672660
chr19	45681959	rs12709891
chr19	45682892	rs2334255
chr19	45685368	rs7253390
chr19	45687273	rs7246757
chr19	45692498	rs7245708
chr19	45697955	rs36040835
chr19	45698914	rs2287019
chr19	45701620	rs11083779
chr19	45701792	rs4803848
chr19	45704552	rs732841
chr19	45704765	rs12975617
chr19	45707107	rs11668847
chr19	45713384	rs11537711
chr19	45718468	rs11881883
chr19	45735297	rs2041975
chr19	45735668	rs4803852
chr19	45736340	rs9807819
chr19	45743446	rs10415988
chr19	45746967	rs10418603
chr19	45748510	rs4802274
chr19	45756987	rs7260651
chr19	45757117	rs4802275
chr19	45757490	rs4802276
chr19	45759028	rs725660
chr19	45763572	rs17650574
chr19	45764195	rs16980013
chr19	45764276	rs10775546
chr19	45772798	rs16939
chr19	45779245	rs572634
chr19	45781076	rs672348
chr19	45781262	rs522769
chr19	45783456	rs2070736
chr19	45786245	rs8109951
chr19	45787564	rs17571725
chr19	45789001	rs7246377
chr19	45791252	rs1865116
chr19	45795419	rs36073277
chr19	45800370	rs28637549
chr19	45801327	rs12463359
chr19	45804148	rs8111071
chr19	45805945	rs1548029
chr19	45809847	rs16980027
chr19	45812551	rs10421891
chr19	45814335	rs4514788
chr19	45819327	rs4803857
chr19	45819572	rs4802279
chr19	45821622	rs11669073
chr19	45822942	rs12976060
chr19	45823795	rs7251942
chr19	45824295	rs8107485
chr19	45824675	rs10500292
chr19	45828884	rs3826893
chr19	45828936	rs3745929
chr19	45831697	rs4803866
chr19	45835234	rs7256192
chr19	45835471	rs918490
chr19	45842628	rs16980051
chr19	45844284	rs10420834
chr19	45844346	rs11672928
chr19	45848864	rs2303014
chr19	45848945	rs2303013
chr19	45851071	rs7248426
chr19	45852653	rs17651362
chr19	45853160	rs7257342
chr19	45853290	rs7258364
chr19	45854553	rs2287718
chr19	45855420	rs11083783
chr19	45858349	rs10406651
chr19	45863948	rs10412574
chr19	45864007	rs10410870
chr19	45864445	rs11667582
chr19	45867123	rs8103278
chr19	45871299	rs11669442
chr19	45872521	rs16980091
chr19	45872959	rs3810327
chr19	45876389	rs10409222
chr19	45877352	rs12974366
chr19	45879487	rs28678581
chr19	45881201	rs8102704
chr19	45881296	rs34851490
chr19	45881572	rs34255979
chr19	45884245	rs3745926
chr19	45886622	rs12981915
chr19	45887022	rs7259871
chr19	45887347	rs8112972
chr19	45891815	rs10422060
chr19	45892720	rs10403030
chr19	45901321	rs10423899
chr19	45903205	rs17651629
chr19	45903440	rs12460033
chr19	45905098	rs11669683
chr19	45905754	rs11083785
chr19	45908997	rs6509238
chr19	45909273	rs6509239
chr19	45910976	rs12461550
chr19	45911035	rs10406475
chr19	45911752	rs10414420
chr19	45913389	rs8111011
chr19	45913480	rs1422627
chr19	45914831	rs888950
chr19	45915628	rs2015728
chr19	45916515	rs9304651
chr19	45922818	rs8101540
chr19	45927788	rs1422623
chr19	45928114	rs1422626
chr19	45928380	rs10500293
chr19	45930139	rs12461689
chr19	45932502	rs16980145
chr19	45936063	rs10424197
chr19	45936788	rs2241373
chr19	45940481	rs28742045
chr19	45946975	rs11083789
chr19	45947956	rs11672738
chr19	45953506	rs11672647
chr19	45961440	rs11667587
chr19	45965445	rs6509245
chr19	45966153	rs12463085
chr19	45967047	rs2341634
chr19	45967176	rs2341635
chr19	45968595	rs2341636
chr19	45969657	rs2043331
chr19	45970318	rs12610687
chr19	45971170	rs7257625
chr19	45977149	rs4239537
chr19	45978077	rs8110384
chr19	45980472	rs10423415
chr19	45981564	rs8104599
chr19	45991947	rs10421258
chr19	45993535	rs749818
chr19	45996389	rs11880650
chr19	45997036	rs4803880
chr19	46001800	rs10403334
chr19	46002268	rs8101646
chr19	46003551	rs10416563
chr19	46003853	rs8108561
chr19	46004320	rs11672503
chr19	46006321	rs8102495
chr19	46008088	rs2287304
chr19	46009259	rs759623
chr19	46009925	rs1010693
chr19	46021213	rs2041992
chr19	46022609	rs2072561
chr19	46023390	rs2072563
chr19	46025683	rs12980641
chr19	46026198	rs12982353
chr19	46030656	rs12459743
chr19	46035067	rs12185521
chr19	46035387	rs11083794
chr19	46035639	rs2007332
chr19	46037440	rs10403967
chr19	46039991	rs756401
chr19	46040308	rs17271272
chr19	46043490	rs4803891
chr19	46043765	rs4803892
chr19	46044072	rs1114090
chr19	46054593	rs2341892
chr19	46057055	rs6509250
chr19	46057252	rs8111075
chr19	46057435	rs16959242
chr19	46059515	rs8112309
chr19	46062223	rs4803895
chr19	46063403	rs1035254
chr19	46066372	rs713411
chr19	46067482	rs10403760
chr19	46068410	rs7250786
chr19	46069504	rs11878696
chr19	46070123	rs1155440
chr19	46070227	rs16980282
chr19	46070306	rs12462084
chr19	46070526	rs10500294
chr19	46072145	rs10500295
chr19	46072545	rs11881540
chr19	46073975	rs16980289
chr19	46077896	rs2041989
chr19	46080581	rs7260523
chr19	46083884	rs734509
chr19	46087217	rs4802289
chr19	46093366	rs12459004
chr19	46100309	rs8105561
chr19	46118206	rs7260544
chr19	46119519	rs10423893
chr19	46132882	rs7257956
chr19	46133618	rs11670001
chr19	46133843	rs11666311
chr19	46133900	rs11083799
chr19	46137294	rs1990765
chr19	46141945	rs12151345
chr19	46142052	rs16980322
chr19	46143584	rs9304655
chr19	46143679	rs9304656
chr19	46146773	rs6509255
chr19	46147313	rs2880187
chr19	46156259	rs2341903
chr19	46158749	rs968483
chr19	46161143	rs10408162
chr19	46165906	rs10420052
chr19	46169565	rs16980332
chr19	46171927	rs10439109
chr19	46173892	rs10412768
chr19	46177638	rs11671871
chr19	46178572	rs8104176
chr19	46182593	rs8106108
chr19	46186505	rs10412596
chr19	46190005	rs758862
chr19	46205872	rs8113677
chr19	46206433	rs7245856
chr19	46209940	rs2253940
chr19	46210372	rs8109186
chr19	46216389	rs17659977
chr19	46216497	rs16980393
chr19	46217407	rs7255414
chr19	46217856	rs16980395
chr19	46218210	rs12984069
chr19	46221545	rs4803910
chr19	46222076	rs2240923
chr19	46222572	rs16980975
chr19	46222585	rs2240926
chr19	46225600	rs1001609
chr19	46226041	rs2017924
chr19	46227357	rs1008591
chr19	46228271	rs12461826
chr19	46230998	rs2286804
chr19	46231362	rs2286805
chr19	46231636	rs11667174
chr19	46231686	rs10412204
chr19	46231749	rs12462101
chr19	46235736	rs9676648
chr19	46236598	rs10421550
chr19	46239167	rs10424322
chr19	46239988	rs10405141
chr19	46251457	rs7257950
chr19	46254289	rs8109088
chr19	46256322	rs10406931
chr19	46257737	rs10419953
chr19	46257769	rs10420489
chr19	46263722	rs7259453
chr19	46263916	rs12463382
chr19	46265496	rs4803913
chr19	46279320	rs10153467
chr19	46279349	rs10153462
chr19	46281358	rs7257523
chr19	46283670	rs741235
chr19	46283869	rs2013666
chr19	46284226	rs759293
chr19	46284763	rs1030009
chr19	46285078	rs41439644
chr19	46289614	rs1990566
chr19	46289658	rs1990567
chr19	46289784	rs1990568
chr19	46291014	rs10403826
chr19	46292627	rs7254961
chr19	46294573	rs8102595
chr19	46296940	rs3810300
chr19	46296971	rs3810299
chr19	46297176	rs3826795
chr19	46301450	rs7252284
chr19	46303373	rs8100021
chr19	46304332	rs2072491
chr19	46308131	rs7251867
chr19	46308869	rs757638
chr19	46312040	rs8101216
chr19	46312053	rs12461322
chr19	46312242	rs8101480
chr19	46313531	rs887946
chr19	46319039	rs10414875
chr19	46319503	rs10415609
chr19	46319544	rs16980445
chr19	46320445	rs3764609
chr19	46320494	rs3764610
chr19	46320759	rs3764611
chr19	46321300	rs4803929
chr19	46326822	rs11672731
chr19	46331426	rs11665853
chr19	46338037	rs10402696
chr19	46342821	rs4803932
chr19	46346549	rs4802307
chr19	46348669	rs10404903
chr19	46352876	rs16980461
chr19	46353706	rs917947
chr19	46353758	rs917948
chr19	46355304	rs2239379
chr19	46356801	rs917946
chr19	46365703	rs8105297
chr19	46367045	rs2239380
chr19	46368896	rs6509265
chr19	46371377	rs11671133
chr19	46371994	rs2238692
chr19	46374718	rs10412803
chr19	46382720	rs11670522
chr19	46384310	rs1024782
chr19	46384590	rs2302596
chr19	46386965	rs7359899
chr19	46388854	rs759290
chr19	46389981	rs759291
chr19	46390906	rs741231
chr19	46392490	rs2110577
chr19	46392960	rs3764613
chr19	46394602	rs11670069
chr19	46394977	rs7248294
chr19	46397567	rs4803941
chr19	46403740	rs12459321
chr19	46405021	rs8107270
chr19	46410492	rs10412551
chr19	46415534	rs7246254
chr19	46416646	rs7250259
chr19	46420495	rs453394
chr19	46422418	rs878609
chr19	46422681	rs381690
chr19	46423127	rs1317877
chr19	46423410	rs11083825
chr19	46423527	rs892107
chr19	46426334	rs10412620
chr19	46426768	rs10418662
chr19	46427444	rs406601
chr19	46427590	rs11880808
chr19	46428805	rs427250
chr19	46431955	rs393760
chr19	46435112	rs414974
chr19	46444986	rs11667187
chr19	46446405	rs8109759
chr19	46448964	rs2311223
chr19	46449377	rs17728638
chr19	46450231	rs11671212
chr19	46451005	rs10416550
chr19	46451149	rs8108405
chr19	46451212	rs7254494
chr19	46451332	rs7255765
chr19	46455750	rs4803953
chr19	46456396	rs4803955
chr19	46457709	rs12609260
chr19	46460570	rs10424030
chr19	46463970	rs11083830
chr19	46468106	rs3745787
chr19	46471049	rs12978825
chr19	46471067	rs3826853
chr19	46471910	rs8107491
chr19	46475312	rs6509279
chr19	46478686	rs877589
chr19	46480952	rs2288913
chr19	46488044	rs7254929
chr19	46490229	rs875704
chr19	46491576	rs3745788
chr19	46494979	rs4803967
chr19	46498116	rs8112461
chr19	46499658	rs16980543
chr19	46503974	rs10403174
chr19	46504263	rs8101424
chr19	46511678	rs892106
chr19	46517307	rs6509283
chr19	46520153	rs745831
chr19	46522398	rs10408465
chr19	46524820	rs17715822
chr19	46525641	rs3745792
chr19	46527175	rs3745795
chr19	46528888	rs11881557
chr19	46530434	rs10417062
chr19	46531043	rs4803975
chr19	46531763	rs8101111
chr19	46532068	rs4802315
chr19	46532179	rs8102503
chr19	46532224	rs8102534
chr19	46534363	rs11668571
chr19	46538706	rs4325674
chr19	46539079	rs2033502
chr19	46546671	rs8111536
chr19	46547902	rs1975189
chr19	46555729	rs10424255
chr19	46558260	rs2217672
chr19	46558274	rs8106965
chr19	46562466	rs6509285
chr19	46563387	rs8105727
chr19	46565124	rs2099362
chr19	46565431	rs2082495
chr19	46567169	rs4803983
chr19	46570381	rs8113456
chr19	46570562	rs8101563
chr19	46573021	rs6509286
chr19	46575924	rs10432269
chr19	46579995	rs8103534
chr19	46586828	rs4274528
chr19	46595170	rs7260181
chr19	46599884	rs7258489
chr19	46600171	rs7259810
chr19	46603377	rs4380146
chr19	46605228	rs11671131
chr19	46609391	rs10113
chr19	46609483	rs710889
chr19	46609881	rs10405893
chr19	46616653	rs11083840
chr19	46616776	rs11083841
chr19	46618441	rs9710411
chr19	46618610	rs4803985
chr19	46620526	rs1126510
chr19	46626465	rs3760759
chr19	46627705	rs11672827
chr19	46628152	rs11672892
chr19	46630680	rs10419732
chr19	46631055	rs10420570
chr19	46631491	rs931646
chr19	46633137	rs4803991
chr19	46633905	rs1005774
chr19	46634202	rs12974613
chr19	46634715	rs12460911
chr19	46635389	rs3810295
chr19	46640111	rs931647
chr19	46640788	rs4803992
chr19	46641687	rs4516332
chr19	46643419	rs10418827
chr19	46645596	rs36092587
chr19	46646825	rs4553727
chr19	46648121	rs2270683
chr19	46655334	rs7253955
chr19	46655698	rs12462946
chr19	46657144	rs4578773
chr19	46658945	rs1497764
chr19	46660517	rs873286
chr19	46661729	rs314667
chr19	46662617	rs12608819
chr19	46663485	rs314668
chr19	46664872	rs314669
chr19	46667387	rs314662
chr19	46669216	rs314661
chr19	46672271	rs2871987
chr19	46673568	rs314666
chr19	46673623	rs874462
chr19	46680159	rs3859426
chr19	46680583	rs6509290
chr19	46690593	rs314671
chr19	46690997	rs314672
chr19	46697361	rs10413222
chr19	46704397	rs11083846
chr19	46705224	rs425105
chr19	46707602	rs12609920
chr19	46711154	rs432157
chr19	46714657	rs588712
chr19	46714844	rs3848528
chr19	46715342	rs4803995
chr19	46718501	rs10412340
chr19	46719053	rs929777
chr19	46720286	rs313840
chr19	46720692	rs313841
chr19	46721060	rs313842
chr19	46721333	rs3786704
chr19	46721350	rs3786705
chr19	46722496	rs10402664
chr19	46724564	rs11668987
chr19	46731628	rs160544
chr19	46732458	rs1862348
chr19	46739735	rs4802322
chr19	46741273	rs10401422
chr19	46742535	rs3786706
chr19	46750027	rs12151150
chr19	46754224	rs11670473
chr19	46762703	rs10406432
chr19	46765116	rs11668878
chr19	46770011	rs10419661
chr19	46773197	rs4804000
chr19	46775681	rs1060043
chr19	46777532	rs313835
chr19	46778905	rs2070246
chr19	46783912	rs313852
chr19	46784250	rs3027957
chr19	46784682	rs313853
chr19	46784893	rs8105903
chr19	46785388	rs1862336
chr19	46787394	rs3826793
chr19	46789526	rs7251155
chr19	46792395	rs918486
chr19	46796562	rs8182508
chr19	46797395	rs4300764
chr19	46802503	rs12982003
chr19	46805409	rs312183
chr19	46810074	rs10401590
chr19	46820127	rs6509294
chr19	46824880	rs8182604
chr19	46829947	rs312181
chr19	46836196	rs8100637
chr19	46839610	rs312185
chr19	46843256	rs372332
chr19	46854618	rs415530
chr19	46860134	rs311358
chr19	46868359	rs425655
chr19	46873129	rs8106478
chr19	46875768	rs384842
chr19	46885049	rs311362
chr19	46886113	rs311364
chr19	46890535	rs3848534
chr19	46894238	rs17367673
chr19	46900597	rs7259209
chr19	46904910	rs311373
chr19	46908967	rs8109747
chr19	46909365	rs17289513
chr19	46911729	rs311372
chr19	46918066	rs311382
chr19	46925711	rs11673675
chr19	46934197	rs11667017
chr19	46934699	rs311377
chr19	46938947	rs11083853
chr19	46940795	rs10421543
chr19	46943305	rs311368
chr19	46943434	rs311370
chr19	46943901	rs311371
chr19	46945965	rs7248942
chr19	46952058	rs311384
chr19	46960515	rs8102896
chr19	46962109	rs6509303
chr19	46963226	rs17659879
chr19	46963744	rs12608885
chr19	46967279	rs311365
chr19	46967605	rs410629
chr19	46977417	rs10414860
chr19	46984972	rs16980778
chr19	46985634	rs7253105
chr19	46988460	rs3745614
chr19	46989218	rs10425259
chr19	46991688	rs3786711
chr19	46995774	rs11673380
chr19	47002869	rs10410262
chr19	47003106	rs6509305
chr19	47003512	rs1052669
chr19	47004211	rs1052668
chr19	47005433	rs11669745
chr19	47008735	rs8107380
chr19	47013202	rs11083855
chr19	47015627	rs1363759
chr19	47020080	rs10405564
chr19	47023769	rs11666752
chr19	47024652	rs4605277
chr19	47024732	rs16980813
chr19	47026547	rs16980815
chr19	47033262	rs1895380
chr19	47036314	rs2303104
chr19	47039983	rs7252158
chr19	47040516	rs3745615
chr19	47042461	rs4577206
chr19	47042685	rs2303105
chr19	47044435	rs9797777
chr19	47045069	rs10423289
chr19	47045898	rs889171
chr19	47046533	rs1862499
chr19	47065746	rs3810291
chr19	47081442	rs3745619
chr19	47084515	rs2303107
chr19	47085068	rs2287842
chr19	47086638	rs2303108
chr19	47093845	rs10408163
chr19	47097184	rs8101149
chr19	47097336	rs17716478
chr19	47100028	rs411560
chr19	47113858	rs11669142
chr19	47123808	rs184290
chr19	47131056	rs177918
chr19	47132027	rs309185
chr19	47133570	rs309184
chr19	47139523	rs8101491
chr19	47145572	rs12611429
chr19	47155063	rs11666272
chr19	47155225	rs11670191
chr19	47158236	rs307896
chr19	47172833	rs8102394
chr19	47176541	rs466477
chr19	47186320	rs307900
chr19	47189613	rs307902
chr19	47189904	rs3760765
chr19	47191665	rs751613
chr19	47193369	rs6509314
chr19	47200561	rs12973505
chr19	47202026	rs10424953
chr19	47204170	rs8107443
chr19	47218657	rs35669322
chr19	47218836	rs35269651
chr19	47227858	rs10407441
chr19	47232959	rs2032809
chr19	47234299	rs10418396
chr19	47237234	rs10414428
chr19	47239053	rs4804030
chr19	47256616	rs2287689
chr19	47258286	rs2302985
chr19	47259870	rs1035390
chr19	47260028	rs1035388
chr19	47264386	rs4804036
chr19	47267681	rs883030
chr19	47268242	rs884537
chr19	47270716	rs888837
chr19	47271515	rs888836
chr19	47272198	rs10412404
chr19	47276004	rs2287688
chr19	47277768	rs4804037
chr19	47284247	rs4804044
chr19	47284330	rs4804045
chr19	47289852	rs10853782
chr19	47289928	rs10853784
chr19	47292712	rs7250152
chr19	47293543	rs7254232
chr19	47301962	rs12983014
chr19	47305571	rs7253663
chr19	47307643	rs4595896
chr19	47309643	rs10404456
chr19	47312665	rs4577202
chr19	47316351	rs7258884
chr19	47319781	rs4467185
chr19	47320614	rs11880097
chr19	47323840	rs10416837
chr19	47326699	rs8106921
chr19	47329881	rs6509316
chr19	47331989	rs8099842
chr19	47337025	rs7252458
chr19	47337304	rs4482395
chr19	47341396	rs36046934
chr19	47343902	rs8112962
chr19	47347020	rs2972607
chr19	47347764	rs10426874
chr19	47349867	rs2341876
chr19	47349900	rs2341877
chr19	47352042	rs10419759
chr19	47353079	rs12984558
chr19	47353380	rs8113564
chr19	47355167	rs2245046
chr19	47356300	rs16972172
chr19	47361945	rs10432283
chr19	47362654	rs2547390
chr19	47370044	rs2547385
chr19	47372470	rs2252532
chr19	47373784	rs2547380
chr19	47373934	rs12460910
chr19	47374671	rs755327
chr19	47375836	rs8105743
chr19	47376281	rs2280694
chr19	47376617	rs10419083
chr19	47378251	rs2694557
chr19	47378521	rs10403927
chr19	47381923	rs889167
chr19	47382267	rs2694555
chr19	47386048	rs2547372
chr19	47389411	rs2547370
chr19	47390677	rs4802352
chr19	47391252	rs2694542
chr19	47391674	rs2547369
chr19	47392349	rs2694539
chr19	47401875	rs2694568
chr19	47409066	rs2272294
chr19	47417923	rs8104255
chr19	47420871	rs12976740
chr19	47421542	rs12609495
chr19	47422081	rs7245844
chr19	47424746	rs10421978
chr19	47428756	rs2280692
chr19	47429131	rs3745173
chr19	47434209	rs698705
chr19	47434546	rs830153
chr19	47436586	rs11083878
chr19	47437107	rs4802363
chr19	47438219	rs830160
chr19	47438870	rs830162
chr19	47441453	rs2254560
chr19	47442338	rs11878780
chr19	47442408	rs11878840
chr19	47443257	rs4802364
chr19	47443348	rs4802366
chr19	47444971	rs3848535
chr19	47446095	rs830142
chr19	47450914	rs830145
chr19	47456279	rs746728
chr19	47466137	rs12459087
chr19	47466491	rs830131
chr19	47466723	rs830132
chr19	47471321	rs830133
chr19	47474620	rs830134
chr19	47475414	rs2272295
chr19	47476896	rs2293424
chr19	47481963	rs17271418
chr19	47483667	rs16972230
chr19	47485708	rs12460436
chr19	47486731	rs830150
chr19	47488194	rs10853789
chr19	47489571	rs2293422
chr19	47491218	rs12460373
chr19	47492753	rs11881195
chr19	47495859	rs2242495
chr19	47496407	rs35400373
chr19	47501628	rs698706
chr19	47502739	rs8106455
chr19	47503840	rs830146
chr19	47504911	rs11083880
chr19	47506803	rs8108441
chr19	47509212	rs2037735
chr19	47509741	rs3786521
chr19	47512315	rs830139
chr19	47513098	rs830138
chr19	47514700	rs34206657
chr19	47515603	rs698707
chr19	47517160	rs830136
chr19	47523410	rs7248260
chr19	47531523	rs16972294
chr19	47535245	rs2340938
chr19	47538676	rs2974227
chr19	47539719	rs12972658
chr19	47540390	rs34156544
chr19	47540986	rs2974239
chr19	47541024	rs2974240
chr19	47544021	rs2081893
chr19	47544564	rs3826836
chr19	47551351	rs2914001
chr19	47557809	rs2974190
chr19	47560905	rs2974197
chr19	47562607	rs2921558
chr19	47579783	rs2341000
chr19	47583608	rs4802370
chr19	47584234	rs2974217
chr19	47585370	rs2974216
chr19	47589650	rs3844440
chr19	47590098	rs2974215
chr19	47594304	rs2914009
chr19	47601823	rs2974225
chr19	47606762	rs870359
chr19	47612504	rs2974224
chr19	47613804	rs2974238
chr19	47615399	rs2921555
chr19	47616293	rs3112495
chr19	47619133	rs2913993
chr19	47621395	rs2974226
chr19	47621790	rs7257106
chr19	47625453	rs2914018
chr19	47633687	rs10407603
chr19	47637051	rs2974211
chr19	47637600	rs2910996
chr19	47643471	rs2068832
chr19	47646655	rs11881963
chr19	47647450	rs2910995
chr19	47648101	rs4802376
chr19	47648545	rs7258311
chr19	47652161	rs2161621
chr19	47652526	rs4802379
chr19	47652937	rs8109030
chr19	47656457	rs2910998
chr19	47657867	rs2974205
chr19	47661512	rs2974200
chr19	47663473	rs2911002
chr19	47667500	rs2974231
chr19	47669414	rs12461639
chr19	47671136	rs2974236
chr19	47671525	rs929833
chr19	47674001	rs2098718
chr19	47674112	rs2081182
chr19	47676531	rs3760823
chr19	47679251	rs2914439
chr19	47679311	rs2911005
chr19	47680514	rs1035938
chr19	47681500	rs2914436
chr19	47681890	rs2303755
chr19	47682991	rs10418509
chr19	47685552	rs2059877
chr19	47689196	rs4802383
chr19	47690511	rs2914433
chr19	47691290	rs2974187
chr19	47692139	rs2914431
chr19	47693241	rs2914430
chr19	47695418	rs13346368
chr19	47696087	rs10423006
chr19	47698166	rs1465586
chr19	47702468	rs3745760
chr19	47702835	rs1005911
chr19	47704898	rs2162937
chr19	47709149	rs12971759
chr19	47712376	rs2099102
chr19	47715268	rs3760822
chr19	47717466	rs2914441
chr19	47724442	rs11879049
chr19	47725199	rs16972389
chr19	47728316	rs6509337
chr19	47728391	rs8105734
chr19	47728989	rs11672818
chr19	47730870	rs10411441
chr19	47738727	rs12461370
chr19	47738915	rs10405280
chr19	47740937	rs7255434
chr19	47741312	rs3745758
chr19	47741912	rs17703870
chr19	47744925	rs2334291
chr19	47749540	rs8107547
chr19	47750322	rs3745754
chr19	47751135	rs10402957
chr19	47753725	rs10422531
chr19	47756822	rs889142
chr19	47758661	rs16972441
chr19	47759312	rs4802386
chr19	47760378	rs2334295
chr19	47761732	rs12974444
chr19	47762954	rs4801731
chr19	47763273	rs4801733
chr19	47765561	rs7256278
chr19	47766590	rs17206602
chr19	47766837	rs12971544
chr19	47767428	rs17304884
chr19	47770144	rs10412990
chr19	47779059	rs3815751
chr19	47779238	rs10412896
chr19	47782906	rs3786777
chr19	47786046	rs2042286
chr19	47788761	rs17304898
chr19	47793971	rs10405467
chr19	47794621	rs8106690
chr19	47798576	rs11669962
chr19	47798591	rs8101459
chr19	47801488	rs12462695
chr19	47801748	rs35445888
chr19	47807875	rs12976882
chr19	47809060	rs17272583
chr19	47809570	rs10418640
chr19	47809979	rs6509340
chr19	47812272	rs8104782
chr19	47812422	rs8104921
chr19	47814635	rs10403102
chr19	47819661	rs1968238
chr19	47820476	rs11666029
chr19	47821465	rs10410589
chr19	47821690	rs1974815
chr19	47821930	rs10418215
chr19	47823121	rs8112377
chr19	47823315	rs17272603
chr19	47823421	rs10425419
chr19	47823958	rs10405809
chr19	47826288	rs12462820
chr19	47826596	rs8100396
chr19	47826750	rs6509345
chr19	47831708	rs4427918
chr19	47834259	rs4801737
chr19	47835290	rs12983613
chr19	47835578	rs8108689
chr19	47836043	rs3745752
chr19	47838083	rs11670872
chr19	47838134	rs11666668
chr19	47842150	rs7259671
chr19	47842671	rs12974951
chr19	47842904	rs7248427
chr19	47842984	rs11666244
chr19	47843268	rs11670620
chr19	47844997	rs17239147
chr19	47845106	rs11668505
chr19	47846754	rs12979616
chr19	47849107	rs10410350
chr19	47851294	rs8113229
chr19	47853895	rs4483956
chr19	47854103	rs17272617
chr19	47854697	rs7245914
chr19	47858655	rs4802397
chr19	47865277	rs296391
chr19	47867845	rs296381
chr19	47868876	rs188440
chr19	47868938	rs182420
chr19	47869045	rs10401229
chr19	47869771	rs28830294
chr19	47872441	rs296364
chr19	47874262	rs4149452
chr19	47877871	rs2910393
chr19	47881800	rs2547231
chr19	47883100	rs4149448
chr19	47883543	rs3936308
chr19	47887167	rs2932766
chr19	47889202	rs2547229
chr19	47890785	rs2910400
chr19	47898072	rs296376
chr19	47900226	rs182421
chr19	47903117	rs2972619
chr19	47961721	rs2972515
chr19	47961868	rs16981893
chr19	47961965	rs7252191
chr19	47962071	rs2972517
chr19	47965513	rs11670965
chr19	47966522	rs10418675
chr19	47966964	rs12611226
chr19	47969217	rs16981057
chr19	47969448	rs11083908
chr19	47970717	rs41513549
chr19	47972675	rs4378713
chr19	47973707	rs2972521
chr19	47974853	rs6509349
chr19	47975053	rs6509350
chr19	47976012	rs10424421
chr19	47977787	rs7253057
chr19	47977860	rs7252494
chr19	47982803	rs2042911
chr19	47988398	rs7258047
chr19	47991188	rs3826834
chr19	47993863	rs34438246
chr19	47995080	rs12052135
chr19	48002211	rs7257199
chr19	48004749	rs12975551
chr19	48005384	rs7255053
chr19	48005730	rs9304671
chr19	48007133	rs10520416
chr19	48007296	rs16982092
chr19	48007582	rs12985868
chr19	48007696	rs16982097
chr19	48008597	rs12977319
chr19	48008631	rs16982100
chr19	48009377	rs11878872
chr19	48009464	rs11666762
chr19	48010441	rs12972857
chr19	48010855	rs12980668
chr19	48012866	rs10412203
chr19	48014130	rs41494755
chr19	48014419	rs16959494
chr19	48015160	rs10426361
chr19	48017423	rs10415261
chr19	48017538	rs10415300
chr19	48018776	rs10416064
chr19	48019612	rs3815908
chr19	48022250	rs2303690
chr19	48024325	rs3936340
chr19	48024347	rs10500297
chr19	48025399	rs16959498
chr19	48025479	rs878054
chr19	48027934	rs2560967
chr19	48027959	rs2560966
chr19	48028119	rs1171099
chr19	48030355	rs8112254
chr19	48030811	rs1171096
chr19	48033383	rs17663529
chr19	48033468	rs10418719
chr19	48033486	rs17586769
chr19	48033582	rs17663607
chr19	48033606	rs11880523
chr19	48034328	rs3745746
chr19	48036722	rs1582950
chr19	48038467	rs875765
chr19	48039052	rs750456
chr19	48039075	rs750455
chr19	48039157	rs891015
chr19	48040605	rs8105198
chr19	48040666	rs12982629
chr19	48044939	rs2115299
chr19	48045093	rs3810322
chr19	48046000	rs7258076
chr19	48046691	rs2386983
chr19	48047590	rs3786776
chr19	48047611	rs10410302
chr19	48048152	rs1045376
chr19	48048613	rs11564671
chr19	48049404	rs2386980
chr19	48049607	rs11564666
chr19	48052910	rs2307277
chr19	48053756	rs2162886
chr19	48055029	rs2307281
chr19	48055131	rs1529479
chr19	48060277	rs1366444
chr19	48060959	rs7247328
chr19	48061830	rs10469296
chr19	48062780	rs2052854
chr19	48064846	rs8102185
chr19	48066452	rs1366442
chr19	48067769	rs2307278
chr19	48067815	rs11564620
chr19	48072851	rs3786772
chr19	48075632	rs1991722
chr19	48077885	rs1019786
chr19	48079982	rs7251954
chr19	48083921	rs380277
chr19	48084755	rs394735
chr19	48088471	rs440472
chr19	48088595	rs440652
chr19	48088641	rs11564555
chr19	48088926	rs11564552
chr19	48089008	rs445899
chr19	48089054	rs405967
chr19	48089876	rs445505
chr19	48090630	rs443465
chr19	48090784	rs393412
chr19	48091030	rs12972957
chr19	48092985	rs156629
chr19	48095566	rs156631
chr19	48095691	rs3745738
chr19	48095905	rs10413611
chr19	48096834	rs16981247
chr19	48097559	rs251688
chr19	48098093	rs251685
chr19	48098197	rs251684
chr19	48098255	rs11564538
chr19	48099691	rs2303744
chr19	48101045	rs12984850
chr19	48102566	rs16981262
chr19	48102797	rs7259659
chr19	48103274	rs385203
chr19	48105215	rs1653554
chr19	48106458	rs380359
chr19	48108539	rs427750
chr19	48109583	rs11564509
chr19	48110444	rs11564502
chr19	48112180	rs251693
chr19	48119170	rs20581
chr19	48119288	rs274883
chr19	48119967	rs3731037
chr19	48120183	rs3731034
chr19	48123347	rs3731007
chr19	48124005	rs156633
chr19	48128151	rs156641
chr19	48130907	rs2241721
chr19	48131041	rs3730994
chr19	48132445	rs3786763
chr19	48134328	rs274893
chr19	48136215	rs3730976
chr19	48136655	rs2288881
chr19	48137550	rs4987068
chr19	48138317	rs411073
chr19	48139867	rs2304136
chr19	48141972	rs8108486
chr19	48143067	rs3730940
chr19	48143626	rs2288878
chr19	48143984	rs3730931
chr19	48145922	rs175628
chr19	48148745	rs7246512
chr19	48148812	rs3730920
chr19	48149543	rs3730913
chr19	48151296	rs20580
chr19	48153367	rs16981560
chr19	48154363	rs274860
chr19	48154902	rs3730886
chr19	48155038	rs2386523
chr19	48155675	rs2163619
chr19	48156152	rs436303
chr19	48156434	rs3730872
chr19	48156481	rs274861
chr19	48161541	rs3730862
chr19	48165538	rs3730849
chr19	48165657	rs439132
chr19	48166015	rs2386522
chr19	48171099	rs3730837
chr19	48176452	rs274873
chr19	48177267	rs274875
chr19	48177711	rs274876
chr19	48179522	rs10405655
chr19	48181555	rs4802436
chr19	48182815	rs2007182
chr19	48182841	rs2007183
chr19	48186136	rs972800
chr19	48192529	rs391152
chr19	48194060	rs7359978
chr19	48194525	rs12463216
chr19	48198962	rs1010089
chr19	48199721	rs11880822
chr19	48205870	rs4802442
chr19	48206923	rs11669584
chr19	48206940	rs11665831
chr19	48208219	rs1062808
chr19	48208532	rs1968441
chr19	48209461	rs4802445
chr19	48209701	rs1971783
chr19	48210358	rs8105324
chr19	48211896	rs3745718
chr19	48212012	rs2008521
chr19	48212089	rs11669386
chr19	48213302	rs10406657
chr19	48214075	rs1966625
chr19	48215872	rs3786740
chr19	48217669	rs17294094
chr19	48217726	rs3826823
chr19	48218923	rs10500299
chr19	48222166	rs16981829
chr19	48229260	rs4802447
chr19	48232030	rs4802448
chr19	48232193	rs16981832
chr19	48232735	rs10410473
chr19	48233449	rs4802449
chr19	48234294	rs2288877
chr19	48234507	rs2288876
chr19	48234765	rs16981845
chr19	48238810	rs6509364
chr19	48239130	rs10416565
chr19	48240212	rs6509365
chr19	48240320	rs6509366
chr19	48240907	rs11670259
chr19	48241088	rs16981853
chr19	48243424	rs11672725
chr19	48245971	rs6509368
chr19	48246327	rs7254278
chr19	48246607	rs1125297
chr19	48247027	rs1549141
chr19	48248551	rs10405717
chr19	48249533	rs11883363
chr19	48251529	rs12460147
chr19	48251558	rs10420505
chr19	48252010	rs16981882
chr19	48253518	rs10403848
chr19	48254203	rs1421674
chr19	48254351	rs1421673
chr19	48255702	rs12984288
chr19	48255879	rs12984829
chr19	48256972	rs7248320
chr19	48257085	rs7248246
chr19	48258167	rs10853801
chr19	48259467	rs10410339
chr19	48261203	rs7257947
chr19	48261438	rs4801753
chr19	48261464	rs448784
chr19	48261600	rs4801754
chr19	48261624	rs4801755
chr19	48264769	rs7259415
chr19	48267310	rs4802457
chr19	48271577	rs11667463
chr19	48274941	rs6509371
chr19	48278617	rs11673278
chr19	48279986	rs1504520
chr19	48280960	rs7252746
chr19	48283513	rs17360180
chr19	48289261	rs8103388
chr19	48290433	rs2380123
chr19	48291117	rs11673016
chr19	48296459	rs2292112
chr19	48297081	rs7252988
chr19	48303720	rs2242463
chr19	48304764	rs7249375
chr19	48304873	rs10409472
chr19	48313550	rs1235043
chr19	48313575	rs12980180
chr19	48313938	rs249368
chr19	48314636	rs249370
chr19	48319248	rs156673
chr19	48320288	rs8107712
chr19	48325971	rs8182501
chr19	48328520	rs12463018
chr19	48329297	rs8102349
chr19	48330351	rs4893
chr19	48330543	rs8355
chr19	48332825	rs3745720
chr19	48332951	rs1062919
chr19	48332979	rs1062918
chr19	48333416	rs3826828
chr19	48337928	rs17295412
chr19	48343219	rs3760790
chr19	48345017	rs275581
chr19	48345445	rs17361438
chr19	48347421	rs275583
chr19	48348310	rs497775
chr19	48350396	rs504103
chr19	48355198	rs394025
chr19	48362262	rs275840
chr19	48362957	rs275838
chr19	48363225	rs3826824
chr19	48365921	rs919804
chr19	48369754	rs275841
chr19	48369800	rs190672
chr19	48372933	rs275837
chr19	48376926	rs16982041
chr19	48377143	rs422219
chr19	48381692	rs275844
chr19	48382350	rs275845
chr19	48382661	rs1050671
chr19	48385274	rs275848
chr19	48388280	rs433956
chr19	48390418	rs276701
chr19	48392700	rs276719
chr19	48406086	rs276721
chr19	48406414	rs276720
chr19	48409132	rs1121845
chr19	48411785	rs7255050
chr19	48414900	rs3786746
chr19	48416682	rs276711
chr19	48419844	rs276709
chr19	48421148	rs276706
chr19	48421706	rs1654671
chr19	48422679	rs278061
chr19	48423308	rs892200
chr19	48427965	rs10419023
chr19	48429080	rs1799286
chr19	48432396	rs34997741
chr19	48440664	rs2380121
chr19	48445039	rs1643489
chr19	48445513	rs1799281
chr19	48446029	rs1643487
chr19	48448310	rs3848540
chr19	48448622	rs1799273
chr19	48449693	rs11083935
chr19	48451164	rs2302951
chr19	48454240	rs3760798
chr19	48455978	rs10421340
chr19	48456385	rs7257118
chr19	48459672	rs10410041
chr19	48465055	rs28648758
chr19	48465592	rs8100222
chr19	48466622	rs1799270
chr19	48469172	rs28364629
chr19	48469282	rs1799257
chr19	48471042	rs10426097
chr19	48473762	rs1799258
chr19	48475068	rs11083939
chr19	48475929	rs12327611
chr19	48490583	rs8108419
chr19	48502674	rs10415669
chr19	48510834	rs9989661
chr19	48517058	rs1643494
chr19	48536630	rs16982133
chr19	48543305	rs10413911
chr19	48546769	rs12460223
chr19	48549991	rs12611321
chr19	48550049	rs279451
chr19	48551600	rs279448
chr19	48552539	rs279447
chr19	48558467	rs3848542
chr19	48559238	rs4801764
chr19	48559306	rs4802489
chr19	48561702	rs12611137
chr19	48561752	rs11882923
chr19	48565335	rs2544804
chr19	48567135	rs2665601
chr19	48567617	rs2665605
chr19	48568499	rs2544800
chr19	48568859	rs2665607
chr19	48569008	rs11083944
chr19	48572020	rs2544796
chr19	48573204	rs2544795
chr19	48573345	rs3760800
chr19	48573430	rs3760802
chr19	48573800	rs3760804
chr19	48574195	rs2665579
chr19	48574410	rs3760808
chr19	48575989	rs2544794
chr19	48576205	rs2544793
chr19	48579008	rs8109054
chr19	48580236	rs6509396
chr19	48580799	rs6509397
chr19	48581398	rs2665584
chr19	48581418	rs2544789
chr19	48581455	rs2544788
chr19	48582453	rs2544785
chr19	48584410	rs2665582
chr19	48586307	rs10419482
chr19	48586454	rs8109050
chr19	48586538	rs2665581
chr19	48588977	rs10426377
chr19	48589173	rs10426628
chr19	48591599	rs3745726
chr19	48592808	rs2302948
chr19	48593054	rs4801768
chr19	48595493	rs12460535
chr19	48596698	rs3815691
chr19	48598291	rs12462337
chr19	48598699	rs4149455
chr19	48599142	rs1132054
chr19	48599256	rs1052131
chr19	48599525	rs10410524
chr19	48600190	rs411482
chr19	48601051	rs1236093
chr19	48607980	rs12981419
chr19	48609038	rs2617805
chr19	48609736	rs35021560
chr19	48610979	rs454715
chr19	48611126	rs7249417
chr19	48612877	rs2617800
chr19	48613298	rs368654
chr19	48613847	rs433852
chr19	48615114	rs2292342
chr19	48617177	rs369880
chr19	48618991	rs3094287
chr19	48626534	rs4801770
chr19	48633258	rs550455
chr19	48633394	rs12608544
chr19	48638275	rs3848543
chr19	48639768	rs2303147
chr19	48641533	rs11880333
chr19	48644886	rs34271003
chr19	48649698	rs8111500
chr19	48652501	rs414299
chr19	48654881	rs8103121
chr19	48656998	rs2892233
chr19	48661483	rs281391
chr19	48661695	rs281392
chr19	48663618	rs371690
chr19	48673773	rs281398
chr19	48674005	rs10418036
chr19	48674737	rs16982206
chr19	48679969	rs3826837
chr19	48680027	rs3826838
chr19	48680448	rs3826846
chr19	48684704	rs6509400
chr19	48686158	rs10415215
chr19	48693829	rs10408409
chr19	48699602	rs16982241
chr19	48702915	rs516246
chr19	48703160	rs492602
chr19	48703205	rs681343
chr19	48703346	rs281377
chr19	48703417	rs601338
chr19	48703728	rs602662
chr19	48703949	rs485186
chr19	48705608	rs504963
chr19	48705721	rs632111
chr19	48705753	rs503279
chr19	48705969	rs633372
chr19	48707126	rs648644
chr19	48708712	rs676388
chr19	48711017	rs281379
chr19	48711213	rs281380
chr19	48711491	rs281381
chr19	48712425	rs8105773
chr19	48714004	rs281385
chr19	48721227	rs281393
chr19	48724253	rs281405
chr19	48727122	rs640794
chr19	48730078	rs281407
chr19	48730149	rs281408
chr19	48738719	rs973579
chr19	48740963	rs2307019
chr19	48743609	rs838147
chr19	48744436	rs8108136
chr19	48744529	rs8108468
chr19	48744706	rs8111399
chr19	48745383	rs12982115
chr19	48746441	rs12975781
chr19	48746557	rs8104897
chr19	48746631	rs8105137
chr19	48746940	rs8106205
chr19	48746982	rs838144
chr19	48747281	rs11667321
chr19	48748498	rs838143
chr19	48749732	rs12611028
chr19	48750004	rs4021
chr19	48750132	rs4015
chr19	48751247	rs2071699
chr19	48756272	rs838133
chr19	48776355	rs4801774
chr19	48776371	rs4802503
chr19	48776778	rs599486
chr19	48776883	rs599951
chr19	48781610	rs11666740
chr19	48782738	rs492734
chr19	48785631	rs11881904
chr19	48791605	rs12974796
chr19	48793397	rs684959
chr19	48794537	rs7249134
chr19	48796276	rs557106
chr19	48797348	rs526744
chr19	48800802	rs4801775
chr19	48801403	rs4802507
chr19	48804742	rs837642
chr19	48807360	rs521398
chr19	48807508	rs4802510
chr19	48809743	rs736170
chr19	48816407	rs545587
chr19	48817750	rs2098684
chr19	48818860	rs28445671
chr19	48830991	rs473464
chr19	48833306	rs10423929
chr19	48833980	rs7247312
chr19	48835841	rs8110220
chr19	48837601	rs10407029
chr19	48838931	rs16982311
chr19	48839012	rs3745705
chr19	48841264	rs12460394
chr19	48844451	rs10413941
chr19	48851265	rs8113324
chr19	48852148	rs17272658
chr19	48853060	rs17206686
chr19	48857998	rs17206700
chr19	48858184	rs17206707
chr19	48859735	rs17272673
chr19	48861254	rs17272680
chr19	48861368	rs518822
chr19	48862913	rs4802516
chr19	48865586	rs506425
chr19	48867391	rs609985
chr19	48868987	rs488463
chr19	48872419	rs638050
chr19	48872829	rs626140
chr19	48873829	rs611251
chr19	48874062	rs610308
chr19	48875737	rs500079
chr19	48876069	rs688644
chr19	48878108	rs10416475
chr19	48878914	rs4802517
chr19	48881897	rs4347731
chr19	48881974	rs1005061
chr19	48885397	rs3826818
chr19	48888147	rs8112811
chr19	48888328	rs8112951
chr19	48889291	rs10420053
chr19	48893480	rs9941490
chr19	48896564	rs12461075
chr19	48897377	rs7260579
chr19	48897518	rs6509407
chr19	48898380	rs2270943
chr19	48898802	rs10401443
chr19	48899921	rs3760785
chr19	48904403	rs1058483
chr19	48905046	rs3786733
chr19	48906934	rs4802522
chr19	48913199	rs2387579
chr19	48913679	rs746075
chr19	48914401	rs8112042
chr19	48916010	rs12981274
chr19	48918646	rs2287835
chr19	48918709	rs2287836
chr19	48920990	rs9676447
chr19	48921124	rs12979328
chr19	48921668	rs11671777
chr19	48922581	rs1058491
chr19	48922842	rs7028
chr19	48928582	rs4801783
chr19	48935106	rs2270941
chr19	48939478	rs2270940
chr19	48939676	rs2270939
chr19	48942517	rs10423255
chr19	48942560	rs11666105
chr19	48944456	rs3765148
chr19	48949205	rs11083956
chr19	48952744	rs11667229
chr19	48952897	rs11667351
chr19	48954681	rs4645878
chr19	48955847	rs1805419
chr19	48955955	rs3817074
chr19	48957658	rs1010104
chr19	48958048	rs2387583
chr19	48960027	rs7259013
chr19	48961106	rs4645900
chr19	48962127	rs905238
chr19	48962703	rs918546
chr19	48968073	rs1039442
chr19	48968563	rs1042265
chr19	48970169	rs8103451
chr19	48973910	rs8104760
chr19	48979265	rs12980441
chr19	48982291	rs5464
chr19	48982501	rs2270937
chr19	48993237	rs2287754
chr19	48993529	rs3810176
chr19	48993866	rs3764617
chr19	48994196	rs16981031
chr19	48997925	rs12610125
chr19	49000064	rs12608779
chr19	49003133	rs3764622
chr19	49004321	rs11558795
chr19	49009600	rs4802533
chr19	49010016	rs1062708
chr19	49011700	rs4802536
chr19	49012030	rs1559154
chr19	49013956	rs7256033
chr19	49014139	rs7255964
chr19	49015227	rs753307
chr19	49015318	rs753308
chr19	49020963	rs6509412
chr19	49031701	rs7251022
chr19	49031767	rs3810177
chr19	49050875	rs4002419
chr19	49057204	rs3810182
chr19	49060867	rs11669977
chr19	49067429	rs4802546
chr19	49067856	rs17206784
chr19	49068700	rs11673003
chr19	49069290	rs4802547
chr19	49069572	rs3810185
chr19	49069755	rs3810186
chr19	49069949	rs11083959
chr19	49070181	rs1017219
chr19	49080383	rs34256680
chr19	49085163	rs4802550
chr19	49087681	rs4802552
chr19	49091750	rs7250446
chr19	49097335	rs1806713
chr19	49103192	rs734570
chr19	49107132	rs3795055
chr19	49109033	rs11670388
chr19	49112738	rs4802558
chr19	49113819	rs4802560
chr19	49113873	rs4802561
chr19	49113981	rs4802562
chr19	49115521	rs1009213
chr19	49118098	rs1009214
chr19	49118166	rs4801794
chr19	49118707	rs2232003
chr19	49120678	rs7247125
chr19	49121162	rs8101098
chr19	49122410	rs7251335
chr19	49128822	rs4802565
chr19	49129052	rs4802566
chr19	49129515	rs1559155
chr19	49136691	rs2303052
chr19	49136745	rs2303053
chr19	49137037	rs2303054
chr19	49137973	rs2387769
chr19	49140147	rs3764624
chr19	49140280	rs7246646
chr19	49141336	rs7250958
chr19	49142749	rs4545921
chr19	49145794	rs3764625
chr19	49146241	rs10421292
chr19	49147785	rs9304680
chr19	49148533	rs4802576
chr19	49151164	rs2278004
chr19	49154952	rs3745297
chr19	49155110	rs3745298
chr19	49155133	rs3745299
chr19	49155618	rs3745300
chr19	49158770	rs11667393
chr19	49160532	rs12979689
chr19	49162083	rs11083963
chr19	49162194	rs12980226
chr19	49164094	rs3760666
chr19	49165931	rs7252493
chr19	49171238	rs1477363
chr19	49171976	rs2287923
chr19	49178024	rs3786557
chr19	49179734	rs10410857
chr19	49180063	rs7252170
chr19	49181102	rs7255532
chr19	49185107	rs12609634
chr19	49193800	rs1175803
chr19	49196609	rs3745301
chr19	49200507	rs10403114
chr19	49203479	rs1716274
chr19	49215291	rs11668962
chr19	49217653	rs9676781
chr19	49220829	rs8113362
chr19	49221785	rs8103217
chr19	49224739	rs3848549
chr19	49231805	rs12610107
chr19	49234757	rs1175814
chr19	49234824	rs1175815
chr19	49235225	rs1177825
chr19	49242032	rs4318314
chr19	49251802	rs352815
chr19	49252233	rs352818
chr19	49252403	rs419174
chr19	49255975	rs352822
chr19	49256237	rs352823
chr19	49256951	rs352826
chr19	49258538	rs1654322
chr19	49259098	rs1625215
chr19	49260004	rs353989
chr19	49270742	rs13343614
chr19	49279364	rs353999
chr19	49279844	rs354000
chr19	49281541	rs11083969
chr19	49284948	rs2334867
chr19	49287345	rs7249040
chr19	49297570	rs354009
chr19	49297912	rs12982246
chr19	49298249	rs171342
chr19	49307020	rs2569381
chr19	49309146	rs2278405
chr19	49311575	rs3760667
chr19	49312596	rs183049
chr19	49319790	rs10414921
chr19	49321033	rs10422677
chr19	49325598	rs8102658
chr19	49325640	rs8102574
chr19	49326568	rs659555
chr19	49329971	rs354030
chr19	49331198	rs1654313
chr19	49331747	rs12971873
chr19	49334182	rs1465696
chr19	49335634	rs354020
chr19	49336026	rs354022
chr19	49337797	rs354026
chr19	49342638	rs8108669
chr19	49343141	rs30003
chr19	49344659	rs30006
chr19	49345090	rs30007
chr19	49346944	rs30008
chr19	49347796	rs254660
chr19	49348684	rs254661
chr19	49363662	rs2288478
chr19	49364656	rs919364
chr19	49365702	rs2303758
chr19	49365794	rs2303759
chr19	49366283	rs7249190
chr19	49367386	rs8107548
chr19	49368828	rs4802597
chr19	49374939	rs2288481
chr19	49375933	rs7253698
chr19	49379357	rs7258705
chr19	49382753	rs7260291
chr19	49383230	rs7260611
chr19	49388265	rs9304684
chr19	49388862	rs7248176
chr19	49390280	rs10413687
chr19	49393060	rs10409838
chr19	49394692	rs4802602
chr19	49395819	rs10405154
chr19	49397620	rs9304688
chr19	49397868	rs12977735
chr19	49398061	rs10421748
chr19	49403021	rs7256071
chr19	49403998	rs8113620
chr19	49404887	rs7248378
chr19	49411439	rs11671438
chr19	49412654	rs34486765
chr19	49417548	rs17206868
chr19	49419739	rs9676602
chr19	49421951	rs11669675
chr19	49422410	rs12974629
chr19	49427464	rs4802605
chr19	49429505	rs1043558
chr19	49431744	rs2946851
chr19	49436462	rs2946848
chr19	49439057	rs2914658
chr19	49439175	rs1320301
chr19	49440521	rs11672810
chr19	49442593	rs1578944
chr19	49443236	rs11083974
chr19	49443614	rs7258719
chr19	49444956	rs12975598
chr19	49445355	rs4801799
chr19	49446395	rs7462
chr19	49447041	rs13394
chr19	49451546	rs2293013
chr19	49451550	rs2293012
chr19	49451759	rs2293011
chr19	49451965	rs3905288
chr19	49452696	rs17206882
chr19	49453033	rs3760669
chr19	49453433	rs3760670
chr19	49464423	rs2293009
chr19	49465828	rs10853810
chr19	49470527	rs1055637
chr19	49471129	rs1006938
chr19	49473961	rs35538484
chr19	49476141	rs17272847
chr19	49476636	rs3826717
chr19	49486167	rs1042122
chr19	49486493	rs4802612
chr19	49487409	rs2271953
chr19	49488532	rs3786567
chr19	49492636	rs1858742
chr19	49496752	rs2280401
chr19	49498128	rs739347
chr19	49498242	rs2073614
chr19	49499350	rs739349
chr19	49511720	rs2335534
chr19	49514467	rs2878342
chr19	49524906	rs1132990
chr19	49534760	rs10419198
chr19	49534963	rs7256116
chr19	49539114	rs8105626
chr19	49539278	rs4560020
chr19	49539572	rs8108243
chr19	49543108	rs3187346
chr19	49550195	rs35279796
chr19	49559223	rs4426453
chr19	49559783	rs10409856
chr19	49566637	rs8102979
chr19	49571361	rs9304689
chr19	49576993	rs13346402
chr19	49581197	rs3760707
chr19	49581829	rs10414207
chr19	49583369	rs3745473
chr19	49583549	rs3745474
chr19	49588541	rs2288920
chr19	49588745	rs2288921
chr19	49590315	rs7249925
chr19	49592887	rs11083979
chr19	49594290	rs7251877
chr19	49598456	rs10417980
chr19	49601982	rs6509439
chr19	49605726	rs10408930
chr19	49618821	rs11880923
chr19	49625286	rs7256146
chr19	49632149	rs11883023
chr19	49636811	rs1368464
chr19	49636835	rs1865077
chr19	49644795	rs12104272
chr19	49646012	rs34074594
chr19	49649784	rs7258381
chr19	49650075	rs7259683
chr19	49651151	rs12976076
chr19	49661133	rs10415576
chr19	49663393	rs968457
chr19	49664917	rs34739574
chr19	49665614	rs2304206
chr19	49665763	rs2304204
chr19	49673914	rs3745469
chr19	49679440	rs8109314
chr19	49680192	rs35791962
chr19	49683822	rs7260179
chr19	49685899	rs10415880
chr19	49691588	rs892149
chr19	49694149	rs12981033
chr19	49696359	rs12984428
chr19	49700296	rs10417008
chr19	49700328	rs10415869
chr19	49704923	rs12984650
chr19	49705838	rs7249356
chr19	49706396	rs12978911
chr19	49710921	rs10404778
chr19	49711396	rs10407097
chr19	49719657	rs3810261
chr19	49720112	rs8103298
chr19	49726387	rs12609870
chr19	49741639	rs6509443
chr19	49745244	rs2304202
chr19	49750638	rs28711468
chr19	49754774	rs1674137
chr19	49757511	rs2001342
chr19	49758384	rs3889507
chr19	49761973	rs1273634
chr19	49762292	rs3745477
chr19	49766073	rs1273640
chr19	49768062	rs1273642
chr19	49768245	rs1674139
chr19	49768667	rs10404868
chr19	49771704	rs4802619
chr19	49772875	rs10408812
chr19	49779640	rs4802622
chr19	49784544	rs17310914
chr19	49786602	rs4802623
chr19	49789853	rs17370523
chr19	49790893	rs7251251
chr19	49792888	rs2302518
chr19	49796151	rs2072451
chr19	49796769	rs28413128
chr19	49798288	rs7251463
chr19	49798396	rs7251269
chr19	49801182	rs10421754
chr19	49808791	rs11557714
chr19	49812166	rs8104825
chr19	49812441	rs2305919
chr19	49812826	rs35816883
chr19	49813497	rs2286948
chr19	49818253	rs7246170
chr19	49824033	rs4483957
chr19	49825179	rs16981464
chr19	49826427	rs1290650
chr19	49832615	rs1290652
chr19	49834707	rs7252578
chr19	49835196	rs752522
chr19	49838854	rs10403127
chr19	49839872	rs921470
chr19	49841395	rs1545474
chr19	49846701	rs1290655
chr19	49850954	rs7260222
chr19	49853907	rs16981486
chr19	49853932	rs10423897
chr19	49856551	rs16981492
chr19	49856789	rs10418141
chr19	49859918	rs1290646
chr19	49866809	rs2257103
chr19	49866849	rs2305922
chr19	49869505	rs2353005
chr19	49871778	rs2290774
chr19	49871985	rs2290775
chr19	49874500	rs4802634
chr19	49874886	rs11083985
chr19	49875796	rs3810267
chr19	49877601	rs731826
chr19	49880379	rs3745486
chr19	49881625	rs7248498
chr19	49881774	rs7248744
chr19	49883083	rs746738
chr19	49893006	rs11673399
chr19	49896837	rs16981522
chr19	49897791	rs4801810
chr19	49898063	rs4802635
chr19	49901682	rs1290754
chr19	49905398	rs12980435
chr19	49907293	rs8429
chr19	49907875	rs9523
chr19	49909160	rs999583
chr19	49909393	rs3745489
chr19	49911460	rs1044167
chr19	49913707	rs7257503
chr19	49914233	rs17668162
chr19	49915478	rs1290743
chr19	49916142	rs1299491
chr19	49917414	rs1152239
chr19	49918426	rs1152237
chr19	49920469	rs7246342
chr19	49928131	rs3826777
chr19	49928622	rs4802639
chr19	49928933	rs35018314
chr19	49932490	rs283525
chr19	49932605	rs283526
chr19	49933458	rs3170545
chr19	49933723	rs8647
chr19	49936352	rs283531
chr19	49937302	rs283533
chr19	49940589	rs11671845
chr19	49940804	rs8108252
chr19	49948251	rs875121
chr19	49950060	rs9304690
chr19	49950700	rs407997
chr19	49952094	rs10405621
chr19	49953261	rs6509448
chr19	49957657	rs9676983
chr19	49964814	rs8105239
chr19	49969159	rs7246244
chr19	49971760	rs12462972
chr19	49974133	rs4802644
chr19	49974418	rs12609054
chr19	49974443	rs12984158
chr19	49975675	rs12611411
chr19	49975821	rs12984584
chr19	49982501	rs768574
chr19	49983682	rs3786669
chr19	49983858	rs3786671
chr19	49985115	rs958975
chr19	49989034	rs6509451
chr19	49989307	rs283518
chr19	49989863	rs283517
chr19	49991632	rs12462290
chr19	49994266	rs745952
chr19	49999655	rs3786673
chr19	50007851	rs3816033
chr19	50007899	rs3786676
chr19	50011221	rs7259059
chr19	50015974	rs1469694
chr19	50015992	rs1469693
chr19	50016876	rs11672168
chr19	50018074	rs17311679
chr19	50020969	rs734910
chr19	50021075	rs3745495
chr19	50023639	rs245110
chr19	50025640	rs245111
chr19	50025797	rs4802648
chr19	50031263	rs17661933
chr19	50036980	rs157548
chr19	50037214	rs11883067
chr19	50038886	rs2278282
chr19	50054619	rs17312204
chr19	50059982	rs957738
chr19	50060009	rs11084002
chr19	50060642	rs8101040
chr19	50066303	rs12462384
chr19	50143341	rs8113250
chr19	50145062	rs10414850
chr19	50148838	rs10404214
chr19	50169261	rs7257805
chr19	50178521	rs4280362
chr19	50189839	rs648691
chr19	50190382	rs635719
chr19	50194630	rs6509454
chr19	50196247	rs10413463
chr19	50196688	rs41332947
chr19	50202224	rs7255376
chr19	50202599	rs638286
chr19	50203977	rs16987402
chr19	50207619	rs6509455
chr19	50216008	rs12608568
chr19	50217817	rs4802666
chr19	50219505	rs12986206
chr19	50219727	rs11672608
chr19	50221782	rs4802675
chr19	50221988	rs12461943
chr19	50223202	rs654877
chr19	50223313	rs4801822
chr19	50224411	rs1017689
chr19	50225299	rs1551549
chr19	50227554	rs637586
chr19	50228428	rs7246090
chr19	50233699	rs588973
chr19	50236817	rs10415779
chr19	50237667	rs936025
chr19	50238313	rs584975
chr19	50238403	rs584515
chr19	50238985	rs582078
chr19	50242151	rs630283
chr19	50247240	rs1947424
chr19	50247688	rs662382
chr19	50248104	rs650262
chr19	50248330	rs8102994
chr19	50248541	rs11670669
chr19	50250022	rs4802676
chr19	50251005	rs3745500
chr19	50251438	rs596605
chr19	50253043	rs686912
chr19	50253873	rs4801824
chr19	50255806	rs643359
chr19	50259422	rs11084008
chr19	50262699	rs1651551
chr19	50264183	rs1651548
chr19	50267929	rs8112504
chr19	50268065	rs8112720
chr19	50268152	rs3745503
chr19	50268352	rs3745504
chr19	50268378	rs930086
chr19	50268401	rs936022
chr19	50269877	rs1670725
chr19	50272351	rs1651544
chr19	50272485	rs1651543
chr19	50275286	rs788338
chr19	50276825	rs11669191
chr19	50279205	rs788332
chr19	50281147	rs788330
chr19	50282129	rs667907
chr19	50282180	rs605839
chr19	50286710	rs10406788
chr19	50287161	rs667776
chr19	50293648	rs3745509
chr19	50293791	rs3745511
chr19	50294879	rs4802684
chr19	50296275	rs4802689
chr19	50296724	rs4802692
chr19	50298437	rs11673285
chr19	50300146	rs1078446
chr19	50301881	rs3826772
chr19	50303135	rs2161377
chr19	50305492	rs7251148
chr19	50308964	rs889002
chr19	50310006	rs627491
chr19	50315623	rs9917109
chr19	50317200	rs10853812
chr19	50319151	rs683856
chr19	50321496	rs10853813
chr19	50321995	rs11666177
chr19	50323312	rs2301357
chr19	50324443	rs11880103
chr19	50324528	rs636567
chr19	50334189	rs2123852
chr19	50335956	rs1035422
chr19	50347277	rs4801830
chr19	50348073	rs8102115
chr19	50350095	rs7248968
chr19	50352678	rs1377814
chr19	50352692	rs643786
chr19	50357351	rs11666394
chr19	50362278	rs676314
chr19	50365497	rs1274517
chr19	50367890	rs1274514
chr19	50368861	rs11879501
chr19	50379362	rs1405655
chr19	50381628	rs4802703
chr19	50383830	rs3219281
chr19	50393103	rs2546551
chr19	50394350	rs3219337
chr19	50394760	rs3219341
chr19	50398636	rs1673026
chr19	50398939	rs3218772
chr19	50401817	rs1726801
chr19	50406132	rs1673041
chr19	50410704	rs1673037
chr19	50411356	rs2445830
chr19	50418015	rs2445837
chr19	50419113	rs2244095
chr19	50423485	rs3745516
chr19	50424313	rs1726773
chr19	50431682	rs3810276
chr19	50432005	rs3810278
chr19	50433330	rs3816551
chr19	50435128	rs11669020
chr19	50436480	rs2278998
chr19	50436610	rs2004423
chr19	50437058	rs1673033
chr19	50438432	rs12462762
chr19	50438550	rs2445828
chr19	50440805	rs10401266
chr19	50448432	rs2445835
chr19	50449796	rs1673028
chr19	50451327	rs8105250
chr19	50454140	rs25665
chr19	50454347	rs25666
chr19	50458805	rs3745518
chr19	50460008	rs2463248
chr19	50461874	rs8113377
chr19	50462015	rs25668
chr19	50466068	rs1274604
chr19	50469818	rs1274598
chr19	50470002	rs1274597
chr19	50470219	rs1274596
chr19	50472395	rs12461898
chr19	50474036	rs16984956
chr19	50475136	rs1620498
chr19	50475532	rs1623859
chr19	50477660	rs11084019
chr19	50478829	rs921938
chr19	50480288	rs2272324
chr19	50482835	rs1046246
chr19	50484437	rs1673018
chr19	50484518	rs1673019
chr19	50485504	rs3852863
chr19	50491841	rs2431821
chr19	50495168	rs12609653
chr19	50497060	rs1274688
chr19	50501497	rs1298062
chr19	50511593	rs7254387
chr19	50514578	rs889131
chr19	50515560	rs1726774
chr19	50516468	rs8111072
chr19	50517218	rs12459115
chr19	50522878	rs1150922
chr19	50526345	rs1862479
chr19	50529139	rs11881006
chr19	50532598	rs10406350
chr19	50533818	rs11879310
chr19	50537159	rs6509477
chr19	50543320	rs8107394
chr19	50547108	rs8109737
chr19	50549300	rs1544765
chr19	50553597	rs12974169
chr19	50555831	rs12610929
chr19	50558659	rs8100164
chr19	50560422	rs2098683
chr19	50563172	rs1862477
chr19	50564958	rs6509481
chr19	50570275	rs10419078
chr19	50570322	rs1978454
chr19	50570382	rs7255690
chr19	50580338	rs8100750
chr19	50581448	rs7249788
chr19	50582841	rs10422130
chr19	50583776	rs10403271
chr19	50583915	rs10405336
chr19	50586351	rs6509485
chr19	50586521	rs6509486
chr19	50592374	rs4801840
chr19	50596427	rs4802720
chr19	50600104	rs2042279
chr19	50600126	rs2042280
chr19	50602891	rs8106843
chr19	50606536	rs1895373
chr19	50609988	rs9676278
chr19	50627342	rs10409194
chr19	50628799	rs4239490
chr19	50632200	rs1363756
chr19	50633552	rs10404260
chr19	50633587	rs8104662
chr19	50634035	rs7359910
chr19	50634403	rs2387137
chr19	50635722	rs4801842
chr19	50637397	rs3815749
chr19	50637495	rs2287819
chr19	50638229	rs889135
chr19	50638346	rs10414900
chr19	50638928	rs868358
chr19	50644278	rs7256323
chr19	50645324	rs11665738
chr19	50645515	rs11665802
chr19	50652265	rs11879379
chr19	50652974	rs7257025
chr19	50655223	rs889133
chr19	50655932	rs4801843
chr19	50657831	rs10404821
chr19	50663194	rs8101316
chr19	50665303	rs10420105
chr19	50669529	rs4802723
chr19	50669961	rs4802724
chr19	50672798	rs3893128
chr19	50675712	rs4802729
chr19	50676640	rs4801847
chr19	50678048	rs7258816
chr19	50678332	rs4802731
chr19	50682824	rs12460584
chr19	50683338	rs3848558
chr19	50687746	rs11878464
chr19	50689889	rs10406993
chr19	50690186	rs8103945
chr19	50692634	rs12459070
chr19	50696816	rs4801848
chr19	50697209	rs4802735
chr19	50702796	rs3745532
chr19	50706692	rs10414691
chr19	50707236	rs4801850
chr19	50707511	rs4801851
chr19	50709975	rs10424472
chr19	50713652	rs7246004
chr19	50714293	rs3745530
chr19	50717680	rs3810280
chr19	50721040	rs10414114
chr19	50722987	rs7246355
chr19	50726239	rs4801852
chr19	50727233	rs722036
chr19	50727368	rs10432284
chr19	50727811	rs919276
chr19	50728142	rs7252682
chr19	50733577	rs7249061
chr19	50734242	rs7250039
chr19	50744242	rs6509496
chr19	50744437	rs10853822
chr19	50751293	rs8101336
chr19	50752054	rs8105151
chr19	50757430	rs7257906
chr19	50757699	rs11084028
chr19	50757732	rs7245984
chr19	50757794	rs7246110
chr19	50758694	rs11880363
chr19	50760175	rs4802740
chr19	50760253	rs7248759
chr19	50763895	rs9676503
chr19	50770705	rs35300823
chr19	50771579	rs1864011
chr19	50775332	rs2411335
chr19	50776625	rs12459891
chr19	50777499	rs7253017
chr19	50777968	rs1465557
chr19	50780534	rs12609769
chr19	50790275	rs10405514
chr19	50790746	rs1978605
chr19	50791199	rs17800375
chr19	50793594	rs266124
chr19	50794687	rs266123
chr19	50796085	rs11668998
chr19	50797973	rs9991
chr19	50798138	rs4801853
chr19	50798199	rs4802741
chr19	50798809	rs3745528
chr19	50800047	rs4802742
chr19	50802293	rs2659064
chr19	50803045	rs2659063
chr19	50803556	rs2659060
chr19	50803691	rs10853825
chr19	50804576	rs2247216
chr19	50804724	rs7258535
chr19	50804800	rs2288417
chr19	50804835	rs2247289
chr19	50805131	rs11673306
chr19	50808394	rs2434449
chr19	50812568	rs171953
chr19	50815653	rs3909863
chr19	50817324	rs2739454
chr19	50817741	rs3212847
chr19	50817827	rs12052047
chr19	50818001	rs3212846
chr19	50818955	rs2659101
chr19	50819056	rs5519
chr19	50819976	rs5517
chr19	50820122	rs3212830
chr19	50820245	rs1054713
chr19	50820420	rs5515
chr19	50824277	rs5514
chr19	50824454	rs3212815
chr19	50824513	rs3212855
chr19	50824837	rs2560934
chr19	50825480	rs3212810
chr19	50825538	rs3212853
chr19	50826016	rs3212808
chr19	50827676	rs3745522
chr19	50829414	rs266114
chr19	50829982	rs266115
chr19	50831099	rs2560935
chr19	50831634	rs3745523
chr19	50832687	rs2659056
chr19	50832941	rs266850
chr19	50833083	rs266851
chr19	50834136	rs2163861
chr19	50835271	rs7252740
chr19	50835951	rs2033496
chr19	50836706	rs266858
chr19	50841227	rs34575650
chr19	50842565	rs2569729
chr19	50845455	rs4239492
chr19	50845834	rs266849
chr19	50846460	rs10445554
chr19	50848678	rs266870
chr19	50849681	rs266868
chr19	50852394	rs266863
chr19	50854015	rs2739451
chr19	50854560	rs3760722
chr19	50855077	rs266881
chr19	50855432	rs2292185
chr19	50856197	rs2271095
chr19	50856831	rs1061476
chr19	50856840	rs1061477
chr19	50858216	rs2003783
chr19	50858501	rs17632542
chr19	50859048	rs11084034
chr19	50859770	rs2659122
chr19	50860142	rs1058205
chr19	50860405	rs6998
chr19	50861124	rs8104556
chr19	50861367	rs2735839
chr19	50861393	rs17632611
chr19	50862696	rs8112276
chr19	50866719	rs10401509
chr19	50868119	rs10409302
chr19	50868163	rs1506684
chr19	50869139	rs2569739
chr19	50869541	rs965537
chr19	50869934	rs1997563
chr19	50870791	rs3760724
chr19	50871711	rs10424878
chr19	50871889	rs12984214
chr19	50872347	rs7260115
chr19	50872460	rs3760731
chr19	50873774	rs2664155
chr19	50873907	rs2664156
chr19	50876637	rs198972
chr19	50878521	rs198977
chr19	50880094	rs187930
chr19	50880924	rs198979
chr19	50881997	rs16987929
chr19	50882146	rs8103659
chr19	50888400	rs2664144
chr19	50889862	rs1354774
chr19	50890575	rs10408670
chr19	50893324	rs998771
chr19	50896240	rs2659110
chr19	50897556	rs2659107
chr19	50898551	rs3875143
chr19	50905586	rs1701927
chr19	50907215	rs2235091
chr19	50907860	rs1654553
chr19	50909059	rs2242670
chr19	50910072	rs198968
chr19	50911709	rs2979452
chr19	50911894	rs2664152
chr19	50911996	rs2664153
chr19	50915249	rs7248321
chr19	50915604	rs13345980
chr19	50916290	rs1701930
chr19	50916438	rs1701932
chr19	50918235	rs2659079
chr19	50918723	rs10420003
chr19	50919621	rs10427094
chr19	50920290	rs8100631
chr19	50920372	rs8101572
chr19	50921598	rs268917
chr19	50921634	rs870361
chr19	50921850	rs17714461
chr19	50922148	rs7254626
chr19	50922619	rs8112574
chr19	50927340	rs7245858
chr19	50927597	rs12461743
chr19	50927903	rs1865069
chr19	50928191	rs7250053
chr19	50928580	rs7255268
chr19	50931014	rs2472258
chr19	50931371	rs1654546
chr19	50932596	rs1654545
chr19	50932811	rs1701908
chr19	50932841	rs1701909
chr19	50932999	rs1701910
chr19	50933576	rs7246283
chr19	50935221	rs7251270
chr19	50935953	rs7255259
chr19	50938551	rs8104441
chr19	50939443	rs268914
chr19	50939938	rs268913
chr19	50940983	rs268910
chr19	50943274	rs2659091
chr19	50944698	rs1897604
chr19	50946408	rs268909
chr19	50947081	rs11666803
chr19	50947278	rs10409028
chr19	50947673	rs268905
chr19	50952133	rs2569522
chr19	50956775	rs4592765
chr19	50957618	rs268888
chr19	50957933	rs268889
chr19	50963260	rs1654537
chr19	50968392	rs11666929
chr19	50971287	rs1701951
chr19	50972393	rs1654531
chr19	50972447	rs16988619
chr19	50974272	rs1618440
chr19	50976146	rs11084043
chr19	50977255	rs268885
chr19	50977726	rs1654527
chr19	50981938	rs1654523
chr19	50983811	rs1275221
chr19	50985190	rs995788
chr19	50986200	rs1701948
chr19	50987773	rs1654520
chr19	50987971	rs1722546
chr19	50988208	rs1122466
chr19	50988343	rs4299259
chr19	50988833	rs268899
chr19	50992430	rs1654559
chr19	50992453	rs1654558
chr19	50994163	rs906190
chr19	50994308	rs10451448
chr19	50995733	rs1654543
chr19	50995939	rs1612902
chr19	50997078	rs1722560
chr19	50998766	rs13345336
chr19	50999958	rs10408459
chr19	51000029	rs16988799
chr19	51000075	rs10409072
chr19	51002115	rs6509509
chr19	51002469	rs2569456
chr19	51002545	rs11084046
chr19	51002601	rs2659095
chr19	51002892	rs2659096
chr19	51003764	rs2075802
chr19	51004785	rs10420303
chr19	51006822	rs2569478
chr19	51011366	rs2569441
chr19	51012412	rs6509510
chr19	51012759	rs2739429
chr19	51013089	rs2739430
chr19	51014542	rs10426
chr19	51015041	rs2075695
chr19	51016332	rs6509512
chr19	51017231	rs3745535
chr19	51020021	rs7259651
chr19	51020641	rs3760738
chr19	51022447	rs1048344
chr19	51022832	rs2691208
chr19	51024108	rs1048328
chr19	51024785	rs3745539
chr19	51025863	rs2250066
chr19	51027437	rs1474520
chr19	51031874	rs3745540
chr19	51034426	rs3865443
chr19	51035305	rs3760739
chr19	51036971	rs8111766
chr19	51042794	rs7246950
chr19	51043331	rs2691228
chr19	51043385	rs2691229
chr19	51045643	rs2691233
chr19	51045941	rs2569469
chr19	51047598	rs8105944
chr19	51048555	rs2691239
chr19	51052328	rs2569471
chr19	51052388	rs2569472
chr19	51053117	rs11667291
chr19	51054435	rs2691241
chr19	51054496	rs2691242
chr19	51054952	rs2691243
chr19	51057210	rs1880413
chr19	51057766	rs8111658
chr19	51060708	rs2569474
chr19	51062718	rs2569475
chr19	51062940	rs1404319
chr19	51062974	rs1404318
chr19	51063011	rs1080669
chr19	51063616	rs10426620
chr19	51063686	rs2736433
chr19	51064053	rs11665682
chr19	51064733	rs10500306
chr19	51065433	rs3810091
chr19	51066291	rs2569476
chr19	51068740	rs12982823
chr19	51068811	rs17728296
chr19	51068898	rs1001538
chr19	51070781	rs7351079
chr19	51072024	rs1404316
chr19	51072167	rs2569481
chr19	51072841	rs16988866
chr19	51073017	rs2569484
chr19	51076389	rs2569488
chr19	51079737	rs11671800
chr19	51080151	rs11671942
chr19	51080359	rs867191
chr19	51080679	rs9304708
chr19	51081153	rs17658926
chr19	51081341	rs10500304
chr19	51081486	rs2569489
chr19	51081659	rs2569491
chr19	51082002	rs2691244
chr19	51082358	rs2072689
chr19	51084386	rs3745542
chr19	51089307	rs2091181
chr19	51091286	rs7343094
chr19	51091925	rs2691269
chr19	51092326	rs2691272
chr19	51092519	rs11667789
chr19	51092879	rs2691273
chr19	51095412	rs11666870
chr19	51096525	rs17715394
chr19	51097664	rs10403942
chr19	51098233	rs11084054
chr19	51105298	rs12462533
chr19	51106329	rs2569430
chr19	51107037	rs10405562
chr19	51107816	rs2569432
chr19	51108006	rs2569433
chr19	51111204	rs9917107
chr19	51124509	rs2673908
chr19	51125272	rs2075803
chr19	51130403	rs1568003
chr19	51136723	rs1710378
chr19	51138418	rs2455066
chr19	51139527	rs12983058
chr19	51152693	rs273660
chr19	51154343	rs273663
chr19	51154393	rs4801860
chr19	51156416	rs183893
chr19	51156502	rs273666
chr19	51157841	rs273670
chr19	51163715	rs1710362
chr19	51166402	rs273674
chr19	51166603	rs273675
chr19	51168810	rs273654
chr19	51168857	rs273655
chr19	51173042	rs273658
chr19	51173311	rs1055483
chr19	51173392	rs17801681
chr19	51173876	rs273659
chr19	51175173	rs2134068
chr19	51175226	rs7254514
chr19	51177310	rs11670380
chr19	51180140	rs7252160
chr19	51192653	rs11672116
chr19	51196555	rs10419722
chr19	51196567	rs1566577
chr19	51198635	rs10421385
chr19	51201783	rs7256201
chr19	51205243	rs7253654
chr19	51210809	rs3852865
chr19	51212018	rs12971624
chr19	51212723	rs11878816
chr19	51212754	rs11084060
chr19	51215581	rs273634
chr19	51215611	rs273635
chr19	51220856	rs273638
chr19	51220906	rs273639
chr19	51223357	rs3826656
chr19	51223655	rs1710398
chr19	51224066	rs1697553
chr19	51224706	rs3865444
chr19	51225385	rs2455069
chr19	51234736	rs1354106
chr19	51236512	rs1399839
chr19	51237584	rs273653
chr19	51237888	rs8112072
chr19	51238344	rs273652
chr19	51240790	rs8103085
chr19	51241887	rs1697531
chr19	51246334	rs1566578
chr19	51247868	rs11084063
chr19	51248679	rs989502
chr19	51250875	rs17801843
chr19	51251278	rs9676731
chr19	51256271	rs10402797
chr19	51256479	rs166653
chr19	51256682	rs273619
chr19	51259327	rs10412123
chr19	51259786	rs13344455
chr19	51261814	rs8102103
chr19	51262272	rs10406897
chr19	51262699	rs1697566
chr19	51263163	rs11084065
chr19	51264231	rs875283
chr19	51265713	rs1875425
chr19	51265891	rs10410689
chr19	51268011	rs16982604
chr19	51268030	rs7258998
chr19	51268161	rs17716016
chr19	51270548	rs1878047
chr19	51276338	rs1399838
chr19	51277180	rs10425711
chr19	51277740	rs11084067
chr19	51281207	rs1697559
chr19	51281892	rs17716134
chr19	51282296	rs1710386
chr19	51287738	rs2459144
chr19	51291193	rs273622
chr19	51293045	rs10414689
chr19	51293865	rs10419982
chr19	51294072	rs1399834
chr19	51295318	rs1875421
chr19	51298370	rs7260113
chr19	51298886	rs1710354
chr19	51299282	rs12976697
chr19	51300609	rs2062655
chr19	51302064	rs273628
chr19	51305105	rs2455075
chr19	51306710	rs273632
chr19	51308113	rs273629
chr19	51308534	rs10407329
chr19	51314897	rs6509525
chr19	51319761	rs7254116
chr19	51330750	rs3887787
chr19	51330940	rs3848559
chr19	51333917	rs7255306
chr19	51333959	rs7255412
chr19	51341724	rs8105710
chr19	51345570	rs8107232
chr19	51345580	rs8107235
chr19	51345715	rs8107468
chr19	51347343	rs3786629
chr19	51347513	rs3786627
chr19	51348475	rs8102334
chr19	51350098	rs4802787
chr19	51350214	rs4802789
chr19	51357922	rs12985380
chr19	51362018	rs12461410
chr19	51363853	rs11084071
chr19	51366092	rs3786625
chr19	51371487	rs5026035
chr19	51371696	rs3009
chr19	51372692	rs8109405
chr19	51375587	rs17659963
chr19	51376037	rs17716331
chr19	51377048	rs2547328
chr19	51377087	rs12983461
chr19	51378859	rs2547325
chr19	51379409	rs2547321
chr19	51379895	rs2547319
chr19	51380473	rs2547318
chr19	51383461	rs1978456
chr19	51383668	rs7250000
chr19	51385855	rs11669197
chr19	51386932	rs12976442
chr19	51387487	rs2547309
chr19	51388594	rs3826657
chr19	51388781	rs3826663
chr19	51388855	rs3826664
chr19	51391484	rs8111906
chr19	51394138	rs10419880
chr19	51396493	rs17729239
chr19	51399073	rs2898691
chr19	51400630	rs11666106
chr19	51400841	rs11666126
chr19	51401819	rs11671525
chr19	51403314	rs11880024
chr19	51404404	rs11878366
chr19	51404534	rs11878382
chr19	51406150	rs8107730
chr19	51408883	rs11880493
chr19	51412699	rs6509535
chr19	51414481	rs1974821
chr19	51417359	rs1010425
chr19	51417596	rs3810102
chr19	51422265	rs9304712
chr19	51427452	rs1820112
chr19	51433413	rs12461904
chr19	51436950	rs36513
chr19	51439673	rs36519
chr19	51443662	rs36524
chr19	51443947	rs40166
chr19	51444030	rs2547305
chr19	51448049	rs6509541
chr19	51450840	rs36489
chr19	51451468	rs10518263
chr19	51451604	rs39711
chr19	51454423	rs10408249
chr19	51457686	rs10409962
chr19	51458762	rs36496
chr19	51462741	rs36498
chr19	51464613	rs11672925
chr19	51469143	rs2607259
chr19	51469173	rs2607258
chr19	51472469	rs2864093
chr19	51474218	rs10424804
chr19	51474637	rs8101777
chr19	51479780	rs8101768
chr19	51481473	rs12610545
chr19	51481712	rs8109028
chr19	51483420	rs28460194
chr19	51485026	rs10414941
chr19	51485072	rs10416318
chr19	51485318	rs1902604
chr19	51486000	rs1993461
chr19	51487987	rs12327808
chr19	51488174	rs726763
chr19	51488767	rs4267441
chr19	51490472	rs10413294
chr19	51493138	rs4349265
chr19	51497370	rs3752135
chr19	51497418	rs3829658
chr19	51498231	rs11668530
chr19	51499475	rs2009362
chr19	51499835	rs10420457
chr19	51500735	rs3810105
chr19	51501489	rs3810110
chr19	51501493	rs2034891
chr19	51501649	rs16982743
chr19	51502080	rs1551555
chr19	51502415	rs1551556
chr19	51502426	rs1551557
chr19	51503097	rs3810114
chr19	51505500	rs8102707
chr19	51506306	rs11084083
chr19	51506596	rs10421023
chr19	51507150	rs8110247
chr19	51507790	rs9676254
chr19	51507910	rs9676256
chr19	51508038	rs9676266
chr19	51508075	rs9676272
chr19	51508344	rs13343377
chr19	51508676	rs9304718
chr19	51509775	rs7247464
chr19	51510105	rs7246846
chr19	51510652	rs16982761
chr19	51510752	rs962130
chr19	51510892	rs962129
chr19	51511173	rs8105279
chr19	51514233	rs16982764
chr19	51514686	rs8106598
chr19	51515220	rs6509546
chr19	51515286	rs12972180
chr19	51515463	rs7253637
chr19	51518283	rs1457098
chr19	51518779	rs17239287
chr19	51521450	rs2902665
chr19	51521993	rs2124910
chr19	51522219	rs2168643
chr19	51523346	rs10410468
chr19	51523699	rs12972472
chr19	51524422	rs4801874
chr19	51525696	rs10221457
chr19	51527116	rs2864104
chr19	51527130	rs11084085
chr19	51527194	rs4802807
chr19	51527236	rs2864105
chr19	51528062	rs2290661
chr19	51529101	rs8182477
chr19	51529278	rs10405214
chr19	51529952	rs2005199
chr19	51531215	rs1993462
chr19	51531805	rs12609761
chr19	51536592	rs12459644
chr19	51537066	rs7250538
chr19	51538631	rs2054191
chr19	51540139	rs4802808
chr19	51540359	rs4801875
chr19	51543824	rs10422359
chr19	51544061	rs3794986
chr19	51546646	rs3752133
chr19	51546973	rs4802810
chr19	51549877	rs17660319
chr19	51551573	rs736574
chr19	51555208	rs10412859
chr19	51555608	rs1080581
chr19	51558357	rs17716726
chr19	51560563	rs17660384
chr19	51561224	rs8108872
chr19	51561289	rs11084088
chr19	51565474	rs7257832
chr19	51565774	rs2864107
chr19	51566295	rs1466302
chr19	51566647	rs1125620
chr19	51571113	rs7245838
chr19	51571221	rs7260534
chr19	51571508	rs3752129
chr19	51572369	rs6509552
chr19	51573228	rs2305371
chr19	51573707	rs8111685
chr19	51576748	rs1551158
chr19	51580254	rs17716848
chr19	51580299	rs7245800
chr19	51585165	rs11667382
chr19	51586471	rs4507016
chr19	51591184	rs12975196
chr19	51591709	rs4802818
chr19	51592324	rs7259469
chr19	51594208	rs7252645
chr19	51595208	rs1868945
chr19	51605407	rs4802826
chr19	51605429	rs7247244
chr19	51605677	rs10500308
chr19	51606249	rs8105418
chr19	51610285	rs4802828
chr19	51615045	rs7251848
chr19	51616293	rs11084094
chr19	51620296	rs2053924
chr19	51623777	rs11084095
chr19	51623800	rs4801882
chr19	51623881	rs4802831
chr19	51624491	rs10414149
chr19	51625542	rs11084096
chr19	51627084	rs8105105
chr19	51627235	rs17740650
chr19	51627535	rs8104955
chr19	51627678	rs8108078
chr19	51627866	rs2278831
chr19	51628480	rs4284742
chr19	51647348	rs7359936
chr19	51648764	rs4356587
chr19	51651652	rs10412972
chr19	51651888	rs10413597
chr19	51652196	rs16982895
chr19	51652217	rs7252972
chr19	51653283	rs11882916
chr19	51654433	rs11666027
chr19	51654508	rs2167421
chr19	51654593	rs11084098
chr19	51654949	rs17717333
chr19	51655026	rs12462026
chr19	51655063	rs7250849
chr19	51655140	rs12459772
chr19	51655459	rs8105064
chr19	51657052	rs7260152
chr19	51657782	rs12459503
chr19	51659463	rs11084102
chr19	51659782	rs16982907
chr19	51659803	rs7248908
chr19	51660131	rs6509564
chr19	51661874	rs16982912
chr19	51662567	rs3931151
chr19	51663582	rs10853838
chr19	51664841	rs2053926
chr19	51666449	rs11665668
chr19	51668856	rs10408696
chr19	51670158	rs10853839
chr19	51672301	rs11670644
chr19	51674633	rs2198166
chr19	51675297	rs1868939
chr19	51677116	rs7254007
chr19	51677836	rs12981705
chr19	51678028	rs12983624
chr19	51678142	rs12982077
chr19	51678545	rs11673260
chr19	51678762	rs4802839
chr19	51680631	rs10407039
chr19	51681291	rs11670586
chr19	51683264	rs2902883
chr19	51683910	rs2034576
chr19	51684315	rs11670215
chr19	51684549	rs1868940
chr19	51685493	rs12984389
chr19	51685899	rs12974855
chr19	51687306	rs11084108
chr19	51687867	rs10405559
chr19	51692221	rs8111742
chr19	51694877	rs8109852
chr19	51695401	rs12462673
chr19	51698510	rs4802841
chr19	51701538	rs4239495
chr19	51701689	rs2167418
chr19	51702357	rs2290282
chr19	51706246	rs16982947
chr19	51707674	rs10422727
chr19	51708473	rs2864920
chr19	51710490	rs2864922
chr19	51712305	rs4802847
chr19	51713211	rs3829649
chr19	51713310	rs3829647
chr19	51715673	rs11667949
chr19	51716766	rs11084109
chr19	51717098	rs11084111
chr19	51717878	rs4802851
chr19	51719868	rs7248778
chr19	51722514	rs4802856
chr19	51724663	rs11672222
chr19	51724760	rs10417548
chr19	51725148	rs3829646
chr19	51725236	rs3794978
chr19	51725506	rs3794977
chr19	51727779	rs10413815
chr19	51728723	rs8112223
chr19	51734449	rs4801889
chr19	51735579	rs10422751
chr19	51735735	rs17661268
chr19	51736576	rs17661280
chr19	51736996	rs1993104
chr19	51737065	rs11670567
chr19	51737589	rs10412020
chr19	51740674	rs11672811
chr19	51742862	rs8104633
chr19	51742904	rs8104640
chr19	51743068	rs7250851
chr19	51745867	rs867341
chr19	51745958	rs867228
chr19	51746449	rs2070746
chr19	51746689	rs28930680
chr19	51746963	rs5030878
chr19	51747508	rs7253284
chr19	51750454	rs11673446
chr19	51750853	rs17803207
chr19	51751098	rs4801891
chr19	51751943	rs4802859
chr19	51752736	rs12610918
chr19	51755288	rs4802861
chr19	51756318	rs11667868
chr19	51757050	rs12460836
chr19	51757101	rs8111423
chr19	51759909	rs11666254
chr19	51762819	rs4801893
chr19	51764308	rs10853843
chr19	51765719	rs4802863
chr19	51767689	rs17695032
chr19	51767765	rs17756805
chr19	51768056	rs12984050
chr19	51768238	rs17756817
chr19	51770004	rs17695064
chr19	51781070	rs6509571
chr19	51781418	rs7248495
chr19	51782576	rs11672249
chr19	51784199	rs7260516
chr19	51788311	rs17761770
chr19	51789532	rs2218888
chr19	51789880	rs8102075
chr19	51790844	rs12985955
chr19	51793600	rs1978242
chr19	51794141	rs1979147
chr19	51794872	rs4802865
chr19	51795028	rs12609373
chr19	51795072	rs7254413
chr19	51795237	rs11084120
chr19	51795259	rs11084121
chr19	51795323	rs12610825
chr19	51796100	rs10423494
chr19	51796174	rs10424234
chr19	51796422	rs4802866
chr19	51796632	rs4802867
chr19	51797810	rs11667325
chr19	51798318	rs10412841
chr19	51798407	rs2902888
chr19	51798528	rs961551
chr19	51798607	rs961552
chr19	51800893	rs10421380
chr19	51801905	rs11665891
chr19	51803171	rs12459754
chr19	51803294	rs7250773
chr19	51804572	rs7258819
chr19	51806859	rs7252329
chr19	51808242	rs8111509
chr19	51808838	rs7253182
chr19	51810760	rs4802869
chr19	51815127	rs12459560
chr19	51817487	rs4802871
chr19	51819940	rs7247613
chr19	51820963	rs17695224
chr19	51820981	rs17761865
chr19	51824531	rs3752125
chr19	51827056	rs4802875
chr19	51829123	rs10500309
chr19	51829765	rs10500310
chr19	51837424	rs2109656
chr19	51837473	rs2109657
chr19	51838871	rs2109658
chr19	51839881	rs12460012
chr19	51842216	rs8099997
chr19	51843805	rs10153489
chr19	51843912	rs10415056
chr19	51844376	rs6509574
chr19	51846246	rs10153456
chr19	51846989	rs7252250
chr19	51848712	rs7251993
chr19	51850581	rs11665868
chr19	51853538	rs7256036
chr19	51855916	rs1056294
chr19	51856730	rs3752123
chr19	51862401	rs4514789
chr19	51865214	rs8106929
chr19	51865816	rs8111316
chr19	51867923	rs10409620
chr19	51869723	rs10411161
chr19	51870865	rs6509585
chr19	51871124	rs7256273
chr19	51871449	rs9807901
chr19	51871986	rs8113388
chr19	51872046	rs8100307
chr19	51872171	rs1055408
chr19	51872787	rs10407707
chr19	51872866	rs10407911
chr19	51872873	rs10407547
chr19	51872954	rs9807842
chr19	51872973	rs9807840
chr19	51873254	rs2288868
chr19	51874446	rs11667993
chr19	51876582	rs3848562
chr19	51878363	rs17778649
chr19	51878609	rs12150982
chr19	51880303	rs8110546
chr19	51880396	rs8111551
chr19	51882047	rs17778711
chr19	51882267	rs7250193
chr19	51883470	rs16983200
chr19	51883528	rs17835311
chr19	51884976	rs8102738
chr19	51885293	rs11878583
chr19	51885804	rs7251571
chr19	51886339	rs11879319
chr19	51887473	rs1433082
chr19	51888516	rs7247017
chr19	51888888	rs4584941
chr19	51889897	rs6509592
chr19	51890731	rs1433083
chr19	51893288	rs892039
chr19	51897420	rs10403189
chr19	51900263	rs1549931
chr19	51903526	rs9973239
chr19	51905573	rs8101509
chr19	51911382	rs11878440
chr19	51915692	rs16983231
chr19	51916100	rs17695651
chr19	51918551	rs11669762
chr19	51922833	rs2867321
chr19	51926422	rs7258377
chr19	51927486	rs12461478
chr19	51929462	rs12462816
chr19	51931453	rs17835435
chr19	51934234	rs11666461
chr19	51935094	rs919779
chr19	51936045	rs4801902
chr19	51939009	rs7246064
chr19	51942133	rs8113308
chr19	51943815	rs8105910
chr19	51946390	rs8100521
chr19	51946856	rs11879040
chr19	51946886	rs11881650
chr19	51948085	rs7255377
chr19	51948863	rs8105110
chr19	51950509	rs11672744
chr19	51951996	rs1549932
chr19	51954053	rs1017379
chr19	51954526	rs2015845
chr19	51955164	rs8101184
chr19	51956797	rs8109375
chr19	51962812	rs6509607
chr19	51964569	rs2278414
chr19	51964781	rs4986770
chr19	51965745	rs4988334
chr19	51968311	rs2278416
chr19	51968516	rs2278417
chr19	51968560	rs2278419
chr19	51968619	rs2278420
chr19	51970570	rs7253957
chr19	51976380	rs2082438
chr19	51984525	rs11672956
chr19	51985458	rs8102072
chr19	51986488	rs17695888
chr19	51987997	rs8112515
chr19	51990054	rs8113758
chr19	51992550	rs2288887
chr19	51992896	rs16983353
chr19	51993997	rs1978717
chr19	51994690	rs10500311
chr19	51995269	rs1836002
chr19	51997362	rs17835649
chr19	51998068	rs11878803
chr19	52001667	rs2903709
chr19	52001980	rs2304144
chr19	52003732	rs1433089
chr19	52004285	rs2903710
chr19	52005392	rs7257830
chr19	52007964	rs8108118
chr19	52009443	rs11084130
chr19	52013985	rs12462876
chr19	52014267	rs8111873
chr19	52016355	rs8104890
chr19	52018043	rs9636139
chr19	52018675	rs12610953
chr19	52025691	rs7343140
chr19	52025821	rs6509613
chr19	52027242	rs7260171
chr19	52029018	rs2288884
chr19	52029323	rs7255485
chr19	52030052	rs8112458
chr19	52032168	rs12462359
chr19	52035025	rs6509616
chr19	52035175	rs11881700
chr19	52035990	rs17779301
chr19	52039212	rs7260097
chr19	52044172	rs11879112
chr19	52044326	rs7251200
chr19	52047148	rs17779341
chr19	52047789	rs17835716
chr19	52048768	rs3752120
chr19	52049746	rs3450
chr19	52061460	rs2163820
chr19	52067530	rs16983414
chr19	52069814	rs2043298
chr19	52071170	rs17779382
chr19	52071470	rs4801908
chr19	52075094	rs1560690
chr19	52077543	rs6509620
chr19	52077769	rs6509621
chr19	52083666	rs12460587
chr19	52085465	rs4145658
chr19	52086079	rs7250212
chr19	52092677	rs4566288
chr19	52093712	rs8100579
chr19	52096035	rs7254507
chr19	52096791	rs4629085
chr19	52098146	rs11666341
chr19	52104512	rs10411428
chr19	52109792	rs28411159
chr19	52114045	rs10418739
chr19	52114116	rs1147
chr19	52115812	rs3764537
chr19	52118391	rs8111640
chr19	52121389	rs10406099
chr19	52124096	rs8100114
chr19	52125157	rs8104987
chr19	52128162	rs10084117
chr19	52134621	rs8102485
chr19	52134638	rs8103346
chr19	52135581	rs4802895
chr19	52138266	rs12459227
chr19	52142322	rs10420670
chr19	52144640	rs8107315
chr19	52151580	rs10401282
chr19	52153796	rs11672061
chr19	52157026	rs1366245
chr19	52157530	rs17696575
chr19	52159127	rs8107412
chr19	52159397	rs17769264
chr19	52160766	rs3794976
chr19	52162007	rs8104920
chr19	52163070	rs7255706
chr19	52165116	rs919272
chr19	52165161	rs919271
chr19	52165300	rs919270
chr19	52165444	rs2013899
chr19	52167585	rs10401750
chr19	52167652	rs7246914
chr19	52170148	rs11666474
chr19	52174918	rs17835885
chr19	52175810	rs1465556
chr19	52177157	rs10406151
chr19	52177685	rs10410908
chr19	52177857	rs10411335
chr19	52179259	rs2059810
chr19	52179313	rs2059809
chr19	52184435	rs997703
chr19	52189043	rs8107383
chr19	52190024	rs13344984
chr19	52196187	rs6509626
chr19	52199525	rs10424348
chr19	52200006	rs16983549
chr19	52201708	rs10420138
chr19	52204255	rs8103874
chr19	52204721	rs17835915
chr19	52206493	rs10423794
chr19	52207761	rs1560092
chr19	52208067	rs7251605
chr19	52209128	rs10520481
chr19	52209575	rs10412613
chr19	52209775	rs8106271
chr19	52212017	rs1056348
chr19	52212463	rs10403154
chr19	52213979	rs1006111
chr19	52215546	rs755533
chr19	52215937	rs755531
chr19	52216338	rs2303685
chr19	52217804	rs10419304
chr19	52220331	rs2288409
chr19	52220677	rs8100500
chr19	52220774	rs8100600
chr19	52220842	rs4802905
chr19	52221275	rs8101990
chr19	52221573	rs3745097
chr19	52223093	rs10417820
chr19	52223211	rs9917069
chr19	52223795	rs7259175
chr19	52225777	rs10413435
chr19	52227089	rs10421191
chr19	52230699	rs16983598
chr19	52230788	rs16983603
chr19	52230947	rs10425135
chr19	52231432	rs10426786
chr19	52232045	rs4802906
chr19	52232455	rs7249460
chr19	52238459	rs6509628
chr19	52238963	rs7256300
chr19	52238987	rs7256312
chr19	52239113	rs17835942
chr19	52239142	rs7256125
chr19	52241364	rs7250109
chr19	52241836	rs16983625
chr19	52249551	rs13343453
chr19	52257962	rs8108011
chr19	52257991	rs8108020
chr19	52258035	rs8108037
chr19	52263609	rs4802915
chr19	52264844	rs9304727
chr19	52265179	rs10404635
chr19	52269515	rs2657930
chr19	52269760	rs2560877
chr19	52269786	rs2657929
chr19	52274196	rs2657924
chr19	52281652	rs41497444
chr19	52284200	rs2657932
chr19	52284330	rs2560903
chr19	52284791	rs321908
chr19	52285036	rs321907
chr19	52289483	rs10411351
chr19	52292429	rs1048399
chr19	52292732	rs10414779
chr19	52297524	rs3810123
chr19	52297615	rs3810121
chr19	52303059	rs11880474
chr19	52305733	rs321913
chr19	52311895	rs8112051
chr19	52312637	rs7247178
chr19	52321779	rs13343641
chr19	52325387	rs321935
chr19	52328588	rs4801912
chr19	52329577	rs2115075
chr19	52331957	rs321930
chr19	52332211	rs321929
chr19	52333321	rs16983718
chr19	52334684	rs321921
chr19	52336221	rs6509631
chr19	52336691	rs167707
chr19	52337709	rs890842
chr19	52340999	rs16983744
chr19	52341077	rs6509632
chr19	52342211	rs4801913
chr19	52342896	rs321961
chr19	52342959	rs321959
chr19	52344460	rs10402784
chr19	52344735	rs8104612
chr19	52349270	rs321953
chr19	52352050	rs3745098
chr19	52353702	rs1961205
chr19	52354146	rs2251559
chr19	52355645	rs321949
chr19	52355754	rs321948
chr19	52356575	rs321946
chr19	52356802	rs321945
chr19	52357095	rs321941
chr19	52360583	rs2657940
chr19	52360653	rs321938
chr19	52362918	rs2560878
chr19	52365769	rs2241586
chr19	52366059	rs162120
chr19	52366281	rs162119
chr19	52368293	rs17697222
chr19	52369752	rs707313
chr19	52369770	rs707312
chr19	52370365	rs17780009
chr19	52370887	rs12976033
chr19	52371040	rs12976751
chr19	52373965	rs780726
chr19	52377012	rs4802926
chr19	52377513	rs324087
chr19	52379267	rs2059818
chr19	52381756	rs1993530
chr19	52382884	rs324126
chr19	52383634	rs11084156
chr19	52383652	rs11084157
chr19	52384029	rs324125
chr19	52384174	rs8104808
chr19	52385367	rs3170100
chr19	52391192	rs324121
chr19	52391913	rs12974142
chr19	52392632	rs324120
chr19	52393696	rs11879821
chr19	52396303	rs324119
chr19	52397593	rs11672854
chr19	52398652	rs3745099
chr19	52401814	rs324091
chr19	52406050	rs2290745
chr19	52406205	rs2245620
chr19	52406254	rs2290747
chr19	52413945	rs1824245
chr19	52414098	rs324108
chr19	52414470	rs4801914
chr19	52414654	rs4802932
chr19	52418653	rs2059816
chr19	52421926	rs16983796
chr19	52422531	rs12608629
chr19	52422567	rs4802933
chr19	52422579	rs4802934
chr19	52424786	rs9630874
chr19	52426002	rs6509635
chr19	52429167	rs8182486
chr19	52433847	rs2560996
chr19	52434086	rs17780173
chr19	52435868	rs6509637
chr19	52438287	rs1366257
chr19	52438906	rs2608497
chr19	52441917	rs1896644
chr19	52442941	rs2561008
chr19	52443037	rs2561009
chr19	52444414	rs2561012
chr19	52446315	rs2561018
chr19	52446427	rs2608543
chr19	52451254	rs324104
chr19	52451684	rs324103
chr19	52452873	rs324096
chr19	52454671	rs2115101
chr19	52458584	rs2081894
chr19	52460397	rs11084166
chr19	52465131	rs324114
chr19	52465351	rs6509641
chr19	52470939	rs324118
chr19	52470970	rs1673892
chr19	52471990	rs1673894
chr19	52472328	rs970554
chr19	52473128	rs979158
chr19	52473427	rs1457858
chr19	52473521	rs4340424
chr19	52475774	rs1673905
chr19	52490367	rs1673917
chr19	52492476	rs11084169
chr19	52492851	rs36680
chr19	52498046	rs329929
chr19	52502350	rs324748
chr19	52503687	rs781121
chr19	52505839	rs7252479
chr19	52506861	rs2115371
chr19	52510546	rs1984450
chr19	52511093	rs161931
chr19	52512611	rs172956
chr19	52512876	rs161930
chr19	52513964	rs621469
chr19	52514440	rs633763
chr19	52528280	rs329948
chr19	52531345	rs781129
chr19	52537854	rs685200
chr19	52537866	rs529698
chr19	52538742	rs2617795
chr19	52540022	rs607477
chr19	52543026	rs441549
chr19	52546881	rs326441
chr19	52555982	rs9676916
chr19	52556619	rs12986137
chr19	52560883	rs10417895
chr19	52562408	rs12985487
chr19	52562561	rs8103262
chr19	52563604	rs12327639
chr19	52563640	rs12327640
chr19	52564040	rs4401146
chr19	52567364	rs329966
chr19	52567902	rs329967
chr19	52582560	rs3745101
chr19	52584239	rs433377
chr19	52584626	rs8105873
chr19	52589212	rs7247002
chr19	52596156	rs2068066
chr19	52596384	rs4801921
chr19	52596400	rs4801922
chr19	52596505	rs4801923
chr19	52597124	rs7250969
chr19	52600622	rs12971484
chr19	52600839	rs7260122
chr19	52602294	rs329973
chr19	52611014	rs10409120
chr19	52612341	rs11668173
chr19	52612590	rs13103
chr19	52612807	rs1046648
chr19	52613390	rs11545619
chr19	52614278	rs1056185
chr19	52614556	rs10406458
chr19	52615025	rs1012531
chr19	52615301	rs1012532
chr19	52615776	rs7257138
chr19	52616555	rs10421152
chr19	52617306	rs10401904
chr19	52617918	rs1015304
chr19	52634330	rs8106200
chr19	52634690	rs6509658
chr19	52635191	rs423403
chr19	52637196	rs13345832
chr19	52637309	rs438943
chr19	52638313	rs8108275
chr19	52640363	rs10418303
chr19	52640663	rs329957
chr19	52640829	rs329955
chr19	52641567	rs329953
chr19	52644517	rs12980672
chr19	52646714	rs475188
chr19	52649670	rs329961
chr19	52653843	rs4287691
chr19	52654770	rs11667299
chr19	52655335	rs3745104
chr19	52658849	rs7246133
chr19	52659229	rs7245929
chr19	52659718	rs8103317
chr19	52659794	rs4464193
chr19	52660609	rs12974023
chr19	52660919	rs10415801
chr19	52668118	rs8107738
chr19	52668524	rs8108414
chr19	52671183	rs2054446
chr19	52674505	rs2018204
chr19	52679045	rs8110016
chr19	52679298	rs7256113
chr19	52680951	rs12978409
chr19	52682852	rs12980139
chr19	52683583	rs17633817
chr19	52686319	rs899218
chr19	52691091	rs11882311
chr19	52692343	rs4802982
chr19	52692949	rs4802984
chr19	52699649	rs1140845
chr19	52703472	rs34312893
chr19	52703929	rs7256563
chr19	52709108	rs11084178
chr19	52728875	rs10853854
chr19	52729040	rs10853855
chr19	52730020	rs4802987
chr19	52732993	rs4801931
chr19	52733078	rs7247272
chr19	52736513	rs7260006
chr19	52737854	rs13344253
chr19	52738287	rs11671744
chr19	52739773	rs7253411
chr19	52741685	rs10403312
chr19	52744788	rs8112908
chr19	52746094	rs7249213
chr19	52749264	rs1072678
chr19	52764253	rs11667063
chr19	52767207	rs4614842
chr19	52771143	rs8112180
chr19	52775700	rs7507442
chr19	52775729	rs9304736
chr19	52780882	rs10404486
chr19	52784848	rs10407762
chr19	52784883	rs10407941
chr19	52785620	rs12973596
chr19	52789591	rs10404881
chr19	52790581	rs7252166
chr19	52792283	rs10422970
chr19	52793118	rs10402560
chr19	52793157	rs10402737
chr19	52794513	rs12983988
chr19	52797731	rs9917029
chr19	52799228	rs10407539
chr19	52799369	rs10408156
chr19	52801989	rs12461390
chr19	52807556	rs1019497
chr19	52808310	rs7257682
chr19	52813748	rs10426358
chr19	52827416	rs2013647
chr19	52828661	rs10423685
chr19	52828786	rs10423923
chr19	52833114	rs10401828
chr19	52836796	rs8101712
chr19	52837384	rs11670154
chr19	52837820	rs11671158
chr19	52838585	rs7247271
chr19	52838899	rs1062967
chr19	52841448	rs10420793
chr19	52846597	rs12982980
chr19	52848448	rs4801939
chr19	52850383	rs7257628
chr19	52855636	rs6509698
chr19	52859452	rs7258677
chr19	52860885	rs10410884
chr19	52864139	rs1966574
chr19	52866592	rs11669868
chr19	52867092	rs13345475
chr19	52870779	rs4803017
chr19	52871309	rs8111139
chr19	52871534	rs8110526
chr19	52871654	rs12972155
chr19	52876425	rs7819
chr19	52878176	rs2162919
chr19	52880932	rs6509701
chr19	52889834	rs12459292
chr19	52891906	rs12977727
chr19	52893995	rs11666561
chr19	52897507	rs3810115
chr19	52898068	rs7251811
chr19	52904544	rs7254555
chr19	52907120	rs2870128
chr19	52910572	rs1978616
chr19	52916702	rs4803023
chr19	52917105	rs723864
chr19	52921071	rs7251313
chr19	52922676	rs10425203
chr19	52928741	rs8109900
chr19	52929801	rs12971916
chr19	52933084	rs11673295
chr19	52936228	rs8110394
chr19	52936940	rs8100597
chr19	52937122	rs10402901
chr19	52948038	rs9304742
chr19	52949712	rs3745177
chr19	52957608	rs11084211
chr19	52961386	rs10410213
chr19	52961755	rs11668097
chr19	52961847	rs10415950
chr19	52962271	rs4803025
chr19	52962961	rs4803026
chr19	52966751	rs12972202
chr19	52967183	rs9967593
chr19	52971136	rs10164358
chr19	52971207	rs1650966
chr19	52974856	rs1661957
chr19	52977894	rs10416626
chr19	52979376	rs329730
chr19	52980779	rs2015565
chr19	52981837	rs8102939
chr19	52982561	rs329723
chr19	52982807	rs1867055
chr19	52982996	rs11667742
chr19	52985874	rs7251099
chr19	52992080	rs182775
chr19	53002559	rs1661917
chr19	53002607	rs16984291
chr19	53002668	rs1650946
chr19	53003289	rs11670490
chr19	53003479	rs16984293
chr19	53003952	rs11671598
chr19	53005259	rs1650936
chr19	53005305	rs1650935
chr19	53007392	rs11667093
chr19	53011074	rs1650930
chr19	53011351	rs10426414
chr19	53015261	rs11670105
chr19	53018847	rs8109866
chr19	53028888	rs2012446
chr19	53034670	rs12981308
chr19	53035252	rs329747
chr19	53037087	rs10425110
chr19	53037859	rs329744
chr19	53045697	rs6509718
chr19	53049043	rs12151194
chr19	53050987	rs7259688
chr19	53051066	rs7258746
chr19	53051103	rs2560955
chr19	53051455	rs2560954
chr19	53054496	rs189070
chr19	53061869	rs1661943
chr19	53063376	rs10422185
chr19	53064898	rs10409615
chr19	53065998	rs1142585
chr19	53067614	rs10405102
chr19	53068053	rs2288421
chr19	53071684	rs4803044
chr19	53071715	rs12980010
chr19	53071855	rs179312
chr19	53072551	rs12609697
chr19	53077898	rs7254015
chr19	53078878	rs4801950
chr19	53078996	rs11670859
chr19	53079183	rs4801951
chr19	53081165	rs329705
chr19	53081483	rs12984129
chr19	53082850	rs329701
chr19	53084092	rs10420066
chr19	53084117	rs10419891
chr19	53085796	rs329719
chr19	53092916	rs6509724
chr19	53093561	rs8100002
chr19	53095576	rs16984438
chr19	53096365	rs4411612
chr19	53097592	rs4801954
chr19	53098396	rs10407043
chr19	53099700	rs8102799
chr19	53100337	rs12979992
chr19	53104003	rs16984450
chr19	53104815	rs12975371
chr19	53107934	rs3814
chr19	53108220	rs1045764
chr19	53109467	rs1560099
chr19	53109492	rs1133327
chr19	53109504	rs1054485
chr19	53109602	rs16984466
chr19	53109736	rs1054484
chr19	53112738	rs7251341
chr19	53113120	rs7252862
chr19	53114565	rs12985137
chr19	53115660	rs8104108
chr19	53116138	rs3745180
chr19	53116212	rs3745181
chr19	53117725	rs2870443
chr19	53120518	rs7259819
chr19	53120743	rs16984492
chr19	53123260	rs2042908
chr19	53124524	rs11878412
chr19	53125400	rs12462064
chr19	53129643	rs1661926
chr19	53130297	rs10423632
chr19	53130481	rs1661929
chr19	53131674	rs9967612
chr19	53132763	rs1650929
chr19	53133862	rs2870444
chr19	53138649	rs1661933
chr19	53139647	rs984871
chr19	53140244	rs1650972
chr19	53142038	rs2195310
chr19	53143935	rs10408917
chr19	53145820	rs10423215
chr19	53147676	rs7251457
chr19	53152240	rs4575636
chr19	53157241	rs8107811
chr19	53161195	rs8101710
chr19	53163407	rs1133146
chr19	53163492	rs1133145
chr19	53163873	rs12971799
chr19	53163894	rs6509728
chr19	53164042	rs12972121
chr19	53164104	rs12985467
chr19	53164551	rs4801958
chr19	53165296	rs10409924
chr19	53166020	rs4801959
chr19	53166239	rs12460170
chr19	53168784	rs4803055
chr19	53172468	rs12460704
chr19	53176696	rs8102278
chr19	53177202	rs8101962
chr19	53178789	rs16984547
chr19	53180969	rs17272889
chr19	53184565	rs4334413
chr19	53190271	rs4614848
chr19	53190970	rs7247109
chr19	53191294	rs11666426
chr19	53191888	rs4803058
chr19	53193266	rs11084223
chr19	53194115	rs11669754
chr19	53194684	rs8103620
chr19	53199255	rs6509732
chr19	53201309	rs17206939
chr19	53202301	rs4801965
chr19	53203731	rs12610332
chr19	53204792	rs17272903
chr19	53212937	rs10775558
chr19	53213025	rs10853858
chr19	53215862	rs7247982
chr19	53215997	rs9788
chr19	53220203	rs4803069
chr19	53220360	rs4803070
chr19	53220426	rs12981894
chr19	53221095	rs16984581
chr19	53223722	rs10425196
chr19	53224029	rs11084227
chr19	53224139	rs10401578
chr19	53225122	rs7249931
chr19	53228237	rs10404048
chr19	53228501	rs4803071
chr19	53229337	rs12984150
chr19	53229848	rs4411615
chr19	53235732	rs6509740
chr19	53236705	rs17272966
chr19	53237815	rs12984188
chr19	53237935	rs12984473
chr19	53237966	rs10425706
chr19	53239881	rs7246435
chr19	53241307	rs7250202
chr19	53242904	rs2914383
chr19	53243387	rs2965224
chr19	53243685	rs11881125
chr19	53247232	rs2965228
chr19	53247262	rs8100275
chr19	53249237	rs2965232
chr19	53251483	rs2965240
chr19	53252591	rs2965241
chr19	53252867	rs2914372
chr19	53252940	rs2965242
chr19	53254252	rs8107688
chr19	53254693	rs2965245
chr19	53256268	rs1469440
chr19	53257572	rs2914370
chr19	53259284	rs12609049
chr19	53259833	rs2914367
chr19	53260467	rs7256218
chr19	53263927	rs12980055
chr19	53264317	rs2965265
chr19	53265680	rs1978611
chr19	53266082	rs2914360
chr19	53266488	rs10412309
chr19	53266608	rs16984664
chr19	53271923	rs2965262
chr19	53272433	rs2965261
chr19	53273415	rs2914357
chr19	53273945	rs2914356
chr19	53274077	rs4263048
chr19	53274518	rs17207094
chr19	53274943	rs10412241
chr19	53275086	rs12610550
chr19	53275387	rs2914355
chr19	53275833	rs16984712
chr19	53276343	rs2914354
chr19	53276773	rs2965260
chr19	53276944	rs10426913
chr19	53277179	rs10402616
chr19	53277713	rs10407424
chr19	53278427	rs10410619
chr19	53280691	rs10416473
chr19	53286130	rs3960965
chr19	53286638	rs7249558
chr19	53289789	rs8109165
chr19	53290321	rs2865248
chr19	53295692	rs4801974
chr19	53296406	rs11084235
chr19	53298229	rs12461082
chr19	53304401	rs10406904
chr19	53304513	rs10405945
chr19	53305781	rs9304745
chr19	53306662	rs2052858
chr19	53308536	rs16984802
chr19	53309270	rs1428642
chr19	53309491	rs1428641
chr19	53310547	rs10410858
chr19	53311321	rs7255074
chr19	53312210	rs7259163
chr19	53312388	rs10425252
chr19	53313384	rs7248770
chr19	53314136	rs12972130
chr19	53315183	rs7256991
chr19	53316747	rs8104591
chr19	53319341	rs12983823
chr19	53319646	rs7255825
chr19	53322558	rs2865266
chr19	53322920	rs7253832
chr19	53324968	rs12150892
chr19	53325802	rs8105396
chr19	53325868	rs8104523
chr19	53329047	rs17305094
chr19	53330415	rs34463842
chr19	53330459	rs11672485
chr19	53340746	rs10405660
chr19	53346041	rs8109411
chr19	53346193	rs4803089
chr19	53355929	rs12609817
chr19	53358005	rs11879614
chr19	53365989	rs12104322
chr19	53368137	rs4801979
chr19	53369175	rs12975688
chr19	53370353	rs7259646
chr19	53372855	rs12978545
chr19	53372898	rs8110329
chr19	53374281	rs8101653
chr19	53374451	rs4801980
chr19	53377920	rs11666289
chr19	53381159	rs4438413
chr19	53385373	rs2708712
chr19	53389502	rs2708706
chr19	53390085	rs7255193
chr19	53390815	rs8111882
chr19	53391809	rs2617648
chr19	53393380	rs12610602
chr19	53396620	rs2617640
chr19	53399360	rs10418296
chr19	53401212	rs4803101
chr19	53407265	rs2061771
chr19	53407659	rs2061773
chr19	53408257	rs8182488
chr19	53408989	rs10426347
chr19	53417738	rs11671655
chr19	53419034	rs4803106
chr19	53419223	rs17273078
chr19	53419262	rs7250240
chr19	53426511	rs3929239
chr19	53429042	rs12977919
chr19	53429076	rs12979951
chr19	53431351	rs4803113
chr19	53431384	rs12981260
chr19	53436333	rs11084246
chr19	53436437	rs11666558
chr19	53436769	rs2708803
chr19	53438694	rs2617751
chr19	53439900	rs6509765
chr19	53439961	rs4539721
chr19	53440585	rs7246687
chr19	53443358	rs11668495
chr19	53443767	rs7259720
chr19	53444565	rs8102929
chr19	53445133	rs11670677
chr19	53446227	rs2708751
chr19	53448589	rs2617736
chr19	53454872	rs2708743
chr19	53455009	rs1984432
chr19	53456089	rs2708742
chr19	53459577	rs2708736
chr19	53465129	rs2086140
chr19	53467327	rs4599028
chr19	53469918	rs2708719
chr19	53471005	rs2617703
chr19	53471983	rs12459867
chr19	53472214	rs4801983
chr19	53474896	rs2617693
chr19	53475437	rs7249747
chr19	53479458	rs2617688
chr19	53480457	rs7248594
chr19	53484284	rs2708796
chr19	53484391	rs10409539
chr19	53486474	rs2617676
chr19	53488774	rs2617672
chr19	53488889	rs2617671
chr19	53489981	rs2617669
chr19	53490097	rs2708846
chr19	53492496	rs2708843
chr19	53493041	rs10409961
chr19	53501685	rs11667148
chr19	53502054	rs10410999
chr19	53504765	rs11666729
chr19	53504795	rs4803136
chr19	53507023	rs1284536
chr19	53507505	rs10422824
chr19	53508130	rs4801988
chr19	53508635	rs1284532
chr19	53509026	rs7258566
chr19	53514004	rs7249604
chr19	53517454	rs11881286
chr19	53519471	rs1284520
chr19	53519489	rs12978451
chr19	53520425	rs1284518
chr19	53520763	rs2569579
chr19	53520824	rs17207142
chr19	53520862	rs1284517
chr19	53520981	rs11084261
chr19	53521947	rs8100247
chr19	53522664	rs12982082
chr19	53522718	rs2708754
chr19	53527789	rs2708761
chr19	53528246	rs16984967
chr19	53529474	rs10405978
chr19	53529790	rs4994351
chr19	53530432	rs7507818
chr19	53530792	rs2464900
chr19	53530971	rs2569565
chr19	53537158	rs8105445
chr19	53539198	rs3746305
chr19	53539814	rs7256691
chr19	53540009	rs11672737
chr19	53540134	rs11672776
chr19	53540217	rs8110501
chr19	53540815	rs11665694
chr19	53541711	rs11666753
chr19	53542420	rs4803143
chr19	53543759	rs11880382
chr19	53545177	rs8102377
chr19	53545587	rs10412084
chr19	53545697	rs10411772
chr19	53546642	rs10418924
chr19	53551321	rs953750
chr19	53551532	rs953751
chr19	53563035	rs16985032
chr19	53563726	rs17273120
chr19	53569503	rs3746304
chr19	53571493	rs3746301
chr19	53571822	rs6509792
chr19	53572063	rs10409187
chr19	53572179	rs16985044
chr19	53574302	rs6509795
chr19	53574616	rs17207173
chr19	53576539	rs8106447
chr19	53576890	rs8109631
chr19	53577745	rs1056393
chr19	53578644	rs8110538
chr19	53578661	rs8110350
chr19	53581253	rs2865844
chr19	53581400	rs17207180
chr19	53586698	rs8100295
chr19	53589368	rs10406516
chr19	53595743	rs4803148
chr19	53598477	rs17207187
chr19	53603293	rs1541925
chr19	53603502	rs13344462
chr19	53603585	rs13344898
chr19	53603640	rs7258857
chr19	53603657	rs7258271
chr19	53603706	rs7258967
chr19	53604211	rs10424325
chr19	53604423	rs10424226
chr19	53604432	rs10424747
chr19	53606217	rs4803149
chr19	53606553	rs4803150
chr19	53608356	rs11665792
chr19	53611565	rs17239461
chr19	53613254	rs17305199
chr19	53616820	rs4801993
chr19	53618421	rs17273148
chr19	53620074	rs12983611
chr19	53625517	rs8111919
chr19	53628384	rs4801994
chr19	53632280	rs11669354
chr19	53639597	rs1293703
chr19	53640874	rs16985092
chr19	53642699	rs1293700
chr19	53644016	rs10421383
chr19	53644791	rs8100527
chr19	53658077	rs8103535
chr19	53658331	rs8103787
chr19	53662342	rs10424573
chr19	53664016	rs6509807
chr19	53667214	rs11671149
chr19	53668103	rs7254488
chr19	53671783	rs4803160
chr19	53674019	rs7258128
chr19	53676972	rs10853864
chr19	53685201	rs8106416
chr19	53686456	rs10421255
chr19	53691986	rs987021
chr19	53692963	rs11881257
chr19	53694379	rs10413288
chr19	53694507	rs10415265
chr19	53695305	rs10420348
chr19	53695976	rs10402647
chr19	53699253	rs4275955
chr19	53703403	rs7254165
chr19	53703434	rs7254177
chr19	53705600	rs2116849
chr19	53706346	rs4803164
chr19	53708649	rs7256241
chr19	53712494	rs2865851
chr19	53713042	rs2865853
chr19	53713652	rs2865857
chr19	53717887	rs892031
chr19	53719245	rs10451450
chr19	53719570	rs9304754
chr19	53724032	rs4803168
chr19	53728023	rs7253869
chr19	53731099	rs4470257
chr19	53731903	rs1808656
chr19	53748783	rs4803178
chr19	53753860	rs3859499
chr19	53754668	rs8103914
chr19	53754733	rs305941
chr19	53759850	rs583569
chr19	53764887	rs674315
chr19	53765126	rs675257
chr19	53769166	rs3843749
chr19	53772421	rs8101958
chr19	53772987	rs17239489
chr19	53774492	rs4271692
chr19	53775713	rs11084284
chr19	53775808	rs12610277
chr19	53777545	rs7255107
chr19	53778068	rs9749510
chr19	53785247	rs3848577
chr19	53788157	rs3859501
chr19	53790387	rs8103186
chr19	53791146	rs3859503
chr19	53791228	rs17305227
chr19	53792934	rs17273183
chr19	53793448	rs10403669
chr19	53793517	rs10403690
chr19	53793540	rs10403709
chr19	53793980	rs10410581
chr19	53795322	rs10418264
chr19	53795760	rs2042296
chr19	53800458	rs10416363
chr19	53803118	rs2866111
chr19	53803564	rs6509825
chr19	53805300	rs4806773
chr19	53808851	rs889163
chr19	53808952	rs889164
chr19	53824059	rs34436714
chr19	53824186	rs4539722
chr19	53826978	rs10406354
chr19	53828417	rs11671984
chr19	53828807	rs7259148
chr19	53845112	rs4806712
chr19	53848705	rs2619214
chr19	53849342	rs3865481
chr19	53854510	rs3844453
chr19	53864343	rs8103771
chr19	53865639	rs11882947
chr19	53866629	rs851888
chr19	53868003	rs10411316
chr19	53870787	rs16985221
chr19	53872868	rs8104891
chr19	53877979	rs307939
chr19	53881157	rs2545046
chr19	53881850	rs307941
chr19	53882566	rs2547362
chr19	53886747	rs420613
chr19	53886867	rs454006
chr19	53887985	rs7246179
chr19	53889327	rs307947
chr19	53889572	rs307945
chr19	53891047	rs307944
chr19	53891711	rs3745406
chr19	53891844	rs3745405
chr19	53900547	rs2242245
chr19	53900671	rs2242244
chr19	53901222	rs307943
chr19	53911383	rs3898466
chr19	53917705	rs10401511
chr19	53917937	rs8101207
chr19	53918182	rs7246670
chr19	53918597	rs7257613
chr19	53919195	rs11673080
chr19	53925944	rs11672982
chr19	53926196	rs7257945
chr19	53927200	rs11878489
chr19	53927968	rs7252000
chr19	53928007	rs7252013
chr19	53928033	rs7251033
chr19	53928062	rs7251133
chr19	53929955	rs4806476
chr19	53930872	rs10411229
chr19	53937397	rs307917
chr19	53938427	rs307915
chr19	53938536	rs307914
chr19	53939797	rs307913
chr19	53940612	rs217541
chr19	53944071	rs7254202
chr19	53946402	rs35387445
chr19	53956630	rs7255328
chr19	53956799	rs11084305
chr19	53958284	rs4806674
chr19	53961144	rs12150965
chr19	53965814	rs10420331
chr19	53968959	rs442482
chr19	53975291	rs8111479
chr19	53977896	rs11084307
chr19	53978847	rs34012356
chr19	53981538	rs4806677
chr19	53983519	rs7254456
chr19	53983557	rs7257802
chr19	53986249	rs10412501
chr19	53987704	rs4806680
chr19	53991509	rs251850
chr19	53992678	rs3810244
chr19	53994790	rs7251895
chr19	53997358	rs158196
chr19	53999537	rs158199
chr19	54007463	rs192808
chr19	54008661	rs460323
chr19	54012620	rs459247
chr19	54014014	rs462094
chr19	54014837	rs457915
chr19	54016506	rs462778
chr19	54017384	rs7256228
chr19	54021771	rs423367
chr19	54022502	rs460824
chr19	54023427	rs463776
chr19	54023454	rs458231
chr19	54024694	rs681198
chr19	54026364	rs16960092
chr19	54028395	rs628258
chr19	54030723	rs2448289
chr19	54033825	rs4239594
chr19	54035373	rs12610534
chr19	54038198	rs287127
chr19	54040923	rs1035829
chr19	54042277	rs2433724
chr19	54046294	rs11669716
chr19	54046463	rs17207272
chr19	54046566	rs2438048
chr19	54047233	rs11667088
chr19	54047576	rs10414749
chr19	54048028	rs2114650
chr19	54049610	rs10416558
chr19	54050443	rs10500316
chr19	54058538	rs11669427
chr19	54063647	rs662850
chr19	54063999	rs612529
chr19	54067525	rs7260197
chr19	54068977	rs11669663
chr19	54071493	rs4806703
chr19	54076111	rs4806706
chr19	54081109	rs8112586
chr19	54084123	rs4806495
chr19	54087566	rs654765
chr19	54093354	rs11669029
chr19	54098213	rs663569
chr19	54101028	rs7253859
chr19	54101971	rs8111677
chr19	54102901	rs254260
chr19	54103097	rs254259
chr19	54105720	rs254257
chr19	54105863	rs254256
chr19	54107980	rs621147
chr19	54109321	rs254262
chr19	54109793	rs2118213
chr19	54110887	rs16985367
chr19	54111207	rs16985368
chr19	54115811	rs4806711
chr19	54119108	rs10418693
chr19	54120169	rs12985735
chr19	54124246	rs11670086
chr19	54124536	rs11556769
chr19	54124919	rs11084311
chr19	54125565	rs254274
chr19	54126172	rs254273
chr19	54126322	rs254272
chr19	54126833	rs10424816
chr19	54127722	rs10853869
chr19	54127773	rs8102427
chr19	54136151	rs254279
chr19	54136764	rs36643
chr19	54137672	rs40168
chr19	54140254	rs36640
chr19	54140778	rs36638
chr19	54141434	rs36635
chr19	54142105	rs36634
chr19	54142554	rs36633
chr19	54147205	rs36664
chr19	54147610	rs42319
chr19	54148468	rs43211
chr19	54149567	rs34757542
chr19	54149837	rs36661
chr19	54151532	rs36659
chr19	54151910	rs2241790
chr19	54152099	rs35661899
chr19	54153332	rs42318
chr19	54154140	rs4806718
chr19	54156433	rs35034412
chr19	54158305	rs35089861
chr19	54160307	rs3170255
chr19	54161015	rs36656
chr19	54162234	rs36655
chr19	54162804	rs9636146
chr19	54164753	rs36653
chr19	54165271	rs10416713
chr19	54173068	rs641738
chr19	54173473	rs1050527
chr19	54174203	rs10416555
chr19	54179150	rs2278499
chr19	54179258	rs40167
chr19	54182441	rs7251046
chr19	54187532	rs36631
chr19	54189013	rs12981344
chr19	54190114	rs3810233
chr19	54192638	rs635608
chr19	54193224	rs7595
chr19	54193859	rs36621
chr19	54195523	rs28513
chr19	54200900	rs3810231
chr19	54201339	rs36615
chr19	54201773	rs17305311
chr19	54202554	rs17239559
chr19	54203954	rs3865475
chr19	54203996	rs16985475
chr19	54204778	rs3844452
chr19	54204797	rs17305332
chr19	54205409	rs10424181
chr19	54205460	rs17273267
chr19	54206805	rs3786631
chr19	54207164	rs4806499
chr19	54207390	rs2304523
chr19	54208113	rs11666543
chr19	54213432	rs13353326
chr19	54218726	rs3852892
chr19	54227805	rs17207328
chr19	54229181	rs11084325
chr19	54229458	rs11672654
chr19	54232423	rs4341862
chr19	54232444	rs4575638
chr19	54236829	rs7256687
chr19	54236844	rs11882761
chr19	54239341	rs17239607
chr19	54245159	rs422948
chr19	54247206	rs406231
chr19	54249685	rs2361797
chr19	54250521	rs2361796
chr19	54252059	rs12977062
chr19	54252279	rs72087
chr19	54252794	rs434755
chr19	54255708	rs380731
chr19	54258559	rs6509859
chr19	54260121	rs595872
chr19	54262314	rs387805
chr19	54265351	rs12984962
chr19	54265466	rs11667529
chr19	54265512	rs12984029
chr19	54271535	rs7254645
chr19	54281738	rs380573
chr19	54284902	rs3848606
chr19	54285412	rs8100863
chr19	54289334	rs798887
chr19	54291446	rs427366
chr19	54291483	rs17305346
chr19	54292086	rs10416258
chr19	54293995	rs103294
chr19	54295903	rs10412494
chr19	54296519	rs410852
chr19	54298005	rs7252525
chr19	54299761	rs4806741
chr19	54302487	rs651279
chr19	54305226	rs1761451
chr19	54306752	rs1761450
chr19	54310548	rs759818
chr19	54310934	rs11671231
chr19	54315769	rs1645784
chr19	54315977	rs3859532
chr19	54324499	rs11084329
chr19	54327022	rs1205315
chr19	54328186	rs1205316
chr19	54330126	rs1205318
chr19	54330460	rs7259731
chr19	54333110	rs6417165
chr19	54333166	rs1205322
chr19	54334531	rs7254112
chr19	54334624	rs7257994
chr19	54336316	rs17836364
chr19	54338128	rs10419832
chr19	54338192	rs12976217
chr19	54338210	rs7256494
chr19	54338295	rs2241385
chr19	54338671	rs2241384
chr19	54339958	rs8102662
chr19	54340652	rs10426462
chr19	54341339	rs2004431
chr19	54341426	rs1106659
chr19	54346074	rs10418607
chr19	54348580	rs7249492
chr19	54351293	rs2287824
chr19	54351365	rs2287825
chr19	54351651	rs2287826
chr19	54351722	rs2287827
chr19	54352554	rs730592
chr19	54354580	rs1054033
chr19	54355963	rs7257187
chr19	54363716	rs10414662
chr19	54365302	rs10402121
chr19	54368469	rs1985840
chr19	54369204	rs11084332
chr19	54370315	rs4429394
chr19	54385273	rs6509868
chr19	54390781	rs8109349
chr19	54391812	rs11669431
chr19	54402316	rs11667809
chr19	54402530	rs12974194
chr19	54404500	rs11084337
chr19	54409551	rs13344319
chr19	54415075	rs17516390
chr19	54419648	rs35134302
chr19	54421559	rs1077829
chr19	54424327	rs12104147
chr19	54424514	rs1862488
chr19	54424659	rs3786637
chr19	54426167	rs10418638
chr19	54426209	rs10418661
chr19	54426292	rs7255633
chr19	54431469	rs28377489
chr19	54433994	rs10412473
chr19	54435604	rs3745420
chr19	54440226	rs6509874
chr19	54441331	rs10425451
chr19	54442259	rs8102709
chr19	54445076	rs10401901
chr19	54447245	rs10417729
chr19	54448171	rs10424856
chr19	54449028	rs1010645
chr19	54449325	rs7248475
chr19	54451197	rs1035450
chr19	54451290	rs1035451
chr19	54451402	rs1035452
chr19	54451517	rs1035453
chr19	54452375	rs3813149
chr19	54452840	rs963352
chr19	54453429	rs4806762
chr19	54454348	rs7247170
chr19	54454681	rs3813148
chr19	54455683	rs889148
chr19	54457233	rs6509875
chr19	54459847	rs3745436
chr19	54460050	rs3745437
chr19	54462018	rs3745439
chr19	54463135	rs10406453
chr19	54465081	rs16960199
chr19	54468529	rs10853871
chr19	54470034	rs7247430
chr19	54470776	rs7259673
chr19	54471384	rs2287822
chr19	54474097	rs7257085
chr19	54474288	rs7257986
chr19	54477559	rs7255345
chr19	54478080	rs10425613
chr19	54478884	rs41514951
chr19	54479069	rs7248750
chr19	54479747	rs7251509
chr19	54481516	rs2008238
chr19	54481677	rs2005312
chr19	54483996	rs7246550
chr19	54485173	rs8105217
chr19	54485872	rs8108901
chr19	54487554	rs12985351
chr19	54491873	rs8111398
chr19	54494386	rs7251986
chr19	54494882	rs10418813
chr19	54495480	rs35753582
chr19	54499599	rs8100732
chr19	54502466	rs4806766
chr19	54502543	rs4806767
chr19	54502555	rs2042290
chr19	54502611	rs2042289
chr19	54506200	rs6509880
chr19	54506249	rs6509881
chr19	54506292	rs4806768
chr19	54515214	rs2363059
chr19	54519000	rs6509882
chr19	54519193	rs6509883
chr19	54519416	rs12972105
chr19	54520318	rs10421435
chr19	54521110	rs12610132
chr19	54522316	rs8107209
chr19	54522790	rs8109847
chr19	54524929	rs11666773
chr19	54525480	rs4470262
chr19	54526134	rs7255132
chr19	54528567	rs12978564
chr19	54529431	rs8106451
chr19	54530907	rs11084349
chr19	54531411	rs1469335
chr19	54531460	rs17669815
chr19	54535161	rs1000320
chr19	54535268	rs1000321
chr19	54537051	rs17606836
chr19	54541067	rs17606864
chr19	54543645	rs12975662
chr19	54549255	rs7247291
chr19	54549343	rs7247425
chr19	54552953	rs10420030
chr19	54554248	rs10403495
chr19	54556007	rs2555685
chr19	54556396	rs2555687
chr19	54558506	rs16985743
chr19	54563023	rs10402506
chr19	54566576	rs8102188
chr19	54567137	rs12459475
chr19	54569678	rs12459158
chr19	54569778	rs12461246
chr19	54570125	rs12459217
chr19	54570466	rs11672845
chr19	54573499	rs28708796
chr19	54577510	rs7257319
chr19	54586068	rs2555691
chr19	54588128	rs6509887
chr19	54588992	rs8106636
chr19	54589718	rs272407
chr19	54592138	rs272408
chr19	54593102	rs10402708
chr19	54593944	rs12980993
chr19	54596980	rs8103220
chr19	54598418	rs7255954
chr19	54600262	rs272411
chr19	54600320	rs2363863
chr19	54601024	rs4806787
chr19	54605014	rs7245551
chr19	54609719	rs2363864
chr19	54611839	rs10411879
chr19	54612166	rs272415
chr19	54616885	rs10423364
chr19	54617369	rs7246537
chr19	54626584	rs272422
chr19	54627130	rs4806796
chr19	54629158	rs2781760
chr19	54631479	rs3843752
chr19	54632001	rs1061680
chr19	54637036	rs8101605
chr19	54641641	rs10427043
chr19	54642829	rs10409253
chr19	54645591	rs8102351
chr19	54647402	rs10418733
chr19	54647715	rs10419191
chr19	54648667	rs16985783
chr19	54651505	rs10409826
chr19	54651887	rs13382124
chr19	54653875	rs10424991
chr19	54654958	rs16985785
chr19	54655271	rs4806798
chr19	54655379	rs8106894
chr19	54660695	rs934434
chr19	54661058	rs11574567
chr19	54661088	rs370156
chr19	54661127	rs400322
chr19	54661952	rs4806802
chr19	54662046	rs1749311
chr19	54662070	rs430978
chr19	54662091	rs1749313
chr19	54662393	rs398244
chr19	54662761	rs1654668
chr19	54664289	rs3745871
chr19	54664811	rs731170
chr19	54665084	rs1925241
chr19	54666478	rs760186
chr19	54666584	rs1749317
chr19	54666689	rs1617582
chr19	54667327	rs11574583
chr19	54671245	rs11574597
chr19	54671963	rs11574599
chr19	54672418	rs17836409
chr19	54672526	rs1654656
chr19	54672893	rs11666847
chr19	54674806	rs7258577
chr19	54675793	rs1749320
chr19	54682178	rs912735
chr19	54682579	rs731386
chr19	54683388	rs1654658
chr19	54683528	rs1749282
chr19	54683894	rs1654660
chr19	54685117	rs1749285
chr19	54687066	rs1749289
chr19	54688519	rs1749294
chr19	54688732	rs1749295
chr19	54689088	rs1749296
chr19	54689966	rs10416577
chr19	54695227	rs10422812
chr19	54695289	rs4420651
chr19	54696011	rs10423420
chr19	54696327	rs4806808
chr19	54697021	rs1812827
chr19	54698818	rs11084366
chr19	54699375	rs1952015
chr19	54699767	rs10426302
chr19	54701503	rs11084367
chr19	54703211	rs8107460
chr19	54703854	rs10416527
chr19	54704384	rs4436877
chr19	54705173	rs1325156
chr19	54705812	rs12151161
chr19	54705883	rs11666535
chr19	54708842	rs270771
chr19	54709461	rs7249176
chr19	54712758	rs270779
chr19	54713283	rs2296370
chr19	54713383	rs2296371
chr19	54713465	rs10423751
chr19	54713574	rs12982559
chr19	54714111	rs11883241
chr19	54714333	rs6509899
chr19	54714899	rs1325158
chr19	54716380	rs7256392
chr19	54756764	rs2365238
chr19	54813180	rs649216
chr19	54834969	rs4806585
chr19	54851404	rs640345
chr19	54865756	rs3826878
chr19	54866553	rs3745902
chr19	54868759	rs17771967
chr19	54871595	rs11672983
chr19	54872485	rs11665986
chr19	54873023	rs17836457
chr19	54873341	rs11084374
chr19	54873979	rs12462181
chr19	54874148	rs3816051
chr19	54876497	rs10407012
chr19	54881299	rs7259347
chr19	54884171	rs4806608
chr19	54885488	rs1865096
chr19	54885805	rs1865097
chr19	54889804	rs16986050
chr19	54891325	rs7249884
chr19	54895994	rs12462519
chr19	54906373	rs2278427
chr19	54906696	rs2278428
chr19	54907100	rs1433097
chr19	54912939	rs16986072
chr19	54915980	rs269919
chr19	54916112	rs269918
chr19	54916142	rs269917
chr19	54917091	rs1671160
chr19	54921092	rs17699476
chr19	54921161	rs11880295
chr19	54922228	rs775859
chr19	54922328	rs16986092
chr19	54922484	rs12461856
chr19	54923207	rs623383
chr19	54923450	rs634742
chr19	54924649	rs2365582
chr19	54927798	rs269933
chr19	54928453	rs269938
chr19	54928470	rs269939
chr19	54928989	rs269940
chr19	54929517	rs269941
chr19	54929700	rs269942
chr19	54929815	rs12104320
chr19	54930401	rs269949
chr19	54930534	rs269950
chr19	54930627	rs269951
chr19	54931106	rs8101856
chr19	54932056	rs269955
chr19	54933806	rs269957
chr19	54936204	rs775876
chr19	54936227	rs7359929
chr19	54936244	rs17699561
chr19	54936472	rs4806626
chr19	54938387	rs775879
chr19	54940429	rs775883
chr19	54940522	rs775884
chr19	54940537	rs775885
chr19	54947448	rs703473
chr19	54947788	rs9941465
chr19	54949661	rs11673713
chr19	54957844	rs12460693
chr19	54970030	rs269912
chr19	54970301	rs269913
chr19	54973805	rs703467
chr19	54976782	rs8102561
chr19	54977981	rs775900
chr19	54983264	rs3745905
chr19	54983372	rs10412915
chr19	54983738	rs7254951
chr19	54986475	rs1036231
chr19	54986487	rs10412569
chr19	54990211	rs1654495
chr19	54990466	rs1654496
chr19	54991242	rs1671225
chr19	54992419	rs1654498
chr19	54993598	rs1654499
chr19	54993840	rs1654502
chr19	54993903	rs1654503
chr19	54994189	rs1654504
chr19	54995681	rs1671133
chr19	54998497	rs11667105
chr19	55000643	rs16986158
chr19	55000769	rs12768
chr19	55000864	rs1043673
chr19	55004604	rs10415310
chr19	55005440	rs4281840
chr19	55009966	rs1671143
chr19	55013007	rs12981732
chr19	55013445	rs1654410
chr19	55013537	rs10416380
chr19	55013969	rs10417943
chr19	55014129	rs1671150
chr19	55014526	rs1671151
chr19	55014977	rs1671152
chr19	55015713	rs2304167
chr19	55015821	rs1671153
chr19	55018667	rs1654416
chr19	55024044	rs11084381
chr19	55024066	rs11084382
chr19	55024114	rs11668169
chr19	55024147	rs11672026
chr19	55024513	rs1654419
chr19	55024604	rs11669150
chr19	55025227	rs1613662
chr19	55026094	rs1654421
chr19	55027704	rs892090
chr19	55030031	rs12610286
chr19	55031791	rs10409317
chr19	55038390	rs1654431
chr19	55038912	rs1654432
chr19	55038944	rs1654433
chr19	55040776	rs2569513
chr19	55041455	rs1671214
chr19	55041651	rs1671215
chr19	55042000	rs10418743
chr19	55042279	rs1654439
chr19	55042770	rs8113032
chr19	55044477	rs4029
chr19	55044620	rs4806637
chr19	55044786	rs1189
chr19	55047200	rs775821
chr19	55047554	rs3745913
chr19	55048347	rs2305543
chr19	55048372	rs1059211
chr19	55051034	rs6509916
chr19	55053984	rs11084387
chr19	55055086	rs1654444
chr19	55055144	rs10424969
chr19	55059206	rs1654447
chr19	55059414	rs1671176
chr19	55060916	rs1654452
chr19	55062265	rs1671169
chr19	55063539	rs1654459
chr19	55066696	rs1654460
chr19	55067012	rs1654464
chr19	55067069	rs1654465
chr19	55067334	rs1654466
chr19	55067961	rs11084389
chr19	55070143	rs1654467
chr19	55072084	rs34319736
chr19	55075422	rs12460187
chr19	55076454	rs12609976
chr19	55079303	rs1671163
chr19	55080702	rs4806641
chr19	55087356	rs1054940
chr19	55088226	rs2603703
chr19	55088658	rs962197
chr19	55089078	rs36076509
chr19	55089368	rs2603701
chr19	55090747	rs2259067
chr19	55094337	rs3803900
chr19	55103392	rs7259963
chr19	55103555	rs2532060
chr19	55106040	rs1869615
chr19	55108092	rs1151617
chr19	55112745	rs34521018
chr19	55114576	rs575144
chr19	55115264	rs12981737
chr19	55115458	rs667451
chr19	55121025	rs10417874
chr19	55121675	rs890869
chr19	55133074	rs891186
chr19	55136902	rs3760873
chr19	55139319	rs2742060
chr19	55139620	rs2742059
chr19	55141390	rs2560942
chr19	55144781	rs16986278
chr19	55146720	rs11669534
chr19	55154042	rs3729841
chr19	55156279	rs3729711
chr19	55156438	rs3729709
chr19	55156829	rs2278281
chr19	55157437	rs11671293
chr19	55160006	rs891187
chr19	55161102	rs2365725
chr19	55161877	rs3848617
chr19	55162286	rs3848618
chr19	55169104	rs6509930
chr19	55169378	rs7248997
chr19	55170465	rs6509931
chr19	55170557	rs6509932
chr19	55170678	rs3859540
chr19	55171535	rs16986289
chr19	55171609	rs16986294
chr19	55171736	rs6509933
chr19	55172832	rs3786867
chr19	55174862	rs2071572
chr19	55175012	rs12459917
chr19	55175618	rs12460445
chr19	55176655	rs7260107
chr19	55177208	rs12461195
chr19	55180533	rs3810354
chr19	55181876	rs2288419
chr19	55187709	rs2288527
chr19	55191542	rs2288523
chr19	55197107	rs2288522
chr19	55197189	rs2288521
chr19	55197205	rs2288520
chr19	55197857	rs8112639
chr19	55198560	rs2288519
chr19	55198706	rs16986309
chr19	55202371	rs12462430
chr19	55203722	rs12608558
chr19	55209873	rs876515
chr19	55211473	rs10422892
chr19	55214042	rs4806650
chr19	55217283	rs6509936
chr19	55226448	rs9304764
chr19	55226813	rs3826884
chr19	55227057	rs3745919
chr19	55227266	rs4644955
chr19	55227972	rs4337407
chr19	55228147	rs4255895
chr19	55228445	rs10419308
chr19	55232557	rs13343928
chr19	55235186	rs4806652
chr19	55235409	rs12709948
chr19	55239755	rs8104509
chr19	55240423	rs7251259
chr19	55240678	rs3848608
chr19	55242168	rs7507792
chr19	55245612	rs3745920
chr19	55248589	rs4806471
chr19	55249092	rs12983684
chr19	55250857	rs3848610
chr19	55252041	rs6509938
chr19	55255438	rs4473307
chr19	55255845	rs11883112
chr19	55256908	rs4806654
chr19	55257459	rs12983085
chr19	55258086	rs4283339
chr19	55261044	rs10421676
chr19	55262222	rs10403164
chr19	55263137	rs10412187
chr19	55267754	rs11672710
chr19	55269119	rs10404178
chr19	55272184	rs10411896
chr19	55275159	rs35759033
chr19	55276501	rs3786544
chr19	55277127	rs4806656
chr19	55280012	rs11672373
chr19	55287197	rs11878562
chr19	55288961	rs12611091
chr19	55291712	rs10403600
chr19	55292452	rs2607336
chr19	55295077	rs2384692
chr19	55296218	rs17782355
chr19	55296263	rs1172818
chr19	55299199	rs10402577
chr19	55303513	rs1551562
chr19	55306169	rs12972487
chr19	55308477	rs1172822
chr19	55310797	rs34356802
chr19	55312964	rs7246479
chr19	55313218	rs4806659
chr19	55313266	rs4806660
chr19	55319820	rs2384687
chr19	55320355	rs897797
chr19	55321059	rs10412726
chr19	55321187	rs10411773
chr19	55321199	rs1109368
chr19	55321516	rs734518
chr19	55321708	rs734517
chr19	55322092	rs11668309
chr19	55322386	rs897798
chr19	55322817	rs8113016
chr19	55327808	rs16986351
chr19	55327904	rs8105530
chr19	55330677	rs11084394
chr19	55334018	rs7253685
chr19	55338901	rs1870073
chr19	55340340	rs6509939
chr19	55342874	rs10416488
chr19	55342945	rs2384685
chr19	55343021	rs12610863
chr19	55347858	rs2305785
chr19	55348071	rs1058511
chr19	55349181	rs11670933
chr19	55354159	rs11084396
chr19	55358983	rs12976922
chr19	55360823	rs897799
chr19	55361223	rs2124920
chr19	55362358	rs4252572
chr19	55363274	rs4252568
chr19	55363618	rs4252567
chr19	55364794	rs4252562
chr19	55365743	rs1042506
chr19	55365887	rs4252578
chr19	55368304	rs4252548
chr19	55368504	rs1126757
chr19	55372511	rs6509940
chr19	55379466	rs2305788
chr19	55385341	rs3810168
chr19	55385802	rs4806668
chr19	55385813	rs10420818
chr19	55385959	rs17700376
chr19	55389731	rs10425596
chr19	55390889	rs7255657
chr19	55398542	rs12985701
chr19	55400964	rs11669732
chr19	55401107	rs10403361
chr19	55402310	rs12709950
chr19	55403006	rs11672075
chr19	55403076	rs2891577
chr19	55410211	rs10417909
chr19	55411517	rs12462594
chr19	55414132	rs12977991
chr19	55415180	rs10415761
chr19	55419137	rs2384684
chr19	55421094	rs7249831
chr19	55423716	rs12151149
chr19	55423817	rs1457109
chr19	55425009	rs10412033
chr19	55429526	rs35179611
chr19	55429931	rs4801603
chr19	55430141	rs4801608
chr19	55430460	rs4075908
chr19	55435929	rs7507151
chr19	55451490	rs7253234
chr19	55453353	rs2303089
chr19	55454268	rs7247719
chr19	55454613	rs8105272
chr19	55458379	rs8104059
chr19	55461583	rs2303088
chr19	55462050	rs751152
chr19	55464119	rs7252639
chr19	55466542	rs4801655
chr19	55467857	rs3745452
chr19	55469361	rs4801664
chr19	55474766	rs2112798
chr19	55475270	rs2864436
chr19	55476504	rs11667987
chr19	55476982	rs2059137
chr19	55477837	rs11673561
chr19	55479608	rs4801677
chr19	55484519	rs2287793
chr19	55485572	rs3745450
chr19	55488626	rs4405662
chr19	55490504	rs4274529
chr19	55490962	rs4801305
chr19	55492410	rs1477334
chr19	55492645	rs929794
chr19	55493534	rs889090
chr19	55497231	rs12981134
chr19	55497848	rs7254234
chr19	55498514	rs4801702
chr19	55498759	rs4801704
chr19	55504896	rs8101393
chr19	55508230	rs653925
chr19	55511245	rs7359882
chr19	55513942	rs542186
chr19	55514027	rs543052
chr19	55514705	rs3976501
chr19	55519061	rs10217
chr19	55520796	rs626616
chr19	55528684	rs645973
chr19	55530481	rs12972548
chr19	55534155	rs310456
chr19	55536081	rs310453
chr19	55539477	rs310451
chr19	55541404	rs654439
chr19	55544070	rs694398
chr19	55547371	rs2902925
chr19	55551583	rs2459744
chr19	55554797	rs7250117
chr19	55556917	rs167461
chr19	55559927	rs10421563
chr19	55565906	rs2865086
chr19	55566998	rs588373
chr19	55567356	rs6509945
chr19	55570699	rs12980769
chr19	55573581	rs11084401
chr19	55577853	rs1053817
chr19	55577987	rs2292812
chr19	55580071	rs12610510
chr19	55581325	rs1079084
chr19	55581353	rs1079083
chr19	55581433	rs1079082
chr19	55581999	rs11084402
chr19	55583212	rs11668752
chr19	55586053	rs12974235
chr19	55587569	rs588115
chr19	55588518	rs310469
chr19	55593795	rs10411640
chr19	55597369	rs35088354
chr19	55598550	rs497264
chr19	55599670	rs693289
chr19	55601575	rs10403342
chr19	55605549	rs2161456
chr19	55606000	rs484519
chr19	55607025	rs564622
chr19	55611172	rs4410198
chr19	55612380	rs310465
chr19	55612683	rs310464
chr19	55619339	rs2431798
chr19	55621121	rs2292811
chr19	55621295	rs751729
chr19	55622672	rs908668
chr19	55627209	rs522669
chr19	55628313	rs553947
chr19	55632872	rs610811
chr19	55634062	rs575274
chr19	55635103	rs8108198
chr19	55637023	rs485152
chr19	55637591	rs889092
chr19	55637711	rs889091
chr19	55639105	rs612211
chr19	55640749	rs3760701
chr19	55642502	rs310475
chr19	55643179	rs11671023
chr19	55643352	rs11233
chr19	55645081	rs11084406
chr19	55649840	rs2112799
chr19	55651410	rs2287791
chr19	55654109	rs504850
chr19	55656815	rs637788
chr19	55659049	rs540607
chr19	55659385	rs2271757
chr19	55660412	rs507498
chr19	55662185	rs310445
chr19	55663879	rs310443
chr19	55664149	rs310441
chr19	55665582	rs188701
chr19	55666330	rs310437
chr19	55667193	rs310436
chr19	55669602	rs617073
chr19	55672411	rs681433
chr19	55673884	rs664684
chr19	55675220	rs12151353
chr19	55675731	rs7247677
chr19	55676815	rs11667416
chr19	55677406	rs10415521
chr19	55679449	rs8104242
chr19	55679904	rs7249837
chr19	55682296	rs11882031
chr19	55686301	rs3786644
chr19	55689772	rs2303760
chr19	55690451	rs10410802
chr19	55694271	rs10410404
chr19	55696322	rs11669096
chr19	55697652	rs10410886
chr19	55698293	rs10412050
chr19	55703818	rs6509955
chr19	55704073	rs7255531
chr19	55709078	rs2287831
chr19	55710155	rs17886456
chr19	55710218	rs8105023
chr19	55715799	rs11882068
chr19	55719778	rs1020947
chr19	55720631	rs1019488
chr19	55722593	rs12327652
chr19	55724171	rs10423927
chr19	55726299	rs10412869
chr19	55735154	rs4801278
chr19	55736478	rs11669614
chr19	55738079	rs755804
chr19	55738567	rs10417652
chr19	55738677	rs10417878
chr19	55740456	rs7255235
chr19	55740721	rs7255520
chr19	55745506	rs8100685
chr19	55745893	rs2194
chr19	55746673	rs6509957
chr19	55750303	rs2868062
chr19	55754298	rs17634917
chr19	55754443	rs4801624
chr19	55756181	rs8106001
chr19	55757551	rs10425892
chr19	55776725	rs299184
chr19	55777575	rs17708417
chr19	55781406	rs4801628
chr19	55782048	rs1423069
chr19	55782335	rs1423071
chr19	55784873	rs7248144
chr19	55786203	rs16986571
chr19	55786583	rs16986572
chr19	55789589	rs7253104
chr19	55789870	rs16986581
chr19	55790810	rs7249986
chr19	55791595	rs17635546
chr19	55791925	rs7254593
chr19	55793241	rs10424927
chr19	55794973	rs299189
chr19	55795036	rs299190
chr19	55796217	rs2616940
chr19	55796289	rs7258027
chr19	55796357	rs10422937
chr19	55796444	rs11665811
chr19	55796481	rs7246061
chr19	55797423	rs7246257
chr19	55797784	rs2616942
chr19	55800779	rs10419435
chr19	55802162	rs299175
chr19	55802424	rs7245988
chr19	55805104	rs299170
chr19	55805430	rs299169
chr19	55806565	rs7251151
chr19	55807428	rs2061748
chr19	55807801	rs7254875
chr19	55808159	rs299165
chr19	55808205	rs10500321
chr19	55808430	rs299164
chr19	55808834	rs16986626
chr19	55809297	rs12461110
chr19	55809929	rs12977654
chr19	55810048	rs299163
chr19	55810151	rs7249635
chr19	55811843	rs12610400
chr19	55813493	rs4801630
chr19	55813824	rs12980766
chr19	55814692	rs8101041
chr19	55814801	rs8101265
chr19	55814940	rs8102207
chr19	55816119	rs10412329
chr19	55816747	rs7255579
chr19	55816825	rs7256560
chr19	55818381	rs1363758
chr19	55818562	rs11666496
chr19	55819271	rs7249599
chr19	55819883	rs4801281
chr19	55820569	rs2112826
chr19	55821262	rs2616949
chr19	55821311	rs2547267
chr19	55829003	rs7248235
chr19	55829018	rs16986672
chr19	55830208	rs2616943
chr19	55830695	rs8103007
chr19	55831721	rs302476
chr19	55832012	rs302475
chr19	55834526	rs302471
chr19	55837150	rs302469
chr19	55837269	rs302468
chr19	55837417	rs302467
chr19	55838881	rs385349
chr19	55838923	rs400297
chr19	55846540	rs396189
chr19	55849297	rs7258704
chr19	55852924	rs436488
chr19	55856339	rs17710196
chr19	55857061	rs644733
chr19	55857309	rs12977263
chr19	55857399	rs381809
chr19	55857446	rs382657
chr19	55857497	rs11673189
chr19	55857582	rs435148
chr19	55857823	rs441827
chr19	55857849	rs395503
chr19	55857948	rs16986718
chr19	55858227	rs421810
chr19	55858800	rs379327
chr19	55859392	rs9284431
chr19	55860308	rs2868047
chr19	55861339	rs4801635
chr19	55862096	rs12462372
chr19	55863255	rs10853882
chr19	55864103	rs302427
chr19	55864574	rs8104511
chr19	55865837	rs11668272
chr19	55866441	rs12976945
chr19	55868036	rs302430
chr19	55868148	rs302431
chr19	55869678	rs302436
chr19	55869766	rs302437
chr19	55870786	rs6509966
chr19	55871470	rs6509967
chr19	55871728	rs10500320
chr19	55872285	rs2043690
chr19	55873284	rs302445
chr19	55873887	rs4801637
chr19	55877505	rs4801282
chr19	55877698	rs4801639
chr19	55880018	rs12974982
chr19	55880153	rs302455
chr19	55881509	rs302456
chr19	55881554	rs12975929
chr19	55881685	rs302457
chr19	55881898	rs302458
chr19	55885830	rs4801283
chr19	55888795	rs8101859
chr19	55896929	rs2903728
chr19	55898856	rs302827
chr19	55898974	rs302828
chr19	55900391	rs302832
chr19	55901846	rs302834
chr19	55902166	rs7258847
chr19	55902217	rs302835
chr19	55903325	rs302837
chr19	55903490	rs302838
chr19	55904599	rs10500319
chr19	55907897	rs17711239
chr19	55908124	rs2117900
chr19	55908543	rs2868046
chr19	55909827	rs10405239
chr19	55910380	rs16986789
chr19	55910409	rs11670284
chr19	55910460	rs12982016
chr19	55910495	rs12982043
chr19	55911667	rs4801643
chr19	55911888	rs304002
chr19	55912302	rs304001
chr19	55912326	rs304000
chr19	55913077	rs303997
chr19	55913166	rs731338
chr19	55913323	rs1865956
chr19	55913721	rs303996
chr19	55914707	rs7260642
chr19	55915978	rs303993
chr19	55925474	rs4801648
chr19	55925834	rs41393444
chr19	55927974	rs373707
chr19	55928072	rs382958
chr19	55928249	rs11883015
chr19	55929946	rs35621418
chr19	55930080	rs35081406
chr19	55932153	rs12610617
chr19	55933222	rs382113
chr19	55934938	rs434678
chr19	55935245	rs450952
chr19	55935432	rs437862
chr19	55937511	rs404624
chr19	55939166	rs9636113
chr19	55939683	rs2043599
chr19	55939715	rs10418836
chr19	55941464	rs387114
chr19	55943196	rs805165
chr19	55944081	rs11671038
chr19	55944252	rs439142
chr19	55945532	rs810903
chr19	55947695	rs306508
chr19	55947976	rs306507
chr19	55948337	rs1436077
chr19	55950666	rs7343161
chr19	55951241	rs306504
chr19	55951657	rs306503
chr19	55954861	rs7259764
chr19	55956009	rs41481648
chr19	55958630	rs383216
chr19	55960511	rs7247096
chr19	55961823	rs10412597
chr19	55962094	rs6509975
chr19	55962279	rs11671531
chr19	55963960	rs427982
chr19	55964266	rs1560693
chr19	55966321	rs306497
chr19	55966344	rs306496
chr19	55969004	rs7251726
chr19	55970189	rs10419888
chr19	55971064	rs306489
chr19	55971826	rs306487
chr19	55972497	rs4801654
chr19	55975207	rs7255090
chr19	55976064	rs306483
chr19	55976237	rs306481
chr19	55978090	rs1836789
chr19	55978407	rs306477
chr19	55979412	rs306475
chr19	55979577	rs11084419
chr19	55981866	rs306472
chr19	55985550	rs8102420
chr19	55985711	rs306463
chr19	55987044	rs2060541
chr19	55987427	rs1865729
chr19	55987971	rs306456
chr19	55989684	rs306450
chr19	55991629	rs11671244
chr19	55991748	rs8105617
chr19	55999851	rs12462690
chr19	55999867	rs12462663
chr19	56003968	rs1560691
chr19	56004509	rs10518284
chr19	56008329	rs7252935
chr19	56008519	rs12977273
chr19	56008631	rs12462844
chr19	56009656	rs387220
chr19	56010015	rs16986877
chr19	56011557	rs17608620
chr19	56012038	rs2903527
chr19	56013676	rs167385
chr19	56015979	rs12610242
chr19	56021217	rs306445
chr19	56023158	rs2574764
chr19	56026162	rs892056
chr19	56027874	rs397977
chr19	56032444	rs388295
chr19	56032616	rs17713875
chr19	56034455	rs7247800
chr19	56034663	rs574342
chr19	56035400	rs393160
chr19	56036472	rs416009
chr19	56037009	rs549015
chr19	56037026	rs11084422
chr19	56038144	rs16986899
chr19	56038166	rs306447
chr19	56040242	rs7255126
chr19	56040720	rs11084423
chr19	56042120	rs7255920
chr19	56044939	rs306439
chr19	56045780	rs10421870
chr19	56045882	rs306437
chr19	56050383	rs2574762
chr19	56050799	rs7256266
chr19	56051999	rs1654394
chr19	56053798	rs3103057
chr19	56055375	rs2637107
chr19	56056639	rs8105343
chr19	56057484	rs17714301
chr19	56057612	rs8110255
chr19	56058551	rs386875
chr19	56058831	rs379192
chr19	56060181	rs689292
chr19	56061466	rs10409555
chr19	56061888	rs430931
chr19	56066872	rs729078
chr19	56068951	rs7250549
chr19	56070534	rs8104997
chr19	56071940	rs2087115
chr19	56076730	rs11665933
chr19	56077243	rs505187
chr19	56080920	rs6509981
chr19	56080944	rs622180
chr19	56084351	rs11672395
chr19	56085449	rs473539
chr19	56089929	rs8103698
chr19	56090342	rs609736
chr19	56091005	rs540900
chr19	56092444	rs506986
chr19	56095215	rs494615
chr19	56097056	rs546082
chr19	56097531	rs17815373
chr19	56098002	rs516022
chr19	56100455	rs562907
chr19	56102643	rs619934
chr19	56108891	rs504350
chr19	56111849	rs685117
chr19	56111974	rs684653
chr19	56112341	rs499083
chr19	56113343	rs578990
chr19	56115079	rs4801676
chr19	56118020	rs506547
chr19	56119859	rs578991
chr19	56122236	rs626821
chr19	56125390	rs672824
chr19	56126122	rs659424
chr19	56126361	rs902525
chr19	56127476	rs643133
chr19	56127658	rs525827
chr19	56130366	rs599405
chr19	56133958	rs12983086
chr19	56141223	rs3745836
chr19	56144947	rs274182
chr19	56145644	rs7255998
chr19	56146019	rs274179
chr19	56148373	rs274178
chr19	56153170	rs901476
chr19	56158389	rs679557
chr19	56160467	rs274154
chr19	56163179	rs274147
chr19	56165930	rs488196
chr19	56166722	rs8108902
chr19	56168391	rs10426746
chr19	56168401	rs10402352
chr19	56170661	rs12980218
chr19	56173455	rs10405607
chr19	56174094	rs175530
chr19	56175024	rs12984348
chr19	56175432	rs274168
chr19	56175525	rs3810336
chr19	56175584	rs274170
chr19	56177845	rs16987032
chr19	56178600	rs8108282
chr19	56180232	rs7258661
chr19	56182525	rs3745831
chr19	56183136	rs575756
chr19	56187130	rs4488567
chr19	56187178	rs11084425
chr19	56187875	rs12974509
chr19	56192467	rs553611
chr19	56194937	rs4801683
chr19	56195679	rs4801298
chr19	56199832	rs10469312
chr19	56201625	rs11879559
chr19	56203328	rs13382085
chr19	56203372	rs13382080
chr19	56205210	rs12709954
chr19	56205984	rs10419548
chr19	56207526	rs12691095
chr19	56212123	rs8112791
chr19	56229817	rs10403183
chr19	56230439	rs10403345
chr19	56231306	rs8111984
chr19	56232312	rs10404583
chr19	56234151	rs873732
chr19	56234200	rs873733
chr19	56234413	rs2018863
chr19	56237465	rs10420747
chr19	56238990	rs11669991
chr19	56239303	rs1036241
chr19	56239403	rs7247303
chr19	56239464	rs4384690
chr19	56239738	rs7250469
chr19	56240413	rs1036244
chr19	56240672	rs7247429
chr19	56241523	rs2163854
chr19	56241947	rs2116937
chr19	56242423	rs6509986
chr19	56243672	rs11084437
chr19	56246280	rs2033487
chr19	56250426	rs10420275
chr19	56251307	rs7254061
chr19	56251411	rs11671868
chr19	56253701	rs7250032
chr19	56254091	rs4801695
chr19	56256846	rs2033489
chr19	56263192	rs8106321
chr19	56267672	rs4801696
chr19	56269684	rs10410314
chr19	56273659	rs12461130
chr19	56273862	rs4801699
chr19	56274039	rs10427066
chr19	56275074	rs11670870
chr19	56279239	rs11667369
chr19	56280291	rs2869158
chr19	56283204	rs1558356
chr19	56283276	rs1558357
chr19	56286510	rs3205192
chr19	56286577	rs7247765
chr19	56286861	rs7248792
chr19	56287935	rs8106073
chr19	56288833	rs17273365
chr19	56292004	rs758758
chr19	56292052	rs758759
chr19	56295885	rs10775569
chr19	56304554	rs6509989
chr19	56305046	rs2304121
chr19	56305666	rs11084444
chr19	56307879	rs10404293
chr19	56311097	rs7252814
chr19	56312339	rs11084445
chr19	56318448	rs10418888
chr19	56318888	rs8110189
chr19	56320139	rs7245993
chr19	56320671	rs11881864
chr19	56326699	rs7246793
chr19	56340666	rs8100287
chr19	56348217	rs12608516
chr19	56350563	rs11671109
chr19	56351937	rs2058319
chr19	56353284	rs2869161
chr19	56353362	rs2869162
chr19	56357166	rs6509992
chr19	56367698	rs10419213
chr19	56367767	rs10419074
chr19	56368605	rs2288856
chr19	56371260	rs2904015
chr19	56375272	rs12610246
chr19	56375839	rs2304123
chr19	56376732	rs1860568
chr19	56377081	rs2304124
chr19	56377085	rs2304125
chr19	56381263	rs1017102
chr19	56382697	rs740868
chr19	56385205	rs2304127
chr19	56385970	rs8111942
chr19	56386955	rs8101140
chr19	56386973	rs8101813
chr19	56387484	rs7250471
chr19	56389117	rs9636161
chr19	56391088	rs2215410
chr19	56399620	rs12980022
chr19	56401543	rs4801720
chr19	56403625	rs6509996
chr19	56407205	rs2288862
chr19	56407229	rs2288863
chr19	56413392	rs917649
chr19	56421916	rs4281830
chr19	56422742	rs917652
chr19	56424158	rs3810340
chr19	56428202	rs8104319
chr19	56428798	rs7253851
chr19	56429653	rs11883038
chr19	56433019	rs728232
chr19	56437718	rs11672348
chr19	56437752	rs4801320
chr19	56438598	rs8112935
chr19	56441903	rs3760850
chr19	56442216	rs3760849
chr19	56442734	rs7253217
chr19	56450723	rs4801162
chr19	56456945	rs12709959
chr19	56459381	rs4801321
chr19	56461259	rs12462739
chr19	56464017	rs4801163
chr19	56464813	rs4801322
chr19	56465209	rs10421407
chr19	56465342	rs7258501
chr19	56466423	rs9304776
chr19	56467156	rs11881919
chr19	56467286	rs10410530
chr19	56468508	rs10423274
chr19	56470013	rs3760848
chr19	56472359	rs10408921
chr19	56472909	rs1542038
chr19	56473006	rs1542039
chr19	56475803	rs7251105
chr19	56476061	rs10412888
chr19	56476670	rs8109617
chr19	56481569	rs7254602
chr19	56484368	rs9749084
chr19	56485581	rs9646635
chr19	56486299	rs17305409
chr19	56486604	rs4801165
chr19	56487697	rs16987287
chr19	56488228	rs6510000
chr19	56488804	rs985113
chr19	56488901	rs17207460
chr19	56489437	rs17305423
chr19	56490768	rs877394
chr19	56492568	rs988613
chr19	56492828	rs8102264
chr19	56494183	rs16987292
chr19	56495484	rs10426952
chr19	56496279	rs7246498
chr19	56496622	rs7249981
chr19	56497005	rs4801167
chr19	56502702	rs2189698
chr19	56506713	rs10417966
chr19	56509385	rs12978999
chr19	56515027	rs16987296
chr19	56515682	rs16987299
chr19	56516237	rs10419939
chr19	56516710	rs17207495
chr19	56522135	rs8107062
chr19	56525284	rs3752176
chr19	56527800	rs960995
chr19	56527945	rs960996
chr19	56528330	rs958338
chr19	56529295	rs3813141
chr19	56529507	rs3813143
chr19	56529631	rs16987310
chr19	56529888	rs13346710
chr19	56530389	rs2058131
chr19	56534638	rs1029709
chr19	56539279	rs12981980
chr19	56539451	rs2286423
chr19	56539918	rs4801172
chr19	56541283	rs7260223
chr19	56545887	rs4801332
chr19	56548948	rs2074940
chr19	56549204	rs2074941
chr19	56549237	rs2074942
chr19	56549771	rs12609033
chr19	56550678	rs1990575
chr19	56550704	rs379214
chr19	56552271	rs399350
chr19	56552307	rs7253545
chr19	56552432	rs7253371
chr19	56552547	rs399970
chr19	56553820	rs145011
chr19	56554644	rs10409531
chr19	56556670	rs7258886
chr19	56557711	rs11670421
chr19	56558262	rs4401145
chr19	56559317	rs8106879
chr19	56560346	rs12981892
chr19	56561064	rs17273491
chr19	56561175	rs16987323
chr19	56562073	rs765000
chr19	56566850	rs4801175
chr19	56567276	rs4801341
chr19	56567833	rs11667718
chr19	56572755	rs10412218
chr19	56575446	rs4239476
chr19	56577190	rs3752179
chr19	56577482	rs3752180
chr19	56581001	rs2024395
chr19	56581800	rs11084454
chr19	56582451	rs9917082
chr19	56587830	rs10405563
chr19	56588109	rs2904241
chr19	56588449	rs7252017
chr19	56588853	rs741252
chr19	56589526	rs741253
chr19	56594124	rs7251367
chr19	56594358	rs11881987
chr19	56595033	rs1468773
chr19	56595227	rs3752181
chr19	56598453	rs10420820
chr19	56599554	rs12973085
chr19	56600806	rs10423168
chr19	56601810	rs3752183
chr19	56604284	rs2052238
chr19	56608066	rs11673097
chr19	56608988	rs887954
chr19	56611302	rs2110622
chr19	56611678	rs2215930
chr19	56613760	rs714082
chr19	56615360	rs7250785
chr19	56620068	rs1035116
chr19	56620870	rs10404342
chr19	56621088	rs2075167
chr19	56621600	rs2072501
chr19	56623655	rs12609941
chr19	56623827	rs7260368
chr19	56624302	rs11878187
chr19	56625106	rs1541558
chr19	56625670	rs12151013
chr19	56628187	rs10406103
chr19	56634066	rs1548866
chr19	56641738	rs4801350
chr19	56646826	rs4801180
chr19	56649147	rs4462710
chr19	56649272	rs12608576
chr19	56649304	rs10403208
chr19	56649353	rs12608566
chr19	56650561	rs1035117
chr19	56650733	rs10403522
chr19	56650920	rs10404532
chr19	56651471	rs8104824
chr19	56652311	rs8105823
chr19	56652948	rs10419133
chr19	56653562	rs6510006
chr19	56653768	rs7259998
chr19	56654558	rs4801351
chr19	56655465	rs10413937
chr19	56658834	rs4483953
chr19	56662214	rs4801352
chr19	56666745	rs10406215
chr19	56670599	rs10420727
chr19	56670677	rs10422532
chr19	56671715	rs11881089
chr19	56675761	rs2052241
chr19	56675795	rs2052242
chr19	56683742	rs740866
chr19	56683781	rs740867
chr19	56687157	rs11084460
chr19	56687205	rs7258285
chr19	56687381	rs7258518
chr19	56688352	rs7247442
chr19	56690301	rs8110338
chr19	56691556	rs10420802
chr19	56691737	rs11084462
chr19	56692367	rs8110561
chr19	56699418	rs7256661
chr19	56699575	rs7259910
chr19	56703805	rs1080049
chr19	56706439	rs2191435
chr19	56706592	rs2191436
chr19	56707550	rs12462745
chr19	56707565	rs1158033
chr19	56707595	rs12462786
chr19	56707616	rs1158034
chr19	56711615	rs6510014
chr19	56712448	rs4801364
chr19	56713022	rs730845
chr19	56718357	rs4801368
chr19	56719634	rs2041397
chr19	56723284	rs1029837
chr19	56726206	rs10415141
chr19	56726600	rs11668468
chr19	56728017	rs4801373
chr19	56732848	rs8113086
chr19	56734941	rs10414170
chr19	56737070	rs1029838
chr19	56738430	rs11882014
chr19	56739143	rs9304782
chr19	56739530	rs9967637
chr19	56741604	rs757619
chr19	56742006	rs758755
chr19	56746715	rs10412560
chr19	56747548	rs7255276
chr19	56747860	rs7255885
chr19	56754565	rs11666181
chr19	56759010	rs1476830
chr19	56759637	rs758756
chr19	56760024	rs2079877
chr19	56768023	rs12981689
chr19	56770209	rs17207579
chr19	56777051	rs3795006
chr19	56777560	rs7256072
chr19	56779112	rs11084467
chr19	56779365	rs2286750
chr19	56782026	rs2286751
chr19	56782463	rs12610778
chr19	56782688	rs12609366
chr19	56789516	rs1156959
chr19	56793497	rs7247813
chr19	56795557	rs12609597
chr19	56801612	rs10425564
chr19	56807306	rs11671362
chr19	56808849	rs10401139
chr19	56811387	rs11666110
chr19	56811907	rs1558355
chr19	56812972	rs1055359
chr19	56820544	rs9304785
chr19	56823654	rs1860565
chr19	56827839	rs4801389
chr19	56833545	rs2870477
chr19	56833599	rs2159551
chr19	56838829	rs758752
chr19	56848064	rs373361
chr19	56848432	rs382592
chr19	56849489	rs7248098
chr19	56858687	rs8102497
chr19	56861130	rs6510022
chr19	56863695	rs11881055
chr19	56866899	rs8113561
chr19	56868336	rs10408898
chr19	56872085	rs12985183
chr19	56877527	rs2870478
chr19	56880861	rs10425112
chr19	56884882	rs8100664
chr19	56886142	rs10412302
chr19	56886780	rs8109356
chr19	56887590	rs4239479
chr19	56888475	rs11881223
chr19	56888586	rs6510023
chr19	56893559	rs4801395
chr19	56895982	rs12462686
chr19	56897893	rs4801397
chr19	56897999	rs7249353
chr19	56898287	rs4801398
chr19	56903750	rs12462228
chr19	56905688	rs8100496
chr19	56906028	rs6510025
chr19	56906160	rs8101034
chr19	56906546	rs7249211
chr19	56907310	rs10411134
chr19	56908218	rs12974085
chr19	56909738	rs4801190
chr19	56910406	rs10406148
chr19	56910749	rs7259494
chr19	56910962	rs7259442
chr19	56911259	rs4801404
chr19	56912080	rs12978360
chr19	56918544	rs8101889
chr19	56919549	rs4801408
chr19	56922503	rs8105449
chr19	56923198	rs12971478
chr19	56923334	rs10413094
chr19	56925028	rs1368467
chr19	56927370	rs4801411
chr19	56932871	rs7256874
chr19	56933599	rs7245519
chr19	56933960	rs12974285
chr19	56934366	rs8101059
chr19	56936626	rs7258452
chr19	56936852	rs7259756
chr19	56936921	rs7259063
chr19	56948073	rs7253030
chr19	56949735	rs1433105
chr19	56950790	rs8111638
chr19	56952981	rs12984414
chr19	56953655	rs12052103
chr19	56956122	rs754622
chr19	56957082	rs1368466
chr19	56962143	rs4801194
chr19	56962752	rs7257519
chr19	56963174	rs2865164
chr19	56964750	rs7250098
chr19	56965903	rs10418168
chr19	56966114	rs11668315
chr19	56966652	rs10423480
chr19	56974160	rs2048428
chr19	56974583	rs12460368
chr19	56975216	rs1036238
chr19	56976129	rs7260649
chr19	56976145	rs6510032
chr19	56976292	rs4361034
chr19	56977014	rs11670532
chr19	56977055	rs8102873
chr19	56977700	rs12985946
chr19	56978416	rs2048429
chr19	56983735	rs12460612
chr19	56984444	rs10426996
chr19	56986255	rs892168
chr19	56988176	rs1108543
chr19	56988210	rs1108544
chr19	56994803	rs12608937
chr19	56995438	rs11671095
chr19	56996435	rs12975486
chr19	56999483	rs7255641
chr19	57001018	rs12971579
chr19	57005895	rs7259337
chr19	57007709	rs11882050
chr19	57008098	rs12986307
chr19	57009774	rs10401795
chr19	57011995	rs1108416
chr19	57012663	rs2902943
chr19	57021184	rs11880181
chr19	57021805	rs13343495
chr19	57023884	rs8108432
chr19	57024016	rs12610857
chr19	57025856	rs12977021
chr19	57029493	rs12459720
chr19	57033234	rs7255773
chr19	57034988	rs8103089
chr19	57036921	rs8110935
chr19	57041065	rs12984455
chr19	57045715	rs8111324
chr19	57046484	rs7246699
chr19	57052132	rs12461308
chr19	57054224	rs10418013
chr19	57058351	rs8110638
chr19	57058456	rs13345207
chr19	57058544	rs12609898
chr19	57060600	rs12459157
chr19	57060957	rs17207600
chr19	57061069	rs17273540
chr19	57061345	rs3848521
chr19	57061744	rs7250836
chr19	57061820	rs11879078
chr19	57062464	rs16987724
chr19	57062876	rs4085087
chr19	57064059	rs9677008
chr19	57064186	rs11669548
chr19	57065546	rs4435360
chr19	57065952	rs17207607
chr19	57068415	rs7247032
chr19	57069349	rs8105520
chr19	57070632	rs8105355
chr19	57070657	rs8105442
chr19	57071126	rs8105844
chr19	57072350	rs8110460
chr19	57074618	rs16987736
chr19	57076930	rs10403926
chr19	57078917	rs9676793
chr19	57079670	rs1016438
chr19	57082333	rs10445591
chr19	57084129	rs7254967
chr19	57085698	rs7247555
chr19	57088293	rs16987743
chr19	57091407	rs1565944
chr19	57094085	rs11084487
chr19	57095193	rs6510040
chr19	57095919	rs7252840
chr19	57096762	rs7257033
chr19	57097228	rs7257831
chr19	57100885	rs2887658
chr19	57101831	rs6510042
chr19	57102230	rs7256254
chr19	57107873	rs2370136
chr19	57111915	rs17305542
chr19	57114980	rs10423919
chr19	57117284	rs7253423
chr19	57119107	rs1982911
chr19	57129778	rs1027392
chr19	57130431	rs3795003
chr19	57130730	rs3764574
chr19	57131414	rs9973206
chr19	57133074	rs9973275
chr19	57134850	rs17305549
chr19	57135202	rs4801433
chr19	57135647	rs7251328
chr19	57135868	rs7252632
chr19	57137065	rs2370135
chr19	57138532	rs2370134
chr19	57138533	rs17305556
chr19	57138594	rs10407445
chr19	57145689	rs10421793
chr19	57150507	rs10418052
chr19	57152426	rs7245501
chr19	57153977	rs10416425
chr19	57154382	rs8108591
chr19	57154520	rs10420848
chr19	57155472	rs12459119
chr19	57156368	rs11666201
chr19	57166041	rs4801203
chr19	57166826	rs11672517
chr19	57167370	rs17273610
chr19	57174843	rs8106506
chr19	57175436	rs740400
chr19	57178810	rs7254212
chr19	57185017	rs999135
chr19	57186978	rs11667177
chr19	57191098	rs3810136
chr19	57201927	rs8108292
chr19	57205713	rs8110121
chr19	57210348	rs4141255
chr19	57211645	rs917340
chr19	57213747	rs10414299
chr19	57216768	rs11879048
chr19	57220075	rs13345715
chr19	57223480	rs6510050
chr19	57224448	rs10408146
chr19	57226926	rs11673172
chr19	57227119	rs7258896
chr19	57227879	rs2361128
chr19	57230880	rs2302060
chr19	57231335	rs758097
chr19	57231966	rs758099
chr19	57234704	rs1544492
chr19	57236680	rs4801206
chr19	57237017	rs4801447
chr19	57237537	rs7252399
chr19	57243687	rs10418480
chr19	57244140	rs8109659
chr19	57248257	rs4474796
chr19	57248467	rs3826971
chr19	57249585	rs4801451
chr19	57250771	rs7248000
chr19	57250881	rs10406954
chr19	57251370	rs8103522
chr19	57252178	rs8106734
chr19	57253402	rs10421632
chr19	57255761	rs8108730
chr19	57256698	rs4801452
chr19	57259186	rs10412975
chr19	57260515	rs10413037
chr19	57260701	rs10415216
chr19	57260864	rs10415639
chr19	57262079	rs4224
chr19	57264390	rs4801207
chr19	57264948	rs11668129
chr19	57269666	rs2097982
chr19	57269727	rs2097983
chr19	57271949	rs4801454
chr19	57272009	rs4801455
chr19	57272332	rs12977393
chr19	57272957	rs10411571
chr19	57279245	rs7247503
chr19	57279620	rs10411733
chr19	57279766	rs10410956
chr19	57280235	rs12610538
chr19	57282195	rs4801457
chr19	57285310	rs10409978
chr19	57285351	rs7251233
chr19	57289047	rs7252149
chr19	57291456	rs2041110
chr19	57292994	rs3746228
chr19	57293156	rs3746227
chr19	57309349	rs4289092
chr19	57310521	rs763585
chr19	57311001	rs1859955
chr19	57311476	rs2190689
chr19	57311678	rs2215047
chr19	57312423	rs7253467
chr19	57315379	rs7250424
chr19	57315529	rs7254323
chr19	57316731	rs2159029
chr19	57317528	rs11084495
chr19	57318455	rs4801214
chr19	57318478	rs4801215
chr19	57320135	rs9304791
chr19	57320721	rs4801461
chr19	57323884	rs4801216
chr19	57323938	rs4801468
chr19	57324482	rs7249011
chr19	57324544	rs13345625
chr19	57327782	rs8100491
chr19	57331247	rs12462123
chr19	57331899	rs6510059
chr19	57332552	rs8099984
chr19	57333965	rs2016993
chr19	57340913	rs10420494
chr19	57343569	rs8108694
chr19	57344562	rs6510064
chr19	57345737	rs1544494
chr19	57346753	rs7251873
chr19	57348222	rs4801473
chr19	57348443	rs2041111
chr19	57349717	rs7250371
chr19	57350799	rs862698
chr19	57351137	rs3746226
chr19	57352184	rs862699
chr19	57352233	rs862700
chr19	57352252	rs11882015
chr19	57352569	rs862701
chr19	57353714	rs862703
chr19	57354871	rs862706
chr19	57355505	rs862707
chr19	57356231	rs862708
chr19	57356968	rs862709
chr19	57358779	rs7250521
chr19	57359773	rs862710
chr19	57361629	rs862711
chr19	57366826	rs1989455
chr19	57367204	rs2301663
chr19	57372003	rs11669820
chr19	57372684	rs886206
chr19	57378632	rs2361119
chr19	57379469	rs11666890
chr19	57385366	rs12978934
chr19	57387465	rs8100796
chr19	57389893	rs12460323
chr19	57398459	rs17856896
chr19	57398504	rs4801478
chr19	57405503	rs12974226
chr19	57408104	rs7256453
chr19	57409403	rs7246131
chr19	57411296	rs4801480
chr19	57415118	rs10406875
chr19	57415453	rs10412943
chr19	57417341	rs8110803
chr19	57419935	rs2014827
chr19	57420185	rs10417533
chr19	57421635	rs2023761
chr19	57422202	rs10853894
chr19	57428251	rs11665675
chr19	57431230	rs8104697
chr19	57434452	rs10411904
chr19	57438058	rs4801481
chr19	57440667	rs726260
chr19	57440706	rs4141337
chr19	57441753	rs4801483
chr19	57443260	rs7249430
chr19	57443876	rs12986235
chr19	57444351	rs2240037
chr19	57444361	rs2240038
chr19	57444818	rs2240040
chr19	57445460	rs7246856
chr19	57449851	rs8103381
chr19	57450244	rs6510070
chr19	57452143	rs886336
chr19	57452335	rs11084499
chr19	57454085	rs12981785
chr19	57455094	rs7247474
chr19	57458609	rs6510072
chr19	57458786	rs7249882
chr19	57468799	rs6510074
chr19	57469633	rs4801488
chr19	57471615	rs12985337
chr19	57471710	rs2360764
chr19	57472089	rs10153521
chr19	57472437	rs10426255
chr19	57472529	rs10407309
chr19	57472543	rs10405925
chr19	57472695	rs10406544
chr19	57472728	rs10406026
chr19	57472822	rs12977381
chr19	57472886	rs10406621
chr19	57473058	rs10407042
chr19	57473550	rs2074058
chr19	57474521	rs7257644
chr19	57474816	rs2285607
chr19	57477686	rs12460314
chr19	57477707	rs7254867
chr19	57477891	rs12460339
chr19	57479588	rs2885060
chr19	57479687	rs2285609
chr19	57480707	rs2285611
chr19	57481818	rs4801225
chr19	57486466	rs6510080
chr19	57486566	rs6510081
chr19	57487814	rs8113039
chr19	57491076	rs6510082
chr19	57491297	rs6510084
chr19	57492212	rs2074071
chr19	57492245	rs2074072
chr19	57492505	rs2074074
chr19	57492790	rs2074075
chr19	57496417	rs2360761
chr19	57497529	rs12980664
chr19	57499274	rs7255481
chr19	57500053	rs12463137
chr19	57504613	rs2074061
chr19	57507480	rs2066936
chr19	57516135	rs6510088
chr19	57517336	rs8109653
chr19	57523171	rs4801232
chr19	57524277	rs2051765
chr19	57524397	rs6510089
chr19	57524507	rs2051766
chr19	57527256	rs2240022
chr19	57530335	rs12460048
chr19	57542579	rs7247899
chr19	57546878	rs1548475
chr19	57547168	rs1548476
chr19	57547371	rs10410631
chr19	57550906	rs2285668
chr19	57552919	rs2269816
chr19	57553157	rs2269817
chr19	57555710	rs7249682
chr19	57558696	rs10221464
chr19	57558872	rs12975913
chr19	57562307	rs12610728
chr19	57563036	rs12611130
chr19	57566914	rs11084508
chr19	57568438	rs10407412
chr19	57570500	rs10414608
chr19	57573562	rs3746222
chr19	57574828	rs12977037
chr19	57577058	rs10409744
chr19	57580509	rs10423167
chr19	57581331	rs10425493
chr19	57581676	rs10405036
chr19	57584652	rs11880858
chr19	57589942	rs2074205
chr19	57592027	rs2240023
chr19	57592804	rs11084510
chr19	57593879	rs10403092
chr19	57595038	rs1004205
chr19	57595255	rs1004206
chr19	57599820	rs10422333
chr19	57601476	rs10421673
chr19	57604435	rs11881999
chr19	57604775	rs2074206
chr19	57605715	rs9677004
chr19	57606031	rs11883343
chr19	57613597	rs2023809
chr19	57614181	rs9676859
chr19	57614276	rs2269818
chr19	57618090	rs2079033
chr19	57618276	rs9304793
chr19	57618858	rs2238695
chr19	57619845	rs10412534
chr19	57620208	rs10414451
chr19	57620255	rs10413455
chr19	57621875	rs10403536
chr19	57622904	rs2885007
chr19	57623981	rs9749439
chr19	57626435	rs10409798
chr19	57631118	rs9749085
chr19	57631523	rs9749218
chr19	57632095	rs9749254
chr19	57633193	rs10420097
chr19	57638659	rs12609093
chr19	57640405	rs10420191
chr19	57640652	rs3746221
chr19	57640665	rs3746220
chr19	57641427	rs11879465
chr19	57641632	rs3746218
chr19	57641641	rs3746217
chr19	57642209	rs3746216
chr19	57642228	rs3746215
chr19	57642288	rs1044985
chr19	57642724	rs12276
chr19	57642891	rs3746210
chr19	57643457	rs10408464
chr19	57643587	rs10409262
chr19	57647522	rs9749247
chr19	57651769	rs12608549
chr19	57656303	rs12608882
chr19	57656385	rs12610292
chr19	57657554	rs9710520
chr19	57660139	rs9749195
chr19	57660630	rs11084514
chr19	57660933	rs11881170
chr19	57665940	rs10417057
chr19	57667137	rs12983596
chr19	57667866	rs10403851
chr19	57669785	rs2360530
chr19	57672108	rs9749513
chr19	57672300	rs12609579
chr19	57672972	rs4239480
chr19	57674683	rs9749360
chr19	57677919	rs9676604
chr19	57683020	rs12162230
chr19	57683037	rs12162232
chr19	57684839	rs752150
chr19	57688731	rs3746208
chr19	57689129	rs12608564
chr19	57689992	rs12981782
chr19	57691441	rs9304798
chr19	57694915	rs9284432
chr19	57696017	rs1009158
chr19	57696531	rs999570
chr19	57698170	rs9304802
chr19	57699440	rs11882011
chr19	57700162	rs10419113
chr19	57700676	rs2240025
chr19	57702584	rs2074078
chr19	57702601	rs11878316
chr19	57704099	rs10409409
chr19	57707478	rs4801515
chr19	57711583	rs9438914
chr19	57712730	rs4801516
chr19	57717038	rs10414064
chr19	57719252	rs9676323
chr19	57719563	rs2239985
chr19	57720173	rs1059397
chr19	57720439	rs2239986
chr19	57721640	rs3746207
chr19	57723547	rs9676736
chr19	57733530	rs9676963
chr19	57734463	rs11878521
chr19	57737744	rs9748978
chr19	57737936	rs12972098
chr19	57744656	rs9749304
chr19	57746752	rs2074080
chr19	57747221	rs2074081
chr19	57752631	rs2009609
chr19	57754824	rs12609667
chr19	57759386	rs4578770
chr19	57763541	rs12983947
chr19	57764436	rs12611312
chr19	57765288	rs12610315
chr19	57767061	rs10422444
chr19	57770006	rs2285614
chr19	57774691	rs9749314
chr19	57776801	rs2285615
chr19	57778433	rs7251603
chr19	57779860	rs2158013
chr19	57780194	rs10401255
chr19	57781048	rs6510093
chr19	57788698	rs10425889
chr19	57795906	rs6510101
chr19	57797047	rs3745123
chr19	57797246	rs9304805
chr19	57801823	rs16989256
chr19	57803309	rs8100221
chr19	57807755	rs7250447
chr19	57814633	rs2303817
chr19	57817695	rs10419898
chr19	57819644	rs2303756
chr19	57820947	rs16988208
chr19	57825997	rs964795
chr19	57826845	rs16960555
chr19	57828300	rs2009061
chr19	57830475	rs12983990
chr19	57830643	rs6510107
chr19	57841154	rs12981244
chr19	57841635	rs34871842
chr19	57842897	rs34871518
chr19	57843168	rs10424027
chr19	57845705	rs6510108
chr19	57846178	rs1047128
chr19	57863585	rs5029044
chr19	57864640	rs10402633
chr19	57867148	rs11668314
chr19	57868524	rs2081884
chr19	57869510	rs1047405
chr19	57872553	rs4801239
chr19	57877339	rs7245531
chr19	57877987	rs4801528
chr19	57886107	rs10402091
chr19	57889949	rs34640515
chr19	57889974	rs2375145
chr19	57899184	rs8103254
chr19	57906058	rs6510112
chr19	57913264	rs12608717
chr19	57915241	rs12981037
chr19	57920511	rs7253080
chr19	57921128	rs8108626
chr19	57924189	rs12983829
chr19	57924652	rs1544930
chr19	57924673	rs1544929
chr19	57924821	rs28566599
chr19	57927938	rs7253514
chr19	57930794	rs34647569
chr19	57931539	rs8101535
chr19	57931957	rs35666013
chr19	57941974	rs959231
chr19	57944013	rs257652
chr19	57945490	rs257653
chr19	57946563	rs257654
chr19	57952635	rs257661
chr19	57953261	rs257662
chr19	57953562	rs257663
chr19	57954096	rs257664
chr19	57954580	rs1428175
chr19	57957788	rs8107849
chr19	57959153	rs10424113
chr19	57961595	rs8102308
chr19	57967128	rs257673
chr19	57968231	rs7258536
chr19	57968378	rs7259833
chr19	57968476	rs11670102
chr19	57970512	rs2889010
chr19	57972341	rs3810128
chr19	57972841	rs257675
chr19	57974071	rs257676
chr19	57974460	rs7249794
chr19	57978019	rs525221
chr19	57980259	rs11673029
chr19	57980534	rs11667871
chr19	57983691	rs10518271
chr19	57985299	rs10418974
chr19	57985501	rs10424723
chr19	57985522	rs10424571
chr19	57986775	rs10408288
chr19	57991086	rs11084526
chr19	57993872	rs16988345
chr19	57994869	rs4801538
chr19	57999564	rs1035522
chr19	57999782	rs10451433
chr19	58002109	rs4801242
chr19	58003107	rs9304809
chr19	58004862	rs10411019
chr19	58006313	rs12462562
chr19	58006609	rs11669327
chr19	58007148	rs9304810
chr19	58007166	rs9304811
chr19	58011166	rs4801246
chr19	58013022	rs2098717
chr19	58016935	rs1014767
chr19	58018150	rs1549495
chr19	58025281	rs159868
chr19	58025498	rs159867
chr19	58028449	rs1862494
chr19	58029492	rs292826
chr19	58033765	rs292828
chr19	58036081	rs159872
chr19	58037063	rs159874
chr19	58037290	rs193390
chr19	58037392	rs184128
chr19	58048417	rs1080416
chr19	58054063	rs8104122
chr19	58056328	rs4384691
chr19	58058263	rs4801552
chr19	58058380	rs4801248
chr19	58059681	rs7260445
chr19	58061591	rs2288274
chr19	58061611	rs1469087
chr19	58061715	rs1469086
chr19	58062191	rs11666227
chr19	58064990	rs11673436
chr19	58066394	rs8103853
chr19	58067210	rs2229375
chr19	58068909	rs1057402
chr19	58077482	rs1004526
chr19	58081421	rs12972447
chr19	58084309	rs10878
chr19	58086038	rs1064267
chr19	58088681	rs1529329
chr19	58089854	rs2547354
chr19	58093630	rs1025020
chr19	58098076	rs10421350
chr19	58098090	rs10420801
chr19	58098740	rs2547257
chr19	58098887	rs3810126
chr19	58104889	rs295347
chr19	58105307	rs4801250
chr19	58108480	rs933670
chr19	58108701	rs918545
chr19	58109157	rs2554982
chr19	58114745	rs2052735
chr19	58114998	rs12462540
chr19	58116092	rs2547347
chr19	58116441	rs4801559
chr19	58119042	rs2098685
chr19	58119827	rs4420637
chr19	58120309	rs4801252
chr19	58121401	rs753530
chr19	58121505	rs971711
chr19	58121956	rs2375234
chr19	58123927	rs2547260
chr19	58125289	rs2547358
chr19	58125785	rs6510125
chr19	58126022	rs2547359
chr19	58126131	rs3745129
chr19	58127032	rs2547360
chr19	58128442	rs768079
chr19	58135847	rs2431835
chr19	58136992	rs159667
chr19	58138691	rs157360
chr19	58150214	rs159680
chr19	58150365	rs159679
chr19	58153080	rs260491
chr19	58162167	rs2046357
chr19	58163638	rs4801567
chr19	58164050	rs10415313
chr19	58164549	rs6510126
chr19	58169321	rs299847
chr19	58173244	rs551116
chr19	58173684	rs171853
chr19	58175624	rs260488
chr19	58177063	rs12977929
chr19	58178467	rs1483651
chr19	58182051	rs12975369
chr19	58182503	rs157357
chr19	58197363	rs2445858
chr19	58202407	rs7250280
chr19	58202868	rs12151036
chr19	58204171	rs4444432
chr19	58204577	rs260415
chr19	58204996	rs7248512
chr19	58205658	rs260416
chr19	58206902	rs7256349
chr19	58207332	rs11672645
chr19	58208994	rs735507
chr19	58209351	rs101447
chr19	58209552	rs260418
chr19	58210586	rs260419
chr19	58211307	rs11671199
chr19	58215203	rs260424
chr19	58216983	rs260423
chr19	58218467	rs260422
chr19	58222964	rs2445859
chr19	58225259	rs260428
chr19	58228973	rs260438
chr19	58229804	rs260441
chr19	58233567	rs48524
chr19	58234104	rs260444
chr19	58234565	rs260445
chr19	58237485	rs11671874
chr19	58238628	rs8111498
chr19	58238960	rs8111301
chr19	58239047	rs8111222
chr19	58239145	rs11883119
chr19	58240027	rs11670075
chr19	58246602	rs8108238
chr19	58247085	rs260484
chr19	58248313	rs8112340
chr19	58249741	rs6510128
chr19	58255508	rs260452
chr19	58255785	rs260453
chr19	58255802	rs260454
chr19	58256199	rs260456
chr19	58256331	rs260457
chr19	58259517	rs260461
chr19	58262705	rs260462
chr19	58265264	rs260468
chr19	58266571	rs11666477
chr19	58270013	rs2449632
chr19	58273366	rs12462307
chr19	58274718	rs431093
chr19	58276870	rs547045
chr19	58278729	rs260503
chr19	58278993	rs11666156
chr19	58279847	rs260500
chr19	58280350	rs260499
chr19	58280847	rs260497
chr19	58282188	rs7253055
chr19	58286771	rs260473
chr19	58286934	rs260474
chr19	58288286	rs365699
chr19	58288415	rs432181
chr19	58288980	rs11671477
chr19	58290418	rs11672773
chr19	58293447	rs260470
chr19	58294717	rs260471
chr19	58295320	rs17853924
chr19	58296391	rs260472
chr19	58297343	rs931258
chr19	58297788	rs8107581
chr19	58301164	rs3745140
chr19	58301291	rs3745141
chr19	58304487	rs3915790
chr19	58305163	rs3848524
chr19	58306093	rs1133822
chr19	58309722	rs8105935
chr19	58312797	rs8110941
chr19	58318895	rs7359922
chr19	58318972	rs34251663
chr19	58320453	rs7359845
chr19	58322505	rs8109093
chr19	58324767	rs36057771
chr19	58329484	rs16988659
chr19	58329539	rs16988665
chr19	58341997	rs1268538
chr19	58345765	rs1265956
chr19	58347310	rs1265957
chr19	58348456	rs1265960
chr19	58352784	rs6510137
chr19	58353113	rs893184
chr19	58353501	rs2375470
chr19	58353702	rs893182
chr19	58355068	rs3830
chr19	58360360	rs4801266
chr19	58372530	rs12459668
chr19	58373598	rs7254299
chr19	58380693	rs8100801
chr19	58385345	rs3764536
chr19	58386285	rs3794974
chr19	58387069	rs731835
chr19	58387596	rs734380
chr19	58387689	rs893179
chr19	58387815	rs734379
chr19	58387975	rs1529959
chr19	58388099	rs1529958
chr19	58389073	rs7251034
chr19	58389380	rs7252333
chr19	58390823	rs8105899
chr19	58391937	rs12460553
chr19	58393298	rs7245665
chr19	58400401	rs2278498
chr19	58406970	rs11671591
chr19	58407038	rs4801583
chr19	58407338	rs3826684
chr19	58407433	rs3826680
chr19	58408935	rs11878198
chr19	58415848	rs12986387
chr19	58416122	rs11667723
chr19	58416935	rs10423138
chr19	58416942	rs11668789
chr19	58417419	rs7257872
chr19	58417685	rs3764535
chr19	58417769	rs3764534
chr19	58417827	rs3764533
chr19	58417855	rs3764532
chr19	58421334	rs11084543
chr19	58429147	rs11670871
chr19	58431710	rs8108766
chr19	58433035	rs1051500
chr19	58434689	rs1465789
chr19	58434836	rs1122955
chr19	58435466	rs11668814
chr19	58436124	rs8111029
chr19	58438212	rs1005050
chr19	58439756	rs7259841
chr19	58440444	rs9304814
chr19	58440960	rs8109437
chr19	58441952	rs6510152
chr19	58443552	rs35713506
chr19	58444959	rs12980907
chr19	58449114	rs11669741
chr19	58451591	rs893188
chr19	58457508	rs1077420
chr19	58457812	rs893186
chr19	58458732	rs4801591
chr19	58461774	rs11668071
chr19	58467150	rs4801595
chr19	58468591	rs7254178
chr19	58474499	rs3794971
chr19	58474893	rs3794970
chr19	58476812	rs2304521
chr19	58478128	rs893185
chr19	58480112	rs882609
chr19	58480533	rs882610
chr19	58481529	rs11670764
chr19	58487097	rs8110135
chr19	58487983	rs2033711
chr19	58488473	rs35631681
chr19	58488906	rs4801273
chr19	58489089	rs4801600
chr19	58492463	rs11669127
chr19	58499226	rs4801274
chr19	58499452	rs2278497
chr19	58509682	rs4801275
chr19	58509980	rs34274259
chr19	58511799	rs34415062
chr19	58517939	rs13345233
chr19	58519213	rs11670864
chr19	58521974	rs11666790
chr19	58524906	rs10432292
chr19	58527528	rs11673465
chr19	58536944	rs12052202
chr19	58546716	rs7249714
chr19	58546832	rs7249841
chr19	58548362	rs2305120
chr19	58549990	rs3816328
chr19	58550892	rs11669345
chr19	58552960	rs10414125
chr19	58554585	rs873104
chr19	58556218	rs8105097
chr19	58556256	rs2305119
chr19	58557629	rs3794966
chr19	58557986	rs3794965
chr19	58559549	rs3794964
chr19	58559954	rs10413586
chr19	58561029	rs28575910
chr19	58567890	rs7248800
chr19	58571001	rs3752111
chr19	58571238	rs3752109
chr19	58572939	rs1867726
chr19	58574299	rs13344155
chr19	58576112	rs8100253
chr19	58578425	rs12462495
chr19	58578860	rs1550813
chr19	58581872	rs10448
chr19	58582097	rs7910
chr19	58582769	rs8106379
chr19	58583759	rs8110595
