CHROM	POS	ID
chr15	19938156	rs9744388
chr15	19946357	rs10163108
chr15	19956119	rs6599770
chr15	19971047	rs7170864
chr15	19971839	rs12440100
chr15	19975692	rs10152550
chr15	19979347	rs12906138
chr15	19986488	rs7179358
chr15	19986758	rs4932079
chr15	20007545	rs4932072
chr15	20057775	rs2199325
chr15	22063288	rs1303908
chr15	22086343	rs1816284
chr15	22167553	rs6602936
chr15	22204563	rs2935431
chr15	22617186	rs11263694
chr15	22645574	rs1976210
chr15	22646842	rs3883043
chr15	22732985	rs8033142
chr15	22738859	rs9672841
chr15	22776147	rs4778307
chr15	22778845	rs7170324
chr15	22786139	rs10152278
chr15	22788625	rs11263687
chr15	22793761	rs6606830
chr15	22793791	rs7163386
chr15	22794684	rs7174119
chr15	22795060	rs11636068
chr15	22795211	rs12900552
chr15	22806332	rs7168367
chr15	22807275	rs7177893
chr15	22810266	rs6606825
chr15	22812787	rs11636690
chr15	22813083	rs17137334
chr15	22813674	rs1991922
chr15	22818081	rs7168676
chr15	22819229	rs4778575
chr15	22819856	rs8027341
chr15	22820436	rs11263683
chr15	22822087	rs7179251
chr15	22824526	rs3812924
chr15	22826213	rs6606823
chr15	22826664	rs12902722
chr15	22827941	rs3812923
chr15	22829172	rs7181789
chr15	22829829	rs6606819
chr15	22830913	rs12439636
chr15	22832212	rs4778334
chr15	22835548	rs4778258
chr15	22836312	rs7177395
chr15	22839066	rs1347314
chr15	22839265	rs4592619
chr15	22840146	rs7172332
chr15	22840228	rs7168115
chr15	22846220	rs4778370
chr15	22848245	rs17137358
chr15	22848303	rs17806738
chr15	22848990	rs17137361
chr15	22850232	rs17137365
chr15	22851553	rs7171241
chr15	22851830	rs7170838
chr15	22851955	rs7170784
chr15	22856016	rs12911925
chr15	22856510	rs6606817
chr15	22859942	rs7168000
chr15	22862558	rs17524529
chr15	22863676	rs4778413
chr15	22866361	rs3812922
chr15	22867866	rs3785
chr15	22868175	rs3693
chr15	22868260	rs1051288
chr15	22871377	rs4778441
chr15	22872796	rs999842
chr15	22873211	rs2278458
chr15	22878147	rs4778455
chr15	22878473	rs7182576
chr15	22879186	rs1897786
chr15	22881834	rs7171025
chr15	22882038	rs2304341
chr15	22882723	rs12913456
chr15	22883150	rs12441373
chr15	22887380	rs4778464
chr15	22888224	rs8043191
chr15	22896157	rs1009153
chr15	22900872	rs17841095
chr15	22901504	rs4778470
chr15	22903836	rs7170637
chr15	22904774	rs17137192
chr15	22905424	rs6606813
chr15	22907410	rs7174982
chr15	22907543	rs11263677
chr15	22908421	rs7168653
chr15	22908943	rs4778471
chr15	22912130	rs2289819
chr15	22912368	rs2289817
chr15	22912569	rs4778472
chr15	22912621	rs4457961
chr15	22914310	rs7167687
chr15	22914964	rs4134803
chr15	22918055	rs2289816
chr15	22919487	rs4778298
chr15	22923240	rs1579821
chr15	22924639	rs8036575
chr15	22925044	rs6606810
chr15	22925064	rs12594495
chr15	22926124	rs2289821
chr15	22927007	rs7161747
chr15	22927754	rs8029108
chr15	22932398	rs3751566
chr15	22935230	rs956120
chr15	22935880	rs1822889
chr15	22938143	rs17800027
chr15	22939377	rs1109036
chr15	22939751	rs2346694
chr15	22940557	rs2120968
chr15	22941623	rs7402104
chr15	22942060	rs7403800
chr15	22942884	rs3816308
chr15	22943001	rs11637146
chr15	22945116	rs2289823
chr15	22945901	rs11634023
chr15	22946839	rs2289824
chr15	22948584	rs12909256
chr15	22948924	rs722411
chr15	22948971	rs722410
chr15	22950492	rs7171787
chr15	22950619	rs12898301
chr15	22952350	rs8028440
chr15	22953653	rs2028794
chr15	22954411	rs6606804
chr15	22954787	rs11632784
chr15	22956906	rs12907198
chr15	22963647	rs7167658
chr15	22963861	rs7175101
chr15	22964676	rs7403282
chr15	22964789	rs11632180
chr15	22965749	rs11853131
chr15	22967421	rs12439367
chr15	22967437	rs12439364
chr15	22967498	rs12441090
chr15	22968756	rs4293342
chr15	22980985	rs8042900
chr15	22981285	rs8042352
chr15	22986843	rs8029320
chr15	22989526	rs8043036
chr15	22995343	rs7168441
chr15	22996179	rs765763
chr15	22997016	rs8028399
chr15	22999284	rs548
chr15	22999743	rs1046860
chr15	23000270	rs12914045
chr15	23003208	rs2289815
chr15	23003264	rs2251602
chr15	23003304	rs2289814
chr15	23004806	rs3812920
chr15	23006447	rs11632888
chr15	23006570	rs3213932
chr15	23007397	rs12594262
chr15	23009251	rs8030140
chr15	23009806	rs17742788
chr15	23012825	rs8027884
chr15	23014747	rs12899479
chr15	23018631	rs748979
chr15	23019071	rs1544285
chr15	23022679	rs7168628
chr15	23033097	rs1015172
chr15	23035925	rs8029691
chr15	23037422	rs8029154
chr15	23039993	rs35297352
chr15	23056355	rs8035524
chr15	23057339	rs1562203
chr15	23062386	rs9920640
chr15	23064257	rs11486384
chr15	23073123	rs8039647
chr15	23073160	rs8031642
chr15	23075159	rs11263662
chr15	23076472	rs8034210
chr15	23081637	rs6606792
chr15	23084047	rs12102024
chr15	23085965	rs12915528
chr15	23088585	rs7359214
chr15	23088973	rs12900257
chr15	23089001	rs12900111
chr15	23093092	rs6606789
chr15	23094188	rs6606788
chr15	23095193	rs4405519
chr15	23106247	rs8027379
chr15	23106329	rs8034562
chr15	23106383	rs8038579
chr15	23107385	rs4433784
chr15	23109589	rs7174633
chr15	23109672	rs7165745
chr15	23117883	rs8040193
chr15	23396049	rs4778312
chr15	23403645	rs1830115
chr15	23409060	rs1997130
chr15	23422265	rs8023331
chr15	23422945	rs12910918
chr15	23437561	rs6576313
chr15	23439381	rs2020361
chr15	23443797	rs4778531
chr15	23448259	rs17118269
chr15	23452229	rs17118628
chr15	23452861	rs1814767
chr15	23453043	rs1961965
chr15	23455960	rs4410051
chr15	23456885	rs11852758
chr15	23457305	rs11855704
chr15	23458962	rs7182626
chr15	23463704	rs1875910
chr15	23464999	rs4778532
chr15	23474682	rs8027906
chr15	23476720	rs12101663
chr15	23482508	rs2345408
chr15	23483221	rs11161162
chr15	23485976	rs1526175
chr15	23486830	rs7173717
chr15	23488397	rs2140972
chr15	23491511	rs12911242
chr15	23493441	rs4267282
chr15	23499882	rs12594727
chr15	23501978	rs4362366
chr15	23502628	rs8024108
chr15	23504661	rs1589918
chr15	23504809	rs1589920
chr15	23505543	rs1608962
chr15	23505815	rs2344878
chr15	23507359	rs9806254
chr15	23508737	rs7169716
chr15	23510302	rs9888717
chr15	23510566	rs1405186
chr15	23517201	rs4778545
chr15	23517695	rs8024130
chr15	23519300	rs7174702
chr15	23520672	rs11637292
chr15	23521279	rs7497530
chr15	23526296	rs8036730
chr15	23530397	rs4778549
chr15	23532733	rs8036462
chr15	23533504	rs4778318
chr15	23533625	rs4778319
chr15	23536160	rs12917309
chr15	23536301	rs12904911
chr15	23536499	rs11638266
chr15	23536987	rs7497492
chr15	23537398	rs8029013
chr15	23537620	rs12903906
chr15	23540672	rs12441716
chr15	23543183	rs11853016
chr15	23547626	rs4778560
chr15	23550289	rs7496534
chr15	23550395	rs7496565
chr15	23554137	rs11854354
chr15	23555954	rs12440458
chr15	23558148	rs7179053
chr15	23564574	rs12441827
chr15	23564729	rs6576457
chr15	23566445	rs2239669
chr15	23568515	rs12148893
chr15	23569225	rs6576461
chr15	23569519	rs6576462
chr15	23570445	rs4778563
chr15	23571038	rs4778564
chr15	23572574	rs2900
chr15	23579599	rs7495382
chr15	23581614	rs6576483
chr15	23588590	rs10873623
chr15	23588630	rs12441183
chr15	23590147	rs12903183
chr15	23599578	rs6576523
chr15	23600050	rs6576525
chr15	23600227	rs8026612
chr15	23602361	rs6576529
chr15	23602650	rs8038844
chr15	23603600	rs7495535
chr15	23604671	rs7173605
chr15	23605441	rs12050580
chr15	23605536	rs12909960
chr15	23605582	rs12910138
chr15	23606681	rs12899973
chr15	23606803	rs7169626
chr15	23606959	rs7169982
chr15	23607932	rs7496929
chr15	23608059	rs7495455
chr15	23608127	rs7495460
chr15	23609519	rs7173680
chr15	23620799	rs17116327
chr15	23622446	rs7171861
chr15	23622914	rs10519440
chr15	23626910	rs9635417
chr15	23632264	rs7169369
chr15	23632460	rs7496584
chr15	23634002	rs7181128
chr15	23635404	rs10873634
chr15	23639982	rs17116589
chr15	23641146	rs8030809
chr15	23641794	rs4480754
chr15	23643119	rs11161318
chr15	23643886	rs9785
chr15	23648164	rs850818
chr15	23648542	rs850817
chr15	23649369	rs850816
chr15	23649598	rs850815
chr15	23650488	rs850813
chr15	23650681	rs850812
chr15	23652761	rs850809
chr15	23652982	rs850807
chr15	23657177	rs17116718
chr15	23661352	rs6576599
chr15	23663540	rs10519442
chr15	23664368	rs6576607
chr15	23664479	rs6576608
chr15	23669490	rs17116917
chr15	23671482	rs6576634
chr15	23673874	rs7183926
chr15	23674206	rs11631504
chr15	23675387	rs8029455
chr15	23678428	rs11637211
chr15	23683179	rs7177455
chr15	23683947	rs699327
chr15	23683960	rs699328
chr15	23686360	rs2192206
chr15	23690665	rs850794
chr15	23691523	rs699330
chr15	23691636	rs850791
chr15	23694030	rs850819
chr15	23695254	rs28706770
chr15	23699238	rs1100803
chr15	23701969	rs1852029
chr15	23703424	rs7497973
chr15	23704127	rs1722794
chr15	23704518	rs1722793
chr15	23705012	rs1524843
chr15	23707203	rs17812081
chr15	23707591	rs1722791
chr15	23708094	rs17117346
chr15	23709102	rs1524842
chr15	23710244	rs1640501
chr15	23710385	rs1640500
chr15	23711331	rs1640496
chr15	23721564	rs7180680
chr15	23728826	rs1717839
chr15	23729495	rs9972595
chr15	23730335	rs8025564
chr15	23733808	rs1717837
chr15	23735028	rs17117485
chr15	23739955	rs824189
chr15	23744124	rs11632341
chr15	23749134	rs1117688
chr15	23755491	rs1628195
chr15	23756126	rs824195
chr15	23757180	rs824192
chr15	23759684	rs12912091
chr15	23761013	rs7173556
chr15	23762582	rs824207
chr15	23762924	rs824205
chr15	23764141	rs2140005
chr15	23769178	rs824198
chr15	23772856	rs8182040
chr15	23775968	rs1094837
chr15	23779231	rs4624124
chr15	23780015	rs7170719
chr15	23780269	rs17117524
chr15	23780400	rs10873640
chr15	23780641	rs4778331
chr15	23780723	rs1524846
chr15	23780964	rs17117531
chr15	23782346	rs824181
chr15	23782385	rs1717831
chr15	23782939	rs824183
chr15	23785809	rs1722842
chr15	23785853	rs12439817
chr15	23785906	rs4267267
chr15	23786924	rs7181322
chr15	23787320	rs12900219
chr15	23792946	rs926011
chr15	23793120	rs940595
chr15	23793208	rs1879697
chr15	23793974	rs940594
chr15	23795718	rs8025510
chr15	23797047	rs8035695
chr15	23797996	rs1722802
chr15	23798678	rs1629905
chr15	23801570	rs8038234
chr15	23802041	rs824211
chr15	23802254	rs824209
chr15	23805111	rs7180295
chr15	23806894	rs824172
chr15	23807376	rs824174
chr15	23807399	rs11635345
chr15	23808170	rs824175
chr15	23809194	rs17117556
chr15	23810478	rs2352765
chr15	23811290	rs4450355
chr15	23813593	rs844033
chr15	23813741	rs824162
chr15	23814160	rs17117565
chr15	23814566	rs8033181
chr15	23816350	rs1524845
chr15	23818369	rs824167
chr15	23822499	rs2177077
chr15	23831975	rs17117571
chr15	23834638	rs4778255
chr15	23837586	rs8031166
chr15	23837600	rs17757180
chr15	23838836	rs17114420
chr15	23843575	rs11633486
chr15	23844423	rs4778338
chr15	23844694	rs17813715
chr15	23844878	rs4778340
chr15	23851759	rs8038712
chr15	23853447	rs1459958
chr15	23859005	rs11161353
chr15	23861661	rs10519445
chr15	23862293	rs1563819
chr15	23865345	rs12439801
chr15	23867134	rs4778341
chr15	23871882	rs11636636
chr15	23872110	rs1459985
chr15	23880933	rs11854691
chr15	23881164	rs2169123
chr15	23884741	rs2883186
chr15	23886167	rs8025567
chr15	23887065	rs12905727
chr15	23887301	rs8023553
chr15	23889335	rs11854164
chr15	23890208	rs4778345
chr15	23890536	rs4778346
chr15	23891697	rs1011585
chr15	23893158	rs10162946
chr15	23893932	rs1002907
chr15	23894390	rs7177872
chr15	23899811	rs12591922
chr15	23901575	rs2030484
chr15	23902145	rs7171976
chr15	23902259	rs7167698
chr15	23902735	rs12903821
chr15	23903266	rs12595699
chr15	23903310	rs6576648
chr15	23905170	rs12437706
chr15	23905771	rs2353498
chr15	23906585	rs11855812
chr15	23906947	rs12148769
chr15	23907846	rs11635083
chr15	23908600	rs12901853
chr15	23910283	rs11161360
chr15	23911107	rs7173087
chr15	23911423	rs1563818
chr15	23913179	rs12899677
chr15	23919328	rs6576650
chr15	23922908	rs1459961
chr15	23928358	rs12915222
chr15	23930704	rs2353506
chr15	23932905	rs17759548
chr15	23933712	rs4778264
chr15	23934240	rs11161361
chr15	23934761	rs8032813
chr15	23934966	rs8041086
chr15	23935841	rs6576651
chr15	23936582	rs2883191
chr15	23936661	rs2883192
chr15	23941253	rs12900312
chr15	23946242	rs12916809
chr15	23946926	rs17760092
chr15	23948435	rs4778359
chr15	23951305	rs12906805
chr15	23953005	rs11856355
chr15	23954360	rs12899978
chr15	23957442	rs4502174
chr15	23957540	rs4522375
chr15	23958786	rs11161367
chr15	23960041	rs1563815
chr15	23960101	rs8033044
chr15	23960214	rs7176869
chr15	23961663	rs2353499
chr15	23963763	rs9796712
chr15	23967462	rs4396492
chr15	23968286	rs12916493
chr15	23968468	rs4778368
chr15	23969054	rs7171933
chr15	23971723	rs12594273
chr15	23972617	rs10163100
chr15	23973826	rs11161371
chr15	23976455	rs11637134
chr15	23978984	rs4778377
chr15	23980516	rs11854250
chr15	23982438	rs4778272
chr15	23983020	rs11632392
chr15	23987375	rs11639152
chr15	23987995	rs2353514
chr15	23989622	rs997013
chr15	23990941	rs1459968
chr15	23996195	rs1599217
chr15	23997734	rs11161386
chr15	23998389	rs1459969
chr15	23998731	rs17117939
chr15	23999477	rs12914535
chr15	24000583	rs8040362
chr15	24001820	rs10873648
chr15	24001855	rs10873649
chr15	24002165	rs1563817
chr15	24003038	rs10782522
chr15	24003928	rs11630200
chr15	24003994	rs11630255
chr15	24005698	rs2353521
chr15	24006005	rs936443
chr15	24012512	rs8026512
chr15	24014913	rs12442070
chr15	24017241	rs17761129
chr15	24017620	rs17117994
chr15	24022279	rs1459977
chr15	24029423	rs328642
chr15	24033448	rs387171
chr15	24035064	rs12902745
chr15	24041099	rs7179664
chr15	24041965	rs2354040
chr15	24043177	rs11161391
chr15	24051425	rs1966109
chr15	24051947	rs12592491
chr15	24059571	rs3914576
chr15	24063439	rs12899196
chr15	24065115	rs11161396
chr15	24069528	rs11161397
chr15	24070721	rs1850477
chr15	24072186	rs1976756
chr15	24076602	rs12910661
chr15	24076693	rs11636796
chr15	24076898	rs11630824
chr15	24077272	rs990437
chr15	24081223	rs12441497
chr15	24081418	rs11856821
chr15	24081465	rs11632280
chr15	24081637	rs12591465
chr15	24081830	rs4778389
chr15	24082512	rs12906657
chr15	24083261	rs12904856
chr15	24084329	rs7166232
chr15	24084571	rs1850484
chr15	24085305	rs4277305
chr15	24086563	rs7166768
chr15	24094269	rs12904193
chr15	24101079	rs12917471
chr15	24109283	rs8032590
chr15	24112065	rs12898923
chr15	24116628	rs4441226
chr15	24118685	rs11161401
chr15	24124496	rs1110961
chr15	24125248	rs4778402
chr15	24129698	rs7169862
chr15	24131475	rs11629740
chr15	24136058	rs4778410
chr15	24136736	rs2883344
chr15	24140203	rs17118244
chr15	24141476	rs7178445
chr15	24152415	rs12440442
chr15	24163054	rs12900894
chr15	24163219	rs12916572
chr15	24171400	rs12594383
chr15	24176176	rs11161411
chr15	24179265	rs8043122
chr15	24183151	rs8035470
chr15	24185860	rs17829754
chr15	24188295	rs1850489
chr15	24188438	rs2019435
chr15	24193728	rs11856250
chr15	24200351	rs2030101
chr15	24202228	rs7402336
chr15	24212440	rs4778426
chr15	24216571	rs12591368
chr15	24216799	rs2201877
chr15	24217907	rs7165906
chr15	24218954	rs4778437
chr15	24223313	rs2011170
chr15	24223460	rs1827055
chr15	24223582	rs1587351
chr15	24225664	rs12440863
chr15	24225955	rs8034683
chr15	24225998	rs8034705
chr15	24226855	rs12161938
chr15	24235468	rs2016374
chr15	24236604	rs4238508
chr15	24240013	rs2007159
chr15	24271197	rs11635788
chr15	24280358	rs1874853
chr15	24281100	rs2133277
chr15	24285589	rs9652534
chr15	24302274	rs1119458
chr15	24311894	rs4029321
chr15	24317816	rs4238509
chr15	24321378	rs12591909
chr15	24329205	rs34686162
chr15	24359755	rs12914657
chr15	24366837	rs2173432
chr15	24374753	rs12595522
chr15	24376354	rs17769745
chr15	24380355	rs2015894
chr15	24397976	rs8030905
chr15	24404104	rs7497236
chr15	24404457	rs12185097
chr15	24406664	rs8030106
chr15	24414650	rs12901115
chr15	24422150	rs7496504
chr15	24435900	rs34785233
chr15	24446854	rs7495997
chr15	24487849	rs6576311
chr15	24492564	rs7497695
chr15	24497505	rs20439
chr15	24508776	rs11638579
chr15	24517878	rs8026878
chr15	24535302	rs8035846
chr15	24540053	rs6576326
chr15	24543194	rs9920573
chr15	24550887	rs7497869
chr15	24556057	rs12592162
chr15	24556575	rs11858315
chr15	24556648	rs11853922
chr15	24569435	rs3901472
chr15	24571992	rs12913328
chr15	24573350	rs7403037
chr15	24579041	rs11858159
chr15	24587524	rs7180201
chr15	24588973	rs11856095
chr15	24592686	rs11854546
chr15	24593108	rs6576351
chr15	24593312	rs6576352
chr15	24593738	rs8043137
chr15	24594723	rs12904329
chr15	24597311	rs11852485
chr15	24597593	rs8031555
chr15	24603912	rs8036130
chr15	24605158	rs7495208
chr15	24605555	rs11161121
chr15	24607443	rs6576358
chr15	24608460	rs8038746
chr15	24610011	rs8025033
chr15	24610555	rs11161122
chr15	24613805	rs7177703
chr15	24614387	rs6576365
chr15	24614563	rs8023324
chr15	24615057	rs6576366
chr15	24615123	rs8027572
chr15	24617133	rs11858344
chr15	24621599	rs4906669
chr15	24625778	rs6576373
chr15	24632632	rs6576374
chr15	24641030	rs12594489
chr15	24641733	rs7178208
chr15	24644703	rs12914251
chr15	24647941	rs12907331
chr15	24650242	rs7497278
chr15	24651891	rs11855861
chr15	24660238	rs7163260
chr15	24660499	rs7162406
chr15	24660633	rs7164751
chr15	24662909	rs7497239
chr15	24664180	rs7495407
chr15	24667047	rs4906706
chr15	24670751	rs11631911
chr15	24671934	rs11633352
chr15	24674305	rs1947402
chr15	24674403	rs12592245
chr15	24676502	rs3784246
chr15	24679582	rs12902295
chr15	24682626	rs11636117
chr15	24684143	rs17114595
chr15	24685231	rs12905620
chr15	24691411	rs17832739
chr15	24694843	rs17770803
chr15	24698181	rs10444889
chr15	24699461	rs11161128
chr15	24700667	rs8036990
chr15	24713108	rs17832882
chr15	24718228	rs2883645
chr15	24719450	rs8027714
chr15	24724189	rs12912307
chr15	24724367	rs11634720
chr15	24725323	rs7162068
chr15	24727584	rs1563101
chr15	24727968	rs12439530
chr15	24728152	rs11161130
chr15	24734393	rs1563099
chr15	24735126	rs975907
chr15	24736069	rs11637828
chr15	24741366	rs11632759
chr15	24745040	rs11853976
chr15	24746797	rs11161135
chr15	24747193	rs12441171
chr15	24747241	rs12441177
chr15	24751088	rs9944191
chr15	24753088	rs1037459
chr15	24754144	rs11858016
chr15	24755884	rs1463293
chr15	24757894	rs11854309
chr15	24771381	rs8034405
chr15	24776057	rs7167156
chr15	24777800	rs9652530
chr15	24781710	rs2167928
chr15	24785227	rs8029237
chr15	24785871	rs17114720
chr15	24787120	rs7174093
chr15	24787630	rs7176450
chr15	24787899	rs3913225
chr15	24788248	rs3913226
chr15	24790368	rs8042010
chr15	24791308	rs12594190
chr15	24792359	rs4028683
chr15	24793064	rs7179849
chr15	24793306	rs12913093
chr15	24793345	rs12914309
chr15	24795181	rs12904303
chr15	24798600	rs8028607
chr15	24799263	rs13329219
chr15	24801829	rs12910496
chr15	24809936	rs1077747
chr15	24810131	rs749305
chr15	24810155	rs7175885
chr15	24811045	rs12912397
chr15	24811842	rs17114738
chr15	24812168	rs7164801
chr15	24812894	rs7167541
chr15	24814785	rs7180595
chr15	24816114	rs8034720
chr15	24816648	rs9324123
chr15	24818250	rs17114774
chr15	24819180	rs1037461
chr15	24819264	rs7165873
chr15	24819336	rs7171320
chr15	24819624	rs7166479
chr15	24821213	rs1453556
chr15	24822948	rs17772722
chr15	24823462	rs17772751
chr15	24824408	rs8036523
chr15	24825623	rs11161140
chr15	24825700	rs1982981
chr15	24826633	rs17178787
chr15	24826819	rs1498305
chr15	24832797	rs7178705
chr15	24833442	rs4028400
chr15	24833595	rs4028398
chr15	24833640	rs3867498
chr15	24843068	rs12437599
chr15	24847119	rs736008
chr15	24848562	rs2167926
chr15	24849954	rs9806682
chr15	24850740	rs4906922
chr15	24852080	rs7164989
chr15	24856691	rs752873
chr15	24856926	rs752874
chr15	24857245	rs1079207
chr15	24858079	rs12592980
chr15	24860499	rs8041773
chr15	24861603	rs10047997
chr15	24861936	rs1391516
chr15	24862075	rs12906707
chr15	24863691	rs5001649
chr15	24865904	rs8029318
chr15	24865977	rs7170016
chr15	24869720	rs12592215
chr15	24869979	rs12592279
chr15	24874807	rs3867499
chr15	24875557	rs11161149
chr15	24877995	rs17784244
chr15	24879122	rs4906929
chr15	24879771	rs7179965
chr15	24880866	rs12909900
chr15	24881689	rs17179666
chr15	24881920	rs956182
chr15	24881973	rs951651
chr15	24883191	rs2047433
chr15	24884582	rs17179826
chr15	24884827	rs7183510
chr15	24885605	rs11161151
chr15	24886463	rs9806261
chr15	24887856	rs12438971
chr15	24888839	rs2030062
chr15	24891921	rs2133127
chr15	24894056	rs11634496
chr15	24895060	rs952981
chr15	24895537	rs4243769
chr15	24895928	rs4534820
chr15	24896223	rs12439229
chr15	24896778	rs7175827
chr15	24899215	rs11853680
chr15	24899980	rs2201840
chr15	24900199	rs2201839
chr15	24902158	rs8037745
chr15	24905940	rs7175782
chr15	24906692	rs4906693
chr15	24906988	rs4906694
chr15	24908662	rs12594683
chr15	24912711	rs12438586
chr15	24917388	rs17114848
chr15	24920142	rs2736708
chr15	24920629	rs2075814
chr15	24921308	rs17785249
chr15	24921833	rs11633230
chr15	24922697	rs2355600
chr15	24923986	rs1391514
chr15	24924297	rs11161160
chr15	24924536	rs2736696
chr15	24925023	rs12592731
chr15	24925571	rs11635323
chr15	24927045	rs2647364
chr15	24929482	rs2736705
chr15	24931370	rs12591149
chr15	24938970	rs610736
chr15	24943746	rs188746
chr15	24944281	rs10162787
chr15	24949335	rs2554430
chr15	24954621	rs220030
chr15	24955156	rs220029
chr15	24956432	rs4906939
chr15	24958227	rs393784
chr15	24966466	rs2855523
chr15	24966663	rs2732025
chr15	24971341	rs2732026
chr15	24972464	rs12050838
chr15	24974048	rs2554426
chr15	24974365	rs705
chr15	24974493	rs17114933
chr15	24977157	rs2732020
chr15	24979194	rs11637528
chr15	24990569	rs2732029
chr15	24996644	rs17786183
chr15	24997789	rs2732031
chr15	24998157	rs17114990
chr15	24998993	rs17114992
chr15	25000355	rs17114996
chr15	25001297	rs1549475
chr15	25002029	rs17114999
chr15	25008621	rs7171719
chr15	25009810	rs2732036
chr15	25015378	rs975699
chr15	25016686	rs2554443
chr15	25025283	rs17115033
chr15	25025293	rs8038349
chr15	25025322	rs8038366
chr15	25028331	rs8035400
chr15	25030619	rs2732043
chr15	25032641	rs1030389
chr15	25034715	rs17115060
chr15	25036439	rs1045935
chr15	25042581	rs8036980
chr15	25043338	rs2732050
chr15	25050690	rs4274409
chr15	25050993	rs1158188
chr15	25053718	rs17115102
chr15	25054112	rs8038299
chr15	25058191	rs34053839
chr15	25059730	rs2732021
chr15	25061499	rs11634716
chr15	25062735	rs17115143
chr15	25062942	rs965676
chr15	25065293	rs6576402
chr15	25065430	rs8025951
chr15	25071800	rs8031459
chr15	25075882	rs4906699
chr15	25076799	rs2162240
chr15	25078817	rs12441340
chr15	25078994	rs4344720
chr15	25079064	rs17115176
chr15	25081026	rs1124767
chr15	25081031	rs1549476
chr15	25081548	rs17115191
chr15	25083568	rs3803326
chr15	25084400	rs7171937
chr15	25086393	rs11629573
chr15	25086971	rs1549477
chr15	25087053	rs1549478
chr15	25087571	rs6576404
chr15	25088443	rs2078030
chr15	25088939	rs3863396
chr15	25092616	rs8029910
chr15	25094190	rs7180310
chr15	25100548	rs11852525
chr15	25104980	rs12594112
chr15	25105327	rs8033133
chr15	25105879	rs3742952
chr15	25107194	rs7162559
chr15	25110321	rs8030752
chr15	25113312	rs11161168
chr15	25117417	rs2356294
chr15	25119648	rs691
chr15	25119883	rs13526
chr15	25122784	rs4906946
chr15	25129884	rs2262854
chr15	25133465	rs2714714
chr15	25135380	rs2714717
chr15	25135509	rs2714718
chr15	25137594	rs2249378
chr15	25140483	rs2739823
chr15	25140510	rs7182311
chr15	25141280	rs12907600
chr15	25143120	rs2355846
chr15	25146777	rs7497265
chr15	25153197	rs2739826
chr15	25161508	rs2739831
chr15	25168411	rs2714731
chr15	25169290	rs2714732
chr15	25169880	rs2739834
chr15	25170910	rs2009259
chr15	25171567	rs2714736
chr15	25173623	rs11633816
chr15	25177929	rs4331321
chr15	25182730	rs2739844
chr15	25183961	rs2011010
chr15	25187203	rs2714766
chr15	25187695	rs2017626
chr15	25188765	rs2714767
chr15	25189128	rs1977035
chr15	25189225	rs2714769
chr15	25190921	rs2714772
chr15	25191032	rs8037028
chr15	25195216	rs11634616
chr15	25197251	rs2739765
chr15	25197854	rs2739769
chr15	25198626	rs11856102
chr15	25198688	rs7180829
chr15	25201320	rs2739772
chr15	25203102	rs2714746
chr15	25204590	rs2739780
chr15	25205630	rs2714751
chr15	25207565	rs2714755
chr15	25207867	rs6576414
chr15	25207907	rs7182251
chr15	25208597	rs2714756
chr15	25210672	rs2739784
chr15	25215819	rs2719923
chr15	25220852	rs1883005
chr15	25225931	rs2719901
chr15	25226010	rs2015598
chr15	25235813	rs11634219
chr15	25236876	rs2714761
chr15	25238525	rs8024558
chr15	25244229	rs2719919
chr15	25246483	rs2719921
chr15	25248960	rs2719922
chr15	25249354	rs2739804
chr15	25249955	rs2714735
chr15	25252143	rs12911694
chr15	25264609	rs2739811
chr15	25277675	rs17115431
chr15	25278558	rs1977036
chr15	25281109	rs12441992
chr15	25281234	rs7177845
chr15	25282333	rs2719889
chr15	25282379	rs2719888
chr15	25283014	rs12437604
chr15	25287971	rs2739813
chr15	25288278	rs2262849
chr15	25289367	rs34815964
chr15	25295662	rs12898248
chr15	25306106	rs2739818
chr15	25318381	rs11857240
chr15	25326493	rs9324124
chr15	25327457	rs17115463
chr15	25327675	rs757439
chr15	25329948	rs17115465
chr15	25330524	rs4906951
chr15	25331756	rs7176331
chr15	25336066	rs1557871
chr15	25342844	rs1557872
chr15	25343215	rs1557873
chr15	25343337	rs1557874
chr15	25350665	rs4445877
chr15	25353890	rs11855196
chr15	25355175	rs12907375
chr15	25361580	rs2719881
chr15	25362689	rs7166686
chr15	25367457	rs12904031
chr15	25372832	rs4906708
chr15	25373086	rs17115526
chr15	25377249	rs7176973
chr15	25380507	rs12899183
chr15	25387741	rs8024771
chr15	25390309	rs12903964
chr15	25390536	rs2524357
chr15	25403517	rs6576422
chr15	25406396	rs6420957
chr15	25407179	rs8179187
chr15	25409602	rs1041933
chr15	25422613	rs17115577
chr15	25429123	rs7171350
chr15	25430453	rs7495556
chr15	25432947	rs12901086
chr15	25435414	rs2158306
chr15	25440319	rs2526025
chr15	25447469	rs7175651
chr15	25449892	rs780
chr15	25451383	rs11161179
chr15	25452473	rs7179238
chr15	25453239	rs7179539
chr15	25454678	rs10519492
chr15	25457088	rs7359322
chr15	25457902	rs13329686
chr15	25458090	rs6576425
chr15	25458416	rs6576426
chr15	25461248	rs2584807
chr15	25461806	rs11857457
chr15	25463632	rs12594469
chr15	25464586	rs4906953
chr15	25465980	rs8023267
chr15	25466699	rs17115647
chr15	25467436	rs714900
chr15	25468835	rs8035288
chr15	25470529	rs8036722
chr15	25470796	rs12592500
chr15	25473728	rs7496451
chr15	25473877	rs4906713
chr15	25473980	rs11637057
chr15	25474995	rs4906955
chr15	25476065	rs8027947
chr15	25477471	rs17115662
chr15	25479219	rs7165850
chr15	25483688	rs11161183
chr15	25487400	rs12916907
chr15	25487463	rs4906716
chr15	25493247	rs4906958
chr15	25494916	rs11636913
chr15	25497608	rs12903486
chr15	25498270	rs2584809
chr15	25499296	rs2584808
chr15	25499834	rs12595506
chr15	25501861	rs12917037
chr15	25502430	rs4906719
chr15	25502828	rs757521
chr15	25505794	rs1000040
chr15	25508334	rs10519496
chr15	25509089	rs2340634
chr15	25510375	rs1548566
chr15	25515071	rs12441286
chr15	25515637	rs8035947
chr15	25515887	rs8031470
chr15	25516578	rs11161185
chr15	25519238	rs11631923
chr15	25519897	rs11858226
chr15	25522089	rs7496283
chr15	25526222	rs7496458
chr15	25529130	rs718979
chr15	25530845	rs2925235
chr15	25531716	rs2906029
chr15	25531828	rs2925236
chr15	25534663	rs2906032
chr15	25535159	rs2906037
chr15	25536528	rs2925239
chr15	25536776	rs2906041
chr15	25537119	rs11161189
chr15	25542472	rs10519500
chr15	25542711	rs17115764
chr15	25544782	rs2189713
chr15	25546118	rs17191250
chr15	25548342	rs12595417
chr15	25548492	rs4906969
chr15	25553473	rs2628643
chr15	25556805	rs8036143
chr15	25557595	rs7181164
chr15	25558367	rs225585
chr15	25558462	rs7164968
chr15	25559342	rs12438458
chr15	25563097	rs2628618
chr15	25563868	rs2605457
chr15	25564634	rs17800283
chr15	25565303	rs2526562
chr15	25565472	rs4906972
chr15	25566613	rs2628623
chr15	25566641	rs2526565
chr15	25567836	rs962963
chr15	25567869	rs962964
chr15	25568805	rs2526571
chr15	25569304	rs2605463
chr15	25570108	rs8032380
chr15	25570144	rs739994
chr15	25573439	rs4906974
chr15	25573733	rs12906044
chr15	25578217	rs8023693
chr15	25578300	rs2906018
chr15	25579800	rs2526587
chr15	25580468	rs1989658
chr15	25580606	rs1008531
chr15	25583558	rs1121178
chr15	25584027	rs4906724
chr15	25584348	rs7162080
chr15	25590829	rs1113162
chr15	25592010	rs2925284
chr15	25593403	rs4906728
chr15	25595256	rs17555239
chr15	25595383	rs17636377
chr15	25596089	rs2930579
chr15	25596655	rs3850427
chr15	25597172	rs17555260
chr15	25597885	rs10873605
chr15	25598977	rs2341140
chr15	25599333	rs2925280
chr15	25599682	rs10519505
chr15	25603155	rs2925276
chr15	25603962	rs1905692
chr15	25605949	rs11639393
chr15	25606996	rs11630820
chr15	25607246	rs2925271
chr15	25608416	rs2930596
chr15	25608944	rs1872380
chr15	25609523	rs2925269
chr15	25610211	rs11855881
chr15	25612710	rs1976075
chr15	25613915	rs1008717
chr15	25614055	rs11161196
chr15	25614462	rs11630650
chr15	25614522	rs12593463
chr15	25615964	rs11631211
chr15	25618915	rs9806169
chr15	25622342	rs17115902
chr15	25623063	rs2605449
chr15	25624493	rs2930646
chr15	25624575	rs2925262
chr15	25624825	rs2925260
chr15	25625021	rs1825486
chr15	25626520	rs2628644
chr15	25627862	rs2925256
chr15	25628262	rs2086907
chr15	25630114	rs8025092
chr15	25630251	rs952121
chr15	25630857	rs2925253
chr15	25631210	rs4340301
chr15	25632574	rs7176242
chr15	25632668	rs2930593
chr15	25633329	rs2930590
chr15	25634574	rs11856601
chr15	25635891	rs1385388
chr15	25642434	rs2925296
chr15	25644180	rs7174452
chr15	25644535	rs2106
chr15	25647058	rs10152438
chr15	25649511	rs6576443
chr15	25656121	rs2930648
chr15	25660003	rs2605447
chr15	25661072	rs4906736
chr15	25662381	rs1817569
chr15	25662543	rs9806558
chr15	25666145	rs2925297
chr15	25667192	rs17636733
chr15	25667907	rs17555674
chr15	25670655	rs17734920
chr15	25670867	rs12592100
chr15	25671129	rs2220176
chr15	25671340	rs2200370
chr15	25672334	rs11161207
chr15	25672819	rs2930629
chr15	25672966	rs11853308
chr15	25673603	rs12441394
chr15	25675294	rs7179423
chr15	25675529	rs7181116
chr15	25676158	rs4435236
chr15	25677184	rs4906742
chr15	25677506	rs4906743
chr15	25678071	rs2066711
chr15	25678340	rs2066710
chr15	25678400	rs2066709
chr15	25678565	rs2066708
chr15	25679392	rs1047700
chr15	25680048	rs3736186
chr15	25680528	rs7178018
chr15	25681032	rs2076744
chr15	25682200	rs12442216
chr15	25682246	rs2062354
chr15	25685156	rs883496
chr15	25685426	rs8025743
chr15	25685774	rs2925230
chr15	25685868	rs8028506
chr15	25686118	rs10152552
chr15	25687843	rs2066706
chr15	25687947	rs3743438
chr15	25690012	rs7175557
chr15	25691404	rs2291353
chr15	25691857	rs2066705
chr15	25691886	rs4906745
chr15	25692135	rs2046414
chr15	25699024	rs11161208
chr15	25699333	rs4906748
chr15	25699348	rs4906749
chr15	25700528	rs12592145
chr15	25701437	rs4906750
chr15	25701634	rs4906619
chr15	25707742	rs2291354
chr15	25707921	rs2291355
chr15	25708051	rs17555920
chr15	25708295	rs2066704
chr15	25709371	rs17116015
chr15	25710659	rs7179472
chr15	25710957	rs7180035
chr15	25711212	rs17637002
chr15	25712223	rs7169481
chr15	25712589	rs7175074
chr15	25712725	rs7169774
chr15	25713650	rs2291351
chr15	25715199	rs8031559
chr15	25715482	rs744280
chr15	25716911	rs2066703
chr15	25717726	rs17667563
chr15	25718485	rs2291352
chr15	25718656	rs8024828
chr15	25718720	rs2014069
chr15	25718898	rs2014053
chr15	25720074	rs4534811
chr15	25720891	rs12442719
chr15	25721373	rs4906624
chr15	25722550	rs7166626
chr15	25722732	rs4906627
chr15	25722914	rs4906753
chr15	25722993	rs4906754
chr15	25723943	rs17116056
chr15	25727612	rs6576445
chr15	25728004	rs8036892
chr15	25734264	rs4265780
chr15	25734376	rs4627308
chr15	25735728	rs8032903
chr15	25736043	rs7173593
chr15	25738782	rs4906631
chr15	25739008	rs12438533
chr15	25740814	rs7176180
chr15	25741418	rs4906762
chr15	25743068	rs12901627
chr15	25743809	rs12324063
chr15	25744113	rs4271565
chr15	25744274	rs13329217
chr15	25744310	rs13329218
chr15	25744629	rs12717755
chr15	25751316	rs4243757
chr15	25753681	rs9972553
chr15	25754459	rs4906632
chr15	25754536	rs4906633
chr15	25755404	rs11630130
chr15	25761113	rs10459725
chr15	25764093	rs6576456
chr15	25764224	rs10519525
chr15	25764773	rs12437962
chr15	25765799	rs11631903
chr15	25768152	rs41490246
chr15	25770133	rs17556168
chr15	25772357	rs17637170
chr15	25772396	rs17637182
chr15	25773085	rs7165728
chr15	25773892	rs17637194
chr15	25780844	rs8036650
chr15	25780992	rs8038726
chr15	25782741	rs17116135
chr15	25783555	rs11632263
chr15	25784046	rs12595426
chr15	25784961	rs1867510
chr15	25785338	rs7162344
chr15	25787803	rs8037418
chr15	25788617	rs8042764
chr15	25789934	rs11852996
chr15	25790270	rs7359165
chr15	25790463	rs7359209
chr15	25790664	rs7162581
chr15	25791058	rs10220763
chr15	25791928	rs12148308
chr15	25792052	rs8035375
chr15	25792264	rs8039801
chr15	25792738	rs11161218
chr15	25793208	rs4609818
chr15	25793359	rs1345101
chr15	25794923	rs9806181
chr15	25795120	rs12910743
chr15	25796434	rs11639253
chr15	25796979	rs8023362
chr15	25798194	rs2317393
chr15	25800245	rs8030552
chr15	25802888	rs872538
chr15	25803432	rs1867511
chr15	25803910	rs4906777
chr15	25804014	rs4563019
chr15	25804184	rs4581679
chr15	25804547	rs12907525
chr15	25805602	rs8038949
chr15	25807925	rs12591964
chr15	25808291	rs12908555
chr15	25809075	rs11161223
chr15	25809778	rs8041978
chr15	25809986	rs10873609
chr15	25812475	rs1345098
chr15	25814540	rs1373561
chr15	25814913	rs11629954
chr15	25815653	rs17116206
chr15	25816504	rs1373564
chr15	25817887	rs7177398
chr15	25817936	rs7182767
chr15	25819021	rs11161230
chr15	25819178	rs12437810
chr15	25821627	rs12443058
chr15	25823461	rs17116234
chr15	25825679	rs2197404
chr15	25826205	rs12904249
chr15	25828376	rs11638520
chr15	25829258	rs4906788
chr15	25831311	rs12101499
chr15	25837281	rs11161237
chr15	25837393	rs11634115
chr15	25838720	rs2044313
chr15	25839664	rs11161239
chr15	25843397	rs8024381
chr15	25843687	rs4906792
chr15	25848254	rs11637218
chr15	25851235	rs8039677
chr15	25853013	rs11630247
chr15	25858859	rs4906795
chr15	25859095	rs4423390
chr15	25860641	rs11161244
chr15	25861086	rs7166725
chr15	25864838	rs2076748
chr15	25866039	rs8031392
chr15	25869153	rs1553896
chr15	25869263	rs1553895
chr15	25869511	rs1553893
chr15	25873740	rs8024731
chr15	25873763	rs11161247
chr15	25873913	rs8031393
chr15	25876026	rs7178765
chr15	25876896	rs1877250
chr15	25879977	rs12900145
chr15	25881328	rs882959
chr15	25881990	rs12324398
chr15	25882171	rs12324508
chr15	25883795	rs11161249
chr15	25884102	rs11854349
chr15	25884120	rs8037461
chr15	25884512	rs8043079
chr15	25884534	rs8043094
chr15	25884554	rs8043208
chr15	25884652	rs7178438
chr15	25884700	rs8039059
chr15	25885364	rs12916593
chr15	25885729	rs12898821
chr15	25886417	rs4906640
chr15	25886890	rs17668253
chr15	25888237	rs4260026
chr15	25889808	rs11636552
chr15	25891506	rs2009961
chr15	25892440	rs1553890
chr15	25892868	rs968332
chr15	25895506	rs17557081
chr15	25897603	rs17643428
chr15	25900697	rs17557123
chr15	25901674	rs11638496
chr15	25901898	rs2120750
chr15	25906311	rs12917095
chr15	25906919	rs8028085
chr15	25906989	rs8023887
chr15	25907260	rs8026491
chr15	25907583	rs11853124
chr15	25908999	rs1877248
chr15	25909354	rs907331
chr15	25909489	rs907330
chr15	25912664	rs1849155
chr15	25914672	rs4906806
chr15	25925082	rs7180709
chr15	25926898	rs7173059
chr15	25930135	rs1116367
chr15	25933010	rs10451030
chr15	25933536	rs7177666
chr15	25934513	rs12441174
chr15	25935765	rs8028049
chr15	25936188	rs12908377
chr15	25936552	rs7172895
chr15	25936870	rs11161254
chr15	25939986	rs17116346
chr15	25941133	rs4906809
chr15	25941282	rs1811753
chr15	25941629	rs4992089
chr15	25942020	rs11631807
chr15	25942169	rs11161255
chr15	25942694	rs11858322
chr15	25942822	rs17735939
chr15	25943167	rs4467042
chr15	25944822	rs12441320
chr15	25947950	rs7166365
chr15	25948231	rs12911234
chr15	25949190	rs7182988
chr15	25950194	rs4906648
chr15	25950310	rs11161258
chr15	25954271	rs4906819
chr15	25955175	rs17643649
chr15	25956637	rs17736032
chr15	25958339	rs2036890
chr15	25958688	rs2175462
chr15	25961522	rs4906826
chr15	25962930	rs11161262
chr15	25963454	rs11161263
chr15	25965285	rs12324025
chr15	25965363	rs12324665
chr15	25968229	rs7163739
chr15	25970567	rs1397855
chr15	25971943	rs7171565
chr15	25972055	rs7183064
chr15	25972863	rs1511493
chr15	25973856	rs17668538
chr15	25973970	rs11634559
chr15	25974223	rs12902440
chr15	25974274	rs12903744
chr15	25974980	rs8030470
chr15	25975240	rs12914058
chr15	25975426	rs1397857
chr15	25976022	rs11161269
chr15	25982678	rs11856743
chr15	25983098	rs4302000
chr15	25984225	rs963814
chr15	25984348	rs963816
chr15	25984467	rs907326
chr15	25984548	rs881920
chr15	25984646	rs17557639
chr15	25985223	rs7180560
chr15	25985386	rs7180916
chr15	25985632	rs2055892
chr15	25986280	rs17116451
chr15	25986311	rs2055893
chr15	25987772	rs938076
chr15	25988385	rs12440485
chr15	25993266	rs12915980
chr15	25993373	rs1511486
chr15	25993398	rs1511487
chr15	25993426	rs17668699
chr15	25993971	rs4906650
chr15	25998206	rs11852611
chr15	26002246	rs12910878
chr15	26004467	rs11635697
chr15	26006700	rs4906835
chr15	26006794	rs12914478
chr15	26006886	rs12593847
chr15	26011472	rs7178079
chr15	26011948	rs7163227
chr15	26015283	rs8042116
chr15	26015330	rs12437822
chr15	26016910	rs1533137
chr15	26016949	rs12902607
chr15	26020448	rs17736307
chr15	26021638	rs12442518
chr15	26024361	rs17557947
chr15	26026472	rs6576504
chr15	26027259	rs4906837
chr15	26027378	rs17116519
chr15	26027660	rs4906838
chr15	26028966	rs4906654
chr15	26029114	rs4906842
chr15	26031932	rs7164409
chr15	26032398	rs4906844
chr15	26032792	rs9888671
chr15	26033742	rs11633924
chr15	26036106	rs4477674
chr15	26036504	rs4318177
chr15	26036611	rs4503766
chr15	26037437	rs4594235
chr15	26037527	rs4243760
chr15	26037644	rs4243761
chr15	26038088	rs9673126
chr15	26048057	rs17644252
chr15	26051249	rs3915026
chr15	26052477	rs1403590
chr15	26052770	rs1403589
chr15	26052881	rs1403588
chr15	26058163	rs6576512
chr15	26058728	rs10873624
chr15	26061383	rs10162774
chr15	26061629	rs10162783
chr15	26071659	rs10519542
chr15	26073351	rs17116555
chr15	26073844	rs7183321
chr15	26075508	rs7173112
chr15	26076127	rs3915024
chr15	26078272	rs7169307
chr15	26078827	rs7168965
chr15	26082319	rs8042941
chr15	26083619	rs17644406
chr15	26086074	rs12591345
chr15	26087394	rs17558352
chr15	26087880	rs12438795
chr15	26087960	rs12907286
chr15	26089967	rs4906659
chr15	26090393	rs4109610
chr15	26091316	rs8024188
chr15	26095045	rs3942640
chr15	26095449	rs8031501
chr15	26098892	rs2030598
chr15	26099233	rs1568696
chr15	26099302	rs2030600
chr15	26105094	rs7172792
chr15	26106037	rs13329286
chr15	26107835	rs8025577
chr15	26108018	rs12591153
chr15	26108742	rs13379653
chr15	26109272	rs11854068
chr15	26110428	rs17116595
chr15	26111253	rs8036922
chr15	26113240	rs7167127
chr15	26113613	rs7168573
chr15	26114621	rs4906856
chr15	26116522	rs1880028
chr15	26119352	rs4906663
chr15	26121163	rs17644708
chr15	26122021	rs4635314
chr15	26128164	rs17669037
chr15	26128228	rs17644738
chr15	26128316	rs476730
chr15	26128639	rs500951
chr15	26130839	rs11638140
chr15	26132628	rs693798
chr15	26133585	rs11632360
chr15	26134687	rs572825
chr15	26134841	rs1656637
chr15	26135569	rs9806314
chr15	26137714	rs1469834
chr15	26138214	rs12437872
chr15	26140248	rs4906861
chr15	26145750	rs1595058
chr15	26146018	rs4906864
chr15	26148055	rs5011160
chr15	26148390	rs4319737
chr15	26157454	rs4906666
chr15	26159965	rs6576533
chr15	26160195	rs7176296
chr15	26161155	rs4906866
chr15	26165658	rs7169491
chr15	26166878	rs519517
chr15	26167829	rs1435835
chr15	26168777	rs17558843
chr15	26170828	rs550537
chr15	26170896	rs487586
chr15	26172447	rs1282810
chr15	26172469	rs1282811
chr15	26175265	rs535649
chr15	26176438	rs7177955
chr15	26176749	rs480994
chr15	26176846	rs486535
chr15	26177207	rs490245
chr15	26177542	rs493028
chr15	26179273	rs7403368
chr15	26179915	rs573075
chr15	26181022	rs532856
chr15	26182508	rs17645001
chr15	26183341	rs10519533
chr15	26184852	rs6576537
chr15	26191249	rs7182308
chr15	26198797	rs7166151
chr15	26201581	rs2217865
chr15	26202490	rs1561063
chr15	26202512	rs7175002
chr15	26203549	rs7180612
chr15	26204258	rs2078094
chr15	26207520	rs1469835
chr15	26209436	rs17645136
chr15	26210015	rs4617829
chr15	26212376	rs4396508
chr15	26214938	rs920113
chr15	26218577	rs13329305
chr15	26218878	rs17116685
chr15	26219098	rs9972562
chr15	26219357	rs17116687
chr15	26219841	rs11858625
chr15	26223063	rs28585639
chr15	26224106	rs17669407
chr15	26224366	rs4906871
chr15	26225109	rs7174716
chr15	26225624	rs11854295
chr15	26227471	rs7172514
chr15	26227720	rs7168210
chr15	26227962	rs10438455
chr15	26231335	rs7180892
chr15	26231374	rs7164186
chr15	26235565	rs1435831
chr15	26238778	rs2573690
chr15	26242077	rs12906843
chr15	26242318	rs2715573
chr15	26242510	rs8031950
chr15	26243072	rs2573697
chr15	26244565	rs17736989
chr15	26247993	rs2715574
chr15	26255761	rs17669485
chr15	26260329	rs2573700
chr15	26261079	rs2715580
chr15	26264806	rs2715583
chr15	26265263	rs7183534
chr15	26274240	rs7167693
chr15	26280628	rs11488903
chr15	26280833	rs2715584
chr15	26287186	rs920114
chr15	26289252	rs1435840
chr15	26290731	rs2573695
chr15	26290841	rs12592384
chr15	26291384	rs12591280
chr15	26291849	rs4464055
chr15	26293183	rs4906872
chr15	26295301	rs4261503
chr15	26295664	rs6576557
chr15	26303995	rs12912470
chr15	26313896	rs4073144
chr15	26314004	rs4076021
chr15	26315045	rs8031606
chr15	26318944	rs8034111
chr15	26319889	rs8040350
chr15	26324461	rs12903035
chr15	26329579	rs12442453
chr15	26330153	rs7171237
chr15	26334701	rs12914178
chr15	26336302	rs12900779
chr15	26336736	rs12717759
chr15	26339812	rs6576565
chr15	26341734	rs5004574
chr15	26341930	rs7163468
chr15	26345683	rs3922665
chr15	26353773	rs12916895
chr15	26357276	rs11161293
chr15	26357450	rs12440636
chr15	26357635	rs12440686
chr15	26359495	rs12915268
chr15	26360237	rs11853420
chr15	26360366	rs11853468
chr15	26361458	rs12910631
chr15	26361816	rs2042753
chr15	26362258	rs11161294
chr15	26362340	rs10873626
chr15	26363111	rs17116852
chr15	26366370	rs8030393
chr15	26366632	rs11630094
chr15	26367823	rs7350780
chr15	26368618	rs10431855
chr15	26368983	rs11854437
chr15	26369121	rs10431862
chr15	26369663	rs10519545
chr15	26372042	rs7168992
chr15	26373802	rs8035991
chr15	26376082	rs10873629
chr15	26376353	rs890510
chr15	26377641	rs8038232
chr15	26377894	rs8038700
chr15	26379222	rs10519547
chr15	26379437	rs10519550
chr15	26379475	rs11637135
chr15	26379823	rs12441523
chr15	26382353	rs17116907
chr15	26382615	rs11632951
chr15	26384062	rs11630332
chr15	26384542	rs1582805
chr15	26385506	rs8038231
chr15	26386013	rs11638365
chr15	26387817	rs1109467
chr15	26388705	rs12594362
chr15	26389011	rs1365595
chr15	26390101	rs1346263
chr15	26391223	rs10519552
chr15	26391525	rs11161304
chr15	26395072	rs7178173
chr15	26395773	rs41489345
chr15	26395981	rs6576570
chr15	26396442	rs7169488
chr15	26400687	rs2316583
chr15	26403773	rs6576573
chr15	26404763	rs12591411
chr15	26407260	rs1346262
chr15	26408071	rs8027533
chr15	26408132	rs8027562
chr15	26408613	rs7167601
chr15	26411145	rs7167702
chr15	26411185	rs7167848
chr15	26412453	rs12593142
chr15	26413617	rs11635356
chr15	26422218	rs4906879
chr15	26427408	rs1426896
chr15	26427639	rs1426894
chr15	26428101	rs979328
chr15	26432662	rs2059637
chr15	26433461	rs11635392
chr15	26433965	rs11161309
chr15	26434440	rs9920483
chr15	26434782	rs9920514
chr15	26436523	rs4906676
chr15	26437002	rs11855965
chr15	26438749	rs11858514
chr15	26441878	rs12917321
chr15	26447308	rs6576576
chr15	26447949	rs11634155
chr15	26454866	rs10873631
chr15	26457656	rs12440234
chr15	26460342	rs11853135
chr15	26466642	rs2912609
chr15	26470631	rs13380283
chr15	26472746	rs1426891
chr15	26473004	rs1426892
chr15	26473551	rs8033705
chr15	26474092	rs2912602
chr15	26474643	rs17117041
chr15	26474818	rs2928704
chr15	26475396	rs2912600
chr15	26475457	rs4906882
chr15	26483727	rs12050883
chr15	26491361	rs4572353
chr15	26493514	rs8031730
chr15	26493638	rs8027455
chr15	26495209	rs17646137
chr15	26495235	rs933950
chr15	26501299	rs1593609
chr15	26501992	rs1365587
chr15	26509105	rs4341713
chr15	26513916	rs2928715
chr15	26515120	rs7175394
chr15	26515558	rs2928719
chr15	26515572	rs12906560
chr15	26516659	rs12439507
chr15	26521502	rs4523899
chr15	26521524	rs11853743
chr15	26521599	rs1365591
chr15	26522036	rs1365593
chr15	26526851	rs4906884
chr15	26538724	rs2928693
chr15	26547268	rs11637141
chr15	26552317	rs2928696
chr15	26552355	rs2928697
chr15	26553052	rs2081648
chr15	26557677	rs2114485
chr15	26563804	rs17560512
chr15	26565983	rs981347
chr15	26569626	rs4906679
chr15	26571441	rs4906680
chr15	26573215	rs8030011
chr15	26575108	rs8042482
chr15	26575978	rs1426217
chr15	26579015	rs17560619
chr15	26579313	rs7162548
chr15	26582854	rs2033420
chr15	26584374	rs8024256
chr15	26588066	rs8024564
chr15	26588215	rs8024723
chr15	26588765	rs7166689
chr15	26591255	rs17560758
chr15	26592504	rs17646555
chr15	26593275	rs3909669
chr15	26595298	rs8036052
chr15	26597184	rs12591516
chr15	26599453	rs8037653
chr15	26601437	rs1834533
chr15	26610585	rs1426220
chr15	26611539	rs11631605
chr15	26612252	rs12907116
chr15	26614384	rs4906888
chr15	26620388	rs1897356
chr15	26620485	rs17117177
chr15	26621962	rs17117178
chr15	26622139	rs17646626
chr15	26622262	rs2873027
chr15	26622426	rs2315906
chr15	26631102	rs751994
chr15	26632677	rs768899
chr15	26634347	rs754197
chr15	26641007	rs7173713
chr15	26642732	rs754185
chr15	26643831	rs10873636
chr15	26643850	rs11161324
chr15	26647529	rs1863459
chr15	26649158	rs8023959
chr15	26649774	rs17117193
chr15	26649934	rs11629819
chr15	26650957	rs7179684
chr15	26659058	rs2116451
chr15	26659874	rs17738087
chr15	26661198	rs7171512
chr15	26661501	rs3892067
chr15	26662262	rs2194958
chr15	26665303	rs7172653
chr15	26665997	rs11161328
chr15	26666528	rs4567674
chr15	26667530	rs17646800
chr15	26667755	rs1863462
chr15	26668168	rs890321
chr15	26668487	rs890319
chr15	26671953	rs12442889
chr15	26672011	rs1367959
chr15	26673022	rs1863455
chr15	26677131	rs17561112
chr15	26678501	rs4906892
chr15	26678933	rs7494844
chr15	26680254	rs8039336
chr15	26681618	rs10873637
chr15	26683525	rs11634050
chr15	26683789	rs878960
chr15	26684129	rs17646890
chr15	26684588	rs1000347
chr15	26686286	rs7178255
chr15	26686455	rs7178595
chr15	26689130	rs754661
chr15	26693168	rs17738247
chr15	26693341	rs1863464
chr15	26695966	rs17738278
chr15	26698323	rs1035750
chr15	26698506	rs1863465
chr15	26698649	rs1035751
chr15	26702821	rs1579372
chr15	26703938	rs12905013
chr15	26704940	rs7181473
chr15	26706191	rs11631421
chr15	26706420	rs1549480
chr15	26707128	rs17738349
chr15	26707147	rs1426223
chr15	26708695	rs1549483
chr15	26708750	rs4906895
chr15	26712093	rs981778
chr15	26713630	rs11632969
chr15	26715265	rs11630462
chr15	26715279	rs4906896
chr15	26716714	rs17561473
chr15	26722023	rs737098
chr15	26722375	rs2315904
chr15	26726687	rs11637930
chr15	26727939	rs8043440
chr15	26730723	rs10519566
chr15	26731635	rs2162241
chr15	26733759	rs8026932
chr15	26736933	rs6576602
chr15	26737239	rs12437487
chr15	26738703	rs10519567
chr15	26740362	rs10152421
chr15	26743838	rs970408
chr15	26745504	rs8038471
chr15	26748512	rs8035503
chr15	26749309	rs7165604
chr15	26750861	rs11629495
chr15	26750979	rs17117335
chr15	26751834	rs12898904
chr15	26751958	rs8024864
chr15	26752675	rs2162243
chr15	26757934	rs12324292
chr15	26761059	rs4513064
chr15	26763117	rs8041610
chr15	26763576	rs8026392
chr15	26764379	rs3212343
chr15	26766385	rs3212336
chr15	26766994	rs3212335
chr15	26767521	rs12437535
chr15	26767696	rs3212334
chr15	26769622	rs3212331
chr15	26774455	rs8179184
chr15	26774621	rs4906902
chr15	26777221	rs12439168
chr15	26779189	rs7165224
chr15	26786920	rs4502194
chr15	26786960	rs4643287
chr15	26788240	rs7497801
chr15	26788647	rs7495536
chr15	26788938	rs4906904
chr15	26789584	rs8028779
chr15	26789947	rs7168574
chr15	26790000	rs11161341
chr15	26790228	rs6576617
chr15	26792600	rs11854108
chr15	26794935	rs4906908
chr15	26799546	rs8034223
chr15	26801594	rs4613037
chr15	26801882	rs7182768
chr15	26803621	rs4517759
chr15	26805395	rs4283207
chr15	26805670	rs4491481
chr15	26805893	rs8040103
chr15	26806679	rs4906912
chr15	26807071	rs6576622
chr15	26807316	rs8028997
chr15	26807381	rs4906913
chr15	26807921	rs12441474
chr15	26808459	rs11857575
chr15	26808787	rs11637817
chr15	26810924	rs7183857
chr15	26814826	rs6576628
chr15	26817359	rs4477673
chr15	26823287	rs7178006
chr15	26829417	rs3922855
chr15	26829648	rs8032341
chr15	26835390	rs11853653
chr15	26836026	rs7402786
chr15	26838259	rs6576636
chr15	26846026	rs8037585
chr15	26850173	rs7403139
chr15	26856593	rs28608887
chr15	26857053	rs7496866
chr15	26869757	rs2075716
chr15	26871571	rs7173687
chr15	26881137	rs9286393
chr15	26886993	rs35586628
chr15	26888322	rs9744196
chr15	26889487	rs28426996
chr15	26889500	rs28750323
chr15	26889877	rs11488910
chr15	26914049	rs6606854
chr15	26931636	rs12442640
chr15	26933328	rs17561681
chr15	26935190	rs17143739
chr15	26935653	rs12911026
chr15	26938442	rs1864793
chr15	26938689	rs4887529
chr15	26939288	rs12910925
chr15	26940939	rs10519587
chr15	26942377	rs8029437
chr15	26943206	rs140684
chr15	26943312	rs140685
chr15	26944021	rs6422906
chr15	26945074	rs4887530
chr15	26946564	rs17647448
chr15	26947705	rs8036660
chr15	26949481	rs7402018
chr15	26950781	rs17738680
chr15	26951025	rs6422910
chr15	26952056	rs12443259
chr15	26952835	rs12442611
chr15	26954191	rs13329585
chr15	26955070	rs7183249
chr15	26955474	rs7183980
chr15	26955597	rs12185100
chr15	26955795	rs12185122
chr15	26956721	rs12442931
chr15	26965344	rs12442092
chr15	26970515	rs7403021
chr15	26971599	rs2288694
chr15	26975566	rs2376481
chr15	26977677	rs12902711
chr15	26978664	rs1583233
chr15	26979174	rs12899579
chr15	26983199	rs1432133
chr15	26983257	rs1432132
chr15	26983485	rs1432131
chr15	26984878	rs7167355
chr15	26986886	rs1432129
chr15	26986925	rs11638563
chr15	26987381	rs2116526
chr15	26989121	rs11635966
chr15	26996154	rs6606909
chr15	26997751	rs12440254
chr15	26999313	rs1432128
chr15	27001315	rs7495797
chr15	27001377	rs8023397
chr15	27005763	rs1368022
chr15	27009381	rs7169763
chr15	27011969	rs724456
chr15	27016500	rs2195817
chr15	27017280	rs10519583
chr15	27022887	rs6606856
chr15	27023544	rs1432124
chr15	27029568	rs12050529
chr15	27031472	rs891802
chr15	27031657	rs17647710
chr15	27031898	rs7403483
chr15	27033392	rs17562125
chr15	27033867	rs10519582
chr15	27034297	rs7177870
chr15	27034641	rs7178579
chr15	27035531	rs7167040
chr15	27035697	rs8023912
chr15	27035821	rs7171954
chr15	27035943	rs17671490
chr15	27035956	rs12903002
chr15	27036403	rs6606862
chr15	27036655	rs7173558
chr15	27038087	rs17738971
chr15	27038620	rs2376483
chr15	27038820	rs6606865
chr15	27038934	rs17671508
chr15	27042618	rs8031551
chr15	27043583	rs4887546
chr15	27044737	rs4887548
chr15	27045084	rs10519577
chr15	27045491	rs11263701
chr15	27047606	rs12439106
chr15	27047975	rs11636286
chr15	27048216	rs1011455
chr15	27048587	rs1011456
chr15	27048606	rs1030617
chr15	27049316	rs4078843
chr15	27049580	rs17647933
chr15	27052103	rs12148267
chr15	27054578	rs17647963
chr15	27054670	rs7494955
chr15	27056955	rs13380359
chr15	27057832	rs7403557
chr15	27058072	rs11852692
chr15	27060554	rs6606866
chr15	27062811	rs4340300
chr15	27064924	rs12050748
chr15	27065964	rs17648036
chr15	27066573	rs17562513
chr15	27067143	rs12595253
chr15	27069452	rs2889397
chr15	27071844	rs8035064
chr15	27072453	rs9330237
chr15	27072565	rs8036266
chr15	27074997	rs10519569
chr15	27078052	rs7179575
chr15	27079795	rs4887549
chr15	27080066	rs4887550
chr15	27081945	rs4887556
chr15	27084191	rs4887525
chr15	27086015	rs10519568
chr15	27086325	rs11634228
chr15	27094214	rs4354903
chr15	27096807	rs4398085
chr15	27099515	rs4514648
chr15	27102059	rs7182802
chr15	27103672	rs6606873
chr15	27104208	rs12593065
chr15	27111621	rs6606874
chr15	27114416	rs4410042
chr15	27118540	rs2110209
chr15	27119728	rs956563
chr15	27120788	rs8041544
chr15	27126924	rs1029938
chr15	27126950	rs1029937
chr15	27127208	rs1029935
chr15	27127792	rs1012549
chr15	27128734	rs8024401
chr15	27133336	rs208177
chr15	27134260	rs7162153
chr15	27134431	rs969754
chr15	27135993	rs4563018
chr15	27137268	rs11637885
chr15	27141839	rs6606877
chr15	27144576	rs208168
chr15	27146577	rs208165
chr15	27148584	rs7178735
chr15	27153403	rs1073136
chr15	27154342	rs2376837
chr15	27155946	rs7495487
chr15	27156782	rs4887562
chr15	27157400	rs2286946
chr15	27157454	rs2286945
chr15	27161262	rs4887564
chr15	27164571	rs12910678
chr15	27164655	rs4887565
chr15	27164848	rs7402147
chr15	27165523	rs2192223
chr15	27167108	rs188273
chr15	27167431	rs12911670
chr15	27170655	rs11639449
chr15	27171221	rs208147
chr15	27172523	rs10519588
chr15	27174705	rs6606882
chr15	27174790	rs622959
chr15	27176066	rs12443166
chr15	27178416	rs1378101
chr15	27178625	rs12904325
chr15	27179855	rs17671946
chr15	27180847	rs208127
chr15	27182820	rs208125
chr15	27183174	rs83100
chr15	27186169	rs36000808
chr15	27186810	rs6422902
chr15	27200335	rs208136
chr15	27200602	rs12148908
chr15	27202697	rs6606885
chr15	27206500	rs8030244
chr15	27206814	rs12594801
chr15	27207711	rs208152
chr15	27208761	rs968671
chr15	27211234	rs1378094
chr15	27211322	rs6422904
chr15	27212292	rs10519593
chr15	27213288	rs6422905
chr15	27214049	rs17137668
chr15	27214087	rs9972311
chr15	27214460	rs17648494
chr15	27214567	rs9972391
chr15	27214669	rs9972395
chr15	27215929	rs11638503
chr15	27216187	rs9972496
chr15	27217187	rs8037762
chr15	27218727	rs8036270
chr15	27218875	rs2045151
chr15	27219111	rs6606888
chr15	27219209	rs12911451
chr15	27219705	rs7173587
chr15	27219955	rs17648549
chr15	27220785	rs4887567
chr15	27221244	rs7495580
chr15	27222667	rs6606889
chr15	27224489	rs1454665
chr15	27225142	rs17648585
chr15	27226035	rs4243105
chr15	27231428	rs11855073
chr15	27236634	rs7164819
chr15	27237623	rs7179956
chr15	27237799	rs1869600
chr15	27241684	rs897178
chr15	27243735	rs1011365
chr15	27244236	rs17672216
chr15	27245053	rs1026358
chr15	27246058	rs7171031
chr15	27248755	rs11636700
chr15	27249549	rs17648754
chr15	27251160	rs17137727
chr15	27253066	rs1006679
chr15	27254961	rs1551418
chr15	27259989	rs6606891
chr15	27260088	rs6606892
chr15	27261389	rs7174776
chr15	27261888	rs7402129
chr15	27262626	rs17137734
chr15	27262804	rs12915958
chr15	27262996	rs10152981
chr15	27263663	rs8043244
chr15	27265203	rs10152293
chr15	27267062	rs2124065
chr15	27269062	rs10908270
chr15	27269514	rs751084
chr15	27269602	rs751085
chr15	27272532	rs7497522
chr15	27275664	rs2061051
chr15	27276070	rs4467041
chr15	27277213	rs1551419
chr15	27280882	rs7496274
chr15	27286942	rs17563554
chr15	27294162	rs6606897
chr15	27299714	rs4600441
chr15	27312385	rs7497939
chr15	27313153	rs11632705
chr15	27319639	rs11632663
chr15	27321306	rs8031731
chr15	27322238	rs8037265
chr15	27324476	rs7497397
chr15	27326696	rs6422909
chr15	27327045	rs140672
chr15	27327182	rs140673
chr15	27327617	rs28542514
chr15	27328969	rs140675
chr15	27338862	rs28649825
chr15	27339887	rs28653355
chr15	27340481	rs28448357
chr15	27352781	rs28671569
chr15	27354479	rs28404787
chr15	27361577	rs10083549
chr15	27364746	rs28671409
chr15	27370030	rs4131245
chr15	27371767	rs28597916
chr15	27381714	rs9744634
chr15	27386709	rs9672543
chr15	27386740	rs9672753
chr15	27390427	rs8041046
chr15	27394416	rs8040901
chr15	27395037	rs12899239
chr15	27397031	rs4238490
chr15	27399205	rs7166417
chr15	27400076	rs12440080
chr15	27401233	rs7170270
chr15	27406586	rs4132750
chr15	27406721	rs12591921
chr15	27417811	rs11853763
chr15	27418550	rs12439549
chr15	27423078	rs11631444
chr15	27428868	rs11854800
chr15	27429030	rs4438262
chr15	27432822	rs4633669
chr15	27435341	rs8033747
chr15	27437685	rs3922613
chr15	27437705	rs3922612
chr15	27442004	rs12903540
chr15	27446733	rs8030501
chr15	27447029	rs12595109
chr15	27448695	rs11074316
chr15	27448929	rs8042276
chr15	27453317	rs9920954
chr15	27453971	rs9302372
chr15	27456432	rs4595752
chr15	27456744	rs4432228
chr15	27456768	rs8037353
chr15	27458569	rs7174138
chr15	27461133	rs6497269
chr15	27461515	rs12437614
chr15	27461915	rs12906172
chr15	27464480	rs7167756
chr15	27473414	rs12913576
chr15	27479150	rs7167588
chr15	27481381	rs8024595
chr15	27483609	rs11074332
chr15	27485172	rs4238489
chr15	27486116	rs8028540
chr15	27494861	rs6497213
chr15	27496591	rs11638842
chr15	27497255	rs12592749
chr15	27499704	rs8031708
chr15	27501432	rs8027309
chr15	27501694	rs8027835
chr15	27502489	rs12899403
chr15	27502918	rs4313766
chr15	27502966	rs4614674
chr15	27506640	rs8043317
chr15	27507599	rs4778147
chr15	27509653	rs8030197
chr15	27511439	rs1382061
chr15	27511556	rs7181852
chr15	27511828	rs8034824
chr15	27512429	rs1477822
chr15	27517036	rs8038421
chr15	27517692	rs11074291
chr15	27519454	rs11635983
chr15	27519482	rs11638856
chr15	27519670	rs11636096
chr15	27520869	rs7175756
chr15	27522182	rs3097505
chr15	27522819	rs3097501
chr15	27522987	rs3101644
chr15	27524713	rs3101640
chr15	27525567	rs3101636
chr15	27526277	rs1571281
chr15	27526379	rs1571280
chr15	27527359	rs140678
chr15	27527530	rs140679
chr15	27527746	rs2303879
chr15	27528645	rs3097490
chr15	27530897	rs3097489
chr15	27532605	rs16950126
chr15	27548691	rs3097485
chr15	27549000	rs3097484
chr15	27549320	rs11858785
chr15	27549362	rs4778154
chr15	27549660	rs8029459
chr15	27553660	rs7161838
chr15	27554077	rs715467
chr15	27554866	rs17740184
chr15	27554929	rs12900228
chr15	27556507	rs10852212
chr15	27556517	rs10852213
chr15	27559281	rs3098511
chr15	27563401	rs3101633
chr15	27565820	rs7182244
chr15	27566865	rs7170534
chr15	27574012	rs3098543
chr15	27578090	rs1477809
chr15	27579314	rs16950204
chr15	27580249	rs4778114
chr15	27580550	rs2169636
chr15	27582391	rs3098538
chr15	27583155	rs3101613
chr15	27583393	rs7165441
chr15	27586066	rs3097464
chr15	27586538	rs3098534
chr15	27587284	rs3098532
chr15	27588356	rs3097461
chr15	27590500	rs1382056
chr15	27591656	rs3097459
chr15	27592226	rs12906316
chr15	27592568	rs1477814
chr15	27592794	rs2035184
chr15	27596690	rs1079043
chr15	27596891	rs1079042
chr15	27596920	rs1871013
chr15	27598205	rs3098523
chr15	27598668	rs1871014
chr15	27599035	rs2169637
chr15	27600129	rs1551864
chr15	27600775	rs1531500
chr15	27601669	rs7177547
chr15	27602747	rs1531502
chr15	27603685	rs1551867
chr15	27604158	rs1812315
chr15	27605433	rs1551871
chr15	27605520	rs1551872
chr15	27605777	rs8040360
chr15	27612562	rs3097451
chr15	27615301	rs2126706
chr15	27620317	rs2311202
chr15	27620590	rs2311203
chr15	27620974	rs1903819
chr15	27621050	rs1947744
chr15	27621352	rs1947745
chr15	27621521	rs3097441
chr15	27621597	rs12908692
chr15	27622524	rs3097440
chr15	27626268	rs3098545
chr15	27626829	rs1382060
chr15	27626990	rs3097437
chr15	27627089	rs3097435
chr15	27628416	rs3098547
chr15	27629529	rs3098551
chr15	27631649	rs3098554
chr15	27631915	rs7173054
chr15	27631952	rs11074296
chr15	27633755	rs16950272
chr15	27634388	rs12708616
chr15	27635151	rs6497218
chr15	27636148	rs3101683
chr15	27636690	rs1979372
chr15	27636976	rs11631063
chr15	27637551	rs17565175
chr15	27637675	rs17746210
chr15	27638495	rs735983
chr15	27638598	rs735982
chr15	27642201	rs2086042
chr15	27645213	rs1841875
chr15	27645345	rs1871017
chr15	27645537	rs1382062
chr15	27646541	rs1947747
chr15	27646638	rs1947748
chr15	27647423	rs4778164
chr15	27649545	rs7183178
chr15	27653381	rs1968813
chr15	27659647	rs1871009
chr15	27660191	rs9972608
chr15	27664022	rs2100899
chr15	27664904	rs3097537
chr15	27665489	rs3097535
chr15	27665585	rs3097533
chr15	27665667	rs3097532
chr15	27665805	rs3097531
chr15	27666080	rs3097530
chr15	27666337	rs12591822
chr15	27667337	rs17673470
chr15	27668844	rs1382054
chr15	27669419	rs3101657
chr15	27671788	rs3098583
chr15	27680690	rs737051
chr15	27681353	rs11074301
chr15	27683978	rs3101651
chr15	27684001	rs745331
chr15	27684082	rs732916
chr15	27684314	rs2871701
chr15	27684599	rs16950311
chr15	27684659	rs3104512
chr15	27685070	rs3104510
chr15	27687598	rs17565549
chr15	27687756	rs7180489
chr15	27688976	rs3101649
chr15	27689357	rs3101648
chr15	27690090	rs1846323
chr15	27690342	rs3098592
chr15	27690519	rs16950318
chr15	27690846	rs12592963
chr15	27691617	rs3104521
chr15	27692007	rs1903820
chr15	27695013	rs1603785
chr15	27695193	rs3104517
chr15	27698148	rs8023543
chr15	27699101	rs3110489
chr15	27700177	rs8041126
chr15	27702797	rs3110486
chr15	27703131	rs7182551
chr15	27703894	rs12440428
chr15	27705181	rs3110483
chr15	27706761	rs986330
chr15	27714426	rs3104520
chr15	27715176	rs11635833
chr15	27717238	rs7166087
chr15	27719610	rs3110480
chr15	27724420	rs4778174
chr15	27726493	rs1107267
chr15	27726909	rs2003176
chr15	27730346	rs3110476
chr15	27732041	rs958076
chr15	27732633	rs16950385
chr15	27733208	rs7177987
chr15	27737000	rs12440600
chr15	27737744	rs11635999
chr15	27737807	rs12907793
chr15	27739039	rs17565757
chr15	27740052	rs4778116
chr15	27740226	rs7175224
chr15	27740468	rs12437621
chr15	27742842	rs4322616
chr15	27743337	rs2311460
chr15	27743786	rs12908103
chr15	27746578	rs2871772
chr15	27746862	rs4778117
chr15	27747592	rs7171012
chr15	27748884	rs12101740
chr15	27749585	rs11633934
chr15	27750367	rs10519617
chr15	27750559	rs4312267
chr15	27752658	rs8029995
chr15	27754690	rs12903914
chr15	27756712	rs16950402
chr15	27756913	rs7164752
chr15	27758189	rs4411468
chr15	27761160	rs989869
chr15	27762330	rs11633701
chr15	27764410	rs11637518
chr15	27766022	rs8034368
chr15	27766505	rs1498519
chr15	27768454	rs4778179
chr15	27768958	rs3947367
chr15	27773509	rs17565953
chr15	27776357	rs2279728
chr15	27776742	rs11631195
chr15	27780076	rs7182120
chr15	27783102	rs750358
chr15	27786372	rs1909266
chr15	27794105	rs12591640
chr15	27795075	rs17746918
chr15	27795196	rs3930739
chr15	27795611	rs17674017
chr15	27796781	rs4238493
chr15	27796793	rs4238494
chr15	27797008	rs17674023
chr15	27797286	rs12592159
chr15	27798967	rs16950428
chr15	27799083	rs17746978
chr15	27799154	rs1874835
chr15	27803589	rs6497234
chr15	27808411	rs8036718
chr15	27808632	rs6497238
chr15	27813762	rs1498521
chr15	27815483	rs8042881
chr15	27819940	rs4778121
chr15	27823922	rs2311469
chr15	27826541	rs4778188
chr15	27827082	rs4778189
chr15	27828612	rs17674249
chr15	27832816	rs1391623
chr15	27833290	rs10162623
chr15	27834714	rs8030664
chr15	27834915	rs4778192
chr15	27834966	rs8031191
chr15	27835221	rs8035334
chr15	27835546	rs11852452
chr15	27837072	rs11855481
chr15	27838938	rs4632082
chr15	27841250	rs4778196
chr15	27844080	rs12591662
chr15	27844419	rs17651375
chr15	27845027	rs12592307
chr15	27845858	rs6497246
chr15	27846144	rs6497248
chr15	27847435	rs8037534
chr15	27851175	rs1874841
chr15	27851307	rs8025804
chr15	27851696	rs13313425
chr15	27852132	rs1004611
chr15	27855991	rs768546
chr15	27860991	rs11074309
chr15	27861441	rs4778199
chr15	27862875	rs4778200
chr15	27866600	rs7177529
chr15	27867577	rs8036059
chr15	27869143	rs4778201
chr15	27876119	rs7161804
chr15	27882227	rs2594885
chr15	27886897	rs2703970
chr15	27887699	rs1823273
chr15	27889068	rs4589506
chr15	27895698	rs2594894
chr15	27896158	rs2594895
chr15	27899830	rs2253509
chr15	27899878	rs2871886
chr15	27899904	rs2594897
chr15	27900458	rs2594899
chr15	27900595	rs2594900
chr15	27902060	rs2703978
chr15	27903091	rs4778130
chr15	27903455	rs2703981
chr15	27905415	rs2703983
chr15	27905859	rs12898424
chr15	27905916	rs2594909
chr15	27908997	rs2703926
chr15	27910083	rs13329497
chr15	27912113	rs1584407
chr15	27912355	rs8039856
chr15	27912929	rs2703936
chr15	27919490	rs2594915
chr15	27925982	rs3751651
chr15	27929086	rs2703965
chr15	27932726	rs2703960
chr15	27933722	rs2703957
chr15	27934160	rs977588
chr15	27934457	rs977589
chr15	27934733	rs1448489
chr15	27936835	rs2703952
chr15	27937160	rs12437597
chr15	27937569	rs2594934
chr15	27938208	rs2311843
chr15	27938386	rs1349105
chr15	27939008	rs1375170
chr15	27939892	rs2594935
chr15	27941512	rs8034072
chr15	27947078	rs7170451
chr15	27953421	rs921221
chr15	27954707	rs728405
chr15	27954896	rs728404
chr15	27955262	rs7170989
chr15	27957427	rs11638265
chr15	27959954	rs12593141
chr15	27960418	rs4778214
chr15	27963288	rs7165923
chr15	27966612	rs4778218
chr15	27966775	rs1800411
chr15	27969613	rs3884517
chr15	27971711	rs1448488
chr15	27975992	rs4778220
chr15	27983498	rs12910433
chr15	27984109	rs3794609
chr15	27985038	rs1800410
chr15	27985172	rs1800407
chr15	27986211	rs1037208
chr15	27986647	rs10852218
chr15	27989264	rs730502
chr15	27990627	rs1800404
chr15	27992763	rs7178315
chr15	27994564	rs8029026
chr15	27994589	rs2077596
chr15	28014717	rs4640131
chr15	28022192	rs2305252
chr15	28026565	rs17652091
chr15	28026919	rs3794604
chr15	28029311	rs3794602
chr15	28031540	rs3829488
chr15	28031616	rs13329466
chr15	28035689	rs4238497
chr15	28036619	rs4778232
chr15	28036950	rs17680684
chr15	28037595	rs1448485
chr15	28038361	rs16950821
chr15	28038543	rs8024968
chr15	28042975	rs1470608
chr15	28043602	rs7170869
chr15	28046666	rs1375164
chr15	28047032	rs12442147
chr15	28049776	rs1597196
chr15	28051279	rs6497254
chr15	28052748	rs7163337
chr15	28054308	rs7175552
chr15	28054462	rs11857677
chr15	28059841	rs1448481
chr15	28059881	rs1448482
chr15	28060337	rs7184011
chr15	28062033	rs7179419
chr15	28065828	rs7496968
chr15	28078624	rs7179994
chr15	28083619	rs7174027
chr15	28090674	rs4778138
chr15	28093567	rs4778241
chr15	28099092	rs7495174
chr15	28099182	rs7497270
chr15	28110509	rs7495755
chr15	28110984	rs4778243
chr15	28111203	rs4778244
chr15	28112084	rs4778245
chr15	28114112	rs12593929
chr15	28115996	rs7180054
chr15	28116618	rs4778247
chr15	28118043	rs7497403
chr15	28119808	rs11074319
chr15	28120285	rs6497271
chr15	28120472	rs12913832
chr15	28120587	rs7183877
chr15	28121044	rs6497272
chr15	28122205	rs11074321
chr15	28123823	rs11635884
chr15	28123849	rs11074322
chr15	28124601	rs7169133
chr15	28125408	rs12438034
chr15	28127299	rs7496305
chr15	28128188	rs7495989
chr15	28128866	rs3935591
chr15	28130726	rs6416603
chr15	28131764	rs4778140
chr15	28132626	rs8025035
chr15	28137626	rs4778252
chr15	28139115	rs6497282
chr15	28139345	rs7402990
chr15	28139777	rs11857135
chr15	28141480	rs11636232
chr15	28151748	rs12915877
chr15	28169519	rs7494786
chr15	28189404	rs8027732
chr15	28195141	rs6497287
chr15	28240742	rs4932689
chr15	28243742	rs8028689
chr15	28245222	rs16950927
chr15	28248886	rs2240204
chr15	28249056	rs2240203
chr15	28251049	rs6497292
chr15	28254313	rs8036480
chr15	28257598	rs16950941
chr15	28261304	rs9302376
chr15	28261687	rs16950949
chr15	28265749	rs2240202
chr15	28268218	rs916977
chr15	28269135	rs4932620
chr15	28270938	rs8039195
chr15	28275360	rs16950979
chr15	28277456	rs2346051
chr15	28277538	rs2346050
chr15	28281082	rs16950987
chr15	28285036	rs1667394
chr15	28285213	rs12592730
chr15	28287493	rs1667393
chr15	28290120	rs1635168
chr15	28713593	rs17802701
chr15	28716985	rs8036234
chr15	28717394	rs8029466
chr15	28717954	rs12440280
chr15	28741088	rs12442637
chr15	28760947	rs8033165
chr15	28768018	rs1828774
chr15	28785111	rs11631641
chr15	28813152	rs6606925
chr15	28928777	rs12161975
chr15	28933682	rs8025972
chr15	28935179	rs6493239
chr15	28943076	rs4591103
chr15	28943515	rs17680859
chr15	28944321	rs902271
chr15	28944390	rs1565407
chr15	28944472	rs902272
chr15	28945183	rs17748395
chr15	28945218	rs1565406
chr15	28945999	rs12324117
chr15	28946370	rs8029144
chr15	28947033	rs17567536
chr15	28947614	rs17680945
chr15	28949961	rs2336911
chr15	28950026	rs2336912
chr15	28951015	rs12439742
chr15	28955488	rs11857861
chr15	28955721	rs16954833
chr15	28961685	rs7181300
chr15	28963893	rs1873285
chr15	28967219	rs13379809
chr15	28969513	rs4424881
chr15	28973968	rs17748495
chr15	28974356	rs1907001
chr15	28975120	rs7179243
chr15	28976347	rs7164360
chr15	28976464	rs4396503
chr15	28977478	rs12443112
chr15	28978297	rs7165740
chr15	28983651	rs8025184
chr15	28991563	rs937048
chr15	28991856	rs937050
chr15	28992038	rs4624139
chr15	28994276	rs17652495
chr15	28995819	rs3812917
chr15	28996217	rs10519643
chr15	28997270	rs10775230
chr15	29001977	rs1994597
chr15	29002319	rs12595674
chr15	29003443	rs1873278
chr15	29003667	rs6495913
chr15	29007557	rs4780261
chr15	29009368	rs17681130
chr15	29011328	rs1490078
chr15	29011600	rs1490079
chr15	29013234	rs16954991
chr15	29015701	rs1490080
chr15	29017935	rs4779680
chr15	29020218	rs7172998
chr15	29023401	rs4779689
chr15	29024263	rs8031475
chr15	29033047	rs11852339
chr15	29033663	rs4779705
chr15	29035149	rs2077778
chr15	29037851	rs11853379
chr15	29038388	rs12441607
chr15	29039695	rs17748747
chr15	29039840	rs17748759
chr15	29040823	rs12441723
chr15	29042088	rs12438284
chr15	29043271	rs17748777
chr15	29043966	rs4779482
chr15	29044402	rs8028477
chr15	29046006	rs1873280
chr15	29046123	rs1873282
chr15	29046299	rs1873283
chr15	29047296	rs2220545
chr15	29047744	rs4603522
chr15	29051425	rs8030283
chr15	29051589	rs8038568
chr15	29056123	rs7173806
chr15	29056254	rs4779486
chr15	29065351	rs12592981
chr15	29066764	rs4779487
chr15	29068198	rs2336906
chr15	29070011	rs10152599
chr15	29076113	rs2279496
chr15	29076334	rs2279494
chr15	29087561	rs12901911
chr15	29087920	rs16955052
chr15	29088972	rs7173289
chr15	29089598	rs12442802
chr15	29090260	rs12101570
chr15	29090866	rs11070500
chr15	29091769	rs10851431
chr15	29092159	rs2171892
chr15	29092946	rs4779760
chr15	29093001	rs4779761
chr15	29094390	rs8037972
chr15	29096821	rs11070544
chr15	29097980	rs4779767
chr15	29099947	rs1565403
chr15	29113172	rs937052
chr15	29113320	rs937051
chr15	29114494	rs11637374
chr15	29118035	rs3751557
chr15	29118350	rs3829466
chr15	29118375	rs10519632
chr15	29119123	rs4779800
chr15	29119844	rs11638181
chr15	29120199	rs3751558
chr15	29120363	rs3797
chr15	29120465	rs1043721
chr15	29120744	rs4779801
chr15	29120748	rs4779802
chr15	29120892	rs4779804
chr15	29121475	rs4779499
chr15	29122343	rs3829468
chr15	29122681	rs3812919
chr15	29123357	rs3751562
chr15	29123495	rs3751563
chr15	29124698	rs2279482
chr15	29124854	rs17749179
chr15	29125459	rs2672703
chr15	29126370	rs2672680
chr15	29126542	rs968476
chr15	29126784	rs10851484
chr15	29128178	rs2636066
chr15	29128851	rs2306933
chr15	29130479	rs2672705
chr15	29133037	rs2636070
chr15	29133893	rs2336949
chr15	29134579	rs1877911
chr15	29136885	rs1877910
chr15	29139562	rs11633365
chr15	29139979	rs11634779
chr15	29144021	rs17568112
chr15	29146274	rs4779840
chr15	29148814	rs12592625
chr15	29150001	rs4779853
chr15	29150322	rs7183262
chr15	29150454	rs7166033
chr15	29150919	rs7166867
chr15	29151064	rs7167234
chr15	29151111	rs7176970
chr15	29151300	rs4611418
chr15	29151345	rs12915679
chr15	29151504	rs3764207
chr15	29151746	rs3764211
chr15	29151875	rs12439508
chr15	29151953	rs12440302
chr15	29152832	rs7166657
chr15	29153499	rs12441934
chr15	29154417	rs16955166
chr15	29154846	rs12900957
chr15	29154944	rs7174078
chr15	29155854	rs11858397
chr15	29157526	rs4420502
chr15	29158073	rs8026346
chr15	29159426	rs12902580
chr15	29161302	rs8027684
chr15	29169267	rs12912597
chr15	29170631	rs12910901
chr15	29175269	rs4779537
chr15	29175402	rs11071118
chr15	29176591	rs12708438
chr15	29177033	rs6493727
chr15	29177668	rs11858259
chr15	29182500	rs7497314
chr15	29186834	rs11634079
chr15	29190239	rs12443300
chr15	29191967	rs10438328
chr15	29193107	rs10438283
chr15	29193132	rs564673
chr15	29196864	rs2590737
chr15	29198013	rs2034211
chr15	29199507	rs692876
chr15	29204684	rs11638382
chr15	29208042	rs983900
chr15	29208095	rs983901
chr15	29210753	rs7176006
chr15	29223454	rs4779952
chr15	29225416	rs12911875
chr15	29231788	rs17681991
chr15	29233387	rs12903523
chr15	29233651	rs12912628
chr15	29234521	rs17653077
chr15	29236724	rs12594866
chr15	29236814	rs12904918
chr15	29238279	rs12901764
chr15	29239129	rs720644
chr15	29239174	rs16955270
chr15	29243969	rs484101
chr15	29244982	rs563634
chr15	29250751	rs10519634
chr15	29250773	rs570900
chr15	29250908	rs10519635
chr15	29250988	rs568998
chr15	29252319	rs11071669
chr15	29252452	rs4583203
chr15	29255106	rs12912234
chr15	29257031	rs562921
chr15	29258615	rs547857
chr15	29259170	rs7182409
chr15	29259260	rs509639
chr15	29259428	rs10851725
chr15	29261058	rs6494399
chr15	29263533	rs8032795
chr15	29267396	rs8024985
chr15	29270436	rs7178681
chr15	29272431	rs558215
chr15	29272589	rs526018
chr15	29272992	rs7165383
chr15	29275008	rs540364
chr15	29276383	rs570956
chr15	29279222	rs8030956
chr15	29280660	rs11071833
chr15	29281413	rs511337
chr15	29281576	rs895247
chr15	29281826	rs11636503
chr15	29284249	rs2458887
chr15	29287207	rs501397
chr15	29287944	rs12906091
chr15	29290443	rs11071875
chr15	29291990	rs7165879
chr15	29294373	rs4359402
chr15	29297268	rs7163371
chr15	29297329	rs966223
chr15	29297578	rs4780040
chr15	29297597	rs7164004
chr15	29298078	rs935313
chr15	29298454	rs8043070
chr15	29298675	rs4436748
chr15	29307799	rs4780054
chr15	29309867	rs1822946
chr15	29312378	rs1025989
chr15	29313240	rs4522383
chr15	29314699	rs1992692
chr15	29315131	rs2336969
chr15	29315982	rs8037966
chr15	29316474	rs1373891
chr15	29322907	rs895250
chr15	29330596	rs817957
chr15	29330745	rs817958
chr15	29333735	rs817959
chr15	29334506	rs12441963
chr15	29335019	rs920972
chr15	29336234	rs817961
chr15	29337307	rs8043513
chr15	29342310	rs2004657
chr15	29344276	rs1464389
chr15	29348103	rs16955362
chr15	29349165	rs16955366
chr15	29349979	rs11852981
chr15	29352896	rs16955368
chr15	29353059	rs8039737
chr15	29353269	rs1996709
chr15	29361085	rs1520941
chr15	29361793	rs1520942
chr15	29361881	rs939533
chr15	29366809	rs4779618
chr15	29367425	rs12101676
chr15	29367686	rs12101690
chr15	29372911	rs8037595
chr15	29376291	rs2337062
chr15	29378087	rs8043428
chr15	29379015	rs12911188
chr15	29379091	rs8036951
chr15	29379938	rs11858800
chr15	29383227	rs4779623
chr15	29383464	rs16955403
chr15	29383480	rs17569233
chr15	29385163	rs16955410
chr15	29385449	rs16955413
chr15	29385780	rs483907
chr15	29386714	rs8041543
chr15	29390302	rs17749882
chr15	29390763	rs1870237
chr15	29392454	rs607503
chr15	29392748	rs9920343
chr15	29393560	rs16955419
chr15	29394657	rs1195501
chr15	29395249	rs1195491
chr15	29398204	rs16955423
chr15	29400187	rs637568
chr15	29400476	rs1655645
chr15	29405629	rs517190
chr15	29406410	rs639022
chr15	29411248	rs585137
chr15	29411796	rs12439646
chr15	29412789	rs1520936
chr15	29417888	rs516628
chr15	29423937	rs12185114
chr15	29424841	rs507736
chr15	29425882	rs538077
chr15	29427460	rs12592503
chr15	29428152	rs646262
chr15	29429001	rs504168
chr15	29429613	rs4780212
chr15	29429884	rs11856277
chr15	29429917	rs10851926
chr15	29430912	rs17670431
chr15	29433459	rs17682576
chr15	29433884	rs4780219
chr15	29434234	rs1543841
chr15	29436199	rs16955457
chr15	29436744	rs10519650
chr15	29437948	rs4780224
chr15	29438792	rs11634762
chr15	29441079	rs514059
chr15	29441470	rs511092
chr15	29443200	rs562864
chr15	29443742	rs2030417
chr15	29448917	rs519938
chr15	29448952	rs641603
chr15	29449075	rs17750196
chr15	29452158	rs17750226
chr15	29452927	rs488698
chr15	29453767	rs659924
chr15	29454271	rs508349
chr15	29455369	rs1356990
chr15	29458759	rs17682773
chr15	29458922	rs568956
chr15	29462008	rs541371
chr15	29468312	rs16955485
chr15	29469045	rs11073039
chr15	29469173	rs8028531
chr15	29470094	rs8030386
chr15	29472327	rs11636067
chr15	29474102	rs11635850
chr15	29476984	rs10851966
chr15	29477291	rs7162770
chr15	29477386	rs7180679
chr15	29480068	rs733612
chr15	29481466	rs17682832
chr15	29482941	rs11073050
chr15	29492351	rs8027936
chr15	29493108	rs17750398
chr15	29511225	rs11858156
chr15	29511240	rs11858856
chr15	29511269	rs11854243
chr15	29513600	rs11856276
chr15	29520127	rs6495727
chr15	29520573	rs8028924
chr15	29525435	rs11636627
chr15	29532534	rs8041925
chr15	29537087	rs11073082
chr15	29538958	rs7170926
chr15	29544267	rs7162759
chr15	29544670	rs11636674
chr15	29545335	rs11634036
chr15	29545821	rs7182730
chr15	29547763	rs7494798
chr15	29554896	rs12913565
chr15	29556483	rs12908404
chr15	29560433	rs898253
chr15	29563097	rs2337125
chr15	29563207	rs2337124
chr15	29565120	rs12439775
chr15	29567514	rs4780243
chr15	29574070	rs12438591
chr15	29574843	rs7180563
chr15	29574990	rs7180782
chr15	29575345	rs7177170
chr15	29578361	rs8037110
chr15	29578666	rs17670971
chr15	29581367	rs1563755
chr15	29582546	rs8031323
chr15	29583795	rs6495788
chr15	29591395	rs4780247
chr15	29592703	rs11852844
chr15	29593228	rs12913433
chr15	29593542	rs7166121
chr15	29593631	rs12898468
chr15	29594318	rs6495793
chr15	29597602	rs7163518
chr15	29598679	rs11630085
chr15	29599325	rs8030767
chr15	29599358	rs8030911
chr15	29599745	rs8031629
chr15	29600021	rs11629663
chr15	29600238	rs4303432
chr15	29601340	rs13329436
chr15	29601735	rs1459361
chr15	29602873	rs6416521
chr15	29602965	rs6416522
chr15	29604621	rs12595390
chr15	29604851	rs11073124
chr15	29607900	rs2085686
chr15	29608314	rs7171078
chr15	29609012	rs7172400
chr15	29610126	rs12898582
chr15	29610558	rs7175505
chr15	29611813	rs17683060
chr15	29613657	rs2125657
chr15	29613736	rs2125658
chr15	29614015	rs2337127
chr15	29614108	rs7177816
chr15	29619616	rs6495807
chr15	29622621	rs7169056
chr15	29624462	rs7163154
chr15	29631537	rs6495814
chr15	29636552	rs7183354
chr15	29639053	rs17683102
chr15	29644507	rs17683108
chr15	29648061	rs11073156
chr15	29650104	rs7168538
chr15	29651167	rs260546
chr15	29655156	rs6495823
chr15	29655658	rs11636264
chr15	29661161	rs16955631
chr15	29661832	rs17750626
chr15	29664981	rs16955641
chr15	29669835	rs16955651
chr15	29672538	rs4522365
chr15	29676234	rs16955658
chr15	29677831	rs16955661
chr15	29678500	rs11855457
chr15	29682660	rs260544
chr15	29685312	rs260543
chr15	29687136	rs10519663
chr15	29688297	rs260540
chr15	29690902	rs260536
chr15	29691106	rs260533
chr15	29692244	rs260531
chr15	29692486	rs260530
chr15	29692636	rs260529
chr15	29696462	rs1679647
chr15	29702270	rs260526
chr15	29704875	rs3784353
chr15	29706317	rs12438925
chr15	29709124	rs17683205
chr15	29711880	rs12902476
chr15	29713000	rs2878893
chr15	29713325	rs4362339
chr15	29715369	rs767514
chr15	29716685	rs2229518
chr15	29716773	rs2291166
chr15	29719714	rs17671556
chr15	29720771	rs11636849
chr15	29725548	rs747958
chr15	29727902	rs11073221
chr15	29733770	rs7176466
chr15	29736178	rs17570926
chr15	29737111	rs11634148
chr15	29747337	rs4780259
chr15	29753714	rs8042487
chr15	29758306	rs13380161
chr15	29761481	rs2293186
chr15	29761641	rs17671751
chr15	29765422	rs8034926
chr15	29767519	rs16955758
chr15	29768109	rs12916720
chr15	29769427	rs899848
chr15	29769968	rs11638797
chr15	29772292	rs1383315
chr15	29773949	rs7170406
chr15	29776470	rs8039450
chr15	29777528	rs7495511
chr15	29777995	rs1904812
chr15	29778914	rs1552077
chr15	29779076	rs12916064
chr15	29781012	rs1480503
chr15	29784901	rs1522797
chr15	29796433	rs1585900
chr15	29798722	rs12908787
chr15	29804875	rs7176476
chr15	29807899	rs4780260
chr15	29813555	rs11073279
chr15	29827115	rs7168919
chr15	29827390	rs7180387
chr15	29830135	rs11853814
chr15	29837118	rs12440708
chr15	29841750	rs7183413
chr15	29842211	rs785455
chr15	29844877	rs1403253
chr15	29849141	rs785450
chr15	29850170	rs11853442
chr15	29853771	rs785447
chr15	29854060	rs785448
chr15	29860665	rs4780264
chr15	29863436	rs17750920
chr15	29864024	rs17750932
chr15	29864558	rs785440
chr15	29864715	rs785441
chr15	29864754	rs9302327
chr15	29866305	rs9302328
chr15	29868271	rs785442
chr15	29870299	rs12592592
chr15	29872271	rs939980
chr15	29875215	rs785437
chr15	29876778	rs7178240
chr15	29881682	rs785422
chr15	29882173	rs785423
chr15	29884631	rs17683519
chr15	29886411	rs785425
chr15	29886668	rs785426
chr15	29890563	rs785427
chr15	29895742	rs4780267
chr15	29896029	rs785429
chr15	29901113	rs813676
chr15	29901167	rs16954800
chr15	29901265	rs711355
chr15	29905410	rs785421
chr15	29908143	rs12440268
chr15	29910548	rs1464565
chr15	29910626	rs1464564
chr15	29911763	rs16954806
chr15	29912973	rs1719332
chr15	29916451	rs1719336
chr15	29916609	rs4779461
chr15	29916646	rs4779674
chr15	29916885	rs1533861
chr15	29917142	rs1001877
chr15	29917479	rs1001876
chr15	29918331	rs1719337
chr15	29919555	rs4779675
chr15	29920504	rs1522792
chr15	29920981	rs2140175
chr15	29921209	rs11634609
chr15	29921654	rs1719343
chr15	29924903	rs1719348
chr15	29928221	rs1357386
chr15	29931144	rs1719361
chr15	29934299	rs11856975
chr15	29934922	rs4779681
chr15	29936351	rs16954843
chr15	29937010	rs7182831
chr15	29938152	rs16954859
chr15	29938433	rs17762297
chr15	29940781	rs4779683
chr15	29945955	rs12899678
chr15	29946886	rs10519673
chr15	29947125	rs12905328
chr15	29956956	rs11638069
chr15	29958696	rs17762363
chr15	29958808	rs2049259
chr15	29961671	rs8033448
chr15	29962283	rs8036572
chr15	29968297	rs2222420
chr15	29971789	rs1568633
chr15	29972160	rs7163646
chr15	29973147	rs8024444
chr15	29973684	rs12906280
chr15	29974781	rs7181851
chr15	29975739	rs4492992
chr15	29976352	rs2337255
chr15	29984138	rs4497630
chr15	29984250	rs4592605
chr15	29986605	rs8034158
chr15	29988902	rs7181263
chr15	29989976	rs10519674
chr15	29990316	rs7164994
chr15	29994529	rs16954907
chr15	29994728	rs16954910
chr15	29995625	rs11637663
chr15	29998103	rs939981
chr15	29998227	rs939983
chr15	29998529	rs11634406
chr15	29999596	rs11070233
chr15	30001586	rs4374114
chr15	30003397	rs2140173
chr15	30003661	rs6492918
chr15	30004641	rs2030559
chr15	30004805	rs7403602
chr15	30005534	rs2015398
chr15	30005555	rs8040523
chr15	30009032	rs7173960
chr15	30011572	rs12101510
chr15	30012437	rs8035969
chr15	30013258	rs12102157
chr15	30015002	rs4779695
chr15	30023809	rs4643293
chr15	30026109	rs8028345
chr15	30027149	rs4470122
chr15	30033985	rs4553604
chr15	30035857	rs3923926
chr15	30037005	rs11070252
chr15	30044944	rs7174994
chr15	30049087	rs4616268
chr15	30051031	rs7162476
chr15	30054027	rs8036260
chr15	30059231	rs7173271
chr15	30061288	rs11631476
chr15	30062100	rs11857486
chr15	30074044	rs10152753
chr15	30077711	rs10467971
chr15	30638297	rs8027951
chr15	30644082	rs2046362
chr15	30658326	rs7166258
chr15	30662586	rs12903027
chr15	30666732	rs12910011
chr15	30668578	rs6493215
chr15	30671315	rs8026481
chr15	30671619	rs6493220
chr15	30672369	rs4779759
chr15	30673208	rs11633786
chr15	30675693	rs12906190
chr15	30679628	rs4779762
chr15	30717888	rs11631814
chr15	30718272	rs4779764
chr15	30720591	rs3883068
chr15	30729879	rs12904948
chr15	30730116	rs12905321
chr15	30734094	rs8031106
chr15	30737053	rs12904872
chr15	30740263	rs35528291
chr15	30743366	rs3964705
chr15	30743988	rs12898883
chr15	30750759	rs12441324
chr15	30764267	rs4779776
chr15	30767800	rs11852466
chr15	30770855	rs4779777
chr15	30774027	rs11638086
chr15	30775002	rs4779779
chr15	30784005	rs11631264
chr15	30784546	rs8026961
chr15	30785279	rs11857495
chr15	30785684	rs16956249
chr15	30797323	rs798088
chr15	30802276	rs12438793
chr15	30814623	rs798104
chr15	30816586	rs11070619
chr15	30824597	rs798125
chr15	30834732	rs798084
chr15	30837427	rs798087
chr15	30841943	rs2140733
chr15	30843586	rs811304
chr15	30848497	rs1088475
chr15	30862497	rs1524878
chr15	30867009	rs2140736
chr15	30877746	rs16956332
chr15	30883066	rs8036176
chr15	30887331	rs11632229
chr15	30887597	rs16956341
chr15	30888256	rs2091236
chr15	30891544	rs7174744
chr15	30902818	rs28693590
chr15	30905361	rs4779794
chr15	30906726	rs7171208
chr15	30906769	rs16956362
chr15	30910890	rs3794594
chr15	30911583	rs1056118
chr15	30916222	rs4779797
chr15	30916524	rs7176351
chr15	30916546	rs1983459
chr15	30917315	rs2959039
chr15	30917451	rs9806159
chr15	30918448	rs2293314
chr15	30918659	rs7169064
chr15	30922106	rs16956376
chr15	30922446	rs1474382
chr15	30924458	rs871312
chr15	30925961	rs2959037
chr15	30938987	rs565
chr15	30939052	rs2873
chr15	30940378	rs1043742
chr15	30941017	rs2955792
chr15	30941861	rs6493352
chr15	30942376	rs2949568
chr15	30942729	rs1043251
chr15	30942778	rs11293
chr15	30943154	rs2293319
chr15	30943372	rs2293320
chr15	30946220	rs11629793
chr15	30946369	rs2949569
chr15	30946580	rs11637469
chr15	30948754	rs8034856
chr15	30951880	rs2955790
chr15	30952060	rs2955789
chr15	30952292	rs7176569
chr15	30955807	rs2860452
chr15	30959163	rs2949573
chr15	30959578	rs2949574
chr15	30962808	rs2955788
chr15	30967667	rs2272218
chr15	30967707	rs16956414
chr15	30970379	rs2949576
chr15	30971069	rs1524876
chr15	30971525	rs1404469
chr15	30977032	rs1474380
chr15	30978555	rs16956422
chr15	30978977	rs1524877
chr15	30980467	rs2339046
chr15	30984242	rs8041717
chr15	30988596	rs7175951
chr15	30990933	rs3743231
chr15	30993547	rs10047979
chr15	30997246	rs11638295
chr15	30998244	rs8040989
chr15	31001251	rs11070718
chr15	31001571	rs17227989
chr15	31002451	rs3784588
chr15	31002511	rs3784589
chr15	31002948	rs17227996
chr15	31003839	rs10152819
chr15	31006149	rs7167074
chr15	31009544	rs2113946
chr15	31010350	rs7179234
chr15	31013776	rs964925
chr15	31015464	rs16956447
chr15	31016175	rs16956455
chr15	31020416	rs12915504
chr15	31020540	rs12901022
chr15	31023812	rs7177217
chr15	31026364	rs13380246
chr15	31029672	rs10519726
chr15	31030611	rs3784590
chr15	31030659	rs2042613
chr15	31031811	rs16956469
chr15	31032328	rs2113945
chr15	31033867	rs16956471
chr15	31034586	rs12904035
chr15	31035227	rs1991214
chr15	31036292	rs12914747
chr15	31037741	rs12911350
chr15	31038077	rs2288242
chr15	31038110	rs12913672
chr15	31038759	rs2911851
chr15	31038931	rs12917058
chr15	31039637	rs12908432
chr15	31042159	rs17815774
chr15	31045522	rs2338834
chr15	31047470	rs3743234
chr15	31049161	rs7173280
chr15	31049258	rs10851487
chr15	31049361	rs17228080
chr15	31049570	rs10162957
chr15	31050012	rs3784595
chr15	31050541	rs1035705
chr15	31050882	rs1035706
chr15	31051683	rs10162727
chr15	31051828	rs4779809
chr15	31052454	rs7174872
chr15	31056171	rs7165995
chr15	31060780	rs12902840
chr15	31061185	rs2278133
chr15	31064222	rs4779814
chr15	31064523	rs16956509
chr15	31064744	rs3784598
chr15	31064935	rs919001
chr15	31065388	rs3825950
chr15	31067000	rs8039189
chr15	31067254	rs3784599
chr15	31067349	rs3784600
chr15	31068354	rs12915986
chr15	31069401	rs10400821
chr15	31070149	rs2241493
chr15	31070451	rs17815804
chr15	31076401	rs2241494
chr15	31076469	rs2241495
chr15	31076920	rs4779816
chr15	31077020	rs4779817
chr15	31077154	rs16956530
chr15	31077214	rs4779819
chr15	31077295	rs7180591
chr15	31078434	rs890158
chr15	31079078	rs2338863
chr15	31079773	rs12910328
chr15	31080131	rs4779503
chr15	31084493	rs11070797
chr15	31085370	rs12441329
chr15	31088776	rs12911889
chr15	31092594	rs1035707
chr15	31099938	rs11070810
chr15	31101271	rs3784601
chr15	31101879	rs11070811
chr15	31102119	rs3809579
chr15	31102334	rs3809578
chr15	31102665	rs7182946
chr15	31104430	rs8033330
chr15	31106515	rs8025698
chr15	31112091	rs4779824
chr15	31112130	rs11635677
chr15	31112651	rs6493462
chr15	31112824	rs6493464
chr15	31113082	rs7170825
chr15	31113840	rs2338853
chr15	31116887	rs2879275
chr15	31118568	rs10467996
chr15	31120430	rs12324335
chr15	31126563	rs4779829
chr15	31127108	rs8031038
chr15	31128582	rs783024
chr15	31128973	rs803533
chr15	31129126	rs16956564
chr15	31129473	rs783026
chr15	31129667	rs7178742
chr15	31131129	rs2081455
chr15	31131251	rs2004777
chr15	31131274	rs2077321
chr15	31131851	rs1456212
chr15	31135189	rs8028220
chr15	31136053	rs803534
chr15	31145728	rs12148879
chr15	31145764	rs12148567
chr15	31146100	rs813299
chr15	31147601	rs1672407
chr15	31148494	rs1672408
chr15	31149105	rs1672409
chr15	31152567	rs1580141
chr15	31153995	rs8035624
chr15	31155145	rs1378847
chr15	31157425	rs8025178
chr15	31159295	rs12913209
chr15	31160708	rs12899902
chr15	31161676	rs7168866
chr15	31164441	rs1463408
chr15	31165935	rs1647992
chr15	31166710	rs12595534
chr15	31171175	rs7169523
chr15	31171924	rs783032
chr15	31172445	rs16956610
chr15	31173160	rs880011
chr15	31173628	rs17815869
chr15	31175149	rs7172386
chr15	31176720	rs3096464
chr15	31177725	rs17228178
chr15	31178108	rs985907
chr15	31178563	rs1672415
chr15	31179269	rs1223889
chr15	31182794	rs4779835
chr15	31185980	rs183943
chr15	31187083	rs12442141
chr15	31192484	rs1477534
chr15	31193131	rs999876
chr15	31202910	rs1863279
chr15	31203618	rs7166174
chr15	31204311	rs16956620
chr15	31204844	rs278357
chr15	31214833	rs1978801
chr15	31220449	rs11070871
chr15	31223009	rs1134444
chr15	31223653	rs3743235
chr15	31223805	rs1865873
chr15	31224267	rs1060493
chr15	31224509	rs4779843
chr15	31229462	rs2289126
chr15	31232403	rs4779846
chr15	31234047	rs17815893
chr15	31234186	rs7163696
chr15	31234942	rs10438322
chr15	31235556	rs1370062
chr15	31235959	rs4329885
chr15	31236453	rs6493535
chr15	31236884	rs4779847
chr15	31239170	rs7178760
chr15	31239730	rs7182721
chr15	31240107	rs3865090
chr15	31242387	rs6493540
chr15	31245173	rs7171928
chr15	31245293	rs6493543
chr15	31246171	rs8038787
chr15	31247694	rs7178899
chr15	31248786	rs8024893
chr15	31252830	rs17815905
chr15	31254700	rs8038899
chr15	31256914	rs11632955
chr15	31263123	rs7172576
chr15	31265378	rs2879262
chr15	31267121	rs4779513
chr15	31273429	rs6493562
chr15	31280773	rs7174166
chr15	31284188	rs1947517
chr15	31284474	rs12323980
chr15	31287384	rs11070905
chr15	31288878	rs7175931
chr15	31293663	rs7162289
chr15	31297581	rs2068200
chr15	31297767	rs11070914
chr15	31298487	rs4420495
chr15	31302625	rs12915289
chr15	31305775	rs12913847
chr15	31307298	rs12439925
chr15	31313967	rs10851525
chr15	31317343	rs7175141
chr15	31317687	rs1465779
chr15	31317911	rs11070938
chr15	31319838	rs11636034
chr15	31322538	rs11630449
chr15	31323466	rs11070943
chr15	31324471	rs11633005
chr15	31325585	rs6493604
chr15	31329118	rs1465778
chr15	31335683	rs9920314
chr15	31337095	rs9920754
chr15	31337819	rs11853926
chr15	31338149	rs4779861
chr15	31340958	rs4779862
chr15	31342540	rs12439853
chr15	31345793	rs7174211
chr15	31350331	rs11857440
chr15	31350786	rs3803554
chr15	31354913	rs8036899
chr15	31358822	rs7168479
chr15	31358865	rs7174079
chr15	31359113	rs7169662
chr15	31359593	rs12592541
chr15	31363005	rs8031093
chr15	31364351	rs11070980
chr15	31365045	rs6493623
chr15	31369438	rs6493627
chr15	31373240	rs4779520
chr15	31375593	rs6493629
chr15	31378472	rs11852488
chr15	31379925	rs4779521
chr15	31380744	rs8034505
chr15	31383250	rs4268714
chr15	31387813	rs8042404
chr15	31388242	rs12438318
chr15	31398850	rs753636
chr15	31399543	rs10459614
chr15	31402863	rs4461034
chr15	31405039	rs8030771
chr15	31405439	rs7175258
chr15	31407637	rs6493657
chr15	31407819	rs8035633
chr15	31409647	rs9920320
chr15	31410759	rs12594811
chr15	31412844	rs11630485
chr15	31416060	rs8042543
chr15	31416074	rs8043195
chr15	31420154	rs6493659
chr15	31420428	rs4779873
chr15	31430526	rs11071016
chr15	31431076	rs8039613
chr15	31442233	rs4779876
chr15	31443888	rs4779527
chr15	31444028	rs16956738
chr15	31448720	rs1599081
chr15	31449013	rs1075232
chr15	31451375	rs9302175
chr15	31451406	rs9302176
chr15	31453165	rs6493668
chr15	31455205	rs12592652
chr15	31457133	rs12592342
chr15	31457476	rs16956753
chr15	31457675	rs4779528
chr15	31458804	rs2219508
chr15	31459461	rs971330
chr15	31459780	rs16956762
chr15	31461603	rs8038667
chr15	31461805	rs7403275
chr15	31461822	rs7403458
chr15	31464368	rs8035202
chr15	31464524	rs16956769
chr15	31464630	rs17228317
chr15	31465958	rs11071070
chr15	31466015	rs7183105
chr15	31466041	rs10851568
chr15	31468783	rs2125617
chr15	31470257	rs8023660
chr15	31470271	rs8023664
chr15	31471406	rs11071075
chr15	31471575	rs898213
chr15	31472196	rs2338684
chr15	31472208	rs1077168
chr15	31473605	rs755812
chr15	31476326	rs1017720
chr15	31480231	rs4779532
chr15	31480672	rs6493688
chr15	31481662	rs11633777
chr15	31486451	rs11071094
chr15	31486500	rs8024651
chr15	31487860	rs7164892
chr15	31487930	rs2338680
chr15	31489785	rs7166243
chr15	31494905	rs4779536
chr15	31495225	rs17816007
chr15	31499260	rs7178180
chr15	31499633	rs898212
chr15	31500388	rs16956801
chr15	31501727	rs7164569
chr15	31502996	rs7170725
chr15	31507946	rs2125615
chr15	31515382	rs1459200
chr15	31515410	rs1459201
chr15	31517050	rs7181743
chr15	31518038	rs16956820
chr15	31522000	rs4779889
chr15	31524117	rs11631210
chr15	31525706	rs8033280
chr15	31525854	rs8032199
chr15	31526756	rs16956836
chr15	31528275	rs17228387
chr15	31528638	rs2338679
chr15	31529632	rs6493741
chr15	31530012	rs7163763
chr15	31530328	rs11071164
chr15	31530905	rs7176771
chr15	31531573	rs7176903
chr15	31534995	rs12915549
chr15	31536681	rs2125620
chr15	31537504	rs2125623
chr15	31538536	rs12908729
chr15	31538997	rs10152711
chr15	31539891	rs17816055
chr15	31540441	rs12900301
chr15	31541708	rs12591927
chr15	31543254	rs16956860
chr15	31550168	rs4365252
chr15	31550839	rs4779892
chr15	31551771	rs4779893
chr15	31556255	rs11071179
chr15	31556384	rs16956867
chr15	31556636	rs16956869
chr15	31556707	rs11630385
chr15	31557376	rs4260016
chr15	31558638	rs16956871
chr15	31558722	rs8024709
chr15	31559781	rs4779542
chr15	31562644	rs11856799
chr15	31564201	rs721548
chr15	31567432	rs2219507
chr15	31570234	rs12915326
chr15	31570245	rs1459198
chr15	31571757	rs3903373
chr15	31573399	rs10519729
chr15	31578250	rs12899987
chr15	31584881	rs11857718
chr15	31585035	rs11854065
chr15	31585599	rs12050677
chr15	31585717	rs12050678
chr15	31586149	rs7178637
chr15	31587057	rs12901569
chr15	31590551	rs8035863
chr15	31596113	rs4779544
chr15	31597629	rs11071202
chr15	31597920	rs11635581
chr15	31604809	rs12907720
chr15	31605634	rs7170060
chr15	31606606	rs1459199
chr15	31607659	rs1542453
chr15	31608311	rs983242
chr15	31616077	rs8032083
chr15	31616932	rs7178914
chr15	31625071	rs8026705
chr15	31634724	rs11638348
chr15	31638134	rs12324540
chr15	31640662	rs4779908
chr15	31646798	rs6416461
chr15	31654839	rs4779910
chr15	31655038	rs16955808
chr15	31655748	rs11858379
chr15	31656966	rs7496896
chr15	31657682	rs6493848
chr15	31660248	rs9920667
chr15	31680644	rs12909823
chr15	31683057	rs1847243
chr15	31690308	rs3913617
chr15	31696792	rs2654091
chr15	31713041	rs11071296
chr15	31713145	rs12595745
chr15	31726528	rs4779919
chr15	31727716	rs10459623
chr15	31727863	rs10459624
chr15	31729407	rs11637217
chr15	31731082	rs17684314
chr15	31731475	rs12324000
chr15	31733442	rs8024201
chr15	31737490	rs12898600
chr15	31747930	rs1503004
chr15	31748684	rs7168861
chr15	31756922	rs17762839
chr15	31758690	rs10468013
chr15	31759285	rs17673100
chr15	31762069	rs959882
chr15	31762463	rs8037451
chr15	31769236	rs11632840
chr15	31769434	rs12594970
chr15	31769973	rs11071318
chr15	31774168	rs10775163
chr15	31774872	rs905432
chr15	31775922	rs17684445
chr15	31776097	rs8042229
chr15	31781364	rs12594716
chr15	31784080	rs2338890
chr15	31790546	rs905426
chr15	31795679	rs12595731
chr15	31799278	rs17684603
chr15	31804319	rs905436
chr15	31804788	rs905438
chr15	31812161	rs7171443
chr15	31814448	rs7182228
chr15	31815802	rs8027942
chr15	31821110	rs7163641
chr15	31821852	rs12912595
chr15	31829910	rs878273
chr15	31830760	rs1502999
chr15	31832881	rs2879291
chr15	31835912	rs1503002
chr15	31838818	rs17604644
chr15	31840942	rs17604672
chr15	31841775	rs10519688
chr15	31842368	rs12442412
chr15	31842634	rs17604700
chr15	31846515	rs7165744
chr15	31853532	rs4238558
chr15	31855943	rs7167632
chr15	31866002	rs4383101
chr15	31873783	rs4393534
chr15	31874425	rs7174441
chr15	31881042	rs4779556
chr15	31884101	rs12594231
chr15	31892938	rs12904693
chr15	31893407	rs12324569
chr15	31894917	rs4417522
chr15	31895792	rs4779937
chr15	31897808	rs7164876
chr15	31899699	rs6494039
chr15	31899900	rs8027558
chr15	31905670	rs4779939
chr15	31906136	rs17228459
chr15	31914229	rs16956012
chr15	31916518	rs12900027
chr15	31917667	rs10519712
chr15	31918731	rs1514254
chr15	31919909	rs17816121
chr15	31920717	rs11629803
chr15	31922040	rs11071403
chr15	31922236	rs1588777
chr15	31925484	rs953326
chr15	31928245	rs7175507
chr15	31937105	rs4435224
chr15	31937151	rs2137856
chr15	31937249	rs2137857
chr15	31937280	rs11071406
chr15	31937723	rs1514251
chr15	31942591	rs9635352
chr15	31945506	rs6494074
chr15	31950163	rs12442954
chr15	31953381	rs1514255
chr15	31956245	rs11071426
chr15	31956446	rs17228480
chr15	31957952	rs10519711
chr15	31962576	rs7174058
chr15	31964632	rs11636570
chr15	31965700	rs12442622
chr15	31966857	rs4779948
chr15	31975286	rs952284
chr15	31978115	rs10152238
chr15	31978245	rs4779561
chr15	31980681	rs1567883
chr15	31981463	rs1001555
chr15	31981954	rs11636101
chr15	31982116	rs17228508
chr15	31988023	rs11636810
chr15	31992359	rs12437782
chr15	31992653	rs12440180
chr15	31992661	rs8038654
chr15	31992916	rs11855355
chr15	31997644	rs1399195
chr15	31998287	rs1304396
chr15	32000184	rs11856897
chr15	32001084	rs12595152
chr15	32002759	rs7181544
chr15	32004170	rs2063722
chr15	32004484	rs8036290
chr15	32006747	rs1514260
chr15	32007750	rs1567887
chr15	32008599	rs1567885
chr15	32009123	rs12438672
chr15	32009194	rs12442690
chr15	32011454	rs7180085
chr15	32015012	rs2337233
chr15	32015429	rs11631159
chr15	32016981	rs12439621
chr15	32018607	rs9920394
chr15	32019465	rs8026970
chr15	32024622	rs4779956
chr15	32025439	rs965434
chr15	32029083	rs6494165
chr15	32029282	rs3826029
chr15	32032074	rs868437
chr15	32033473	rs883473
chr15	32040250	rs1606659
chr15	32041794	rs11635209
chr15	32042753	rs11071503
chr15	32045034	rs4779563
chr15	32051986	rs9672321
chr15	32052936	rs11071512
chr15	32056728	rs4779969
chr15	32057304	rs11071515
chr15	32058261	rs11071518
chr15	32058572	rs11637923
chr15	32065525	rs1355920
chr15	32067769	rs11071530
chr15	32070501	rs8027035
chr15	32081490	rs7179733
chr15	32084234	rs12914788
chr15	32089406	rs8033518
chr15	32092916	rs6494212
chr15	32093264	rs7175581
chr15	32097867	rs4779565
chr15	32099143	rs8035668
chr15	32102446	rs8037084
chr15	32104256	rs6494223
chr15	32104520	rs8028396
chr15	32107116	rs9788679
chr15	32109845	rs10438342
chr15	32110720	rs11858834
chr15	32111129	rs11852956
chr15	32111144	rs12915695
chr15	32111330	rs35057608
chr15	32112758	rs41408148
chr15	32112929	rs12438995
chr15	32112980	rs41481945
chr15	32116030	rs13329490
chr15	32116865	rs12915265
chr15	32119314	rs1392808
chr15	32125837	rs904951
chr15	32126544	rs904952
chr15	32127587	rs12904458
chr15	32128207	rs4779978
chr15	32132800	rs7170028
chr15	32133003	rs11633380
chr15	32147080	rs2651418
chr15	32147097	rs1909884
chr15	32149432	rs2611605
chr15	32151722	rs7179008
chr15	32151995	rs2337980
chr15	32152794	rs12906868
chr15	32218309	rs4072398
chr15	32219354	rs9672615
chr15	32221032	rs2946543
chr15	32221696	rs9672198
chr15	32222140	rs2611583
chr15	32222725	rs4779984
chr15	32223480	rs11637116
chr15	32223772	rs2946544
chr15	32327926	rs3809581
chr15	32630746	rs11634439
chr15	32633864	rs11857729
chr15	32633875	rs11632524
chr15	32635275	rs8037818
chr15	32639720	rs28457217
chr15	32640449	rs8037102
chr15	32641892	rs11635997
chr15	32644294	rs7179711
chr15	32645034	rs11853044
chr15	32645262	rs12708484
chr15	32646560	rs4396507
chr15	32647745	rs12594777
chr15	32648180	rs28409665
chr15	32652669	rs11639448
chr15	32654360	rs12101641
chr15	32655605	rs11071882
chr15	32659992	rs8023613
chr15	32662894	rs11071887
chr15	32666510	rs1406387
chr15	32668424	rs10083612
chr15	32669902	rs7169422
chr15	32670039	rs17228571
chr15	32670441	rs8041254
chr15	32670558	rs8037112
chr15	32671004	rs16963973
chr15	32671075	rs10220719
chr15	32671555	rs16964074
chr15	32671616	rs12050625
chr15	32673156	rs12909871
chr15	32673429	rs11634086
chr15	32675638	rs7161975
chr15	32675679	rs7162000
chr15	32676722	rs7170561
chr15	32677256	rs10519737
chr15	32677856	rs7177176
chr15	32677955	rs11633548
chr15	32678349	rs1881536
chr15	32679557	rs3817592
chr15	32679733	rs7177843
chr15	32680796	rs12438604
chr15	32683516	rs12441140
chr15	32683854	rs17816224
chr15	32684900	rs7165737
chr15	32687412	rs16966853
chr15	32689442	rs6494587
chr15	32691995	rs6494593
chr15	32692427	rs7181171
chr15	32693753	rs1997317
chr15	32693786	rs1997316
chr15	32694170	rs17228592
chr15	32694713	rs4779583
chr15	32695937	rs7494781
chr15	32697046	rs11550873
chr15	32700543	rs8035130
chr15	32701444	rs16969816
chr15	32701800	rs16969862
chr15	32701855	rs12591992
chr15	32702555	rs4779584
chr15	32702642	rs9888701
chr15	32703097	rs16970016
chr15	32705381	rs11853552
chr15	32705635	rs11857997
chr15	32709063	rs12914734
chr15	32711861	rs11638007
chr15	32712046	rs11632715
chr15	32714307	rs12592288
chr15	32716669	rs3812934
chr15	32718535	rs2293581
chr15	32723005	rs1528734
chr15	32723953	rs11630554
chr15	32728727	rs16973303
chr15	32731285	rs12915554
chr15	32731750	rs3743105
chr15	32731784	rs3743104
chr15	32732254	rs7162202
chr15	32732366	rs17525764
chr15	32732607	rs17228641
chr15	32733426	rs3743103
chr15	32733778	rs10318
chr15	32737349	rs11071936
chr15	32740906	rs7175986
chr15	32744916	rs12905295
chr15	32745442	rs6494637
chr15	32746294	rs7496435
chr15	32747097	rs17816285
chr15	32748581	rs10519740
chr15	32750137	rs16958114
chr15	32750632	rs12904470
chr15	32751254	rs1919360
chr15	32751321	rs1919361
chr15	32751456	rs1919362
chr15	32752390	rs1269118
chr15	32758222	rs1258763
chr15	32761201	rs2697936
chr15	32761267	rs12050872
chr15	32761925	rs2600522
chr15	32763365	rs3108628
chr15	32764015	rs2053939
chr15	32765574	rs3817591
chr15	32766103	rs4779589
chr15	32766862	rs3812929
chr15	32767024	rs3812927
chr15	32768206	rs2840190
chr15	32768994	rs1258724
chr15	32769522	rs10519742
chr15	32769558	rs1258725
chr15	32769715	rs1258726
chr15	32770191	rs16958617
chr15	32770271	rs1258729
chr15	32771025	rs1979168
chr15	32771608	rs3743106
chr15	32772096	rs17816333
chr15	32772590	rs1258731
chr15	32773110	rs1258732
chr15	32773444	rs2037844
chr15	32773609	rs16958702
chr15	32773769	rs10519747
chr15	32774126	rs16958710
chr15	32774277	rs16958712
chr15	32775455	rs1258734
chr15	32775782	rs1258735
chr15	32775822	rs1258736
chr15	32781650	rs2077680
chr15	32783836	rs11631485
chr15	32787287	rs12911544
chr15	32788546	rs17816375
chr15	32790892	rs4414465
chr15	32791640	rs12915737
chr15	32792723	rs7180433
chr15	32794130	rs16958903
chr15	32794280	rs1258749
chr15	32795271	rs11634255
chr15	32795388	rs1258747
chr15	32795504	rs8036757
chr15	32795537	rs1258746
chr15	32798878	rs7162695
chr15	32799080	rs1258806
chr15	32799199	rs2339156
chr15	32800306	rs2123067
chr15	32800533	rs17816387
chr15	32800761	rs12593223
chr15	32800778	rs16959022
chr15	32801966	rs12148180
chr15	32802396	rs6494692
chr15	32803694	rs9806641
chr15	32805693	rs11631339
chr15	32806831	rs11632555
chr15	32809272	rs13329443
chr15	32810969	rs16959052
chr15	32813202	rs7178265
chr15	32814035	rs16959110
chr15	32814767	rs12905294
chr15	32815366	rs1258794
chr15	32815789	rs12593365
chr15	32817114	rs1881537
chr15	32817740	rs11636374
chr15	32817753	rs1258791
chr15	32820614	rs16959173
chr15	32822681	rs1534596
chr15	32825047	rs921512
chr15	32825079	rs921511
chr15	32825101	rs921510
chr15	32826470	rs16959212
chr15	32830809	rs16959250
chr15	32830952	rs1258769
chr15	32832074	rs12101843
chr15	32833282	rs12594918
chr15	32834253	rs1258767
chr15	32837179	rs4780042
chr15	32840024	rs10519753
chr15	32841222	rs17816441
chr15	32841561	rs1258776
chr15	32845576	rs1258784
chr15	32847122	rs17228864
chr15	32847173	rs4780044
chr15	32847341	rs16959818
chr15	32851659	rs7164743
chr15	32852001	rs1869034
chr15	32856006	rs10519756
chr15	32856858	rs8034124
chr15	32856886	rs8032931
chr15	32857692	rs4780048
chr15	32858650	rs4780049
chr15	32858906	rs4779592
chr15	32858959	rs4780050
chr15	32859287	rs10519758
chr15	32859614	rs10519759
chr15	32862086	rs11638794
chr15	32862650	rs4780052
chr15	32862696	rs10519760
chr15	32863734	rs7182816
chr15	32864382	rs16960151
chr15	32865898	rs8040135
chr15	32866585	rs8038990
chr15	32867310	rs12917529
chr15	32868059	rs7165427
chr15	32868830	rs16960230
chr15	32869456	rs8027463
chr15	32869521	rs8027615
chr15	32871253	rs4780053
chr15	32872576	rs12594394
chr15	32874801	rs17228887
chr15	32874859	rs12591087
chr15	32874970	rs12595789
chr15	32875328	rs1451890
chr15	32875842	rs1562930
chr15	32876159	rs4780055
chr15	32878227	rs517664
chr15	32878729	rs543354
chr15	32882940	rs481430
chr15	32885097	rs347942
chr15	32885469	rs347940
chr15	32889380	rs347937
chr15	32893076	rs347931
chr15	32893140	rs11635343
chr15	32894015	rs7162186
chr15	32894186	rs9920451
chr15	32898822	rs173224
chr15	32902442	rs17228908
chr15	32902802	rs2034478
chr15	32903235	rs1376791
chr15	32903785	rs16960807
chr15	32904069	rs12911648
chr15	32904093	rs12912842
chr15	32904160	rs17228929
chr15	32905210	rs1122090
chr15	32906050	rs11637250
chr15	32906064	rs10519763
chr15	32906853	rs16960847
chr15	32906948	rs10519764
chr15	32910224	rs3829481
chr15	32910401	rs3812926
chr15	32912041	rs9806422
chr15	32912218	rs9806436
chr15	32912805	rs17816519
chr15	32913113	rs11633201
chr15	32913223	rs10519765
chr15	32913289	rs11629687
chr15	32913326	rs11634576
chr15	32914259	rs7180533
chr15	32914365	rs7182663
chr15	32914774	rs12708498
chr15	32914881	rs12904870
chr15	32915528	rs1993133
chr15	32917757	rs4780058
chr15	32921072	rs11635135
chr15	32922873	rs11632769
chr15	32923066	rs16961209
chr15	32923110	rs17816555
chr15	32925452	rs347952
chr15	32926012	rs43768
chr15	32926360	rs11855526
chr15	32928786	rs11629899
chr15	32929547	rs2339165
chr15	32937141	rs347915
chr15	32938026	rs347914
chr15	32938628	rs347913
chr15	32939284	rs1470678
chr15	32940507	rs16961611
chr15	32941355	rs11072074
chr15	32941413	rs12916094
chr15	32944649	rs41473744
chr15	32945317	rs7178460
chr15	32946230	rs11852876
chr15	32959526	rs6494794
chr15	32966115	rs4611425
chr15	32966780	rs2928023
chr15	32966842	rs7178197
chr15	32967112	rs2923051
chr15	32969031	rs2930131
chr15	32969637	rs7168080
chr15	32970536	rs8034555
chr15	32971349	rs2928022
chr15	32972000	rs899466
chr15	32972107	rs1809366
chr15	32974775	rs2923052
chr15	32975749	rs12900790
chr15	32975770	rs12899690
chr15	32985608	rs2597094
chr15	32987772	rs343927
chr15	32987788	rs2053873
chr15	32989168	rs12101357
chr15	32989752	rs343932
chr15	32990643	rs1564328
chr15	32995680	rs343916
chr15	32996087	rs16962802
chr15	32996723	rs1871362
chr15	32996761	rs1871361
chr15	32997126	rs17816609
chr15	32997748	rs747349
chr15	32998069	rs76725
chr15	32998454	rs343918
chr15	33002016	rs343921
chr15	33005752	rs12591390
chr15	33006034	rs17229055
chr15	33007031	rs12441885
chr15	33008090	rs11630735
chr15	33008281	rs343925
chr15	33009307	rs1375933
chr15	33011971	rs11637416
chr15	33012753	rs345825
chr15	33013159	rs11637853
chr15	33013641	rs11633931
chr15	33014336	rs12899665
chr15	33014359	rs10519771
chr15	33014541	rs10519772
chr15	33015252	rs10519773
chr15	33015551	rs12592701
chr15	33015880	rs345827
chr15	33016440	rs345829
chr15	33016733	rs6494836
chr15	33020797	rs345844
chr15	33021957	rs1840400
chr15	33023202	rs345850
chr15	33026724	rs345867
chr15	33028362	rs10519777
chr15	33029739	rs1450114
chr15	33030277	rs12903271
chr15	33030431	rs184694
chr15	33031537	rs345874
chr15	33031749	rs345875
chr15	33032318	rs17816699
chr15	33033340	rs345876
chr15	33034062	rs345879
chr15	33034827	rs7162923
chr15	33034981	rs345880
chr15	33036854	rs2339178
chr15	33037637	rs345886
chr15	33037694	rs345887
chr15	33039883	rs1869663
chr15	33039900	rs182951
chr15	33040120	rs8028114
chr15	33042173	rs1454988
chr15	33046889	rs343906
chr15	33050342	rs345747
chr15	33051481	rs345749
chr15	33052065	rs345751
chr15	33052197	rs11636078
chr15	33052209	rs345752
chr15	33053675	rs343913
chr15	33056547	rs11857821
chr15	33060788	rs1349964
chr15	33063016	rs17816730
chr15	33064514	rs12904922
chr15	33064567	rs12905054
chr15	33064581	rs17235533
chr15	33065061	rs2306277
chr15	33067169	rs11072170
chr15	33067373	rs11858145
chr15	33068968	rs4144337
chr15	33069441	rs922510
chr15	33070445	rs10519780
chr15	33070593	rs10519781
chr15	33073133	rs17235554
chr15	33075257	rs4780075
chr15	33075395	rs17235575
chr15	33080367	rs8039005
chr15	33090456	rs345800
chr15	33091240	rs345802
chr15	33094098	rs10519789
chr15	33094747	rs16964872
chr15	33094894	rs345803
chr15	33095829	rs2604169
chr15	33096483	rs2619172
chr15	33097989	rs345791
chr15	33098978	rs345790
chr15	33103699	rs345782
chr15	33103716	rs345781
chr15	33104369	rs1454992
chr15	33104569	rs16964934
chr15	33104824	rs345779
chr15	33104945	rs345778
chr15	33106058	rs345776
chr15	33107853	rs345773
chr15	33108734	rs345770
chr15	33110460	rs345767
chr15	33110950	rs345765
chr15	33111390	rs12900907
chr15	33112448	rs345764
chr15	33112851	rs345763
chr15	33114312	rs345761
chr15	33114706	rs345760
chr15	33115106	rs17816808
chr15	33115342	rs345759
chr15	33117120	rs2444953
chr15	33119812	rs2444955
chr15	33120270	rs2444956
chr15	33120452	rs1902152
chr15	33120681	rs11072238
chr15	33122075	rs10519792
chr15	33122265	rs1454985
chr15	33122973	rs717411
chr15	33123087	rs2339190
chr15	33123281	rs4780082
chr15	33123612	rs2444957
chr15	33125157	rs7181962
chr15	33126828	rs2444958
chr15	33127121	rs12910096
chr15	33127945	rs1454987
chr15	33129594	rs921783
chr15	33131573	rs8023846
chr15	33133159	rs2444961
chr15	33133890	rs16965431
chr15	33134566	rs2444962
chr15	33136405	rs2444963
chr15	33136586	rs17235722
chr15	33139174	rs11629580
chr15	33140342	rs7165173
chr15	33140618	rs2468747
chr15	33141434	rs2444967
chr15	33143056	rs2444970
chr15	33143375	rs2468753
chr15	33143864	rs7162655
chr15	33144114	rs2444976
chr15	33144783	rs2468756
chr15	33145861	rs2061075
chr15	33145958	rs6494897
chr15	33146194	rs2468759
chr15	33147213	rs2444981
chr15	33147610	rs7165262
chr15	33149798	rs2444982
chr15	33151719	rs2444983
chr15	33152758	rs11631772
chr15	33154678	rs1399077
chr15	33154746	rs1399078
chr15	33154949	rs1399079
chr15	33155203	rs4567671
chr15	33155213	rs5002280
chr15	33155483	rs17235791
chr15	33155659	rs12592365
chr15	33155864	rs12594079
chr15	33157583	rs4350544
chr15	33157701	rs12903814
chr15	33164305	rs4369627
chr15	33164472	rs11637274
chr15	33166692	rs7173247
chr15	33168765	rs10519799
chr15	33168806	rs10519800
chr15	33170294	rs7162862
chr15	33170518	rs6494933
chr15	33171767	rs11633650
chr15	33172333	rs8037033
chr15	33176781	rs16966230
chr15	33180296	rs11638642
chr15	33185021	rs16966391
chr15	33186317	rs11632332
chr15	33186471	rs7165795
chr15	33189743	rs11072312
chr15	33189947	rs11633925
chr15	33192001	rs1567848
chr15	33192027	rs4238562
chr15	33195320	rs7171392
chr15	33195536	rs12910336
chr15	33197756	rs17817006
chr15	33198962	rs11858945
chr15	33200256	rs7163938
chr15	33201020	rs6494964
chr15	33205196	rs16966848
chr15	33207864	rs4780094
chr15	33211420	rs4780095
chr15	33212866	rs974379
chr15	33213807	rs7169713
chr15	33216746	rs11636976
chr15	33225719	rs8038569
chr15	33226279	rs6494978
chr15	33227388	rs11852910
chr15	33227471	rs11072340
chr15	33228957	rs925620
chr15	33229189	rs11638698
chr15	33230084	rs12443212
chr15	33231914	rs11072342
chr15	33235877	rs2292548
chr15	33236067	rs8025470
chr15	33236226	rs2292547
chr15	33241782	rs11854506
chr15	33241818	rs11858960
chr15	33242123	rs16953757
chr15	33242191	rs35305925
chr15	33243141	rs16967388
chr15	33244352	rs2175853
chr15	33245313	rs974228
chr15	33246707	rs11630201
chr15	33248108	rs11630548
chr15	33248179	rs7162121
chr15	33248240	rs17235868
chr15	33248377	rs2879375
chr15	33249037	rs1113180
chr15	33249770	rs8024263
chr15	33250430	rs988302
chr15	33250602	rs8031751
chr15	33251067	rs8030609
chr15	33251195	rs8034969
chr15	33251956	rs10048010
chr15	33252065	rs1399073
chr15	33253336	rs8027453
chr15	33255965	rs7178946
chr15	33256326	rs6494998
chr15	33256611	rs8023687
chr15	33258055	rs12904522
chr15	33259566	rs17817048
chr15	33259892	rs6495001
chr15	33261552	rs8028021
chr15	33262135	rs8043175
chr15	33263601	rs1913426
chr15	33263692	rs12915733
chr15	33265649	rs4780098
chr15	33272281	rs8035094
chr15	33275517	rs13329628
chr15	33276562	rs11072374
chr15	33277714	rs1514035
chr15	33283533	rs4536437
chr15	33283567	rs1980101
chr15	33283723	rs6495009
chr15	33284682	rs7173234
chr15	33284944	rs10775205
chr15	33285246	rs11072377
chr15	33290262	rs1514034
chr15	33291142	rs4485323
chr15	33291284	rs3924013
chr15	33292575	rs4415974
chr15	33292878	rs2339262
chr15	33293029	rs8029483
chr15	33293701	rs10519807
chr15	33295498	rs10519808
chr15	33296118	rs11637395
chr15	33296299	rs17235910
chr15	33296387	rs8029745
chr15	33296450	rs11633122
chr15	33296494	rs11633430
chr15	33297551	rs3902635
chr15	33298001	rs11632773
chr15	33298416	rs8031347
chr15	33300398	rs2676066
chr15	33300518	rs2670950
chr15	33303643	rs2670948
chr15	33304875	rs2676071
chr15	33306201	rs2251107
chr15	33306336	rs2251110
chr15	33306649	rs2670947
chr15	33306784	rs2676073
chr15	33308229	rs2676075
chr15	33309108	rs12148576
chr15	33309646	rs16969005
chr15	33309787	rs3817326
chr15	33310162	rs2292728
chr15	33313100	rs2676077
chr15	33318410	rs2676083
chr15	33318443	rs2670941
chr15	33323949	rs16969324
chr15	33324043	rs16969325
chr15	33324863	rs1024124
chr15	33326205	rs1514032
chr15	33326309	rs4780107
chr15	33326741	rs1980102
chr15	33328898	rs2670955
chr15	33330572	rs2670944
chr15	33336639	rs8035021
chr15	33339335	rs4780109
chr15	33340438	rs8042460
chr15	33346134	rs7176762
chr15	33346457	rs16969847
chr15	33352397	rs1343900
chr15	33354127	rs16969954
chr15	33355539	rs16969980
chr15	33355775	rs16969986
chr15	33358964	rs2596181
chr15	33361812	rs4780111
chr15	33362531	rs2596179
chr15	33364511	rs11072416
chr15	33368702	rs17235982
chr15	33368783	rs16970193
chr15	33368804	rs17235989
chr15	33369085	rs8032622
chr15	33369977	rs1317242
chr15	33373221	rs17817114
chr15	33375468	rs4304993
chr15	33377120	rs10519816
chr15	33377703	rs11633387
chr15	33378640	rs11630176
chr15	33383379	rs2339268
chr15	33385530	rs2596209
chr15	33386517	rs2676055
chr15	33389436	rs4619367
chr15	33389676	rs2676052
chr15	33389895	rs2596198
chr15	33393615	rs2596196
chr15	33393629	rs10444855
chr15	33393644	rs2339270
chr15	33393670	rs17235996
chr15	33394365	rs2676049
chr15	33394376	rs2596195
chr15	33394778	rs2596193
chr15	33395370	rs11631192
chr15	33396403	rs1878300
chr15	33396486	rs17236010
chr15	33396664	rs2251808
chr15	33398118	rs17236017
chr15	33398262	rs2676069
chr15	33398301	rs2676070
chr15	33398484	rs17817138
chr15	33400566	rs2596191
chr15	33400645	rs16970598
chr15	33401434	rs17817151
chr15	33401485	rs12914919
chr15	33404608	rs2676042
chr15	33405765	rs8035838
chr15	33407647	rs17236035
chr15	33407755	rs17098
chr15	33410021	rs12906915
chr15	33410469	rs2256382
chr15	33410494	rs2256383
chr15	33413472	rs2676019
chr15	33419757	rs2442463
chr15	33419781	rs2442464
chr15	33420197	rs10519818
chr15	33421068	rs2246383
chr15	33421828	rs16970801
chr15	33422621	rs16970823
chr15	33426448	rs4780118
chr15	33428422	rs11072471
chr15	33428489	rs8043532
chr15	33428525	rs2596230
chr15	33428653	rs17236056
chr15	33433707	rs8031460
chr15	33439259	rs2676024
chr15	33440415	rs2596235
chr15	33440777	rs2596236
chr15	33440937	rs7165065
chr15	33441017	rs2596237
chr15	33442555	rs2596240
chr15	33442804	rs4356445
chr15	33442915	rs16970977
chr15	33444482	rs8023659
chr15	33448660	rs2339273
chr15	33449121	rs1878298
chr15	33449977	rs2596156
chr15	33453699	rs1560968
chr15	33454160	rs16971146
chr15	33454950	rs2676085
chr15	33455755	rs2676086
chr15	33456723	rs12324553
chr15	33457268	rs2572194
chr15	33462339	rs2676093
chr15	33462710	rs2033610
chr15	33462771	rs2164249
chr15	33462880	rs2596159
chr15	33465639	rs2596163
chr15	33465666	rs8027137
chr15	33466687	rs2596164
chr15	33467003	rs2018899
chr15	33467915	rs4780121
chr15	33471271	rs2572189
chr15	33472411	rs11858432
chr15	33473560	rs2245508
chr15	33474608	rs1560964
chr15	33478375	rs6495110
chr15	33483417	rs1996351
chr15	33483849	rs1435112
chr15	33484520	rs11854602
chr15	33485504	rs2572175
chr15	33485999	rs16971602
chr15	33487290	rs2572169
chr15	33487917	rs12324605
chr15	33489122	rs7167430
chr15	33490041	rs2572167
chr15	33491010	rs2217807
chr15	33493282	rs1369308
chr15	33493621	rs1435111
chr15	33495430	rs16971754
chr15	33496357	rs16971757
chr15	33496428	rs2572162
chr15	33499042	rs16953863
chr15	33499734	rs2596210
chr15	33500978	rs1435110
chr15	33502351	rs4144333
chr15	33503509	rs2572204
chr15	33503749	rs3751634
chr15	33504619	rs16971801
chr15	33505141	rs7163156
chr15	33505895	rs7169155
chr15	33506585	rs7174750
chr15	33508702	rs17236126
chr15	33509006	rs1975242
chr15	33509745	rs7165389
chr15	33512709	rs2596211
chr15	33514421	rs11632989
chr15	33517967	rs6495130
chr15	33518882	rs735545
chr15	33520308	rs16971851
chr15	33520608	rs11632252
chr15	33520714	rs8026464
chr15	33522400	rs17817262
chr15	33524794	rs4281677
chr15	33525989	rs2596220
chr15	33526140	rs2572203
chr15	33529514	rs2572199
chr15	33529702	rs16971919
chr15	33530752	rs2217806
chr15	33532329	rs892775
chr15	33537049	rs12909478
chr15	33537809	rs7177351
chr15	33538125	rs957467
chr15	33540219	rs10519823
chr15	33541012	rs16972012
chr15	33543854	rs3816092
chr15	33544429	rs744776
chr15	33546269	rs6495164
chr15	33546993	rs1435102
chr15	33548213	rs1435100
chr15	33549755	rs7163719
chr15	33550059	rs2304381
chr15	33550831	rs1369305
chr15	33551135	rs1529849
chr15	33552212	rs1077409
chr15	33555406	rs1435098
chr15	33555604	rs1865495
chr15	33555632	rs1435097
chr15	33560336	rs2060453
chr15	33563313	rs11634054
chr15	33563503	rs1435123
chr15	33563618	rs4503763
chr15	33563751	rs1435122
chr15	33563811	rs1435121
chr15	33564179	rs3829478
chr15	33565053	rs2339307
chr15	33565202	rs2339310
chr15	33565748	rs9744361
chr15	33566380	rs7164455
chr15	33566474	rs7163256
chr15	33566734	rs11853872
chr15	33568765	rs11857690
chr15	33573033	rs8030946
chr15	33573051	rs8030964
chr15	33573254	rs1435118
chr15	33573877	rs683553
chr15	33574077	rs682639
chr15	33574099	rs619196
chr15	33574309	rs8041171
chr15	33574431	rs680851
chr15	33574565	rs680388
chr15	33577729	rs6495180
chr15	33579584	rs17817299
chr15	33579942	rs8041153
chr15	33579976	rs674155
chr15	33580237	rs8023510
chr15	33580491	rs683484
chr15	33581168	rs581954
chr15	33581456	rs668570
chr15	33581550	rs2077268
chr15	33581700	rs748298
chr15	33582074	rs877087
chr15	33583063	rs3794586
chr15	33583555	rs11072550
chr15	33584248	rs10431811
chr15	33584316	rs2643364
chr15	33584342	rs624954
chr15	33584865	rs659517
chr15	33585384	rs1495286
chr15	33585737	rs2643363
chr15	33586645	rs16972835
chr15	33586723	rs2132207
chr15	33586917	rs17817317
chr15	33587186	rs16972837
chr15	33587407	rs10153042
chr15	33587477	rs671122
chr15	33587980	rs658750
chr15	33588292	rs688939
chr15	33590733	rs612491
chr15	33592287	rs640152
chr15	33592558	rs12592583
chr15	33595566	rs660403
chr15	33596388	rs608508
chr15	33598341	rs2467559
chr15	33600096	rs16973062
chr15	33600241	rs17236252
chr15	33600383	rs2467565
chr15	33600972	rs1865497
chr15	33601283	rs2437143
chr15	33602294	rs10519833
chr15	33603990	rs1565937
chr15	33604551	rs17817378
chr15	33604973	rs17817384
chr15	33605004	rs10519835
chr15	33607377	rs4780133
chr15	33607470	rs4238565
chr15	33608299	rs8038481
chr15	33608504	rs8034012
chr15	33608902	rs16973242
chr15	33613209	rs2229116
chr15	33613874	rs11630976
chr15	33615299	rs4780134
chr15	33615427	rs4238566
chr15	33615649	rs4324093
chr15	33615753	rs10519837
chr15	33615902	rs12593288
chr15	33616025	rs16973312
chr15	33616115	rs10519839
chr15	33616418	rs7177922
chr15	33617601	rs7163538
chr15	33617621	rs16973323
chr15	33619636	rs4780135
chr15	33619732	rs7161819
chr15	33621435	rs9806579
chr15	33621603	rs17817434
chr15	33622887	rs17817440
chr15	33624179	rs2279661
chr15	33624735	rs11632361
chr15	33625630	rs951443
chr15	33625741	rs951442
chr15	33627451	rs11638664
chr15	33627848	rs937302
chr15	33630072	rs11632118
chr15	33631113	rs1495279
chr15	33631489	rs2291730
chr15	33632861	rs3816940
chr15	33633163	rs2291732
chr15	33633619	rs11072570
chr15	33635188	rs4238567
chr15	33635563	rs1495280
chr15	33636299	rs2291734
chr15	33636881	rs12148702
chr15	33637189	rs16957065
chr15	33638861	rs12148690
chr15	33640621	rs11072574
chr15	33640789	rs10775211
chr15	33644678	rs16957135
chr15	33645352	rs12438930
chr15	33645524	rs2339294
chr15	33646142	rs17236385
chr15	33647294	rs2291736
chr15	33648567	rs937303
chr15	33652110	rs8030397
chr15	33653198	rs12101933
chr15	33656462	rs12440581
chr15	33658093	rs1979739
chr15	33658527	rs1979738
chr15	33659709	rs2279662
chr15	33660125	rs2279663
chr15	33660889	rs4780141
chr15	33662026	rs16957279
chr15	33662451	rs4780144
chr15	33663954	rs11637619
chr15	33665156	rs1390158
chr15	33665181	rs1390159
chr15	33665926	rs4779628
chr15	33668599	rs12442062
chr15	33670983	rs4444308
chr15	33674967	rs4779630
chr15	33675148	rs4779631
chr15	33675173	rs4780150
chr15	33675760	rs16957399
chr15	33678066	rs12439222
chr15	33678640	rs4780152
chr15	33679725	rs716368
chr15	33680219	rs4780153
chr15	33680976	rs12907278
chr15	33681830	rs16957454
chr15	33682115	rs12050659
chr15	33682219	rs4780154
chr15	33691285	rs2088142
chr15	33691344	rs2088143
chr15	33692647	rs1353348
chr15	33693617	rs12592542
chr15	33693857	rs10519861
chr15	33693895	rs17817512
chr15	33695140	rs2076954
chr15	33695304	rs2339298
chr15	33696133	rs16957550
chr15	33696903	rs2339299
chr15	33697840	rs3736531
chr15	33698419	rs17817518
chr15	33698775	rs12907066
chr15	33699515	rs1495277
chr15	33700019	rs3817408
chr15	33700071	rs17817536
chr15	33701119	rs2280419
chr15	33701157	rs2280418
chr15	33701282	rs2280417
chr15	33702476	rs4780157
chr15	33703294	rs11072621
chr15	33704576	rs17236476
chr15	33705056	rs6495218
chr15	33706187	rs8025933
chr15	33706273	rs8028974
chr15	33709932	rs4780161
chr15	33710025	rs12591509
chr15	33712404	rs16957745
chr15	33714721	rs8026816
chr15	33715209	rs4780163
chr15	33717369	rs1114988
chr15	33717765	rs12906709
chr15	33718234	rs4780166
chr15	33718420	rs11858976
chr15	33719996	rs4780167
chr15	33722220	rs8037864
chr15	33722317	rs11635093
chr15	33722552	rs11635223
chr15	33722712	rs2293028
chr15	33722812	rs2293027
chr15	33724073	rs6495228
chr15	33724218	rs16957866
chr15	33724853	rs10519864
chr15	33725001	rs7162807
chr15	33725517	rs2339336
chr15	33726171	rs891345
chr15	33726828	rs2059953
chr15	33726921	rs8036793
chr15	33727176	rs12593536
chr15	33727548	rs7165379
chr15	33729075	rs7498093
chr15	33729762	rs12910679
chr15	33730024	rs12906810
chr15	33730923	rs1874276
chr15	33732404	rs1963235
chr15	33734057	rs17236525
chr15	33734301	rs4780170
chr15	33734509	rs8030095
chr15	33734999	rs11638307
chr15	33735353	rs8036740
chr15	33735927	rs2288606
chr15	33736450	rs12909708
chr15	33736577	rs11856930
chr15	33737574	rs8033323
chr15	33737970	rs8027687
chr15	33738664	rs4780171
chr15	33738686	rs12907197
chr15	33742220	rs2288608
chr15	33742245	rs2288609
chr15	33743328	rs4780174
chr15	33744175	rs7172932
chr15	33744269	rs4383110
chr15	33745174	rs12232247
chr15	33747173	rs4780175
chr15	33747932	rs12908501
chr15	33748295	rs1565936
chr15	33749120	rs8032293
chr15	33749134	rs1036004
chr15	33749240	rs1036003
chr15	33749695	rs12440440
chr15	33749772	rs2278311
chr15	33750626	rs2278309
chr15	33754273	rs12148238
chr15	33754434	rs4780177
chr15	33755273	rs11854407
chr15	33756852	rs16957945
chr15	33756882	rs16957951
chr15	33756976	rs4780178
chr15	33757414	rs2288604
chr15	33764131	rs2195557
chr15	33764686	rs16957964
chr15	33765206	rs8035184
chr15	33768400	rs12906584
chr15	33768539	rs2278317
chr15	33770927	rs7497692
chr15	33772415	rs7165052
chr15	33772597	rs7164080
chr15	33773323	rs3829480
chr15	33778681	rs4779646
chr15	33778770	rs4779647
chr15	33778876	rs12913948
chr15	33779104	rs7169486
chr15	33779455	rs12916967
chr15	33782879	rs8038562
chr15	33782950	rs10519873
chr15	33783099	rs12901404
chr15	33784001	rs10519874
chr15	33784441	rs735612
chr15	33785463	rs10519875
chr15	33787099	rs1429753
chr15	33787231	rs11855625
chr15	33788936	rs965471
chr15	33792529	rs4145827
chr15	33796071	rs4779649
chr15	33797295	rs12900756
chr15	33798710	rs12232317
chr15	33801321	rs2163141
chr15	33802000	rs2115747
chr15	33802250	rs2115748
chr15	33804007	rs11072673
chr15	33806101	rs16958069
chr15	33806512	rs12911184
chr15	33807621	rs2879436
chr15	33808403	rs7174798
chr15	33809468	rs12899100
chr15	33810313	rs16958081
chr15	33812020	rs16958087
chr15	33813836	rs17817626
chr15	33815709	rs11072687
chr15	33817068	rs2288610
chr15	33818321	rs2288611
chr15	33820664	rs1036006
chr15	33820705	rs1036007
chr15	33820853	rs3815965
chr15	33821391	rs2288615
chr15	33822341	rs17817650
chr15	33823080	rs12914825
chr15	33823597	rs967232
chr15	33823977	rs919471
chr15	33824098	rs919472
chr15	33824657	rs1429751
chr15	33826195	rs1560318
chr15	33827126	rs2255311
chr15	33827822	rs2059954
chr15	33831331	rs2059956
chr15	33833640	rs16958116
chr15	33834664	rs3815966
chr15	33835381	rs6495271
chr15	33835410	rs12443234
chr15	33840929	rs3764232
chr15	33841525	rs12441112
chr15	33842185	rs2278312
chr15	33842389	rs7163140
chr15	33842409	rs2278313
chr15	33842671	rs11072734
chr15	33843406	rs17817680
chr15	33843625	rs2303868
chr15	33844164	rs10519884
chr15	33844795	rs2288603
chr15	33847091	rs891343
chr15	33847365	rs10519885
chr15	33848534	rs2278314
chr15	33848733	rs12439280
chr15	33849195	rs16958147
chr15	33849304	rs7172406
chr15	33854582	rs2303308
chr15	33854685	rs713201
chr15	33854721	rs713203
chr15	33854971	rs713202
chr15	33859318	rs12907899
chr15	33866065	rs1044129
chr15	33874032	rs12913404
chr15	33876036	rs6495303
chr15	33881865	rs7163545
chr15	33883039	rs7172206
chr15	33883771	rs7176081
chr15	33884469	rs1477436
chr15	33884586	rs1477437
chr15	33884687	rs10519889
chr15	33886973	rs4780189
chr15	33890551	rs2879427
chr15	33890945	rs681666
chr15	33896324	rs2551417
chr15	33897815	rs7496144
chr15	33898285	rs7403622
chr15	33898490	rs4267279
chr15	33898907	rs16958281
chr15	33899085	rs2077422
chr15	33900756	rs16958299
chr15	33902069	rs685516
chr15	33902385	rs684146
chr15	33905288	rs12592331
chr15	33905323	rs489349
chr15	33905917	rs10152674
chr15	33905976	rs10152468
chr15	33905995	rs572917
chr15	33906245	rs10152857
chr15	33906363	rs12914019
chr15	33911467	rs1978498
chr15	33911704	rs1895613
chr15	33918341	rs1862917
chr15	33921193	rs655501
chr15	33921844	rs526012
chr15	33922016	rs2098773
chr15	33922146	rs549857
chr15	33923474	rs604289
chr15	33926013	rs8026003
chr15	33927296	rs1978500
chr15	33927792	rs11633652
chr15	33929064	rs485191
chr15	33934386	rs679829
chr15	33934717	rs22824
chr15	33939707	rs658141
chr15	33941259	rs4780194
chr15	33941614	rs612535
chr15	33942891	rs4238570
chr15	33946603	rs525243
chr15	33949681	rs2702313
chr15	33950279	rs2339349
chr15	33955421	rs588655
chr15	33961993	rs12592769
chr15	33963016	rs8035805
chr15	33968868	rs661968
chr15	33969719	rs4041435
chr15	33971817	rs535732
chr15	33976415	rs636842
chr15	33979037	rs558160
chr15	33979810	rs2632086
chr15	33980012	rs11629789
chr15	33980113	rs557225
chr15	33980526	rs553655
chr15	33980809	rs683915
chr15	33980853	rs529672
chr15	33980913	rs683470
chr15	33981076	rs527834
chr15	33983367	rs16954025
chr15	33983968	rs8035125
chr15	33984067	rs8039609
chr15	33984788	rs8038713
chr15	33985706	rs489832
chr15	33989422	rs8042524
chr15	33989532	rs17236700
chr15	33990781	rs511422
chr15	33997997	rs12050692
chr15	33998130	rs12050519
chr15	33999068	rs563895
chr15	33999323	rs2018672
chr15	33999459	rs646950
chr15	34002436	rs603152
chr15	34002591	rs602302
chr15	34003918	rs4779652
chr15	34005294	rs7178075
chr15	34012610	rs6495448
chr15	34013530	rs2684953
chr15	34015756	rs9806373
chr15	34022102	rs2702285
chr15	34022158	rs2702284
chr15	34022365	rs6495459
chr15	34022824	rs16958595
chr15	34023861	rs2702282
chr15	34025381	rs2684932
chr15	34028796	rs2632075
chr15	34029325	rs7175823
chr15	34029780	rs12903907
chr15	34032402	rs4779656
chr15	34044681	rs8030094
chr15	34056137	rs499167
chr15	34056771	rs8029344
chr15	34057023	rs579975
chr15	34058132	rs8035849
chr15	34066124	rs541098
chr15	34066989	rs613479
chr15	34078286	rs2705338
chr15	34081143	rs7175933
chr15	34083617	rs8037065
chr15	34083975	rs3764238
chr15	34087404	rs721122
chr15	34090276	rs3751642
chr15	34093583	rs10152504
chr15	34093948	rs10152308
chr15	34095164	rs2568532
chr15	34099891	rs12441615
chr15	34100607	rs8033335
chr15	34102072	rs1436923
chr15	34109152	rs4780216
chr15	34110067	rs16958780
chr15	34111249	rs11856158
chr15	34115266	rs7181861
chr15	34116433	rs8029071
chr15	34118779	rs2576298
chr15	34119586	rs12592547
chr15	34121719	rs12900743
chr15	34124193	rs11072971
chr15	34124279	rs12440568
chr15	34125419	rs11630666
chr15	34125789	rs10162805
chr15	34129750	rs11639310
chr15	34133213	rs7177212
chr15	34133871	rs11072982
chr15	34134417	rs8043268
chr15	34139579	rs17236749
chr15	34139616	rs12908333
chr15	34141146	rs17817770
chr15	34144501	rs16958835
chr15	34148407	rs3764236
chr15	34154388	rs8040732
chr15	34165038	rs11636442
chr15	34165181	rs7161944
chr15	34172618	rs7178203
chr15	34175471	rs7174442
chr15	34177199	rs8025406
chr15	34182252	rs7163031
chr15	34187680	rs7178002
chr15	34188711	rs9972505
chr15	34188967	rs4587944
chr15	34191010	rs7181687
chr15	34191132	rs7181902
chr15	34201282	rs10851952
chr15	34206204	rs12437551
chr15	34210266	rs6495622
chr15	34211126	rs41405647
chr15	34211959	rs8040071
chr15	34214017	rs7168761
chr15	34214568	rs8036323
chr15	34214602	rs8036468
chr15	34215193	rs4780227
chr15	34220615	rs7169884
chr15	34225794	rs17236770
chr15	34226010	rs17236777
chr15	34227362	rs8035954
chr15	34228662	rs17236784
chr15	34230356	rs1133154
chr15	34230478	rs4530104
chr15	34232794	rs4779660
chr15	34232834	rs4780233
chr15	34233387	rs16958873
chr15	34236274	rs17817800
chr15	34237076	rs16958875
chr15	34237575	rs17817806
chr15	34239628	rs12050753
chr15	34241779	rs10519916
chr15	34242522	rs16958878
chr15	34246359	rs4238572
chr15	34250854	rs10851964
chr15	34251989	rs2244040
chr15	34252073	rs2290942
chr15	34252150	rs2290941
chr15	34252267	rs2290940
chr15	34253720	rs2705343
chr15	34253842	rs4780235
chr15	34254058	rs4780236
chr15	34254233	rs2705344
chr15	34258881	rs7164902
chr15	34271397	rs347818
chr15	34275141	rs11638909
chr15	34276481	rs8039233
chr15	34279723	rs426634
chr15	34282129	rs12591967
chr15	34283547	rs436552
chr15	34283565	rs7165973
chr15	34285592	rs12594569
chr15	34295391	rs2644247
chr15	34297606	rs347842
chr15	34298646	rs16958954
chr15	34301584	rs7168168
chr15	34304258	rs347849
chr15	34313612	rs347861
chr15	34320130	rs8025057
chr15	34322013	rs7175028
chr15	34325112	rs17236847
chr15	34326065	rs347830
chr15	34328835	rs180886
chr15	34329180	rs8031145
chr15	34329383	rs8031147
chr15	34332237	rs11631094
chr15	34334606	rs16959021
chr15	34338381	rs6495662
chr15	34341819	rs7173
chr15	34341937	rs1045204
chr15	34341938	rs1045194
chr15	34343168	rs2169480
chr15	34345495	rs8031404
chr15	34345997	rs12595504
chr15	34349498	rs10519924
chr15	34350108	rs347797
chr15	34352442	rs442873
chr15	34355367	rs347896
chr15	34357010	rs2279683
chr15	34357430	rs2279685
chr15	34358785	rs7162607
chr15	34359386	rs4984236
chr15	34360482	rs17236875
chr15	34360993	rs7175892
chr15	34362517	rs2279686
chr15	34364323	rs6495665
chr15	34366218	rs1390425
chr15	34368215	rs347897
chr15	34368609	rs4984222
chr15	34370468	rs8042929
chr15	34372763	rs347894
chr15	34373587	rs7178956
chr15	34373948	rs4984217
chr15	34374562	rs4299123
chr15	34374874	rs4265776
chr15	34375146	rs12161976
chr15	34375911	rs7171248
chr15	34378923	rs12593958
chr15	34438557	rs12439426
chr15	34449832	rs17817872
chr15	34450532	rs16959079
chr15	34450638	rs17817878
chr15	34451062	rs7173307
chr15	34462473	rs6495670
chr15	34464224	rs7176653
chr15	34468447	rs6495674
chr15	34470157	rs12593460
chr15	34483819	rs8023876
chr15	34490307	rs12593353
chr15	34496365	rs3812940
chr15	34506266	rs7179573
chr15	34508394	rs4924714
chr15	34515650	rs7176678
chr15	34520472	rs8031035
chr15	34578022	rs8039908
chr15	34579095	rs2879515
chr15	34585308	rs4924045
chr15	34589103	rs8041207
chr15	34590777	rs4924051
chr15	34600903	rs6495690
chr15	34604990	rs4496107
chr15	34607197	rs4570807
chr15	34608907	rs2059590
chr15	34608960	rs2059591
chr15	34609229	rs16954263
chr15	34613947	rs1820446
chr15	34616764	rs9806404
chr15	34620216	rs6495693
chr15	34620711	rs7168872
chr15	34621529	rs11632867
chr15	34622811	rs12440564
chr15	34623986	rs8042895
chr15	34628557	rs6495695
chr15	34629675	rs8026037
chr15	34636285	rs7498116
chr15	34636337	rs7494784
chr15	34636447	rs1836974
chr15	34637170	rs11633375
chr15	34637550	rs6495697
chr15	34637754	rs17236946
chr15	34637941	rs16959267
chr15	34638977	rs11632459
chr15	34639163	rs8027939
chr15	34640029	rs1836973
chr15	34640188	rs7403222
chr15	34643056	rs16959273
chr15	34644720	rs1436918
chr15	34645188	rs1158263
chr15	34648629	rs17817943
chr15	34648842	rs1436914
chr15	34649756	rs1347638
chr15	34651213	rs764231
chr15	34655224	rs6495700
chr15	34661785	rs7497057
chr15	34662083	rs4923728
chr15	34664295	rs6495702
chr15	34665988	rs1978809
chr15	34666813	rs11632146
chr15	34668077	rs1436911
chr15	34668236	rs1436909
chr15	34669177	rs8027114
chr15	34669586	rs11629815
chr15	34669684	rs16959368
chr15	34670176	rs7177998
chr15	34670334	rs11855677
chr15	34670746	rs11855809
chr15	34671174	rs16959391
chr15	34671757	rs11073055
chr15	34672495	rs12915800
chr15	34674156	rs16959401
chr15	34675373	rs7164838
chr15	34675753	rs7170342
chr15	34675896	rs16959419
chr15	34678236	rs6495705
chr15	34678472	rs4923735
chr15	34679782	rs1436908
chr15	34685612	rs10152933
chr15	34689705	rs2164622
chr15	34689743	rs2118157
chr15	34692172	rs11856044
chr15	34693213	rs6495708
chr15	34695713	rs6495710
chr15	34695790	rs4924131
chr15	34696463	rs1469893
chr15	34697650	rs11073060
chr15	34698403	rs2461367
chr15	34699910	rs12437653
chr15	34706628	rs580839
chr15	34706674	rs688220
chr15	34707278	rs7176510
chr15	34708627	rs602235
chr15	34708741	rs560766
chr15	34708772	rs561447
chr15	34710734	rs16959528
chr15	34711036	rs16959533
chr15	34711197	rs1036460
chr15	34712596	rs16959551
chr15	34714010	rs11856445
chr15	34714121	rs549811
chr15	34714309	rs11857404
chr15	34714459	rs11632450
chr15	34714523	rs553565
chr15	34715154	rs11632740
chr15	34716134	rs685352
chr15	34716433	rs684000
chr15	34716475	rs683922
chr15	34718400	rs811563
chr15	34720383	rs636751
chr15	34722593	rs1436920
chr15	34725053	rs672382
chr15	34725298	rs12148811
chr15	34728190	rs518930
chr15	34728304	rs12591918
chr15	34729026	rs11852928
chr15	34729202	rs596054
chr15	34733295	rs7163190
chr15	34736208	rs583424
chr15	34740655	rs644339
chr15	34740850	rs11073065
chr15	34745810	rs16959674
chr15	34746569	rs1436919
chr15	34749544	rs11629839
chr15	34749680	rs686597
chr15	34752856	rs3743123
chr15	34756319	rs3809515
chr15	34757586	rs752876
chr15	34759801	rs17237093
chr15	34760170	rs647621
chr15	34760204	rs4923765
chr15	34760637	rs1631524
chr15	34760837	rs12594993
chr15	34761048	rs792419
chr15	34761133	rs12911211
chr15	34761354	rs7174852
chr15	34761386	rs663339
chr15	34761509	rs529014
chr15	34761582	rs664251
chr15	34761724	rs2196562
chr15	34761801	rs4924200
chr15	34762318	rs7180455
chr15	34765615	rs11634692
chr15	34766019	rs16959728
chr15	34768696	rs482945
chr15	34768971	rs1865923
chr15	34769289	rs7169540
chr15	34769640	rs10519956
chr15	34770340	rs1402858
chr15	34770460	rs534825
chr15	34771667	rs502806
chr15	34772733	rs10459664
chr15	34773083	rs628118
chr15	34773200	rs556953
chr15	34774051	rs16959766
chr15	34774273	rs893133
chr15	34774702	rs610592
chr15	34774908	rs609730
chr15	34775197	rs12437802
chr15	34775884	rs594880
chr15	34776050	rs6495714
chr15	34776108	rs543686
chr15	34776407	rs11638095
chr15	34777289	rs12102006
chr15	34778664	rs573441
chr15	34779096	rs1898314
chr15	34779517	rs16959793
chr15	34779580	rs7176763
chr15	34780206	rs2917627
chr15	34781266	rs499248
chr15	34783445	rs4924214
chr15	34783472	rs4924215
chr15	34783926	rs12185109
chr15	34784477	rs17818087
chr15	34784636	rs17237114
chr15	34784849	rs661392
chr15	34784911	rs492038
chr15	34785081	rs2217942
chr15	34788730	rs533021
chr15	34789373	rs589759
chr15	34790024	rs1370154
chr15	34791177	rs2307493
chr15	34793000	rs2070664
chr15	34794165	rs7166484
chr15	34796091	rs746216
chr15	34796933	rs525720
chr15	34797231	rs670957
chr15	34797859	rs893132
chr15	34799643	rs639735
chr15	34799826	rs17818104
chr15	34800177	rs7168956
chr15	34801031	rs479623
chr15	34805315	rs1836972
chr15	34805477	rs7162045
chr15	34805731	rs7168187
chr15	34805954	rs2067724
chr15	34806969	rs12913149
chr15	34810904	rs6495717
chr15	34813456	rs11852984
chr15	34814367	rs12906896
chr15	34821128	rs896503
chr15	34821576	rs921505
chr15	34822412	rs1562919
chr15	34823109	rs12914224
chr15	34823738	rs16959896
chr15	34825135	rs12439499
chr15	34825307	rs921507
chr15	34827547	rs2015461
chr15	34827712	rs1402859
chr15	34828144	rs6495718
chr15	34829518	rs1402860
chr15	34830228	rs11073072
chr15	34830447	rs2339648
chr15	34830979	rs7167879
chr15	34833152	rs967236
chr15	34836894	rs11854124
chr15	34841240	rs17237191
chr15	34847617	rs975985
chr15	34848778	rs8029715
chr15	34849042	rs12911447
chr15	34849252	rs8033479
chr15	34850365	rs12591523
chr15	34855144	rs3743121
chr15	34855901	rs1055356
chr15	34858696	rs4923806
chr15	34860448	rs3858931
chr15	34861729	rs12593818
chr15	34864781	rs16959966
chr15	34867284	rs6495719
chr15	34870309	rs12591419
chr15	34873165	rs11857217
chr15	34875855	rs2290321
chr15	34879487	rs4924325
chr15	34880880	rs3848167
chr15	34884082	rs4614679
chr15	34885306	rs10519967
chr15	34887442	rs1376784
chr15	34893402	rs4924339
chr15	34904677	rs717941
chr15	34910944	rs8025770
chr15	34912940	rs6495724
chr15	34916197	rs16960078
chr15	34916330	rs7174356
chr15	34919480	rs7171890
chr15	34924899	rs17415658
chr15	34925335	rs7169701
chr15	34930117	rs2290320
chr15	34933618	rs16960096
chr15	34938983	rs3816447
chr15	34939872	rs4924369
chr15	34953629	rs7179833
chr15	34958570	rs4513050
chr15	34962349	rs2060809
chr15	34962395	rs2060810
chr15	34966694	rs16960205
chr15	34967518	rs16960208
chr15	34968748	rs12441204
chr15	34969069	rs10152363
chr15	34969448	rs7164169
chr15	34969886	rs7164266
chr15	34972417	rs7182356
chr15	34976995	rs7164151
chr15	34978265	rs16960222
chr15	34978795	rs7165312
chr15	34986274	rs12439825
chr15	34990109	rs7180251
chr15	34992396	rs12185138
chr15	34995552	rs8037200
chr15	34997260	rs10152964
chr15	34999673	rs8029930
chr15	35007424	rs1037754
chr15	35010668	rs8038032
chr15	35013417	rs7173632
chr15	35013903	rs2339747
chr15	35020625	rs4924470
chr15	35021793	rs2879577
chr15	35023364	rs17237263
chr15	35023717	rs8032009
chr15	35028542	rs6495739
chr15	35029144	rs8031014
chr15	35032251	rs16960286
chr15	35034289	rs41473046
chr15	35034927	rs7164460
chr15	35041357	rs6495744
chr15	35043478	rs10459665
chr15	35044082	rs8031878
chr15	35045698	rs1968775
chr15	35051248	rs12902095
chr15	35051611	rs16960314
chr15	35051753	rs4924504
chr15	35061996	rs732165
chr15	35067743	rs4924513
chr15	35068707	rs8038010
chr15	35069470	rs12438389
chr15	35069962	rs2339777
chr15	35072591	rs8039278
chr15	35078350	rs6495749
chr15	35079978	rs7175331
chr15	35085633	rs730493
chr15	35088391	rs16960342
chr15	35089286	rs7175947
chr15	35092707	rs2290808
chr15	35095793	rs11852276
chr15	35099310	rs11853288
chr15	35099325	rs8027514
chr15	35100037	rs7163023
chr15	35101266	rs6495751
chr15	35103437	rs2219475
chr15	35103449	rs3919820
chr15	35103523	rs16960370
chr15	35105169	rs6495754
chr15	35106722	rs7183637
chr15	35109630	rs11634302
chr15	35110332	rs8035729
chr15	35110509	rs8040356
chr15	35110657	rs11639209
chr15	35114323	rs4924543
chr15	35116185	rs746785
chr15	35117338	rs12440463
chr15	35129730	rs1380091
chr15	35130473	rs2054252
chr15	35132420	rs11633726
chr15	35137208	rs3825880
chr15	35139194	rs11073083
chr15	35140840	rs7359241
chr15	35142280	rs2125504
chr15	35142568	rs4924569
chr15	35145454	rs4923909
chr15	35145531	rs12917609
chr15	35145981	rs975193
chr15	35147226	rs12909532
chr15	35147625	rs7165876
chr15	35149583	rs11857776
chr15	35150847	rs7174153
chr15	35152413	rs2339783
chr15	35154006	rs898126
chr15	35154681	rs11073085
chr15	35156769	rs11854457
chr15	35158348	rs11854468
chr15	35162762	rs10400896
chr15	35164669	rs2168959
chr15	35166493	rs9944276
chr15	35168724	rs12917029
chr15	35169941	rs4597271
chr15	35170780	rs8027994
chr15	35171064	rs10444865
chr15	35171215	rs8031065
chr15	35172595	rs16960581
chr15	35173784	rs6495758
chr15	35175626	rs10152995
chr15	35177035	rs16960585
chr15	35181688	rs8024405
chr15	35184754	rs2166157
chr15	35189053	rs11854649
chr15	35193188	rs12900262
chr15	35196517	rs12443405
chr15	35202706	rs4924647
chr15	35214392	rs2339829
chr15	35216648	rs7165251
chr15	35218650	rs6495760
chr15	35221247	rs11856756
chr15	35226509	rs2589527
chr15	35231177	rs167615
chr15	35231877	rs7162217
chr15	35235447	rs1899922
chr15	35244678	rs318338
chr15	35248917	rs318334
chr15	35251529	rs318332
chr15	35252179	rs318330
chr15	35256267	rs2622756
chr15	35257466	rs2589541
chr15	35258234	rs16960723
chr15	35258345	rs16960726
chr15	35259173	rs1867523
chr15	35262071	rs2589536
chr15	35263316	rs2120775
chr15	35270381	rs12438661
chr15	35281375	rs1842557
chr15	35289941	rs16960753
chr15	35308478	rs318335
chr15	35313748	rs318358
chr15	35316531	rs318360
chr15	35320606	rs318359
chr15	35325107	rs2197412
chr15	35328092	rs35363595
chr15	35331064	rs2127895
chr15	35331565	rs8042865
chr15	35332116	rs16960786
chr15	35332787	rs11637798
chr15	35342664	rs10519995
chr15	35350116	rs28880122
chr15	35359275	rs8031398
chr15	35364328	rs11630364
chr15	35366690	rs8031172
chr15	35369057	rs16960823
chr15	35369296	rs16960826
chr15	35370246	rs4338752
chr15	35374528	rs16960833
chr15	35379217	rs7167921
chr15	35381115	rs11638354
chr15	35383629	rs16960839
chr15	35394066	rs877163
chr15	35406148	rs17584616
chr15	35406951	rs16960860
chr15	35408536	rs6495766
chr15	35409095	rs11853075
chr15	35412332	rs8041062
chr15	35422634	rs8040254
chr15	35425212	rs11629935
chr15	35428318	rs11853444
chr15	35429039	rs8025220
chr15	35430292	rs11634336
chr15	35432083	rs11632343
chr15	35435164	rs3898039
chr15	35436974	rs6495768
chr15	35442347	rs8037827
chr15	35443103	rs9920994
chr15	35447285	rs16960949
chr15	35448381	rs1037575
chr15	35449447	rs17585880
chr15	35455170	rs8030971
chr15	35456404	rs4923687
chr15	35457816	rs7167641
chr15	35458848	rs10851974
chr15	35465759	rs2061084
chr15	35466937	rs2124187
chr15	35468739	rs11638250
chr15	35471243	rs16961040
chr15	35471456	rs17586323
chr15	35471932	rs7167035
chr15	35472870	rs16961053
chr15	35475086	rs958384
chr15	35476150	rs16961056
chr15	35489561	rs16961091
chr15	35492468	rs10851977
chr15	35495493	rs11631393
chr15	35502981	rs1443825
chr15	35505699	rs1443822
chr15	35505765	rs1443821
chr15	35506618	rs8035759
chr15	35508409	rs8035581
chr15	35512360	rs978764
chr15	35516347	rs16961158
chr15	35518815	rs10468084
chr15	35521328	rs981823
chr15	35521508	rs16961184
chr15	35524487	rs9635384
chr15	35533576	rs12593461
chr15	35535582	rs1036947
chr15	35537880	rs1443814
chr15	35538223	rs3759844
chr15	35542346	rs1020307
chr15	35544321	rs1838232
chr15	35552467	rs10162703
chr15	35553524	rs2044259
chr15	35554444	rs1443812
chr15	35554690	rs10162979
chr15	35561602	rs1992570
chr15	35563921	rs970254
chr15	35566209	rs6495784
chr15	35566382	rs6495785
chr15	35569656	rs7496626
chr15	35572938	rs7169964
chr15	35573883	rs16954301
chr15	35581380	rs2254095
chr15	35588051	rs8027462
chr15	35595797	rs319896
chr15	35599059	rs12595091
chr15	35599144	rs12594990
chr15	35607229	rs11855592
chr15	35613528	rs11857738
chr15	35614324	rs12595068
chr15	35615454	rs16961319
chr15	35626102	rs17589216
chr15	35629400	rs12912932
chr15	35632142	rs16961348
chr15	35635454	rs956362
chr15	35636402	rs319878
chr15	35644342	rs12148178
chr15	35646250	rs12595392
chr15	35651760	rs16961360
chr15	35652195	rs319892
chr15	35652405	rs16961362
chr15	35653428	rs7182813
chr15	35653649	rs894812
chr15	35657829	rs1498590
chr15	35658260	rs11073108
chr15	35658282	rs319889
chr15	35658487	rs1443817
chr15	35658908	rs1498591
chr15	35659221	rs1498592
chr15	35661402	rs920808
chr15	35662175	rs2291850
chr15	35662413	rs319886
chr15	35663167	rs319884
chr15	35663515	rs319883
chr15	35665383	rs4369611
chr15	35665897	rs7181482
chr15	35666625	rs949867
chr15	35667457	rs1874856
chr15	35668507	rs6495792
chr15	35668882	rs9920863
chr15	35669053	rs9920881
chr15	35670050	rs7172899
chr15	35672234	rs1546219
chr15	35674978	rs9672669
chr15	35675001	rs9672474
chr15	35679064	rs11073110
chr15	35681314	rs16961410
chr15	35688208	rs16961424
chr15	35689113	rs6495794
chr15	35691991	rs955431
chr15	35703259	rs2339964
chr15	35703569	rs6495796
chr15	35703722	rs1498584
chr15	35704357	rs10775226
chr15	35705363	rs1160439
chr15	35706127	rs1498583
chr15	35709977	rs1995164
chr15	35711664	rs11637905
chr15	35712190	rs1498580
chr15	35712404	rs16961476
chr15	35712529	rs12899034
chr15	35714575	rs12908355
chr15	35716591	rs2879653
chr15	35717312	rs12595263
chr15	35718783	rs11854878
chr15	35719711	rs1391646
chr15	35721640	rs11073116
chr15	35721905	rs11637682
chr15	35722935	rs1995165
chr15	35723452	rs4924011
chr15	35723519	rs4924012
chr15	35723570	rs4924013
chr15	35723884	rs5017692
chr15	35723946	rs5017694
chr15	35724414	rs17592118
chr15	35726528	rs8037269
chr15	35726777	rs8038211
chr15	35726873	rs11073118
chr15	35727737	rs1498589
chr15	35729419	rs16961623
chr15	35734158	rs7167524
chr15	35734938	rs2947252
chr15	35740027	rs2647682
chr15	35741892	rs12909885
chr15	35742079	rs955508
chr15	35743932	rs2647678
chr15	35744556	rs17592525
chr15	35746953	rs2647672
chr15	35747663	rs2256109
chr15	35747847	rs1948650
chr15	35747999	rs12324817
chr15	35748982	rs4924017
chr15	35751290	rs17520774
chr15	35752559	rs2460847
chr15	35756386	rs8035605
chr15	35757291	rs2947253
chr15	35757892	rs2958724
chr15	35765766	rs2683083
chr15	35767148	rs1027486
chr15	35767402	rs1027488
chr15	35769305	rs1497824
chr15	35769528	rs1497825
chr15	35772060	rs11637544
chr15	35773991	rs1948612
chr15	35774326	rs17593440
chr15	35774872	rs1846135
chr15	35775446	rs4924021
chr15	35776962	rs1986033
chr15	35777531	rs11073122
chr15	35777946	rs16961740
chr15	35780967	rs8028456
chr15	35783272	rs1027490
chr15	35785097	rs2683120
chr15	35787217	rs12440810
chr15	35787417	rs1587290
chr15	35793708	rs2132984
chr15	35794836	rs2132987
chr15	35798441	rs2454114
chr15	35801298	rs1497807
chr15	35808421	rs1497810
chr15	35809043	rs2683088
chr15	35809336	rs12899349
chr15	35811342	rs4924022
chr15	35811491	rs8028344
chr15	35811858	rs16961767
chr15	35813160	rs16961769
chr15	35813310	rs2173288
chr15	35814364	rs1391266
chr15	35816722	rs2683090
chr15	35822514	rs2646768
chr15	35824594	rs11073126
chr15	35825274	rs2683075
chr15	35828078	rs2460837
chr15	35828588	rs2460838
chr15	35828723	rs2454115
chr15	35828794	rs2460839
chr15	35829617	rs2683117
chr15	35833328	rs7168742
chr15	35834905	rs1989223
chr15	35835651	rs1497813
chr15	35840720	rs12595784
chr15	35841591	rs12594647
chr15	35841791	rs2646779
chr15	35844362	rs16961825
chr15	35846823	rs2646782
chr15	35847205	rs2646780
chr15	35847585	rs16961839
chr15	35849778	rs1497812
chr15	35850180	rs2646769
chr15	35850219	rs2683105
chr15	35852958	rs2683102
chr15	35854781	rs2683100
chr15	35856893	rs2646791
chr15	35857322	rs904211
chr15	35859676	rs1566173
chr15	35863213	rs2683086
chr15	35866401	rs1532479
chr15	35866461	rs10520033
chr15	35867760	rs4923698
chr15	35871692	rs7180881
chr15	35872555	rs16961879
chr15	35873049	rs16961884
chr15	35874179	rs8037508
chr15	35876903	rs7168897
chr15	35881006	rs7182484
chr15	35881949	rs16961908
chr15	35886261	rs2460842
chr15	35887650	rs4924033
chr15	35888740	rs12440724
chr15	35888906	rs12437631
chr15	35890412	rs7167162
chr15	35891948	rs7179235
chr15	35894205	rs8030412
chr15	35896897	rs1580775
chr15	35898083	rs1497818
chr15	35899979	rs969736
chr15	35905507	rs7166382
chr15	35905969	rs7167232
chr15	35907652	rs11073130
chr15	35910355	rs12438903
chr15	35911755	rs1877002
chr15	35912310	rs789786
chr15	35913603	rs813741
chr15	35914036	rs11636505
chr15	35915096	rs789785
chr15	35916107	rs1497815
chr15	35916462	rs789784
chr15	35917153	rs789783
chr15	35917668	rs789782
chr15	35917695	rs12591800
chr15	35918139	rs789781
chr15	35922192	rs796881
chr15	35924962	rs789777
chr15	35925891	rs789776
chr15	35927776	rs789774
chr15	35927834	rs12439433
chr15	35928052	rs789773
chr15	35932040	rs1510372
chr15	35936912	rs9920203
chr15	35937064	rs9920178
chr15	35938251	rs2036814
chr15	35939200	rs16962033
chr15	35939832	rs8031223
chr15	35940497	rs11638423
chr15	35940696	rs1510375
chr15	35941774	rs4299106
chr15	35942537	rs17525508
chr15	35942808	rs1355293
chr15	35942835	rs1355294
chr15	35943454	rs16962056
chr15	35946904	rs4924036
chr15	35947845	rs1355296
chr15	35950151	rs11073133
chr15	35950572	rs2055850
chr15	35950607	rs2055851
chr15	35951243	rs12904453
chr15	35951423	rs17532319
chr15	35952925	rs11638084
chr15	35956397	rs1510378
chr15	35956778	rs1397255
chr15	35957219	rs12101679
chr15	35957240	rs17532481
chr15	35957645	rs16954314
chr15	35959253	rs6495809
chr15	35959486	rs1397256
chr15	35961316	rs9806758
chr15	35964949	rs16962102
chr15	35965157	rs8028871
chr15	35966409	rs1510383
chr15	35968037	rs17616971
chr15	35972646	rs1510385
chr15	35972762	rs1510386
chr15	35973525	rs17617168
chr15	35975096	rs2202979
chr15	35975759	rs9302311
chr15	35984656	rs12903720
chr15	35984949	rs11630602
chr15	35988067	rs2055853
chr15	35992754	rs938005
chr15	35995627	rs16962240
chr15	35996504	rs11073137
chr15	35998280	rs16962252
chr15	35998892	rs11073138
chr15	36000649	rs2339987
chr15	36001027	rs16962261
chr15	36001404	rs4923705
chr15	36001609	rs4923706
chr15	36002468	rs1510368
chr15	36003790	rs17618188
chr15	36006494	rs12906168
chr15	36011987	rs1510390
chr15	36017564	rs2175271
chr15	36018330	rs2089740
chr15	36019009	rs9806609
chr15	36019104	rs9302313
chr15	36020747	rs10520043
chr15	36021328	rs16962310
chr15	36021764	rs10520045
chr15	36022020	rs17535066
chr15	36026042	rs12438913
chr15	36026094	rs7162975
chr15	36026736	rs16962345
chr15	36028171	rs16962350
chr15	36030333	rs1397262
chr15	36031562	rs7168471
chr15	36035229	rs10431815
chr15	36035327	rs4502172
chr15	36039710	rs11073140
chr15	36040011	rs11636496
chr15	36040160	rs17619619
chr15	36043877	rs6495812
chr15	36049709	rs2280033
chr15	36050252	rs1510388
chr15	36050577	rs17536109
chr15	36051590	rs11636093
chr15	36051773	rs17619758
chr15	36053103	rs10520048
chr15	36056027	rs806076
chr15	36056972	rs1347455
chr15	36057645	rs1898036
chr15	36058149	rs1435687
chr15	36059264	rs789884
chr15	36060122	rs789886
chr15	36061093	rs11637774
chr15	36062998	rs789888
chr15	36063516	rs11853100
chr15	36063990	rs789889
chr15	36065492	rs789892
chr15	36067378	rs2082845
chr15	36068450	rs789897
chr15	36069143	rs11073142
chr15	36071144	rs789902
chr15	36074021	rs812584
chr15	36074079	rs16962462
chr15	36076102	rs16962468
chr15	36077304	rs789876
chr15	36077369	rs789875
chr15	36079944	rs2573256
chr15	36080794	rs698457
chr15	36086195	rs8029410
chr15	36090836	rs10520050
chr15	36091528	rs7172807
chr15	36092173	rs1946706
chr15	36094164	rs717192
chr15	36097675	rs8027226
chr15	36098020	rs11073146
chr15	36098970	rs767784
chr15	36099493	rs11631700
chr15	36099571	rs11636536
chr15	36099580	rs11636236
chr15	36099645	rs11636565
chr15	36099692	rs11632852
chr15	36099764	rs11636611
chr15	36099958	rs12324269
chr15	36100361	rs11073147
chr15	36102833	rs17684665
chr15	36103033	rs16962520
chr15	36104253	rs1816525
chr15	36106459	rs1369592
chr15	36107044	rs1435679
chr15	36107131	rs6495817
chr15	36108731	rs12907831
chr15	36108991	rs11638159
chr15	36109168	rs11638236
chr15	36109983	rs11854628
chr15	36111040	rs8036897
chr15	36112347	rs7164397
chr15	36115194	rs2117771
chr15	36117969	rs1435682
chr15	36118087	rs1435683
chr15	36121703	rs4924049
chr15	36123703	rs7169971
chr15	36124387	rs7175624
chr15	36125285	rs11637427
chr15	36126188	rs16962582
chr15	36128123	rs1008005
chr15	36129764	rs16962603
chr15	36130532	rs11637082
chr15	36135973	rs11855542
chr15	36140795	rs12915391
chr15	36142111	rs10518853
chr15	36143664	rs12907985
chr15	36151073	rs11855585
chr15	36151157	rs11853113
chr15	36151222	rs11855401
chr15	36152783	rs1369590
chr15	36156754	rs4924052
chr15	36158351	rs11857996
chr15	36159647	rs7175479
chr15	36160457	rs1012168
chr15	36160497	rs12903950
chr15	36160730	rs12908542
chr15	36162167	rs1347452
chr15	36162304	rs1347451
chr15	36166684	rs1898037
chr15	36166934	rs1595031
chr15	36170267	rs1347453
chr15	36171820	rs8032754
chr15	36177593	rs1347457
chr15	36177804	rs17629743
chr15	36179469	rs723804
chr15	36180524	rs16962632
chr15	36181979	rs17697225
chr15	36182350	rs11636623
chr15	36182486	rs11636675
chr15	36184464	rs1369597
chr15	36186003	rs11637657
chr15	36188898	rs1018324
chr15	36189270	rs1018325
chr15	36193050	rs10518857
chr15	36193326	rs1469825
chr15	36195271	rs1040219
chr15	36202191	rs36084865
chr15	36205201	rs34863278
chr15	36207799	rs10518860
chr15	36207982	rs16962660
chr15	36208063	rs17630229
chr15	36209159	rs17630276
chr15	36209485	rs1435681
chr15	36210942	rs11855494
chr15	36211185	rs7175042
chr15	36217917	rs16962703
chr15	36217975	rs16962705
chr15	36218273	rs16962706
chr15	36228793	rs35852281
chr15	36229365	rs11638978
chr15	36232325	rs10518863
chr15	36233729	rs9921042
chr15	36234699	rs11631328
chr15	36242355	rs11073161
chr15	36247050	rs10518865
chr15	36249160	rs1517865
chr15	36254422	rs16962756
chr15	36256687	rs16962759
chr15	36261501	rs12907765
chr15	36261814	rs17698404
chr15	36262073	rs12913048
chr15	36262933	rs17641900
chr15	36265141	rs2381794
chr15	36266694	rs11073162
chr15	36267630	rs951170
chr15	36267658	rs951171
chr15	36269512	rs1474084
chr15	36276828	rs11631967
chr15	36279947	rs11638711
chr15	36281850	rs17698937
chr15	36283589	rs4142927
chr15	36295758	rs16962826
chr15	36295795	rs7495602
chr15	36296391	rs1517878
chr15	36297063	rs8038847
chr15	36298233	rs12910988
chr15	36301542	rs10518867
chr15	36301860	rs10518868
chr15	36302466	rs10518869
chr15	36302926	rs16962837
chr15	36305698	rs2459769
chr15	36308183	rs2381778
chr15	36313134	rs1517873
chr15	36316491	rs7165680
chr15	36324016	rs12439506
chr15	36324390	rs12915567
chr15	36326304	rs4923709
chr15	36332552	rs16962863
chr15	36333486	rs2381780
chr15	36350876	rs6495829
chr15	36351840	rs4923710
chr15	36353569	rs4491463
chr15	36354246	rs7171120
chr15	36355376	rs1568221
chr15	36356129	rs1517880
chr15	36357119	rs12908082
chr15	36358135	rs11073169
chr15	36358192	rs12902813
chr15	36359637	rs4130461
chr15	36362396	rs8028529
chr15	36362861	rs10083659
chr15	36364502	rs10518873
chr15	36366606	rs10518874
chr15	36367446	rs4924057
chr15	36368347	rs6495830
chr15	36371266	rs7167024
chr15	36372186	rs11638298
chr15	36372507	rs12902600
chr15	36375572	rs7171802
chr15	36381479	rs7181530
chr15	36381560	rs4365248
chr15	36381673	rs4613022
chr15	36384200	rs7170927
chr15	36385030	rs4924062
chr15	36386510	rs10162869
chr15	36391075	rs9806189
chr15	36393517	rs7173982
chr15	36397118	rs6495831
chr15	36398038	rs11637690
chr15	36398823	rs4438268
chr15	36399714	rs8038649
chr15	36402535	rs12917298
chr15	36402572	rs11634605
chr15	36403676	rs12148627
chr15	36404842	rs7171319
chr15	36405301	rs6495832
chr15	36406182	rs16962956
chr15	36409311	rs10851991
chr15	36409751	rs7163854
chr15	36409832	rs8025190
chr15	36410875	rs4924065
chr15	36411044	rs16962984
chr15	36413299	rs11857344
chr15	36414181	rs12324264
chr15	36414637	rs4313769
chr15	36414970	rs11639091
chr15	36416091	rs7180805
chr15	36420400	rs12439440
chr15	36420976	rs16963009
chr15	36423305	rs8024448
chr15	36423587	rs4924070
chr15	36423817	rs6495834
chr15	36428199	rs8023848
chr15	36428710	rs4456451
chr15	36431310	rs17702345
chr15	36431497	rs896994
chr15	36434249	rs1453961
chr15	36434594	rs2467353
chr15	36435899	rs16963062
chr15	36436598	rs17702674
chr15	36437372	rs16963070
chr15	36438126	rs16963080
chr15	36438429	rs1453962
chr15	36438752	rs2444756
chr15	36439478	rs965415
chr15	36439853	rs1453964
chr15	36442268	rs12443165
chr15	36442695	rs11638807
chr15	36442785	rs2444757
chr15	36445496	rs11632997
chr15	36448918	rs768952
chr15	36450041	rs1453953
chr15	36451230	rs2444726
chr15	36453081	rs1985324
chr15	36453639	rs1453954
chr15	36457229	rs2444728
chr15	36457739	rs4924071
chr15	36459644	rs2467364
chr15	36460268	rs16963122
chr15	36460390	rs7173993
chr15	36460943	rs2467365
chr15	36465182	rs2444736
chr15	36468047	rs2467338
chr15	36469073	rs11633613
chr15	36469310	rs2467340
chr15	36469502	rs2444740
chr15	36469805	rs2467341
chr15	36471071	rs1453956
chr15	36472596	rs9944281
chr15	36473855	rs17703807
chr15	36476020	rs10518881
chr15	36478463	rs2467351
chr15	36480608	rs2467350
chr15	36483861	rs2167992
chr15	36485348	rs2444751
chr15	36485591	rs17704027
chr15	36488292	rs7162200
chr15	36488522	rs7168196
chr15	36488690	rs11636426
chr15	36492519	rs10518883
chr15	36492550	rs10518884
chr15	36492671	rs8025624
chr15	36493400	rs4924076
chr15	36493476	rs4924077
chr15	36495776	rs2123793
chr15	36497495	rs16963265
chr15	36498926	rs16963277
chr15	36501037	rs12904073
chr15	36501635	rs1377729
chr15	36502865	rs2381833
chr15	36503287	rs4316711
chr15	36503897	rs17704315
chr15	36505628	rs16963293
chr15	36505940	rs9920729
chr15	36513497	rs12907947
chr15	36513615	rs12908126
chr15	36514697	rs8030459
chr15	36519409	rs8026282
chr15	36521136	rs10518892
chr15	36522443	rs8023313
chr15	36523139	rs7178767
chr15	36523932	rs8029917
chr15	36525612	rs1453960
chr15	36526024	rs12899716
chr15	36526379	rs12903469
chr15	36527691	rs16963328
chr15	36528357	rs10518891
chr15	36528621	rs12905819
chr15	36529055	rs7167534
chr15	36536513	rs1453949
chr15	36536589	rs12232338
chr15	36536783	rs1453948
chr15	36537173	rs11634132
chr15	36537995	rs17654151
chr15	36540424	rs2034705
chr15	36541017	rs10152393
chr15	36543404	rs16963383
chr15	36543587	rs17705482
chr15	36543622	rs4924081
chr15	36543681	rs4924082
chr15	36544262	rs1077065
chr15	36545258	rs755416
chr15	36545600	rs7168191
chr15	36545979	rs1545538
chr15	36547789	rs17705737
chr15	36550849	rs11858511
chr15	36551483	rs1453972
chr15	36551496	rs1453973
chr15	36554311	rs4511485
chr15	36558278	rs1156918
chr15	36559240	rs10162846
chr15	36564731	rs8041842
chr15	36565184	rs1377724
chr15	36565262	rs1377725
chr15	36566712	rs12910971
chr15	36566761	rs12911129
chr15	36566778	rs12440078
chr15	36568383	rs8028780
chr15	36569022	rs12912283
chr15	36571281	rs16963423
chr15	36571988	rs16963435
chr15	36574396	rs16963447
chr15	36574793	rs7162621
chr15	36574974	rs16963452
chr15	36575174	rs10518885
chr15	36575911	rs2890806
chr15	36576353	rs11073182
chr15	36576770	rs16963466
chr15	36577226	rs1453950
chr15	36577993	rs12912029
chr15	36579578	rs16963541
chr15	36581867	rs7173538
chr15	36582597	rs1979205
chr15	36584721	rs12911098
chr15	36585560	rs12916408
chr15	36587691	rs12101796
chr15	36588417	rs6495850
chr15	36588460	rs8026972
chr15	36589159	rs11073183
chr15	36590089	rs2054016
chr15	36590206	rs2054015
chr15	36591666	rs717316
chr15	36593488	rs6495857
chr15	36595895	rs7183890
chr15	36597174	rs12592712
chr15	36599053	rs2602923
chr15	36603429	rs11073184
chr15	36604075	rs1377730
chr15	36607526	rs1840243
chr15	36607726	rs1453947
chr15	36608692	rs1037478
chr15	36609359	rs4545771
chr15	36611725	rs12443190
chr15	36611960	rs16963681
chr15	36614237	rs7173597
chr15	36614668	rs7169571
chr15	36615281	rs11858865
chr15	36615590	rs4924088
chr15	36617066	rs4923720
chr15	36617503	rs4924089
chr15	36618981	rs12443256
chr15	36619397	rs12906958
chr15	36620046	rs6495860
chr15	36621069	rs16963708
chr15	36624457	rs12148445
chr15	36628391	rs11073189
chr15	36636666	rs9635387
chr15	36636967	rs723830
chr15	36637168	rs723831
chr15	36640324	rs8039199
chr15	36641682	rs7163933
chr15	36646404	rs4924092
chr15	36646616	rs10744967
chr15	36647001	rs7178706
chr15	36653952	rs10220771
chr15	36654713	rs10518897
chr15	36656587	rs12708546
chr15	36658364	rs8039329
chr15	36659432	rs6495864
chr15	36670330	rs6495866
chr15	36673111	rs11858026
chr15	36674141	rs11634933
chr15	36675832	rs4923723
chr15	36676090	rs12324732
chr15	36679148	rs11856353
chr15	36689012	rs11631068
chr15	36691761	rs7183415
chr15	36692208	rs3743338
chr15	36693444	rs974849
chr15	36694142	rs7495845
chr15	36695362	rs12324058
chr15	36697268	rs2381887
chr15	36697959	rs2045014
chr15	36699564	rs41465054
chr15	36700996	rs2381888
chr15	36703641	rs1477064
chr15	36707008	rs6495867
chr15	36707606	rs12592671
chr15	36707727	rs16963901
chr15	36708074	rs11637583
chr15	36710799	rs8024246
chr15	36711811	rs17499587
chr15	36714130	rs9302317
chr15	36716163	rs8039451
chr15	36718505	rs1961646
chr15	36722659	rs8040316
chr15	36723026	rs8036090
chr15	36724895	rs16963938
chr15	36726156	rs2041849
chr15	36728342	rs16963944
chr15	36729877	rs16963949
chr15	36730534	rs1452916
chr15	36734364	rs1037439
chr15	36737242	rs12900917
chr15	36739743	rs12595466
chr15	36741137	rs11853534
chr15	36746290	rs1985983
chr15	36750360	rs1452919
chr15	36750731	rs8024417
chr15	36752921	rs12440276
chr15	36757225	rs7183966
chr15	36757708	rs1901725
chr15	36761753	rs1869262
chr15	36762042	rs2193000
chr15	36764703	rs1035172
chr15	36768379	rs1901721
chr15	36769765	rs737201
chr15	36769997	rs921589
chr15	36776750	rs8029922
chr15	36778408	rs8032702
chr15	36778620	rs7170442
chr15	36780098	rs10518905
chr15	36782578	rs8033760
chr15	36784269	rs16964046
chr15	36785302	rs4924099
chr15	36786402	rs2381876
chr15	36790314	rs16964073
chr15	36790457	rs11073198
chr15	36793498	rs11638561
chr15	36802735	rs733238
chr15	36805864	rs2597504
chr15	36809562	rs16964079
chr15	36809587	rs1015943
chr15	36817019	rs17417401
chr15	36818807	rs12593552
chr15	36818895	rs12595332
chr15	36818942	rs12595212
chr15	36819408	rs10518908
chr15	36821840	rs16964103
chr15	36821892	rs16964104
chr15	36822543	rs1194620
chr15	36826574	rs7181289
chr15	36827975	rs1349697
chr15	36828533	rs11073202
chr15	36828746	rs11073203
chr15	36829597	rs12101585
chr15	36830614	rs13329545
chr15	36834993	rs17508859
chr15	36837062	rs8042343
chr15	36837696	rs11630204
chr15	36837772	rs11073204
chr15	36838031	rs7168185
chr15	36838482	rs1376074
chr15	36838794	rs17430829
chr15	36839416	rs6495877
chr15	36840890	rs17509138
chr15	36841172	rs7181636
chr15	36842351	rs11632376
chr15	36842404	rs12908619
chr15	36842562	rs11073206
chr15	36843030	rs16964146
chr15	36845175	rs1901127
chr15	36853789	rs2167194
chr15	36859155	rs11630293
chr15	36860358	rs8033138
chr15	36860766	rs8029363
chr15	36864659	rs17431640
chr15	36867180	rs11636481
chr15	36869517	rs4294775
chr15	36870842	rs1450421
chr15	36871433	rs8039481
chr15	36871699	rs1450420
chr15	36873048	rs8025854
chr15	36873400	rs7169907
chr15	36874067	rs8037890
chr15	36874677	rs1450418
chr15	36874849	rs10518913
chr15	36874889	rs8039031
chr15	36876103	rs16964229
chr15	36876301	rs10518914
chr15	36877663	rs8033784
chr15	36879258	rs11634677
chr15	36879427	rs8036552
chr15	36879863	rs8036656
chr15	36880946	rs12909623
chr15	36881178	rs16964235
chr15	36881744	rs4451907
chr15	36882136	rs12595046
chr15	36882201	rs12910772
chr15	36882334	rs16964246
chr15	36882547	rs17432433
chr15	36882755	rs17432461
chr15	36885486	rs16964247
chr15	36888028	rs1450414
chr15	36892835	rs12902470
chr15	36893083	rs11853132
chr15	36893813	rs12908044
chr15	36895571	rs2290186
chr15	36898536	rs4923729
chr15	36901080	rs4924109
chr15	36901236	rs10851999
chr15	36902630	rs882396
chr15	36903100	rs1450417
chr15	36904601	rs4405501
chr15	36907856	rs1349344
chr15	36909039	rs4640136
chr15	36914160	rs11635230
chr15	36914302	rs9302318
chr15	36915349	rs11634246
chr15	36915865	rs12439749
chr15	36917617	rs10518916
chr15	36919796	rs16964304
chr15	36920696	rs837136
chr15	36922230	rs1403544
chr15	36923654	rs837134
chr15	36924386	rs16964327
chr15	36925420	rs8026749
chr15	36928380	rs7173425
chr15	36929719	rs3107674
chr15	36930760	rs1562804
chr15	36931932	rs16964355
chr15	36937190	rs837132
chr15	36939599	rs967211
chr15	36944141	rs837133
chr15	36948305	rs1376071
chr15	36951985	rs837127
chr15	36952015	rs837128
chr15	36952715	rs844380
chr15	36953546	rs17434975
chr15	36955045	rs2122497
chr15	36958359	rs1719900
chr15	36958883	rs1562805
chr15	36961529	rs1205606
chr15	36962634	rs1020499
chr15	36964676	rs1194772
chr15	36966414	rs16964414
chr15	36966757	rs11856296
chr15	36967139	rs1157619
chr15	36967496	rs896052
chr15	36968302	rs12438116
chr15	36980071	rs8034391
chr15	36981091	rs11636673
chr15	36984038	rs12708548
chr15	36985946	rs940093
chr15	36985986	rs940094
chr15	36993901	rs6495883
chr15	36994826	rs17527156
chr15	36998092	rs12102256
chr15	37001086	rs12913722
chr15	37001591	rs12900044
chr15	37004226	rs9920759
chr15	37005050	rs11639421
chr15	37006157	rs8041147
chr15	37006873	rs11638361
chr15	37006950	rs4924116
chr15	37009364	rs10518924
chr15	37011169	rs17527540
chr15	37011932	rs12438771
chr15	37013854	rs8034693
chr15	37016065	rs6495888
chr15	37018956	rs17527631
chr15	37021393	rs4924117
chr15	37021975	rs2204212
chr15	37023082	rs17436991
chr15	37023324	rs2030592
chr15	37024465	rs2381932
chr15	37025344	rs11857187
chr15	37025974	rs11857377
chr15	37037690	rs7167446
chr15	37039908	rs4989607
chr15	37042856	rs16964586
chr15	37044372	rs16964589
chr15	37050191	rs17528255
chr15	37050401	rs8041675
chr15	37057601	rs1568679
chr15	37057828	rs7177650
chr15	37061039	rs10518928
chr15	37062191	rs7179387
chr15	37065309	rs1543245
chr15	37065872	rs17437794
chr15	37066355	rs16964637
chr15	37068378	rs11852749
chr15	37069941	rs4496090
chr15	37072053	rs4625687
chr15	37079680	rs11854996
chr15	37080410	rs4244559
chr15	37081984	rs7161976
chr15	37091487	rs2701524
chr15	37094306	rs1464284
chr15	37095770	rs3751544
chr15	37101693	rs2701520
chr15	37108633	rs2271922
chr15	37112727	rs7167841
chr15	37117082	rs35038739
chr15	37120771	rs2381966
chr15	37121048	rs16954380
chr15	37121798	rs2176783
chr15	37125518	rs2701516
chr15	37130648	rs4924120
chr15	37131739	rs1520013
chr15	37132229	rs2681314
chr15	37133736	rs12901536
chr15	37136586	rs2701512
chr15	37137303	rs1520015
chr15	37138318	rs8041791
chr15	37138735	rs2381964
chr15	37139550	rs11073227
chr15	37139763	rs1356786
chr15	37140151	rs11073228
chr15	37143104	rs2681319
chr15	37144195	rs2701509
chr15	37144547	rs2701508
chr15	37145047	rs17530151
chr15	37146268	rs1879221
chr15	37146663	rs2701506
chr15	37146997	rs17530206
chr15	37147249	rs8027377
chr15	37149825	rs2139509
chr15	37150338	rs2701522
chr15	37152977	rs3110013
chr15	37155088	rs2681305
chr15	37156047	rs2701502
chr15	37158309	rs1401899
chr15	37159043	rs17439687
chr15	37161958	rs3108784
chr15	37162379	rs16964758
chr15	37163332	rs2681309
chr15	37163774	rs2203929
chr15	37168558	rs6495894
chr15	37172043	rs1356780
chr15	37172266	rs8039802
chr15	37172506	rs8038390
chr15	37178259	rs12904297
chr15	37180318	rs7174290
chr15	37182911	rs7164330
chr15	37185751	rs11854379
chr15	37192893	rs7171671
chr15	37194027	rs9972361
chr15	37198570	rs10431820
chr15	37198893	rs10431821
chr15	37200292	rs12908778
chr15	37200383	rs11854089
chr15	37201385	rs10518930
chr15	37202540	rs10518931
chr15	37202616	rs16954389
chr15	37203029	rs1533673
chr15	37203400	rs999736
chr15	37203997	rs16964797
chr15	37204010	rs16964798
chr15	37205179	rs11634800
chr15	37205743	rs8041748
chr15	37211283	rs868579
chr15	37213062	rs1996645
chr15	37216304	rs8028213
chr15	37217663	rs8034579
chr15	37218440	rs12438456
chr15	37218953	rs16964815
chr15	37219417	rs9920866
chr15	37220203	rs7177907
chr15	37225214	rs12904414
chr15	37228466	rs12439193
chr15	37234618	rs1401893
chr15	37235476	rs11858580
chr15	37245907	rs11635704
chr15	37246279	rs957515
chr15	37246646	rs1356782
chr15	37247606	rs1003223
chr15	37251359	rs1520010
chr15	37254840	rs7181729
chr15	37254907	rs13329093
chr15	37255134	rs12899471
chr15	37255333	rs4350533
chr15	37258871	rs11632635
chr15	37259056	rs7167223
chr15	37260484	rs8040422
chr15	37261428	rs16964863
chr15	37262767	rs1356783
chr15	37263059	rs1356784
chr15	37266098	rs11073232
chr15	37267809	rs1401895
chr15	37268161	rs2890851
chr15	37268588	rs1356779
chr15	37270645	rs16964875
chr15	37271350	rs2056317
chr15	37271639	rs960521
chr15	37271672	rs960522
chr15	37275835	rs7175775
chr15	37278908	rs12905380
chr15	37285693	rs11632275
chr15	37288093	rs16964879
chr15	37289075	rs1401901
chr15	37291621	rs1520017
chr15	37291822	rs868719
chr15	37294882	rs1520016
chr15	37295260	rs12102100
chr15	37300242	rs1520959
chr15	37301132	rs12908358
chr15	37301241	rs12909717
chr15	37302358	rs28548281
chr15	37311235	rs1402393
chr15	37315833	rs11632283
chr15	37326470	rs9672570
chr15	37333107	rs1520949
chr15	37338004	rs28507799
chr15	37338164	rs4924148
chr15	37339388	rs1568449
chr15	37340479	rs1402386
chr15	37340874	rs4924149
chr15	37346941	rs8039565
chr15	37348071	rs1543218
chr15	37348889	rs8025477
chr15	37349317	rs8025834
chr15	37349975	rs7170674
chr15	37351534	rs8037781
chr15	37356201	rs8025231
chr15	37357037	rs8024814
chr15	37357667	rs1520957
chr15	37359264	rs12148402
chr15	37362136	rs28624415
chr15	37362148	rs1815827
chr15	37362661	rs10451007
chr15	37362921	rs1915403
chr15	37364370	rs9920233
chr15	37366007	rs624991
chr15	37366714	rs638182
chr15	37367848	rs587847
chr15	37372996	rs596347
chr15	37373636	rs633475
chr15	37373694	rs17443613
chr15	37375022	rs642598
chr15	37377231	rs657586
chr15	37377405	rs668644
chr15	37378111	rs608908
chr15	37383382	rs603165
chr15	37393066	rs631399
chr15	37396429	rs4924156
chr15	37397004	rs16965008
chr15	37397740	rs10438401
chr15	37398133	rs17541672
chr15	37398742	rs7173828
chr15	37406019	rs4924157
chr15	37415195	rs602447
chr15	37415339	rs17444848
chr15	37417952	rs1520954
chr15	37418207	rs1851134
chr15	37419575	rs17542178
chr15	37421196	rs16965026
chr15	37421263	rs17445101
chr15	37421513	rs2381998
chr15	37423871	rs16965032
chr15	37433321	rs1402392
chr15	37434421	rs8038894
chr15	37440344	rs654246
chr15	37443893	rs11853929
chr15	37444454	rs1520961
chr15	37447994	rs1457259
chr15	37451664	rs974567
chr15	37459011	rs7169917
chr15	37460700	rs6495904
chr15	37461242	rs1824189
chr15	37462212	rs6495906
chr15	37471098	rs10162992
chr15	37472360	rs12443358
chr15	37480508	rs4924163
chr15	37484767	rs8033166
chr15	37485931	rs11853581
chr15	37486163	rs8037685
chr15	37487435	rs1379346
chr15	37488447	rs17446248
chr15	37490744	rs7181802
chr15	37491705	rs1457244
chr15	37491840	rs17446332
chr15	37492407	rs2155999
chr15	37492712	rs8032707
chr15	37495997	rs7169288
chr15	37499904	rs17543768
chr15	37501419	rs1563576
chr15	37502028	rs1813982
chr15	37507974	rs8023436
chr15	37511968	rs1902623
chr15	37512199	rs17446967
chr15	37514154	rs17447128
chr15	37514201	rs17447142
chr15	37516579	rs10518956
chr15	37517102	rs1379348
chr15	37517833	rs12912594
chr15	37524299	rs1824183
chr15	37525272	rs12101746
chr15	37525373	rs11073247
chr15	37525435	rs11073248
chr15	37527423	rs11073252
chr15	37527688	rs16965184
chr15	37528268	rs16965185
chr15	37528756	rs1840901
chr15	37528956	rs1840902
chr15	37531454	rs16965201
chr15	37536272	rs7167723
chr15	37536399	rs7172790
chr15	37537472	rs12592182
chr15	37538825	rs2009901
chr15	37539224	rs2009735
chr15	37540905	rs7182406
chr15	37543328	rs8042854
chr15	37543778	rs12592037
chr15	37545636	rs4130571
chr15	37546776	rs9919963
chr15	37548045	rs9920013
chr15	37548063	rs9920870
chr15	37553603	rs4586385
chr15	37555431	rs8036621
chr15	37555669	rs12591770
chr15	37557107	rs12905706
chr15	37557482	rs10162808
chr15	37558524	rs4924171
chr15	37563419	rs12595173
chr15	37565626	rs4923756
chr15	37568114	rs12592289
chr15	37568492	rs12593354
chr15	37572435	rs11633357
chr15	37579809	rs8027263
chr15	37587847	rs12905194
chr15	37589735	rs8027646
chr15	37595300	rs12905136
chr15	37597202	rs8034049
chr15	37598618	rs10048048
chr15	37599543	rs12595829
chr15	37601666	rs8025338
chr15	37603191	rs4506848
chr15	37607391	rs4539553
chr15	37609971	rs4265766
chr15	37613901	rs7164434
chr15	37617251	rs12101578
chr15	37623826	rs4486837
chr15	37623977	rs7162236
chr15	37630066	rs8027930
chr15	37633291	rs4597272
chr15	37635313	rs4483815
chr15	37637694	rs4294776
chr15	37638343	rs11073260
chr15	37642658	rs8029655
chr15	37643753	rs11634822
chr15	37646875	rs8032782
chr15	37647162	rs8039381
chr15	37648685	rs4556752
chr15	37650610	rs4924182
chr15	37651770	rs11073262
chr15	37653085	rs12441629
chr15	37659143	rs11073264
chr15	37664246	rs8039764
chr15	37665532	rs1603744
chr15	37665606	rs12441386
chr15	37666841	rs4421936
chr15	37670228	rs10520089
chr15	37670745	rs985090
chr15	37671750	rs12442081
chr15	37672339	rs972894
chr15	37681704	rs16965467
chr15	37682529	rs16965468
chr15	37685440	rs8034083
chr15	37686741	rs4924188
chr15	37689144	rs8042309
chr15	37692091	rs8023882
chr15	37694173	rs28718992
chr15	37698311	rs1391570
chr15	37702967	rs16965472
chr15	37704190	rs16965475
chr15	37704280	rs11073265
chr15	37708303	rs8034129
chr15	37715612	rs1874820
chr15	37717523	rs16965486
chr15	37728507	rs12438028
chr15	37730125	rs16965498
chr15	37732936	rs11856650
chr15	37736702	rs7162442
chr15	37739565	rs7171361
chr15	37740698	rs4321154
chr15	37743337	rs1391574
chr15	37743398	rs11852892
chr15	37746275	rs11073266
chr15	37751781	rs7169467
chr15	37756886	rs8038747
chr15	37765208	rs11855545
chr15	37767487	rs16965556
chr15	37771543	rs16965564
chr15	37773249	rs1498423
chr15	37773271	rs1498424
chr15	37774185	rs16965617
chr15	37780148	rs8040172
chr15	37780695	rs10520087
chr15	37782734	rs7174283
chr15	37787432	rs5025837
chr15	37789415	rs8024657
chr15	37790900	rs2382028
chr15	37793987	rs9972497
chr15	37795999	rs4924192
chr15	37800708	rs34987204
chr15	37813165	rs7176262
chr15	37813488	rs10852005
chr15	37813962	rs1108081
chr15	37814612	rs11073267
chr15	37819527	rs10520082
chr15	37820135	rs1391571
chr15	37821161	rs13380163
chr15	37821189	rs10852007
chr15	37821357	rs7167587
chr15	37821667	rs6495924
chr15	37826452	rs8036460
chr15	37826672	rs8036796
chr15	37827093	rs10852008
chr15	37830981	rs1827439
chr15	37833428	rs12907082
chr15	37833473	rs12913238
chr15	37834341	rs7496958
chr15	37837003	rs1502409
chr15	37837358	rs10152193
chr15	37837469	rs10152256
chr15	37838916	rs16954403
chr15	37839772	rs12917591
chr15	37839801	rs12917600
chr15	37847000	rs12912822
chr15	37847894	rs1011289
chr15	37848218	rs11858311
chr15	37848745	rs1003161
chr15	37851735	rs16965725
chr15	37851976	rs7173308
chr15	37852223	rs4924194
chr15	37852510	rs16965735
chr15	37853240	rs12443417
chr15	37853516	rs4924196
chr15	37853559	rs4924197
chr15	37853665	rs4924198
chr15	37853850	rs6495929
chr15	37853925	rs1502397
chr15	37854291	rs1393404
chr15	37854355	rs12438620
chr15	37854961	rs12908132
chr15	37857068	rs7175992
chr15	37857978	rs8041665
chr15	37858237	rs8037309
chr15	37859169	rs1472646
chr15	37860117	rs8029216
chr15	37863141	rs11635927
chr15	37865161	rs6495930
chr15	37866102	rs12441625
chr15	37866498	rs1910151
chr15	37866557	rs3752855
chr15	37866853	rs16923
chr15	37867333	rs4436739
chr15	37867585	rs7167727
chr15	37873487	rs16965813
chr15	37873751	rs2036433
chr15	37876078	rs12148658
chr15	37878153	rs11853877
chr15	37878229	rs11854061
chr15	37878351	rs16965830
chr15	37878499	rs16965835
chr15	37879624	rs16965853
chr15	37880873	rs7166627
chr15	37881813	rs8033434
chr15	37882814	rs1354225
chr15	37885757	rs8030904
chr15	37886442	rs17637185
chr15	37886895	rs11855819
chr15	37888102	rs11073280
chr15	37888222	rs10520064
chr15	37888433	rs8037493
chr15	37891566	rs8035251
chr15	37896606	rs12594922
chr15	37898687	rs11854525
chr15	37900255	rs11856348
chr15	37901409	rs12594688
chr15	37902089	rs1910155
chr15	37902554	rs1502404
chr15	37902655	rs1502403
chr15	37909937	rs2970075
chr15	37912592	rs16965939
chr15	37914069	rs9672365
chr15	37922662	rs28410230
chr15	37925956	rs1604528
chr15	37929488	rs16965945
chr15	37931443	rs10520066
chr15	37936772	rs10520067
chr15	37936791	rs17557582
chr15	37940347	rs4924208
chr15	37941022	rs1021796
chr15	37942783	rs16965983
chr15	37944192	rs7496477
chr15	37948591	rs9302321
chr15	37952569	rs2890885
chr15	37966571	rs2959336
chr15	37977955	rs4372645
chr15	37978616	rs12442439
chr15	37987920	rs12442390
chr15	37994698	rs7173111
chr15	38008614	rs10520070
chr15	38015558	rs8027027
chr15	38028708	rs11073286
chr15	38030264	rs4505261
chr15	38031062	rs11638085
chr15	38034953	rs9806524
chr15	38035207	rs4635297
chr15	38036614	rs11073287
chr15	38037043	rs17558620
chr15	38037142	rs6495940
chr15	38038969	rs7180562
chr15	38039641	rs16966156
chr15	38039895	rs12439022
chr15	38040275	rs7175038
chr15	38042063	rs7176106
chr15	38043470	rs4578601
chr15	38044428	rs16954413
chr15	38045140	rs8034546
chr15	38049048	rs17639328
chr15	38055276	rs2382075
chr15	38057807	rs4923770
chr15	38058676	rs12915721
chr15	38063342	rs12591780
chr15	38066504	rs8036812
chr15	38068008	rs11073288
chr15	38069246	rs16966213
chr15	38069428	rs8024631
chr15	38070246	rs8028852
chr15	38074890	rs8034033
chr15	38081629	rs1039457
chr15	38085160	rs16966225
chr15	38087224	rs1393418
chr15	38087877	rs12909766
chr15	38090902	rs1319145
chr15	38091134	rs10520077
chr15	38104194	rs12915619
chr15	38105799	rs12324479
chr15	38107220	rs17640033
chr15	38111303	rs7183608
chr15	38112224	rs8027757
chr15	38117402	rs17560006
chr15	38118478	rs11073293
chr15	38126519	rs11854583
chr15	38126648	rs7174536
chr15	38127269	rs16966249
chr15	38129999	rs1948789
chr15	38131529	rs16966271
chr15	38134302	rs1393423
chr15	38135437	rs11634456
chr15	38145204	rs8036823
chr15	38145312	rs16966290
chr15	38149545	rs10744968
chr15	38155118	rs1393426
chr15	38162165	rs1393425
chr15	38162368	rs2055470
chr15	38164823	rs1003180
chr15	38164840	rs7162569
chr15	38165265	rs6495951
chr15	38167581	rs17560852
chr15	38168306	rs17641034
chr15	38168637	rs16966380
chr15	38168675	rs16966383
chr15	38169499	rs12910308
chr15	38170683	rs8027707
chr15	38171158	rs1522786
chr15	38172673	rs16966389
chr15	38173348	rs8025254
chr15	38173612	rs8024582
chr15	38180581	rs1117681
chr15	38183056	rs972091
chr15	38185183	rs17641404
chr15	38186057	rs4924223
chr15	38187129	rs16966411
chr15	38189693	rs970497
chr15	38189803	rs970498
chr15	38190268	rs2134331
chr15	38190395	rs2134332
chr15	38191363	rs10152718
chr15	38194600	rs16966423
chr15	38198684	rs12900216
chr15	38199200	rs8027220
chr15	38199998	rs12906197
chr15	38200053	rs11073301
chr15	38204305	rs1018135
chr15	38204405	rs1522772
chr15	38205556	rs1160359
chr15	38208152	rs905301
chr15	38208728	rs17561907
chr15	38210042	rs11854769
chr15	38211042	rs924655
chr15	38214491	rs12440889
chr15	38216166	rs4924225
chr15	38216480	rs10852013
chr15	38217726	rs867043
chr15	38219301	rs12443090
chr15	38220291	rs8034300
chr15	38220558	rs8032887
chr15	38223536	rs8030953
chr15	38223717	rs8036257
chr15	38227382	rs16966471
chr15	38229106	rs4923777
chr15	38231464	rs7163430
chr15	38234749	rs10220787
chr15	38235419	rs997406
chr15	38236083	rs10520060
chr15	38236198	rs1522785
chr15	38240699	rs17648203
chr15	38241367	rs11634989
chr15	38243588	rs1522779
chr15	38243848	rs1522780
chr15	38246624	rs11635608
chr15	38248163	rs8032812
chr15	38251762	rs4923780
chr15	38253598	rs940026
chr15	38257616	rs4405503
chr15	38257799	rs10520058
chr15	38266773	rs8035425
chr15	38273849	rs7163713
chr15	38274613	rs12912664
chr15	38275805	rs2056508
chr15	38276824	rs16966601
chr15	38278812	rs7161780
chr15	38279193	rs12148224
chr15	38279914	rs11073312
chr15	38280861	rs4457952
chr15	38282105	rs8041038
chr15	38284033	rs2056501
chr15	38285488	rs8040796
chr15	38288041	rs10520056
chr15	38289005	rs8029728
chr15	38290489	rs16966655
chr15	38293998	rs16966665
chr15	38299099	rs10220731
chr15	38300103	rs1403353
chr15	38303883	rs1357384
chr15	38307045	rs4354888
chr15	38314341	rs1403343
chr15	38314622	rs1522765
chr15	38314640	rs16966730
chr15	38322324	rs7182445
chr15	38324444	rs1916153
chr15	38324861	rs12595839
chr15	38328386	rs1916152
chr15	38330506	rs7177681
chr15	38331747	rs17572257
chr15	38339639	rs7163339
chr15	38339729	rs7180446
chr15	38348666	rs17651402
chr15	38348722	rs1522764
chr15	38348863	rs4924242
chr15	38351373	rs3751526
chr15	38353388	rs1554527
chr15	38355494	rs8039150
chr15	38359831	rs6495962
chr15	38364053	rs4924248
chr15	38371030	rs4244562
chr15	38371566	rs8030908
chr15	38372279	rs10852021
chr15	38372876	rs7182481
chr15	38374273	rs11073321
chr15	38376676	rs12593951
chr15	38377960	rs8030388
chr15	38380368	rs11854742
chr15	38382512	rs8023597
chr15	38382851	rs4924250
chr15	38387393	rs12441150
chr15	38389268	rs8031123
chr15	38389431	rs12900050
chr15	38391910	rs4411472
chr15	38392271	rs4412937
chr15	38395667	rs4533240
chr15	38396589	rs4923789
chr15	38396870	rs4923791
chr15	38398355	rs8032255
chr15	38399562	rs12438737
chr15	38400599	rs12906358
chr15	38405437	rs9646219
chr15	38406547	rs4594217
chr15	38407585	rs12443211
chr15	38411639	rs4244563
chr15	38411856	rs4426311
chr15	38413862	rs10852025
chr15	38418616	rs4924265
chr15	38419285	rs4479187
chr15	38419789	rs4244564
chr15	38420642	rs7175287
chr15	38423025	rs11635917
chr15	38423901	rs12185127
chr15	38424349	rs9806636
chr15	38425459	rs11629949
chr15	38426366	rs4301975
chr15	38429049	rs4924268
chr15	38433168	rs4324085
chr15	38438501	rs4632088
chr15	38440370	rs12439333
chr15	38441646	rs8029989
chr15	38442025	rs4432234
chr15	38442921	rs8035698
chr15	38443663	rs11073327
chr15	38444969	rs6495973
chr15	38446071	rs4131092
chr15	38447097	rs12905733
chr15	38448758	rs6495975
chr15	38451691	rs8036878
chr15	38455114	rs12440278
chr15	38461575	rs13379625
chr15	38462223	rs12594530
chr15	38462835	rs12385983
chr15	38464922	rs11856370
chr15	38470500	rs7162389
chr15	38471592	rs12912109
chr15	38476795	rs4271555
chr15	38479403	rs11073329
chr15	38480030	rs12442067
chr15	38486839	rs34403381
chr15	38487425	rs12591633
chr15	38490292	rs4313770
chr15	38491481	rs7181389
chr15	38493913	rs4567661
chr15	38498684	rs4467032
chr15	38499082	rs3936122
chr15	38499147	rs7173225
chr15	38499625	rs4334257
chr15	38499636	rs12591938
chr15	38502365	rs12324402
chr15	38506045	rs4465567
chr15	38506719	rs4502173
chr15	38507168	rs7177101
chr15	38508928	rs12901652
chr15	38510554	rs12595767
chr15	38511903	rs6495977
chr15	38512514	rs4410035
chr15	38516632	rs8024397
chr15	38524632	rs12442869
chr15	38524949	rs4583194
chr15	38525413	rs11073332
chr15	38527688	rs11855910
chr15	38528949	rs11073334
chr15	38529367	rs11073335
chr15	38530591	rs7403047
chr15	38530704	rs7403531
chr15	38535939	rs8043085
chr15	38541832	rs8032939
chr15	38546063	rs8035957
chr15	38551905	rs12593201
chr15	38554477	rs7170151
chr15	38555158	rs6495979
chr15	38555562	rs11073337
chr15	38558129	rs7173565
chr15	38560474	rs7173298
chr15	38565861	rs28438860
chr15	38575008	rs12324139
chr15	38575089	rs12324161
chr15	38575212	rs11073338
chr15	38575713	rs11858911
chr15	38576236	rs12595375
chr15	38576587	rs13329072
chr15	38577465	rs17651741
chr15	38579675	rs11073339
chr15	38579978	rs11636580
chr15	38580707	rs11073340
chr15	38587977	rs16967035
chr15	38589044	rs4923802
chr15	38591164	rs8036582
chr15	38595497	rs10152478
chr15	38606989	rs16967103
chr15	38608498	rs16967104
chr15	38610275	rs17574546
chr15	38610969	rs10520094
chr15	38611471	rs16967112
chr15	38613569	rs924005
chr15	38614840	rs7171171
chr15	38618343	rs7173588
chr15	38628246	rs16967120
chr15	38629660	rs17653133
chr15	38630806	rs16967121
chr15	38634634	rs11073344
chr15	38636476	rs12908309
chr15	38638322	rs9972494
chr15	38639195	rs12439571
chr15	38640081	rs7173718
chr15	38641747	rs13329279
chr15	38645816	rs10438404
chr15	38646337	rs3923022
chr15	38647616	rs2055160
chr15	38648964	rs8036684
chr15	38649356	rs1004496
chr15	38650936	rs10852029
chr15	38651851	rs8031623
chr15	38652215	rs8038065
chr15	38652795	rs7178610
chr15	38653461	rs6495986
chr15	38653893	rs17575571
chr15	38653993	rs8043341
chr15	38658028	rs987757
chr15	38658359	rs12441390
chr15	38658705	rs12439130
chr15	38660332	rs1874251
chr15	38663446	rs4924281
chr15	38667683	rs16967165
chr15	38670555	rs1874252
chr15	38672374	rs11858014
chr15	38674454	rs954432
chr15	38674564	rs954431
chr15	38674921	rs4924285
chr15	38676021	rs7168730
chr15	38679976	rs4924287
chr15	38683092	rs7177672
chr15	38683278	rs7183545
chr15	38685509	rs7174485
chr15	38693221	rs7495764
chr15	38693312	rs1874249
chr15	38693868	rs990414
chr15	38694167	rs12912251
chr15	38694951	rs7497062
chr15	38695179	rs7496809
chr15	38695896	rs12903120
chr15	38696723	rs11857596
chr15	38697970	rs2172835
chr15	38698568	rs7172816
chr15	38698602	rs12595568
chr15	38698963	rs17654449
chr15	38699255	rs1495186
chr15	38699319	rs12916379
chr15	38700346	rs2132157
chr15	38701912	rs2172836
chr15	38703290	rs12899449
chr15	38706847	rs903530
chr15	38707855	rs10459669
chr15	38708058	rs12912542
chr15	38708657	rs16967222
chr15	38709114	rs4340305
chr15	38710088	rs7165313
chr15	38711208	rs2624272
chr15	38711562	rs2643217
chr15	38712665	rs2643214
chr15	38713534	rs2643210
chr15	38713597	rs2643208
chr15	38713697	rs4924292
chr15	38715072	rs2643203
chr15	38720378	rs8024474
chr15	38720561	rs16967268
chr15	38720678	rs16967271
chr15	38722116	rs7171655
chr15	38722713	rs11634464
chr15	38723278	rs12903854
chr15	38723435	rs16967283
chr15	38726905	rs17655894
chr15	38727515	rs4923804
chr15	38727892	rs7163834
chr15	38728047	rs12916495
chr15	38728254	rs2319753
chr15	38731425	rs2912383
chr15	38732725	rs2912382
chr15	38732977	rs8028426
chr15	38734540	rs16967312
chr15	38735995	rs8041431
chr15	38736470	rs11854003
chr15	38736518	rs11854732
chr15	38737125	rs2958295
chr15	38737152	rs8031478
chr15	38737365	rs2929637
chr15	38737384	rs2958294
chr15	38740776	rs930001
chr15	38741545	rs2958286
chr15	38742387	rs2929639
chr15	38742663	rs2929640
chr15	38744669	rs2958279
chr15	38744932	rs6495995
chr15	38745134	rs2929644
chr15	38745821	rs9920502
chr15	38746031	rs2002127
chr15	38748550	rs964519
chr15	38748763	rs2929646
chr15	38749018	rs2929647
chr15	38750169	rs2929649
chr15	38751167	rs7169992
chr15	38752856	rs9921043
chr15	38753423	rs7180779
chr15	38754011	rs1465511
chr15	38754598	rs981820
chr15	38755010	rs9920556
chr15	38755128	rs2929652
chr15	38755565	rs2929653
chr15	38755875	rs2912372
chr15	38756030	rs4461048
chr15	38756332	rs2958268
chr15	38757040	rs2929654
chr15	38757715	rs723049
chr15	38758551	rs2958267
chr15	38759783	rs4608310
chr15	38760621	rs2912369
chr15	38762055	rs2912368
chr15	38764912	rs2958316
chr15	38768117	rs718562
chr15	38769806	rs930002
chr15	38771440	rs16967429
chr15	38772958	rs2958311
chr15	38773223	rs2929660
chr15	38780246	rs2929676
chr15	38782040	rs16967445
chr15	38789516	rs2929681
chr15	38792755	rs2929685
chr15	38795704	rs2059593
chr15	38797052	rs2958278
chr15	38805072	rs2958272
chr15	38806148	rs2912387
chr15	38807647	rs4924304
chr15	38807948	rs10520106
chr15	38808539	rs10520107
chr15	38809495	rs16967491
chr15	38810034	rs10520109
chr15	38811530	rs2912385
chr15	38813330	rs2725800
chr15	38817032	rs2725797
chr15	38817913	rs2624257
chr15	38817954	rs17659166
chr15	38818616	rs2725805
chr15	38819628	rs8036565
chr15	38819833	rs2725803
chr15	38820257	rs2624260
chr15	38820501	rs2725802
chr15	38820860	rs1469305
chr15	38824985	rs973214
chr15	38826321	rs964879
chr15	38828690	rs16967544
chr15	38834739	rs16954432
chr15	38834886	rs16954437
chr15	38841917	rs8182091
chr15	38842901	rs7167406
chr15	38844103	rs1559831
chr15	38849405	rs2958305
chr15	38849709	rs2725798
chr15	38849782	rs8036595
chr15	38853946	rs7497788
chr15	38856448	rs2624265
chr15	38858723	rs6496012
chr15	38865486	rs4302005
chr15	38866820	rs2624268
chr15	38867020	rs2624269
chr15	38867148	rs4924305
chr15	38867389	rs2725795
chr15	38867630	rs7173968
chr15	38867666	rs2624271
chr15	38868810	rs4395048
chr15	38868946	rs4258586
chr15	38869180	rs12442819
chr15	38869526	rs11073358
chr15	38870494	rs4924307
chr15	38871734	rs11632437
chr15	38871844	rs1055725
chr15	38872782	rs4429265
chr15	38873872	rs983743
chr15	38874534	rs7177787
chr15	38878858	rs9920784
chr15	38879848	rs17660503
chr15	38879984	rs7176726
chr15	38884699	rs12594565
chr15	38884763	rs12594575
chr15	38887106	rs7178589
chr15	38887120	rs7178596
chr15	38887156	rs17660736
chr15	38888006	rs16967690
chr15	38889601	rs16967692
chr15	38891229	rs4628936
chr15	38895240	rs7177997
chr15	38896220	rs11852946
chr15	38899211	rs1897737
chr15	38900605	rs11852439
chr15	38901041	rs4923807
chr15	38901141	rs7175822
chr15	38902109	rs11632536
chr15	38902577	rs11073362
chr15	38902852	rs1821383
chr15	38903889	rs12443217
chr15	38904404	rs2060369
chr15	38904463	rs4343249
chr15	38904814	rs7180133
chr15	38905817	rs11853822
chr15	38906223	rs1368808
chr15	38907394	rs12439653
chr15	38907409	rs12908361
chr15	38909230	rs1946636
chr15	38911621	rs9972583
chr15	38913246	rs724234
chr15	38913267	rs16967763
chr15	38914308	rs7163517
chr15	38915046	rs4410046
chr15	38915380	rs731223
chr15	38915562	rs16967765
chr15	38916241	rs12914368
chr15	38920690	rs7181150
chr15	38920941	rs11070160
chr15	38920971	rs10851370
chr15	38921533	rs8027106
chr15	38921657	rs8026341
chr15	38923787	rs8037708
chr15	38924231	rs4924310
chr15	38928819	rs8036186
chr15	38930413	rs2411221
chr15	38933164	rs1594810
chr15	38935921	rs7497101
chr15	38936270	rs1368797
chr15	38941613	rs1433880
chr15	38942104	rs12898413
chr15	38943156	rs768269
chr15	38943395	rs16967810
chr15	38944169	rs1433877
chr15	38945794	rs1433876
chr15	38946662	rs12905686
chr15	38946813	rs4302006
chr15	38947785	rs7173055
chr15	38947909	rs7173554
chr15	38947985	rs7174950
chr15	38949651	rs1036303
chr15	38951438	rs4923809
chr15	38954192	rs8042298
chr15	38956240	rs4924314
chr15	38959261	rs2164006
chr15	38963134	rs1158417
chr15	38964504	rs1368803
chr15	38969800	rs7167349
chr15	38969897	rs3910263
chr15	38969923	rs3910264
chr15	38969964	rs3850775
chr15	38970107	rs6492846
chr15	38970771	rs2033544
chr15	38970835	rs12439381
chr15	38971171	rs12439469
chr15	38971432	rs1347267
chr15	38972466	rs6492847
chr15	38972608	rs6492848
chr15	38973656	rs2411225
chr15	38973855	rs2117205
chr15	38983120	rs2411235
chr15	38984923	rs4923811
chr15	38984950	rs11070163
chr15	38985906	rs11856921
chr15	38987902	rs8040312
chr15	38989767	rs11855642
chr15	38990280	rs6492853
chr15	38990951	rs2898671
chr15	38991566	rs11632632
chr15	38992312	rs1824492
chr15	38992884	rs1841439
chr15	38994427	rs10851376
chr15	38994785	rs1433891
chr15	38995493	rs2019492
chr15	38995752	rs1380937
chr15	38996400	rs11070167
chr15	38996828	rs2164011
chr15	38998151	rs1433892
chr15	38999795	rs1991886
chr15	39010437	rs12148497
chr15	39010869	rs995107
chr15	39013145	rs8032159
chr15	39016881	rs12442494
chr15	39017637	rs1304827
chr15	39019428	rs1460800
chr15	39020981	rs11639006
chr15	39023696	rs7175659
chr15	39024429	rs9919961
chr15	39027372	rs11853413
chr15	39027810	rs11070169
chr15	39029280	rs11633975
chr15	39029388	rs983482
chr15	39030221	rs10851378
chr15	39038590	rs7181384
chr15	39039593	rs2004175
chr15	39050831	rs11070172
chr15	39054991	rs4924328
chr15	39063411	rs17680281
chr15	39063659	rs1368814
chr15	39064552	rs4344714
chr15	39065508	rs990579
chr15	39067968	rs7163993
chr15	39067997	rs7164452
chr15	39068596	rs16968060
chr15	39068659	rs7180955
chr15	39069785	rs2078364
chr15	39070633	rs7171196
chr15	39071483	rs8037274
chr15	39071877	rs4924330
chr15	39072588	rs6492855
chr15	39072994	rs7162018
chr15	39073213	rs16968084
chr15	39073255	rs7167457
chr15	39073382	rs7167357
chr15	39074698	rs4924334
chr15	39075445	rs12595675
chr15	39077196	rs7169980
chr15	39077373	rs12591177
chr15	39078173	rs2411241
chr15	39078270	rs7166614
chr15	39078319	rs16968121
chr15	39078366	rs7165302
chr15	39079567	rs12909296
chr15	39081893	rs716980
chr15	39082798	rs7169162
chr15	39083550	rs6492858
chr15	39084300	rs4628937
chr15	39086770	rs2035065
chr15	39088325	rs1841441
chr15	39093490	rs7183660
chr15	39093720	rs2068288
chr15	39095097	rs16968130
chr15	39095299	rs12910546
chr15	39098052	rs11637989
chr15	39104560	rs724729
chr15	39105124	rs8035543
chr15	39106433	rs9652435
chr15	39106612	rs16968165
chr15	39107103	rs1460792
chr15	39108131	rs1460790
chr15	39108971	rs7166411
chr15	39109649	rs1380934
chr15	39110050	rs16968186
chr15	39113949	rs1078003
chr15	39116896	rs275225
chr15	39129701	rs7179566
chr15	39133920	rs11070174
chr15	39135464	rs2623468
chr15	39139855	rs7359184
chr15	39142162	rs275215
chr15	39144506	rs275211
chr15	39146594	rs275203
chr15	39152478	rs275184
chr15	39154010	rs275182
chr15	39154050	rs275181
chr15	39155979	rs275178
chr15	39156486	rs7169516
chr15	39156802	rs275177
chr15	39157055	rs7172086
chr15	39158003	rs16968273
chr15	39162285	rs4290448
chr15	39166091	rs2062062
chr15	39167514	rs1038275
chr15	39168386	rs12324843
chr15	39172551	rs1038276
chr15	39175219	rs9972515
chr15	39175232	rs9972485
chr15	39175270	rs9972581
chr15	39178254	rs1947908
chr15	39179457	rs8031934
chr15	39186541	rs2119408
chr15	39187400	rs2673099
chr15	39188255	rs1371966
chr15	39189749	rs11638941
chr15	39190374	rs2852080
chr15	39192555	rs1371967
chr15	39192987	rs2119411
chr15	39195375	rs2623476
chr15	39195437	rs3913762
chr15	39195496	rs7170515
chr15	39196668	rs2852078
chr15	39200066	rs10520122
chr15	39200978	rs7170961
chr15	39201453	rs7175348
chr15	39203973	rs8028507
chr15	39205792	rs17684646
chr15	39206441	rs16968421
chr15	39209846	rs17684749
chr15	39210991	rs16968439
chr15	39211307	rs7183427
chr15	39211323	rs12440685
chr15	39214159	rs9920660
chr15	39214587	rs8040281
chr15	39215999	rs12593964
chr15	39216717	rs8030573
chr15	39218015	rs276852
chr15	39220100	rs8031607
chr15	39225815	rs2047943
chr15	39225839	rs2047944
chr15	39228558	rs166723
chr15	39228612	rs2673103
chr15	39228711	rs276863
chr15	39229288	rs8036004
chr15	39229519	rs8036333
chr15	39230760	rs13329368
chr15	39234482	rs6492865
chr15	39235389	rs1394754
chr15	39235965	rs8030447
chr15	39236807	rs8037339
chr15	39237516	rs7181501
chr15	39237784	rs169345
chr15	39238307	rs276854
chr15	39239112	rs276855
chr15	39239457	rs276857
chr15	39239539	rs16968518
chr15	39240249	rs1394759
chr15	39240446	rs8027821
chr15	39240630	rs276858
chr15	39242203	rs17612917
chr15	39243175	rs156658
chr15	39245672	rs1505279
chr15	39247600	rs969564
chr15	39250064	rs11070177
chr15	39250174	rs156789
chr15	39250321	rs11070178
chr15	39251745	rs17691453
chr15	39252311	rs11853050
chr15	39252831	rs156783
chr15	39252947	rs13329154
chr15	39253081	rs12904023
chr15	39253280	rs17691608
chr15	39253913	rs1847663
chr15	39255457	rs156786
chr15	39256126	rs156787
chr15	39264128	rs17691799
chr15	39264595	rs1505272
chr15	39267238	rs11854792
chr15	39268803	rs12442944
chr15	39270301	rs12905527
chr15	39270771	rs11631371
chr15	39272566	rs11634150
chr15	39273994	rs1354597
chr15	39275104	rs11637020
chr15	39276180	rs11070182
chr15	39281334	rs12595668
chr15	39283018	rs6492868
chr15	39283193	rs1157998
chr15	39283437	rs1157999
chr15	39284359	rs746265
chr15	39284899	rs17614000
chr15	39287229	rs17692246
chr15	39287979	rs17692294
chr15	39290183	rs8037961
chr15	39294804	rs16968670
chr15	39295206	rs16968678
chr15	39297045	rs17692507
chr15	39298287	rs11633545
chr15	39300494	rs2271064
chr15	39300958	rs16968711
chr15	39303483	rs9302101
chr15	39304833	rs7171648
chr15	39306191	rs8041440
chr15	39310179	rs1530219
chr15	39311500	rs10152992
chr15	39311939	rs16968739
chr15	39312091	rs3862144
chr15	39312139	rs3862145
chr15	39313143	rs4471651
chr15	39313187	rs4622486
chr15	39313264	rs8031007
chr15	39313745	rs997752
chr15	39313825	rs998005
chr15	39316966	rs12905881
chr15	39318159	rs8035243
chr15	39318845	rs11634774
chr15	39320842	rs935051
chr15	39321033	rs2411267
chr15	39321138	rs4627311
chr15	39322944	rs1978915
chr15	39326698	rs11631318
chr15	39328416	rs17694111
chr15	39330392	rs7181250
chr15	39330414	rs6492879
chr15	39330486	rs6492880
chr15	39331387	rs8025239
chr15	39332067	rs2119403
chr15	39332217	rs2119404
chr15	39333000	rs17621729
chr15	39333345	rs10851384
chr15	39333417	rs11070185
chr15	39333577	rs10851385
chr15	39335142	rs11070188
chr15	39336202	rs11070192
chr15	39336361	rs7174403
chr15	39340068	rs7182018
chr15	39340289	rs3913763
chr15	39341564	rs10851387
chr15	39342021	rs1080066
chr15	39342102	rs1822105
chr15	39342923	rs1440802
chr15	39344026	rs17694988
chr15	39347002	rs11634776
chr15	39347027	rs11629523
chr15	39347947	rs11638679
chr15	39349137	rs4257183
chr15	39349684	rs10520129
chr15	39351494	rs1866832
chr15	39352226	rs8023965
chr15	39354022	rs17622532
chr15	39355469	rs10851388
chr15	39356768	rs2053446
chr15	39358867	rs8030047
chr15	39359272	rs16968926
chr15	39359333	rs7496544
chr15	39359674	rs1440806
chr15	39359701	rs17622678
chr15	39360037	rs1371962
chr15	39362755	rs9806435
chr15	39363155	rs12594730
chr15	39363723	rs11633745
chr15	39363914	rs11638546
chr15	39363965	rs11638505
chr15	39365263	rs1470147
chr15	39365445	rs1470148
chr15	39368084	rs878728
chr15	39370468	rs4923823
chr15	39372755	rs4132201
chr15	39378649	rs11070195
chr15	39379313	rs11070197
chr15	39383239	rs6492884
chr15	39390597	rs11634087
chr15	39394926	rs8043207
chr15	39397885	rs4597287
chr15	39401040	rs3973365
chr15	39402451	rs3973348
chr15	39402829	rs4408513
chr15	39402856	rs3960597
chr15	39411781	rs8038785
chr15	39413206	rs4924350
chr15	39416578	rs4622487
chr15	39417501	rs4405525
chr15	39427579	rs4462564
chr15	39433041	rs7350779
chr15	39437953	rs7178351
chr15	39445805	rs5028679
chr15	39450165	rs11631131
chr15	39450776	rs7171244
chr15	39456188	rs16969038
chr15	39461635	rs4603529
chr15	39461641	rs10520130
chr15	39466548	rs11637421
chr15	39469468	rs4244571
chr15	39472734	rs16952114
chr15	39473760	rs8042191
chr15	39474886	rs1551945
chr15	39475677	rs8032900
chr15	39476366	rs16952143
chr15	39477095	rs16952145
chr15	39477439	rs16952151
chr15	39478148	rs16969087
chr15	39478574	rs16969088
chr15	39480558	rs724098
chr15	39482164	rs1947782
chr15	39486279	rs10520131
chr15	39486899	rs10520132
chr15	39496575	rs4924362
chr15	39497617	rs11856694
chr15	39497941	rs16969119
chr15	39498707	rs4924363
chr15	39498788	rs4924364
chr15	39502796	rs11854786
chr15	39502892	rs13379836
chr15	39503157	rs17702987
chr15	39503653	rs16969143
chr15	39504857	rs899285
chr15	39505914	rs936532
chr15	39506438	rs10152903
chr15	39513370	rs719964
chr15	39514558	rs1947783
chr15	39517789	rs1159994
chr15	39518985	rs1478606
chr15	39519163	rs16969177
chr15	39519487	rs11070210
chr15	39519635	rs4506870
chr15	39524266	rs12592357
chr15	39529666	rs11070217
chr15	39530857	rs11070218
chr15	39533521	rs11637441
chr15	39537738	rs10520135
chr15	39539921	rs2664140
chr15	39552114	rs2618157
chr15	39552814	rs2054448
chr15	39571671	rs2618164
chr15	39573498	rs964424
chr15	39575306	rs2618162
chr15	39575542	rs2618161
chr15	39576426	rs8036376
chr15	39578879	rs3784390
chr15	39579855	rs2169830
chr15	39581083	rs1478605
chr15	39581120	rs1478604
chr15	39587780	rs1134485
chr15	39588157	rs2228261
chr15	39588621	rs2292305
chr15	39589977	rs2228262
chr15	39590289	rs12912082
chr15	39593100	rs2228263
chr15	39595448	rs1051442
chr15	39595647	rs3743125
chr15	39600201	rs6492905
chr15	39602294	rs4415979
chr15	39608365	rs17633210
chr15	39608573	rs7179293
chr15	39612770	rs2412419
chr15	39618203	rs12908846
chr15	39618230	rs10152640
chr15	39618691	rs12443011
chr15	39618873	rs17706083
chr15	39619003	rs10520137
chr15	39624466	rs7169478
chr15	39626193	rs1004739
chr15	39626207	rs1004740
chr15	39626477	rs4476147
chr15	39627939	rs2412412
chr15	39628931	rs1876852
chr15	39628966	rs1876853
chr15	39629265	rs2412413
chr15	39634951	rs11633974
chr15	39635741	rs2898687
chr15	39637359	rs9972350
chr15	39638339	rs8029602
chr15	39638516	rs10520141
chr15	39638668	rs16969475
chr15	39641429	rs17706897
chr15	39644243	rs7162781
chr15	39650840	rs884584
chr15	39652492	rs2411312
chr15	39656042	rs2411310
chr15	39659220	rs12901142
chr15	39660362	rs8033902
chr15	39663585	rs12050804
chr15	39666478	rs10520145
chr15	39667699	rs2411299
chr15	39668380	rs4468582
chr15	39670186	rs4142520
chr15	39671021	rs7183539
chr15	39671656	rs2411300
chr15	39672688	rs16969547
chr15	39674452	rs2411307
chr15	39680476	rs4429263
chr15	39682126	rs12911910
chr15	39683856	rs937960
chr15	39686845	rs10520148
chr15	39688125	rs2631700
chr15	39689201	rs4924379
chr15	39689987	rs2631709
chr15	39690726	rs8034520
chr15	39693912	rs1994379
chr15	39697418	rs2631694
chr15	39699141	rs2631695
chr15	39699242	rs16969621
chr15	39700464	rs2254829
chr15	39700599	rs2631697
chr15	39701532	rs2664128
chr15	39701557	rs2664129
chr15	39702239	rs2664132
chr15	39704338	rs16969632
chr15	39704543	rs16969637
chr15	39704830	rs768663
chr15	39707870	rs2631702
chr15	39709558	rs2631705
chr15	39711615	rs1872761
chr15	39712072	rs4923838
chr15	39712894	rs1105159
chr15	39713571	rs937961
chr15	39717538	rs16969688
chr15	39717787	rs16969692
chr15	39718376	rs7173948
chr15	39719963	rs2664135
chr15	39720684	rs11856448
chr15	39721903	rs4572354
chr15	39723561	rs7183462
chr15	39723624	rs8024166
chr15	39727232	rs11855578
chr15	39727481	rs1906159
chr15	39729375	rs11070231
chr15	39730572	rs7171939
chr15	39733024	rs16952186
chr15	39733924	rs1906160
chr15	39735197	rs2412426
chr15	39736214	rs7165067
chr15	39737152	rs12591862
chr15	39738239	rs1906163
chr15	39739514	rs8033687
chr15	39740548	rs1906164
chr15	39742211	rs8031241
chr15	39742520	rs6492913
chr15	39742555	rs6492914
chr15	39746232	rs8033957
chr15	39752072	rs4924387
chr15	39752552	rs2171311
chr15	39757111	rs12324408
chr15	39758089	rs11858148
chr15	39759553	rs10520151
chr15	39763161	rs2576931
chr15	39765043	rs8182052
chr15	39766212	rs2576932
chr15	39766292	rs2576933
chr15	39767334	rs12440567
chr15	39770683	rs7180846
chr15	39770852	rs7179742
chr15	39771766	rs4924389
chr15	39772028	rs4924390
chr15	39774154	rs1602543
chr15	39774500	rs1166723
chr15	39777972	rs16969823
chr15	39778057	rs2029584
chr15	39787541	rs7165244
chr15	39787844	rs594863
chr15	39787962	rs10520152
chr15	39788491	rs10520153
chr15	39793436	rs16952190
chr15	39796560	rs683676
chr15	39800634	rs624191
chr15	39804289	rs661197
chr15	39817988	rs1865754
chr15	39818904	rs3784392
chr15	39821315	rs275718
chr15	39823270	rs1865755
chr15	39823719	rs275721
chr15	39824526	rs275754
chr15	39828303	rs1836850
chr15	39831148	rs17718330
chr15	39834442	rs4924393
chr15	39837003	rs10520154
chr15	39841152	rs4924394
chr15	39843653	rs440383
chr15	39844727	rs11855441
chr15	39844814	rs3784391
chr15	39845863	rs275756
chr15	39851709	rs275729
chr15	39852039	rs8030833
chr15	39854311	rs11070235
chr15	39856714	rs1436274
chr15	39861927	rs16969944
chr15	39861963	rs11070236
chr15	39863517	rs8027339
chr15	39865113	rs2117975
chr15	39867677	rs1865753
chr15	39869066	rs994402
chr15	39873298	rs7173524
chr15	39881604	rs17646637
chr15	39881689	rs17719391
chr15	39882719	rs1821715
chr15	39882896	rs11633436
chr15	39883763	rs4924398
chr15	39883995	rs1836847
chr15	39886303	rs41487846
chr15	39887754	rs17646847
chr15	39892386	rs491215
chr15	39900717	rs275728
chr15	39903673	rs183914
chr15	39912015	rs381732
chr15	39922860	rs1689605
chr15	39929729	rs494614
chr15	39932787	rs35390951
chr15	39933264	rs486816
chr15	39933314	rs7162965
chr15	39934294	rs566792
chr15	39934676	rs534757
chr15	39938071	rs518770
chr15	39942715	rs480095
chr15	39947711	rs2934194
chr15	39948936	rs7169266
chr15	39953553	rs4924402
chr15	39953578	rs489508
chr15	39953599	rs16970033
chr15	39953635	rs16970035
chr15	39953725	rs17720604
chr15	39955921	rs8030025
chr15	39956515	rs473191
chr15	39957807	rs17720724
chr15	39958305	rs11633416
chr15	39959394	rs16970049
chr15	39959540	rs8041785
chr15	39959731	rs16970052
chr15	39961685	rs17720964
chr15	39961954	rs510949
chr15	39962852	rs502720
chr15	39962955	rs514152
chr15	39963229	rs4923846
chr15	39967303	rs522933
chr15	39967647	rs2291627
chr15	39968007	rs4566130
chr15	39973302	rs8030640
chr15	39973598	rs2307105
chr15	39974635	rs7176881
chr15	39977599	rs7174767
chr15	39977642	rs7173301
chr15	39979256	rs11632930
chr15	39979734	rs16970112
chr15	39981587	rs7165105
chr15	39985991	rs8030980
chr15	39988492	rs12442731
chr15	39988565	rs12442713
chr15	39989337	rs16970130
chr15	39989483	rs12899649
chr15	39989571	rs16970132
chr15	39991073	rs11853517
chr15	39991596	rs8034362
chr15	39992322	rs7178419
chr15	39992601	rs11070241
chr15	39994075	rs12901892
chr15	39999889	rs16970164
chr15	40001329	rs2307102
chr15	40001992	rs16970168
chr15	40003758	rs2412459
chr15	40006815	rs2291623
chr15	40007891	rs2279581
chr15	40008242	rs2279579
chr15	40008490	rs12164905
chr15	40008969	rs2412462
chr15	40012961	rs2898974
chr15	40020940	rs3207297
chr15	40025407	rs12591842
chr15	40025591	rs11070245
chr15	40025608	rs16970202
chr15	40028066	rs17722526
chr15	40029150	rs3736290
chr15	40029923	rs937213
chr15	40029966	rs2412473
chr15	40030259	rs2307101
chr15	40030351	rs2250402
chr15	40031491	rs8031319
chr15	40032280	rs4432245
chr15	40032636	rs2291621
chr15	40033490	rs711906
chr15	40033659	rs8042947
chr15	40035089	rs4594236
chr15	40035100	rs2898985
chr15	40036772	rs2291620
chr15	40036832	rs2291619
chr15	40037846	rs17666578
chr15	40038363	rs7321
chr15	40038428	rs8041057
chr15	40046660	rs8026641
chr15	40047293	rs4924410
chr15	40048090	rs12440899
chr15	40054449	rs7181985
chr15	40057930	rs749749
chr15	40059516	rs17666754
chr15	40060077	rs4923850
chr15	40061215	rs12441483
chr15	40068540	rs7181230
chr15	40070166	rs16970286
chr15	40073217	rs17723133
chr15	40073650	rs9972424
chr15	40080930	rs16970325
chr15	40083061	rs2927087
chr15	40083946	rs652196
chr15	40084007	rs12913170
chr15	40084195	rs640875
chr15	40084891	rs7183977
chr15	40085429	rs495592
chr15	40085664	rs4923852
chr15	40086266	rs998713
chr15	40087059	rs546220
chr15	40088732	rs648289
chr15	40090240	rs10518679
chr15	40091931	rs16970349
chr15	40095770	rs11637681
chr15	40097482	rs11858141
chr15	40097593	rs569539
chr15	40097669	rs568652
chr15	40101061	rs500804
chr15	40102658	rs675173
chr15	40106553	rs484943
chr15	40115623	rs537455
chr15	40118639	rs11630670
chr15	40121915	rs8023845
chr15	40136545	rs500693
chr15	40137571	rs521896
chr15	40142915	rs1471583
chr15	40147963	rs10518681
chr15	40148362	rs12902191
chr15	40149812	rs11854027
chr15	40151681	rs4924426
chr15	40152146	rs4924428
chr15	40159387	rs3759839
chr15	40159581	rs1031963
chr15	40160874	rs3759843
chr15	40163693	rs1565866
chr15	40164928	rs3214012
chr15	40165230	rs17668261
chr15	40168024	rs12911157
chr15	40170579	rs1801389
chr15	40185630	rs1801376
chr15	40186376	rs12148261
chr15	40193253	rs7180335
chr15	40196650	rs1047130
chr15	40198510	rs12915249
chr15	40199751	rs2172742
chr15	40204190	rs7173181
chr15	40217399	rs2290551
chr15	40224228	rs11632939
chr15	40227809	rs11070256
chr15	40235954	rs1017843
chr15	40236929	rs7178193
chr15	40238575	rs1545819
chr15	40241876	rs8034964
chr15	40242778	rs16970458
chr15	40247172	rs2306480
chr15	40247363	rs2306479
chr15	40247700	rs11638855
chr15	40249998	rs2277562
chr15	40250739	rs8035733
chr15	40251022	rs1048163
chr15	40253237	rs11636097
chr15	40254090	rs900054
chr15	40254473	rs11638662
chr15	40257416	rs12901591
chr15	40257948	rs2068001
chr15	40259839	rs8037267
chr15	40262864	rs731497
chr15	40264302	rs1075505
chr15	40264380	rs1075506
chr15	40264453	rs1075507
chr15	40265067	rs936216
chr15	40265229	rs936215
chr15	40265863	rs2412504
chr15	40265886	rs2016902
chr15	40266281	rs3743135
chr15	40268114	rs7183540
chr15	40269689	rs6492939
chr15	40270439	rs12905386
chr15	40270786	rs3784396
chr15	40272375	rs3743137
chr15	40273504	rs936214
chr15	40276622	rs2242119
chr15	40279915	rs7169803
chr15	40281212	rs4924445
chr15	40285207	rs2412505
chr15	40289144	rs936213
chr15	40292603	rs12439272
chr15	40297933	rs2229690
chr15	40301230	rs2412508
chr15	40303273	rs2305646
chr15	40303364	rs2305645
chr15	40303426	rs1869901
chr15	40304643	rs3784397
chr15	40306093	rs3784399
chr15	40306740	rs1123487
chr15	40312661	rs28602975
chr15	40314283	rs10163076
chr15	40319660	rs11070264
chr15	40321999	rs2118961
chr15	40325008	rs2289333
chr15	40325213	rs961090
chr15	40327386	rs2004251
chr15	40327542	rs1077476
chr15	40327934	rs7173747
chr15	40329500	rs2412511
chr15	40330740	rs2118960
chr15	40331927	rs11630891
chr15	40342976	rs934935
chr15	40343303	rs2018127
chr15	40345321	rs16970617
chr15	40345421	rs1898885
chr15	40347369	rs4375633
chr15	40348431	rs4605132
chr15	40350676	rs16970633
chr15	40351178	rs7174448
chr15	40351505	rs4244577
chr15	40352575	rs11070266
chr15	40357389	rs4575496
chr15	40359637	rs1007177
chr15	40361837	rs7165012
chr15	40366769	rs1992272
chr15	40370300	rs4514650
chr15	40373426	rs11630119
chr15	40378541	rs2412513
chr15	40379756	rs7166991
chr15	40380923	rs17671250
chr15	40382954	rs7164132
chr15	40383128	rs7164321
chr15	40383242	rs7169404
chr15	40383292	rs7169262
chr15	40384796	rs7176592
chr15	40391579	rs2289332
chr15	40393307	rs8037941
chr15	40393649	rs11541643
chr15	40393886	rs11541641
chr15	40395627	rs11636361
chr15	40402687	rs16970653
chr15	40407172	rs1984793
chr15	40407739	rs2289331
chr15	40407823	rs10518693
chr15	40412195	rs12440317
chr15	40412960	rs2289329
chr15	40413218	rs2289328
chr15	40415257	rs875767
chr15	40416223	rs11070270
chr15	40418524	rs2075624
chr15	40421575	rs1001528
chr15	40421650	rs12914710
chr15	40421679	rs12914315
chr15	40421820	rs12593066
chr15	40425103	rs2034650
chr15	40429501	rs8034217
chr15	40430227	rs17672041
chr15	40433064	rs11070272
chr15	40435837	rs12368
chr15	40437201	rs1453184
chr15	40439126	rs603787
chr15	40450139	rs11853333
chr15	40453395	rs2304644
chr15	40454549	rs2289326
chr15	40456519	rs9972363
chr15	40459356	rs3803357
chr15	40464836	rs603104
chr15	40467148	rs679882
chr15	40469350	rs6492947
chr15	40470422	rs9672313
chr15	40472350	rs582736
chr15	40473161	rs667623
chr15	40474243	rs611933
chr15	40474680	rs624486
chr15	40475540	rs733299
chr15	40478898	rs16970734
chr15	40486307	rs2444302
chr15	40486477	rs2053973
chr15	40492086	rs4923872
chr15	40498916	rs11070275
chr15	40501062	rs2412524
chr15	40510247	rs2034651
chr15	40512319	rs1869302
chr15	40518521	rs8040187
chr15	40526300	rs4924478
chr15	40536723	rs11857247
chr15	40539059	rs2290379
chr15	40544710	rs976402
chr15	40545171	rs2924389
chr15	40548358	rs4923876
chr15	40549986	rs4924481
chr15	40550100	rs8025458
chr15	40553103	rs8042729
chr15	40553398	rs6582
chr15	40553753	rs1044474
chr15	40554809	rs2278887
chr15	40555034	rs2278888
chr15	40556152	rs17673703
chr15	40556525	rs10467972
chr15	40557209	rs8028999
chr15	40564221	rs12442697
chr15	40564790	rs3803354
chr15	40567078	rs12908114
chr15	40568747	rs11070279
chr15	40568886	rs4923878
chr15	40570731	rs1453183
chr15	40575978	rs7171945
chr15	40579013	rs1037445
chr15	40583386	rs8026605
chr15	40585124	rs7172947
chr15	40586780	rs11630273
chr15	40592521	rs11070283
chr15	40592909	rs16970851
chr15	40593559	rs8034726
chr15	40594355	rs12148454
chr15	40594423	rs3751653
chr15	40597626	rs17674454
chr15	40601320	rs7167417
chr15	40605819	rs10518696
chr15	40605943	rs7171260
chr15	40611616	rs12912058
chr15	40613359	rs17747351
chr15	40616498	rs7161938
chr15	40618470	rs10518697
chr15	40621642	rs2412541
chr15	40621979	rs11858113
chr15	40622574	rs11855334
chr15	40622847	rs8041534
chr15	40623696	rs11070285
chr15	40624039	rs17747633
chr15	40624603	rs16970911
chr15	40634781	rs3092978
chr15	40637616	rs11070286
chr15	40651905	rs3092980
chr15	40653702	rs7165509
chr15	40657328	rs2412544
chr15	40664273	rs1051482
chr15	40667426	rs35047458
chr15	40669173	rs4924490
chr15	40684978	rs8031427
chr15	40686528	rs1142468
chr15	40687453	rs2412545
chr15	40696823	rs2619681
chr15	40714325	rs2412546
chr15	40716144	rs7177265
chr15	40717470	rs957603
chr15	40717872	rs6492962
chr15	40719540	rs12148915
chr15	40720497	rs2412547
chr15	40727669	rs11633269
chr15	40731680	rs12593359
chr15	40732105	rs11855560
chr15	40734796	rs4924501
chr15	40737469	rs2304580
chr15	40739488	rs11070292
chr15	40739940	rs2304583
chr15	40744250	rs4923884
chr15	40749677	rs11070293
chr15	40752692	rs752012
chr15	40753131	rs4924503
chr15	40754685	rs11558807
chr15	40761052	rs6492964
chr15	40764242	rs2016546
chr15	40771046	rs1866170
chr15	40773692	rs2289219
chr15	40774677	rs3784289
chr15	40777801	rs13380176
chr15	40787933	rs2010300
chr15	40796383	rs12903072
chr15	40806141	rs11070295
chr15	40806156	rs11070296
chr15	40808947	rs3743034
chr15	40810469	rs745032
chr15	40811095	rs10152371
chr15	40813460	rs3736286
chr15	40813728	rs690347
chr15	40814287	rs7915
chr15	40815217	rs17657986
chr15	40826987	rs7180036
chr15	40830974	rs690377
chr15	40840580	rs689594
chr15	40843208	rs690572
chr15	40846967	rs690660
chr15	40851142	rs4924508
chr15	40853721	rs17658212
chr15	40854383	rs3736287
chr15	40854682	rs8028552
chr15	40856001	rs659232
chr15	40857519	rs676180
chr15	40857567	rs689626
chr15	40857626	rs1049598
chr15	40863922	rs8028660
chr15	40867408	rs4923886
chr15	40872146	rs2279578
chr15	40878934	rs601436
chr15	40881008	rs8024961
chr15	40885316	rs16971157
chr15	40911538	rs1077918
chr15	40911967	rs12592197
chr15	40914432	rs17715742
chr15	40916692	rs4924514
chr15	40917048	rs17659152
chr15	40919629	rs12439845
chr15	40920067	rs16971222
chr15	40922083	rs16971223
chr15	40932856	rs4244583
chr15	40940837	rs6492971
chr15	40942734	rs4923889
chr15	40949369	rs7175269
chr15	40953478	rs11557249
chr15	40957075	rs745299
chr15	40957945	rs11854054
chr15	40964568	rs1869907
chr15	40965026	rs1869908
chr15	40967325	rs4244584
chr15	40971240	rs10851402
chr15	40978104	rs7175362
chr15	40982816	rs7173954
chr15	40983960	rs11855248
chr15	40995491	rs3101436
chr15	40997981	rs4924533
chr15	41000008	rs3100807
chr15	41000972	rs28473405
chr15	41002817	rs7165020
chr15	41010021	rs2927061
chr15	41010489	rs2927062
chr15	41014295	rs2925343
chr15	41018848	rs7169375
chr15	41019601	rs2925345
chr15	41039580	rs17660713
chr15	41045289	rs8042088
chr15	41046071	rs7182660
chr15	41046150	rs8023345
chr15	41055460	rs2306083
chr15	41060881	rs12101934
chr15	41068940	rs16971454
chr15	41078763	rs11856848
chr15	41118507	rs1678750
chr15	41128609	rs2176998
chr15	41139989	rs2928155
chr15	41143851	rs6492983
chr15	41152755	rs8029385
chr15	41160483	rs692153
chr15	41165425	rs496142
chr15	41166421	rs16971558
chr15	41169493	rs17718117
chr15	41173889	rs10851403
chr15	41175734	rs11858678
chr15	41180945	rs521890
chr15	41184011	rs522063
chr15	41184267	rs690733
chr15	41189056	rs2918462
chr15	41191484	rs1971131
chr15	41192089	rs7170049
chr15	41194792	rs692390
chr15	41200815	rs558339
chr15	41205229	rs8039934
chr15	41205332	rs8038834
chr15	41208442	rs8025660
chr15	41209192	rs494490
chr15	41215839	rs8025916
chr15	41216230	rs8030732
chr15	41219607	rs8030954
chr15	41219718	rs8030683
chr15	41224674	rs7179231
chr15	41225093	rs7179969
chr15	41228334	rs909025
chr15	41229139	rs16971693
chr15	41232038	rs1866400
chr15	41233906	rs6492993
chr15	41235176	rs7166556
chr15	41237514	rs6492995
chr15	41238886	rs28554139
chr15	41240411	rs16952331
chr15	41244426	rs2164996
chr15	41248973	rs6492997
chr15	41250393	rs11858115
chr15	41253415	rs8034073
chr15	41254433	rs6492998
chr15	41258135	rs8036686
chr15	41258687	rs8031542
chr15	41263051	rs7175912
chr15	41265839	rs16971726
chr15	41270195	rs16971734
chr15	41271752	rs28374715
chr15	41278711	rs11630656
chr15	41280504	rs28493702
chr15	41284340	rs11633799
chr15	41291801	rs7167498
chr15	41294600	rs7163649
chr15	41296674	rs7176588
chr15	41299661	rs7162231
chr15	41306250	rs10467974
chr15	41308680	rs17730589
chr15	41310668	rs11070327
chr15	41311078	rs8036498
chr15	41313434	rs8032838
chr15	41313818	rs8033095
chr15	41317735	rs7175800
chr15	41319982	rs9302109
chr15	41328207	rs7169543
chr15	41328336	rs7168307
chr15	41329644	rs28526381
chr15	41331110	rs16971767
chr15	41332026	rs10518718
chr15	41336929	rs13313520
chr15	41337304	rs7180418
chr15	41338572	rs8037574
chr15	41340253	rs7165914
chr15	41342389	rs7178634
chr15	41342390	rs7178777
chr15	41345349	rs17730888
chr15	41355577	rs8023530
chr15	41359371	rs11070328
chr15	41359523	rs919961
chr15	41365155	rs28557159
chr15	41371698	rs13379756
chr15	41373443	rs8023925
chr15	41374209	rs35213138
chr15	41374518	rs28463309
chr15	41380186	rs7168431
chr15	41389896	rs11854632
chr15	41396534	rs35227875
chr15	41397034	rs1899
chr15	41402545	rs3743038
chr15	41409659	rs16971806
chr15	41412591	rs7163788
chr15	41412810	rs7164684
chr15	41421021	rs35826725
chr15	41435458	rs7166469
chr15	41438048	rs8040021
chr15	41439352	rs11858812
chr15	41443512	rs2777491
chr15	41443587	rs2730056
chr15	41444861	rs11631770
chr15	41451228	rs7177641
chr15	41454427	rs316614
chr15	41459480	rs316611
chr15	41460654	rs316610
chr15	41468609	rs34040639
chr15	41474225	rs35155461
chr15	41479393	rs316605
chr15	41480495	rs316607
chr15	41482225	rs1942
chr15	41483023	rs316604
chr15	41484494	rs16971834
chr15	41485700	rs28631111
chr15	41487062	rs11635906
chr15	41490486	rs12440045
chr15	41491616	rs1757463
chr15	41496893	rs1617832
chr15	41498789	rs1757459
chr15	41500362	rs8024774
chr15	41502256	rs1757457
chr15	41503702	rs316617
chr15	41504703	rs170296
chr15	41506881	rs316622
chr15	41508883	rs316623
chr15	41509314	rs2289739
chr15	41510315	rs2777490
chr15	41512496	rs1077809
chr15	41512917	rs2253936
chr15	41513039	rs2305030
chr15	41514460	rs3759794
chr15	41514528	rs3759793
chr15	41521081	rs3743031
chr15	41523451	rs2297377
chr15	41525169	rs2274858
chr15	41526719	rs1473781
chr15	41527085	rs2297379
chr15	41527124	rs2297380
chr15	41527169	rs11630901
chr15	41527518	rs1200345
chr15	41527770	rs11858969
chr15	41527800	rs11070334
chr15	41528002	rs2289741
chr15	41528970	rs1200348
chr15	41529554	rs1200349
chr15	41529827	rs2305031
chr15	41530104	rs16971844
chr15	41535457	rs2297381
chr15	41537032	rs721772
chr15	41542207	rs2412621
chr15	41544036	rs1200353
chr15	41553476	rs7167667
chr15	41554978	rs9944249
chr15	41564345	rs11070339
chr15	41564882	rs2277537
chr15	41566489	rs6493004
chr15	41566954	rs6493005
chr15	41567272	rs16971872
chr15	41567301	rs17676332
chr15	41567875	rs1200341
chr15	41568213	rs7171675
chr15	41573290	rs2246444
chr15	41579294	rs12259
chr15	41582753	rs8043421
chr15	41586010	rs4924556
chr15	41589142	rs12438252
chr15	41590185	rs1819454
chr15	41600922	rs11630209
chr15	41602377	rs12439488
chr15	41606513	rs10775122
chr15	41610850	rs17676742
chr15	41622107	rs16971915
chr15	41623324	rs12902047
chr15	41639308	rs7176474
chr15	41648913	rs4244585
chr15	41655848	rs4924568
chr15	41657957	rs17677098
chr15	41664271	rs9646193
chr15	41665045	rs8038783
chr15	41665129	rs8039440
chr15	41666284	rs4923907
chr15	41672675	rs2077361
chr15	41676028	rs1107858
chr15	41682462	rs4924570
chr15	41684091	rs11070347
chr15	41685495	rs12439771
chr15	41690005	rs7169496
chr15	41694441	rs12915325
chr15	41697728	rs16971976
chr15	41701468	rs11630972
chr15	41702391	rs8034261
chr15	41711658	rs1918312
chr15	41713574	rs1918313
chr15	41723215	rs17677757
chr15	41734566	rs1918314
chr15	41740457	rs2577950
chr15	41741484	rs2577949
chr15	41749514	rs2695163
chr15	41753462	rs2616
chr15	41754370	rs2695164
chr15	41754975	rs2178003
chr15	41758192	rs17678310
chr15	41759704	rs11636523
chr15	41772343	rs1197772
chr15	41773055	rs1918310
chr15	41773224	rs2925337
chr15	41780425	rs1106934
chr15	41782925	rs1081022
chr15	41784189	rs1197659
chr15	41785763	rs8035855
chr15	41790896	rs1197704
chr15	41792819	rs11070349
chr15	41799014	rs2925339
chr15	41799187	rs1197671
chr15	41804728	rs4924575
chr15	41805538	rs1197690
chr15	41809496	rs16972089
chr15	41810087	rs12440605
chr15	41811624	rs1197672
chr15	41817025	rs1197689
chr15	41817777	rs2303518
chr15	41822216	rs2303517
chr15	41823228	rs1197688
chr15	41826453	rs1197687
chr15	41826773	rs3743024
chr15	41827395	rs4924576
chr15	41827513	rs2277535
chr15	41827702	rs1043627
chr15	41830419	rs1206842
chr15	41831884	rs2412640
chr15	41833793	rs4923917
chr15	41834237	rs1197703
chr15	41835536	rs2241522
chr15	41836657	rs7166139
chr15	41839572	rs16972136
chr15	41840698	rs1122884
chr15	41841899	rs3816533
chr15	41842103	rs1648835
chr15	41842325	rs1648833
chr15	41846258	rs1197669
chr15	41848216	rs1197668
chr15	41850714	rs8025614
chr15	41857274	rs1456235
chr15	41858690	rs890503
chr15	41859740	rs1212425
chr15	41860292	rs8031483
chr15	41860887	rs2278964
chr15	41862540	rs16972193
chr15	41865518	rs11070352
chr15	41866912	rs3816534
chr15	41870759	rs890509
chr15	41874277	rs12593435
chr15	41874302	rs12593397
chr15	41875287	rs12902949
chr15	41876202	rs2290559
chr15	41877905	rs1211289
chr15	41878380	rs747779
chr15	41879264	rs12708402
chr15	41879285	rs1197682
chr15	41885957	rs1210795
chr15	41892596	rs1618332
chr15	41894284	rs1197700
chr15	41895294	rs1197701
chr15	41895837	rs1672460
chr15	41897871	rs1209334
chr15	41897998	rs1672461
chr15	41898494	rs3088159
chr15	41899842	rs1048166
chr15	41902019	rs1113333
chr15	41907269	rs10518741
chr15	41912753	rs890502
chr15	41913285	rs17686769
chr15	41915707	rs1704394
chr15	41915843	rs4923919
chr15	41917474	rs16972243
chr15	41917825	rs16972244
chr15	41918821	rs1704395
chr15	41919288	rs1704396
chr15	41919918	rs1648821
chr15	41920176	rs4924588
chr15	41921473	rs6493012
chr15	41922027	rs1025226
chr15	41927762	rs8043408
chr15	41927878	rs13329244
chr15	41929104	rs17687331
chr15	41930192	rs1648811
chr15	41931061	rs1704401
chr15	41932810	rs6493014
chr15	41935243	rs2114477
chr15	41936843	rs16972296
chr15	41937654	rs10518743
chr15	41939155	rs12101888
chr15	41940879	rs17687882
chr15	41941714	rs1648856
chr15	41942067	rs2665213
chr15	41942834	rs17739167
chr15	41942975	rs11631075
chr15	41943118	rs11549015
chr15	41945687	rs1648854
chr15	41945793	rs16972308
chr15	41947207	rs1614170
chr15	41947581	rs8035074
chr15	41951603	rs1704405
chr15	41958353	rs1704407
chr15	41961870	rs34899815
chr15	41966192	rs11638729
chr15	41969583	rs1002774
chr15	41976274	rs1451048
chr15	41978499	rs1704345
chr15	41978532	rs4924592
chr15	41978869	rs1614300
chr15	41982263	rs11857594
chr15	41982866	rs1704347
chr15	41983978	rs1704348
chr15	41984161	rs1704349
chr15	41989143	rs1668578
chr15	41989521	rs1668579
chr15	41989592	rs1530837
chr15	41989607	rs1704352
chr15	41993297	rs12232304
chr15	41994188	rs1668584
chr15	41995380	rs1668586
chr15	41995408	rs4924595
chr15	41995789	rs6493017
chr15	41997324	rs1704357
chr15	41997477	rs1627062
chr15	41997830	rs3743017
chr15	41997999	rs3743016
chr15	42001440	rs1668555
chr15	42004894	rs2598464
chr15	42005726	rs7163374
chr15	42005935	rs1704366
chr15	42009299	rs4924600
chr15	42009722	rs12439687
chr15	42010392	rs1668568
chr15	42010851	rs7182552
chr15	42011805	rs12904722
chr15	42012430	rs11632711
chr15	42012844	rs12439430
chr15	42013500	rs1628549
chr15	42013800	rs1668565
chr15	42014808	rs7163284
chr15	42015627	rs1622221
chr15	42015701	rs1704370
chr15	42016352	rs7176458
chr15	42018329	rs8029818
chr15	42019944	rs16972470
chr15	42020694	rs16972473
chr15	42023793	rs2724938
chr15	42024329	rs2665203
chr15	42031393	rs7496336
chr15	42032647	rs11633848
chr15	42033916	rs16972507
chr15	42034061	rs7163310
chr15	42034341	rs2665208
chr15	42035155	rs2665210
chr15	42035358	rs2665211
chr15	42039016	rs12901016
chr15	42040170	rs2665212
chr15	42040418	rs7172971
chr15	42040551	rs1668593
chr15	42040586	rs4924608
chr15	42040705	rs1712427
chr15	42040827	rs4924609
chr15	42041283	rs1712430
chr15	42041950	rs1712431
chr15	42042142	rs1712432
chr15	42043279	rs1712434
chr15	42043820	rs1712435
chr15	42044052	rs1668596
chr15	42044519	rs7176475
chr15	42046497	rs11070356
chr15	42047944	rs11070357
chr15	42049975	rs1668544
chr15	42050829	rs1668547
chr15	42051596	rs12902878
chr15	42052618	rs8031547
chr15	42054996	rs776691
chr15	42056603	rs776694
chr15	42057552	rs776698
chr15	42057815	rs16972565
chr15	42057839	rs776699
chr15	42059140	rs4924613
chr15	42059955	rs8042219
chr15	42060723	rs776701
chr15	42063508	rs16972584
chr15	42066044	rs800719
chr15	42066382	rs11070359
chr15	42066998	rs7181906
chr15	42068824	rs750052
chr15	42069401	rs755599
chr15	42071282	rs17747505
chr15	42071571	rs1668589
chr15	42072526	rs1668585
chr15	42072678	rs16972615
chr15	42073591	rs1668575
chr15	42074691	rs11638531
chr15	42077350	rs4924617
chr15	42080450	rs614215
chr15	42081234	rs600415
chr15	42083780	rs12442923
chr15	42087961	rs776727
chr15	42088197	rs776726
chr15	42088231	rs4924620
chr15	42088604	rs17748059
chr15	42089042	rs639560
chr15	42090675	rs7165460
chr15	42093804	rs17748132
chr15	42095005	rs2412657
chr15	42096417	rs776724
chr15	42096439	rs2003956
chr15	42096809	rs811850
chr15	42098025	rs11638728
chr15	42099966	rs8028204
chr15	42100971	rs17748317
chr15	42102170	rs645953
chr15	42102284	rs645178
chr15	42104084	rs17748427
chr15	42104312	rs1008781
chr15	42104411	rs1008782
chr15	42105848	rs627836
chr15	42107444	rs1008979
chr15	42108566	rs675996
chr15	42109454	rs776717
chr15	42110028	rs10518751
chr15	42110291	rs2412669
chr15	42110647	rs2167294
chr15	42112316	rs8030796
chr15	42115338	rs11070360
chr15	42118991	rs4924623
chr15	42119044	rs655003
chr15	42119815	rs1712429
chr15	42120408	rs1712426
chr15	42121015	rs7179662
chr15	42122199	rs776712
chr15	42123072	rs2034521
chr15	42123780	rs12912374
chr15	42125887	rs582881
chr15	42130892	rs4924626
chr15	42131258	rs17692546
chr15	42133673	rs11070361
chr15	42134635	rs682359
chr15	42138337	rs650392
chr15	42138944	rs3825786
chr15	42140157	rs882691
chr15	42141604	rs2280248
chr15	42142056	rs655427
chr15	42142639	rs1356410
chr15	42143804	rs649526
chr15	42143845	rs681264
chr15	42145233	rs11858217
chr15	42145324	rs664177
chr15	42145352	rs622083
chr15	42145513	rs621560
chr15	42147178	rs4923929
chr15	42152412	rs2620386
chr15	42153356	rs10220859
chr15	42155721	rs11630961
chr15	42159815	rs16972776
chr15	42161765	rs16972779
chr15	42166149	rs663454
chr15	42166836	rs1619030
chr15	42167166	rs4923932
chr15	42168053	rs1679010
chr15	42171260	rs666511
chr15	42171479	rs622442
chr15	42175468	rs1679009
chr15	42176419	rs4924629
chr15	42176588	rs1679008
chr15	42187208	rs613131
chr15	42187952	rs609660
chr15	42188211	rs598441
chr15	42191257	rs635919
chr15	42192692	rs1712391
chr15	42200854	rs2138831
chr15	42209820	rs2663095
chr15	42210084	rs1712442
chr15	42236478	rs1679012
chr15	42236784	rs12440087
chr15	42258155	rs12438509
chr15	42273390	rs2277533
chr15	42278520	rs8024732
chr15	42280869	rs8037020
chr15	42285342	rs11070370
chr15	42286912	rs8031315
chr15	42287786	rs16973008
chr15	42287908	rs8036596
chr15	42301048	rs4923943
chr15	42323071	rs1659222
chr15	42323107	rs12903690
chr15	42323268	rs1659220
chr15	42323294	rs1659219
chr15	42325583	rs16973054
chr15	42327310	rs1659215
chr15	42329581	rs4924672
chr15	42339575	rs16973093
chr15	42340301	rs16973097
chr15	42343410	rs16973109
chr15	42343745	rs7164437
chr15	42346305	rs7183546
chr15	42346698	rs7182797
chr15	42347634	rs9920921
chr15	42347797	rs10518763
chr15	42348609	rs4344713
chr15	42349065	rs16973148
chr15	42351331	rs7181742
chr15	42351340	rs7180279
chr15	42353281	rs3825785
chr15	42353570	rs3743006
chr15	42353694	rs3743005
chr15	42358063	rs28364347
chr15	42359867	rs28364364
chr15	42364741	rs1359003
chr15	42365364	rs12441700
chr15	42376300	rs4924674
chr15	42382836	rs12438369
chr15	42385761	rs28364393
chr15	42387225	rs28364406
chr15	42387591	rs751572
chr15	42388859	rs4924675
chr15	42389001	rs1801449
chr15	42389732	rs2412709
chr15	42391432	rs28364433
chr15	42391589	rs2412710
chr15	42392191	rs3115876
chr15	42392257	rs12439003
chr15	42393256	rs28364447
chr15	42393436	rs17764737
chr15	42395065	rs28364458
chr15	42396574	rs3115877
chr15	42397120	rs28364469
chr15	42400195	rs28364475
chr15	42401891	rs28364486
chr15	42402370	rs28364492
chr15	42403677	rs17764849
chr15	42406353	rs3115881
chr15	42406555	rs28364514
chr15	42408023	rs16952474
chr15	42409490	rs3115883
chr15	42411907	rs3098423
chr15	42412993	rs28364552
chr15	42413144	rs28364553
chr15	42413173	rs28364554
chr15	42417979	rs17708630
chr15	42423746	rs7169521
chr15	42426719	rs17765354
chr15	42431209	rs11639355
chr15	42437310	rs4924677
chr15	42437995	rs12442046
chr15	42448171	rs3742996
chr15	42450266	rs12101559
chr15	42451896	rs12440118
chr15	42454193	rs17709180
chr15	42456825	rs16973261
chr15	42469238	rs4924678
chr15	42469324	rs4924679
chr15	42473426	rs2617237
chr15	42475783	rs17709596
chr15	42476181	rs12913324
chr15	42479102	rs4924682
chr15	42492939	rs17766258
chr15	42493962	rs2899051
chr15	42494946	rs1900921
chr15	42495909	rs11636209
chr15	42499505	rs4923947
chr15	42501173	rs2595940
chr15	42508569	rs17709867
chr15	42528253	rs9302112
chr15	42528391	rs1060291
chr15	42530091	rs8033412
chr15	42532380	rs11022
chr15	42534625	rs4923948
chr15	42540336	rs10454039
chr15	42543858	rs34359922
chr15	42552590	rs10851410
chr15	42554355	rs12324717
chr15	42558182	rs3986280
chr15	42567037	rs10851411
chr15	42568393	rs4924687
chr15	42569164	rs12439377
chr15	42569826	rs1048571
chr15	42576830	rs2241998
chr15	42586258	rs876992
chr15	42594306	rs6493054
chr15	42594458	rs17767264
chr15	42596849	rs1705360
chr15	42606414	rs17767270
chr15	42610917	rs11632169
chr15	42613142	rs1197547
chr15	42630458	rs1705356
chr15	42635786	rs3099758
chr15	42636010	rs623271
chr15	42642347	rs12911585
chr15	42642433	rs12594951
chr15	42648592	rs12324838
chr15	42650183	rs9920163
chr15	42656476	rs8043143
chr15	42656664	rs8043472
chr15	42665175	rs8039765
chr15	42672228	rs16957020
chr15	42678701	rs12914570
chr15	42679317	rs12323990
chr15	42679422	rs7163030
chr15	42682855	rs16957043
chr15	42685328	rs6493059
chr15	42685478	rs6493060
chr15	42688192	rs16957055
chr15	42689608	rs8030587
chr15	42690142	rs8031218
chr15	42690621	rs3742995
chr15	42691725	rs3742993
chr15	42691984	rs16957061
chr15	42692090	rs16957063
chr15	42696214	rs6493061
chr15	42698188	rs2136899
chr15	42699101	rs12592374
chr15	42701971	rs4334272
chr15	42707342	rs12594696
chr15	42717201	rs12591415
chr15	42719339	rs9919994
chr15	42719826	rs1058846
chr15	42719997	rs3199486
chr15	42720076	rs9269
chr15	42720319	rs1995939
chr15	42721967	rs8034447
chr15	42722279	rs731984
chr15	42724277	rs3742988
chr15	42724349	rs3742987
chr15	42725228	rs16957091
chr15	42726493	rs2305084
chr15	42729365	rs12905385
chr15	42729788	rs12594483
chr15	42731284	rs12917189
chr15	42731865	rs12917018
chr15	42736394	rs7167392
chr15	42738663	rs7169009
chr15	42742592	rs12594765
chr15	42742806	rs12592573
chr15	42742933	rs8033336
chr15	42746865	rs7175582
chr15	42750492	rs7166775
chr15	42758981	rs4924696
chr15	42762189	rs1915243
chr15	42770350	rs7182141
chr15	42770622	rs7181238
chr15	42770738	rs7182871
chr15	42772574	rs6493065
chr15	42774483	rs8024266
chr15	42776610	rs7174661
chr15	42777576	rs17718539
chr15	42781317	rs9920624
chr15	42781399	rs9920562
chr15	42782482	rs12915116
chr15	42783004	rs9920935
chr15	42785746	rs7177285
chr15	42791316	rs35538776
chr15	42792694	rs16957165
chr15	42794539	rs16957167
chr15	42798322	rs16957168
chr15	42799914	rs8035752
chr15	42802518	rs11632499
chr15	42803754	rs2139656
chr15	42805454	rs10467975
chr15	42809687	rs10220718
chr15	42810395	rs11853250
chr15	42817187	rs7182753
chr15	42819855	rs7182515
chr15	42824708	rs7167802
chr15	42827197	rs10438302
chr15	42831820	rs9920910
chr15	42836427	rs10518779
chr15	42838448	rs8028785
chr15	42851800	rs6493067
chr15	42859713	rs11070382
chr15	42869601	rs7173097
chr15	42873831	rs16957244
chr15	42878595	rs6493068
chr15	42878625	rs16957250
chr15	42878822	rs8036096
chr15	42884122	rs9806175
chr15	42887165	rs11070383
chr15	42890341	rs28407836
chr15	42904360	rs2682073
chr15	42906232	rs16957264
chr15	42908911	rs4924699
chr15	42910352	rs9920182
chr15	42911888	rs1206698
chr15	42918707	rs8031767
chr15	42922561	rs7174028
chr15	42935317	rs2412748
chr15	42943386	rs17776090
chr15	42944414	rs7178567
chr15	42945005	rs3803341
chr15	42952501	rs2277532
chr15	42958590	rs16957288
chr15	42960566	rs3759792
chr15	42961113	rs1548096
chr15	42965277	rs8037022
chr15	42971109	rs28633493
chr15	42971807	rs1381855
chr15	42972928	rs7166705
chr15	42980100	rs4338775
chr15	42980258	rs4509988
chr15	42981053	rs1993813
chr15	42982666	rs12910799
chr15	42989193	rs28494835
chr15	42994548	rs2412746
chr15	42994605	rs2412747
chr15	42996021	rs6416436
chr15	43002020	rs8042481
chr15	43002890	rs4923955
chr15	43007489	rs1037990
chr15	43022120	rs8027733
chr15	43025942	rs6493076
chr15	43027233	rs10518793
chr15	43029915	rs3736054
chr15	43032744	rs6493077
chr15	43035239	rs11070387
chr15	43036465	rs3784265
chr15	43044146	rs1462856
chr15	43044604	rs7176957
chr15	43046454	rs4923956
chr15	43047775	rs2412752
chr15	43052688	rs2035170
chr15	43052849	rs4274403
chr15	43059843	rs4924704
chr15	43063229	rs16957379
chr15	43065208	rs12050604
chr15	43065218	rs16957385
chr15	43066561	rs8041432
chr15	43072172	rs7181079
chr15	43081731	rs35900502
chr15	43085406	rs17720657
chr15	43088062	rs4924705
chr15	43099877	rs8028608
chr15	43101448	rs16957422
chr15	43102118	rs11070389
chr15	43103649	rs16957431
chr15	43112839	rs34663640
chr15	43122475	rs17721275
chr15	43125465	rs8027371
chr15	43126560	rs2139651
chr15	43128528	rs4924707
chr15	43144212	rs2176870
chr15	43148324	rs7166467
chr15	43149169	rs34788208
chr15	43152697	rs8030850
chr15	43186313	rs530118
chr15	43186599	rs513071
chr15	43187130	rs538218
chr15	43187165	rs2947019
chr15	43191339	rs495286
chr15	43192430	rs28418723
chr15	43195544	rs34336488
chr15	43203702	rs530305
chr15	43210104	rs494863
chr15	43210670	rs520656
chr15	43215195	rs1042168
chr15	43217827	rs2899077
chr15	43220406	rs28723492
chr15	43224197	rs12592725
chr15	43225356	rs489964
chr15	43229635	rs537102
chr15	43230724	rs11070396
chr15	43232222	rs513815
chr15	43236375	rs502157
chr15	43237432	rs7183814
chr15	43242898	rs525403
chr15	43247919	rs16957511
chr15	43248941	rs542036
chr15	43251060	rs493177
chr15	43251498	rs9652444
chr15	43253530	rs555001
chr15	43258457	rs574065
chr15	43262028	rs504417
chr15	43265351	rs11853991
chr15	43265944	rs12909095
chr15	43266376	rs471122
chr15	43267033	rs748404
chr15	43268409	rs531910
chr15	43271039	rs1814323
chr15	43274057	rs570272
chr15	43276801	rs530683
chr15	43281526	rs2412777
chr15	43283426	rs580469
chr15	43287025	rs17779494
chr15	43287368	rs513970
chr15	43288621	rs546722
chr15	43293322	rs538238
chr15	43302702	rs478104
chr15	43307127	rs526450
chr15	43317311	rs1095386
chr15	43322083	rs573615
chr15	43322526	rs488756
chr15	43325295	rs956391
chr15	43327362	rs484029
chr15	43327875	rs7048
chr15	43328245	rs514438
chr15	43329749	rs3742969
chr15	43330067	rs3742970
chr15	43330718	rs3742971
chr15	43335657	rs1549525
chr15	43339940	rs4547312
chr15	43340351	rs2278857
chr15	43342207	rs8039638
chr15	43345787	rs6493083
chr15	43347572	rs9920879
chr15	43351703	rs7181634
chr15	43353048	rs4296223
chr15	43355429	rs6493084
chr15	43358032	rs4075674
chr15	43360739	rs10518812
chr15	43361984	rs6493085
chr15	43363596	rs2412780
chr15	43363729	rs2412779
chr15	43363845	rs2899082
chr15	43366848	rs2278860
chr15	43369604	rs3809482
chr15	43370164	rs17780920
chr15	43370631	rs3809481
chr15	43375702	rs2412781
chr15	43379157	rs7163288
chr15	43396207	rs16957680
chr15	43396718	rs999047
chr15	43398952	rs884704
chr15	43403033	rs7180812
chr15	43406404	rs1837960
chr15	43408732	rs1058298
chr15	43409324	rs17725343
chr15	43412360	rs690276
chr15	43416539	rs16957715
chr15	43421436	rs2242069
chr15	43427194	rs542898
chr15	43430544	rs2467745
chr15	43432334	rs3803339
chr15	43432448	rs2602141
chr15	43437750	rs537115
chr15	43437800	rs536313
chr15	43445682	rs690316
chr15	43447998	rs2467739
chr15	43448819	rs12899865
chr15	43450428	rs2467741
chr15	43452259	rs2245790
chr15	43456106	rs690367
chr15	43458041	rs7173487
chr15	43460553	rs2244981
chr15	43463148	rs2444032
chr15	43464012	rs694725
chr15	43465221	rs2264876
chr15	43467576	rs1814538
chr15	43469007	rs690436
chr15	43469998	rs689647
chr15	43472170	rs690472
chr15	43476444	rs17782608
chr15	43478218	rs527921
chr15	43480838	rs7173383
chr15	43481269	rs493377
chr15	43487488	rs2439832
chr15	43490966	rs1079309
chr15	43492277	rs2439831
chr15	43492719	rs2467736
chr15	43496397	rs2444251
chr15	43498254	rs12911740
chr15	43499899	rs689781
chr15	43505841	rs17782975
chr15	43506110	rs7177146
chr15	43508770	rs2253268
chr15	43509826	rs506120
chr15	43511423	rs1869258
chr15	43513790	rs529611
chr15	43521189	rs694985
chr15	43523801	rs3862138
chr15	43524719	rs1060939
chr15	43525206	rs12912505
chr15	43525854	rs2245715
chr15	43528225	rs28438815
chr15	43529219	rs3803333
chr15	43530630	rs689931
chr15	43531615	rs572837
chr15	43531832	rs570933
chr15	43534359	rs689797
chr15	43536810	rs2255663
chr15	43538269	rs2255440
chr15	43539725	rs496584
chr15	43542120	rs2255042
chr15	43544280	rs2251844
chr15	43544751	rs486301
chr15	43553963	rs2255051
chr15	43596778	rs10518820
chr15	43601620	rs2447196
chr15	43602295	rs12050645
chr15	43603444	rs28495368
chr15	43603445	rs2260160
chr15	43622175	rs8038068
chr15	43626883	rs2927071
chr15	43627365	rs8030536
chr15	43630200	rs2927072
chr15	43632484	rs2920781
chr15	43637180	rs17795279
chr15	43637566	rs11635852
chr15	43641697	rs2447208
chr15	43647444	rs8042868
chr15	43719842	rs4997480
chr15	43724219	rs10438303
chr15	43732292	rs2467402
chr15	43742590	rs11070408
chr15	43748767	rs12443084
chr15	43755372	rs10163069
chr15	43755440	rs10163054
chr15	43761419	rs8040336
chr15	43764847	rs11070410
chr15	43768038	rs7175032
chr15	43768685	rs12441861
chr15	43769727	rs2277530
chr15	43771661	rs3087657
chr15	43772608	rs3862142
chr15	43772688	rs2788
chr15	43777831	rs28410121
chr15	43779282	rs3862143
chr15	43785360	rs28697876
chr15	43788741	rs8023458
chr15	43792084	rs6493090
chr15	43798600	rs3759791
chr15	43798656	rs654276
chr15	43799188	rs3784275
chr15	43801729	rs12702
chr15	43803865	rs694461
chr15	43807683	rs16965109
chr15	43808144	rs16965120
chr15	43810111	rs3825783
chr15	43810130	rs693919
chr15	43814426	rs3736180
chr15	43815464	rs28684672
chr15	43815614	rs35302555
chr15	43817944	rs575082
chr15	43821584	rs663214
chr15	43823268	rs2930530
chr15	43823855	rs28636829
chr15	43824788	rs3816792
chr15	43828361	rs678084
chr15	43828832	rs3759790
chr15	43829372	rs2930531
chr15	43830668	rs28699233
chr15	43838816	rs7169322
chr15	43842724	rs8032649
chr15	43843690	rs4923967
chr15	43855067	rs495880
chr15	43855944	rs11854565
chr15	43858865	rs13329084
chr15	43859101	rs16977724
chr15	43859750	rs16977798
chr15	43860619	rs9989313
chr15	43868384	rs11856795
chr15	43876272	rs12442297
chr15	43883905	rs8023508
chr15	43895793	rs524908
chr15	43896656	rs533143
chr15	43900619	rs678513
chr15	43901477	rs3850777
chr15	43903026	rs2918945
chr15	43905851	rs2306674
chr15	43907111	rs563940
chr15	43909047	rs16945686
chr15	43917248	rs1439116
chr15	43919075	rs492571
chr15	43919670	rs2016840
chr15	43919715	rs2016837
chr15	43924379	rs3742981
chr15	43924542	rs2918952
chr15	43925938	rs481837
chr15	43926168	rs483800
chr15	43926240	rs11070413
chr15	43928198	rs11070414
chr15	43930989	rs2412822
chr15	43932470	rs4270152
chr15	43935072	rs2412823
chr15	43938489	rs9920164
chr15	43943917	rs1077421
chr15	43949190	rs16950215
chr15	43949841	rs7178452
chr15	43952325	rs8035382
chr15	43952369	rs8035402
chr15	43966699	rs2929275
chr15	43973426	rs8033233
chr15	43979008	rs17582478
chr15	43999046	rs4924729
chr15	44002274	rs2412854
chr15	44003059	rs2412853
chr15	44018592	rs6493094
chr15	44033104	rs1820482
chr15	44035914	rs4923971
chr15	44046721	rs1426658
chr15	44054563	rs12437804
chr15	44055302	rs12907002
chr15	44064265	rs890465
chr15	44075092	rs8038096
chr15	44081689	rs12903579
chr15	44088026	rs17583428
chr15	44088961	rs17505315
chr15	44090200	rs16959468
chr15	44097672	rs2733221
chr15	44097699	rs2706488
chr15	44109068	rs2623016
chr15	44113823	rs2615297
chr15	44117884	rs2957581
chr15	44125408	rs7166715
chr15	44136784	rs2706486
chr15	44145494	rs2733208
chr15	44153410	rs2706495
chr15	44158391	rs2615281
chr15	44158793	rs2555376
chr15	44164449	rs2002176
chr15	44166436	rs2615278
chr15	44174597	rs2696079
chr15	44180105	rs2696098
chr15	44182708	rs2256928
chr15	44183130	rs2706462
chr15	44183205	rs12908646
chr15	44186696	rs2447334
chr15	44187511	rs2696074
chr15	44194313	rs2706464
chr15	44199406	rs2615300
chr15	44201369	rs7178082
chr15	44205571	rs7181296
chr15	44210068	rs870161
chr15	44211917	rs2615258
chr15	44215205	rs2696082
chr15	44220892	rs2615257
chr15	44222373	rs7168265
chr15	44223666	rs7174819
chr15	44225151	rs2663991
chr15	44234486	rs2696089
chr15	44234615	rs2663993
chr15	44282451	rs8028907
chr15	44283283	rs6493103
chr15	44287656	rs8037395
chr15	44290688	rs8024461
chr15	44298733	rs9806725
chr15	44300649	rs12594645
chr15	44306346	rs7162802
chr15	44306444	rs2412864
chr15	44310353	rs12595484
chr15	44317598	rs1021800
chr15	44319211	rs35318279
chr15	44321491	rs11070426
chr15	44322486	rs12148618
chr15	44323107	rs7167752
chr15	44327931	rs12594110
chr15	44348668	rs7164709
chr15	44382642	rs11856569
chr15	44412455	rs12594167
chr15	44417588	rs4477677
chr15	44418367	rs4577056
chr15	44427424	rs3809471
chr15	44432089	rs10518985
chr15	44435971	rs17586255
chr15	44448450	rs9672237
chr15	44450024	rs16964013
chr15	44464520	rs8023453
chr15	44467974	rs7181772
chr15	44469255	rs12440448
chr15	44471400	rs7172106
chr15	44482004	rs2453274
chr15	44485744	rs7182974
chr15	44486441	rs34327950
chr15	44489594	rs28486675
chr15	44491502	rs7166278
chr15	44495624	rs3986142
chr15	44496226	rs3986143
chr15	44496373	rs17514635
chr15	44496507	rs883943
chr15	44501195	rs3784567
chr15	44508812	rs2433350
chr15	44514450	rs961163
chr15	44515107	rs2555353
chr15	44518138	rs2556566
chr15	44521413	rs3752691
chr15	44527383	rs2288341
chr15	44529645	rs2556560
chr15	44529993	rs10518981
chr15	44530576	rs10518980
chr15	44534826	rs28409610
chr15	44554957	rs2303577
chr15	44556317	rs2412908
chr15	44557500	rs2303578
chr15	44559052	rs12905495
chr15	44559903	rs2556568
chr15	44563817	rs17515108
chr15	44570732	rs2277610
chr15	44572696	rs35932349
chr15	44576792	rs12595838
chr15	44582731	rs12901672
chr15	44589757	rs12594924
chr15	44589766	rs12594905
chr15	44605547	rs9806511
chr15	44608477	rs36014111
chr15	44610546	rs12324710
chr15	44616136	rs12593632
chr15	44626051	rs35286810
chr15	44630895	rs11070431
chr15	44641863	rs12594578
chr15	44651559	rs3759871
chr15	44651599	rs3759873
chr15	44658976	rs7165146
chr15	44666914	rs10152685
chr15	44666934	rs16965650
chr15	44692433	rs12594463
chr15	44696412	rs4099
chr15	44700277	rs2412916
chr15	44711166	rs2255235
chr15	44712948	rs1901530
chr15	44713183	rs1901531
chr15	44713735	rs16966424
chr15	44714420	rs2254835
chr15	44717824	rs4780
chr15	44724147	rs7165535
chr15	44724233	rs6493109
chr15	44724407	rs6493111
chr15	44726537	rs2123148
chr15	44726686	rs8043138
chr15	44728119	rs4923989
chr15	44732481	rs6493114
chr15	44734702	rs4923993
chr15	44735663	rs11856066
chr15	44736153	rs935889
chr15	44736389	rs3759878
chr15	44736512	rs2470908
chr15	44739205	rs6493119
chr15	44744719	rs2468064
chr15	44747650	rs2444003
chr15	44748314	rs2444004
chr15	44748386	rs8037029
chr15	44749226	rs6416440
chr15	44752835	rs3110172
chr15	44752903	rs7182388
chr15	44754936	rs2470911
chr15	44755204	rs17588988
chr15	44755375	rs3100139
chr15	44756219	rs7182487
chr15	44756453	rs3759880
chr15	44756585	rs3759882
chr15	44756643	rs3759883
chr15	44757497	rs2084835
chr15	44758395	rs2290331
chr15	44762754	rs2444009
chr15	44763934	rs3100141
chr15	44765202	rs11634063
chr15	44767192	rs6493127
chr15	44769250	rs2412919
chr15	44775118	rs3110676
chr15	44779616	rs2468077
chr15	44779884	rs8023560
chr15	44782321	rs2462043
chr15	44782685	rs1720723
chr15	44782769	rs16974543
chr15	44783597	rs1720725
chr15	44787169	rs1669834
chr15	44788225	rs17518229
chr15	44788394	rs7161853
chr15	44789541	rs7168673
chr15	44789792	rs1295358
chr15	44790319	rs11857911
chr15	44792349	rs1720727
chr15	44792456	rs17590443
chr15	44792682	rs11853207
chr15	44793027	rs2049333
chr15	44798623	rs1288092
chr15	44801821	rs1295357
chr15	44802998	rs10152725
chr15	44803704	rs17518970
chr15	44803825	rs2924123
chr15	44803892	rs2443979
chr15	44804341	rs16952664
chr15	44804537	rs16952667
chr15	44804820	rs2443980
chr15	44804983	rs16952671
chr15	44806944	rs16952679
chr15	44807087	rs4485326
chr15	44813176	rs7181002
chr15	44813678	rs2443982
chr15	44836592	rs2412949
chr15	44842819	rs17592201
chr15	44849175	rs1288097
chr15	44850221	rs8026050
chr15	44852020	rs11637803
chr15	44853188	rs1288103
chr15	44853566	rs2948905
chr15	44853802	rs2924128
chr15	44860173	rs735480
chr15	44861806	rs11070436
chr15	44873925	rs8039032
chr15	44881865	rs2204257
chr15	44910721	rs950475
chr15	44910867	rs950474
chr15	44912756	rs4082812
chr15	44924145	rs16976558
chr15	44941481	rs11634929
chr15	44949807	rs11638863
chr15	44950319	rs11629994
chr15	44957694	rs16976620
chr15	44962021	rs12913288
chr15	44966662	rs270810
chr15	44966789	rs11635322
chr15	44967227	rs11635466
chr15	44971301	rs2036831
chr15	44974908	rs452762
chr15	44975472	rs12902975
chr15	44975984	rs925350
chr15	44979859	rs8182070
chr15	45007718	rs11635836
chr15	45023640	rs11634010
chr15	45025717	rs11636774
chr15	45029395	rs8043226
chr15	45049520	rs2470686
chr15	45052023	rs2437866
chr15	45066648	rs2854439
chr15	45072673	rs8026278
chr15	45083288	rs16975231
chr15	45083948	rs7180976
chr15	45087504	rs7183046
chr15	45089800	rs166575
chr15	45091248	rs2554452
chr15	45091980	rs2002813
chr15	45092467	rs7180106
chr15	45093428	rs8024922
chr15	45093697	rs3743222
chr15	45093718	rs10851420
chr15	45094458	rs7171366
chr15	45095352	rs199138
chr15	45099877	rs269868
chr15	45102208	rs269866
chr15	45106767	rs269862
chr15	45109438	rs1961660
chr15	45110742	rs269859
chr15	45113265	rs269856
chr15	45116501	rs2252371
chr15	45116735	rs2576092
chr15	45118635	rs16977681
chr15	45121343	rs17594910
chr15	45121474	rs175088
chr15	45123447	rs2470667
chr15	45124232	rs6493135
chr15	45124333	rs6493136
chr15	45128520	rs1365242
chr15	45129560	rs1648281
chr15	45131691	rs17595239
chr15	45132857	rs938132
chr15	45133666	rs1648282
chr15	45136220	rs2412957
chr15	45139608	rs2271435
chr15	45142295	rs2292464
chr15	45146339	rs1648305
chr15	45147712	rs938129
chr15	45150814	rs8041911
chr15	45151935	rs16939752
chr15	45152082	rs16939755
chr15	45153958	rs2458236
chr15	45158125	rs1648317
chr15	45164908	rs12438755
chr15	45164929	rs7169193
chr15	45165151	rs1648312
chr15	45165260	rs2292467
chr15	45165321	rs1648311
chr15	45167366	rs1629906
chr15	45168224	rs1706816
chr15	45169203	rs2162246
chr15	45174894	rs2292468
chr15	45176428	rs1648306
chr15	45179291	rs1648307
chr15	45180512	rs1620253
chr15	45182173	rs753414
chr15	45190477	rs16940351
chr15	45195845	rs1706826
chr15	45195934	rs3959644
chr15	45196555	rs7181168
chr15	45203757	rs12438970
chr15	45207849	rs765787
chr15	45220009	rs12909987
chr15	45220428	rs12915027
chr15	45221952	rs1706829
chr15	45222279	rs12592055
chr15	45224975	rs1706832
chr15	45226838	rs1706837
chr15	45229338	rs2554454
chr15	45233196	rs2413786
chr15	45233768	rs4775819
chr15	45233828	rs4774542
chr15	45234193	rs12901114
chr15	45237569	rs12439643
chr15	45243241	rs4514617
chr15	45243715	rs11636410
chr15	45250114	rs4774550
chr15	45251083	rs16941017
chr15	45251672	rs3759895
chr15	45254180	rs8037583
chr15	45254462	rs9921035
chr15	45254923	rs11629859
chr15	45255407	rs12904150
chr15	45257067	rs10519018
chr15	45257225	rs2413774
chr15	45257664	rs2413772
chr15	45258459	rs11637838
chr15	45258707	rs11637920
chr15	45258858	rs11632778
chr15	45258942	rs11632752
chr15	45259066	rs11632920
chr15	45259558	rs8039354
chr15	45259592	rs8039352
chr15	45262069	rs1060896
chr15	45262868	rs12913645
chr15	45264631	rs11631021
chr15	45265258	rs11632419
chr15	45265270	rs2271438
chr15	45265885	rs11854365
chr15	45267070	rs11639420
chr15	45269670	rs2413769
chr15	45269706	rs16941238
chr15	45269786	rs2413768
chr15	45275331	rs12440356
chr15	45276062	rs11639349
chr15	45276901	rs1706767
chr15	45277245	rs1706768
chr15	45278043	rs2461705
chr15	45279188	rs7167146
chr15	45279470	rs12908818
chr15	45282131	rs8024620
chr15	45285585	rs1719236
chr15	45287750	rs1706824
chr15	45296560	rs17533116
chr15	45299715	rs1719242
chr15	45302369	rs1719239
chr15	45317575	rs1719250
chr15	45322304	rs872192
chr15	45326036	rs1706799
chr15	45328787	rs1719247
chr15	45339670	rs1153862
chr15	45344386	rs1153860
chr15	45344469	rs12439274
chr15	45345464	rs11858495
chr15	45346049	rs16942066
chr15	45346933	rs11852800
chr15	45348429	rs2461700
chr15	45348900	rs2467864
chr15	45350587	rs17618294
chr15	45350686	rs9783731
chr15	45357589	rs4775911
chr15	45357798	rs1145091
chr15	45358088	rs1145090
chr15	45359888	rs4774580
chr15	45360505	rs1153858
chr15	45360691	rs4395020
chr15	45361169	rs1049518
chr15	45361394	rs1049508
chr15	45363705	rs3759899
chr15	45367715	rs9972498
chr15	45371486	rs10519022
chr15	45376857	rs12437840
chr15	45376896	rs12437887
chr15	45379127	rs7164602
chr15	45380831	rs1346268
chr15	45389140	rs1145080
chr15	45391597	rs1145077
chr15	45392310	rs1145076
chr15	45393893	rs2433610
chr15	45398791	rs1346267
chr15	45402120	rs3809472
chr15	45402318	rs1346266
chr15	45402381	rs1820518
chr15	45402412	rs1365610
chr15	45403497	rs1153849
chr15	45410601	rs3737267
chr15	45414541	rs12440038
chr15	45423599	rs1288861
chr15	45432531	rs1153845
chr15	45434313	rs1288852
chr15	45436539	rs2453518
chr15	45436925	rs1974981
chr15	45443667	rs8025019
chr15	45448014	rs9806724
chr15	45474881	rs12708404
chr15	45476711	rs2433617
chr15	45479553	rs11070458
chr15	45480250	rs1153831
chr15	45484226	rs2433600
chr15	45485146	rs1153829
chr15	45487612	rs2453531
chr15	45500579	rs2088164
chr15	45505486	rs35268622
chr15	45508837	rs950027
chr15	45510166	rs8029983
chr15	45513952	rs34400095
chr15	45516932	rs6493154
chr15	45523777	rs12907319
chr15	45528960	rs8029246
chr15	45535145	rs8023437
chr15	45539022	rs6493156
chr15	45545071	rs4448883
chr15	45545610	rs6493157
chr15	45549418	rs6493158
chr15	45554882	rs12439639
chr15	45555723	rs8042811
chr15	45562606	rs7170090
chr15	45564394	rs755165
chr15	45565111	rs8043258
chr15	45570254	rs8025407
chr15	45580071	rs17627219
chr15	45585817	rs8041902
chr15	45587924	rs16945097
chr15	45608220	rs7181436
chr15	45610581	rs12909221
chr15	45617106	rs3649
chr15	45631817	rs353099
chr15	45640981	rs625466
chr15	45642671	rs607541
chr15	45643557	rs1816804
chr15	45644547	rs675413
chr15	45646463	rs2218309
chr15	45649491	rs6493163
chr15	45653315	rs682805
chr15	45654779	rs11637984
chr15	45655421	rs6493165
chr15	45656186	rs635205
chr15	45657688	rs662592
chr15	45657940	rs674638
chr15	45657961	rs674676
chr15	45658169	rs675599
chr15	45658283	rs16946621
chr15	45658371	rs676476
chr15	45658653	rs677012
chr15	45658687	rs2670811
chr15	45658717	rs677413
chr15	45658760	rs3825946
chr15	45659273	rs16946635
chr15	45659353	rs2733250
chr15	45660264	rs8037147
chr15	45668699	rs11637483
chr15	45670429	rs11630132
chr15	45673243	rs16946803
chr15	45673903	rs16946821
chr15	45676237	rs1044032
chr15	45676337	rs12914266
chr15	45677582	rs12910629
chr15	45679968	rs12903858
chr15	45679994	rs2733251
chr15	45680044	rs17553285
chr15	45681312	rs2028589
chr15	45681372	rs12913151
chr15	45682430	rs2289578
chr15	45683327	rs6493166
chr15	45685162	rs8034672
chr15	45688194	rs2289579
chr15	45689119	rs10643
chr15	45692803	rs11070467
chr15	45694796	rs6493169
chr15	45695691	rs8025923
chr15	45698582	rs7172161
chr15	45706147	rs11854477
chr15	45707625	rs951295
chr15	45714018	rs652470
chr15	45714122	rs651990
chr15	45717205	rs607610
chr15	45719922	rs12901441
chr15	45720000	rs655385
chr15	45720071	rs654994
chr15	45720497	rs693980
chr15	45721548	rs1514003
chr15	45725528	rs907924
chr15	45725885	rs10152920
chr15	45726161	rs10152945
chr15	45727466	rs10153006
chr15	45727947	rs12148892
chr15	45730441	rs11633148
chr15	45732153	rs622019
chr15	45733230	rs1915190
chr15	45734347	rs17629768
chr15	45735231	rs17629860
chr15	45736064	rs8025000
chr15	45737653	rs17629961
chr15	45739953	rs588590
chr15	45743923	rs11070471
chr15	45744031	rs11070472
chr15	45746779	rs4774709
chr15	45747340	rs1033167
chr15	45748259	rs12915209
chr15	45751125	rs647771
chr15	45760192	rs11632150
chr15	45760722	rs11633202
chr15	45763660	rs2037051
chr15	45766258	rs11857175
chr15	45766290	rs932080
chr15	45768871	rs4408481
chr15	45771067	rs11630033
chr15	45778307	rs670348
chr15	45778468	rs4774204
chr15	45781261	rs1356881
chr15	45781393	rs10519035
chr15	45783735	rs7165191
chr15	45784002	rs1949575
chr15	45786109	rs11633886
chr15	45787579	rs17636594
chr15	45788247	rs1879331
chr15	45788766	rs3858882
chr15	45789560	rs11070473
chr15	45790683	rs11633256
chr15	45795080	rs2460627
chr15	45801469	rs2413792
chr15	45803324	rs11633914
chr15	45804853	rs2899383
chr15	45806163	rs2463376
chr15	45806530	rs2463378
chr15	45806692	rs4774770
chr15	45807336	rs2247958
chr15	45809383	rs2248216
chr15	45830337	rs2463395
chr15	45830626	rs2463396
chr15	45832805	rs11635738
chr15	45832827	rs11635633
chr15	45832965	rs12708406
chr15	45833571	rs2460641
chr15	45834750	rs11638436
chr15	45834793	rs2252546
chr15	45835153	rs17556590
chr15	45837693	rs4774223
chr15	45837808	rs4774224
chr15	45839727	rs12913242
chr15	45840854	rs13379495
chr15	45841079	rs10851426
chr15	45848973	rs17637724
chr15	45852727	rs16948518
chr15	45852994	rs17637794
chr15	45853591	rs17637808
chr15	45866209	rs7166380
chr15	45869595	rs8036492
chr15	45870687	rs6493180
chr15	45880004	rs10519038
chr15	45880443	rs8026843
chr15	45882214	rs9672775
chr15	45884289	rs16948745
chr15	45889046	rs16948769
chr15	45891508	rs11634071
chr15	45897731	rs6493182
chr15	45898168	rs28601791
chr15	45903596	rs11070479
chr15	45904070	rs1918497
chr15	45904165	rs1918498
chr15	45911031	rs12904649
chr15	45911254	rs12909225
chr15	45911385	rs12909419
chr15	45915325	rs4480736
chr15	45916829	rs12148088
chr15	45917646	rs4300581
chr15	45918888	rs2463370
chr15	45923717	rs11070483
chr15	45923845	rs11852360
chr15	45923957	rs11855962
chr15	45927753	rs2463372
chr15	45928789	rs2463374
chr15	45930674	rs1918510
chr15	45931531	rs2507354
chr15	45937377	rs4129446
chr15	45942117	rs2141227
chr15	45943266	rs2463380
chr15	45943633	rs2507359
chr15	45943830	rs2507360
chr15	45943946	rs16949297
chr15	45944000	rs2463383
chr15	45944267	rs2463386
chr15	45948515	rs2463389
chr15	45950000	rs2507363
chr15	45950067	rs2507364
chr15	45950082	rs7497466
chr15	45950456	rs6493186
chr15	45950488	rs6493187
chr15	45950529	rs6493188
chr15	45951483	rs4259989
chr15	45957359	rs11637587
chr15	45959191	rs4365233
chr15	45959394	rs17357114
chr15	45959805	rs12902348
chr15	45961107	rs16949660
chr15	45966910	rs1520429
chr15	45973717	rs4117519
chr15	45974290	rs2460626
chr15	45975943	rs939395
chr15	45976009	rs939396
chr15	45976340	rs1316362
chr15	45978364	rs2460615
chr15	45979785	rs12915217
chr15	45980888	rs2507369
chr15	45982821	rs10519041
chr15	45984849	rs1607726
chr15	45991230	rs8035816
chr15	45992712	rs1520433
chr15	45997261	rs12101736
chr15	46003034	rs28464106
chr15	46006222	rs11070485
chr15	46006260	rs2460620
chr15	46007505	rs2460621
chr15	46008595	rs3123808
chr15	46015431	rs7172785
chr15	46021597	rs1949568
chr15	46025762	rs12438889
chr15	46032686	rs7181004
chr15	46033788	rs12438405
chr15	46037277	rs12593093
chr15	46038100	rs1915163
chr15	46039930	rs12708407
chr15	46040167	rs7170386
chr15	46041316	rs1520427
chr15	46041400	rs1520428
chr15	46041694	rs17561075
chr15	46041977	rs1915161
chr15	46043428	rs17561271
chr15	46053489	rs7179883
chr15	46061283	rs1915153
chr15	46074982	rs7180578
chr15	46075936	rs11070487
chr15	46076017	rs10519042
chr15	46077084	rs16950867
chr15	46078481	rs3897951
chr15	46079834	rs17647146
chr15	46084244	rs1520431
chr15	46089676	rs10519044
chr15	46090120	rs12441108
chr15	46091129	rs10519045
chr15	46091838	rs2037386
chr15	46096566	rs12440883
chr15	46099221	rs1402117
chr15	46100090	rs1402118
chr15	46103970	rs8034465
chr15	46115292	rs6493192
chr15	46115351	rs8030038
chr15	46118345	rs4377102
chr15	46120988	rs2413803
chr15	46131156	rs2899387
chr15	46136120	rs5002066
chr15	46136388	rs12440616
chr15	46136778	rs7183547
chr15	46143751	rs12148724
chr15	46145787	rs1607725
chr15	46151495	rs10519046
chr15	46158976	rs1607724
chr15	46166318	rs984639
chr15	46174712	rs17562529
chr15	46175480	rs12437708
chr15	46176134	rs1434684
chr15	46183959	rs10519049
chr15	46198450	rs2196213
chr15	46206243	rs1897841
chr15	46211346	rs1155375
chr15	46217031	rs4363807
chr15	46218683	rs1434673
chr15	46218731	rs1434674
chr15	46225463	rs2043481
chr15	46225594	rs2043480
chr15	46225619	rs2060429
chr15	46227586	rs8038960
chr15	46229348	rs12443251
chr15	46232445	rs12913250
chr15	46234938	rs12905547
chr15	46236193	rs12439680
chr15	46236393	rs11070495
chr15	46239206	rs12440561
chr15	46240331	rs2899388
chr15	46243590	rs12906261
chr15	46246493	rs11070498
chr15	46246527	rs11070499
chr15	46251727	rs1821475
chr15	46256545	rs12909300
chr15	46256938	rs6493205
chr15	46264937	rs766756
chr15	46272245	rs17649182
chr15	46272309	rs17649193
chr15	46276251	rs12594042
chr15	46277424	rs17570563
chr15	46278524	rs4775238
chr15	46280707	rs971982
chr15	46282783	rs11070502
chr15	46283925	rs1434675
chr15	46286534	rs4775245
chr15	46289713	rs7180189
chr15	46290883	rs4775254
chr15	46293313	rs12440590
chr15	46293576	rs7161825
chr15	46294145	rs10519050
chr15	46295249	rs1484209
chr15	46299595	rs355391
chr15	46303710	rs355396
chr15	46312278	rs16953671
chr15	46312851	rs2075
chr15	46313019	rs17650637
chr15	46313079	rs2571249
chr15	46314433	rs1843089
chr15	46319777	rs1385078
chr15	46319812	rs1897843
chr15	46321326	rs16953764
chr15	46324022	rs10459609
chr15	46325648	rs12902684
chr15	46325898	rs12438197
chr15	46326870	rs8032966
chr15	46326912	rs6493208
chr15	46326935	rs7171047
chr15	46327368	rs12441274
chr15	46327637	rs4775283
chr15	46329555	rs7179667
chr15	46336996	rs11858584
chr15	46338743	rs7179770
chr15	46341138	rs12908274
chr15	46341678	rs7177592
chr15	46341797	rs17573590
chr15	46343170	rs1484202
chr15	46345706	rs7179610
chr15	46346866	rs9652447
chr15	46347610	rs4775302
chr15	46348665	rs1564781
chr15	46349668	rs1564780
chr15	46349909	rs17574125
chr15	46350065	rs4503732
chr15	46350331	rs8037978
chr15	46351882	rs1905552
chr15	46358955	rs1484200
chr15	46360969	rs1994198
chr15	46365394	rs7170955
chr15	46366171	rs7173889
chr15	46366195	rs7177122
chr15	46369613	rs17652962
chr15	46370323	rs17653050
chr15	46373434	rs7166231
chr15	46373992	rs1484194
chr15	46374599	rs7172570
chr15	46374683	rs1994195
chr15	46375767	rs1484197
chr15	46375989	rs12708409
chr15	46381314	rs12593630
chr15	46383042	rs12441691
chr15	46390596	rs4775379
chr15	46396583	rs4775388
chr15	46399090	rs6493209
chr15	46402581	rs7181951
chr15	46405948	rs8039174
chr15	46406213	rs12101737
chr15	46406280	rs12101384
chr15	46406905	rs16954656
chr15	46408513	rs2062308
chr15	46408683	rs12438084
chr15	46410007	rs11070518
chr15	46411410	rs1385073
chr15	46414160	rs1564779
chr15	46414410	rs11070519
chr15	46416034	rs16954760
chr15	46416076	rs1484192
chr15	46417110	rs2413808
chr15	46418791	rs1905556
chr15	46420101	rs11853849
chr15	46420173	rs11853869
chr15	46420428	rs11858155
chr15	46421068	rs1021190
chr15	46422029	rs1021192
chr15	46422716	rs8028187
chr15	46426092	rs8024368
chr15	46433983	rs1030588
chr15	46434277	rs1601206
chr15	46434509	rs1385080
chr15	46439079	rs1653244
chr15	46439918	rs13329127
chr15	46440467	rs1658007
chr15	46446159	rs165039
chr15	46446407	rs165038
chr15	46450130	rs165033
chr15	46450225	rs7174373
chr15	46450303	rs165032
chr15	46451445	rs17596339
chr15	46452317	rs1431609
chr15	46452504	rs7165345
chr15	46454481	rs1982753
chr15	46454915	rs165030
chr15	46455099	rs13380372
chr15	46455179	rs16955177
chr15	46455921	rs8023917
chr15	46456340	rs16955195
chr15	46456865	rs1897315
chr15	46457224	rs6493219
chr15	46460331	rs12323943
chr15	46472294	rs12916075
chr15	46473150	rs1548019
chr15	46477493	rs4775473
chr15	46483863	rs2043179
chr15	46488322	rs10519056
chr15	46488626	rs1431603
chr15	46488848	rs8030922
chr15	46490270	rs1121112
chr15	46496672	rs17248705
chr15	46497624	rs996215
chr15	46498435	rs1431602
chr15	46498786	rs1431600
chr15	46500076	rs7163251
chr15	46502625	rs1346952
chr15	46505575	rs2033735
chr15	46507396	rs8028825
chr15	46510100	rs2116342
chr15	46513071	rs4775509
chr15	46513421	rs8031757
chr15	46521468	rs2217521
chr15	46523851	rs701455
chr15	46529050	rs1878358
chr15	46533765	rs8037916
chr15	46544202	rs1356308
chr15	46544547	rs1347674
chr15	46544716	rs919622
chr15	46549572	rs1516855
chr15	46550110	rs8029968
chr15	46550213	rs1516854
chr15	46552838	rs1516850
chr15	46553014	rs1516846
chr15	46553323	rs10519060
chr15	46553477	rs10519062
chr15	46553764	rs16956563
chr15	46553890	rs1516845
chr15	46554008	rs8031287
chr15	46555680	rs1516843
chr15	46556372	rs2163524
chr15	46557981	rs11630435
chr15	46558119	rs4775569
chr15	46564381	rs2116343
chr15	46570443	rs815093
chr15	46571106	rs557823
chr15	46576413	rs16956766
chr15	46577328	rs491274
chr15	46577998	rs1155904
chr15	46578088	rs8026993
chr15	46578136	rs8027451
chr15	46578341	rs10519064
chr15	46578536	rs701463
chr15	46578631	rs7183984
chr15	46578657	rs701464
chr15	46578928	rs701465
chr15	46580077	rs558858
chr15	46581249	rs4774479
chr15	46583613	rs16956938
chr15	46584021	rs524220
chr15	46584453	rs472382
chr15	46584605	rs521826
chr15	46587733	rs7173120
chr15	46588597	rs1996671
chr15	46592038	rs2203646
chr15	46592148	rs580200
chr15	46592653	rs7170702
chr15	46593199	rs572296
chr15	46593911	rs815198
chr15	46594764	rs7162460
chr15	46596342	rs10851436
chr15	46596388	rs10851438
chr15	46596866	rs12592760
chr15	46599714	rs17251695
chr15	46600604	rs1914283
chr15	46602800	rs16952821
chr15	46603100	rs4775639
chr15	46603365	rs2413823
chr15	46604732	rs1400422
chr15	46605013	rs1400424
chr15	46612095	rs576486
chr15	46616238	rs8027616
chr15	46619713	rs490940
chr15	46622790	rs506087
chr15	46624221	rs1546692
chr15	46625679	rs504931
chr15	46626001	rs1914278
chr15	46629478	rs16957394
chr15	46631646	rs12437829
chr15	46633183	rs8030636
chr15	46636154	rs16957473
chr15	46641752	rs534170
chr15	46642928	rs494237
chr15	46643368	rs4775641
chr15	46643632	rs495710
chr15	46644161	rs7183967
chr15	46644365	rs535481
chr15	46644555	rs7166602
chr15	46644855	rs552806
chr15	46645597	rs12439241
chr15	46645632	rs545456
chr15	46646211	rs518935
chr15	46651556	rs1850348
chr15	46653383	rs531768
chr15	46653778	rs578527
chr15	46654663	rs1516862
chr15	46658698	rs7166152
chr15	46660152	rs9635329
chr15	46661199	rs499567
chr15	46661643	rs523034
chr15	46669438	rs8039143
chr15	46672048	rs10851440
chr15	46672345	rs2413825
chr15	46672694	rs16957749
chr15	46673991	rs2222132
chr15	46676184	rs1516861
chr15	46677457	rs16957825
chr15	46681356	rs12439830
chr15	46687287	rs10519069
chr15	46692562	rs8029349
chr15	46693607	rs1402135
chr15	46694313	rs16957963
chr15	46696216	rs939404
chr15	46697020	rs16957974
chr15	46704325	rs8028106
chr15	46706140	rs8033988
chr15	46707283	rs4774481
chr15	46707892	rs6493231
chr15	46710871	rs4338736
chr15	46715331	rs17268264
chr15	46718204	rs1402141
chr15	46718304	rs17133
chr15	46719371	rs7162410
chr15	46720285	rs16958219
chr15	46724190	rs1402140
chr15	46724541	rs1402138
chr15	46724692	rs12909481
chr15	46727466	rs8029664
chr15	46729260	rs12441872
chr15	46730066	rs12442123
chr15	46730864	rs16958433
chr15	46731613	rs16958448
chr15	46737708	rs16958536
chr15	46739669	rs2899395
chr15	46740425	rs10519075
chr15	46740955	rs12438000
chr15	46741151	rs2413827
chr15	46743440	rs2899396
chr15	46757948	rs12440351
chr15	46758117	rs12440389
chr15	46759686	rs11854077
chr15	46765090	rs2178098
chr15	46778167	rs4775655
chr15	46778938	rs1918644
chr15	46779334	rs10519078
chr15	46780340	rs16958667
chr15	46781449	rs17322852
chr15	46782646	rs1918641
chr15	46784179	rs16958673
chr15	46786167	rs6493233
chr15	46786523	rs10519079
chr15	46788940	rs4517728
chr15	46788961	rs12902436
chr15	46795089	rs11634183
chr15	46800597	rs1918660
chr15	46801652	rs1918662
chr15	46806826	rs2413830
chr15	46807351	rs4261469
chr15	46811755	rs12912198
chr15	46812783	rs9919958
chr15	46813102	rs1918665
chr15	46814131	rs1918667
chr15	46817007	rs4415965
chr15	46820704	rs4272978
chr15	46826943	rs4143321
chr15	46827228	rs8028421
chr15	46831281	rs9919957
chr15	46837346	rs4439706
chr15	46848868	rs11638446
chr15	46852188	rs12442708
chr15	46856329	rs12591051
chr15	46857944	rs1918638
chr15	46858414	rs2178099
chr15	46858443	rs16958757
chr15	46859914	rs11070543
chr15	46860643	rs16958772
chr15	46863078	rs17271534
chr15	46863352	rs8031322
chr15	46864381	rs7177307
chr15	46864436	rs17271669
chr15	46864998	rs1918646
chr15	46866618	rs6493240
chr15	46868429	rs1918650
chr15	46873947	rs8038981
chr15	46881362	rs9920608
chr15	46883042	rs8040462
chr15	46883506	rs10438310
chr15	46884083	rs11635696
chr15	46886496	rs8042193
chr15	46891933	rs17344342
chr15	46897013	rs4556738
chr15	46898016	rs7174560
chr15	46900198	rs6493246
chr15	46903027	rs11070553
chr15	46903064	rs11070554
chr15	46904168	rs8039044
chr15	46905741	rs16958856
chr15	46911424	rs6493247
chr15	46917816	rs16958871
chr15	46919456	rs4300583
chr15	46920041	rs8040180
chr15	46920873	rs11630623
chr15	46922322	rs10519089
chr15	46923680	rs8043480
chr15	46926950	rs2413835
chr15	46929167	rs7183100
chr15	46929727	rs11635724
chr15	46932409	rs13379514
chr15	46935485	rs16958894
chr15	46937927	rs12323964
chr15	46938721	rs8027408
chr15	46943385	rs9920693
chr15	46943466	rs9920764
chr15	46943813	rs2413844
chr15	46947045	rs6493253
chr15	46947093	rs6493255
chr15	46950375	rs17345773
chr15	46954453	rs1355589
chr15	46957658	rs968233
chr15	46959592	rs11070559
chr15	46968505	rs4775660
chr15	46974802	rs6493256
chr15	46982630	rs1849295
chr15	46982693	rs6493257
chr15	46988224	rs1912976
chr15	46990309	rs8030931
chr15	46997520	rs12443493
chr15	47001277	rs10431773
chr15	47004960	rs10851446
chr15	47008798	rs11637539
chr15	47013342	rs11070561
chr15	47013518	rs1398206
chr15	47018430	rs8031753
chr15	47038788	rs17346361
chr15	47043472	rs1515744
chr15	47049703	rs17346776
chr15	47053825	rs12148480
chr15	47061309	rs1807201
chr15	47069316	rs16973924
chr15	47072893	rs13329472
chr15	47072973	rs2413857
chr15	47076651	rs17281823
chr15	47079922	rs12914262
chr15	47090619	rs7170103
chr15	47103292	rs17282187
chr15	47103512	rs16973929
chr15	47114619	rs10519101
chr15	47114799	rs2175572
chr15	47114866	rs2175573
chr15	47115016	rs10519102
chr15	47115066	rs17282514
chr15	47122914	rs12102117
chr15	47123106	rs12101593
chr15	47124704	rs11070567
chr15	47134759	rs11070570
chr15	47138627	rs16958992
chr15	47141241	rs689784
chr15	47142248	rs11856318
chr15	47145849	rs1588913
chr15	47155408	rs17355029
chr15	47155825	rs17355071
chr15	47157188	rs2017012
chr15	47157727	rs1037552
chr15	47158808	rs1823919
chr15	47161301	rs12909517
chr15	47164256	rs34851566
chr15	47173502	rs7170708
chr15	47178186	rs1972118
chr15	47180042	rs13329605
chr15	47180132	rs13329601
chr15	47180203	rs9806619
chr15	47190015	rs1817178
chr15	47190490	rs11856716
chr15	47191491	rs17283584
chr15	47193006	rs12916497
chr15	47196324	rs282507
chr15	47196780	rs715693
chr15	47196824	rs715694
chr15	47199047	rs1454835
chr15	47203279	rs12907706
chr15	47204294	rs7176566
chr15	47204604	rs7178456
chr15	47207112	rs7168212
chr15	47208963	rs7169820
chr15	47210955	rs1040148
chr15	47212739	rs9944240
chr15	47213007	rs2037142
chr15	47213526	rs282518
chr15	47218722	rs12594363
chr15	47219044	rs282501
chr15	47220084	rs921764
chr15	47220457	rs282502
chr15	47221056	rs6493265
chr15	47226610	rs1563245
chr15	47226882	rs8034147
chr15	47233464	rs12591287
chr15	47235883	rs11858146
chr15	47237525	rs16959090
chr15	47238235	rs16959091
chr15	47241281	rs1349951
chr15	47250434	rs12443168
chr15	47254980	rs11634896
chr15	47261301	rs2124132
chr15	47266653	rs728429
chr15	47274136	rs1470981
chr15	47276509	rs7165678
chr15	47282857	rs2045158
chr15	47283350	rs7176161
chr15	47284458	rs977667
chr15	47284772	rs957566
chr15	47285480	rs16959157
chr15	47288742	rs766132
chr15	47295560	rs903979
chr15	47295932	rs1107930
chr15	47298199	rs16959208
chr15	47298215	rs8040612
chr15	47298699	rs7182003
chr15	47300265	rs1993336
chr15	47300413	rs12908686
chr15	47301537	rs7178329
chr15	47301836	rs12915095
chr15	47304852	rs7175513
chr15	47311277	rs17287118
chr15	47316794	rs10851451
chr15	47317874	rs8040530
chr15	47321206	rs6493270
chr15	47328770	rs504729
chr15	47333372	rs498460
chr15	47335075	rs535027
chr15	47337397	rs7162463
chr15	47341803	rs623549
chr15	47346241	rs593094
chr15	47348027	rs518222
chr15	47348590	rs578458
chr15	47348781	rs635106
chr15	47350306	rs1486898
chr15	47350566	rs1486899
chr15	47350796	rs1486901
chr15	47351598	rs557899
chr15	47352017	rs561622
chr15	47352331	rs653749
chr15	47353247	rs16959321
chr15	47353592	rs1390876
chr15	47353695	rs1390877
chr15	47353892	rs11854608
chr15	47353964	rs12050859
chr15	47355558	rs591143
chr15	47356713	rs1496923
chr15	47357909	rs3371
chr15	47358964	rs4774494
chr15	47358971	rs647488
chr15	47359165	rs4774495
chr15	47360619	rs17289269
chr15	47362219	rs585640
chr15	47366017	rs420095
chr15	47366334	rs2899412
chr15	47369234	rs281281
chr15	47374636	rs281248
chr15	47377345	rs281251
chr15	47377485	rs4624112
chr15	47380115	rs281259
chr15	47383405	rs281265
chr15	47384292	rs6493274
chr15	47384519	rs8040191
chr15	47384890	rs12917367
chr15	47385756	rs4368110
chr15	47386039	rs4528506
chr15	47386146	rs16959379
chr15	47387060	rs281282
chr15	47387529	rs2132661
chr15	47389053	rs281286
chr15	47389960	rs281290
chr15	47390231	rs281291
chr15	47390875	rs281292
chr15	47392267	rs4359384
chr15	47392483	rs4511474
chr15	47392813	rs281296
chr15	47392883	rs1025144
chr15	47393109	rs1025145
chr15	47393181	rs962949
chr15	47393307	rs281297
chr15	47393556	rs281298
chr15	47393884	rs281299
chr15	47393948	rs281300
chr15	47394066	rs3198
chr15	47394393	rs11070582
chr15	47394465	rs281302
chr15	47395638	rs1908795
chr15	47397853	rs281304
chr15	47398526	rs1158759
chr15	47402916	rs281311
chr15	47404392	rs281313
chr15	47405844	rs281316
chr15	47406145	rs11070583
chr15	47406367	rs281317
chr15	47408600	rs8026226
chr15	47409062	rs17310788
chr15	47409188	rs17310823
chr15	47409274	rs403871
chr15	47409930	rs2433020
chr15	47410245	rs188133
chr15	47412199	rs281209
chr15	47414712	rs16959430
chr15	47415317	rs281215
chr15	47416382	rs281216
chr15	47417002	rs17311369
chr15	47419420	rs12438904
chr15	47419455	rs281219
chr15	47423840	rs166835
chr15	47426455	rs10467913
chr15	47427360	rs2132662
chr15	47430916	rs281236
chr15	47431784	rs4143629
chr15	47431843	rs4775685
chr15	47437818	rs6493278
chr15	47438673	rs8039398
chr15	47440302	rs16959499
chr15	47441759	rs16959504
chr15	47442776	rs8041003
chr15	47444846	rs281243
chr15	47445866	rs1559677
chr15	47446716	rs7162110
chr15	47446950	rs1948572
chr15	47448735	rs16959519
chr15	47451428	rs392572
chr15	47451537	rs1390869
chr15	47452134	rs421853
chr15	47453298	rs7171859
chr15	47454287	rs16959537
chr15	47454577	rs13313462
chr15	47456155	rs10467988
chr15	47459454	rs16959540
chr15	47459517	rs2173093
chr15	47463335	rs1390871
chr15	47469662	rs16959549
chr15	47471529	rs8034783
chr15	47472530	rs903978
chr15	47473773	rs16959552
chr15	47476682	rs1797225
chr15	47477227	rs281320
chr15	47479335	rs1496908
chr15	47481452	rs16959561
chr15	47487116	rs8031867
chr15	47493060	rs12442480
chr15	47496612	rs1369645
chr15	47502004	rs12439521
chr15	47502306	rs12440266
chr15	47503221	rs1656605
chr15	47503892	rs1656607
chr15	47504678	rs12908208
chr15	47505635	rs1618196
chr15	47505801	rs1797222
chr15	47506753	rs1797221
chr15	47507904	rs13379901
chr15	47511438	rs1008968
chr15	47512072	rs12440759
chr15	47514525	rs1435738
chr15	47518166	rs1656618
chr15	47519858	rs4775692
chr15	47519999	rs12441744
chr15	47523287	rs1656623
chr15	47523858	rs1797242
chr15	47524122	rs8032090
chr15	47524177	rs11070591
chr15	47525643	rs2304413
chr15	47527889	rs1656624
chr15	47528067	rs1797236
chr15	47528941	rs11070592
chr15	47532886	rs16959669
chr15	47533093	rs1623020
chr15	47533123	rs1435737
chr15	47536129	rs1035704
chr15	47536202	rs7173754
chr15	47539719	rs1797231
chr15	47540380	rs8027222
chr15	47541494	rs17376095
chr15	47542629	rs7179135
chr15	47543812	rs1656631
chr15	47544626	rs1797229
chr15	47545060	rs1797227
chr15	47549508	rs1435745
chr15	47558129	rs10519129
chr15	47560764	rs12437563
chr15	47563236	rs12909534
chr15	47566058	rs4774497
chr15	47572101	rs12592568
chr15	47574119	rs16959696
chr15	47577989	rs1865647
chr15	47580084	rs16959700
chr15	47581280	rs4775698
chr15	47581352	rs4775699
chr15	47582314	rs10519132
chr15	47582457	rs4603502
chr15	47582838	rs12438075
chr15	47584513	rs11633288
chr15	47585493	rs4270119
chr15	47586223	rs11634974
chr15	47586424	rs1865648
chr15	47586807	rs11636198
chr15	47588859	rs7168717
chr15	47598153	rs1898110
chr15	47599035	rs16959731
chr15	47599052	rs12442865
chr15	47599735	rs2117798
chr15	47599824	rs16959739
chr15	47600101	rs1898111
chr15	47600308	rs12438247
chr15	47602355	rs1435755
chr15	47603017	rs999128
chr15	47603308	rs999130
chr15	47603346	rs1224671
chr15	47606291	rs2666552
chr15	47607671	rs1912635
chr15	47610811	rs16959825
chr15	47611450	rs8039597
chr15	47612611	rs1369643
chr15	47612696	rs1369642
chr15	47614521	rs12914000
chr15	47614963	rs1561042
chr15	47619066	rs16959883
chr15	47622494	rs1912631
chr15	47624146	rs2413879
chr15	47627120	rs2573564
chr15	47629141	rs2573566
chr15	47629317	rs2136897
chr15	47634412	rs12898202
chr15	47635723	rs1347473
chr15	47637340	rs2573568
chr15	47640966	rs10519136
chr15	47643588	rs1435742
chr15	47644166	rs17326895
chr15	47647308	rs1865649
chr15	47647759	rs10851458
chr15	47651955	rs1224674
chr15	47652630	rs1369637
chr15	47655094	rs12912380
chr15	47664559	rs4774501
chr15	47671757	rs10519138
chr15	47678351	rs1912637
chr15	47679254	rs12902636
chr15	47684083	rs7169110
chr15	47686930	rs8026338
chr15	47687381	rs17327778
chr15	47690259	rs16959924
chr15	47691035	rs9673061
chr15	47694415	rs12593611
chr15	47694776	rs1912640
chr15	47695472	rs1108605
chr15	47696962	rs955845
chr15	47698069	rs1912643
chr15	47698643	rs11857760
chr15	47699008	rs4775702
chr15	47700906	rs1912645
chr15	47701857	rs8032760
chr15	47701955	rs17328497
chr15	47702506	rs11070608
chr15	47703187	rs1912629
chr15	47705572	rs1224656
chr15	47706963	rs1224657
chr15	47707122	rs8040348
chr15	47707344	rs8024211
chr15	47707512	rs1224659
chr15	47709268	rs1224661
chr15	47714381	rs1347891
chr15	47720977	rs938045
chr15	47722919	rs9920036
chr15	47726001	rs586226
chr15	47732725	rs586799
chr15	47733819	rs17329501
chr15	47739033	rs2600867
chr15	47739084	rs687566
chr15	47739769	rs1153820
chr15	47741828	rs8029928
chr15	47742160	rs938044
chr15	47743488	rs765
chr15	47745452	rs4775708
chr15	47746567	rs9888724
chr15	47749949	rs76739
chr15	47752490	rs11070610
chr15	47753051	rs11629796
chr15	47753784	rs7167021
chr15	47755479	rs11855134
chr15	47759259	rs3809485
chr15	47759365	rs3809487
chr15	47759455	rs16960030
chr15	47761032	rs501916
chr15	47761137	rs599111
chr15	47761533	rs9920019
chr15	47761875	rs8023364
chr15	47762922	rs3743276
chr15	47763735	rs483656
chr15	47764538	rs565627
chr15	47764761	rs3743281
chr15	47765422	rs537052
chr15	47765601	rs6493294
chr15	47765874	rs532598
chr15	47766017	rs531596
chr15	47766732	rs603569
chr15	47767126	rs576914
chr15	47768134	rs8037600
chr15	47768253	rs4775710
chr15	47769877	rs11855337
chr15	47770879	rs568215
chr15	47773290	rs1045688
chr15	47773595	rs3743286
chr15	47775790	rs11857458
chr15	47776253	rs1025759
chr15	47776970	rs652856
chr15	47777291	rs1561483
chr15	47778294	rs8039913
chr15	47778596	rs9806697
chr15	47778954	rs512255
chr15	47779935	rs4775711
chr15	47780846	rs1439324
chr15	47780861	rs1439323
chr15	47781874	rs532707
chr15	47784725	rs553338
chr15	47784863	rs687743
chr15	47785728	rs4775714
chr15	47786135	rs671434
chr15	47786868	rs4775715
chr15	47788608	rs17332642
chr15	47789954	rs596942
chr15	47790829	rs557700
chr15	47791186	rs688709
chr15	47792536	rs645856
chr15	47793261	rs642399
chr15	47794756	rs1439331
chr15	47795421	rs4775719
chr15	47798403	rs1898853
chr15	47800797	rs10851460
chr15	47802952	rs537722
chr15	47804920	rs477077
chr15	47806226	rs10519146
chr15	47808684	rs17333526
chr15	47809813	rs616614
chr15	47811931	rs16960157
chr15	47812098	rs560918
chr15	47813219	rs529702
chr15	47814724	rs17418632
chr15	47815922	rs10519147
chr15	47819841	rs655145
chr15	47821383	rs627825
chr15	47821746	rs963031
chr15	47825251	rs11070615
chr15	47826764	rs1224635
chr15	47826971	rs649603
chr15	47827132	rs935875
chr15	47831031	rs1224631
chr15	47834032	rs16960195
chr15	47834735	rs1453846
chr15	47835231	rs568920
chr15	47836699	rs8029881
chr15	47840182	rs8037500
chr15	47841087	rs16960210
chr15	47841489	rs6493299
chr15	47841600	rs639085
chr15	47842533	rs1561484
chr15	47843367	rs785016
chr15	47845511	rs671291
chr15	47846221	rs1542043
chr15	47846758	rs576606
chr15	47846958	rs10519150
chr15	47849144	rs1453862
chr15	47849261	rs1453861
chr15	47849747	rs478369
chr15	47850806	rs10775136
chr15	47852871	rs16960231
chr15	47852953	rs12917114
chr15	47853057	rs11070617
chr15	47853621	rs1224606
chr15	47853660	rs499354
chr15	47853711	rs660088
chr15	47854161	rs1439332
chr15	47855265	rs518949
chr15	47855938	rs12324326
chr15	47857061	rs649496
chr15	47857125	rs649122
chr15	47858258	rs633868
chr15	47864789	rs669653
chr15	47864846	rs16960247
chr15	47864910	rs558454
chr15	47865326	rs785011
chr15	47878912	rs677982
chr15	47879359	rs7162001
chr15	47879544	rs481234
chr15	47883352	rs628415
chr15	47884990	rs590404
chr15	47885899	rs470794
chr15	47886078	rs470884
chr15	47886295	rs470888
chr15	47886708	rs618699
chr15	47887272	rs470561
chr15	47887700	rs529245
chr15	47892120	rs491115
chr15	47895400	rs470151
chr15	47896091	rs470754
chr15	47897691	rs470204
chr15	47900010	rs530219
chr15	47907964	rs1377676
chr15	47914071	rs509141
chr15	47915269	rs549368
chr15	47917521	rs16960341
chr15	47917860	rs11853654
chr15	47918157	rs682567
chr15	47919513	rs16960343
chr15	47919738	rs2965306
chr15	47924699	rs2924562
chr15	47925025	rs12441840
chr15	47926214	rs1106926
chr15	47927184	rs16960355
chr15	47927793	rs2924561
chr15	47932774	rs12440824
chr15	47937403	rs1453854
chr15	47941532	rs2100425
chr15	47945622	rs8027384
chr15	47948825	rs2924575
chr15	47949984	rs668316
chr15	47954757	rs751467
chr15	47959924	rs2965315
chr15	47962505	rs1982473
chr15	47964038	rs4284577
chr15	47967329	rs8031278
chr15	47967522	rs2934193
chr15	47969222	rs16960413
chr15	47972298	rs2965318
chr15	47975329	rs1453850
chr15	47976289	rs2924567
chr15	47976564	rs2924566
chr15	47978412	rs8033729
chr15	47981933	rs2965323
chr15	47982650	rs16960438
chr15	47994157	rs2965302
chr15	47995604	rs1869456
chr15	48001478	rs1869455
chr15	48003574	rs2924578
chr15	48004327	rs1377680
chr15	48007454	rs16960482
chr15	48007981	rs4775730
chr15	48008286	rs8034563
chr15	48009867	rs17423970
chr15	48010882	rs8025421
chr15	48019213	rs9788730
chr15	48027774	rs12594966
chr15	48028884	rs1377686
chr15	48032131	rs1869453
chr15	48034979	rs1426656
chr15	48035369	rs17340116
chr15	48036711	rs1453857
chr15	48037345	rs16960516
chr15	48047309	rs1025199
chr15	48060055	rs2433363
chr15	48061727	rs17425171
chr15	48077906	rs16960541
chr15	48084307	rs2459392
chr15	48085316	rs10519163
chr15	48088741	rs7180657
chr15	48092710	rs2250072
chr15	48093233	rs2459384
chr15	48094891	rs2459385
chr15	48097727	rs12440301
chr15	48099968	rs1834640
chr15	48113698	rs938505
chr15	48119624	rs2675346
chr15	48124163	rs2433356
chr15	48126448	rs2675347
chr15	48139447	rs3743288
chr15	48141297	rs2470102
chr15	48168949	rs3817315
chr15	48227735	rs12907018
chr15	48228393	rs12912107
chr15	48231070	rs12904216
chr15	48231087	rs16960698
chr15	48234074	rs1531916
chr15	48235916	rs11070629
chr15	48237743	rs11633336
chr15	48247390	rs6493311
chr15	48249197	rs8034192
chr15	48249503	rs2279365
chr15	48249830	rs2279366
chr15	48249907	rs2279367
chr15	48250359	rs6493312
chr15	48250418	rs16960712
chr15	48251855	rs8026268
chr15	48253184	rs8032420
chr15	48254530	rs12593807
chr15	48255779	rs2291340
chr15	48262644	rs1878187
chr15	48271900	rs8040834
chr15	48271963	rs8039702
chr15	48273292	rs6493314
chr15	48274817	rs6493315
chr15	48275280	rs6493316
chr15	48275959	rs6493317
chr15	48276062	rs6493318
chr15	48277212	rs1426722
chr15	48278381	rs3784616
chr15	48280640	rs8040405
chr15	48284184	rs3784618
chr15	48287279	rs7179027
chr15	48287507	rs7179535
chr15	48291886	rs2291342
chr15	48297784	rs17350938
chr15	48299790	rs10152424
chr15	48302995	rs8025278
chr15	48303169	rs12902028
chr15	48305105	rs964612
chr15	48305317	rs964611
chr15	48308583	rs7168752
chr15	48313380	rs2413891
chr15	48314149	rs8037626
chr15	48314955	rs16960758
chr15	48326622	rs8032357
chr15	48331303	rs12592155
chr15	48333741	rs3784619
chr15	48336004	rs7175137
chr15	48337687	rs10851465
chr15	48340956	rs11637235
chr15	48346517	rs8025164
chr15	48347540	rs12917438
chr15	48350064	rs4775749
chr15	48353083	rs12592330
chr15	48354318	rs16960809
chr15	48355229	rs8027003
chr15	48355310	rs11630744
chr15	48363743	rs971952
chr15	48368261	rs12148465
chr15	48369146	rs4775754
chr15	48372829	rs10519169
chr15	48378108	rs4775758
chr15	48378411	rs1426721
chr15	48378707	rs959324
chr15	48383030	rs919129
chr15	48383677	rs11854805
chr15	48385186	rs8043050
chr15	48385888	rs12904816
chr15	48387502	rs11070640
chr15	48393978	rs10519170
chr15	48394113	rs8042740
chr15	48400412	rs8032307
chr15	48400415	rs8032308
chr15	48401585	rs16960880
chr15	48402014	rs17352842
chr15	48407289	rs16960886
chr15	48407906	rs2899417
chr15	48408832	rs11070641
chr15	48409031	rs12050562
chr15	48410676	rs1042078
chr15	48410933	rs363849
chr15	48411626	rs8023401
chr15	48413009	rs16960901
chr15	48414374	rs12916536
chr15	48421799	rs1820488
chr15	48423251	rs9920570
chr15	48428455	rs363830
chr15	48430687	rs363836
chr15	48432571	rs8034591
chr15	48436094	rs4255736
chr15	48436437	rs2042747
chr15	48436833	rs363820
chr15	48437451	rs2042746
chr15	48442019	rs2278186
chr15	48442427	rs10519174
chr15	48444753	rs1426717
chr15	48446885	rs363800
chr15	48447077	rs2303500
chr15	48449799	rs1426715
chr15	48455033	rs3825963
chr15	48455243	rs2555470
chr15	48458323	rs1812873
chr15	48460948	rs2466792
chr15	48462971	rs9806595
chr15	48464998	rs10519177
chr15	48467094	rs4774517
chr15	48472745	rs16960981
chr15	48478383	rs2413906
chr15	48487205	rs11853943
chr15	48487892	rs7176364
chr15	48490366	rs11635140
chr15	48491072	rs4283172
chr15	48492300	rs11070644
chr15	48494997	rs7165060
chr15	48495048	rs6493325
chr15	48497437	rs140605
chr15	48500247	rs9652450
chr15	48503680	rs16961033
chr15	48504140	rs12904033
chr15	48504995	rs25459
chr15	48511017	rs11854914
chr15	48511642	rs9806163
chr15	48511722	rs16961062
chr15	48514342	rs16961065
chr15	48516883	rs12592240
chr15	48517231	rs6493327
chr15	48519823	rs755251
chr15	48523883	rs12909189
chr15	48527305	rs6493328
chr15	48528510	rs16961099
chr15	48528704	rs4374113
chr15	48528851	rs2279237
chr15	48530430	rs5027380
chr15	48531573	rs8026752
chr15	48534947	rs7164585
chr15	48543738	rs589668
chr15	48543922	rs4775767
chr15	48546822	rs11855770
chr15	48548638	rs595244
chr15	48555418	rs17363371
chr15	48557531	rs2437948
chr15	48558288	rs17748607
chr15	48569090	rs11854943
chr15	48569320	rs12898572
chr15	48572600	rs12915677
chr15	48583960	rs1678978
chr15	48590769	rs657635
chr15	48590961	rs16961207
chr15	48591499	rs1354738
chr15	48592632	rs17364665
chr15	48599768	rs668842
chr15	48601452	rs2455925
chr15	48604633	rs1678979
chr15	48607900	rs1678981
chr15	48608389	rs1876206
chr15	48609116	rs12591400
chr15	48613619	rs767441
chr15	48614380	rs612617
chr15	48618394	rs2018854
chr15	48622729	rs1036477
chr15	48623353	rs1567074
chr15	48623687	rs2118181
chr15	48636143	rs12019019
chr15	48638448	rs1678983
chr15	48639254	rs2247876
chr15	48642431	rs6493331
chr15	48646849	rs6493333
chr15	48652075	rs2289136
chr15	48655765	rs1848053
chr15	48656094	rs8042197
chr15	48656881	rs7166445
chr15	48659080	rs2099562
chr15	48666885	rs16961323
chr15	48672170	rs12442299
chr15	48673021	rs1566816
chr15	48674166	rs1995620
chr15	48678083	rs10851470
chr15	48681700	rs8038940
chr15	48692625	rs12907144
chr15	48695522	rs2045891
chr15	48698392	rs7175415
chr15	48700700	rs2725544
chr15	48703189	rs1072994
chr15	48704085	rs784409
chr15	48705579	rs784410
chr15	48708359	rs1114254
chr15	48711575	rs17463995
chr15	48718852	rs2413913
chr15	48719738	rs12594187
chr15	48719816	rs784414
chr15	48719883	rs784415
chr15	48720814	rs784417
chr15	48722142	rs804319
chr15	48724827	rs16961470
chr15	48725459	rs7180856
chr15	48734009	rs809207
chr15	48741118	rs16961518
chr15	48742824	rs1677249
chr15	48745732	rs12185088
chr15	48746273	rs12185099
chr15	48747600	rs784411
chr15	48750722	rs1841968
chr15	48755134	rs1699402
chr15	48755266	rs1677251
chr15	48755295	rs1699400
chr15	48760472	rs12442921
chr15	48760612	rs16961587
chr15	48765995	rs11631110
chr15	48766639	rs7171063
chr15	48767476	rs9302144
chr15	48773492	rs12440614
chr15	48777325	rs10162969
chr15	48778405	rs7179618
chr15	48781706	rs7176696
chr15	48782342	rs2289179
chr15	48783721	rs11631496
chr15	48786769	rs17465874
chr15	48789340	rs7170604
chr15	48797978	rs2289181
chr15	48802197	rs8035205
chr15	48809294	rs2899422
chr15	48809634	rs4482220
chr15	48809840	rs2899423
chr15	48810130	rs4775774
chr15	48811047	rs2304546
chr15	48811912	rs8037097
chr15	48812018	rs11070652
chr15	48812311	rs2413914
chr15	48815017	rs11857757
chr15	48818122	rs4775775
chr15	48823378	rs11070654
chr15	48824196	rs2304547
chr15	48825352	rs1062124
chr15	48825890	rs3743292
chr15	48829108	rs4774524
chr15	48834937	rs1426199
chr15	48839414	rs4775777
chr15	48842516	rs1544877
chr15	48843829	rs17382306
chr15	48845085	rs6493341
chr15	48847570	rs16961720
chr15	48849187	rs8040253
chr15	48850853	rs12906456
chr15	48851035	rs17467239
chr15	48851331	rs17382534
chr15	48854281	rs4774525
chr15	48855995	rs16961728
chr15	48856280	rs7183535
chr15	48857062	rs16961743
chr15	48859206	rs1974961
chr15	48865409	rs9672326
chr15	48870723	rs10519192
chr15	48870756	rs10519193
chr15	48870849	rs10519194
chr15	48870987	rs10519195
chr15	48872304	rs10519196
chr15	48873235	rs4435197
chr15	48874220	rs9806753
chr15	48874885	rs8025229
chr15	48880120	rs10519197
chr15	48885848	rs7177833
chr15	48892484	rs4774527
chr15	48895477	rs7162426
chr15	48896646	rs16961813
chr15	48898363	rs16961815
chr15	48898543	rs12907348
chr15	48900129	rs4775785
chr15	48900594	rs8023445
chr15	48900694	rs6493342
chr15	48902914	rs16961819
chr15	48903423	rs11858645
chr15	48906734	rs12232276
chr15	48907180	rs17383671
chr15	48907195	rs11854994
chr15	48914600	rs934740
chr15	48914705	rs934741
chr15	48915195	rs7177968
chr15	48916625	rs17383845
chr15	48917435	rs12593599
chr15	48919851	rs4381535
chr15	48922434	rs7169672
chr15	48923112	rs1007662
chr15	48924526	rs2009404
chr15	48925770	rs4774529
chr15	48926310	rs17384124
chr15	48927239	rs7178573
chr15	48927578	rs10519199
chr15	48928420	rs11070664
chr15	48928468	rs12439459
chr15	48928642	rs10519200
chr15	48929056	rs11070665
chr15	48929394	rs10519201
chr15	48929684	rs2413922
chr15	48930049	rs12440434
chr15	48932175	rs4259993
chr15	48932926	rs7178085
chr15	48933194	rs11638748
chr15	48935624	rs4491452
chr15	48938468	rs10851473
chr15	48938914	rs12323963
chr15	48941181	rs16961929
chr15	48945279	rs17469978
chr15	48945512	rs11070667
chr15	48946233	rs12898878
chr15	48946587	rs11070668
chr15	48950608	rs12915940
chr15	48951766	rs6493344
chr15	48955323	rs4775789
chr15	48956033	rs11636290
chr15	48959170	rs11070670
chr15	48960376	rs4575482
chr15	48961280	rs11636875
chr15	48961449	rs11070671
chr15	48961696	rs16961946
chr15	48961764	rs8031813
chr15	48965004	rs12906122
chr15	48968404	rs4474633
chr15	48969988	rs11631087
chr15	48979887	rs7173509
chr15	48984219	rs7359317
chr15	48987209	rs8037958
chr15	48989427	rs1054307
chr15	48994677	rs11070675
chr15	48995963	rs4775793
chr15	48996949	rs4390538
chr15	49000997	rs11854184
chr15	49009096	rs7167402
chr15	49010485	rs4775797
chr15	49012454	rs8029914
chr15	49016326	rs4457942
chr15	49018672	rs11635777
chr15	49018757	rs17392679
chr15	49022279	rs6493346
chr15	49025069	rs16961984
chr15	49029332	rs11638981
chr15	49031658	rs8029751
chr15	49032884	rs3743293
chr15	49033092	rs11638215
chr15	49037239	rs4775798
chr15	49041920	rs7177404
chr15	49047021	rs16962017
chr15	49049282	rs12442006
chr15	49050433	rs7177541
chr15	49058222	rs10519206
chr15	49062185	rs935001
chr15	49066320	rs11070681
chr15	49066413	rs2899427
chr15	49067423	rs11070682
chr15	49083018	rs2413930
chr15	49083128	rs2413931
chr15	49083544	rs12101599
chr15	49091284	rs2413932
chr15	49096052	rs10519208
chr15	49104667	rs12148348
chr15	49105615	rs7179393
chr15	49117739	rs7497114
chr15	49123499	rs16962067
chr15	49124549	rs11633810
chr15	49125349	rs1048975
chr15	49128619	rs17394420
chr15	49133851	rs11858814
chr15	49139819	rs489813
chr15	49140891	rs3088333
chr15	49141093	rs11853754
chr15	49146129	rs12915792
chr15	49149326	rs17473568
chr15	49151544	rs7181656
chr15	49155815	rs17435932
chr15	49158747	rs2413935
chr15	49165404	rs2457228
chr15	49168980	rs16962146
chr15	49169051	rs577659
chr15	49172364	rs3105864
chr15	49172647	rs3098613
chr15	49180510	rs34748066
chr15	49185642	rs7162178
chr15	49187281	rs12901353
chr15	49196050	rs3105865
chr15	49200161	rs641077
chr15	49200784	rs8028746
chr15	49202368	rs7179907
chr15	49212584	rs481466
chr15	49216375	rs586758
chr15	49218364	rs3098619
chr15	49229462	rs626295
chr15	49238995	rs520949
chr15	49242505	rs16962177
chr15	49245962	rs11858114
chr15	49248019	rs16962191
chr15	49250087	rs11631782
chr15	49256654	rs1114003
chr15	49257746	rs17396612
chr15	49265829	rs2086256
chr15	49269258	rs16962236
chr15	49269551	rs16962237
chr15	49270069	rs1904317
chr15	49270535	rs16962243
chr15	49270849	rs16962244
chr15	49276249	rs16962256
chr15	49276477	rs16962259
chr15	49280763	rs11854557
chr15	49281749	rs2127242
chr15	49288181	rs7173759
chr15	49293782	rs7177959
chr15	49295636	rs16962308
chr15	49302431	rs16962314
chr15	49309228	rs11635005
chr15	49311418	rs7179127
chr15	49315174	rs2219812
chr15	49315655	rs1864299
chr15	49320662	rs1981995
chr15	49327203	rs8031480
chr15	49328003	rs1055254
chr15	49329413	rs2078024
chr15	49330072	rs12910584
chr15	49330134	rs919447
chr15	49331121	rs8040134
chr15	49333371	rs10438273
chr15	49333733	rs10851475
chr15	49343841	rs7162360
chr15	49347271	rs8024102
chr15	49348116	rs11854667
chr15	49350115	rs2163096
chr15	49351722	rs6493363
chr15	49360716	rs10851476
chr15	49362700	rs6493366
chr15	49362972	rs6493367
chr15	49369932	rs11070688
chr15	49376723	rs11070689
chr15	49382366	rs12900001
chr15	49384692	rs16962414
chr15	49385031	rs16962416
chr15	49392588	rs16962418
chr15	49394220	rs17477722
chr15	49395746	rs12903992
chr15	49403430	rs11852524
chr15	49412544	rs12591300
chr15	49414270	rs6493369
chr15	49416513	rs1904316
chr15	49418988	rs17477923
chr15	49419900	rs1429555
chr15	49423810	rs11631040
chr15	49424281	rs17478047
chr15	49424648	rs16962440
chr15	49426531	rs11635308
chr15	49428581	rs10519225
chr15	49429685	rs12594827
chr15	49436562	rs12592277
chr15	49437728	rs4316697
chr15	49438717	rs2899437
chr15	49441549	rs7168316
chr15	49443100	rs4338740
chr15	49444621	rs17478618
chr15	49445499	rs8031680
chr15	49446036	rs10519226
chr15	49451431	rs16962490
chr15	49453908	rs11070693
chr15	49455148	rs17400706
chr15	49457351	rs11634375
chr15	49457538	rs11639111
chr15	49458231	rs10047970
chr15	49459656	rs7170426
chr15	49462365	rs7166498
chr15	49463645	rs4480740
chr15	49464789	rs6493371
chr15	49466532	rs6493372
chr15	49468349	rs2413958
chr15	49470925	rs9972329
chr15	49471768	rs2899433
chr15	49473565	rs12440323
chr15	49491036	rs11070696
chr15	49495524	rs2413953
chr15	49497048	rs12908295
chr15	49497216	rs12050614
chr15	49499754	rs11858411
chr15	49502651	rs11070698
chr15	49510074	rs1874616
chr15	49510639	rs1874615
chr15	49515562	rs7178143
chr15	49518282	rs4350524
chr15	49518355	rs11638693
chr15	49520918	rs16962583
chr15	49526775	rs4774539
chr15	49531030	rs1546424
chr15	49537443	rs8034473
chr15	49540181	rs12232355
chr15	49541531	rs1532955
chr15	49543425	rs4775814
chr15	49553099	rs11070706
chr15	49555814	rs1588127
chr15	49565647	rs733097
chr15	49565701	rs753857
chr15	49571409	rs1911614
chr15	49574925	rs12901416
chr15	49574951	rs12902794
chr15	49575126	rs12902107
chr15	49599959	rs7176306
chr15	49614173	rs10519233
chr15	49620571	rs13329455
chr15	49620633	rs16962663
chr15	49620749	rs16962664
chr15	49621985	rs17480889
chr15	49622519	rs12595447
chr15	49626873	rs16962668
chr15	49629267	rs16962673
chr15	49629638	rs10220770
chr15	49634103	rs11857320
chr15	49644041	rs1048348
chr15	49646273	rs17403255
chr15	49654175	rs10519235
chr15	49660743	rs8033476
chr15	49664799	rs1911617
chr15	49665102	rs731052
chr15	49668555	rs4775817
chr15	49669189	rs2202713
chr15	49679298	rs17482833
chr15	49685490	rs692008
chr15	49691430	rs2414010
chr15	49692608	rs1948975
chr15	49699515	rs34941109
chr15	49706485	rs692309
chr15	49711886	rs17404727
chr15	49712315	rs17483139
chr15	49715151	rs12906463
chr15	49715240	rs509142
chr15	49715528	rs585451
chr15	49715846	rs12050638
chr15	49716246	rs662968
chr15	49719652	rs606670
chr15	49720435	rs769136
chr15	49720487	rs573719
chr15	49721880	rs1484555
chr15	49724099	rs559561
chr15	49724352	rs632098
chr15	49731323	rs497217
chr15	49735442	rs542526
chr15	49737431	rs642981
chr15	49741627	rs505264
chr15	49747279	rs691552
chr15	49751571	rs587600
chr15	49753758	rs691352
chr15	49754041	rs537934
chr15	49756857	rs516375
chr15	49757390	rs675344
chr15	49757489	rs675794
chr15	49758627	rs16962871
chr15	49758770	rs610948
chr15	49760008	rs626744
chr15	49760157	rs627566
chr15	49763853	rs541295
chr15	49773215	rs620739
chr15	49774112	rs691210
chr15	49776007	rs2444046
chr15	49785403	rs2414015
chr15	49792079	rs2456844
chr15	49794283	rs10519239
chr15	49798059	rs479062
chr15	49798488	rs677361
chr15	49801438	rs16962914
chr15	49801754	rs8024792
chr15	49808875	rs873107
chr15	49810829	rs16962929
chr15	49817257	rs2456841
chr15	49824087	rs2660966
chr15	49830530	rs2413969
chr15	49830637	rs4414432
chr15	49830671	rs4551980
chr15	49832088	rs11633343
chr15	49832202	rs7182178
chr15	49832565	rs11634538
chr15	49843371	rs11070731
chr15	49845450	rs11070732
chr15	49845521	rs11635372
chr15	49846027	rs8025533
chr15	49847819	rs16962955
chr15	49848931	rs17486446
chr15	49849832	rs11633714
chr15	49852610	rs8034348
chr15	49853175	rs17486544
chr15	49855171	rs17486663
chr15	49856923	rs11633571
chr15	49857111	rs11633744
chr15	49858203	rs4275793
chr15	49858943	rs12915207
chr15	49859066	rs1059852
chr15	49859332	rs1059850
chr15	49859993	rs4544192
chr15	49860751	rs16962994
chr15	49863740	rs12441351
chr15	49866498	rs11630021
chr15	49867072	rs16962997
chr15	49871611	rs17487348
chr15	49871657	rs8041979
chr15	49871952	rs8042458
chr15	49873357	rs4347574
chr15	49877208	rs12594650
chr15	49877535	rs12902281
chr15	49878244	rs16963010
chr15	49878438	rs12907836
chr15	49879497	rs3803363
chr15	49886225	rs4775845
chr15	49887174	rs12914231
chr15	49888920	rs2899439
chr15	49890250	rs12905883
chr15	49890269	rs16963019
chr15	49892570	rs17487811
chr15	49897106	rs2413975
chr15	49901356	rs2009833
chr15	49903147	rs16963032
chr15	49904746	rs8040270
chr15	49905459	rs8023809
chr15	49905673	rs12440932
chr15	49912369	rs8033713
chr15	49916311	rs10519246
chr15	49916375	rs2413977
chr15	49916470	rs16963064
chr15	49917270	rs12899404
chr15	49920905	rs16963083
chr15	49921493	rs6493385
chr15	49924005	rs10519248
chr15	49924159	rs8037948
chr15	49926692	rs4544193
chr15	49927941	rs12438914
chr15	49928201	rs7175764
chr15	49929149	rs2413979
chr15	49929161	rs2413980
chr15	49929229	rs2899441
chr15	49929748	rs2067885
chr15	49930250	rs4349086
chr15	49930436	rs4433752
chr15	49934116	rs2452524
chr15	49936279	rs2248985
chr15	49940355	rs7173644
chr15	49941253	rs2440377
chr15	49941409	rs12916154
chr15	49942066	rs12443320
chr15	49947652	rs7496373
chr15	49948003	rs2413983
chr15	49958156	rs2413987
chr15	49962083	rs12442430
chr15	49962193	rs2413988
chr15	49965382	rs12442475
chr15	49965473	rs12442538
chr15	49972335	rs12593937
chr15	49973137	rs6493392
chr15	49976173	rs10519249
chr15	49977276	rs10519250
chr15	49977476	rs10519251
chr15	49978383	rs2413992
chr15	49978404	rs2413993
chr15	49978857	rs11853540
chr15	49979888	rs8034382
chr15	49980263	rs8039142
chr15	49981473	rs2413996
chr15	49982814	rs8031403
chr15	49982859	rs16953000
chr15	49984748	rs6493393
chr15	49985492	rs8027678
chr15	49985546	rs16963149
chr15	49987465	rs16963151
chr15	49988051	rs7180653
chr15	49988854	rs1080476
chr15	49990426	rs7164710
chr15	49990464	rs7166047
chr15	49990723	rs17411897
chr15	49994784	rs8029355
chr15	49998098	rs2413998
chr15	49998164	rs9302151
chr15	50001193	rs11632984
chr15	50005266	rs8041864
chr15	50005689	rs12899434
chr15	50009452	rs12910217
chr15	50013175	rs4580096
chr15	50013952	rs7177104
chr15	50014386	rs7182041
chr15	50015219	rs2899446
chr15	50016753	rs8033655
chr15	50018488	rs16963240
chr15	50018938	rs12591825
chr15	50020831	rs2414001
chr15	50024953	rs16963246
chr15	50025106	rs16963251
chr15	50026000	rs2414003
chr15	50028091	rs4356419
chr15	50028481	rs11854435
chr15	50031157	rs7165755
chr15	50031863	rs7170142
chr15	50033504	rs2414005
chr15	50036835	rs2414006
chr15	50045240	rs2414007
chr15	50046861	rs2414008
chr15	50047906	rs4520793
chr15	50050027	rs4522364
chr15	50051787	rs6493395
chr15	50053196	rs8035652
chr15	50060364	rs6493397
chr15	50060690	rs8024393
chr15	50060748	rs7163415
chr15	50061080	rs12903325
chr15	50062113	rs2414009
chr15	50063407	rs8041437
chr15	50068641	rs8041340
chr15	50069346	rs8025221
chr15	50070295	rs8031076
chr15	50074713	rs2899453
chr15	50077178	rs41362650
chr15	50080334	rs7177318
chr15	50084390	rs8040030
chr15	50088543	rs7172916
chr15	50092016	rs11631945
chr15	50095481	rs12909131
chr15	50096724	rs10519257
chr15	50098224	rs17414023
chr15	50105307	rs6493402
chr15	50107449	rs11639262
chr15	50107475	rs7170947
chr15	50112978	rs16963311
chr15	50113047	rs7168944
chr15	50113986	rs4143837
chr15	50116928	rs12909011
chr15	50118093	rs12443409
chr15	50118333	rs2414020
chr15	50119643	rs11853852
chr15	50120328	rs3825802
chr15	50122688	rs12904370
chr15	50124354	rs8038609
chr15	50124399	rs11638799
chr15	50125323	rs11630182
chr15	50126328	rs2414022
chr15	50127478	rs6493403
chr15	50129221	rs8036777
chr15	50129633	rs7177316
chr15	50134425	rs7163792
chr15	50135449	rs17499601
chr15	50136298	rs11858160
chr15	50136544	rs17499691
chr15	50137986	rs7342574
chr15	50138890	rs12915287
chr15	50140297	rs10519262
chr15	50140887	rs12906623
chr15	50141503	rs4774557
chr15	50142009	rs8036098
chr15	50142711	rs8041124
chr15	50143317	rs2414027
chr15	50143712	rs7165446
chr15	50145297	rs11070752
chr15	50145934	rs8038363
chr15	50147485	rs11634271
chr15	50147568	rs7168544
chr15	50148035	rs8029891
chr15	50149144	rs4775860
chr15	50152203	rs9707844
chr15	50155152	rs8039751
chr15	50157712	rs8036133
chr15	50165661	rs11070759
chr15	50167736	rs34146758
chr15	50176762	rs4502159
chr15	50177091	rs1549520
chr15	50179630	rs2555491
chr15	50183225	rs2052759
chr15	50184941	rs1365505
chr15	50185038	rs1365507
chr15	50189936	rs7179025
chr15	50191539	rs933856
chr15	50197845	rs933857
chr15	50197861	rs3803371
chr15	50200017	rs17415862
chr15	50200543	rs16963406
chr15	50202316	rs1797317
chr15	50205157	rs2278166
chr15	50205651	rs2278167
chr15	50205691	rs2555490
chr15	50207057	rs7162180
chr15	50208787	rs1365508
chr15	50217394	rs12913823
chr15	50220472	rs16963420
chr15	50220743	rs1648344
chr15	50223434	rs9920490
chr15	50223512	rs8032718
chr15	50223729	rs9920511
chr15	50224510	rs16963439
chr15	50225949	rs8043431
chr15	50229512	rs7175274
chr15	50232673	rs10519263
chr15	50234943	rs7162842
chr15	50235344	rs13329494
chr15	50236217	rs1802536
chr15	50238218	rs16963477
chr15	50240274	rs7166052
chr15	50242317	rs2073440
chr15	50242506	rs16963485
chr15	50242635	rs1549521
chr15	50243431	rs16963493
chr15	50244155	rs7164386
chr15	50244241	rs16963496
chr15	50244985	rs2238294
chr15	50250522	rs854151
chr15	50252965	rs2070595
chr15	50256046	rs2853766
chr15	50258703	rs8029889
chr15	50259435	rs2238292
chr15	50259658	rs10518836
chr15	50260803	rs7182203
chr15	50260880	rs854158
chr15	50262814	rs860526
chr15	50263039	rs854159
chr15	50263347	rs17740607
chr15	50263513	rs854160
chr15	50264962	rs17740669
chr15	50270366	rs2187576
chr15	50272687	rs3959666
chr15	50273511	rs10220755
chr15	50274071	rs12438041
chr15	50275579	rs2114447
chr15	50277152	rs3784296
chr15	50277839	rs12923
chr15	50279247	rs4775872
chr15	50280201	rs12906304
chr15	50280404	rs12910368
chr15	50282424	rs11635546
chr15	50287247	rs7173127
chr15	50292506	rs12908591
chr15	50295139	rs8024514
chr15	50296361	rs6493426
chr15	50298597	rs17508371
chr15	50300346	rs2081628
chr15	50309614	rs11636564
chr15	50310446	rs11632703
chr15	50318595	rs7181866
chr15	50320537	rs12909202
chr15	50327518	rs11855823
chr15	50328443	rs16963635
chr15	50328686	rs11070768
chr15	50329637	rs12594956
chr15	50331387	rs7163457
chr15	50331755	rs12902318
chr15	50346452	rs11639406
chr15	50346480	rs16963644
chr15	50350475	rs17430750
chr15	50350719	rs6493430
chr15	50353333	rs526045
chr15	50356743	rs12903381
chr15	50357164	rs535648
chr15	50358726	rs677143
chr15	50362974	rs606118
chr15	50363214	rs16963660
chr15	50364252	rs11634585
chr15	50367637	rs2078139
chr15	50369252	rs17431095
chr15	50370833	rs7164848
chr15	50374243	rs2414049
chr15	50396711	rs11857620
chr15	50402109	rs4774565
chr15	50404384	rs8028073
chr15	50409861	rs6493442
chr15	50414292	rs4516177
chr15	50416930	rs9920319
chr15	50417919	rs17431564
chr15	50418961	rs880983
chr15	50419870	rs874941
chr15	50420840	rs7170543
chr15	50424871	rs7174015
chr15	50425412	rs17509944
chr15	50430415	rs4775886
chr15	50432654	rs11070774
chr15	50437077	rs4318151
chr15	50438957	rs3131575
chr15	50439193	rs11632708
chr15	50441781	rs41444349
chr15	50448871	rs3098204
chr15	50458760	rs17696151
chr15	50465524	rs3131568
chr15	50466154	rs11070784
chr15	50467231	rs4380013
chr15	50469213	rs12911550
chr15	50471197	rs3131565
chr15	50471277	rs17597852
chr15	50476523	rs11633624
chr15	50478671	rs17645209
chr15	50478720	rs12595633
chr15	50479382	rs11630309
chr15	50480282	rs3131562
chr15	50481590	rs3743044
chr15	50483365	rs3131560
chr15	50484443	rs4775889
chr15	50491580	rs3098177
chr15	50495674	rs16963744
chr15	50495758	rs17645290
chr15	50496504	rs3098180
chr15	50496928	rs11637031
chr15	50497226	rs11857513
chr15	50498036	rs8037553
chr15	50499869	rs12916358
chr15	50500677	rs3803373
chr15	50503638	rs12708423
chr15	50507641	rs11857728
chr15	50510070	rs3131609
chr15	50514272	rs3098183
chr15	50520702	rs3098190
chr15	50522147	rs3098194
chr15	50526576	rs8043156
chr15	50527497	rs3109887
chr15	50528007	rs3098198
chr15	50528974	rs12593931
chr15	50531091	rs3109898
chr15	50531125	rs1542958
chr15	50536798	rs3131597
chr15	50539979	rs679774
chr15	50542929	rs2135452
chr15	50546821	rs11070790
chr15	50549855	rs3131588
chr15	50552514	rs17598264
chr15	50552821	rs3105593
chr15	50555204	rs3131584
chr15	50556173	rs3101852
chr15	50556799	rs3131583
chr15	50557202	rs2630
chr15	50561175	rs11070795
chr15	50561374	rs616256
chr15	50563397	rs28440118
chr15	50569273	rs3131578
chr15	50571461	rs3131576
chr15	50574885	rs473357
chr15	50574945	rs16963774
chr15	50576582	rs531366
chr15	50576845	rs3105591
chr15	50578074	rs3105592
chr15	50579877	rs8023464
chr15	50582435	rs1060599
chr15	50582767	rs3109891
chr15	50586281	rs539383
chr15	50586312	rs1395297
chr15	50586377	rs3109894
chr15	50586433	rs8042919
chr15	50593779	rs567109
chr15	50599593	rs3848128
chr15	50600748	rs11634859
chr15	50602844	rs3858903
chr15	50603892	rs506693
chr15	50604141	rs615835
chr15	50607419	rs11636964
chr15	50611403	rs4775894
chr15	50620095	rs623639
chr15	50625202	rs7175149
chr15	50625910	rs12442787
chr15	50629095	rs11635045
chr15	50632798	rs2292175
chr15	50633900	rs12907922
chr15	50639118	rs8031444
chr15	50640784	rs8042172
chr15	50640856	rs8042320
chr15	50646781	rs2899463
chr15	50647806	rs12907472
chr15	50649787	rs12899074
chr15	50650255	rs7165721
chr15	50652392	rs9806676
chr15	50654564	rs11636576
chr15	50657452	rs12913081
chr15	50662750	rs11635825
chr15	50667127	rs8028599
chr15	50675526	rs4775899
chr15	50682299	rs7178070
chr15	50687223	rs7164736
chr15	50696164	rs12899700
chr15	50700114	rs12592778
chr15	50707501	rs8040136
chr15	50710845	rs10519284
chr15	50717059	rs12898588
chr15	50717710	rs7165492
chr15	50718632	rs8035635
chr15	50719205	rs12911753
chr15	50724167	rs12900658
chr15	50725015	rs11856886
chr15	50726920	rs11855605
chr15	50727615	rs17646025
chr15	50733158	rs8024247
chr15	50733297	rs8028610
chr15	50736551	rs12903915
chr15	50741192	rs12917408
chr15	50747694	rs17599340
chr15	50748601	rs8035452
chr15	50750055	rs12917005
chr15	50750617	rs3809501
chr15	50753367	rs12440570
chr15	50758847	rs12593469
chr15	50764984	rs12912192
chr15	50769183	rs12441734
chr15	50769686	rs8033015
chr15	50770544	rs8038437
chr15	50770936	rs12440167
chr15	50778218	rs12906278
chr15	50780118	rs12595754
chr15	50782002	rs2414058
chr15	50784037	rs7183434
chr15	50793177	rs12902050
chr15	50794123	rs11636886
chr15	50800899	rs12915330
chr15	50803234	rs8034918
chr15	50804370	rs11070814
chr15	50811196	rs3891815
chr15	50816754	rs7179865
chr15	50818207	rs3848133
chr15	50820874	rs11630203
chr15	50822889	rs9302158
chr15	50825327	rs7170937
chr15	50827284	rs12324214
chr15	50830817	rs7169887
chr15	50832242	rs2574754
chr15	50839973	rs2663552
chr15	50850536	rs2614763
chr15	50851805	rs2614765
chr15	50853917	rs7181593
chr15	50861748	rs1290084
chr15	50863028	rs2619691
chr15	50868358	rs17702978
chr15	50868828	rs17521308
chr15	50869542	rs11070815
chr15	50870064	rs12909760
chr15	50877445	rs17599691
chr15	50878911	rs2063291
chr15	50884639	rs2614780
chr15	50885439	rs1147138
chr15	50892386	rs2619689
chr15	50897510	rs12916255
chr15	50899224	rs2663542
chr15	50907567	rs1135397
chr15	50907836	rs2249535
chr15	50912167	rs1147129
chr15	50917477	rs2614793
chr15	50918366	rs17521440
chr15	50925164	rs2306331
chr15	50932699	rs6493469
chr15	50932824	rs12595526
chr15	50933628	rs3784301
chr15	50933902	rs3784302
chr15	50941615	rs2291107
chr15	50942398	rs9944192
chr15	50944107	rs8031702
chr15	50945152	rs17599974
chr15	50945713	rs11635054
chr15	50945863	rs3784304
chr15	50945978	rs7162209
chr15	50948503	rs8029155
chr15	50957654	rs1904432
chr15	50958925	rs16953045
chr15	50962822	rs1904430
chr15	50970593	rs12439323
chr15	50976255	rs7166073
chr15	50977432	rs10744956
chr15	50982350	rs7170675
chr15	50983931	rs2306335
chr15	50988066	rs10519288
chr15	50988782	rs4775912
chr15	50992483	rs6493470
chr15	50996454	rs7181201
chr15	51002635	rs3825798
chr15	51002798	rs3743045
chr15	51003737	rs3825799
chr15	51003818	rs2619685
chr15	51004210	rs714784
chr15	51005929	rs12593778
chr15	51011792	rs11856609
chr15	51012176	rs11853182
chr15	51012984	rs1550340
chr15	51031451	rs7170009
chr15	51043166	rs12900916
chr15	51049670	rs12909519
chr15	51053288	rs17600375
chr15	51058948	rs1438926
chr15	51060052	rs1124769
chr15	51063729	rs17647040
chr15	51063914	rs12899586
chr15	51064531	rs12904155
chr15	51072743	rs12593764
chr15	51072828	rs1550336
chr15	51075034	rs6493476
chr15	51076040	rs17522120
chr15	51082878	rs11631783
chr15	51083632	rs3803369
chr15	51091997	rs7170736
chr15	51093137	rs7177664
chr15	51095918	rs4598846
chr15	51098711	rs8040954
chr15	51102214	rs11070835
chr15	51103312	rs2278559
chr15	51104374	rs11857810
chr15	51108548	rs17522169
chr15	51110105	rs882299
chr15	51113314	rs1550335
chr15	51114999	rs4775916
chr15	51121128	rs12914634
chr15	51124263	rs2141278
chr15	51129893	rs1111266
chr15	51144200	rs11070836
chr15	51145464	rs893576
chr15	51147751	rs13329067
chr15	51149594	rs6493481
chr15	51149673	rs7171847
chr15	51152506	rs4775918
chr15	51153643	rs2165027
chr15	51153712	rs4775919
chr15	51154719	rs4775920
chr15	51155300	rs4775921
chr15	51158988	rs2118784
chr15	51159549	rs7179084
chr15	51161438	rs8028561
chr15	51162735	rs6493482
chr15	51165905	rs1438921
chr15	51167695	rs7183678
chr15	51171427	rs1438924
chr15	51171990	rs7176579
chr15	51172349	rs16964113
chr15	51179824	rs10519293
chr15	51179897	rs17522553
chr15	51180048	rs1122044
chr15	51181638	rs12324478
chr15	51183203	rs1075680
chr15	51183316	rs1075681
chr15	51186088	rs2414093
chr15	51186580	rs934635
chr15	51186905	rs7170255
chr15	51188227	rs4775928
chr15	51189725	rs2899469
chr15	51195473	rs8031580
chr15	51199657	rs9972359
chr15	51200822	rs7169770
chr15	51202040	rs16964189
chr15	51203633	rs934632
chr15	51206342	rs4775932
chr15	51207348	rs7167936
chr15	51208297	rs934633
chr15	51208638	rs2255192
chr15	51208920	rs4275794
chr15	51209207	rs12148604
chr15	51210647	rs4646
chr15	51210789	rs10046
chr15	51211480	rs2899470
chr15	51211530	rs12591172
chr15	51212614	rs1065779
chr15	51212737	rs8029120
chr15	51213796	rs4774583
chr15	51214163	rs17601157
chr15	51214437	rs3784307
chr15	51215311	rs2289105
chr15	51215677	rs17601241
chr15	51215923	rs2304463
chr15	51218671	rs4324076
chr15	51219574	rs9806371
chr15	51220467	rs8034835
chr15	51221532	rs6493487
chr15	51222006	rs6493489
chr15	51222375	rs28757184
chr15	51223154	rs16964201
chr15	51223858	rs2899472
chr15	51224090	rs17523014
chr15	51224107	rs12439137
chr15	51224903	rs12595627
chr15	51225400	rs8023263
chr15	51226173	rs8025374
chr15	51226572	rs4775934
chr15	51226876	rs2899473
chr15	51227079	rs4775935
chr15	51228009	rs1065778
chr15	51230962	rs12900487
chr15	51231710	rs12594287
chr15	51232095	rs2414095
chr15	51232976	rs12592697
chr15	51235201	rs3784308
chr15	51235883	rs9944225
chr15	51236915	rs700518
chr15	51237068	rs3759811
chr15	51237638	rs2414097
chr15	51237900	rs17703883
chr15	51237970	rs726547
chr15	51238298	rs16964211
chr15	51238817	rs1865803
chr15	51238898	rs16964215
chr15	51240450	rs10519295
chr15	51241539	rs7173595
chr15	51241858	rs7175531
chr15	51242350	rs727479
chr15	51243688	rs28757162
chr15	51243825	rs4775936
chr15	51243944	rs10459592
chr15	51244815	rs10851498
chr15	51246083	rs17523270
chr15	51246526	rs17523284
chr15	51247171	rs12591359
chr15	51248190	rs767199
chr15	51248456	rs17601674
chr15	51249463	rs10519297
chr15	51249869	rs11636686
chr15	51249965	rs11632036
chr15	51249996	rs11636667
chr15	51250560	rs12911554
chr15	51251185	rs16964220
chr15	51252162	rs17703982
chr15	51252674	rs12050772
chr15	51252697	rs28757159
chr15	51253204	rs28757157
chr15	51253257	rs12907866
chr15	51253258	rs28757156
chr15	51253663	rs12908960
chr15	51254101	rs7172156
chr15	51256113	rs2008691
chr15	51256547	rs11636403
chr15	51256585	rs2414099
chr15	51256847	rs4545755
chr15	51257340	rs12901187
chr15	51257638	rs6493494
chr15	51258933	rs17601842
chr15	51261712	rs17601876
chr15	51264397	rs4614671
chr15	51265060	rs12050767
chr15	51266225	rs3889391
chr15	51266534	rs749292
chr15	51269131	rs8039089
chr15	51269281	rs8042086
chr15	51269810	rs4774584
chr15	51270237	rs2414101
chr15	51272144	rs11632903
chr15	51275823	rs17647707
chr15	51276007	rs17647719
chr15	51277213	rs2305707
chr15	51278656	rs1902586
chr15	51278697	rs28588512
chr15	51278732	rs28458810
chr15	51279840	rs8029807
chr15	51286397	rs7167343
chr15	51287401	rs936306
chr15	51287778	rs936307
chr15	51289133	rs28757122
chr15	51289600	rs28757120
chr15	51291614	rs12594203
chr15	51291742	rs2470176
chr15	51295663	rs999480
chr15	51296198	rs2470158
chr15	51296650	rs3764221
chr15	51297703	rs2470157
chr15	51297814	rs9302160
chr15	51298216	rs2470156
chr15	51298556	rs2470155
chr15	51299007	rs730154
chr15	51300346	rs17523880
chr15	51301261	rs28757111
chr15	51302775	rs2470152
chr15	51304342	rs8031463
chr15	51307146	rs17647802
chr15	51307164	rs12899740
chr15	51307486	rs10519302
chr15	51313211	rs16964258
chr15	51314381	rs3751592
chr15	51314513	rs3751591
chr15	51314768	rs17602308
chr15	51314872	rs2470151
chr15	51317517	rs2470150
chr15	51321332	rs1004984
chr15	51321455	rs1004983
chr15	51321614	rs1004982
chr15	51323419	rs2445761
chr15	51324283	rs4774585
chr15	51325511	rs2445762
chr15	51325549	rs8041933
chr15	51326105	rs6493495
chr15	51326172	rs2470146
chr15	51326746	rs2446404
chr15	51326941	rs2470145
chr15	51329528	rs2470144
chr15	51329931	rs7174997
chr15	51331588	rs8025191
chr15	51332881	rs1961177
chr15	51332919	rs2470169
chr15	51333026	rs1870049
chr15	51334354	rs11070843
chr15	51335597	rs11070844
chr15	51338638	rs6493497
chr15	51339282	rs752760
chr15	51343049	rs2445766
chr15	51343183	rs2445768
chr15	51344257	rs868475
chr15	51344961	rs2445770
chr15	51345053	rs12441859
chr15	51348959	rs2446426
chr15	51349252	rs1551656
chr15	51349344	rs12441382
chr15	51352141	rs2446420
chr15	51352802	rs1458928
chr15	51353992	rs8031184
chr15	51354172	rs8031112
chr15	51356337	rs2124873
chr15	51356400	rs2124874
chr15	51358154	rs2470184
chr15	51360817	rs2470187
chr15	51360922	rs12148477
chr15	51360996	rs12148492
chr15	51361063	rs2445781
chr15	51362534	rs8031311
chr15	51363338	rs12592994
chr15	51367633	rs4775941
chr15	51370343	rs12438104
chr15	51370432	rs2470189
chr15	51371117	rs16964308
chr15	51371189	rs17524318
chr15	51371400	rs4775942
chr15	51373085	rs7178699
chr15	51375516	rs4533220
chr15	51377544	rs16964316
chr15	51378279	rs2470172
chr15	51378373	rs2470173
chr15	51378624	rs2470174
chr15	51380439	rs16964319
chr15	51380928	rs10162956
chr15	51381185	rs17524415
chr15	51381433	rs10163098
chr15	51383428	rs2445738
chr15	51384035	rs2168623
chr15	51385062	rs3751586
chr15	51385363	rs2470182
chr15	51385831	rs2445741
chr15	51387273	rs12899040
chr15	51388727	rs2445742
chr15	51388876	rs12591997
chr15	51390578	rs2470180
chr15	51390856	rs2445743
chr15	51392214	rs2470179
chr15	51392771	rs2445746
chr15	51393453	rs8036694
chr15	51393468	rs8036702
chr15	51396799	rs2459396
chr15	51396998	rs2445750
chr15	51397225	rs2459397
chr15	51397575	rs17648128
chr15	51402295	rs17648140
chr15	51403456	rs2470192
chr15	51404225	rs2459399
chr15	51405355	rs16964347
chr15	51405766	rs16964348
chr15	51406328	rs898135
chr15	51433198	rs2470168
chr15	51433449	rs7176014
chr15	51437976	rs4774589
chr15	51444214	rs8026587
chr15	51447611	rs7164265
chr15	51448859	rs3751585
chr15	51449382	rs12593979
chr15	51450989	rs17524694
chr15	51456413	rs3736485
chr15	51457529	rs930920
chr15	51458455	rs11630842
chr15	51458649	rs7165887
chr15	51469087	rs1551657
chr15	51474282	rs2271676
chr15	51475068	rs10467923
chr15	51480242	rs2271677
chr15	51482416	rs8042221
chr15	51483712	rs4775945
chr15	51488525	rs17524750
chr15	51499362	rs12102203
chr15	51504609	rs4144941
chr15	51516168	rs11070854
chr15	51516376	rs8024233
chr15	51517971	rs7170848
chr15	51533926	rs4359386
chr15	51534082	rs4462536
chr15	51534321	rs4462537
chr15	51537615	rs17524906
chr15	51537798	rs12904173
chr15	51546522	rs11855041
chr15	51559802	rs4774594
chr15	51574975	rs4143723
chr15	51576176	rs2414105
chr15	51576544	rs2414106
chr15	51579750	rs11635216
chr15	51580976	rs4775953
chr15	51581252	rs4775955
chr15	51585593	rs4545756
chr15	51589783	rs1902592
chr15	51590076	rs882386
chr15	51598085	rs7177720
chr15	51600762	rs4775961
chr15	51602114	rs12372948
chr15	51609160	rs2414111
chr15	51609408	rs6493511
chr15	51616301	rs8042840
chr15	51622465	rs2278990
chr15	51622519	rs2278989
chr15	51623615	rs10519313
chr15	51625929	rs8037167
chr15	51629161	rs12324531
chr15	51639936	rs1531155
chr15	51645840	rs2607111
chr15	51650258	rs2606143
chr15	51653903	rs7165299
chr15	51658238	rs1902590
chr15	51663859	rs7170980
chr15	51671066	rs11634955
chr15	51671691	rs7165882
chr15	51676204	rs1471072
chr15	51677471	rs17525472
chr15	51679125	rs2622770
chr15	51679336	rs2606136
chr15	51679727	rs1017678
chr15	51681176	rs744039
chr15	51682788	rs2124591
chr15	51683411	rs2305710
chr15	51684033	rs2622769
chr15	51685396	rs10519317
chr15	51687458	rs1456295
chr15	51687477	rs1840707
chr15	51687616	rs716986
chr15	51687940	rs2622767
chr15	51688624	rs4775968
chr15	51689094	rs2305716
chr15	51693367	rs2606146
chr15	51693638	rs2607117
chr15	51698050	rs12901452
chr15	51699257	rs2622774
chr15	51699864	rs2607118
chr15	51700229	rs7181921
chr15	51700628	rs2607119
chr15	51703566	rs2607120
chr15	51712363	rs28555597
chr15	51713516	rs2305720
chr15	51714613	rs2652594
chr15	51715020	rs4775969
chr15	51715325	rs544023
chr15	51716368	rs16964482
chr15	51716544	rs16964483
chr15	51718807	rs8035173
chr15	51719293	rs16964486
chr15	51721646	rs17648915
chr15	51722870	rs17705437
chr15	51725148	rs2414116
chr15	51725899	rs7174616
chr15	51729410	rs1902430
chr15	51730158	rs8028258
chr15	51733542	rs11070865
chr15	51735580	rs2077743
chr15	51736717	rs7165585
chr15	51739497	rs1350174
chr15	51749105	rs2652595
chr15	51750150	rs7181553
chr15	51752061	rs689884
chr15	51753171	rs11638820
chr15	51755977	rs7174497
chr15	51756513	rs4238383
chr15	51756767	rs16964505
chr15	51758502	rs1840708
chr15	51763974	rs16964506
chr15	51765564	rs12917133
chr15	51765677	rs11070868
chr15	51765743	rs17610835
chr15	51765987	rs16964508
chr15	51766808	rs11630943
chr15	51768890	rs11636345
chr15	51770480	rs2034858
chr15	51770623	rs2034857
chr15	51772179	rs8025619
chr15	51773274	rs4774602
chr15	51773435	rs12592771
chr15	51773628	rs10519324
chr15	51773992	rs690638
chr15	51774111	rs2034856
chr15	51775458	rs12903781
chr15	51776677	rs6493520
chr15	51784199	rs8028922
chr15	51784844	rs10775145
chr15	51797114	rs12903707
chr15	51797234	rs12905283
chr15	51797503	rs16964523
chr15	51798970	rs3794535
chr15	51799588	rs4775983
chr15	51808018	rs11631530
chr15	51808094	rs3751596
chr15	51808707	rs16964532
chr15	51809188	rs17611193
chr15	51810059	rs16953082
chr15	51810635	rs2554315
chr15	51811622	rs6493523
chr15	51813085	rs2016057
chr15	51814104	rs2009972
chr15	51820162	rs2570232
chr15	51828196	rs11637876
chr15	51828231	rs17705732
chr15	51830717	rs2014638
chr15	51831619	rs6493525
chr15	51832742	rs1972689
chr15	51835033	rs6493526
chr15	51837141	rs2570239
chr15	51841717	rs2623251
chr15	51842258	rs2570241
chr15	51844467	rs17705817
chr15	51847309	rs16964561
chr15	51851971	rs2554355
chr15	51852107	rs8031045
chr15	51854087	rs2252831
chr15	51855428	rs2007355
chr15	51859328	rs17526760
chr15	51860981	rs2554327
chr15	51861007	rs12908327
chr15	51871474	rs2912189
chr15	51874623	rs2554336
chr15	51874983	rs2570258
chr15	51881368	rs2916176
chr15	51883339	rs1811326
chr15	51884447	rs16964596
chr15	51884715	rs2570228
chr15	51888628	rs2570224
chr15	51890532	rs2623263
chr15	51892484	rs2303443
chr15	51893961	rs2959285
chr15	51898156	rs2593173
chr15	51898516	rs1991267
chr15	51898946	rs2959298
chr15	51902272	rs2554349
chr15	51903858	rs2441780
chr15	51904633	rs1035738
chr15	51904838	rs1035737
chr15	51907496	rs2916172
chr15	51911467	rs2433221
chr15	51916133	rs2929425
chr15	51927510	rs2929426
chr15	51931192	rs2959299
chr15	51931220	rs2593170
chr15	51934335	rs2916177
chr15	51936674	rs2253116
chr15	51939804	rs2436660
chr15	51942335	rs2554321
chr15	51947183	rs2414122
chr15	51954468	rs2959293
chr15	51955701	rs11631627
chr15	51955859	rs2623255
chr15	51960350	rs2593188
chr15	51960602	rs2258248
chr15	51965677	rs2241503
chr15	51971068	rs1025184
chr15	51983058	rs2593189
chr15	51996074	rs2959283
chr15	52013267	rs7177328
chr15	52025949	rs10518674
chr15	52027499	rs11636443
chr15	52029646	rs2441781
chr15	52035305	rs4775995
chr15	52050905	rs11070877
chr15	52051919	rs4775996
chr15	52056135	rs7167709
chr15	52057158	rs4627278
chr15	52058472	rs10851507
chr15	52059466	rs11070879
chr15	52068149	rs36046047
chr15	52072334	rs9806168
chr15	52074068	rs9806395
chr15	52075611	rs2414127
chr15	52077531	rs2414128
chr15	52082269	rs16964728
chr15	52084843	rs17706513
chr15	52086553	rs7173725
chr15	52087108	rs12439307
chr15	52087539	rs6493534
chr15	52088385	rs10775146
chr15	52095213	rs4776002
chr15	52099709	rs17650082
chr15	52100312	rs11637028
chr15	52109736	rs2231297
chr15	52109754	rs2227308
chr15	52110279	rs2414130
chr15	52112665	rs2231292
chr15	52114461	rs2414132
chr15	52115212	rs2398
chr15	52119906	rs4638520
chr15	52120366	rs2414133
chr15	52126639	rs8032818
chr15	52127288	rs2899485
chr15	52128294	rs12909161
chr15	52144137	rs4238384
chr15	52149114	rs3794541
chr15	52149321	rs3794542
chr15	52149327	rs3794543
chr15	52149489	rs12438937
chr15	52150877	rs3794545
chr15	52150910	rs12593041
chr15	52154003	rs6493537
chr15	52158420	rs12909184
chr15	52159687	rs10220890
chr15	52161901	rs12438743
chr15	52171288	rs12595160
chr15	52173390	rs8026828
chr15	52173886	rs7166799
chr15	52176984	rs12593936
chr15	52180486	rs4776010
chr15	52188492	rs12594809
chr15	52191153	rs8025737
chr15	52191368	rs11070883
chr15	52191466	rs7168334
chr15	52192753	rs1063902
chr15	52192827	rs4219
chr15	52194109	rs11855672
chr15	52195269	rs3751603
chr15	52196688	rs16964760
chr15	52204736	rs16964764
chr15	52205484	rs3751606
chr15	52206163	rs4776016
chr15	52206229	rs4776017
chr15	52209146	rs3794548
chr15	52209634	rs11070884
chr15	52209659	rs11070885
chr15	52210885	rs1011050
chr15	52211060	rs1011051
chr15	52211945	rs2278295
chr15	52212310	rs2278296
chr15	52212547	rs7167590
chr15	52213366	rs3751608
chr15	52213750	rs3794550
chr15	52213865	rs3794551
chr15	52214020	rs3794552
chr15	52214458	rs6493546
chr15	52217476	rs4776020
chr15	52218472	rs3751609
chr15	52219268	rs4774612
chr15	52221013	rs17541016
chr15	52223326	rs4405491
chr15	52223481	rs4405492
chr15	52225517	rs3825801
chr15	52225540	rs11070887
chr15	52225756	rs11070888
chr15	52233893	rs7180204
chr15	52234310	rs6493547
chr15	52235345	rs8030428
chr15	52235969	rs8031089
chr15	52235996	rs6493549
chr15	52238055	rs7183588
chr15	52239616	rs17707007
chr15	52239680	rs17650541
chr15	52239744	rs11635028
chr15	52241163	rs4774615
chr15	52242147	rs3751631
chr15	52243217	rs7165256
chr15	52243521	rs8025608
chr15	52244076	rs10152383
chr15	52246316	rs8042385
chr15	52247038	rs41504447
chr15	52247476	rs10163109
chr15	52249346	rs4776027
chr15	52249599	rs4776028
chr15	52251194	rs3751630
chr15	52258700	rs10851510
chr15	52260338	rs4496072
chr15	52261547	rs4774617
chr15	52271994	rs3751629
chr15	52272168	rs4608282
chr15	52275434	rs11854890
chr15	52280678	rs7175663
chr15	52280784	rs7175545
chr15	52281323	rs8040562
chr15	52282973	rs3751624
chr15	52289147	rs12594710
chr15	52289286	rs12592927
chr15	52296902	rs12102156
chr15	52299265	rs7182755
chr15	52299976	rs11635099
chr15	52303415	rs6493552
chr15	52304895	rs16964864
chr15	52304921	rs12908325
chr15	52306334	rs12050717
chr15	52308992	rs1045700
chr15	52309023	rs1045699
chr15	52309394	rs3751619
chr15	52310496	rs11633035
chr15	52311166	rs7176482
chr15	52315065	rs17613475
chr15	52316637	rs12324121
chr15	52319254	rs2290332
chr15	52320287	rs4341694
chr15	52321952	rs8040558
chr15	52329342	rs9744852
chr15	52339159	rs11638675
chr15	52339620	rs752865
chr15	52339674	rs2242056
chr15	52349491	rs12324100
chr15	52351367	rs1058219
chr15	52359977	rs13329278
chr15	52361926	rs10518683
chr15	52362754	rs3794566
chr15	52363169	rs3794565
chr15	52365313	rs3794564
chr15	52366175	rs10518684
chr15	52368489	rs7176639
chr15	52370473	rs2290335
chr15	52375253	rs3816449
chr15	52375538	rs2290336
chr15	52376625	rs1009157
chr15	52379111	rs2242057
chr15	52379587	rs2242058
chr15	52382293	rs7162731
chr15	52389180	rs1405184
chr15	52391254	rs1626180
chr15	52393286	rs2414148
chr15	52395236	rs10518687
chr15	52399770	rs940966
chr15	52402466	rs1632403
chr15	52403871	rs2693467
chr15	52403900	rs8024439
chr15	52405618	rs1669877
chr15	52408353	rs12899847
chr15	52410203	rs10518689
chr15	52412181	rs17707717
chr15	52413497	rs8030535
chr15	52415714	rs1724631
chr15	52416337	rs11856752
chr15	52417090	rs940970
chr15	52417680	rs871488
chr15	52417737	rs1464963
chr15	52418118	rs10083671
chr15	52418143	rs10083673
chr15	52419447	rs1972160
chr15	52419732	rs2462847
chr15	52420805	rs12592429
chr15	52420882	rs940971
chr15	52420970	rs940972
chr15	52420987	rs940973
chr15	52421269	rs1869126
chr15	52421373	rs1869127
chr15	52421449	rs17614119
chr15	52421702	rs1869128
chr15	52421844	rs4776045
chr15	52421883	rs12915892
chr15	52422255	rs11855884
chr15	52428711	rs1526169
chr15	52432635	rs1724625
chr15	52434875	rs1615235
chr15	52441053	rs41408650
chr15	52441474	rs2950056
chr15	52444547	rs1724593
chr15	52451979	rs1724586
chr15	52452389	rs1464965
chr15	52454664	rs1669867
chr15	52456219	rs1724583
chr15	52464750	rs2899488
chr15	52467176	rs1724616
chr15	52472368	rs2453984
chr15	52482071	rs11855082
chr15	52482863	rs17614255
chr15	52487062	rs7165578
chr15	52488889	rs4776051
chr15	52489036	rs4774624
chr15	52491324	rs4774627
chr15	52498421	rs11854247
chr15	52504331	rs2272283
chr15	52508096	rs17651631
chr15	52509872	rs1724595
chr15	52510881	rs17708103
chr15	52511559	rs1693501
chr15	52514228	rs9788691
chr15	52517257	rs1693502
chr15	52521535	rs11854673
chr15	52523072	rs1693506
chr15	52523749	rs1693507
chr15	52523998	rs4776053
chr15	52524145	rs1693508
chr15	52530644	rs1724601
chr15	52532610	rs1693521
chr15	52535142	rs1693523
chr15	52537592	rs11853179
chr15	52542154	rs11853954
chr15	52542879	rs17651731
chr15	52546791	rs34197242
chr15	52549425	rs11539780
chr15	52550362	rs6493566
chr15	52550707	rs4776056
chr15	52551073	rs1055746
chr15	52556214	rs2049518
chr15	52558155	rs17614529
chr15	52560413	rs1693531
chr15	52560452	rs11858238
chr15	52561231	rs1568954
chr15	52562457	rs4774633
chr15	52568356	rs1724611
chr15	52571210	rs11630559
chr15	52572688	rs8034728
chr15	52580124	rs17651808
chr15	52586522	rs17614559
chr15	52589120	rs12902679
chr15	52591088	rs2414161
chr15	52592404	rs11070904
chr15	52605281	rs2414163
chr15	52606318	rs2414164
chr15	52609236	rs12915981
chr15	52609441	rs3751614
chr15	52609717	rs3751613
chr15	52609780	rs2414166
chr15	52611575	rs8036680
chr15	52611849	rs4776063
chr15	52615231	rs2414167
chr15	52623586	rs9806267
chr15	52628461	rs1080731
chr15	52629460	rs2414176
chr15	52630693	rs12595161
chr15	52637519	rs4776065
chr15	52645763	rs4390542
chr15	52645904	rs8030871
chr15	52651617	rs4548810
chr15	52653013	rs8040787
chr15	52657308	rs17542881
chr15	52658409	rs12900462
chr15	52661736	rs4386077
chr15	52666756	rs2414171
chr15	52667490	rs1863512
chr15	52673076	rs7173621
chr15	52673271	rs933860
chr15	52676549	rs1991300
chr15	52676758	rs2414172
chr15	52689677	rs8029021
chr15	52693083	rs7167070
chr15	52694765	rs4776071
chr15	52695296	rs4392001
chr15	52695991	rs7161887
chr15	52697066	rs4776072
chr15	52697350	rs8035237
chr15	52698749	rs4254271
chr15	52705779	rs2433285
chr15	52706065	rs6493573
chr15	52706086	rs8031716
chr15	52709341	rs2414178
chr15	52710488	rs6493574
chr15	52711148	rs11631511
chr15	52711619	rs12592553
chr15	52713950	rs2017176
chr15	52715472	rs12912694
chr15	52716164	rs2414179
chr15	52716726	rs17543144
chr15	52717255	rs4617798
chr15	52717858	rs11636722
chr15	52718048	rs2899496
chr15	52718429	rs2899497
chr15	52718586	rs11633342
chr15	52720068	rs16965142
chr15	52720533	rs2899498
chr15	52721203	rs8031784
chr15	52721806	rs8033159
chr15	52723295	rs12232297
chr15	52723506	rs12437920
chr15	52723650	rs12437968
chr15	52723894	rs7162989
chr15	52724313	rs6493576
chr15	52725250	rs8034464
chr15	52728736	rs11634814
chr15	52733495	rs1648354
chr15	52749492	rs2440337
chr15	52749690	rs3751633
chr15	52751834	rs2440336
chr15	52752524	rs4363819
chr15	52754013	rs2440335
chr15	52758055	rs2440332
chr15	52760368	rs2440330
chr15	52767970	rs8033759
chr15	52768959	rs2440327
chr15	52770067	rs1899745
chr15	52773601	rs2440325
chr15	52775503	rs2456502
chr15	52776309	rs1899750
chr15	52777550	rs2165990
chr15	52777677	rs17543338
chr15	52777944	rs7180600
chr15	52778803	rs1357
chr15	52780476	rs10518694
chr15	52785437	rs2456507
chr15	52788216	rs2456525
chr15	52792156	rs2440315
chr15	52797245	rs2456526
chr15	52798978	rs16965171
chr15	52799356	rs2456530
chr15	52799699	rs2456531
chr15	52800423	rs2243790
chr15	52801063	rs2440375
chr15	52801610	rs8025128
chr15	52809503	rs2165991
chr15	52810390	rs2440373
chr15	52819315	rs4278686
chr15	52823471	rs11629906
chr15	52831811	rs7178036
chr15	52834438	rs16965204
chr15	52839599	rs2440359
chr15	52840866	rs1317318
chr15	52845947	rs2440354
chr15	52847848	rs1899727
chr15	52850189	rs7180707
chr15	52853022	rs2440352
chr15	52854346	rs1899728
chr15	52856135	rs8035241
chr15	52857191	rs2456509
chr15	52858727	rs2440351
chr15	52865094	rs2440350
chr15	52868417	rs2244272
chr15	52869167	rs2120442
chr15	52870887	rs7178476
chr15	52871585	rs7161750
chr15	52873421	rs2120444
chr15	52873438	rs935193
chr15	52873989	rs1899731
chr15	52874212	rs2120445
chr15	52874476	rs7181025
chr15	52874518	rs2456519
chr15	52876248	rs2440343
chr15	52876703	rs16965274
chr15	52877087	rs17652767
chr15	52878525	rs2440341
chr15	52881572	rs2068105
chr15	52882496	rs10851524
chr15	52882580	rs11070921
chr15	52883000	rs4776080
chr15	52883322	rs4774638
chr15	52883630	rs1899733
chr15	52885292	rs1899734
chr15	52885341	rs1899735
chr15	52886812	rs2120446
chr15	52889744	rs7164316
chr15	52890105	rs7166575
chr15	52890266	rs2414186
chr15	52890865	rs1899741
chr15	52894069	rs2414190
chr15	52894259	rs17543773
chr15	52894460	rs2899503
chr15	52894968	rs17626394
chr15	52895203	rs17543799
chr15	52895972	rs2414195
chr15	52897000	rs8026909
chr15	52897227	rs10851526
chr15	52901430	rs8043320
chr15	52901587	rs8024399
chr15	52915365	rs11857454
chr15	52917125	rs10163171
chr15	52920721	rs16965312
chr15	52921088	rs1873811
chr15	52922413	rs10518699
chr15	52922950	rs10518700
chr15	52923429	rs6493599
chr15	52924502	rs2899507
chr15	52924866	rs7163077
chr15	52925305	rs7169953
chr15	52926993	rs16965313
chr15	52927284	rs7182391
chr15	52927573	rs10851527
chr15	52930508	rs10152433
chr15	52932736	rs17709544
chr15	52939442	rs16965326
chr15	52940169	rs17544177
chr15	52941997	rs12899370
chr15	52943649	rs8032016
chr15	52944405	rs8037196
chr15	52949030	rs12441966
chr15	52950973	rs7182964
chr15	52951073	rs8042685
chr15	52951781	rs729409
chr15	52952680	rs716188
chr15	52954420	rs17709789
chr15	52954674	rs16965345
chr15	52954802	rs2414218
chr15	52955647	rs4774641
chr15	52958311	rs7176236
chr15	52958686	rs11633435
chr15	52958943	rs17544344
chr15	52959844	rs7183525
chr15	52960043	rs4238393
chr15	52965697	rs7176525
chr15	52968208	rs4776110
chr15	52972725	rs17709876
chr15	52978283	rs10220788
chr15	52981767	rs2651505
chr15	52982294	rs1501021
chr15	52984077	rs2651506
chr15	52984196	rs1501024
chr15	52987094	rs719715
chr15	52987181	rs719714
chr15	52987541	rs716559
chr15	52995421	rs1159774
chr15	52996190	rs2414223
chr15	53000488	rs12595165
chr15	53003051	rs1873813
chr15	53003283	rs1875345
chr15	53004646	rs2248177
chr15	53004954	rs2651520
chr15	53006347	rs7166904
chr15	53008534	rs2639676
chr15	53008826	rs2651517
chr15	53010541	rs1846863
chr15	53012753	rs1501032
chr15	53012892	rs2651515
chr15	53015097	rs2639677
chr15	53015468	rs17709930
chr15	53020922	rs1501029
chr15	53021003	rs12898713
chr15	53022193	rs1392857
chr15	53024290	rs1987085
chr15	53027861	rs1875343
chr15	53029632	rs2639679
chr15	53029951	rs2651512
chr15	53030795	rs2639682
chr15	53031138	rs8027120
chr15	53037105	rs8042629
chr15	53037575	rs4142455
chr15	53040111	rs17710001
chr15	53040940	rs16965386
chr15	53041218	rs17659026
chr15	53046564	rs2047667
chr15	53046879	rs2047668
chr15	53049170	rs1113556
chr15	53057129	rs12050646
chr15	53059758	rs193094
chr15	53061467	rs9920517
chr15	53066261	rs335489
chr15	53067391	rs233222
chr15	53067599	rs189800
chr15	53069062	rs410665
chr15	53070728	rs17627320
chr15	53071066	rs335507
chr15	53071380	rs335505
chr15	53072799	rs17710168
chr15	53074674	rs16965425
chr15	53076346	rs1846862
chr15	53077106	rs1156233
chr15	53077253	rs1156234
chr15	53081829	rs8025430
chr15	53083004	rs1508033
chr15	53084248	rs12593509
chr15	53087245	rs12912336
chr15	53090584	rs690306
chr15	53091598	rs335495
chr15	53094056	rs557766
chr15	53095777	rs12911377
chr15	53097520	rs12913415
chr15	53097699	rs1604277
chr15	53097947	rs548027
chr15	53099527	rs562804
chr15	53101901	rs335512
chr15	53103544	rs2175372
chr15	53105428	rs689681
chr15	53106789	rs906499
chr15	53107485	rs690275
chr15	53109813	rs17545046
chr15	53110835	rs8039795
chr15	53110915	rs11858823
chr15	53111379	rs690394
chr15	53111697	rs615229
chr15	53111726	rs497321
chr15	53114196	rs17545090
chr15	53114512	rs690535
chr15	53115424	rs6493610
chr15	53116056	rs584758
chr15	53118211	rs12440597
chr15	53118644	rs16965523
chr15	53118910	rs501720
chr15	53119324	rs627359
chr15	53121906	rs4776114
chr15	53125698	rs1155589
chr15	53129207	rs17659514
chr15	53129356	rs543018
chr15	53129821	rs518039
chr15	53129937	rs3913949
chr15	53129992	rs3913950
chr15	53130966	rs11070947
chr15	53132414	rs3899166
chr15	53132765	rs12595250
chr15	53135385	rs677203
chr15	53142168	rs4774646
chr15	53148549	rs2175371
chr15	53148579	rs12904466
chr15	53148980	rs1116123
chr15	53149993	rs12592602
chr15	53150733	rs11070956
chr15	53154906	rs7181898
chr15	53155030	rs8041435
chr15	53155448	rs8026017
chr15	53157752	rs1508030
chr15	53161312	rs10518706
chr15	53161644	rs17659764
chr15	53162775	rs1508026
chr15	53169343	rs11856436
chr15	53173815	rs8029656
chr15	53174216	rs12594449
chr15	53174363	rs8033462
chr15	53174742	rs550318
chr15	53176289	rs12148122
chr15	53177155	rs552829
chr15	53178844	rs4776117
chr15	53182514	rs11853570
chr15	53182820	rs11070960
chr15	53189493	rs690133
chr15	53189851	rs578079
chr15	53191094	rs12903102
chr15	53193355	rs17628175
chr15	53195563	rs538505
chr15	53198065	rs493218
chr15	53200164	rs690013
chr15	53200638	rs689771
chr15	53201011	rs473249
chr15	53201117	rs8031971
chr15	53201646	rs16965675
chr15	53203733	rs518127
chr15	53204299	rs16965678
chr15	53204943	rs17660100
chr15	53205097	rs566855
chr15	53206188	rs689856
chr15	53206342	rs689652
chr15	53209356	rs17545973
chr15	53211568	rs1949098
chr15	53211687	rs1567228
chr15	53212435	rs572221
chr15	53212475	rs690271
chr15	53214745	rs2661576
chr15	53215578	rs4774651
chr15	53216395	rs566369
chr15	53216997	rs482541
chr15	53218844	rs575279
chr15	53218923	rs906498
chr15	53219041	rs969908
chr15	53219455	rs2661577
chr15	53219584	rs12907221
chr15	53219618	rs1211489
chr15	53221807	rs931919
chr15	53222182	rs8043044
chr15	53223888	rs10851536
chr15	53226269	rs7168646
chr15	53228348	rs7170453
chr15	53236233	rs4109297
chr15	53239543	rs11630091
chr15	53239762	rs4776121
chr15	53242141	rs4774658
chr15	53242747	rs17628504
chr15	53243478	rs500895
chr15	53245325	rs476022
chr15	53247436	rs1872699
chr15	53250548	rs529413
chr15	53251029	rs504519
chr15	53253042	rs10220776
chr15	53255483	rs4776123
chr15	53255965	rs1520415
chr15	53255982	rs512828
chr15	53256278	rs571278
chr15	53256999	rs11070967
chr15	53257190	rs480542
chr15	53257816	rs692768
chr15	53257875	rs17660435
chr15	53258362	rs11070968
chr15	53259588	rs11633454
chr15	53259927	rs16965823
chr15	53260800	rs11635037
chr15	53261168	rs8023390
chr15	53262195	rs1486570
chr15	53262489	rs8035099
chr15	53263464	rs10851537
chr15	53264055	rs12148511
chr15	53267356	rs8042283
chr15	53269390	rs4776125
chr15	53272804	rs16965848
chr15	53273278	rs16965854
chr15	53273430	rs12591795
chr15	53283455	rs2200522
chr15	53284302	rs6493620
chr15	53288692	rs11632161
chr15	53292696	rs2200520
chr15	53294326	rs4776127
chr15	53297283	rs1386166
chr15	53302016	rs12439607
chr15	53306029	rs767387
chr15	53306247	rs1352172
chr15	53306268	rs767388
chr15	53306661	rs17546699
chr15	53308293	rs1552414
chr15	53310467	rs17628925
chr15	53311491	rs17711725
chr15	53314090	rs7173165
chr15	53314488	rs12914787
chr15	53314606	rs17660734
chr15	53319060	rs17546789
chr15	53319088	rs7162663
chr15	53319129	rs12900725
chr15	53319957	rs1027010
chr15	53319980	rs1552416
chr15	53321764	rs11634613
chr15	53324508	rs751175
chr15	53324712	rs8037429
chr15	53324787	rs750486
chr15	53327516	rs2035603
chr15	53328806	rs1466600
chr15	53330896	rs17660893
chr15	53331414	rs11856514
chr15	53331675	rs11856604
chr15	53332270	rs12908743
chr15	53335002	rs7164332
chr15	53335216	rs11070974
chr15	53335589	rs1486557
chr15	53339417	rs272795
chr15	53343062	rs2651529
chr15	53343379	rs2134002
chr15	53347179	rs1501071
chr15	53348922	rs272763
chr15	53351884	rs272769
chr15	53352004	rs272770
chr15	53360768	rs272786
chr15	53365493	rs8028881
chr15	53368059	rs272806
chr15	53373050	rs1486548
chr15	53373864	rs11630701
chr15	53375358	rs10518720
chr15	53375821	rs2055405
chr15	53375989	rs2055406
chr15	53377377	rs1813171
chr15	53378091	rs1516406
chr15	53378451	rs1516407
chr15	53379748	rs7169159
chr15	53382529	rs1516402
chr15	53386924	rs1038553
chr15	53387522	rs1501067
chr15	53388399	rs4776140
chr15	53389145	rs4776142
chr15	53390840	rs7181647
chr15	53394424	rs11629910
chr15	53396101	rs8029757
chr15	53397545	rs7180947
chr15	53397894	rs7182641
chr15	53399216	rs4774662
chr15	53400249	rs4776144
chr15	53401511	rs10162940
chr15	53401893	rs10162950
chr15	53403360	rs11630461
chr15	53404929	rs1516414
chr15	53405314	rs1021747
chr15	53406063	rs4776145
chr15	53407225	rs592248
chr15	53410643	rs12911817
chr15	53410706	rs1516415
chr15	53411761	rs1996309
chr15	53412213	rs1711029
chr15	53413137	rs11853116
chr15	53414311	rs4776146
chr15	53417331	rs1878193
chr15	53417547	rs4776147
chr15	53421267	rs1021744
chr15	53422504	rs7162577
chr15	53423682	rs1027606
chr15	53423990	rs624613
chr15	53424664	rs10851540
chr15	53426848	rs1697452
chr15	53432915	rs12442008
chr15	53435957	rs1189402
chr15	53437935	rs613246
chr15	53438951	rs640063
chr15	53444498	rs12904912
chr15	53446652	rs8040040
chr15	53448022	rs16966102
chr15	53453377	rs4776152
chr15	53453972	rs8030357
chr15	53454733	rs12439545
chr15	53458377	rs7167665
chr15	53459505	rs685850
chr15	53467315	rs659711
chr15	53468948	rs1189397
chr15	53470373	rs615041
chr15	53471163	rs2055407
chr15	53473783	rs666317
chr15	53473836	rs1607023
chr15	53474166	rs17661734
chr15	53477524	rs7164175
chr15	53478357	rs2202069
chr15	53478650	rs17712720
chr15	53483473	rs657495
chr15	53485476	rs8041720
chr15	53485721	rs12148070
chr15	53490345	rs17630504
chr15	53491263	rs2414238
chr15	53491651	rs12901523
chr15	53491887	rs17548609
chr15	53492691	rs12907072
chr15	53493286	rs12595143
chr15	53493736	rs952993
chr15	53494094	rs4294760
chr15	53499591	rs8039840
chr15	53505338	rs8033393
chr15	53506005	rs1211192
chr15	53507459	rs936918
chr15	53507615	rs1189333
chr15	53512137	rs2129769
chr15	53512203	rs12440270
chr15	53513628	rs7168365
chr15	53514891	rs7175105
chr15	53515202	rs4633660
chr15	53515960	rs8041208
chr15	53516166	rs7182198
chr15	53516645	rs8026294
chr15	53517761	rs17630660
chr15	53517785	rs16966158
chr15	53518798	rs473664
chr15	53519424	rs11630682
chr15	53519878	rs11856406
chr15	53521131	rs546942
chr15	53523555	rs10518725
chr15	53523926	rs10152470
chr15	53524285	rs953521
chr15	53524558	rs4318154
chr15	53526232	rs471240
chr15	53529867	rs1872917
chr15	53531215	rs10518726
chr15	53532032	rs12440842
chr15	53534193	rs7179777
chr15	53536489	rs12907854
chr15	53536635	rs16966177
chr15	53536662	rs17729707
chr15	53538540	rs12708431
chr15	53539993	rs12915842
chr15	53547582	rs10220852
chr15	53547922	rs12910725
chr15	53548468	rs957284
chr15	53549279	rs10220757
chr15	53549464	rs1906421
chr15	53551839	rs9302171
chr15	53552370	rs1906424
chr15	53552900	rs1906426
chr15	53554771	rs8034897
chr15	53556698	rs12901825
chr15	53557493	rs7169397
chr15	53558899	rs8026398
chr15	53560281	rs7497252
chr15	53561134	rs2129774
chr15	53562125	rs12440844
chr15	53563728	rs4774667
chr15	53564313	rs4144951
chr15	53565120	rs2414243
chr15	53565416	rs2414244
chr15	53565474	rs9920169
chr15	53566241	rs1906429
chr15	53567065	rs16966219
chr15	53567289	rs9920245
chr15	53567660	rs16966224
chr15	53567978	rs4776160
chr15	53568410	rs4457943
chr15	53572480	rs8036295
chr15	53574495	rs11635835
chr15	53575243	rs17662369
chr15	53577669	rs11632741
chr15	53579345	rs12901183
chr15	53582394	rs10518730
chr15	53586004	rs11855268
chr15	53586218	rs4776161
chr15	53587044	rs9672398
chr15	53587346	rs4448885
chr15	53587907	rs7171271
chr15	53588320	rs11070992
chr15	53591047	rs8039231
chr15	53592505	rs12441568
chr15	53598165	rs4332691
chr15	53598196	rs16966261
chr15	53599370	rs16966272
chr15	53599605	rs16966274
chr15	53600003	rs2899517
chr15	53600658	rs17549309
chr15	53600715	rs16966280
chr15	53600772	rs16966282
chr15	53605207	rs12904067
chr15	53606991	rs10152972
chr15	53608681	rs12915944
chr15	53609488	rs1906396
chr15	53610101	rs7165672
chr15	53610353	rs16966301
chr15	53611593	rs1906397
chr15	53613449	rs1906401
chr15	53614205	rs1906404
chr15	53614997	rs1906405
chr15	53615482	rs16966318
chr15	53615709	rs16966320
chr15	53615751	rs17730281
chr15	53618978	rs7178887
chr15	53619580	rs16966324
chr15	53625933	rs1906409
chr15	53627361	rs1105903
chr15	53634532	rs11858440
chr15	53634892	rs17730323
chr15	53639620	rs16966348
chr15	53639739	rs16966350
chr15	53642874	rs2926881
chr15	53644710	rs4776168
chr15	53645321	rs690610
chr15	53648110	rs10518733
chr15	53649080	rs4774671
chr15	53650731	rs17730436
chr15	53651121	rs7495833
chr15	53655665	rs1621807
chr15	53656901	rs689846
chr15	53658193	rs732975
chr15	53658851	rs12902579
chr15	53659238	rs1031755
chr15	53659331	rs689631
chr15	53663858	rs1878184
chr15	53664386	rs690368
chr15	53666370	rs537025
chr15	53668431	rs17549749
chr15	53670551	rs10851543
chr15	53672549	rs3911726
chr15	53674441	rs17631553
chr15	53674608	rs690545
chr15	53676764	rs532601
chr15	53676868	rs554622
chr15	53679974	rs989790
chr15	53680287	rs572528
chr15	53680528	rs690500
chr15	53680601	rs8029966
chr15	53682104	rs689751
chr15	53683970	rs12903062
chr15	53684200	rs6493636
chr15	53693253	rs8182039
chr15	53693362	rs4143622
chr15	53693834	rs2061599
chr15	53695703	rs4774673
chr15	53695917	rs2470069
chr15	53696241	rs17663120
chr15	53701929	rs17663138
chr15	53702296	rs6416452
chr15	53703438	rs8038719
chr15	53708776	rs690054
chr15	53710070	rs690383
chr15	53713866	rs690214
chr15	53714078	rs11853157
chr15	53714921	rs690526
chr15	53716062	rs12914274
chr15	53716598	rs690337
chr15	53717034	rs475377
chr15	53718167	rs11070997
chr15	53718547	rs990227
chr15	53720345	rs10518736
chr15	53721296	rs956553
chr15	53721876	rs2126191
chr15	53726563	rs1966951
chr15	53727864	rs16966570
chr15	53729926	rs6493645
chr15	53732979	rs17632070
chr15	53737278	rs689654
chr15	53741345	rs2470076
chr15	53742952	rs17550480
chr15	53742958	rs16973512
chr15	53744923	rs2459367
chr15	53749829	rs2126188
chr15	53753872	rs2169344
chr15	53756294	rs1903461
chr15	53757229	rs7164670
chr15	53759056	rs7183817
chr15	53763525	rs2414255
chr15	53765310	rs690242
chr15	53765475	rs12591101
chr15	53766314	rs1350827
chr15	53767367	rs11635018
chr15	53769033	rs690473
chr15	53770393	rs1119905
chr15	53771115	rs1461404
chr15	53773859	rs8037695
chr15	53775921	rs4774675
chr15	53776068	rs4776175
chr15	53777999	rs2045707
chr15	53783349	rs8023615
chr15	53788613	rs1381195
chr15	53790243	rs7173857
chr15	53790710	rs12910194
chr15	53792438	rs11853051
chr15	53793260	rs1461421
chr15	53797510	rs2126190
chr15	53803069	rs1461419
chr15	53803558	rs11638744
chr15	53804091	rs10083689
chr15	53804172	rs2470072
chr15	53807469	rs1841575
chr15	53809460	rs689813
chr15	53812412	rs17198145
chr15	53816438	rs690358
chr15	53816843	rs566122
chr15	53816940	rs2219618
chr15	53818760	rs515430
chr15	53819826	rs580129
chr15	53821975	rs12594745
chr15	53822150	rs533362
chr15	53825962	rs2711609
chr15	53827222	rs766615
chr15	53827473	rs766614
chr15	53828341	rs2711584
chr15	53828392	rs2725612
chr15	53829805	rs2725617
chr15	53830678	rs4776181
chr15	53835283	rs12443269
chr15	53835582	rs2253351
chr15	53835708	rs8040564
chr15	53836210	rs1871119
chr15	53836226	rs1478214
chr15	53836525	rs17550754
chr15	53836654	rs12902846
chr15	53836734	rs1478213
chr15	53836876	rs7165549
chr15	53836901	rs2725570
chr15	53840624	rs17632415
chr15	53852275	rs2725603
chr15	53852944	rs1841943
chr15	53859938	rs2711644
chr15	53861265	rs2256003
chr15	53861281	rs2711642
chr15	53861426	rs2255994
chr15	53862220	rs7498014
chr15	53864235	rs1478198
chr15	53864743	rs2616927
chr15	53864783	rs764229
chr15	53868790	rs1478200
chr15	53870636	rs1478205
chr15	53870685	rs1478206
chr15	53875144	rs2251480
chr15	53875507	rs8026827
chr15	53875679	rs9672427
chr15	53875737	rs2616900
chr15	53877441	rs11853454
chr15	53879109	rs2616906
chr15	53880355	rs2248141
chr15	53881264	rs1020944
chr15	53885480	rs8034462
chr15	53885492	rs12909675
chr15	53897872	rs877650
chr15	53899184	rs8027768
chr15	53900295	rs2725627
chr15	53900613	rs17731469
chr15	53902168	rs2725629
chr15	53902792	rs8030348
chr15	53902905	rs17632826
chr15	53903744	rs17551182
chr15	53904295	rs2616897
chr15	53905130	rs2616894
chr15	53912549	rs2616882
chr15	53915450	rs4776188
chr15	53917325	rs2711621
chr15	53917367	rs8023992
chr15	53917578	rs2711619
chr15	53918480	rs2711617
chr15	53918880	rs10083636
chr15	53919103	rs8031935
chr15	53919424	rs17198272
chr15	53920048	rs2616881
chr15	53921515	rs2711615
chr15	53922433	rs1478180
chr15	53922523	rs1993865
chr15	53923283	rs2616879
chr15	53926069	rs17551329
chr15	53926765	rs2711612
chr15	53926874	rs1026697
chr15	53927252	rs1026695
chr15	53927487	rs11637143
chr15	53927759	rs11637199
chr15	53930241	rs2725554
chr15	53931050	rs4776191
chr15	53934488	rs1961237
chr15	53936354	rs2725560
chr15	53937154	rs1817388
chr15	53943331	rs2711647
chr15	53944142	rs1904109
chr15	53944693	rs11639036
chr15	53944858	rs2725567
chr15	53949759	rs899139
chr15	53952280	rs750503
chr15	53952865	rs752477
chr15	53952951	rs752476
chr15	53953825	rs1478190
chr15	53954924	rs7495091
chr15	53954999	rs1159883
chr15	53956733	rs17633184
chr15	53959605	rs1478177
chr15	53959858	rs17183491
chr15	53963308	rs4145152
chr15	53967082	rs11630101
chr15	53968723	rs9972357
chr15	53970517	rs2725580
chr15	53970751	rs8035982
chr15	53972694	rs4776196
chr15	53973421	rs1478219
chr15	53974382	rs2711595
chr15	53974553	rs17731753
chr15	53976379	rs2725586
chr15	53977642	rs7175118
chr15	53978596	rs2414277
chr15	53981678	rs10518746
chr15	53982129	rs2711588
chr15	53983030	rs2251384
chr15	53984006	rs16973930
chr15	53984294	rs17664311
chr15	53984354	rs991264
chr15	53984386	rs2616910
chr15	53985850	rs2725591
chr15	53986102	rs16973935
chr15	53986277	rs17793769
chr15	53988614	rs2725594
chr15	53991480	rs2725596
chr15	53992094	rs2616915
chr15	53993105	rs1478187
chr15	53994875	rs17793787
chr15	53995684	rs2725597
chr15	53996361	rs2616917
chr15	53996650	rs1904110
chr15	53997192	rs11856192
chr15	53999366	rs1897044
chr15	54000796	rs16973946
chr15	54000846	rs17664364
chr15	54001420	rs12443437
chr15	54003452	rs11637439
chr15	54009178	rs10518750
chr15	54011818	rs12904759
chr15	54012363	rs16973971
chr15	54015728	rs17731958
chr15	54016290	rs8035080
chr15	54016863	rs4776200
chr15	54018482	rs17552102
chr15	54019688	rs12592703
chr15	54026743	rs2163197
chr15	54026860	rs2115827
chr15	54028336	rs17552199
chr15	54028572	rs12148800
chr15	54029379	rs2163196
chr15	54029409	rs17732069
chr15	54031112	rs12591924
chr15	54032577	rs7178355
chr15	54034820	rs10162901
chr15	54037781	rs11858483
chr15	54047873	rs2163195
chr15	54048231	rs2115825
chr15	54048754	rs7495771
chr15	54049268	rs1897031
chr15	54050688	rs11855518
chr15	54050991	rs11071017
chr15	54055127	rs8024845
chr15	54055988	rs7168151
chr15	54063863	rs1897028
chr15	54064094	rs11071021
chr15	54066258	rs10518754
chr15	54069507	rs11636091
chr15	54070280	rs11071022
chr15	54070548	rs11071023
chr15	54070736	rs2082114
chr15	54070780	rs2163194
chr15	54070908	rs17634084
chr15	54071907	rs10518755
chr15	54076647	rs1897023
chr15	54077164	rs8028347
chr15	54077567	rs7172540
chr15	54077749	rs7172769
chr15	54081857	rs11853343
chr15	54083825	rs1897019
chr15	54084304	rs4644815
chr15	54084617	rs4644804
chr15	54088003	rs11071033
chr15	54089303	rs12898716
chr15	54089872	rs4293321
chr15	54092105	rs1124991
chr15	54093843	rs12901124
chr15	54093948	rs4776204
chr15	54095122	rs12594549
chr15	54095772	rs2115820
chr15	54096276	rs12898299
chr15	54096426	rs2414270
chr15	54096695	rs2899527
chr15	54097674	rs11071038
chr15	54097965	rs7166072
chr15	54098704	rs6493663
chr15	54100146	rs11636356
chr15	54100958	rs2899526
chr15	54103065	rs934191
chr15	54103081	rs934192
chr15	54104481	rs10775155
chr15	54104950	rs1897006
chr15	54105296	rs12917372
chr15	54106756	rs7166444
chr15	54112784	rs1897080
chr15	54115827	rs8028866
chr15	54115945	rs12438585
chr15	54118146	rs1897078
chr15	54130779	rs12594168
chr15	54130916	rs12591674
chr15	54131115	rs12902669
chr15	54131506	rs4774681
chr15	54131666	rs7170148
chr15	54131775	rs16974124
chr15	54131864	rs16974125
chr15	54133209	rs4774684
chr15	54142257	rs17732682
chr15	54142671	rs12591326
chr15	54145679	rs12917028
chr15	54147915	rs2163201
chr15	54148825	rs7166833
chr15	54150442	rs7497273
chr15	54154586	rs12899222
chr15	54156123	rs1897058
chr15	54159312	rs1814348
chr15	54160596	rs7164107
chr15	54163517	rs16974242
chr15	54163560	rs12900128
chr15	54164557	rs16974251
chr15	54166113	rs1897053
chr15	54167533	rs12911041
chr15	54169026	rs6493665
chr15	54169497	rs7164985
chr15	54176280	rs1897051
chr15	54178933	rs961266
chr15	54179351	rs1897048
chr15	54179639	rs1897047
chr15	54180942	rs8040235
chr15	54183938	rs8036265
chr15	54187584	rs1897039
chr15	54189725	rs8039506
chr15	54193592	rs16974296
chr15	54194476	rs11071056
chr15	54195862	rs9944244
chr15	54200472	rs10444832
chr15	54204405	rs17732993
chr15	54208912	rs12438345
chr15	54209281	rs16974298
chr15	54210875	rs8038935
chr15	54212620	rs2414295
chr15	54213948	rs12912379
chr15	54214194	rs4259996
chr15	54215031	rs17237333
chr15	54215892	rs8028136
chr15	54216126	rs8027528
chr15	54216584	rs16974316
chr15	54217960	rs16974322
chr15	54221681	rs11634827
chr15	54229732	rs12443015
chr15	54230169	rs4774689
chr15	54231711	rs719211
chr15	54233468	rs10518760
chr15	54234087	rs12899415
chr15	54234813	rs11856476
chr15	54237431	rs7162346
chr15	54237799	rs7183952
chr15	54238820	rs12440124
chr15	54239225	rs11071063
chr15	54239802	rs16974346
chr15	54239884	rs16974347
chr15	54240305	rs16974352
chr15	54240394	rs4144949
chr15	54240787	rs16974357
chr15	54241689	rs12912762
chr15	54241858	rs12912676
chr15	54242958	rs10518761
chr15	54244748	rs4774690
chr15	54245097	rs9302174
chr15	54245562	rs10518762
chr15	54247926	rs2414285
chr15	54248147	rs12917023
chr15	54248359	rs12901994
chr15	54248394	rs12902903
chr15	54252633	rs9806325
chr15	54253975	rs11637720
chr15	54255631	rs11630366
chr15	54255826	rs2899536
chr15	54256618	rs12908409
chr15	54257340	rs12902524
chr15	54257756	rs12903591
chr15	54258039	rs4517736
chr15	54259069	rs7172577
chr15	54263865	rs12917198
chr15	54264904	rs5025252
chr15	54269626	rs8024165
chr15	54272069	rs8036716
chr15	54274125	rs4776219
chr15	54275907	rs6493670
chr15	54278030	rs4776220
chr15	54278150	rs4776221
chr15	54278256	rs4776222
chr15	54281384	rs16953182
chr15	54283018	rs12441610
chr15	54283952	rs12911007
chr15	54285475	rs16974431
chr15	54286363	rs17818362
chr15	54289500	rs4502150
chr15	54292266	rs8033973
chr15	54292313	rs8033976
chr15	54295174	rs12903297
chr15	54296150	rs7171614
chr15	54298164	rs12910406
chr15	54299802	rs11635307
chr15	54300157	rs7164993
chr15	54301314	rs8035356
chr15	54304284	rs17237459
chr15	54304325	rs4471623
chr15	54304343	rs16974482
chr15	54307101	rs11071068
chr15	54307574	rs12915691
chr15	54307877	rs12443310
chr15	54308127	rs12898437
chr15	54313298	rs8032831
chr15	54314882	rs2414299
chr15	54315057	rs12916554
chr15	54315929	rs4457945
chr15	54317269	rs994244
chr15	54319225	rs16974503
chr15	54319930	rs17237466
chr15	54320924	rs716967
chr15	54321738	rs12917191
chr15	54321781	rs17237480
chr15	54323053	rs1158075
chr15	54323403	rs4776226
chr15	54329892	rs7177937
chr15	54330440	rs7182182
chr15	54330563	rs16974514
chr15	54330858	rs1511787
chr15	54331048	rs1398003
chr15	54333542	rs1849210
chr15	54334198	rs17237494
chr15	54334558	rs4605108
chr15	54336977	rs7176207
chr15	54337715	rs3914185
chr15	54338560	rs12913366
chr15	54344146	rs958760
chr15	54344334	rs8030739
chr15	54345377	rs1467098
chr15	54345934	rs11633544
chr15	54346466	rs11634764
chr15	54346631	rs17818441
chr15	54347678	rs11634047
chr15	54348184	rs6493676
chr15	54350386	rs4774692
chr15	54352475	rs4291859
chr15	54354084	rs7172089
chr15	54362562	rs1511789
chr15	54366987	rs542328
chr15	54368524	rs17237564
chr15	54370452	rs563881
chr15	54372811	rs1849211
chr15	54381713	rs574499
chr15	54385361	rs12591226
chr15	54385788	rs562918
chr15	54386116	rs573320
chr15	54387148	rs953994
chr15	54388434	rs10518765
chr15	54393265	rs489526
chr15	54401615	rs547426
chr15	54406999	rs502891
chr15	54410997	rs12911850
chr15	54413704	rs2175491
chr15	54418675	rs884043
chr15	54422285	rs10444833
chr15	54422555	rs11635375
chr15	54423352	rs11853893
chr15	54423501	rs11857095
chr15	54423570	rs11857099
chr15	54424340	rs8035405
chr15	54428739	rs8029012
chr15	54428843	rs6493681
chr15	54430137	rs17237606
chr15	54437000	rs6493682
chr15	54438025	rs2414315
chr15	54440373	rs11071072
chr15	54453111	rs2414313
chr15	54453473	rs12148262
chr15	54454927	rs12595229
chr15	54456145	rs12437618
chr15	54461770	rs10744957
chr15	54461987	rs2414308
chr15	54464430	rs4776231
chr15	54471878	rs4354874
chr15	54479682	rs4641682
chr15	54481388	rs532035
chr15	54481791	rs12916571
chr15	54481878	rs12915430
chr15	54482238	rs8023474
chr15	54483002	rs885203
chr15	54483031	rs1814785
chr15	54485938	rs492561
chr15	54487114	rs10518767
chr15	54487969	rs8033074
chr15	54488401	rs556837
chr15	54495160	rs579664
chr15	54500230	rs8025195
chr15	54500536	rs1356859
chr15	54502842	rs546169
chr15	54504394	rs1520410
chr15	54504479	rs663929
chr15	54504979	rs676463
chr15	54506655	rs537389
chr15	54510093	rs667292
chr15	54510325	rs495769
chr15	54512126	rs10152949
chr15	54512939	rs624001
chr15	54515990	rs17818554
chr15	54517462	rs643105
chr15	54518092	rs640442
chr15	54518173	rs533450
chr15	54518334	rs16974720
chr15	54519653	rs1402111
chr15	54527367	rs589611
chr15	54528699	rs605869
chr15	54533571	rs7176139
chr15	54533865	rs6493687
chr15	54541267	rs7168929
chr15	54548771	rs12916626
chr15	54549676	rs9302181
chr15	54550824	rs11071087
chr15	54555479	rs11639005
chr15	54555588	rs11639014
chr15	54556026	rs8040699
chr15	54561527	rs12437724
chr15	54568399	rs1818705
chr15	54570194	rs8023595
chr15	54575663	rs10518772
chr15	54575767	rs12909682
chr15	54576470	rs2553218
chr15	54577735	rs2553223
chr15	54578062	rs7163424
chr15	54578906	rs8040774
chr15	54579307	rs2553226
chr15	54583273	rs8028630
chr15	54584014	rs2681954
chr15	54584225	rs1850999
chr15	54588233	rs11071089
chr15	54593945	rs7175154
chr15	54595245	rs1961635
chr15	54596339	rs2414325
chr15	54596733	rs2414326
chr15	54599802	rs9920919
chr15	54600385	rs6493693
chr15	54602037	rs1850994
chr15	54602631	rs12592914
chr15	54604757	rs1972137
chr15	54605521	rs11071093
chr15	54606389	rs2681962
chr15	54606433	rs9284299
chr15	54611697	rs12592900
chr15	54612194	rs1851006
chr15	54612584	rs1818711
chr15	54615252	rs3848141
chr15	54615751	rs2460606
chr15	54619419	rs12101359
chr15	54620241	rs2681963
chr15	54621480	rs16974987
chr15	54626745	rs11852743
chr15	54626849	rs1520411
chr15	54627291	rs2303406
chr15	54627341	rs11855187
chr15	54628517	rs9920139
chr15	54628652	rs9920150
chr15	54629764	rs1356857
chr15	54635506	rs3985778
chr15	54635597	rs3985779
chr15	54639172	rs7173347
chr15	54640518	rs11855856
chr15	54641001	rs4485296
chr15	54646200	rs2414336
chr15	54650995	rs11853727
chr15	54654011	rs2414342
chr15	54657871	rs8029424
chr15	54659124	rs17818674
chr15	54661059	rs1074876
chr15	54662352	rs12594342
chr15	54662666	rs9302185
chr15	54664510	rs4396478
chr15	54668061	rs13379610
chr15	54670354	rs11071101
chr15	54672218	rs11071102
chr15	54679209	rs7162662
chr15	54682229	rs6493701
chr15	54688619	rs4539545
chr15	54690889	rs11858172
chr15	54691890	rs11629688
chr15	54692912	rs12904751
chr15	54696622	rs4776246
chr15	54706566	rs1985883
chr15	54708716	rs10851575
chr15	54708916	rs6493711
chr15	54710020	rs4500668
chr15	54710326	rs10518777
chr15	54713369	rs9989279
chr15	54715776	rs11071114
chr15	54717830	rs2553215
chr15	54717958	rs10851576
chr15	54719126	rs2414371
chr15	54721769	rs12910709
chr15	54723169	rs7181788
chr15	54728873	rs2414376
chr15	54729959	rs4776247
chr15	54731795	rs1354102
chr15	54734257	rs2062639
chr15	54734361	rs7177005
chr15	54735200	rs971313
chr15	54735979	rs10083562
chr15	54736133	rs16975213
chr15	54737665	rs12900897
chr15	54737776	rs2062640
chr15	54738137	rs12901734
chr15	54747268	rs11636778
chr15	54755915	rs7176868
chr15	54771901	rs8028280
chr15	54772432	rs2651750
chr15	54773623	rs2695672
chr15	54773704	rs2651747
chr15	54774064	rs2651746
chr15	54774490	rs4774706
chr15	54774787	rs2221238
chr15	54775902	rs8029702
chr15	54776011	rs12906539
chr15	54776932	rs4427747
chr15	54780426	rs965538
chr15	54786525	rs11629480
chr15	54787369	rs2695674
chr15	54787987	rs2651730
chr15	54790254	rs17818764
chr15	54790336	rs1566564
chr15	54790982	rs1846914
chr15	54793094	rs17237899
chr15	54794505	rs17237906
chr15	54794738	rs924552
chr15	54794789	rs924551
chr15	54797041	rs1501399
chr15	54797417	rs2651764
chr15	54797788	rs11071126
chr15	54799920	rs11071127
chr15	54802687	rs12592527
chr15	54803043	rs1813846
chr15	54807560	rs992348
chr15	54809114	rs7178359
chr15	54809424	rs12898338
chr15	54816634	rs1392980
chr15	54818760	rs28442057
chr15	54821288	rs2681992
chr15	54822602	rs2254624
chr15	54822805	rs12593004
chr15	54826694	rs8041529
chr15	54826744	rs12916632
chr15	54828049	rs2681987
chr15	54828870	rs7182589
chr15	54829101	rs7182653
chr15	54829321	rs10518784
chr15	54829471	rs1875405
chr15	54830596	rs12909247
chr15	54830678	rs2721131
chr15	54833152	rs2047680
chr15	54833182	rs8025011
chr15	54833373	rs2062641
chr15	54833901	rs2651740
chr15	54837288	rs17818831
chr15	54837774	rs2695651
chr15	54838981	rs2695652
chr15	54839085	rs17818837
chr15	54840896	rs2721129
chr15	54841534	rs11635367
chr15	54841548	rs16975423
chr15	54842545	rs1027612
chr15	54843637	rs7176169
chr15	54844071	rs1915201
chr15	54844097	rs1915202
chr15	54844137	rs1915203
chr15	54844308	rs7497796
chr15	54844557	rs2414382
chr15	54844577	rs2202086
chr15	54844752	rs2202085
chr15	54844972	rs12900605
chr15	54845008	rs1121527
chr15	54845408	rs1121526
chr15	54845690	rs7167937
chr15	54847224	rs2899565
chr15	54847550	rs2414385
chr15	54848715	rs8036120
chr15	54849067	rs1879332
chr15	54850553	rs10518790
chr15	54850586	rs10518791
chr15	54858124	rs16975510
chr15	54858222	rs11071136
chr15	54858244	rs11071137
chr15	54858271	rs11071138
chr15	54859443	rs17818855
chr15	54859796	rs2899567
chr15	54862350	rs7184023
chr15	54864960	rs12148824
chr15	54865288	rs11071143
chr15	54867398	rs13329391
chr15	54868197	rs2176867
chr15	54868264	rs1915206
chr15	54869113	rs8028935
chr15	54869344	rs6493722
chr15	54870396	rs12915512
chr15	54878801	rs12595084
chr15	54878872	rs1501394
chr15	54879324	rs11071149
chr15	54880568	rs1501395
chr15	54883152	rs17818867
chr15	54883270	rs10162628
chr15	54883362	rs10162685
chr15	54883704	rs10162662
chr15	54884045	rs10220743
chr15	54885228	rs1319333
chr15	54889026	rs1846927
chr15	54897508	rs2062643
chr15	54902729	rs1879337
chr15	54903975	rs4774727
chr15	54905753	rs1915213
chr15	54907279	rs1915215
chr15	54909814	rs12443348
chr15	54911103	rs2102944
chr15	54915906	rs17238031
chr15	54918507	rs1528460
chr15	54925158	rs12591863
chr15	54934021	rs9920295
chr15	54934372	rs12438945
chr15	54934663	rs1406263
chr15	54944168	rs11633010
chr15	54956622	rs16975642
chr15	54959235	rs4126004
chr15	54961356	rs1629366
chr15	54962670	rs10518792
chr15	54965220	rs4126006
chr15	54965573	rs3848110
chr15	54965681	rs9806663
chr15	54965768	rs9806698
chr15	54966173	rs4126008
chr15	54970253	rs6493735
chr15	54971276	rs7181383
chr15	54971514	rs1715958
chr15	54974247	rs13329320
chr15	54974332	rs13329625
chr15	54974441	rs13329637
chr15	54978914	rs11637138
chr15	54979641	rs7176828
chr15	54980798	rs1194463
chr15	54983319	rs1728895
chr15	54987053	rs1994890
chr15	54990156	rs7162698
chr15	54990412	rs1358531
chr15	54990556	rs867441
chr15	54998377	rs1528470
chr15	55000253	rs999787
chr15	55000681	rs2414394
chr15	55003666	rs1540868
chr15	55009172	rs1728897
chr15	55009194	rs12594729
chr15	55010921	rs1728850
chr15	55011089	rs1690358
chr15	55011261	rs7167661
chr15	55012805	rs7173577
chr15	55016650	rs17818939
chr15	55017654	rs1728878
chr15	55019059	rs1690365
chr15	55019576	rs1690367
chr15	55022972	rs1728873
chr15	55023744	rs1690370
chr15	55024364	rs1690372
chr15	55028419	rs2899576
chr15	55028930	rs1528472
chr15	55029344	rs8042884
chr15	55029664	rs867697
chr15	55029698	rs17238122
chr15	55033209	rs11858741
chr15	55034421	rs7169189
chr15	55034973	rs12594750
chr15	55035241	rs7175011
chr15	55035571	rs17238129
chr15	55035640	rs17818951
chr15	55037943	rs11638590
chr15	55040246	rs1919165
chr15	55043851	rs10431784
chr15	55044056	rs11632529
chr15	55044991	rs6493743
chr15	55045324	rs7182466
chr15	55046546	rs7168436
chr15	55046890	rs1728861
chr15	55050747	rs1528474
chr15	55054066	rs3858881
chr15	55054931	rs7163897
chr15	55056207	rs1528461
chr15	55057005	rs12912361
chr15	55057890	rs2899575
chr15	55059494	rs12898869
chr15	55060747	rs1528462
chr15	55061314	rs12910429
chr15	55061904	rs1690387
chr15	55062372	rs1728891
chr15	55072025	rs1629338
chr15	55075926	rs723615
chr15	55082595	rs2572035
chr15	55082803	rs8033740
chr15	55089038	rs16975905
chr15	55092987	rs551132
chr15	55093686	rs2697377
chr15	55094545	rs1528473
chr15	55100985	rs7175635
chr15	55101072	rs2572029
chr15	55104435	rs489105
chr15	55105190	rs7178925
chr15	55108451	rs505918
chr15	55108674	rs16975936
chr15	55108763	rs11071165
chr15	55109727	rs12911537
chr15	55109840	rs10444801
chr15	55110980	rs4774203
chr15	55114297	rs1865475
chr15	55115054	rs527015
chr15	55115269	rs501898
chr15	55118309	rs508482
chr15	55121257	rs496232
chr15	55121336	rs11852793
chr15	55129845	rs16975978
chr15	55132658	rs934537
chr15	55142065	rs4774746
chr15	55142155	rs4774747
chr15	55143185	rs2414402
chr15	55151703	rs16976006
chr15	55152086	rs2414403
chr15	55154852	rs16976015
chr15	55162063	rs16976022
chr15	55163071	rs16976029
chr15	55164724	rs16976036
chr15	55164826	rs16976039
chr15	55165627	rs6493767
chr15	55168039	rs16976065
chr15	55173957	rs4774750
chr15	55179902	rs4503734
chr15	55180994	rs3759861
chr15	55183197	rs8035625
chr15	55188735	rs8034402
chr15	55188913	rs8034882
chr15	55192712	rs3759863
chr15	55193296	rs8042411
chr15	55193565	rs16976149
chr15	55196867	rs9300
chr15	55197112	rs11855490
chr15	55197214	rs3809540
chr15	55197416	rs3809539
chr15	55202168	rs28589384
chr15	55203765	rs1061824
chr15	55204558	rs1061873
chr15	55204571	rs1061870
chr15	55205493	rs1050931
chr15	55207244	rs8030981
chr15	55208257	rs7165491
chr15	55215291	rs17238178
chr15	55220888	rs17819012
chr15	55222748	rs17238192
chr15	55224195	rs2289059
chr15	55224645	rs7180504
chr15	55224835	rs16976187
chr15	55225234	rs12440420
chr15	55227561	rs16976194
chr15	55228316	rs9920531
chr15	55230032	rs8039254
chr15	55230731	rs1014597
chr15	55232591	rs12324775
chr15	55240013	rs2444039
chr15	55242144	rs2444043
chr15	55242822	rs549774
chr15	55246351	rs16976218
chr15	55246662	rs16976220
chr15	55250685	rs16976227
chr15	55251697	rs9920114
chr15	55258557	rs8032859
chr15	55260097	rs10851586
chr15	55263404	rs4261468
chr15	55263496	rs11639418
chr15	55264030	rs2414407
chr15	55265663	rs8032594
chr15	55266426	rs12050885
chr15	55268227	rs11071175
chr15	55269944	rs10518808
chr15	55271297	rs12912490
chr15	55281328	rs1007912
chr15	55282682	rs7167572
chr15	55285661	rs12903378
chr15	55288826	rs12909207
chr15	55289044	rs11857829
chr15	55293165	rs8036345
chr15	55293507	rs8040540
chr15	55299714	rs12901464
chr15	55312954	rs11636687
chr15	55318928	rs12902710
chr15	55319235	rs28668016
chr15	55327598	rs2290344
chr15	55330497	rs7183960
chr15	55335330	rs12050587
chr15	55339519	rs2414409
chr15	55339617	rs16976260
chr15	55340661	rs678892
chr15	55347107	rs8024695
chr15	55347669	rs17238269
chr15	55348839	rs2439048
chr15	55353463	rs4774766
chr15	55355588	rs11732
chr15	55356764	rs3743203
chr15	55357026	rs515341
chr15	55358813	rs8031507
chr15	55360833	rs501231
chr15	55360983	rs8042642
chr15	55361393	rs8027135
chr15	55362050	rs7168869
chr15	55362214	rs17819090
chr15	55366450	rs17819096
chr15	55368028	rs16976298
chr15	55372891	rs8041885
chr15	55373115	rs8041044
chr15	55373308	rs10518810
chr15	55376938	rs2289324
chr15	55377194	rs6493781
chr15	55377357	rs4380011
chr15	55377586	rs549914
chr15	55377941	rs16976314
chr15	55387056	rs11857139
chr15	55390942	rs12440680
chr15	55395771	rs7170993
chr15	55401006	rs9920450
chr15	55401775	rs17819108
chr15	55402632	rs11071185
chr15	55408783	rs16953240
chr15	55410093	rs7169460
chr15	55415501	rs7183937
chr15	55422237	rs12324434
chr15	55422328	rs12594039
chr15	55425334	rs8042996
chr15	55426712	rs11856786
chr15	55430015	rs3759864
chr15	55435389	rs7167170
chr15	55437369	rs7181226
chr15	55438983	rs687623
chr15	55443288	rs6493787
chr15	55466995	rs600753
chr15	55467490	rs2290981
chr15	55468324	rs692690
chr15	55468377	rs692691
chr15	55474589	rs692646
chr15	55476123	rs8037376
chr15	55478713	rs685935
chr15	55480574	rs692062
chr15	55485590	rs8043049
chr15	55488020	rs8034213
chr15	55488528	rs6493791
chr15	55489800	rs7174641
chr15	55495055	rs16976343
chr15	55496634	rs16976351
chr15	55497280	rs12594443
chr15	55497712	rs17819126
chr15	55498112	rs3743204
chr15	55498332	rs3743205
chr15	55506401	rs8040756
chr15	55508639	rs16787
chr15	55514020	rs12907462
chr15	55514436	rs12595301
chr15	55516204	rs1987293
chr15	55517462	rs2414418
chr15	55521633	rs8038110
chr15	55524787	rs728244
chr15	55525483	rs4774778
chr15	55526412	rs8025761
chr15	55530159	rs4447360
chr15	55530676	rs8038773
chr15	55531404	rs9806182
chr15	55535278	rs12438201
chr15	55535511	rs4774779
chr15	55538078	rs4774780
chr15	55540232	rs2248033
chr15	55541323	rs1624779
chr15	55544154	rs1659298
chr15	55544506	rs1677234
chr15	55544651	rs16976371
chr15	55544701	rs11071188
chr15	55544767	rs1550329
chr15	55546308	rs11858599
chr15	55546387	rs11858624
chr15	55548834	rs12917202
chr15	55550229	rs11635978
chr15	55550504	rs2899589
chr15	55550578	rs725150
chr15	55554651	rs9744862
chr15	55560178	rs4774788
chr15	55564863	rs7181893
chr15	55572573	rs9972557
chr15	55573867	rs4774791
chr15	55575199	rs1371057
chr15	55579167	rs7182121
chr15	55579368	rs7164285
chr15	55582868	rs7183943
chr15	55583357	rs2099662
chr15	55592417	rs11636556
chr15	55594746	rs7181481
chr15	55594770	rs7181496
chr15	55595058	rs12898968
chr15	55595529	rs2917844
chr15	55601113	rs4774217
chr15	55602360	rs7175728
chr15	55612046	rs617137
chr15	55612529	rs530798
chr15	55616005	rs491014
chr15	55619470	rs16976428
chr15	55620330	rs1438915
chr15	55623835	rs16976432
chr15	55626941	rs12591646
chr15	55628815	rs7165971
chr15	55631757	rs16976436
chr15	55632411	rs581287
chr15	55633749	rs4774796
chr15	55635500	rs558290
chr15	55638344	rs720509
chr15	55641001	rs1550326
chr15	55651344	rs492363
chr15	55652319	rs572531
chr15	55654534	rs9920546
chr15	55657884	rs11071200
chr15	55658743	rs4774800
chr15	55662907	rs17819156
chr15	55666219	rs12903822
chr15	55668258	rs16976450
chr15	55674444	rs8025445
chr15	55675199	rs8030790
chr15	55675718	rs2118781
chr15	55676341	rs12373006
chr15	55677843	rs11854213
chr15	55680599	rs16976466
chr15	55682186	rs16976467
chr15	55690059	rs1014551
chr15	55692067	rs11852746
chr15	55692241	rs12899976
chr15	55692407	rs687128
chr15	55693603	rs9920680
chr15	55695300	rs1011061
chr15	55702160	rs12594642
chr15	55702711	rs1371056
chr15	55706397	rs11858195
chr15	55707865	rs2414424
chr15	55708272	rs4774802
chr15	55709759	rs7164194
chr15	55712443	rs6493809
chr15	55715497	rs2414428
chr15	55725224	rs4377101
chr15	55738558	rs4774222
chr15	55738648	rs2414431
chr15	55739473	rs6493814
chr15	55739901	rs12442771
chr15	55740777	rs7182733
chr15	55744805	rs7163167
chr15	55751651	rs6493815
chr15	55751991	rs2414433
chr15	55752048	rs2414434
chr15	55752773	rs7181471
chr15	55764162	rs4774225
chr15	55764826	rs7179377
chr15	55768404	rs6493819
chr15	55769873	rs7176575
chr15	55770842	rs16976525
chr15	55771180	rs16976529
chr15	55771455	rs12438264
chr15	55773375	rs8037962
chr15	55774181	rs11634091
chr15	55775668	rs12906451
chr15	55777809	rs4774826
chr15	55778930	rs4412918
chr15	55779435	rs10851592
chr15	55780191	rs11071212
chr15	55780736	rs11071215
chr15	55782717	rs10851595
chr15	55784189	rs8025685
chr15	55786402	rs11634623
chr15	55787836	rs11858505
chr15	55789428	rs11631355
chr15	55790776	rs4617792
chr15	55790937	rs881868
chr15	55791860	rs4238319
chr15	55794974	rs7178122
chr15	55795629	rs748028
chr15	55796511	rs933999
chr15	55797584	rs16976551
chr15	55798411	rs17238405
chr15	55799508	rs2014213
chr15	55799543	rs12148407
chr15	55800256	rs7182436
chr15	55800646	rs7182185
chr15	55801540	rs17819216
chr15	55801858	rs1991406
chr15	55803310	rs8038186
chr15	55803618	rs8038387
chr15	55809928	rs12593682
chr15	55809966	rs10518822
chr15	55811022	rs9944218
chr15	55813378	rs9944190
chr15	55818348	rs933996
chr15	55820196	rs1104845
chr15	55820266	rs1104846
chr15	55820516	rs1104848
chr15	55822043	rs8033157
chr15	55822304	rs16976585
chr15	55823327	rs11071224
chr15	55824240	rs9888655
chr15	55825558	rs8034917
chr15	55825977	rs12439559
chr15	55826252	rs4520787
chr15	55827379	rs3088077
chr15	55828523	rs2899593
chr15	55828764	rs16976592
chr15	55829136	rs7162435
chr15	55829688	rs1042477
chr15	55830149	rs2288344
chr15	55830263	rs2288345
chr15	55830466	rs12910830
chr15	55830543	rs17238461
chr15	55835535	rs12898589
chr15	55835919	rs2414444
chr15	55836247	rs11630780
chr15	55837005	rs11853453
chr15	55838711	rs8028559
chr15	55844339	rs2438129
chr15	55845478	rs8027762
chr15	55846229	rs8033275
chr15	55846955	rs2288346
chr15	55848189	rs3759865
chr15	55855654	rs2438128
chr15	55860531	rs2303579
chr15	55860674	rs2303580
chr15	55867578	rs10518824
chr15	55869411	rs1912401
chr15	55870268	rs2414448
chr15	55870411	rs6493824
chr15	55871094	rs1912405
chr15	55872678	rs1912407
chr15	55873325	rs17238489
chr15	55880454	rs2414451
chr15	55882629	rs7179116
chr15	55893064	rs9972348
chr15	55895946	rs7182280
chr15	55895973	rs10518825
chr15	55898431	rs8027843
chr15	55900473	rs16976638
chr15	55900663	rs12916104
chr15	55901983	rs16976644
chr15	55902679	rs8032158
chr15	55904611	rs17819282
chr15	55904804	rs10518827
chr15	55907514	rs10518828
chr15	55909871	rs12593446
chr15	55910509	rs12902644
chr15	55910615	rs16976648
chr15	55915785	rs7174459
chr15	55916735	rs1912403
chr15	55917970	rs4774833
chr15	55918731	rs17819300
chr15	55920391	rs1912404
chr15	55924595	rs2271289
chr15	55925115	rs10518831
chr15	55931041	rs12592220
chr15	55936478	rs2175104
chr15	55937349	rs906811
chr15	55937562	rs1509406
chr15	55938613	rs7163864
chr15	55957090	rs6493827
chr15	55963576	rs4774837
chr15	55972491	rs12438374
chr15	55974635	rs7180734
chr15	55978164	rs9920283
chr15	55981248	rs8029247
chr15	55982245	rs11632974
chr15	55982581	rs8034692
chr15	55983150	rs12913147
chr15	55984490	rs12438057
chr15	55988834	rs12595514
chr15	55990695	rs16976661
chr15	55994115	rs1509408
chr15	55995585	rs12593195
chr15	55997900	rs2036741
chr15	55998977	rs8025686
chr15	55999051	rs11635590
chr15	56001619	rs16976674
chr15	56003338	rs8032922
chr15	56005229	rs17819312
chr15	56017343	rs949551
chr15	56017524	rs9652429
chr15	56019298	rs2899595
chr15	56025591	rs11631645
chr15	56026186	rs12907507
chr15	56028037	rs7183768
chr15	56029404	rs7494783
chr15	56029656	rs1509405
chr15	56030854	rs7167717
chr15	56032253	rs12595720
chr15	56033628	rs7164193
chr15	56034829	rs11071240
chr15	56035146	rs8031826
chr15	56036046	rs2414458
chr15	56036663	rs877045
chr15	56037010	rs11629895
chr15	56037658	rs1509401
chr15	56037721	rs1509402
chr15	56038429	rs16976698
chr15	56040642	rs1509403
chr15	56041451	rs12593506
chr15	56045329	rs1509404
chr15	56048698	rs7169431
chr15	56050238	rs12913391
chr15	56051861	rs8027409
chr15	56052089	rs17238566
chr15	56052805	rs10518833
chr15	56052868	rs10518834
chr15	56055223	rs12902061
chr15	56058797	rs17238580
chr15	56059031	rs1983193
chr15	56059137	rs1983194
chr15	56062847	rs8040189
chr15	56070770	rs7176107
chr15	56071500	rs34979470
chr15	56072704	rs11853158
chr15	56073922	rs8032242
chr15	56076926	rs8029097
chr15	56078294	rs1553737
chr15	56081846	rs6493834
chr15	56085679	rs4774232
chr15	56090097	rs16976734
chr15	56095835	rs12439907
chr15	56097988	rs4363812
chr15	56098418	rs748344
chr15	56102097	rs17238601
chr15	56105081	rs11071248
chr15	56116253	rs12911094
chr15	56134303	rs4310791
chr15	56141042	rs1372753
chr15	56141852	rs1031077
chr15	56142342	rs8024031
chr15	56142758	rs1550586
chr15	56144159	rs7496025
chr15	56144948	rs16976776
chr15	56145576	rs17819384
chr15	56147004	rs11636040
chr15	56159891	rs12595840
chr15	56168753	rs12593569
chr15	56170072	rs16976788
chr15	56172726	rs12437864
chr15	56179251	rs11637789
chr15	56183191	rs2725870
chr15	56185287	rs16976792
chr15	56188435	rs894415
chr15	56192090	rs2584689
chr15	56196961	rs1879347
chr15	56197859	rs12439682
chr15	56204327	rs10518843
chr15	56204384	rs1829543
chr15	56210946	rs2713934
chr15	56212400	rs8030605
chr15	56216545	rs2247838
chr15	56217710	rs2460647
chr15	56217861	rs10851604
chr15	56225326	rs16976826
chr15	56233796	rs12591294
chr15	56235079	rs2414468
chr15	56240492	rs2465405
chr15	56242976	rs2460649
chr15	56250025	rs2682050
chr15	56251224	rs2682051
chr15	56251348	rs2718930
chr15	56256724	rs4392004
chr15	56259549	rs2718926
chr15	56263381	rs8041422
chr15	56264752	rs2682059
chr15	56265220	rs2718934
chr15	56265816	rs2249090
chr15	56279698	rs8032600
chr15	56279978	rs8032549
chr15	56281995	rs1851032
chr15	56285633	rs2725854
chr15	56287070	rs12594941
chr15	56290218	rs2718946
chr15	56292669	rs1579370
chr15	56298635	rs2718957
chr15	56306216	rs1593453
chr15	56310982	rs2912184
chr15	56322887	rs2554287
chr15	56323017	rs2725856
chr15	56324591	rs1477588
chr15	56326850	rs2682017
chr15	56334915	rs2718904
chr15	56335950	rs2114185
chr15	56341595	rs1520532
chr15	56345161	rs2713940
chr15	56345767	rs1863427
chr15	56355620	rs1426065
chr15	56363201	rs10438327
chr15	56367630	rs1426070
chr15	56384259	rs7177904
chr15	56385532	rs12900678
chr15	56388667	rs16976890
chr15	56395161	rs6493856
chr15	56395313	rs11853962
chr15	56410157	rs1549452
chr15	56414489	rs12443042
chr15	56421080	rs795800
chr15	56428189	rs795786
chr15	56439994	rs795791
chr15	56441441	rs1087837
chr15	56441464	rs1087838
chr15	56442820	rs797066
chr15	56444010	rs795793
chr15	56444280	rs6493858
chr15	56445099	rs7170307
chr15	56448186	rs11858489
chr15	56453805	rs11857306
chr15	56464087	rs1715919
chr15	56465797	rs3759868
chr15	56469672	rs12591303
chr15	56470708	rs1711483
chr15	56470964	rs16976919
chr15	56470995	rs11856746
chr15	56473997	rs7164113
chr15	56478619	rs1520421
chr15	56479047	rs2899598
chr15	56480625	rs12910542
chr15	56482605	rs1980243
chr15	56482700	rs7164603
chr15	56483187	rs7164950
chr15	56486987	rs17238775
chr15	56491027	rs1629245
chr15	56492896	rs3848114
chr15	56494916	rs13380027
chr15	56495511	rs1711506
chr15	56513975	rs4486824
chr15	56519006	rs1711537
chr15	56520500	rs11531318
chr15	56526496	rs795471
chr15	56527966	rs10518854
chr15	56528827	rs703237
chr15	56530153	rs8034875
chr15	56530205	rs703235
chr15	56531589	rs1711493
chr15	56531715	rs9652468
chr15	56531888	rs12708450
chr15	56532620	rs3858886
chr15	56532801	rs16976967
chr15	56534027	rs1520418
chr15	56535896	rs1715896
chr15	56536186	rs17238796
chr15	56539247	rs1715901
chr15	56543050	rs1711479
chr15	56545799	rs2681976
chr15	56549103	rs16976982
chr15	56549440	rs9920264
chr15	56550702	rs1384129
chr15	56551137	rs3858887
chr15	56553856	rs12907686
chr15	56557207	rs2676765
chr15	56568113	rs2676206
chr15	56569463	rs2733231
chr15	56580728	rs9920615
chr15	56582726	rs1600833
chr15	56598703	rs8034366
chr15	56602280	rs11638223
chr15	56603809	rs10518858
chr15	56607325	rs12148781
chr15	56608400	rs7181220
chr15	56609718	rs7165804
chr15	56613286	rs4774879
chr15	56613785	rs10851610
chr15	56614612	rs7174432
chr15	56622156	rs7178796
chr15	56627079	rs16977020
chr15	56628949	rs12903283
chr15	56631338	rs3803457
chr15	56634136	rs1979467
chr15	56636040	rs12903336
chr15	56637578	rs3199
chr15	56637691	rs12903862
chr15	56639568	rs2170463
chr15	56639803	rs1564557
chr15	56643962	rs17238845
chr15	56650344	rs12438728
chr15	56653250	rs4774885
chr15	56654782	rs12911381
chr15	56656329	rs11630168
chr15	56657118	rs11071282
chr15	56657135	rs11071283
chr15	56659895	rs12442189
chr15	56661542	rs8043223
chr15	56664116	rs28678122
chr15	56666830	rs28620278
chr15	56668428	rs12592389
chr15	56675923	rs2279299
chr15	56676303	rs2279298
chr15	56680019	rs3784553
chr15	56682106	rs11638707
chr15	56682819	rs11071285
chr15	56685296	rs4774244
chr15	56689972	rs8031966
chr15	56692817	rs534005
chr15	56694047	rs12912666
chr15	56694825	rs809459
chr15	56700646	rs3816752
chr15	56710077	rs7164095
chr15	56710476	rs17238880
chr15	56713165	rs1680488
chr15	56713839	rs12905514
chr15	56720618	rs7168178
chr15	56724184	rs6493882
chr15	56725690	rs10518870
chr15	56727587	rs4774891
chr15	56730512	rs8035474
chr15	56731219	rs7182346
chr15	56734881	rs6493886
chr15	56736299	rs2161935
chr15	56751593	rs6493888
chr15	56758414	rs1010699
chr15	56765687	rs8023672
chr15	56773589	rs10518876
chr15	56773966	rs1812395
chr15	56777897	rs12908806
chr15	56778278	rs16977079
chr15	56790808	rs7175576
chr15	56797300	rs1660965
chr15	56797569	rs1660966
chr15	56798081	rs1627133
chr15	56802526	rs1647386
chr15	56817335	rs1657938
chr15	56821612	rs1657934
chr15	56821683	rs6493893
chr15	56821725	rs1647392
chr15	56821873	rs7359253
chr15	56828791	rs1657930
chr15	56834719	rs4313751
chr15	56840395	rs6493894
chr15	56841159	rs13379960
chr15	56844877	rs1441236
chr15	56849033	rs1115019
chr15	56849183	rs13329610
chr15	56855271	rs3087567
chr15	56857439	rs11858368
chr15	56858058	rs1647372
chr15	56872691	rs2163369
chr15	56874447	rs1657948
chr15	56878713	rs1652748
chr15	56879232	rs1629339
chr15	56879888	rs2414487
chr15	56885934	rs1657922
chr15	56889014	rs10851612
chr15	56894199	rs7175191
chr15	56897866	rs1529597
chr15	56906270	rs16977148
chr15	56911043	rs12324092
chr15	56913731	rs12437976
chr15	56914479	rs2576928
chr15	56915947	rs1963831
chr15	56917420	rs7164742
chr15	56918099	rs3803455
chr15	56923669	rs715338
chr15	56924788	rs213163
chr15	56933568	rs213155
chr15	56934939	rs2111890
chr15	56939547	rs4774246
chr15	56942378	rs12906025
chr15	56949772	rs2543675
chr15	56951621	rs604191
chr15	56961631	rs34262415
chr15	56964230	rs1642932
chr15	56965760	rs2585082
chr15	56966668	rs1628067
chr15	56974618	rs1625176
chr15	56981041	rs11856338
chr15	56981803	rs1652738
chr15	56984131	rs1652739
chr15	56985871	rs1631079
chr15	56990521	rs2566844
chr15	56994951	rs2585076
chr15	57001887	rs11630195
chr15	57002708	rs16977186
chr15	57003112	rs12906873
chr15	57005315	rs12901270
chr15	57016291	rs2435905
chr15	57017114	rs7178833
chr15	57021508	rs2957576
chr15	57028466	rs2733170
chr15	57028521	rs8037469
chr15	57036321	rs2566856
chr15	57038831	rs9302200
chr15	57040378	rs10518890
chr15	57044847	rs2470081
chr15	57044895	rs2470082
chr15	57045413	rs12437713
chr15	57051001	rs7183361
chr15	57054307	rs2962992
chr15	57056964	rs7176873
chr15	57058767	rs2962990
chr15	57060695	rs2585110
chr15	57060836	rs2703580
chr15	57063162	rs4494480
chr15	57066230	rs2585112
chr15	57068716	rs2464427
chr15	57072616	rs2951904
chr15	57078022	rs2733187
chr15	57078890	rs2470085
chr15	57079077	rs2957578
chr15	57080574	rs2252289
chr15	57089653	rs2951899
chr15	57096151	rs2733332
chr15	57097170	rs9806170
chr15	57099343	rs2733194
chr15	57101807	rs16977243
chr15	57101852	rs11855648
chr15	57110492	rs11852340
chr15	57111400	rs10518894
chr15	57116906	rs2615233
chr15	57119818	rs12595074
chr15	57121578	rs967514
chr15	57126616	rs7175436
chr15	57127919	rs2593230
chr15	57129157	rs8037901
chr15	57133215	rs17819940
chr15	57139273	rs11853331
chr15	57143728	rs2733333
chr15	57151117	rs1020888
chr15	57152679	rs6493902
chr15	57152842	rs8031866
chr15	57156257	rs2593211
chr15	57166922	rs2703614
chr15	57167080	rs11071308
chr15	57173577	rs2414491
chr15	57178100	rs745652
chr15	57178202	rs16977276
chr15	57179625	rs12912210
chr15	57190568	rs8026702
chr15	57195572	rs4774913
chr15	57196569	rs2703593
chr15	57198092	rs2703595
chr15	57198984	rs10518899
chr15	57199620	rs12904602
chr15	57202862	rs12050751
chr15	57204079	rs9672676
chr15	57206493	rs2733310
chr15	57209216	rs2593221
chr15	57209855	rs8034744
chr15	57216860	rs1814585
chr15	57231344	rs1037958
chr15	57232659	rs2290938
chr15	57232784	rs12442879
chr15	57235524	rs1867641
chr15	57236302	rs978274
chr15	57237920	rs17239452
chr15	57242031	rs2733323
chr15	57245910	rs3803453
chr15	57246276	rs2593236
chr15	57247440	rs3794613
chr15	57258564	rs12910132
chr15	57259591	rs2733330
chr15	57259714	rs1545728
chr15	57267189	rs7180558
chr15	57270431	rs6493909
chr15	57273661	rs2431032
chr15	57275046	rs935326
chr15	57282110	rs8024901
chr15	57283718	rs3095821
chr15	57287318	rs12438324
chr15	57287548	rs3803452
chr15	57289215	rs2921430
chr15	57289394	rs16977374
chr15	57291103	rs7164298
chr15	57292698	rs4774921
chr15	57301868	rs2440979
chr15	57304152	rs2414500
chr15	57305082	rs2243504
chr15	57306319	rs2544129
chr15	57308290	rs6493912
chr15	57310801	rs4774924
chr15	57311023	rs2440943
chr15	57311171	rs17820184
chr15	57312204	rs4774925
chr15	57314675	rs4774926
chr15	57316494	rs2431016
chr15	57316925	rs11071311
chr15	57320923	rs2414501
chr15	57322347	rs11631073
chr15	57323832	rs12910689
chr15	57324108	rs12595188
chr15	57326649	rs2247485
chr15	57328578	rs4534776
chr15	57328760	rs2244636
chr15	57330402	rs1007049
chr15	57330689	rs2244373
chr15	57331902	rs4774932
chr15	57335253	rs2544143
chr15	57335913	rs2243806
chr15	57336901	rs2544141
chr15	57337085	rs2591056
chr15	57338764	rs2909544
chr15	57343521	rs4774257
chr15	57352069	rs935322
chr15	57352258	rs735609
chr15	57352335	rs935319
chr15	57352458	rs2431042
chr15	57352779	rs4411458
chr15	57353126	rs2440948
chr15	57353321	rs4636855
chr15	57353371	rs8033575
chr15	57353688	rs7174662
chr15	57354934	rs2431039
chr15	57355509	rs734490
chr15	57355814	rs734489
chr15	57355879	rs17239637
chr15	57357921	rs2431027
chr15	57361504	rs4609782
chr15	57361554	rs4553565
chr15	57363578	rs7180319
chr15	57366802	rs7177670
chr15	57367673	rs2440961
chr15	57367793	rs2431043
chr15	57369717	rs1567616
chr15	57372317	rs2544127
chr15	57374829	rs1664476
chr15	57375112	rs1706398
chr15	57382132	rs16977428
chr15	57382540	rs1664465
chr15	57384368	rs1567615
chr15	57385034	rs8039952
chr15	57385068	rs1664462
chr15	57386438	rs1706396
chr15	57388464	rs16977452
chr15	57388685	rs907473
chr15	57389101	rs2414505
chr15	57389655	rs1664456
chr15	57390435	rs1664454
chr15	57390837	rs1706390
chr15	57391187	rs1706387
chr15	57391503	rs1706386
chr15	57392627	rs10518915
chr15	57393813	rs16977458
chr15	57394510	rs4774260
chr15	57394688	rs4774261
chr15	57395696	rs1706341
chr15	57396630	rs2440968
chr15	57397303	rs16977465
chr15	57398447	rs8038172
chr15	57398793	rs1706403
chr15	57402656	rs1567620
chr15	57402740	rs12440459
chr15	57404428	rs16977473
chr15	57404831	rs12909509
chr15	57404877	rs12909385
chr15	57406764	rs1511954
chr15	57408090	rs7169100
chr15	57408371	rs16977474
chr15	57408520	rs4774939
chr15	57409514	rs1664440
chr15	57410487	rs7176344
chr15	57410755	rs1664439
chr15	57415061	rs7180305
chr15	57416790	rs935330
chr15	57418720	rs1664436
chr15	57418857	rs7494888
chr15	57419960	rs1664434
chr15	57420010	rs1620235
chr15	57420228	rs11857181
chr15	57421553	rs17820281
chr15	57427543	rs11852812
chr15	57428275	rs16977493
chr15	57431846	rs7166594
chr15	57433061	rs907465
chr15	57433907	rs1567619
chr15	57438206	rs2934441
chr15	57439375	rs7182648
chr15	57439530	rs1280396
chr15	57440545	rs1280398
chr15	57440810	rs1280400
chr15	57441196	rs4774941
chr15	57441816	rs8034215
chr15	57447321	rs2921429
chr15	57447926	rs16977507
chr15	57449063	rs11071319
chr15	57449215	rs11071320
chr15	57450023	rs11636693
chr15	57451882	rs2271406
chr15	57452384	rs1018268
chr15	57453873	rs2271405
chr15	57453913	rs3817186
chr15	57454582	rs1280409
chr15	57454617	rs17820305
chr15	57454682	rs1280410
chr15	57456781	rs8028787
chr15	57456995	rs1280415
chr15	57457102	rs1280416
chr15	57458449	rs7168890
chr15	57459492	rs10048047
chr15	57461669	rs1511951
chr15	57462034	rs3825779
chr15	57462118	rs12441519
chr15	57462675	rs4774942
chr15	57463434	rs1280374
chr15	57463498	rs1280376
chr15	57463613	rs1280377
chr15	57465230	rs7495736
chr15	57465313	rs1995989
chr15	57467268	rs1567618
chr15	57470542	rs2280065
chr15	57470595	rs2934442
chr15	57471266	rs4774943
chr15	57472155	rs2932195
chr15	57472227	rs11632868
chr15	57472423	rs1297111
chr15	57473376	rs1280380
chr15	57474717	rs8030746
chr15	57475784	rs2922219
chr15	57475873	rs11638422
chr15	57476443	rs2922220
chr15	57477893	rs11855136
chr15	57480704	rs1280383
chr15	57483608	rs11857569
chr15	57483628	rs12148280
chr15	57486126	rs11856034
chr15	57488840	rs1511949
chr15	57489037	rs7170267
chr15	57490051	rs10518922
chr15	57492925	rs1280367
chr15	57494048	rs10518923
chr15	57495794	rs1280370
chr15	57496189	rs2942043
chr15	57497010	rs1290243
chr15	57497724	rs11857299
chr15	57498193	rs2932198
chr15	57498238	rs17239770
chr15	57499134	rs11071323
chr15	57499565	rs4774948
chr15	57499932	rs932029
chr15	57500049	rs932028
chr15	57500503	rs7167023
chr15	57501567	rs1994887
chr15	57502359	rs12915561
chr15	57510208	rs2131740
chr15	57510274	rs2172613
chr15	57512396	rs7164486
chr15	57515603	rs16977558
chr15	57515767	rs16977561
chr15	57517261	rs2922233
chr15	57517895	rs16977567
chr15	57519205	rs7165557
chr15	57520306	rs1280360
chr15	57520330	rs7172031
chr15	57520479	rs8034218
chr15	57520712	rs11857629
chr15	57520925	rs11857709
chr15	57521931	rs2071
chr15	57522330	rs4774951
chr15	57523812	rs4774952
chr15	57524852	rs10518925
chr15	57526985	rs11856674
chr15	57527304	rs17820383
chr15	57529212	rs4774956
chr15	57530673	rs2131741
chr15	57532132	rs2279605
chr15	57532188	rs2279606
chr15	57532274	rs2279607
chr15	57532718	rs1690337
chr15	57534667	rs2934449
chr15	57535150	rs2414512
chr15	57535446	rs1666568
chr15	57537100	rs16977582
chr15	57538999	rs12439793
chr15	57539209	rs16977585
chr15	57539571	rs7181371
chr15	57539906	rs2172607
chr15	57540008	rs7182268
chr15	57540771	rs8026794
chr15	57541694	rs11071331
chr15	57543705	rs1620402
chr15	57544079	rs1623697
chr15	57544295	rs1625458
chr15	57545158	rs1666570
chr15	57546060	rs2635390
chr15	57546741	rs16977593
chr15	57547389	rs16977594
chr15	57547633	rs2131731
chr15	57547929	rs1666573
chr15	57548538	rs3742966
chr15	57548571	rs937248
chr15	57549412	rs3742963
chr15	57550074	rs17820431
chr15	57550116	rs17820437
chr15	57550243	rs11856
chr15	57550264	rs8784
chr15	57550321	rs12439291
chr15	57550343	rs12439292
chr15	57551193	rs766103
chr15	57553134	rs12591554
chr15	57553597	rs7169081
chr15	57556380	rs2922231
chr15	57557045	rs1630903
chr15	57559378	rs2414514
chr15	57562312	rs1908194
chr15	57562675	rs4774964
chr15	57563479	rs4774966
chr15	57563631	rs16977601
chr15	57567018	rs11632793
chr15	57567337	rs11636335
chr15	57567529	rs7179379
chr15	57567879	rs7179813
chr15	57568100	rs4774270
chr15	57568391	rs7174694
chr15	57568542	rs16977603
chr15	57569816	rs9944289
chr15	57569923	rs9944168
chr15	57570138	rs4774271
chr15	57571449	rs2932201
chr15	57571826	rs2453086
chr15	57572015	rs8032560
chr15	57572157	rs8033222
chr15	57572301	rs8037043
chr15	57572614	rs2635382
chr15	57574729	rs1666577
chr15	57574883	rs11631886
chr15	57577585	rs2932206
chr15	57579745	rs937249
chr15	57580241	rs2934426
chr15	57580455	rs2453088
chr15	57581240	rs935549
chr15	57582275	rs2172608
chr15	57582296	rs2172609
chr15	57584472	rs1873993
chr15	57584764	rs1908196
chr15	57585808	rs2442075
chr15	57586613	rs11071334
chr15	57587112	rs17820515
chr15	57587272	rs1908199
chr15	57587525	rs1690325
chr15	57587971	rs1690326
chr15	57588320	rs1868243
chr15	57589502	rs744319
chr15	57589691	rs744318
chr15	57590348	rs1690327
chr15	57590980	rs1908204
chr15	57592021	rs2453089
chr15	57596391	rs11071335
chr15	57597531	rs4774273
chr15	57597839	rs4774274
chr15	57602245	rs7178159
chr15	57603155	rs4774275
chr15	57604856	rs750648
chr15	57607938	rs1107114
chr15	57608092	rs1107113
chr15	57608541	rs750490
chr15	57610033	rs9920308
chr15	57611006	rs9806498
chr15	57611923	rs2453096
chr15	57612153	rs2453097
chr15	57612628	rs12324526
chr15	57612722	rs9920106
chr15	57612879	rs2453098
chr15	57614438	rs2934434
chr15	57616000	rs2220806
chr15	57616988	rs1690333
chr15	57617966	rs937254
chr15	57621896	rs2934439
chr15	57622113	rs12442987
chr15	57625623	rs2470360
chr15	57625871	rs2069133
chr15	57626165	rs10163178
chr15	57626376	rs17239999
chr15	57627932	rs2733588
chr15	57633135	rs890271
chr15	57633638	rs16977629
chr15	57633792	rs11637944
chr15	57634075	rs11638184
chr15	57634609	rs2554043
chr15	57637463	rs11635989
chr15	57638394	rs16977630
chr15	57638577	rs1863401
chr15	57638819	rs16977631
chr15	57642503	rs7176042
chr15	57643221	rs2433196
chr15	57643931	rs6493939
chr15	57645408	rs16977633
chr15	57652171	rs12914437
chr15	57654988	rs16977635
chr15	57658436	rs2554041
chr15	57659550	rs2554040
chr15	57661366	rs986868
chr15	57662930	rs12148258
chr15	57662954	rs7169211
chr15	57663131	rs2733604
chr15	57663371	rs11071339
chr15	57664503	rs9806740
chr15	57665116	rs1425948
chr15	57665626	rs9302201
chr15	57665766	rs10162772
chr15	57666286	rs17240055
chr15	57667430	rs1559776
chr15	57667812	rs4564513
chr15	57668114	rs1593439
chr15	57669550	rs11071340
chr15	57669662	rs11071341
chr15	57670884	rs6493942
chr15	57671514	rs2414517
chr15	57675509	rs1346120
chr15	57679333	rs12441026
chr15	57679907	rs11853270
chr15	57681200	rs4774279
chr15	57681248	rs4774280
chr15	57682833	rs7359330
chr15	57690363	rs11854917
chr15	57691677	rs4774980
chr15	57698711	rs2733617
chr15	57699659	rs12148857
chr15	57700799	rs1000697
chr15	57703536	rs7181586
chr15	57708200	rs2470361
chr15	57708783	rs1062707
chr15	57710991	rs2733619
chr15	57712690	rs16977644
chr15	57717561	rs1808478
chr15	57722509	rs7181032
chr15	57728540	rs557832
chr15	57729651	rs10851623
chr15	57729903	rs16977648
chr15	57733762	rs7174390
chr15	57734776	rs7350797
chr15	57738944	rs510331
chr15	57741606	rs16977655
chr15	57742448	rs2414519
chr15	57742675	rs12912067
chr15	57743505	rs890266
chr15	57743602	rs1972284
chr15	57744905	rs590702
chr15	57746100	rs536089
chr15	57746744	rs669415
chr15	57748070	rs1469280
chr15	57748173	rs1469279
chr15	57749624	rs8023670
chr15	57751738	rs12442595
chr15	57752502	rs11858872
chr15	57757101	rs11856153
chr15	57757342	rs12324861
chr15	57758046	rs12916346
chr15	57760830	rs7176749
chr15	57761461	rs1079208
chr15	57761551	rs2005173
chr15	57762146	rs2004512
chr15	57762164	rs12440670
chr15	57764585	rs4374101
chr15	57766556	rs676763
chr15	57767905	rs585189
chr15	57768167	rs495772
chr15	57768597	rs598729
chr15	57768691	rs890267
chr15	57768833	rs16977683
chr15	57769724	rs12148827
chr15	57769803	rs552702
chr15	57773692	rs4774982
chr15	57774087	rs491296
chr15	57774243	rs492325
chr15	57774363	rs493301
chr15	57774492	rs1991253
chr15	57775175	rs522358
chr15	57775583	rs681484
chr15	57776949	rs7177531
chr15	57778410	rs12914158
chr15	57780070	rs8024195
chr15	57780522	rs11636446
chr15	57783545	rs491242
chr15	57784837	rs2414520
chr15	57785725	rs12439952
chr15	57786213	rs8042641
chr15	57787264	rs11638718
chr15	57788419	rs1559777
chr15	57789020	rs17240167
chr15	57789656	rs12438778
chr15	57790363	rs8036712
chr15	57790501	rs2274
chr15	57793428	rs956284
chr15	57793434	rs956283
chr15	57793990	rs874727
chr15	57794266	rs10518933
chr15	57794600	rs2733594
chr15	57796306	rs655532
chr15	57796489	rs560391
chr15	57796978	rs12907340
chr15	57798325	rs10518936
chr15	57798786	rs624172
chr15	57799107	rs537459
chr15	57799130	rs538170
chr15	57799745	rs609402
chr15	57805689	rs8030835
chr15	57806236	rs629876
chr15	57808751	rs597804
chr15	57816569	rs573784
chr15	57817037	rs488319
chr15	57817326	rs4774984
chr15	57818553	rs654752
chr15	57821255	rs4774986
chr15	57822769	rs1365122
chr15	57822784	rs1365123
chr15	57824189	rs2414522
chr15	57824664	rs752988
chr15	57824710	rs11631958
chr15	57825010	rs7171742
chr15	57825339	rs12913297
chr15	57825875	rs1346121
chr15	57826907	rs12899431
chr15	57827998	rs765129
chr15	57828185	rs1807956
chr15	57828837	rs7163184
chr15	57829263	rs17820733
chr15	57830625	rs6493954
chr15	57831161	rs8036606
chr15	57836307	rs12591879
chr15	57836676	rs7168765
chr15	57841058	rs12593718
chr15	57843751	rs3848117
chr15	57846477	rs7174454
chr15	57850816	rs10775166
chr15	57850833	rs11631467
chr15	57856561	rs16977755
chr15	57858171	rs1545237
chr15	57858830	rs17820763
chr15	57859380	rs4561399
chr15	57859643	rs1545238
chr15	57859732	rs1545239
chr15	57860614	rs1073586
chr15	57863151	rs10518943
chr15	57863701	rs6493960
chr15	57864354	rs7176273
chr15	57866409	rs7167150
chr15	57869053	rs17240258
chr15	57871077	rs7182108
chr15	57872999	rs12592490
chr15	57877034	rs1579743
chr15	57879513	rs13313479
chr15	57882608	rs11071348
chr15	57883080	rs873393
chr15	57884315	rs11857195
chr15	57885393	rs894342
chr15	57885547	rs737413
chr15	57887591	rs1550571
chr15	57888205	rs4143225
chr15	57890475	rs1866962
chr15	57890829	rs16977822
chr15	57891110	rs11071351
chr15	57891326	rs10851628
chr15	57892935	rs1867049
chr15	57893164	rs1441824
chr15	57893290	rs1441826
chr15	57893963	rs6493965
chr15	57894770	rs10518945
chr15	57894805	rs2044069
chr15	57894942	rs7497094
chr15	57895315	rs1441828
chr15	57896661	rs16953353
chr15	57897291	rs16977831
chr15	57898689	rs4775002
chr15	57903519	rs1550573
chr15	57904258	rs12148525
chr15	57906399	rs8035612
chr15	57909462	rs7498008
chr15	57909500	rs12440501
chr15	57910181	rs8042677
chr15	57911755	rs7173078
chr15	57913702	rs8024164
chr15	57915616	rs1899430
chr15	57915967	rs4775005
chr15	57917737	rs12594429
chr15	57918200	rs1530293
chr15	57918622	rs11637779
chr15	57918657	rs920636
chr15	57918709	rs11857885
chr15	57921170	rs1550574
chr15	57921635	rs11857127
chr15	57922012	rs2218260
chr15	57926020	rs12592533
chr15	57932723	rs16977858
chr15	57933422	rs16977860
chr15	57938513	rs8026018
chr15	57940561	rs7177668
chr15	57941924	rs10518951
chr15	57942015	rs1078777
chr15	57943783	rs1372367
chr15	57947676	rs16953355
chr15	57949950	rs10851630
chr15	57951485	rs7169289
chr15	57952213	rs16977865
chr15	57952953	rs4646645
chr15	57953831	rs1061278
chr15	57954045	rs4646644
chr15	57954404	rs1063666
chr15	57954498	rs4646643
chr15	57954570	rs3204690
chr15	57954718	rs4646642
chr15	57955583	rs2197092
chr15	57956585	rs4646638
chr15	57956915	rs3742959
chr15	57959588	rs7165247
chr15	57960653	rs4646634
chr15	57960864	rs3784263
chr15	57960908	rs3784262
chr15	57961071	rs3784260
chr15	57963929	rs4646626
chr15	57964098	rs4646625
chr15	57964474	rs2414527
chr15	57965649	rs3784259
chr15	57970776	rs3784257
chr15	57974635	rs8041644
chr15	57975581	rs12594082
chr15	57979159	rs12910509
chr15	57982031	rs1441815
chr15	57984549	rs12903474
chr15	57988837	rs16977883
chr15	57992459	rs1822205
chr15	57993190	rs4646607
chr15	57994791	rs1899355
chr15	57997541	rs1441829
chr15	58000388	rs6493972
chr15	58000438	rs6493973
chr15	58001824	rs2218261
chr15	58005931	rs9635347
chr15	58009358	rs35056852
chr15	58010143	rs4646595
chr15	58010188	rs4646594
chr15	58010689	rs16939660
chr15	58010939	rs4646590
chr15	58014353	rs4646583
chr15	58014595	rs12903202
chr15	58016452	rs11858606
chr15	58016818	rs7178598
chr15	58019082	rs8032572
chr15	58024289	rs12901462
chr15	58033746	rs6493977
chr15	58035149	rs2899611
chr15	58036250	rs2704219
chr15	58040606	rs16939707
chr15	58042389	rs1994926
chr15	58043637	rs16939716
chr15	58043802	rs4238326
chr15	58044020	rs4238327
chr15	58044464	rs17820966
chr15	58045854	rs6493979
chr15	58047874	rs1874158
chr15	58048634	rs16939727
chr15	58052092	rs4646568
chr15	58055062	rs2899613
chr15	58061007	rs7169439
chr15	58061954	rs11071367
chr15	58064164	rs2414530
chr15	58071906	rs2642637
chr15	58076181	rs2453280
chr15	58077011	rs8030766
chr15	58079484	rs2704188
chr15	58085112	rs2464471
chr15	58085269	rs8029919
chr15	58093065	rs10518963
chr15	58094395	rs2464465
chr15	58095439	rs2704230
chr15	58101198	rs2704235
chr15	58106403	rs1400216
chr15	58107567	rs8035539
chr15	58114997	rs2704210
chr15	58116564	rs12913934
chr15	58120344	rs2704207
chr15	58121053	rs2704206
chr15	58125696	rs2642627
chr15	58133605	rs12440934
chr15	58134043	rs17571313
chr15	58134436	rs12906402
chr15	58137065	rs1516400
chr15	58137348	rs1554203
chr15	58145147	rs16939816
chr15	58145626	rs8023564
chr15	58147995	rs8035807
chr15	58150133	rs2063901
chr15	58150190	rs8040266
chr15	58151625	rs12441254
chr15	58152357	rs4775014
chr15	58153835	rs4544186
chr15	58155373	rs17821056
chr15	58155913	rs17240559
chr15	58155995	rs16953360
chr15	58156088	rs17240566
chr15	58157619	rs12594625
chr15	58157662	rs16939821
chr15	58158075	rs10444840
chr15	58160136	rs8042624
chr15	58160708	rs7167911
chr15	58162999	rs10518966
chr15	58164651	rs12441883
chr15	58165308	rs1814461
chr15	58165433	rs935204
chr15	58165717	rs4595742
chr15	58166876	rs16939839
chr15	58168807	rs2414544
chr15	58169615	rs12905045
chr15	58169875	rs3784248
chr15	58172121	rs935209
chr15	58172748	rs2292711
chr15	58172972	rs2292712
chr15	58173284	rs2292713
chr15	58173555	rs2292714
chr15	58175379	rs2280197
chr15	58175767	rs1618930
chr15	58175793	rs2899618
chr15	58177012	rs3784253
chr15	58177248	rs4775017
chr15	58177373	rs1663247
chr15	58178826	rs3858890
chr15	58179169	rs2249783
chr15	58179357	rs2271678
chr15	58179427	rs17821117
chr15	58179680	rs3784254
chr15	58180007	rs2899619
chr15	58182707	rs11857438
chr15	58182926	rs11854297
chr15	58184082	rs1867380
chr15	58185868	rs17240643
chr15	58186751	rs2077737
chr15	58186809	rs17240650
chr15	58186826	rs2077735
chr15	58188024	rs1711060
chr15	58189359	rs1663250
chr15	58189995	rs8023369
chr15	58190874	rs9920375
chr15	58191968	rs1615473
chr15	58192762	rs11639187
chr15	58203771	rs17821135
chr15	58204734	rs16939929
chr15	58206060	rs12593703
chr15	58209282	rs1663251
chr15	58212479	rs1663253
chr15	58212841	rs2017566
chr15	58212923	rs8032239
chr15	58214222	rs10518967
chr15	58214865	rs9788656
chr15	58215897	rs7168447
chr15	58221433	rs7162995
chr15	58224553	rs10220722
chr15	58227465	rs16939937
chr15	58228060	rs11631950
chr15	58231943	rs7172755
chr15	58233200	rs2899620
chr15	58233353	rs2414553
chr15	58233682	rs1663252
chr15	58235152	rs4774291
chr15	58240308	rs11632498
chr15	58240531	rs16939960
chr15	58242092	rs1663257
chr15	58242269	rs2414555
chr15	58244585	rs2414556
chr15	58244771	rs938508
chr15	58245142	rs7175693
chr15	58245458	rs7182088
chr15	58247843	rs755079
chr15	58248185	rs935211
chr15	58248884	rs2414558
chr15	58249998	rs4774292
chr15	58251288	rs1072347
chr15	58251810	rs1663256
chr15	58252408	rs12906488
chr15	58252445	rs12594571
chr15	58254529	rs7183294
chr15	58257333	rs7179609
chr15	58260407	rs7165301
chr15	58260715	rs7164378
chr15	58262486	rs935214
chr15	58263510	rs12899324
chr15	58264863	rs17821159
chr15	58266547	rs7179726
chr15	58268562	rs4774293
chr15	58270071	rs12904030
chr15	58271010	rs8033046
chr15	58278307	rs6493994
chr15	58284638	rs17821171
chr15	58284964	rs10162642
chr15	58287757	rs2899624
chr15	58288326	rs12910051
chr15	58288722	rs17240713
chr15	58290341	rs1973688
chr15	58290956	rs12594224
chr15	58295905	rs4775027
chr15	58296311	rs1652516
chr15	58296406	rs1663239
chr15	58297255	rs8025419
chr15	58298744	rs1663240
chr15	58299156	rs11634592
chr15	58300081	rs6493997
chr15	58300727	rs10518968
chr15	58300939	rs2078252
chr15	58301531	rs16940027
chr15	58301798	rs10518969
chr15	58302702	rs12900410
chr15	58302769	rs999657
chr15	58302930	rs8024062
chr15	58303906	rs16940037
chr15	58304276	rs16953374
chr15	58306317	rs17821202
chr15	58307076	rs1444939
chr15	58309605	rs7172930
chr15	58313682	rs1652518
chr15	58314237	rs11638393
chr15	58318356	rs1816879
chr15	58318653	rs1373660
chr15	58320487	rs166357
chr15	58320846	rs1037041
chr15	58320995	rs195566
chr15	58321467	rs261263
chr15	58322735	rs261264
chr15	58324063	rs261282
chr15	58327150	rs261276
chr15	58328597	rs261273
chr15	58331129	rs17821226
chr15	58331209	rs1552505
chr15	58331266	rs12905748
chr15	58331326	rs1122208
chr15	58331992	rs12594686
chr15	58332129	rs17821232
chr15	58332197	rs11637094
chr15	58332922	rs1444940
chr15	58337225	rs10438284
chr15	58337260	rs2566091
chr15	58337554	rs16940076
chr15	58337614	rs1711049
chr15	58337759	rs1711050
chr15	58337820	rs12910827
chr15	58339425	rs12591635
chr15	58341621	rs261316
chr15	58343384	rs4775031
chr15	58343438	rs4775032
chr15	58346414	rs13329416
chr15	58350262	rs8037865
chr15	58350388	rs421705
chr15	58351447	rs11855842
chr15	58351640	rs410251
chr15	58352750	rs445093
chr15	58354133	rs4622454
chr15	58354895	rs261329
chr15	58354939	rs4775035
chr15	58356172	rs12591717
chr15	58358156	rs10518972
chr15	58358779	rs441015
chr15	58359381	rs10518973
chr15	58361621	rs261307
chr15	58369481	rs7163325
chr15	58370081	rs426684
chr15	58371323	rs401990
chr15	58374142	rs473422
chr15	58374480	rs185481
chr15	58375911	rs183786
chr15	58375985	rs396804
chr15	58378236	rs1373656
chr15	58379935	rs12908474
chr15	58380798	rs371125
chr15	58382470	rs539901
chr15	58383920	rs16940147
chr15	58386313	rs10468017
chr15	58387469	rs7350789
chr15	58388606	rs166358
chr15	58389078	rs41502046
chr15	58391028	rs12185071
chr15	58391167	rs1532085
chr15	58391211	rs12185072
chr15	58391498	rs16940167
chr15	58392083	rs16940170
chr15	58392279	rs17821274
chr15	58394610	rs7165077
chr15	58394740	rs261301
chr15	58395663	rs8032310
chr15	58395681	rs493258
chr15	58396988	rs11855284
chr15	58398555	rs415799
chr15	58399670	rs8024755
chr15	58399808	rs440183
chr15	58400003	rs12708454
chr15	58400737	rs16940204
chr15	58401661	rs487766
chr15	58401821	rs16940212
chr15	58403138	rs16940213
chr15	58404873	rs16940223
chr15	58406811	rs11856159
chr15	58410870	rs17821316
chr15	58413437	rs991349
chr15	58414647	rs414846
chr15	58418428	rs11071380
chr15	58419455	rs436965
chr15	58420766	rs11854693
chr15	58423845	rs792902
chr15	58425229	rs16940262
chr15	58425563	rs1373657
chr15	58425720	rs417344
chr15	58426141	rs7163280
chr15	58426799	rs7170361
chr15	58427542	rs11635491
chr15	58428232	rs4774297
chr15	58429248	rs12912415
chr15	58431227	rs1077835
chr15	58431280	rs1077834
chr15	58432172	rs8192701
chr15	58432184	rs11631342
chr15	58432325	rs6494005
chr15	58432410	rs415208
chr15	58432507	rs11632618
chr15	58433640	rs633695
chr15	58435080	rs261333
chr15	58435126	rs261332
chr15	58435302	rs11636642
chr15	58438299	rs588136
chr15	58438372	rs6494006
chr15	58438690	rs12914035
chr15	58439196	rs17301746
chr15	58439256	rs12900622
chr15	58439368	rs261341
chr15	58440022	rs16940302
chr15	58440269	rs12594375
chr15	58441313	rs166362
chr15	58442290	rs261339
chr15	58443250	rs261337
chr15	58443499	rs12438063
chr15	58443624	rs12438071
chr15	58444424	rs567838
chr15	58444579	rs4775046
chr15	58444839	rs497381
chr15	58445142	rs473224
chr15	58445183	rs634746
chr15	58446561	rs17269264
chr15	58447895	rs573922
chr15	58447953	rs515889
chr15	58448978	rs485538
chr15	58450219	rs261336
chr15	58450532	rs11858164
chr15	58451510	rs8041059
chr15	58454631	rs3825776
chr15	58455585	rs4775047
chr15	58456318	rs4775048
chr15	58456707	rs4775049
chr15	58457476	rs9920144
chr15	58459388	rs12912850
chr15	58459678	rs936960
chr15	58460535	rs934297
chr15	58461793	rs11631153
chr15	58462677	rs17301781
chr15	58463950	rs10518977
chr15	58463974	rs10518978
chr15	58464372	rs12900891
chr15	58466159	rs12442073
chr15	58467260	rs12148268
chr15	58468083	rs6494009
chr15	58468776	rs12593008
chr15	58471479	rs17190580
chr15	58472984	rs7182229
chr15	58473698	rs12591624
chr15	58474237	rs10152372
chr15	58477384	rs4775053
chr15	58481910	rs12591216
chr15	58483097	rs11631312
chr15	58485079	rs4775058
chr15	58486840	rs1869138
chr15	58487442	rs12593880
chr15	58488896	rs12592407
chr15	58490396	rs8041525
chr15	58496836	rs2414587
chr15	58499155	rs1973028
chr15	58500257	rs1869142
chr15	58500284	rs1869143
chr15	58503314	rs16940372
chr15	58505101	rs1869144
chr15	58505300	rs1869145
chr15	58506355	rs12898801
chr15	58506614	rs12900448
chr15	58507942	rs2414588
chr15	58508567	rs12324517
chr15	58509035	rs4613005
chr15	58509342	rs4774301
chr15	58509744	rs4775065
chr15	58511026	rs11633131
chr15	58515880	rs7163555
chr15	58516379	rs4774302
chr15	58516684	rs12592017
chr15	58517294	rs7174210
chr15	58519053	rs7162855
chr15	58519670	rs2899632
chr15	58520000	rs8028759
chr15	58521014	rs11071385
chr15	58522863	rs12324536
chr15	58523121	rs11071386
chr15	58523359	rs17269341
chr15	58528779	rs4775070
chr15	58530498	rs1968687
chr15	58530586	rs1968689
chr15	58531217	rs4238330
chr15	58532442	rs17269348
chr15	58534433	rs4775073
chr15	58535671	rs10518984
chr15	58537336	rs8039477
chr15	58537695	rs11853726
chr15	58541794	rs6078
chr15	58542192	rs2242062
chr15	58542542	rs690
chr15	58543118	rs16940472
chr15	58544109	rs11852861
chr15	58544739	rs12592139
chr15	58545195	rs17190650
chr15	58545523	rs11633043
chr15	58545565	rs4775075
chr15	58545758	rs6082
chr15	58545811	rs6083
chr15	58547073	rs2242064
chr15	58547099	rs2242065
chr15	58547840	rs7165654
chr15	58550684	rs11632627
chr15	58552015	rs871804
chr15	58555064	rs7178362
chr15	58559170	rs2414598
chr15	58559420	rs2414599
chr15	58560264	rs7179747
chr15	58560358	rs11639204
chr15	58560440	rs7180130
chr15	58560880	rs3829462
chr15	58560910	rs3829461
chr15	58562893	rs7172821
chr15	58563834	rs3751542
chr15	58565179	rs17269397
chr15	58566711	rs7175421
chr15	58567395	rs4562992
chr15	58571327	rs11857411
chr15	58573957	rs4774308
chr15	58584587	rs6494025
chr15	58585364	rs12437457
chr15	58587852	rs8033565
chr15	58589770	rs1869135
chr15	58590593	rs16940571
chr15	58594811	rs3764196
chr15	58600967	rs8028389
chr15	58601052	rs8027274
chr15	58602109	rs1365772
chr15	58603307	rs12591291
chr15	58605675	rs10851639
chr15	58610570	rs12439189
chr15	58610884	rs2305421
chr15	58612038	rs8039791
chr15	58613549	rs2081703
chr15	58613946	rs4275799
chr15	58622127	rs1427282
chr15	58622433	rs8043406
chr15	58623239	rs17236146
chr15	58628999	rs972801
chr15	58631007	rs6494029
chr15	58635961	rs7166325
chr15	58637114	rs7174386
chr15	58640733	rs7165402
chr15	58646237	rs12912286
chr15	58646740	rs6494030
chr15	58646991	rs7180487
chr15	58647069	rs6494031
chr15	58653472	rs28864995
chr15	58654790	rs8036097
chr15	58657792	rs4775085
chr15	58661170	rs8039750
chr15	58662837	rs12906705
chr15	58666266	rs12594742
chr15	58667074	rs1427281
chr15	58667422	rs7177678
chr15	58672238	rs12908165
chr15	58672732	rs7176436
chr15	58677093	rs4775086
chr15	58678606	rs7182060
chr15	58680714	rs12592332
chr15	58680796	rs11854073
chr15	58681506	rs28455654
chr15	58682705	rs4775087
chr15	58685657	rs28391588
chr15	58690788	rs2052805
chr15	58700392	rs11853043
chr15	58703626	rs12437552
chr15	58705050	rs8027998
chr15	58708758	rs347117
chr15	58710556	rs17236194
chr15	58718763	rs424346
chr15	58719934	rs4238331
chr15	58720123	rs4775090
chr15	58732328	rs720273
chr15	58734940	rs16940712
chr15	58735472	rs394845
chr15	58741975	rs383902
chr15	58749813	rs653765
chr15	58750164	rs514049
chr15	58751587	rs12913383
chr15	58753575	rs593742
chr15	58758698	rs694335
chr15	58764513	rs1426652
chr15	58770945	rs17269439
chr15	58772587	rs664936
chr15	58772766	rs17301982
chr15	58772910	rs17236229
chr15	58773460	rs650731
chr15	58775488	rs7170538
chr15	58778230	rs9646204
chr15	58780002	rs7164844
chr15	58782587	rs387812
chr15	58788004	rs7169205
chr15	58790760	rs347115
chr15	58792069	rs12591310
chr15	58794504	rs474875
chr15	58801928	rs7168421
chr15	58811129	rs610877
chr15	58811284	rs501165
chr15	58816117	rs574683
chr15	58822960	rs16940810
chr15	58823796	rs4775094
chr15	58829414	rs12905507
chr15	58829637	rs8029301
chr15	58834698	rs12914164
chr15	58835820	rs12437928
chr15	58836359	rs1551445
chr15	58839132	rs2054097
chr15	58846907	rs6494041
chr15	58848130	rs4775096
chr15	58852000	rs16940850
chr15	58855349	rs16940856
chr15	58855601	rs431414
chr15	58857201	rs1054991
chr15	58861104	rs661367
chr15	58867989	rs173214
chr15	58875666	rs1078001
chr15	58878765	rs964285
chr15	58882340	rs7179456
chr15	58883029	rs11858989
chr15	58885201	rs8035628
chr15	58887065	rs2124203
chr15	58891447	rs11071400
chr15	58898731	rs10518991
chr15	58898797	rs4398051
chr15	58901621	rs12903823
chr15	58903480	rs12595482
chr15	58905741	rs11857223
chr15	58906197	rs11637077
chr15	58907738	rs17302045
chr15	58910399	rs4774315
chr15	58911416	rs10518992
chr15	58913054	rs17302066
chr15	58919912	rs3145
chr15	58921479	rs11630160
chr15	58923034	rs28641638
chr15	58925895	rs4775101
chr15	58946216	rs4775107
chr15	58948602	rs7167050
chr15	58954621	rs4465553
chr15	58957352	rs8037652
chr15	58957385	rs8037673
chr15	58962209	rs16940923
chr15	58971965	rs16953404
chr15	58976211	rs2899637
chr15	58979854	rs12910580
chr15	58988080	rs12905422
chr15	58989763	rs1693534
chr15	58998453	rs1665049
chr15	59001406	rs1665050
chr15	59003025	rs1665051
chr15	59003726	rs6494052
chr15	59003803	rs8028752
chr15	59003877	rs10518995
chr15	59004292	rs1446240
chr15	59012436	rs8028764
chr15	59014581	rs6494054
chr15	59023436	rs17190751
chr15	59030630	rs1374155
chr15	59033234	rs4774320
chr15	59042609	rs8041221
chr15	59043549	rs17236383
chr15	59049447	rs8030246
chr15	59053192	rs6494064
chr15	59053249	rs6494065
chr15	59055730	rs1446239
chr15	59061664	rs16940987
chr15	59065694	rs12438962
chr15	59066273	rs12913177
chr15	59067525	rs8042516
chr15	59069478	rs935363
chr15	59075968	rs7178935
chr15	59079464	rs11636707
chr15	59083246	rs4531679
chr15	59084332	rs12915899
chr15	59085247	rs10518996
chr15	59089435	rs17236439
chr15	59089648	rs7177112
chr15	59090671	rs12440692
chr15	59094151	rs6494069
chr15	59097267	rs1044673
chr15	59102985	rs10851643
chr15	59104778	rs28365901
chr15	59105748	rs16953412
chr15	59114382	rs8039514
chr15	59116719	rs28383542
chr15	59121455	rs16941046
chr15	59123886	rs2414620
chr15	59124085	rs16941048
chr15	59131785	rs8027376
chr15	59132959	rs901478
chr15	59135608	rs4775116
chr15	59136193	rs7175697
chr15	59136961	rs3191402
chr15	59150390	rs7174277
chr15	59151573	rs2084161
chr15	59152983	rs17269503
chr15	59153560	rs11071408
chr15	59155382	rs2087123
chr15	59161185	rs2306791
chr15	59161657	rs12441365
chr15	59163781	rs2242323
chr15	59163891	rs11071409
chr15	59164301	rs3794498
chr15	59164438	rs17190785
chr15	59166013	rs10519001
chr15	59166063	rs4775121
chr15	59166464	rs12442723
chr15	59167123	rs8036093
chr15	59169046	rs11071411
chr15	59171633	rs1486877
chr15	59171840	rs2306788
chr15	59172411	rs8040100
chr15	59172697	rs3794494
chr15	59174018	rs2242321
chr15	59174854	rs11854052
chr15	59175122	rs11854099
chr15	59178018	rs12595602
chr15	59178131	rs923242
chr15	59178167	rs2899644
chr15	59180981	rs901481
chr15	59181868	rs17302219
chr15	59181891	rs12916831
chr15	59185810	rs2029212
chr15	59186286	rs2171286
chr15	59187490	rs1032180
chr15	59187942	rs11071412
chr15	59190198	rs17269545
chr15	59194441	rs12591296
chr15	59195187	rs7162863
chr15	59200716	rs4775125
chr15	59202474	rs2306787
chr15	59203767	rs10851644
chr15	59203914	rs41505445
chr15	59204444	rs1032182
chr15	59204842	rs7170182
chr15	59206682	rs11852359
chr15	59207075	rs3809528
chr15	59207917	rs3825937
chr15	59208378	rs3816814
chr15	59212992	rs7165001
chr15	59215337	rs11634752
chr15	59215480	rs16941134
chr15	59216292	rs11636141
chr15	59217990	rs2230155
chr15	59223568	rs12438740
chr15	59223722	rs34571374
chr15	59224192	rs3794492
chr15	59224676	rs2306781
chr15	59225037	rs4775135
chr15	59225255	rs4775136
chr15	59226289	rs11631023
chr15	59231128	rs12917076
chr15	59231844	rs2306783
chr15	59231909	rs2306784
chr15	59233720	rs11855027
chr15	59237376	rs8038705
chr15	59239392	rs8040147
chr15	59240915	rs8027766
chr15	59241154	rs6494081
chr15	59241497	rs2414622
chr15	59243705	rs17302247
chr15	59245692	rs6494086
chr15	59246465	rs12595677
chr15	59247323	rs1565017
chr15	59249069	rs4077169
chr15	59251007	rs12909956
chr15	59251710	rs6494087
chr15	59256028	rs4287498
chr15	59257809	rs7172489
chr15	59262822	rs4774323
chr15	59263788	rs17236495
chr15	59269542	rs12443328
chr15	59271366	rs11857500
chr15	59271632	rs8031729
chr15	59272898	rs8039095
chr15	59274109	rs12900500
chr15	59274938	rs12594481
chr15	59275092	rs12594470
chr15	59276775	rs17236536
chr15	59278973	rs10152146
chr15	59280864	rs11632795
chr15	59282044	rs1471745
chr15	59285106	rs2414635
chr15	59286647	rs4775146
chr15	59287301	rs12591084
chr15	59296015	rs2414634
chr15	59297260	rs7178200
chr15	59297607	rs4609783
chr15	59298398	rs1484286
chr15	59298880	rs3743501
chr15	59299090	rs1484285
chr15	59299917	rs17269587
chr15	59302031	rs1484284
chr15	59302464	rs2414631
chr15	59303050	rs2899647
chr15	59304841	rs8028742
chr15	59306026	rs8034913
chr15	59306182	rs747721
chr15	59306850	rs747723
chr15	59309263	rs11071427
chr15	59310603	rs8032833
chr15	59310799	rs17236557
chr15	59311697	rs1017888
chr15	59314308	rs11854439
chr15	59314808	rs2054715
chr15	59315341	rs4775149
chr15	59317554	rs10851648
chr15	59318544	rs10851649
chr15	59322642	rs11071428
chr15	59326223	rs7162847
chr15	59326602	rs7163650
chr15	59326690	rs7163858
chr15	59327061	rs12902525
chr15	59327891	rs7170390
chr15	59330451	rs7177871
chr15	59331377	rs7183561
chr15	59333638	rs11854697
chr15	59338024	rs8039327
chr15	59345152	rs12905793
chr15	59349525	rs8025242
chr15	59351594	rs17236585
chr15	59351645	rs11858264
chr15	59354792	rs12911676
chr15	59356434	rs8024396
chr15	59359750	rs11632346
chr15	59361714	rs17302351
chr15	59363379	rs6494102
chr15	59367674	rs12441388
chr15	59369205	rs7178041
chr15	59374585	rs11631146
chr15	59374793	rs6494105
chr15	59375488	rs10851653
chr15	59378138	rs16941384
chr15	59378208	rs4775159
chr15	59379142	rs11071435
chr15	59379849	rs16941388
chr15	59381431	rs7175948
chr15	59389015	rs900826
chr15	59389572	rs1484282
chr15	59389876	rs900828
chr15	59390725	rs12439872
chr15	59390825	rs12439956
chr15	59391626	rs11630196
chr15	59393313	rs12910431
chr15	59397179	rs12910087
chr15	59397585	rs1552288
chr15	59400775	rs12902190
chr15	59400836	rs7162851
chr15	59402306	rs7174474
chr15	59402979	rs12912551
chr15	59403213	rs4775162
chr15	59403703	rs17269608
chr15	59404290	rs8025941
chr15	59404324	rs10152344
chr15	59404817	rs4369593
chr15	59405143	rs11856699
chr15	59405347	rs16941421
chr15	59405750	rs4775165
chr15	59406649	rs1001839
chr15	59406858	rs2018165
chr15	59410011	rs7164203
chr15	59412806	rs11855974
chr15	59418381	rs11633570
chr15	59418538	rs10519003
chr15	59419492	rs10519005
chr15	59420228	rs6494110
chr15	59421534	rs17302379
chr15	59423467	rs7164726
chr15	59426970	rs28890483
chr15	59428936	rs8024835
chr15	59431054	rs4410020
chr15	59431066	rs4483799
chr15	59434411	rs11638680
chr15	59436284	rs11631469
chr15	59439425	rs7177934
chr15	59444525	rs4592597
chr15	59445307	rs3803444
chr15	59450811	rs8029746
chr15	59453523	rs8025789
chr15	59453816	rs4774331
chr15	59456464	rs4775168
chr15	59457218	rs8029197
chr15	59457838	rs8028913
chr15	59458731	rs11071448
chr15	59458761	rs7359171
chr15	59459854	rs3803445
chr15	59461887	rs13329098
chr15	59463516	rs6494115
chr15	59471255	rs11071450
chr15	59472507	rs4775171
chr15	59473704	rs4774333
chr15	59478035	rs8043113
chr15	59479763	rs7161900
chr15	59481865	rs11857953
chr15	59492135	rs4291860
chr15	59492294	rs4296198
chr15	59492449	rs4417505
chr15	59492527	rs16941446
chr15	59493260	rs4238339
chr15	59507079	rs4278683
chr15	59523837	rs11071453
chr15	59524063	rs11856481
chr15	59524489	rs4775175
chr15	59525647	rs11858284
chr15	59531427	rs4238340
chr15	59532788	rs17302400
chr15	59535379	rs12898934
chr15	59536099	rs4238341
chr15	59541953	rs9920277
chr15	59542641	rs4609785
chr15	59542882	rs4419005
chr15	59548976	rs7176640
chr15	59549240	rs7182783
chr15	59552529	rs10152904
chr15	59556053	rs7176379
chr15	59556272	rs6494119
chr15	59556357	rs7181242
chr15	59558029	rs17269643
chr15	59558601	rs8042800
chr15	59562573	rs4775177
chr15	59563027	rs12902622
chr15	59566923	rs17269649
chr15	59569497	rs4775182
chr15	59570001	rs4775184
chr15	59572306	rs17190923
chr15	59575133	rs7342582
chr15	59578109	rs4775187
chr15	59580548	rs11635945
chr15	59581686	rs17269677
chr15	59589543	rs1479884
chr15	59591409	rs17269684
chr15	59591610	rs7179783
chr15	59591767	rs10163153
chr15	59591899	rs12440292
chr15	59594413	rs17269691
chr15	59594570	rs8036403
chr15	59595864	rs11852448
chr15	59598451	rs8029967
chr15	59599299	rs8035572
chr15	59600123	rs12912193
chr15	59602418	rs6494120
chr15	59602437	rs6494121
chr15	59603232	rs11637648
chr15	59603334	rs12913690
chr15	59603609	rs8038647
chr15	59606108	rs9920464
chr15	59608484	rs11854666
chr15	59615387	rs7174490
chr15	59619693	rs3743119
chr15	59619771	rs3743120
chr15	59620054	rs7181069
chr15	59627645	rs11071459
chr15	59627862	rs8025787
chr15	59627998	rs6494124
chr15	59630886	rs6494127
chr15	59631827	rs2414638
chr15	59634747	rs4775191
chr15	59636012	rs1979422
chr15	59638932	rs4232
chr15	59640174	rs8035506
chr15	59644290	rs12899115
chr15	59646609	rs11637359
chr15	59649523	rs17302448
chr15	59650943	rs12902582
chr15	59655541	rs2101019
chr15	59656798	rs17236713
chr15	59656979	rs8041394
chr15	59657691	rs1871500
chr15	59658277	rs4270113
chr15	59658458	rs4775193
chr15	59659374	rs7882
chr15	59660142	rs11071467
chr15	59660706	rs11854063
chr15	59662137	rs6151589
chr15	59662199	rs6151588
chr15	59663452	rs2306355
chr15	59664354	rs6151582
chr15	59668062	rs6151568
chr15	59669447	rs2307273
chr15	59669527	rs6151562
chr15	59670724	rs6151551
chr15	59671289	rs1135148
chr15	59672788	rs6151535
chr15	59679436	rs1552032
chr15	59681236	rs6151497
chr15	59681265	rs6151496
chr15	59681364	rs17236804
chr15	59682578	rs6151483
chr15	59684582	rs6151462
chr15	59688158	rs6151443
chr15	59689316	rs3087328
chr15	59689586	rs754643
chr15	59696395	rs8025415
chr15	59698307	rs17302608
chr15	59700559	rs10519039
chr15	59701643	rs6494140
chr15	59702744	rs12594677
chr15	59704168	rs12439707
chr15	59705497	rs8026404
chr15	59705620	rs17269733
chr15	59708861	rs11071474
chr15	59710418	rs17302629
chr15	59711469	rs3843695
chr15	59716763	rs6494142
chr15	59722029	rs7169509
chr15	59723524	rs17191016
chr15	59723700	rs1979423
chr15	59726288	rs8037172
chr15	59726571	rs8037821
chr15	59727465	rs17236881
chr15	59729438	rs11630244
chr15	59731125	rs17236888
chr15	59731534	rs17302636
chr15	59731728	rs7176408
chr15	59731854	rs7177927
chr15	59732978	rs1020066
chr15	59733151	rs1552036
chr15	59736463	rs7162585
chr15	59737814	rs4620904
chr15	59739685	rs1437472
chr15	59741296	rs11635056
chr15	59741675	rs11629911
chr15	59749438	rs16941730
chr15	59749981	rs16941732
chr15	59750523	rs17269775
chr15	59755967	rs4775203
chr15	59764541	rs8032951
chr15	59767625	rs965355
chr15	59768007	rs965353
chr15	59768097	rs4775205
chr15	59768283	rs7163623
chr15	59773779	rs9972499
chr15	59773868	rs9972503
chr15	59774413	rs11855293
chr15	59774922	rs4775206
chr15	59775642	rs12594004
chr15	59776879	rs8031194
chr15	59777062	rs9972458
chr15	59794050	rs17302720
chr15	59798183	rs12593427
chr15	59798779	rs2217970
chr15	59803265	rs2083066
chr15	59811711	rs16941778
chr15	59813449	rs12595753
chr15	59814275	rs7165409
chr15	59816580	rs2970374
chr15	59816800	rs2965329
chr15	59818050	rs2414648
chr15	59818300	rs7169841
chr15	59820265	rs2970372
chr15	59826285	rs2960787
chr15	59827331	rs7181522
chr15	59828490	rs11071489
chr15	59831637	rs7174483
chr15	59833776	rs1866056
chr15	59834898	rs16941815
chr15	59835041	rs8031998
chr15	59837953	rs1437470
chr15	59840593	rs1437468
chr15	59841110	rs1437467
chr15	59845506	rs4775214
chr15	59846018	rs12900903
chr15	59847969	rs17191057
chr15	59848010	rs2970364
chr15	59848080	rs17269789
chr15	59848711	rs11637130
chr15	59848796	rs893272
chr15	59849027	rs11637277
chr15	59849298	rs893273
chr15	59849416	rs17191064
chr15	59850141	rs12914880
chr15	59850285	rs2917819
chr15	59850333	rs17191078
chr15	59852222	rs2917821
chr15	59852347	rs2960803
chr15	59852521	rs11637508
chr15	59852618	rs2965339
chr15	59853498	rs11638853
chr15	59853763	rs8039243
chr15	59853907	rs12915827
chr15	59854521	rs12901017
chr15	59855274	rs11071490
chr15	59857397	rs7181675
chr15	59859762	rs1898448
chr15	59860247	rs12904953
chr15	59861472	rs10519032
chr15	59861810	rs11071492
chr15	59862546	rs12916540
chr15	59862566	rs1437480
chr15	59865836	rs2083061
chr15	59867157	rs4774347
chr15	59867440	rs11633633
chr15	59868073	rs8029090
chr15	59868388	rs12440785
chr15	59868745	rs7162803
chr15	59869483	rs1545124
chr15	59869554	rs12905991
chr15	59870935	rs1866055
chr15	59873228	rs1837069
chr15	59873923	rs1816619
chr15	59875851	rs6494149
chr15	59875953	rs6494150
chr15	59878089	rs2960807
chr15	59879601	rs12439637
chr15	59882526	rs2917833
chr15	59883035	rs2414649
chr15	59884582	rs11635562
chr15	59891815	rs2965341
chr15	59893033	rs11071494
chr15	59895439	rs2965343
chr15	59896731	rs4775223
chr15	59897926	rs12440074
chr15	59900096	rs4354867
chr15	59901043	rs16941906
chr15	59901507	rs4774349
chr15	59906933	rs12907231
chr15	59908754	rs6494153
chr15	59909075	rs4519291
chr15	59916459	rs17302860
chr15	59918106	rs2970391
chr15	59925133	rs2970384
chr15	59926783	rs2970381
chr15	59928733	rs8035710
chr15	59929045	rs7175060
chr15	59930145	rs11639458
chr15	59930731	rs2912107
chr15	59931570	rs4774350
chr15	59933834	rs2912108
chr15	59934191	rs2912109
chr15	59934873	rs16941950
chr15	59944726	rs2970376
chr15	59945585	rs2960792
chr15	59945914	rs1863395
chr15	59946041	rs12593438
chr15	59947268	rs1425929
chr15	59947613	rs1991250
chr15	59949310	rs7172033
chr15	59949881	rs12439270
chr15	59950427	rs1863393
chr15	59951335	rs1582741
chr15	59957901	rs1425928
chr15	59958934	rs2970373
chr15	59965005	rs12441634
chr15	59966977	rs10519026
chr15	59969841	rs1425933
chr15	59970404	rs2970378
chr15	59976440	rs4775226
chr15	59977103	rs9920254
chr15	59978056	rs1365114
chr15	59980931	rs2414651
chr15	59989850	rs8039905
chr15	59991012	rs8025697
chr15	59991497	rs6494157
chr15	59992312	rs12595347
chr15	59994451	rs7166244
chr15	59994934	rs1981931
chr15	59996557	rs17237131
chr15	60001515	rs4775229
chr15	60008144	rs12323976
chr15	60008156	rs12323969
chr15	60008806	rs988841
chr15	60008876	rs17269908
chr15	60010303	rs17269915
chr15	60011550	rs4775230
chr15	60017367	rs17237145
chr15	60018014	rs4775231
chr15	60018176	rs4775232
chr15	60019689	rs6494163
chr15	60028197	rs12050578
chr15	60033958	rs12917568
chr15	60034547	rs10851671
chr15	60037580	rs17191183
chr15	60038447	rs4775234
chr15	60038600	rs17302895
chr15	60040274	rs12438869
chr15	60041985	rs143831
chr15	60042429	rs713469
chr15	60042679	rs7183502
chr15	60043468	rs335789
chr15	60043781	rs7166263
chr15	60044277	rs16942061
chr15	60045099	rs335787
chr15	60047181	rs335784
chr15	60047415	rs335783
chr15	60053231	rs2007037
chr15	60053668	rs335777
chr15	60055253	rs193097
chr15	60058341	rs1108435
chr15	60058426	rs1108436
chr15	60060725	rs1648246
chr15	60060917	rs6494166
chr15	60062320	rs1425935
chr15	60063300	rs1648245
chr15	60063952	rs2554009
chr15	60066028	rs173036
chr15	60070969	rs2059553
chr15	60071569	rs12913514
chr15	60071718	rs335818
chr15	60075295	rs922751
chr15	60076007	rs335810
chr15	60076626	rs10450962
chr15	60077951	rs1481838
chr15	60080448	rs2217046
chr15	60080685	rs11638688
chr15	60081496	rs1680215
chr15	60081887	rs11634922
chr15	60082482	rs17269978
chr15	60082666	rs7167122
chr15	60082674	rs7168491
chr15	60082855	rs1648240
chr15	60082887	rs1613040
chr15	60087594	rs8037661
chr15	60096578	rs8037284
chr15	60097133	rs335779
chr15	60098162	rs900123
chr15	60101041	rs8030714
chr15	60105637	rs10048054
chr15	60110592	rs11633332
chr15	60118643	rs9635355
chr15	60124507	rs16942152
chr15	60126372	rs16942154
chr15	60126559	rs16942155
chr15	60126592	rs16942157
chr15	60126647	rs16942159
chr15	60131781	rs17270013
chr15	60138206	rs12592441
chr15	60143148	rs6494167
chr15	60143352	rs1481845
chr15	60152792	rs2219994
chr15	60158056	rs16942183
chr15	60159440	rs7177039
chr15	60159512	rs7176227
chr15	60160177	rs16942184
chr15	60162203	rs1545873
chr15	60162669	rs12439203
chr15	60165270	rs6494168
chr15	60166756	rs7176165
chr15	60169812	rs338415
chr15	60170885	rs7495641
chr15	60171346	rs17302951
chr15	60173014	rs8040351
chr15	60176990	rs1481841
chr15	60178043	rs12443115
chr15	60179218	rs11071505
chr15	60183002	rs338424
chr15	60183143	rs2414660
chr15	60186110	rs3912286
chr15	60190239	rs7181217
chr15	60197631	rs10519017
chr15	60202800	rs17191316
chr15	60205530	rs338446
chr15	60207262	rs16942286
chr15	60214947	rs12148854
chr15	60215186	rs1681512
chr15	60217977	rs1630535
chr15	60219105	rs12899914
chr15	60220496	rs900630
chr15	60220566	rs16942297
chr15	60222564	rs10468019
chr15	60222924	rs8025148
chr15	60224546	rs338420
chr15	60225880	rs16942314
chr15	60226428	rs17270062
chr15	60229106	rs17237199
chr15	60229549	rs11633091
chr15	60231463	rs900634
chr15	60231536	rs17270069
chr15	60231826	rs4775243
chr15	60234955	rs2136556
chr15	60235020	rs2136557
chr15	60244178	rs8025606
chr15	60244274	rs338409
chr15	60252991	rs16942348
chr15	60253967	rs10519012
chr15	60255335	rs931971
chr15	60257654	rs7173862
chr15	60259727	rs10519010
chr15	60259900	rs11637825
chr15	60264209	rs10519007
chr15	60264742	rs1876868
chr15	60264852	rs1876869
chr15	60266542	rs12910118
chr15	60277565	rs16942386
chr15	60277804	rs7165127
chr15	60278001	rs7165960
chr15	60278423	rs7182332
chr15	60284063	rs17191323
chr15	60284078	rs16942395
chr15	60285175	rs7176730
chr15	60285500	rs10153040
chr15	60287142	rs1912260
chr15	60288134	rs11635176
chr15	60288962	rs11071513
chr15	60289571	rs7173706
chr15	60290258	rs16942401
chr15	60293005	rs7171001
chr15	60293593	rs16942418
chr15	60298215	rs8035726
chr15	60299110	rs1509798
chr15	60299254	rs7180768
chr15	60300123	rs12898525
chr15	60301106	rs12903708
chr15	60301292	rs12907954
chr15	60303609	rs11635321
chr15	60307078	rs1509808
chr15	60311251	rs17302972
chr15	60312237	rs10152968
chr15	60312726	rs4238349
chr15	60315181	rs9920796
chr15	60318933	rs2899656
chr15	60320607	rs1567408
chr15	60321543	rs9920883
chr15	60323895	rs8029104
chr15	60324516	rs1033027
chr15	60324736	rs1033028
chr15	60325605	rs11071517
chr15	60326474	rs2414667
chr15	60326924	rs17270097
chr15	60328462	rs11071519
chr15	60329612	rs8033985
chr15	60331346	rs2414668
chr15	60338676	rs4775260
chr15	60338703	rs4775261
chr15	60338877	rs17191351
chr15	60339939	rs8040209
chr15	60341477	rs7169359
chr15	60341655	rs7170178
chr15	60346057	rs8033896
chr15	60348029	rs7163836
chr15	60350543	rs9972449
chr15	60350869	rs11854079
chr15	60350916	rs3825957
chr15	60351103	rs3743269
chr15	60351875	rs11633619
chr15	60351958	rs11633657
chr15	60352149	rs12439973
chr15	60353279	rs12904910
chr15	60356015	rs12898604
chr15	60357816	rs11629852
chr15	60357849	rs2168013
chr15	60362472	rs8029375
chr15	60363268	rs11071521
chr15	60371831	rs8030787
chr15	60374029	rs1551347
chr15	60374487	rs4775262
chr15	60375644	rs12909575
chr15	60380993	rs9920533
chr15	60381491	rs9920861
chr15	60381650	rs9920823
chr15	60382473	rs3759911
chr15	60382607	rs12437778
chr15	60383031	rs7183894
chr15	60383493	rs17303041
chr15	60385143	rs1065180
chr15	60385660	rs11858787
chr15	60385961	rs3743268
chr15	60386129	rs11858864
chr15	60386151	rs7182242
chr15	60386513	rs12902053
chr15	60386905	rs10851680
chr15	60388939	rs1377790
chr15	60391750	rs8023979
chr15	60392977	rs11631777
chr15	60395031	rs12440452
chr15	60395645	rs2100432
chr15	60397796	rs12904906
chr15	60400294	rs1454102
chr15	60401159	rs4438244
chr15	60402855	rs765320
chr15	60405637	rs4561404
chr15	60407409	rs1545540
chr15	60414247	rs7174111
chr15	60417525	rs12324698
chr15	60417705	rs11071529
chr15	60418070	rs10459628
chr15	60423444	rs3068
chr15	60428858	rs4775271
chr15	60434381	rs4774360
chr15	60439303	rs6494199
chr15	60439939	rs10851681
chr15	60446854	rs9630426
chr15	60448362	rs4774361
chr15	60448642	rs17270146
chr15	60449864	rs1869484
chr15	60454406	rs1869485
chr15	60459488	rs17191414
chr15	60459577	rs17191421
chr15	60466812	rs12907068
chr15	60469908	rs12443154
chr15	60471877	rs11071537
chr15	60472544	rs16942584
chr15	60478651	rs2100431
chr15	60479090	rs3743267
chr15	60482294	rs7180766
chr15	60485008	rs4775275
chr15	60489314	rs3743266
chr15	60492760	rs1454100
chr15	60497599	rs11071539
chr15	60499755	rs2290430
chr15	60500743	rs7183916
chr15	60502450	rs12594972
chr15	60502560	rs1869488
chr15	60502608	rs1869486
chr15	60506391	rs17270181
chr15	60507710	rs17270188
chr15	60507946	rs17191442
chr15	60510175	rs8025669
chr15	60513986	rs4775276
chr15	60519887	rs6494204
chr15	60523241	rs10438338
chr15	60525887	rs12914584
chr15	60526051	rs1866007
chr15	60528610	rs1898413
chr15	60528801	rs3743265
chr15	60531104	rs10519051
chr15	60531218	rs10519052
chr15	60532402	rs17191463
chr15	60533577	rs920205
chr15	60535231	rs4594196
chr15	60540820	rs3905275
chr15	60541625	rs11635975
chr15	60544595	rs17270216
chr15	60549076	rs2028122
chr15	60551386	rs8033552
chr15	60552648	rs17191491
chr15	60556571	rs10431796
chr15	60563356	rs974828
chr15	60564497	rs8036966
chr15	60568876	rs2162069
chr15	60569169	rs16942767
chr15	60570145	rs11633266
chr15	60570301	rs17270243
chr15	60570763	rs8041381
chr15	60574930	rs16942772
chr15	60575189	rs16942775
chr15	60576122	rs2414678
chr15	60578468	rs340008
chr15	60580912	rs340002
chr15	60581128	rs17191519
chr15	60586018	rs340006
chr15	60590769	rs2289163
chr15	60591082	rs339969
chr15	60601232	rs4774370
chr15	60602766	rs340029
chr15	60603024	rs7172348
chr15	60607440	rs340009
chr15	60608764	rs980000
chr15	60615293	rs16942816
chr15	60615567	rs16942820
chr15	60615883	rs340023
chr15	60616108	rs340025
chr15	60618351	rs3784609
chr15	60619263	rs184638
chr15	60621306	rs339992
chr15	60623271	rs235512
chr15	60625076	rs28724570
chr15	60626218	rs3784607
chr15	60631230	rs1657792
chr15	60632567	rs11630262
chr15	60639057	rs12594561
chr15	60639272	rs1054156
chr15	60642119	rs11071548
chr15	60643655	rs1834336
chr15	60645409	rs16942884
chr15	60646617	rs8033609
chr15	60651013	rs339996
chr15	60651041	rs17191554
chr15	60651646	rs9806453
chr15	60652816	rs17237318
chr15	60655564	rs339998
chr15	60656178	rs9630427
chr15	60659245	rs16942900
chr15	60660180	rs7166980
chr15	60661825	rs972531
chr15	60665049	rs41356552
chr15	60666037	rs1632660
chr15	60666103	rs2433023
chr15	60666807	rs339973
chr15	60666852	rs339972
chr15	60668200	rs12437754
chr15	60670946	rs4775284
chr15	60672646	rs1657797
chr15	60673716	rs1657800
chr15	60675651	rs1364822
chr15	60676162	rs3909594
chr15	60680015	rs4775285
chr15	60682924	rs2553234
chr15	60684996	rs17303097
chr15	60685775	rs9920661
chr15	60687916	rs9920767
chr15	60691230	rs880626
chr15	60691477	rs880625
chr15	60692071	rs12916690
chr15	60694373	rs2553236
chr15	60695031	rs4775287
chr15	60695758	rs8042370
chr15	60695921	rs919000
chr15	60696792	rs999449
chr15	60698684	rs12438414
chr15	60698843	rs12438461
chr15	60701793	rs6494217
chr15	60703638	rs1425287
chr15	60704869	rs13329075
chr15	60706648	rs13329238
chr15	60707834	rs7180727
chr15	60708464	rs4774371
chr15	60710699	rs8027032
chr15	60712448	rs8038077
chr15	60714931	rs1030347
chr15	60715469	rs2433025
chr15	60717603	rs17303111
chr15	60719072	rs2414680
chr15	60720060	rs1863270
chr15	60721169	rs6494219
chr15	60723279	rs16942996
chr15	60723908	rs6494221
chr15	60723970	rs8043356
chr15	60724097	rs12899193
chr15	60724458	rs16943000
chr15	60725778	rs12909890
chr15	60727616	rs8024206
chr15	60728055	rs8024629
chr15	60728609	rs1820357
chr15	60729710	rs12591749
chr15	60736287	rs11635314
chr15	60736677	rs4775289
chr15	60739770	rs17237367
chr15	60742297	rs7168905
chr15	60742340	rs8028358
chr15	60743552	rs17191596
chr15	60744351	rs9920962
chr15	60745552	rs716593
chr15	60746874	rs4775292
chr15	60747826	rs1993471
chr15	60748287	rs17204367
chr15	60749338	rs17270341
chr15	60752831	rs1318929
chr15	60754945	rs16943064
chr15	60755731	rs9920560
chr15	60757370	rs7183955
chr15	60757882	rs17204395
chr15	60758287	rs17270362
chr15	60762254	rs961299
chr15	60763233	rs12437690
chr15	60763434	rs1563565
chr15	60763836	rs16943087
chr15	60764664	rs2279297
chr15	60764865	rs2279296
chr15	60767372	rs982932
chr15	60768031	rs17204426
chr15	60768168	rs9302215
chr15	60768508	rs12591650
chr15	60772552	rs1482057
chr15	60773888	rs17204440
chr15	60774317	rs11639084
chr15	60775606	rs12594188
chr15	60775749	rs7164773
chr15	60776321	rs12438866
chr15	60776505	rs10519068
chr15	60776554	rs10519070
chr15	60776612	rs17204454
chr15	60776755	rs11071557
chr15	60777789	rs11071559
chr15	60777984	rs922782
chr15	60779075	rs7173227
chr15	60779292	rs2045399
chr15	60779372	rs4774372
chr15	60779592	rs1963497
chr15	60779618	rs12324380
chr15	60784020	rs2899662
chr15	60784113	rs1680446
chr15	60784392	rs877228
chr15	60784970	rs17204475
chr15	60785832	rs746241
chr15	60787178	rs12915776
chr15	60788136	rs341459
chr15	60789537	rs12593925
chr15	60791667	rs7176517
chr15	60792529	rs10162630
chr15	60793494	rs12591848
chr15	60795242	rs17303174
chr15	60795903	rs12440185
chr15	60796611	rs12902540
chr15	60803856	rs875339
chr15	60804721	rs17270466
chr15	60805784	rs10519072
chr15	60810458	rs12441037
chr15	60811391	rs341366
chr15	60813358	rs8041822
chr15	60813687	rs6494226
chr15	60814741	rs7165493
chr15	60817119	rs2414681
chr15	60817180	rs2263569
chr15	60817674	rs10519074
chr15	60819129	rs7171681
chr15	60820523	rs10519077
chr15	60821905	rs7169281
chr15	60822204	rs9302216
chr15	60822458	rs10152719
chr15	60824683	rs341378
chr15	60825060	rs341380
chr15	60825196	rs341381
chr15	60825632	rs341382
chr15	60825666	rs16943172
chr15	60829018	rs12440095
chr15	60831665	rs7174802
chr15	60832021	rs7175883
chr15	60832036	rs341392
chr15	60832180	rs6494229
chr15	60832313	rs7181803
chr15	60832639	rs8041061
chr15	60832754	rs8042149
chr15	60834660	rs4775301
chr15	60835157	rs341395
chr15	60836582	rs8023252
chr15	60836691	rs341398
chr15	60837846	rs341399
chr15	60838440	rs8024133
chr15	60840453	rs1224251
chr15	60840646	rs341401
chr15	60842110	rs11630062
chr15	60843263	rs341403
chr15	60844006	rs754499
chr15	60844977	rs341404
chr15	60845655	rs11630227
chr15	60846089	rs17204524
chr15	60846260	rs10519080
chr15	60849491	rs341408
chr15	60851092	rs17204545
chr15	60851278	rs11631055
chr15	60852266	rs341411
chr15	60853874	rs16943197
chr15	60854745	rs1680481
chr15	60855258	rs11632089
chr15	60855364	rs7169557
chr15	60857107	rs11638434
chr15	60857275	rs7497885
chr15	60858925	rs2306502
chr15	60861352	rs10519085
chr15	60863724	rs9302218
chr15	60864610	rs10851686
chr15	60864915	rs1482058
chr15	60865858	rs7179259
chr15	60865889	rs7177996
chr15	60867550	rs11634195
chr15	60868186	rs1234805
chr15	60868230	rs2128169
chr15	60872000	rs1902618
chr15	60872721	rs7166448
chr15	60873785	rs341365
chr15	60875676	rs17204573
chr15	60876585	rs17303216
chr15	60880776	rs4775309
chr15	60881160	rs341387
chr15	60881672	rs8027829
chr15	60882149	rs11631432
chr15	60882714	rs4775311
chr15	60883855	rs8039843
chr15	60885689	rs4774375
chr15	60886770	rs12913421
chr15	60887724	rs16943284
chr15	60888738	rs16943286
chr15	60895805	rs11071566
chr15	60895825	rs11071567
chr15	60896374	rs17270571
chr15	60897410	rs3803487
chr15	60897812	rs17237465
chr15	60899418	rs7168782
chr15	60899868	rs17270578
chr15	60901470	rs8041087
chr15	60902035	rs2899663
chr15	60902151	rs2414686
chr15	60902607	rs877863
chr15	60903187	rs12904857
chr15	60903648	rs16943299
chr15	60907837	rs17204635
chr15	60907875	rs17270599
chr15	60908551	rs2899664
chr15	60909225	rs2062091
chr15	60909978	rs1384121
chr15	60910658	rs8042228
chr15	60911438	rs8027424
chr15	60912082	rs17237486
chr15	60913793	rs6494231
chr15	60914352	rs12148149
chr15	60914721	rs12901574
chr15	60914856	rs4378570
chr15	60915517	rs8031571
chr15	60916299	rs4775315
chr15	60916530	rs6494232
chr15	60916812	rs8036866
chr15	60917772	rs16943318
chr15	60918333	rs8028796
chr15	60919263	rs8033151
chr15	60919472	rs11071568
chr15	60920063	rs2128166
chr15	60920775	rs4264335
chr15	60920883	rs2062095
chr15	60920908	rs2062094
chr15	60921026	rs2062092
chr15	60921365	rs4775319
chr15	60921792	rs4547277
chr15	60922123	rs7166062
chr15	60922669	rs1482052
chr15	60923699	rs16943349
chr15	60924776	rs10220727
chr15	60925786	rs17270626
chr15	60925848	rs8029250
chr15	60929483	rs11634318
chr15	60929629	rs2279291
chr15	60930863	rs12594128
chr15	60931151	rs17204684
chr15	60931519	rs1482050
chr15	60931911	rs1482049
chr15	60935507	rs1351546
chr15	60935594	rs1351545
chr15	60935971	rs8034886
chr15	60937571	rs11638150
chr15	60938327	rs4775328
chr15	60938458	rs7342684
chr15	60938599	rs6494234
chr15	60939667	rs12438355
chr15	60941863	rs11071573
chr15	60942399	rs7494821
chr15	60942683	rs4775330
chr15	60944767	rs7176774
chr15	60945076	rs4775333
chr15	60945201	rs12442730
chr15	60948405	rs4335725
chr15	60949881	rs8035365
chr15	60960980	rs12903220
chr15	60971178	rs17204698
chr15	60971979	rs1523527
chr15	60972088	rs1523526
chr15	60973933	rs8029848
chr15	60974237	rs8034880
chr15	60974438	rs8034950
chr15	60975553	rs4775340
chr15	60976083	rs17237521
chr15	60977046	rs2414687
chr15	60977093	rs6494237
chr15	60977104	rs6494238
chr15	60977248	rs8031801
chr15	60978575	rs11071577
chr15	60979881	rs2140442
chr15	60980465	rs1589702
chr15	60980538	rs1589703
chr15	60981042	rs7180208
chr15	60981785	rs1608473
chr15	60982031	rs7495128
chr15	60982234	rs7168987
chr15	60982477	rs2899665
chr15	60984064	rs11633383
chr15	60984546	rs12898513
chr15	60984884	rs1949752
chr15	60985529	rs1523531
chr15	60986023	rs12101478
chr15	60986759	rs3803481
chr15	60986799	rs3803482
chr15	60986815	rs3803483
chr15	60986920	rs3803484
chr15	60987054	rs16943429
chr15	60987751	rs16943444
chr15	60992210	rs7176717
chr15	60994302	rs6494242
chr15	60994393	rs7168382
chr15	60994799	rs16943453
chr15	60995748	rs7174288
chr15	60996014	rs940224
chr15	60997662	rs951265
chr15	60997674	rs1916645
chr15	60997745	rs10519096
chr15	60997989	rs10519097
chr15	60999230	rs17204770
chr15	60999481	rs2030619
chr15	60999940	rs7167514
chr15	61000287	rs12908671
chr15	61001896	rs9302221
chr15	61002627	rs10519099
chr15	61004758	rs17237563
chr15	61006287	rs8026709
chr15	61009847	rs16943489
chr15	61011618	rs12901225
chr15	61016523	rs7173645
chr15	61017088	rs12050833
chr15	61017718	rs11634376
chr15	61019000	rs12903648
chr15	61019823	rs17303334
chr15	61022397	rs4774381
chr15	61024003	rs1403737
chr15	61025543	rs10162779
chr15	61025856	rs10519104
chr15	61026251	rs1403739
chr15	61026638	rs1523523
chr15	61026941	rs8033470
chr15	61027446	rs1543248
chr15	61028701	rs4488392
chr15	61028756	rs11071583
chr15	61029614	rs17303369
chr15	61030349	rs10851690
chr15	61030822	rs811946
chr15	61031315	rs6494243
chr15	61031548	rs12438879
chr15	61033189	rs782958
chr15	61033488	rs1437548
chr15	61037543	rs7162388
chr15	61037589	rs809736
chr15	61042070	rs1437549
chr15	61042932	rs4775351
chr15	61043369	rs4775352
chr15	61044429	rs4774384
chr15	61045544	rs7180606
chr15	61045760	rs11634359
chr15	61045871	rs12443239
chr15	61046278	rs782944
chr15	61046545	rs16943563
chr15	61047062	rs782947
chr15	61047660	rs782948
chr15	61049104	rs1437550
chr15	61052048	rs782949
chr15	61055287	rs12324535
chr15	61055683	rs873962
chr15	61056005	rs873961
chr15	61057721	rs8037669
chr15	61061570	rs6494246
chr15	61063057	rs2899666
chr15	61064714	rs12438254
chr15	61065667	rs11632352
chr15	61070248	rs1568717
chr15	61073479	rs782903
chr15	61073560	rs10152427
chr15	61073604	rs7168008
chr15	61074001	rs782904
chr15	61074739	rs16943579
chr15	61075666	rs12915830
chr15	61075735	rs12440318
chr15	61076428	rs2011857
chr15	61077011	rs12903172
chr15	61077172	rs2689352
chr15	61077286	rs940222
chr15	61077548	rs940221
chr15	61077725	rs11629597
chr15	61079423	rs7172016
chr15	61080560	rs7177611
chr15	61082520	rs4774385
chr15	61083281	rs4775355
chr15	61083944	rs782907
chr15	61085422	rs12441058
chr15	61085481	rs8026340
chr15	61085887	rs11071586
chr15	61086487	rs4774386
chr15	61088879	rs893286
chr15	61089300	rs782909
chr15	61090225	rs718911
chr15	61090498	rs10519111
chr15	61092472	rs782910
chr15	61093075	rs1437537
chr15	61093881	rs1437539
chr15	61096305	rs4775359
chr15	61101317	rs7175467
chr15	61102033	rs893287
chr15	61102251	rs893288
chr15	61102676	rs12324440
chr15	61104622	rs782913
chr15	61105461	rs13329643
chr15	61105818	rs782915
chr15	61105956	rs782916
chr15	61107174	rs782918
chr15	61111172	rs782924
chr15	61111225	rs782925
chr15	61112423	rs782926
chr15	61112996	rs708682
chr15	61114867	rs17237696
chr15	61115324	rs17303453
chr15	61115653	rs782929
chr15	61116504	rs782931
chr15	61116661	rs708683
chr15	61118891	rs782933
chr15	61119943	rs8032023
chr15	61124432	rs782938
chr15	61130617	rs7183068
chr15	61132751	rs1160694
chr15	61139588	rs11630018
chr15	61139797	rs1159814
chr15	61141057	rs9788699
chr15	61141177	rs9788704
chr15	61141344	rs11071587
chr15	61141379	rs11071588
chr15	61141613	rs9788745
chr15	61141733	rs4775362
chr15	61142382	rs1437547
chr15	61144682	rs12908710
chr15	61144791	rs11854222
chr15	61144990	rs12909218
chr15	61145358	rs1816625
chr15	61146324	rs1160659
chr15	61148308	rs7163680
chr15	61149222	rs975501
chr15	61152287	rs4238351
chr15	61153315	rs8033510
chr15	61154154	rs8034864
chr15	61155444	rs12593790
chr15	61157273	rs1437544
chr15	61158315	rs16943698
chr15	61159423	rs17204910
chr15	61160550	rs1437541
chr15	61161592	rs1465811
chr15	61162190	rs11631763
chr15	61162649	rs4613007
chr15	61162873	rs737112
chr15	61163854	rs12916023
chr15	61167278	rs17303530
chr15	61167923	rs4775364
chr15	61170782	rs11071590
chr15	61170832	rs11071591
chr15	61171692	rs1465812
chr15	61174799	rs4774388
chr15	61174879	rs4775369
chr15	61176268	rs1437543
chr15	61176422	rs1370429
chr15	61177123	rs1816624
chr15	61178160	rs4775371
chr15	61180407	rs1370430
chr15	61180488	rs1370431
chr15	61181790	rs17204938
chr15	61185283	rs12437877
chr15	61187387	rs17204945
chr15	61188903	rs17204959
chr15	61191830	rs12441507
chr15	61192800	rs1529991
chr15	61193166	rs12442490
chr15	61194072	rs1025676
chr15	61196076	rs16943758
chr15	61198841	rs7177846
chr15	61199679	rs2277557
chr15	61200489	rs10851691
chr15	61202903	rs10519117
chr15	61203259	rs726914
chr15	61203580	rs726913
chr15	61203783	rs726955
chr15	61204288	rs2118326
chr15	61213480	rs1550226
chr15	61214486	rs930358
chr15	61214554	rs930359
chr15	61215987	rs17237810
chr15	61216972	rs2278507
chr15	61217261	rs7175393
chr15	61217369	rs17303572
chr15	61218933	rs11635008
chr15	61220307	rs11637553
chr15	61222368	rs6494251
chr15	61224596	rs2899667
chr15	61233769	rs7177878
chr15	61237793	rs4589495
chr15	61240952	rs4444279
chr15	61244223	rs8029174
chr15	61258071	rs4450343
chr15	61263415	rs4774394
chr15	61274016	rs4775378
chr15	61274117	rs4774395
chr15	61275493	rs7175089
chr15	61277180	rs11635003
chr15	61277317	rs8026315
chr15	61279129	rs12101846
chr15	61279347	rs12101469
chr15	61279932	rs4536404
chr15	61280369	rs11857647
chr15	61282312	rs12591461
chr15	61284918	rs4350520
chr15	61290241	rs4374103
chr15	61292841	rs8032098
chr15	61297487	rs4306446
chr15	61297886	rs4461014
chr15	61301104	rs4238352
chr15	61301468	rs8032374
chr15	61304925	rs4375600
chr15	61305248	rs4309342
chr15	61305301	rs7174822
chr15	61306476	rs10163180
chr15	61309213	rs4774396
chr15	61309988	rs3934975
chr15	61310057	rs4072465
chr15	61316794	rs7166662
chr15	61317737	rs7172963
chr15	61320759	rs12909000
chr15	61321646	rs4432213
chr15	61321822	rs4516167
chr15	61323080	rs4438252
chr15	61323691	rs4371101
chr15	61324141	rs4775384
chr15	61324197	rs4774397
chr15	61324265	rs4775385
chr15	61324492	rs7174511
chr15	61324535	rs7174527
chr15	61324793	rs4392005
chr15	61325039	rs7175325
chr15	61325124	rs11633196
chr15	61325580	rs4398055
chr15	61327568	rs7172410
chr15	61327681	rs11852371
chr15	61327935	rs4775387
chr15	61329034	rs4271545
chr15	61335528	rs12148183
chr15	61339111	rs10400883
chr15	61340586	rs7163861
chr15	61350190	rs4517726
chr15	61351324	rs8038513
chr15	61351881	rs9888726
chr15	61353830	rs6494260
chr15	61355629	rs4349085
chr15	61363181	rs11632270
chr15	61363499	rs4371104
chr15	61368607	rs4506837
chr15	61368638	rs4337245
chr15	61373505	rs4369596
chr15	61373564	rs4491450
chr15	61375716	rs4601986
chr15	61380343	rs4520788
chr15	61380873	rs8032386
chr15	61381057	rs8032775
chr15	61381673	rs4775398
chr15	61382822	rs7161958
chr15	61383941	rs12906076
chr15	61388161	rs8033757
chr15	61389880	rs4775400
chr15	61390677	rs8038656
chr15	61390735	rs8038664
chr15	61394169	rs7176740
chr15	61395441	rs11630840
chr15	61400319	rs4616238
chr15	61406976	rs4254270
chr15	61408882	rs7181601
chr15	61410580	rs3884558
chr15	61412242	rs4270116
chr15	61413064	rs12372930
chr15	61414397	rs7175117
chr15	61415977	rs4255734
chr15	61417694	rs7172193
chr15	61418113	rs7171652
chr15	61424157	rs4426296
chr15	61426676	rs4324072
chr15	61429165	rs7165333
chr15	61433577	rs6494272
chr15	61433668	rs8034060
chr15	61434190	rs7180597
chr15	61436685	rs4534773
chr15	61439734	rs4775406
chr15	61442903	rs12912086
chr15	61445888	rs12909303
chr15	61447948	rs4309347
chr15	61449531	rs11853033
chr15	61450638	rs11857108
chr15	61459105	rs6494275
chr15	61461223	rs7182429
chr15	61462100	rs7161784
chr15	61462159	rs7163165
chr15	61463212	rs8033183
chr15	61463321	rs10468024
chr15	61463544	rs10467933
chr15	61469047	rs4775407
chr15	61469241	rs4775408
chr15	61469749	rs11071609
chr15	61472868	rs11632995
chr15	61473903	rs4619338
chr15	61475544	rs7172337
chr15	61476544	rs6494276
chr15	61478460	rs11633947
chr15	61480693	rs8030303
chr15	61481283	rs4359382
chr15	61482316	rs4774401
chr15	61483511	rs7165637
chr15	61483740	rs4774402
chr15	61491181	rs4775409
chr15	61491995	rs8043111
chr15	61492296	rs4486830
chr15	61498979	rs12910488
chr15	61499001	rs12910498
chr15	61499018	rs4613008
chr15	61505300	rs4774403
chr15	61505635	rs7171328
chr15	61506544	rs4438253
chr15	61509286	rs4238358
chr15	61509748	rs4775411
chr15	61511693	rs4400999
chr15	61513983	rs11631045
chr15	61513996	rs7166393
chr15	61514283	rs12439016
chr15	61514627	rs7171924
chr15	61514675	rs4369599
chr15	61516162	rs8039093
chr15	61521591	rs12910723
chr15	61521685	rs12911024
chr15	61522141	rs4444274
chr15	61524365	rs3934870
chr15	61524523	rs4072422
chr15	61525733	rs11858488
chr15	61525922	rs4375605
chr15	61526792	rs8043372
chr15	61532102	rs3935962
chr15	61533757	rs4359380
chr15	61534741	rs11071610
chr15	61535048	rs8038533
chr15	61536154	rs6494283
chr15	61537477	rs11635358
chr15	61542028	rs11071612
chr15	61542367	rs4420476
chr15	61543837	rs9806702
chr15	61544933	rs11071613
chr15	61545089	rs8024918
chr15	61545346	rs12906428
chr15	61546227	rs6494284
chr15	61546255	rs7174831
chr15	61547904	rs4775413
chr15	61550474	rs11636309
chr15	61550951	rs8030235
chr15	61553219	rs7163671
chr15	61554337	rs10400847
chr15	61554812	rs4990324
chr15	61560010	rs12592172
chr15	61563141	rs8027159
chr15	61563887	rs13379769
chr15	61564324	rs8037341
chr15	61564753	rs4277295
chr15	61568712	rs4775419
chr15	61569203	rs2414716
chr15	61569341	rs10163060
chr15	61570603	rs8042151
chr15	61570797	rs8042070
chr15	61570934	rs2414718
chr15	61571034	rs6416472
chr15	61571657	rs6494286
chr15	61573687	rs7497373
chr15	61574715	rs8024356
chr15	61577652	rs2414719
chr15	61578461	rs7497015
chr15	61578637	rs7497302
chr15	61578744	rs12592967
chr15	61578778	rs12595508
chr15	61583874	rs6416473
chr15	61584051	rs2414721
chr15	61584223	rs6494289
chr15	61584904	rs12908294
chr15	61587365	rs3848121
chr15	61588601	rs6494290
chr15	61590678	rs7496758
chr15	61591891	rs11634434
chr15	61593860	rs2414723
chr15	61595569	rs17270983
chr15	61597432	rs16944372
chr15	61598332	rs7168957
chr15	61600168	rs7497004
chr15	61600345	rs12899273
chr15	61601912	rs17303649
chr15	61602200	rs7171452
chr15	61603273	rs7179361
chr15	61603315	rs16944389
chr15	61603442	rs16944393
chr15	61605602	rs16944395
chr15	61605716	rs6494293
chr15	61605924	rs8030370
chr15	61606367	rs8036311
chr15	61607641	rs7182943
chr15	61608008	rs7182661
chr15	61608053	rs7183692
chr15	61608390	rs3848122
chr15	61609413	rs11634723
chr15	61611025	rs7168305
chr15	61611275	rs7174133
chr15	61611404	rs16944426
chr15	61612071	rs7175667
chr15	61612404	rs2414703
chr15	61613790	rs2899668
chr15	61615282	rs11854700
chr15	61618983	rs2414708
chr15	61619558	rs2001891
chr15	61619990	rs11634632
chr15	61621685	rs11637386
chr15	61621836	rs11632744
chr15	61622659	rs12915907
chr15	61623100	rs2414714
chr15	61626827	rs12898360
chr15	61629797	rs10431798
chr15	61630006	rs10431764
chr15	61630657	rs4265754
chr15	61631156	rs2414701
chr15	61631447	rs3848123
chr15	61632211	rs2414700
chr15	61633184	rs7164716
chr15	61634267	rs11071622
chr15	61637371	rs8033910
chr15	61638898	rs3858894
chr15	61641775	rs4350523
chr15	61644436	rs2414731
chr15	61646990	rs4324075
chr15	61655495	rs10851698
chr15	61656543	rs2245488
chr15	61657866	rs2245597
chr15	61658911	rs4775426
chr15	61659036	rs4775427
chr15	61660302	rs2245899
chr15	61662062	rs2264283
chr15	61665864	rs2249197
chr15	61665968	rs10519127
chr15	61666461	rs2249312
chr15	61668821	rs10519128
chr15	61669240	rs2414724
chr15	61670727	rs41481444
chr15	61670919	rs2249855
chr15	61674314	rs11852569
chr15	61674401	rs2253089
chr15	61674865	rs12437836
chr15	61675704	rs11071625
chr15	61679229	rs2264288
chr15	61679577	rs2253696
chr15	61684394	rs7169224
chr15	61685123	rs2259998
chr15	61687747	rs2255997
chr15	61690728	rs2243932
chr15	61692439	rs12900778
chr15	61695799	rs2243431
chr15	61696100	rs2247231
chr15	61696237	rs12591242
chr15	61700454	rs11639048
chr15	61700530	rs2613109
chr15	61700893	rs2446804
chr15	61701935	rs2414739
chr15	61702387	rs2243453
chr15	61702415	rs11853885
chr15	61708933	rs10519131
chr15	61716679	rs2899674
chr15	61716750	rs4517727
chr15	61719512	rs12916842
chr15	61719867	rs7181434
chr15	61720212	rs7164259
chr15	61723018	rs12913453
chr15	61724141	rs7183554
chr15	61724382	rs2414742
chr15	61726874	rs8040690
chr15	61727365	rs6494294
chr15	61728869	rs2414743
chr15	61731200	rs2242025
chr15	61731319	rs12914538
chr15	61731976	rs3959694
chr15	61732723	rs2899675
chr15	61733921	rs7168148
chr15	61734925	rs17303698
chr15	61735116	rs17303705
chr15	61735979	rs11855705
chr15	61741243	rs8043433
chr15	61742085	rs8025688
chr15	61744401	rs8041905
chr15	61746742	rs11854281
chr15	61747804	rs8039554
chr15	61748960	rs17237964
chr15	61749856	rs6494295
chr15	61751937	rs16944568
chr15	61753895	rs12323968
chr15	61754529	rs11856842
chr15	61755585	rs17303719
chr15	61757637	rs11857925
chr15	61758299	rs17271095
chr15	61760007	rs12903441
chr15	61761698	rs7178749
chr15	61763554	rs8028558
chr15	61765637	rs4359383
chr15	61768207	rs12900235
chr15	61768504	rs17237977
chr15	61769395	rs7172922
chr15	61776595	rs7171455
chr15	61777037	rs12909308
chr15	61784284	rs17303740
chr15	61784482	rs7342610
chr15	61788001	rs12911496
chr15	61788962	rs12898793
chr15	61790630	rs4293320
chr15	61790922	rs8182046
chr15	61791069	rs17238005
chr15	61791211	rs16953454
chr15	61795478	rs13379935
chr15	61798419	rs11853342
chr15	61801042	rs7178911
chr15	61801401	rs12591350
chr15	61801426	rs12591292
chr15	61801872	rs1981918
chr15	61802645	rs11631621
chr15	61803374	rs4775435
chr15	61803676	rs17238047
chr15	61805802	rs11071630
chr15	61805959	rs12903374
chr15	61807136	rs2059469
chr15	61807249	rs2059467
chr15	61808184	rs4775436
chr15	61808307	rs17271123
chr15	61809783	rs1425268
chr15	61809814	rs7179559
chr15	61810053	rs1425267
chr15	61810285	rs1425266
chr15	61810371	rs12901220
chr15	61812718	rs4491446
chr15	61814663	rs1107785
chr15	61816555	rs1863263
chr15	61817270	rs2113931
chr15	61818279	rs12907856
chr15	61820093	rs10851702
chr15	61820458	rs17303803
chr15	61820941	rs8023523
chr15	61821720	rs11853774
chr15	61822005	rs1863264
chr15	61822666	rs8034714
chr15	61825776	rs4774420
chr15	61826072	rs933806
chr15	61827158	rs4774421
chr15	61829409	rs8023607
chr15	61830599	rs12906499
chr15	61830917	rs9920509
chr15	61833660	rs8026735
chr15	61837610	rs12593278
chr15	61841475	rs9788635
chr15	61842133	rs17303831
chr15	61843723	rs12911388
chr15	61845358	rs8025282
chr15	61845712	rs1346037
chr15	61847835	rs3886246
chr15	61847990	rs17271151
chr15	61853015	rs1046156
chr15	61854399	rs17238096
chr15	61863083	rs4775445
chr15	61864491	rs3210522
chr15	61866138	rs11638951
chr15	61868559	rs7163441
chr15	61873378	rs17303894
chr15	61876873	rs11071634
chr15	61878148	rs4775447
chr15	61879280	rs1981916
chr15	61880230	rs2414755
chr15	61880708	rs12901055
chr15	61880786	rs3809517
chr15	61882820	rs12912348
chr15	61882935	rs12442569
chr15	61886496	rs12439719
chr15	61892602	rs13379947
chr15	61892713	rs11634516
chr15	61892783	rs11629741
chr15	61894830	rs28814609
chr15	61906365	rs11631970
chr15	61910283	rs10851704
chr15	61912515	rs11637606
chr15	61915420	rs4541010
chr15	61918376	rs4775452
chr15	61919251	rs963024
chr15	61920582	rs17238189
chr15	61921734	rs7164933
chr15	61922408	rs12907567
chr15	61925245	rs4774427
chr15	61926369	rs7172967
chr15	61926490	rs10459634
chr15	61931074	rs9788670
chr15	61938717	rs8042267
chr15	61940968	rs8033816
chr15	61947498	rs7172145
chr15	61949763	rs4587915
chr15	61950998	rs11629598
chr15	61951918	rs17238245
chr15	61953131	rs17271263
chr15	61954355	rs17238266
chr15	61954665	rs12899801
chr15	61954868	rs12593844
chr15	61958231	rs8034914
chr15	61961592	rs2303405
chr15	61962790	rs3784635
chr15	61967438	rs3784634
chr15	61978566	rs3784632
chr15	61985871	rs11631273
chr15	61991902	rs8032433
chr15	61995257	rs8034335
chr15	61995329	rs8034216
chr15	62001376	rs11634077
chr15	62008895	rs7168164
chr15	62014256	rs11629528
chr15	62020641	rs4143844
chr15	62021174	rs1370177
chr15	62021218	rs725174
chr15	62023275	rs3784445
chr15	62023836	rs12595158
chr15	62027108	rs12442448
chr15	62032952	rs1561197
chr15	62033961	rs9920015
chr15	62037669	rs11632842
chr15	62046360	rs7163326
chr15	62046598	rs1436958
chr15	62047698	rs12898209
chr15	62047927	rs17205365
chr15	62053857	rs12442675
chr15	62061259	rs8029942
chr15	62062371	rs12912208
chr15	62064187	rs11634818
chr15	62066483	rs1436966
chr15	62067151	rs8039651
chr15	62072733	rs1030859
chr15	62078285	rs11635977
chr15	62080039	rs11632441
chr15	62080628	rs17205407
chr15	62081260	rs7162536
chr15	62082288	rs1436964
chr15	62082327	rs10519154
chr15	62082837	rs4775458
chr15	62083234	rs11636682
chr15	62083254	rs10519155
chr15	62085937	rs731820
chr15	62087933	rs7178540
chr15	62088060	rs7178424
chr15	62088283	rs12442212
chr15	62088396	rs12439356
chr15	62089431	rs10519157
chr15	62090534	rs12437833
chr15	62090576	rs7163194
chr15	62090684	rs7164482
chr15	62090956	rs4502156
chr15	62092143	rs12907605
chr15	62093116	rs1865930
chr15	62094131	rs17304080
chr15	62094496	rs11856607
chr15	62095652	rs4775461
chr15	62096585	rs4775463
chr15	62102125	rs11858355
chr15	62102186	rs8037796
chr15	62102341	rs6494306
chr15	62104190	rs7172432
chr15	62105035	rs1370176
chr15	62106334	rs10083587
chr15	62107365	rs8030240
chr15	62109283	rs2083013
chr15	62109727	rs4775468
chr15	62110021	rs11632490
chr15	62111287	rs16944725
chr15	62112183	rs1436955
chr15	62112281	rs1436954
chr15	62113056	rs17205498
chr15	62119315	rs9806383
chr15	62121140	rs920179
chr15	62121815	rs1436953
chr15	62123230	rs4474658
chr15	62123394	rs11637496
chr15	62124386	rs4775470
chr15	62124760	rs17271493
chr15	62125987	rs11630566
chr15	62128101	rs1579636
chr15	62132450	rs4775471
chr15	62135165	rs6494311
chr15	62135475	rs10851710
chr15	62135774	rs11071655
chr15	62137798	rs12910787
chr15	62139882	rs8024230
chr15	62142957	rs12440695
chr15	62146967	rs11635220
chr15	62147085	rs17205561
chr15	62149997	rs11853937
chr15	62150070	rs4775474
chr15	62151250	rs920180
chr15	62153327	rs17271535
chr15	62153376	rs10519159
chr15	62157285	rs1469895
chr15	62159525	rs11855098
chr15	62160043	rs11858401
chr15	62162820	rs6494314
chr15	62165281	rs7495931
chr15	62166832	rs1406226
chr15	62168098	rs10519160
chr15	62168129	rs10519161
chr15	62172225	rs2414763
chr15	62173190	rs17205603
chr15	62179726	rs1919136
chr15	62184819	rs1528420
chr15	62189356	rs9920847
chr15	62192283	rs17238391
chr15	62195329	rs2030998
chr15	62199530	rs1528416
chr15	62202551	rs8040623
chr15	62203277	rs12591666
chr15	62204517	rs12908625
chr15	62207680	rs12915566
chr15	62209428	rs12592154
chr15	62222397	rs7164618
chr15	62225673	rs2697335
chr15	62227459	rs2697333
chr15	62230526	rs2678427
chr15	62233008	rs2697330
chr15	62236003	rs2611799
chr15	62240382	rs1106890
chr15	62247582	rs2611797
chr15	62254214	rs9646185
chr15	62255721	rs2611792
chr15	62257920	rs12901641
chr15	62258058	rs2678430
chr15	62258611	rs2678431
chr15	62264184	rs2254399
chr15	62264731	rs2254428
chr15	62267030	rs746105
chr15	62269231	rs2611810
chr15	62269782	rs2037276
chr15	62275616	rs12912805
chr15	62276083	rs17271591
chr15	62276547	rs2678435
chr15	62279823	rs12441839
chr15	62281805	rs425818
chr15	62284852	rs17304143
chr15	62289855	rs289163
chr15	62290925	rs188293
chr15	62297690	rs289161
chr15	62299807	rs17304157
chr15	62303121	rs289159
chr15	62303804	rs399119
chr15	62304021	rs10851713
chr15	62305645	rs874897
chr15	62306607	rs416238
chr15	62307576	rs289138
chr15	62307916	rs289137
chr15	62308076	rs1518175
chr15	62309317	rs289134
chr15	62312175	rs289128
chr15	62313506	rs414819
chr15	62316120	rs394338
chr15	62316415	rs1401008
chr15	62316773	rs12904924
chr15	62317944	rs12442798
chr15	62322217	rs12440178
chr15	62324994	rs12592966
chr15	62325033	rs456084
chr15	62325753	rs17205666
chr15	62326568	rs465968
chr15	62327650	rs466049
chr15	62328983	rs7169122
chr15	62333400	rs7176068
chr15	62333651	rs2939543
chr15	62333714	rs2939542
chr15	62333834	rs289095
chr15	62333989	rs289096
chr15	62338416	rs289107
chr15	62340238	rs17271632
chr15	62344567	rs290334
chr15	62347442	rs289123
chr15	62348252	rs11071667
chr15	62350221	rs17205687
chr15	62351577	rs12439993
chr15	62354491	rs289148
chr15	62354766	rs11638127
chr15	62354912	rs1878681
chr15	62355418	rs8040593
chr15	62356412	rs289153
chr15	62357701	rs2414771
chr15	62358215	rs289152
chr15	62358502	rs289151
chr15	62359944	rs12911123
chr15	62361827	rs10468028
chr15	62362468	rs7169837
chr15	62364252	rs2611813
chr15	62365079	rs17271667
chr15	62365704	rs290305
chr15	62366870	rs17205701
chr15	62368355	rs290310
chr15	62369195	rs290312
chr15	62378487	rs289094
chr15	62383926	rs289101
chr15	62388663	rs2280265
chr15	62388751	rs2261472
chr15	62395140	rs2456930
chr15	62400579	rs460458
chr15	62402318	rs290301
chr15	62403680	rs1518173
chr15	62404110	rs8023299
chr15	62404928	rs289139
chr15	62405310	rs289140
chr15	62406225	rs4479177
chr15	62409738	rs17271695
chr15	62410444	rs289156
chr15	62411690	rs2459899
chr15	62417448	rs8032921
chr15	62424442	rs12911081
chr15	62424486	rs12442378
chr15	62426655	rs1117326
chr15	62428164	rs10519148
chr15	62429016	rs11635879
chr15	62431045	rs2439712
chr15	62432826	rs4775501
chr15	62434543	rs1605269
chr15	62436711	rs2010675
chr15	62440131	rs2456467
chr15	62441042	rs1117215
chr15	62443330	rs8040704
chr15	62443472	rs8041371
chr15	62445253	rs1068705
chr15	62447264	rs1066677
chr15	62448363	rs1066668
chr15	62448502	rs1066667
chr15	62452220	rs618475
chr15	62455639	rs1083870
chr15	62458112	rs406734
chr15	62458834	rs410732
chr15	62461525	rs1865487
chr15	62464899	rs370727
chr15	62465523	rs17271730
chr15	62465658	rs17205757
chr15	62467221	rs441927
chr15	62468041	rs707598
chr15	62470019	rs12915440
chr15	62470173	rs779885
chr15	62470396	rs11071671
chr15	62470769	rs12148147
chr15	62472481	rs370873
chr15	62476412	rs4775508
chr15	62478109	rs2439715
chr15	62478612	rs41493744
chr15	62478839	rs7180426
chr15	62479251	rs11630237
chr15	62483409	rs1656146
chr15	62487153	rs2437132
chr15	62490067	rs1995618
chr15	62490636	rs780143
chr15	62494890	rs418984
chr15	62494961	rs16945148
chr15	62496402	rs443565
chr15	62497845	rs2456474
chr15	62498392	rs1661313
chr15	62498716	rs1506518
chr15	62498997	rs1661317
chr15	62500658	rs11852963
chr15	62500740	rs17271779
chr15	62500931	rs1194927
chr15	62501237	rs1194926
chr15	62501749	rs1212361
chr15	62502057	rs2456462
chr15	62502877	rs16945188
chr15	62503436	rs10519152
chr15	62503485	rs1194922
chr15	62504255	rs2471022
chr15	62504660	rs2471023
chr15	62506836	rs398474
chr15	62507711	rs365642
chr15	62508532	rs2471027
chr15	62512289	rs448458
chr15	62515836	rs12443158
chr15	62516340	rs956006
chr15	62516425	rs12901999
chr15	62516718	rs1866958
chr15	62516784	rs16945203
chr15	62517672	rs11857489
chr15	62520456	rs1822201
chr15	62523902	rs12441323
chr15	62524603	rs1372347
chr15	62525031	rs12708474
chr15	62525826	rs8038229
chr15	62526469	rs12900096
chr15	62527385	rs11071673
chr15	62527797	rs8030359
chr15	62529043	rs1469793
chr15	62529906	rs12908446
chr15	62533998	rs17738626
chr15	62537821	rs17738644
chr15	62538505	rs990526
chr15	62541462	rs7167098
chr15	62541660	rs2899680
chr15	62541914	rs4774437
chr15	62543826	rs8039781
chr15	62545420	rs736978
chr15	62545928	rs1110366
chr15	62546479	rs16945256
chr15	62547408	rs4775511
chr15	62552146	rs4775512
chr15	62552379	rs4775514
chr15	62564190	rs12910063
chr15	62566140	rs6494324
chr15	62566207	rs8028724
chr15	62567322	rs8036087
chr15	62567908	rs2044062
chr15	62568044	rs2044063
chr15	62568571	rs16945302
chr15	62571931	rs12905414
chr15	62581106	rs11631593
chr15	62584030	rs10519172
chr15	62584578	rs8031461
chr15	62585207	rs2117550
chr15	62592264	rs12438162
chr15	62592693	rs16945350
chr15	62592974	rs4775517
chr15	62595486	rs4774440
chr15	62596317	rs7167910
chr15	62597462	rs11071676
chr15	62598283	rs17812812
chr15	62600889	rs12440638
chr15	62602387	rs4410028
chr15	62604830	rs10851714
chr15	62610296	rs12591920
chr15	62610733	rs7168059
chr15	62612958	rs4775519
chr15	62616729	rs8043290
chr15	62616884	rs6494326
chr15	62617665	rs4321139
chr15	62618663	rs8037466
chr15	62622032	rs4775521
chr15	62623147	rs4077746
chr15	62624832	rs4454915
chr15	62625815	rs4465563
chr15	62626436	rs6494328
chr15	62626571	rs7182028
chr15	62626908	rs7182718
chr15	62627028	rs6494330
chr15	62627113	rs8042621
chr15	62627551	rs4238364
chr15	62627713	rs4238365
chr15	62631979	rs7180961
chr15	62633197	rs8030325
chr15	62637642	rs11852700
chr15	62638044	rs6494333
chr15	62639294	rs12442652
chr15	62643292	rs11071680
chr15	62643751	rs2899682
chr15	62644631	rs11852582
chr15	62645970	rs2899683
chr15	62647241	rs938979
chr15	62647807	rs35444405
chr15	62651935	rs4329866
chr15	62655795	rs3817360
chr15	62656230	rs2414792
chr15	62656710	rs12591037
chr15	62658830	rs12593694
chr15	62659016	rs1320189
chr15	62660897	rs11071681
chr15	62663486	rs1320190
chr15	62665914	rs6494343
chr15	62670095	rs1574119
chr15	62682548	rs10152905
chr15	62683882	rs10444842
chr15	62692675	rs11630525
chr15	62695026	rs4775528
chr15	62698210	rs8028312
chr15	62699011	rs9630428
chr15	62708048	rs4775529
chr15	62711138	rs8028040
chr15	62717605	rs1320191
chr15	62721750	rs12909360
chr15	62722349	rs10775181
chr15	62728391	rs11071689
chr15	62729116	rs11852529
chr15	62734737	rs2133093
chr15	62735079	rs1878786
chr15	62735754	rs4775533
chr15	62737436	rs2030039
chr15	62737673	rs11629643
chr15	62743873	rs16945618
chr15	62744164	rs9806612
chr15	62746919	rs9302230
chr15	62751013	rs11071690
chr15	62751256	rs13379701
chr15	62751501	rs8030829
chr15	62751580	rs4775535
chr15	62751678	rs4775536
chr15	62752438	rs7176359
chr15	62753009	rs938985
chr15	62753581	rs11071691
chr15	62755579	rs8033767
chr15	62755594	rs4775538
chr15	62756002	rs11637837
chr15	62756146	rs7175766
chr15	62756228	rs7179299
chr15	62759546	rs1463806
chr15	62761480	rs3803498
chr15	62761659	rs3803497
chr15	62764093	rs10519173
chr15	62764339	rs17740623
chr15	62770703	rs938981
chr15	62771413	rs937414
chr15	62772018	rs6494354
chr15	62774607	rs1353694
chr15	62775339	rs11635027
chr15	62776189	rs11853366
chr15	62778651	rs17740893
chr15	62785807	rs16945733
chr15	62786178	rs4775542
chr15	62786797	rs12443164
chr15	62790008	rs16945735
chr15	62790047	rs8026446
chr15	62790304	rs6494361
chr15	62791492	rs11071693
chr15	62801058	rs1878782
chr15	62801625	rs8024720
chr15	62804609	rs4774452
chr15	62807336	rs4774453
chr15	62807529	rs7177755
chr15	62808251	rs7178912
chr15	62808268	rs10851718
chr15	62809039	rs1553107
chr15	62811619	rs1553106
chr15	62812397	rs8032989
chr15	62813004	rs937424
chr15	62813381	rs12592944
chr15	62813456	rs17814219
chr15	62815080	rs4098694
chr15	62817375	rs16945790
chr15	62818749	rs12594810
chr15	62819166	rs868705
chr15	62819540	rs3816988
chr15	62820803	rs12900510
chr15	62821603	rs16945799
chr15	62825025	rs937415
chr15	62827807	rs1048570
chr15	62827957	rs1048568
chr15	62833792	rs7167535
chr15	62834159	rs6494363
chr15	62834585	rs16945848
chr15	62834607	rs10519180
chr15	62835025	rs8033703
chr15	62835094	rs8033596
chr15	62835575	rs2242379
chr15	62835784	rs8038919
chr15	62836447	rs1463803
chr15	62836930	rs7162883
chr15	62839551	rs1948634
chr15	62839776	rs16945905
chr15	62842703	rs1498129
chr15	62843409	rs3751527
chr15	62843611	rs937421
chr15	62843779	rs881235
chr15	62845123	rs4775551
chr15	62847167	rs16945938
chr15	62850004	rs12915924
chr15	62850262	rs4395024
chr15	62852037	rs11071694
chr15	62853575	rs1873151
chr15	62853770	rs1873152
chr15	62858590	rs540057
chr15	62861848	rs634888
chr15	62865447	rs4775553
chr15	62866230	rs557775
chr15	62866629	rs561428
chr15	62866940	rs2220476
chr15	62869339	rs626873
chr15	62869501	rs17815421
chr15	62870328	rs595866
chr15	62873312	rs648532
chr15	62875285	rs4775555
chr15	62875931	rs621275
chr15	62876458	rs633648
chr15	62877770	rs525431
chr15	62877975	rs650716
chr15	62879390	rs489667
chr15	62879430	rs489568
chr15	62879641	rs576939
chr15	62880268	rs570763
chr15	62881848	rs11853643
chr15	62887097	rs12914720
chr15	62887318	rs596726
chr15	62887350	rs1387383
chr15	62888627	rs11633819
chr15	62888810	rs11639162
chr15	62889387	rs12443469
chr15	62890119	rs1817732
chr15	62890373	rs12902258
chr15	62894970	rs779788
chr15	62895184	rs11632567
chr15	62895989	rs12593170
chr15	62898025	rs685201
chr15	62898751	rs543651
chr15	62899403	rs16946054
chr15	62899643	rs729197
chr15	62899745	rs729198
chr15	62900552	rs2171689
chr15	62900793	rs12439791
chr15	62901518	rs16946069
chr15	62903229	rs11636423
chr15	62903412	rs16946080
chr15	62903573	rs7172773
chr15	62903621	rs16946082
chr15	62906738	rs8030784
chr15	62908523	rs867670
chr15	62909136	rs902033
chr15	62914977	rs1960143
chr15	62915141	rs902023
chr15	62916657	rs7178341
chr15	62916987	rs4390546
chr15	62918198	rs12900905
chr15	62919676	rs1387386
chr15	62920476	rs902029
chr15	62921658	rs10519186
chr15	62921693	rs1489320
chr15	62922007	rs8026167
chr15	62923452	rs6494367
chr15	62926338	rs902027
chr15	62926891	rs731746
chr15	62927772	rs16946135
chr15	62929031	rs4774458
chr15	62929845	rs11634578
chr15	62933816	rs1994534
chr15	62935405	rs12907431
chr15	62936581	rs8040650
chr15	62937574	rs1906778
chr15	62938837	rs12591202
chr15	62940202	rs902025
chr15	62949259	rs8029658
chr15	62949816	rs923425
chr15	62950084	rs923424
chr15	62950632	rs1994533
chr15	62951353	rs4775567
chr15	62952478	rs8031441
chr15	62954157	rs17744688
chr15	62954211	rs17744730
chr15	62956746	rs8034321
chr15	62958112	rs4775571
chr15	62961867	rs4775572
chr15	62962488	rs16946166
chr15	62964705	rs11631647
chr15	62965682	rs7176237
chr15	62969454	rs4352001
chr15	62972039	rs4775575
chr15	62972518	rs4775576
chr15	62972864	rs17750687
chr15	62972934	rs2414808
chr15	62973045	rs2414810
chr15	62973522	rs11853939
chr15	62974601	rs4775579
chr15	62975737	rs4775582
chr15	62976901	rs4775586
chr15	62978503	rs7167220
chr15	62980183	rs7174844
chr15	62980414	rs17751229
chr15	62981341	rs11858968
chr15	62983544	rs1844291
chr15	62985044	rs1565276
chr15	62986015	rs16946204
chr15	62989321	rs1489317
chr15	62989907	rs4405494
chr15	62994199	rs8024248
chr15	62994343	rs2035714
chr15	62996965	rs11634442
chr15	62998080	rs11071708
chr15	62998335	rs10775183
chr15	62998446	rs12595433
chr15	62999285	rs12440897
chr15	62999849	rs11071709
chr15	63000247	rs1489315
chr15	63000982	rs12911467
chr15	63004928	rs7176019
chr15	63005028	rs7177676
chr15	63007163	rs902031
chr15	63009931	rs16946249
chr15	63010287	rs2414803
chr15	63011217	rs1906779
chr15	63013133	rs12909667
chr15	63013526	rs11854861
chr15	63016384	rs8029221
chr15	63018892	rs11636033
chr15	63019781	rs4775601
chr15	63019794	rs12442303
chr15	63020229	rs1873149
chr15	63020433	rs1873147
chr15	63021066	rs7179757
chr15	63021187	rs12595658
chr15	63022564	rs8029871
chr15	63024013	rs6494383
chr15	63028309	rs8039242
chr15	63029240	rs4514628
chr15	63029827	rs12593315
chr15	63031580	rs12324180
chr15	63031681	rs4775604
chr15	63035334	rs11071718
chr15	63035406	rs4775606
chr15	63035511	rs7172943
chr15	63035808	rs4775607
chr15	63036291	rs9806545
chr15	63039810	rs4775609
chr15	63039858	rs4775610
chr15	63041525	rs3809566
chr15	63048028	rs4075583
chr15	63049797	rs11071720
chr15	63051119	rs3803499
chr15	63053327	rs6494387
chr15	63053423	rs7170462
chr15	63054121	rs1574311
chr15	63055798	rs16953467
chr15	63056897	rs4775613
chr15	63057527	rs17753220
chr15	63059289	rs4238372
chr15	63059488	rs4775614
chr15	63059641	rs1071646
chr15	63059893	rs3803501
chr15	63067365	rs4619348
chr15	63068365	rs2729827
chr15	63068648	rs1972041
chr15	63071432	rs1050255
chr15	63071455	rs8519
chr15	63071538	rs707602
chr15	63071702	rs6738
chr15	63071899	rs7178040
chr15	63073481	rs17826629
chr15	63074083	rs2937859
chr15	63079021	rs11636105
chr15	63080128	rs7174174
chr15	63081130	rs2729806
chr15	63082057	rs2652804
chr15	63087393	rs11857703
chr15	63093673	rs2729799
chr15	63104102	rs2652836
chr15	63105008	rs8034945
chr15	63105157	rs4270122
chr15	63106120	rs7180621
chr15	63107051	rs11630639
chr15	63108385	rs8032104
chr15	63109406	rs2729786
chr15	63111117	rs2729783
chr15	63113167	rs2652813
chr15	63114586	rs6494391
chr15	63114664	rs6494392
chr15	63115191	rs4774476
chr15	63121172	rs1007076
chr15	63121302	rs1007075
chr15	63123024	rs2652789
chr15	63130573	rs2652822
chr15	63131540	rs1472631
chr15	63134713	rs1976433
chr15	63135439	rs1126312
chr15	63136566	rs1126310
chr15	63136887	rs1126308
chr15	63141567	rs2729835
chr15	63141586	rs4775629
chr15	63141911	rs8468
chr15	63142564	rs4774478
chr15	63142930	rs12898885
chr15	63142997	rs12899931
chr15	63144429	rs2729812
chr15	63146987	rs7162825
chr15	63147204	rs7163254
chr15	63152945	rs953978
chr15	63153813	rs28637229
chr15	63154133	rs35018260
chr15	63154399	rs28562564
chr15	63155955	rs28479880
chr15	63156272	rs11853249
chr15	63156806	rs28377261
chr15	63157537	rs28366055
chr15	63157666	rs8036501
chr15	63160473	rs7183711
chr15	63172669	rs17755522
chr15	63182192	rs920864
chr15	63188289	rs1502071
chr15	63189396	rs12101577
chr15	63191003	rs1039444
chr15	63191778	rs2729793
chr15	63203086	rs1550721
chr15	63207996	rs2588862
chr15	63211114	rs12913551
chr15	63216086	rs12902205
chr15	63223689	rs8031945
chr15	63223834	rs8032533
chr15	63224560	rs8037296
chr15	63236057	rs11853804
chr15	63236130	rs11853808
chr15	63236233	rs16946686
chr15	63240260	rs9672258
chr15	63240979	rs7167722
chr15	63247423	rs8043419
chr15	63249209	rs1992620
chr15	63251907	rs1444405
chr15	63253153	rs10152434
chr15	63253884	rs16946700
chr15	63256588	rs10851726
chr15	63256865	rs10519190
chr15	63261795	rs1017545
chr15	63263165	rs1444407
chr15	63264263	rs16946717
chr15	63269102	rs11071737
chr15	63274503	rs1017546
chr15	63276985	rs3784671
chr15	63278922	rs7163368
chr15	63281944	rs1472500
chr15	63287182	rs3743319
chr15	63296463	rs2068143
chr15	63299379	rs2414816
chr15	63302032	rs12910654
chr15	63303373	rs12898422
chr15	63303452	rs11071740
chr15	63305440	rs2291881
chr15	63305658	rs1047552
chr15	63306231	rs745338
chr15	63307789	rs4984263
chr15	63308677	rs10519204
chr15	63309180	rs17762822
chr15	63309857	rs11856972
chr15	63312881	rs16946801
chr15	63313755	rs12708477
chr15	63318173	rs12592957
chr15	63323565	rs1127203
chr15	63325911	rs1043239
chr15	63331264	rs4984241
chr15	63335240	rs4984265
chr15	63340835	rs1026988
chr15	63341039	rs2306719
chr15	63344679	rs2046484
chr15	63349228	rs11634841
chr15	63349297	rs11071741
chr15	63349646	rs7165968
chr15	63350085	rs7166946
chr15	63351419	rs2036262
chr15	63355091	rs6494401
chr15	63358692	rs10431802
chr15	63362588	rs16946916
chr15	63363481	rs2019976
chr15	63363526	rs16946922
chr15	63365538	rs11631047
chr15	63366437	rs1392100
chr15	63369958	rs7181453
chr15	63371212	rs881644
chr15	63371380	rs4984268
chr15	63371634	rs16946959
chr15	63371917	rs728904
chr15	63373566	rs7162561
chr15	63373648	rs7183733
chr15	63374221	rs7162383
chr15	63379273	rs881500
chr15	63380486	rs7171715
chr15	63381212	rs7173285
chr15	63383242	rs9920237
chr15	63385767	rs901273
chr15	63394128	rs1002175
chr15	63395001	rs2840098
chr15	63397609	rs2414817
chr15	63398345	rs11632075
chr15	63399303	rs2036260
chr15	63400698	rs12438157
chr15	63400907	rs11071742
chr15	63401295	rs809926
chr15	63402939	rs768128
chr15	63403984	rs8023341
chr15	63404940	rs290551
chr15	63407505	rs290558
chr15	63407796	rs290559
chr15	63412865	rs8025249
chr15	63413175	rs290564
chr15	63414026	rs1499605
chr15	63414516	rs190855
chr15	63414527	rs290537
chr15	63418474	rs289811
chr15	63418563	rs289810
chr15	63421150	rs289806
chr15	63426950	rs289795
chr15	63427669	rs289797
chr15	63428791	rs289799
chr15	63431608	rs289804
chr15	63436357	rs8028508
chr15	63439063	rs11071744
chr15	63440668	rs16947103
chr15	63441064	rs11071746
chr15	63445410	rs4984278
chr15	63445726	rs10519210
chr15	63448609	rs723428
chr15	63450002	rs12441236
chr15	63451198	rs12908654
chr15	63451754	rs7177300
chr15	63455197	rs7175750
chr15	63461249	rs4984288
chr15	63462574	rs901272
chr15	63464226	rs1106712
chr15	63465081	rs12917403
chr15	63465260	rs16947119
chr15	63466229	rs4984246
chr15	63466448	rs4984247
chr15	63469142	rs7173551
chr15	63472306	rs751940
chr15	63473297	rs901269
chr15	63477888	rs41415146
chr15	63479531	rs11635502
chr15	63485762	rs12148463
chr15	63487553	rs11634587
chr15	63488083	rs4326996
chr15	63488431	rs10519212
chr15	63494735	rs11071754
chr15	63499824	rs4984295
chr15	63500287	rs17184382
chr15	63501039	rs11635675
chr15	63501372	rs11630468
chr15	63502762	rs289816
chr15	63503638	rs289818
chr15	63506024	rs11637511
chr15	63517791	rs6494409
chr15	63524203	rs9672511
chr15	63524299	rs11631042
chr15	63524870	rs6494410
chr15	63527785	rs17185055
chr15	63528598	rs7163492
chr15	63531102	rs982077
chr15	63532291	rs4984297
chr15	63536364	rs8025240
chr15	63537339	rs11853890
chr15	63539533	rs8038147
chr15	63539785	rs2058914
chr15	63543662	rs6494411
chr15	63549476	rs8023466
chr15	63553979	rs7166997
chr15	63554309	rs10450989
chr15	63555028	rs17185483
chr15	63564345	rs6494412
chr15	63564443	rs6494413
chr15	63568501	rs8031233
chr15	63572234	rs4556742
chr15	63579093	rs7178762
chr15	63586733	rs7183892
chr15	63589732	rs4984303
chr15	63592263	rs8023506
chr15	63593500	rs7171858
chr15	63593611	rs3210904
chr15	63594394	rs2649
chr15	63595914	rs11852815
chr15	63596296	rs4074448
chr15	63596823	rs4984251
chr15	63598790	rs4247077
chr15	63602201	rs3934552
chr15	63603537	rs4438257
chr15	63604176	rs8041548
chr15	63608320	rs8024070
chr15	63609447	rs4984252
chr15	63613411	rs4412925
chr15	63615741	rs7178853
chr15	63623180	rs4523879
chr15	63623346	rs4603505
chr15	63623587	rs11630290
chr15	63630275	rs11071759
chr15	63630894	rs7175789
chr15	63634956	rs17766325
chr15	63642657	rs17185673
chr15	63642950	rs10519223
chr15	63645458	rs8029051
chr15	63648917	rs12439722
chr15	63651743	rs6494420
chr15	63653637	rs12324009
chr15	63660954	rs2272209
chr15	63661830	rs2228511
chr15	63663872	rs2414827
chr15	63666563	rs1815130
chr15	63668596	rs7168440
chr15	63675307	rs17772465
chr15	63678257	rs2228510
chr15	63687961	rs7166206
chr15	63689128	rs17186555
chr15	63689819	rs11636604
chr15	63690353	rs1962180
chr15	63692573	rs11630720
chr15	63698061	rs8035561
chr15	63699289	rs11636758
chr15	63703224	rs4411464
chr15	63708623	rs8037046
chr15	63718905	rs7176133
chr15	63733274	rs1039819
chr15	63739555	rs7172848
chr15	63746671	rs8034342
chr15	63746851	rs8034675
chr15	63754921	rs10519220
chr15	63756791	rs2271241
chr15	63761191	rs9672729
chr15	63764238	rs3764186
chr15	63768819	rs17773778
chr15	63774314	rs9972569
chr15	63774838	rs2228515
chr15	63776085	rs13379670
chr15	63778180	rs10152515
chr15	63778682	rs7173984
chr15	63783312	rs7178111
chr15	63786239	rs11632919
chr15	63800591	rs2165882
chr15	63806358	rs11631544
chr15	63808242	rs17774449
chr15	63808593	rs7173437
chr15	63813384	rs7178104
chr15	63818322	rs12148660
chr15	63819086	rs17188807
chr15	63820533	rs11635117
chr15	63826664	rs2053593
chr15	63831781	rs8036500
chr15	63835332	rs9972527
chr15	63844273	rs2120252
chr15	63849296	rs4776449
chr15	63850340	rs4777160
chr15	63851162	rs17774993
chr15	63855494	rs4777231
chr15	63855618	rs4777232
chr15	63857403	rs17189345
chr15	63857493	rs978363
chr15	63857635	rs978362
chr15	63858670	rs7180823
chr15	63859547	rs7164617
chr15	63860603	rs11631933
chr15	63861957	rs2197259
chr15	63862436	rs11071767
chr15	63863407	rs1912049
chr15	63864266	rs8028348
chr15	63866451	rs1017531
chr15	63868985	rs12903114
chr15	63869152	rs12594144
chr15	63872870	rs7169210
chr15	63874678	rs6494441
chr15	63876448	rs7169989
chr15	63880700	rs12440886
chr15	63883437	rs6494443
chr15	63884007	rs989547
chr15	63884109	rs989546
chr15	63889271	rs1867272
chr15	63890192	rs7164126
chr15	63890359	rs41472644
chr15	63891821	rs4776636
chr15	63892426	rs7177662
chr15	63893145	rs7182950
chr15	63893331	rs41380646
chr15	63894994	rs8033658
chr15	63897018	rs4776644
chr15	63897102	rs16947557
chr15	63900540	rs4620909
chr15	63901974	rs730589
chr15	63903570	rs2004231
chr15	63906378	rs10851733
chr15	63907009	rs6494452
chr15	63912671	rs1037846
chr15	63913159	rs9302232
chr15	63913592	rs6494453
chr15	63916061	rs12909081
chr15	63918080	rs749468
chr15	63918476	rs2414844
chr15	63920076	rs1471282
chr15	63921668	rs4776668
chr15	63924048	rs10851734
chr15	63926909	rs7176387
chr15	63927316	rs8035983
chr15	63935957	rs1380846
chr15	63941364	rs6494454
chr15	63944926	rs17198142
chr15	63945957	rs9806191
chr15	63947742	rs11856257
chr15	63947928	rs4283175
chr15	63949043	rs17777266
chr15	63949677	rs11854494
chr15	63949808	rs1380844
chr15	63950047	rs1380843
chr15	63950994	rs4304971
chr15	63951237	rs12324438
chr15	63951734	rs11071781
chr15	63952544	rs2034099
chr15	63968745	rs16947599
chr15	63971333	rs6494457
chr15	63973798	rs922179
chr15	63977211	rs922178
chr15	63977989	rs12901218
chr15	63978896	rs6494458
chr15	63979297	rs8030264
chr15	63982925	rs4776273
chr15	63984898	rs17788704
chr15	63985443	rs922182
chr15	63986009	rs4776701
chr15	63987635	rs8040233
chr15	63990749	rs17788807
chr15	63993145	rs11639281
chr15	63993812	rs11630556
chr15	63994278	rs16947645
chr15	63995160	rs1460545
chr15	63997937	rs7167478
chr15	64001963	rs1993684
chr15	64004742	rs4776709
chr15	64008742	rs4146472
chr15	64009185	rs7169146
chr15	64012553	rs12050807
chr15	64017023	rs11632911
chr15	64019146	rs12438519
chr15	64019965	rs1380839
chr15	64023328	rs4776282
chr15	64024259	rs172995
chr15	64025421	rs922177
chr15	64025657	rs12324089
chr15	64025963	rs332276
chr15	64029142	rs4776764
chr15	64031192	rs17789612
chr15	64031854	rs332236
chr15	64035293	rs427789
chr15	64038030	rs395764
chr15	64038342	rs433902
chr15	64039113	rs895886
chr15	64043026	rs1868444
chr15	64043605	rs4776781
chr15	64047549	rs332271
chr15	64047740	rs11629676
chr15	64056659	rs191368
chr15	64075546	rs332233
chr15	64088949	rs16947748
chr15	64090539	rs3848142
chr15	64090698	rs332262
chr15	64090830	rs332261
chr15	64096888	rs7181268
chr15	64099468	rs7164540
chr15	64105977	rs3887731
chr15	64114498	rs3911083
chr15	64114699	rs8041372
chr15	64115182	rs3784382
chr15	64118285	rs2290117
chr15	64126198	rs1130603
chr15	64126284	rs2290121
chr15	64126456	rs3816385
chr15	64129399	rs10162981
chr15	64131307	rs3848143
chr15	64136360	rs1802376
chr15	64136458	rs2290122
chr15	64144256	rs12591947
chr15	64147368	rs7164156
chr15	64148225	rs4573885
chr15	64156166	rs2253557
chr15	64157640	rs3784381
chr15	64157839	rs7177371
chr15	64159060	rs28720187
chr15	64160123	rs2307247
chr15	64162924	rs4904
chr15	64170264	rs3743110
chr15	64187112	rs28428709
chr15	64188689	rs8032157
chr15	64190988	rs10519228
chr15	64194328	rs2306974
chr15	64205943	rs28660179
chr15	64207949	rs1388216
chr15	64216564	rs6494466
chr15	64223344	rs8028184
chr15	64223623	rs8032196
chr15	64224285	rs8034754
chr15	64224730	rs16947828
chr15	64224829	rs28550147
chr15	64232781	rs8033972
chr15	64234618	rs12101870
chr15	64238640	rs7177457
chr15	64246325	rs11855072
chr15	64249582	rs16947844
chr15	64259080	rs6494469
chr15	64268523	rs4008
chr15	64268634	rs8037297
chr15	64273077	rs4776415
chr15	64287079	rs4502167
chr15	64287373	rs4262894
chr15	64300938	rs7167801
chr15	64303858	rs11071789
chr15	64315273	rs12102207
chr15	64336335	rs8029682
chr15	64336718	rs8034610
chr15	64340641	rs12903745
chr15	64342685	rs6494475
chr15	64344536	rs4468553
chr15	64344892	rs3843699
chr15	64345337	rs3848148
chr15	64350868	rs4776447
chr15	64351225	rs16947898
chr15	64351492	rs12148898
chr15	64354578	rs1533378
chr15	64370701	rs7165405
chr15	64375683	rs28630669
chr15	64378367	rs4777181
chr15	64378994	rs4238425
chr15	64379803	rs2062250
chr15	64380394	rs4777185
chr15	64383114	rs11635527
chr15	64383662	rs3764188
chr15	64385214	rs12442852
chr15	64390537	rs7497513
chr15	64393008	rs1567985
chr15	64398573	rs7174731
chr15	64407074	rs9921039
chr15	64413511	rs16947945
chr15	64414060	rs2046356
chr15	64414133	rs34758599
chr15	64418628	rs4776494
chr15	64418975	rs7181518
chr15	64420409	rs11071796
chr15	64422573	rs11071797
chr15	64429629	rs8032773
chr15	64434065	rs1463596
chr15	64443328	rs936689
chr15	64444088	rs7162324
chr15	64464086	rs7175765
chr15	64469682	rs677561
chr15	64470394	rs563082
chr15	64482803	rs12593770
chr15	64489852	rs577016
chr15	64491526	rs477966
chr15	64491959	rs782187
chr15	64493259	rs16953514
chr15	64500697	rs640005
chr15	64501418	rs576926
chr15	64511051	rs486330
chr15	64511189	rs489138
chr15	64514149	rs684479
chr15	64522094	rs673931
chr15	64524718	rs7172505
chr15	64527781	rs1562448
chr15	64537631	rs4777365
chr15	64540109	rs11071799
chr15	64542923	rs2733386
chr15	64543207	rs16948044
chr15	64544511	rs16948046
chr15	64552173	rs8036775
chr15	64557293	rs612655
chr15	64557705	rs6494481
chr15	64558933	rs500641
chr15	64564195	rs2733382
chr15	64574130	rs547818
chr15	64580346	rs537130
chr15	64585508	rs567065
chr15	64592187	rs2733384
chr15	64595846	rs592070
chr15	64596044	rs520694
chr15	64596930	rs685068
chr15	64599934	rs588379
chr15	64600038	rs1665897
chr15	64601343	rs615278
chr15	64602079	rs11071802
chr15	64603120	rs633275
chr15	64608327	rs627101
chr15	64610862	rs534969
chr15	64617804	rs2593698
chr15	64618746	rs571441
chr15	64619892	rs662142
chr15	64620720	rs2899699
chr15	64622085	rs4777488
chr15	64629537	rs8029243
chr15	64633931	rs2249914
chr15	64635902	rs16948148
chr15	64638049	rs636553
chr15	64641783	rs4777499
chr15	64645649	rs2899700
chr15	64648004	rs6494484
chr15	64648519	rs10851736
chr15	64660520	rs12442470
chr15	64670431	rs11633399
chr15	64673616	rs11071803
chr15	64675455	rs16948170
chr15	64678599	rs16948172
chr15	64678704	rs34000846
chr15	64680481	rs12437786
chr15	64681412	rs11631564
chr15	64684946	rs4402501
chr15	64687183	rs16948182
chr15	64693405	rs7165925
chr15	64695026	rs11858605
chr15	64696783	rs16948187
chr15	64697736	rs16948191
chr15	64706393	rs11637114
chr15	64710855	rs7402386
chr15	64717876	rs16948203
chr15	64724099	rs11635211
chr15	64727522	rs11071808
chr15	64730957	rs7173216
chr15	64732005	rs6494488
chr15	64735863	rs10162661
chr15	64737757	rs10162671
chr15	64738593	rs7402511
chr15	64739242	rs7495961
chr15	64741112	rs6494489
chr15	64743780	rs3935716
chr15	64748729	rs12911708
chr15	64756110	rs7403071
chr15	64763844	rs10851739
chr15	64767452	rs1008917
chr15	64773440	rs4777558
chr15	64779172	rs4777586
chr15	64785687	rs7174486
chr15	64790165	rs11071811
chr15	64792661	rs10851741
chr15	64794921	rs11633109
chr15	64800991	rs4468555
chr15	64806235	rs936860
chr15	64808808	rs7176023
chr15	64812627	rs4777602
chr15	64815560	rs17208301
chr15	64816280	rs8036568
chr15	64825448	rs11631663
chr15	64825623	rs3743046
chr15	64832168	rs4777615
chr15	64836642	rs2414858
chr15	64840785	rs1684048
chr15	64841169	rs1719288
chr15	64843126	rs1684036
chr15	64844972	rs1357370
chr15	64847133	rs1522747
chr15	64848321	rs1352093
chr15	64855199	rs865576
chr15	64858638	rs832882
chr15	64859436	rs832884
chr15	64861491	rs12595292
chr15	64861933	rs16948311
chr15	64863329	rs832886
chr15	64864324	rs1719277
chr15	64866735	rs1043690
chr15	64867259	rs1043697
chr15	64868787	rs8027676
chr15	64874147	rs881586
chr15	64878238	rs871447
chr15	64878841	rs869043
chr15	64882121	rs1719260
chr15	64883475	rs11633431
chr15	64891602	rs1719271
chr15	64891751	rs2200490
chr15	64892293	rs1719273
chr15	64895021	rs1628955
chr15	64896704	rs2630502
chr15	64903063	rs936867
chr15	64904053	rs7175351
chr15	64906392	rs1631677
chr15	64910760	rs12437824
chr15	64912358	rs8031047
chr15	64915471	rs832878
chr15	64916028	rs1471834
chr15	64917681	rs2056497
chr15	64917942	rs4287512
chr15	64930560	rs7168200
chr15	64930677	rs7168400
chr15	64931285	rs12438783
chr15	64932478	rs12442603
chr15	64932556	rs8039602
chr15	64936248	rs7178748
chr15	64943580	rs34988193
chr15	64944678	rs2414865
chr15	64945162	rs1879927
chr15	64949514	rs11637964
chr15	64949598	rs6494503
chr15	64951136	rs4776654
chr15	64955444	rs7168857
chr15	64960022	rs1554524
chr15	64961454	rs6494504
chr15	64962827	rs16948440
chr15	64963363	rs7322
chr15	64966493	rs17229765
chr15	64970778	rs4407017
chr15	64972413	rs4346160
chr15	64980223	rs11071821
chr15	64980326	rs4776658
chr15	64981257	rs4316701
chr15	64985367	rs4128936
chr15	64994508	rs8030171
chr15	64997085	rs8042506
chr15	64997437	rs8027004
chr15	65001513	rs16948457
chr15	65002565	rs11635570
chr15	65004923	rs34636936
chr15	65007668	rs8035428
chr15	65015125	rs6494509
chr15	65015150	rs8024697
chr15	65019134	rs8029145
chr15	65020941	rs2946662
chr15	65023397	rs35328312
chr15	65023623	rs4776661
chr15	65025827	rs2919343
chr15	65028699	rs11638255
chr15	65029085	rs7175761
chr15	65030528	rs2414869
chr15	65039429	rs2946653
chr15	65043525	rs8031050
chr15	65048088	rs10851744
chr15	65051697	rs2946676
chr15	65051748	rs4238399
chr15	65053624	rs1046482
chr15	65055067	rs2232762
chr15	65055834	rs12441503
chr15	65056146	rs2946677
chr15	65056357	rs7172429
chr15	65062361	rs3784446
chr15	65062633	rs3784447
chr15	65063130	rs12443113
chr15	65065096	rs2232754
chr15	65065153	rs2232753
chr15	65065707	rs2241858
chr15	65065889	rs9630429
chr15	65070697	rs4238400
chr15	65078497	rs2946643
chr15	65078712	rs12904843
chr15	65079038	rs17804968
chr15	65081365	rs12437921
chr15	65082809	rs2946645
chr15	65084633	rs4776664
chr15	65098949	rs2946651
chr15	65136235	rs7174957
chr15	65141718	rs12913573
chr15	65153880	rs17805328
chr15	65154024	rs4776670
chr15	65160216	rs2946671
chr15	65162321	rs7175110
chr15	65162855	rs11071828
chr15	65162973	rs2946672
chr15	65174839	rs8034024
chr15	65175049	rs8034478
chr15	65178902	rs11856587
chr15	65185842	rs2414878
chr15	65196790	rs938952
chr15	65199963	rs11853105
chr15	65200971	rs756625
chr15	65201329	rs11071829
chr15	65201874	rs2073711
chr15	65203482	rs2072048
chr15	65203949	rs11856834
chr15	65204249	rs2585034
chr15	65205511	rs2681038
chr15	65205787	rs8039796
chr15	65208097	rs2019185
chr15	65212700	rs17805775
chr15	65213447	rs1955142
chr15	65217996	rs10851745
chr15	65218286	rs11071830
chr15	65219091	rs920686
chr15	65222573	rs17231661
chr15	65228685	rs6494513
chr15	65234463	rs755115
chr15	65236156	rs11632307
chr15	65241951	rs12148373
chr15	65246389	rs12591312
chr15	65248488	rs1561889
chr15	65252760	rs17231843
chr15	65255261	rs920688
chr15	65255685	rs11630562
chr15	65256314	rs16948596
chr15	65257688	rs4415968
chr15	65260908	rs2304896
chr15	65264104	rs894494
chr15	65270094	rs529251
chr15	65270235	rs8024728
chr15	65270254	rs8024741
chr15	65272257	rs11071835
chr15	65282471	rs11630885
chr15	65288645	rs7171823
chr15	65288670	rs6494516
chr15	65290664	rs7183409
chr15	65293399	rs665287
chr15	65296023	rs7170774
chr15	65300169	rs7163101
chr15	65300413	rs4315292
chr15	65305176	rs502236
chr15	65313981	rs11071838
chr15	65321316	rs626163
chr15	65321861	rs628397
chr15	65323218	rs525514
chr15	65326194	rs7162046
chr15	65326704	rs12905133
chr15	65327459	rs639812
chr15	65328800	rs11853777
chr15	65329103	rs12907128
chr15	65333881	rs894491
chr15	65337844	rs581427
chr15	65340714	rs1372833
chr15	65344981	rs603439
chr15	65345237	rs8031618
chr15	65359680	rs575749
chr15	65360186	rs1442796
chr15	65365146	rs678113
chr15	65367620	rs602192
chr15	65374321	rs6494518
chr15	65374799	rs9920442
chr15	65375386	rs666623
chr15	65375757	rs6494519
chr15	65376966	rs7182756
chr15	65379792	rs7167839
chr15	65381839	rs2280345
chr15	65384279	rs2292933
chr15	65389463	rs11071841
chr15	65392195	rs2277582
chr15	65396929	rs12442757
chr15	65397404	rs12441796
chr15	65401218	rs668278
chr15	65402945	rs588842
chr15	65403605	rs736923
chr15	65403645	rs591980
chr15	65405269	rs593647
chr15	65408107	rs3928450
chr15	65409977	rs612401
chr15	65414231	rs7171289
chr15	65422408	rs2289045
chr15	65426659	rs652931
chr15	65433309	rs599120
chr15	65436109	rs644064
chr15	65437071	rs600193
chr15	65439402	rs688223
chr15	65439718	rs892650
chr15	65443369	rs590958
chr15	65445608	rs11455
chr15	65447345	rs7163482
chr15	65452257	rs7180725
chr15	65463635	rs12595213
chr15	65463734	rs3825891
chr15	65466105	rs920000
chr15	65468778	rs7174627
chr15	65480360	rs352461
chr15	65483773	rs352456
chr15	65484867	rs352457
chr15	65487445	rs409987
chr15	65490679	rs1865421
chr15	65497720	rs3759852
chr15	65499241	rs1699937
chr15	65500501	rs11071846
chr15	65502933	rs4338743
chr15	65507872	rs352480
chr15	65508518	rs3784448
chr15	65511090	rs352479
chr15	65511875	rs352478
chr15	65512648	rs9635366
chr15	65513051	rs352476
chr15	65513753	rs352472
chr15	65518075	rs398157
chr15	65519740	rs1369158
chr15	65520233	rs8027241
chr15	65521426	rs429657
chr15	65530196	rs430515
chr15	65533136	rs352488
chr15	65536003	rs352483
chr15	65538180	rs2456015
chr15	65542649	rs6494524
chr15	65547744	rs2456009
chr15	65549165	rs352453
chr15	65555584	rs919999
chr15	65559133	rs10519294
chr15	65571579	rs2279854
chr15	65574437	rs8025961
chr15	65574706	rs8026786
chr15	65577792	rs11539010
chr15	65579040	rs3743168
chr15	65579101	rs3743169
chr15	65579360	rs11484
chr15	65580322	rs11635626
chr15	65584631	rs2292114
chr15	65586294	rs4468556
chr15	65592550	rs12906196
chr15	65596354	rs7170081
chr15	65596912	rs17809330
chr15	65603997	rs11629787
chr15	65607082	rs16948873
chr15	65610584	rs6494529
chr15	65611060	rs4366668
chr15	65614129	rs28661781
chr15	65619800	rs8023536
chr15	65622420	rs870022
chr15	65625017	rs35571449
chr15	65632972	rs8027633
chr15	65638545	rs16948889
chr15	65647893	rs2414882
chr15	65651555	rs16948916
chr15	65652210	rs8035639
chr15	65659696	rs8031179
chr15	65662834	rs8027260
chr15	65666604	rs8030562
chr15	65669644	rs8036784
chr15	65672141	rs7167657
chr15	65682598	rs7181632
chr15	65683460	rs6494532
chr15	65687454	rs12914495
chr15	65687669	rs8028238
chr15	65688702	rs1435125
chr15	65697021	rs11071848
chr15	65698258	rs7175692
chr15	65699274	rs16948950
chr15	65700042	rs4351999
chr15	65702395	rs17810074
chr15	65706364	rs7176565
chr15	65710592	rs11636247
chr15	65715066	rs12161932
chr15	65716981	rs7162611
chr15	65718041	rs2060454
chr15	65719292	rs2060455
chr15	65723838	rs934542
chr15	65731461	rs28556680
chr15	65732937	rs1435126
chr15	65735787	rs11635088
chr15	65738462	rs7167740
chr15	65742286	rs2414885
chr15	65743441	rs4539547
chr15	65747488	rs7181333
chr15	65747692	rs7180542
chr15	65753773	rs8182006
chr15	65758961	rs12899850
chr15	65759007	rs6494537
chr15	65762468	rs7162974
chr15	65762877	rs9920201
chr15	65768419	rs12905244
chr15	65769889	rs2572217
chr15	65769906	rs2727098
chr15	65771090	rs2727099
chr15	65771222	rs721151
chr15	65771845	rs2727102
chr15	65772083	rs17816071
chr15	65773687	rs2033611
chr15	65778355	rs2572207
chr15	65780499	rs16949015
chr15	65780666	rs2572208
chr15	65780955	rs2572209
chr15	65783534	rs2414884
chr15	65785731	rs8035725
chr15	65788377	rs12898708
chr15	65788973	rs2727082
chr15	65794605	rs2572205
chr15	65805040	rs7183915
chr15	65805373	rs8027781
chr15	65821326	rs2727087
chr15	65822517	rs2727089
chr15	65822724	rs2660632
chr15	65824996	rs2899713
chr15	65826121	rs11071851
chr15	65829252	rs10851750
chr15	65832994	rs9806220
chr15	65844346	rs11634367
chr15	65849503	rs11071852
chr15	65849659	rs12593305
chr15	65853944	rs4254275
chr15	65866889	rs12594238
chr15	65875867	rs2414891
chr15	65876196	rs12904203
chr15	65878188	rs4530073
chr15	65878288	rs4514623
chr15	65878944	rs2660622
chr15	65881503	rs12594629
chr15	65891113	rs1469184
chr15	65900226	rs11637538
chr15	65901066	rs1063697
chr15	65907157	rs16949087
chr15	65908637	rs16949088
chr15	65909526	rs11071853
chr15	65913160	rs16949091
chr15	65913256	rs333542
chr15	65913866	rs3803414
chr15	65920575	rs11629997
chr15	65921360	rs16949100
chr15	65921585	rs2113688
chr15	65922447	rs11637551
chr15	65922800	rs11637615
chr15	65923536	rs17238403
chr15	65931012	rs11631506
chr15	65933375	rs11635501
chr15	65937075	rs11630015
chr15	65939083	rs10519311
chr15	65940572	rs10400879
chr15	65944204	rs16949128
chr15	65952296	rs8032767
chr15	65953159	rs333548
chr15	65956764	rs2113689
chr15	65960779	rs12592034
chr15	65961395	rs333567
chr15	65965070	rs333550
chr15	65966770	rs2113690
chr15	65967471	rs333554
chr15	65968142	rs11855269
chr15	65969392	rs7168215
chr15	65971036	rs333557
chr15	65971762	rs333559
chr15	65971824	rs333560
chr15	65971869	rs333562
chr15	65973778	rs333564
chr15	65974769	rs2552183
chr15	65977362	rs693217
chr15	65978023	rs425829
chr15	65979704	rs11854757
chr15	65980071	rs402139
chr15	65983613	rs11071854
chr15	65985483	rs17239768
chr15	65988647	rs333572
chr15	65991362	rs16949216
chr15	65992631	rs16949217
chr15	65998930	rs333547
chr15	66002357	rs333544
chr15	66007006	rs2253733
chr15	66007122	rs2552176
chr15	66010803	rs425030
chr15	66011146	rs3931067
chr15	66012578	rs441949
chr15	66016786	rs12592821
chr15	66027069	rs12911707
chr15	66031874	rs333585
chr15	66036143	rs189155
chr15	66040762	rs170781
chr15	66043499	rs471751
chr15	66047062	rs333603
chr15	66049587	rs333608
chr15	66051034	rs5016832
chr15	66056051	rs12148233
chr15	66056645	rs17240756
chr15	66057426	rs12594476
chr15	66060316	rs16949369
chr15	66061590	rs4371110
chr15	66062712	rs7179823
chr15	66066136	rs8036078
chr15	66067148	rs9783681
chr15	66067372	rs11633172
chr15	66075238	rs1550030
chr15	66076165	rs11634825
chr15	66076948	rs9788677
chr15	66079512	rs8034323
chr15	66080139	rs8035662
chr15	66080574	rs11634212
chr15	66082927	rs4776278
chr15	66084764	rs6494548
chr15	66089094	rs4601990
chr15	66089747	rs11639467
chr15	66090669	rs8026825
chr15	66092016	rs16949434
chr15	66093879	rs12900856
chr15	66094515	rs7168565
chr15	66096818	rs11071858
chr15	66097661	rs16949459
chr15	66099480	rs8028460
chr15	66101268	rs7174069
chr15	66103189	rs973519
chr15	66104216	rs1034505
chr15	66104684	rs6494552
chr15	66105683	rs8041596
chr15	66106859	rs4776729
chr15	66109072	rs4776280
chr15	66114734	rs998521
chr15	66118930	rs12905607
chr15	66119892	rs4776735
chr15	66120942	rs2126698
chr15	66125467	rs17241901
chr15	66125506	rs17241929
chr15	66126000	rs899086
chr15	66127676	rs16949541
chr15	66127898	rs8039023
chr15	66131871	rs4776739
chr15	66134940	rs4776743
chr15	66136486	rs17254697
chr15	66140015	rs7165661
chr15	66140462	rs4776281
chr15	66140611	rs10518678
chr15	66140858	rs997204
chr15	66142952	rs8023772
chr15	66146213	rs12593454
chr15	66148509	rs12441502
chr15	66148937	rs16949565
chr15	66151494	rs11071861
chr15	66152081	rs1551862
chr15	66153122	rs12594603
chr15	66154577	rs1477800
chr15	66155787	rs12903880
chr15	66156559	rs4776284
chr15	66157026	rs11632456
chr15	66157118	rs11632584
chr15	66159027	rs17255033
chr15	66159461	rs4776752
chr15	66159908	rs1477798
chr15	66160509	rs7163737
chr15	66163910	rs899084
chr15	66164432	rs11635982
chr15	66169541	rs4776756
chr15	66171370	rs7176702
chr15	66171964	rs12914469
chr15	66174098	rs8029386
chr15	66177419	rs2219738
chr15	66178429	rs7165252
chr15	66178841	rs1871001
chr15	66178857	rs2414893
chr15	66179752	rs899080
chr15	66180804	rs16949618
chr15	66181135	rs12593182
chr15	66181706	rs4776758
chr15	66183864	rs11071868
chr15	66186642	rs16949633
chr15	66186719	rs1351031
chr15	66186914	rs1351030
chr15	66187878	rs899079
chr15	66189011	rs7175296
chr15	66189168	rs8034534
chr15	66189498	rs11634258
chr15	66191040	rs7164231
chr15	66193278	rs4776286
chr15	66194884	rs12904629
chr15	66195950	rs4238403
chr15	66195973	rs4238404
chr15	66196649	rs16949647
chr15	66197200	rs4776759
chr15	66197343	rs11071869
chr15	66198425	rs7181467
chr15	66199623	rs4776290
chr15	66200281	rs8027991
chr15	66200726	rs4776763
chr15	66200972	rs1026673
chr15	66201347	rs1026670
chr15	66201436	rs6494556
chr15	66203052	rs16949673
chr15	66203488	rs11071870
chr15	66203698	rs16949681
chr15	66203756	rs11631308
chr15	66203916	rs11636685
chr15	66206071	rs11634401
chr15	66206524	rs2086036
chr15	66207548	rs11639401
chr15	66210277	rs12592540
chr15	66211819	rs16949697
chr15	66211886	rs11635207
chr15	66212938	rs1466434
chr15	66213842	rs12324766
chr15	66214005	rs16949699
chr15	66214360	rs1003990
chr15	66218280	rs8039102
chr15	66221475	rs4776292
chr15	66222748	rs11636331
chr15	66223843	rs4550404
chr15	66227169	rs7170773
chr15	66228593	rs6494558
chr15	66230020	rs12915138
chr15	66230812	rs12900781
chr15	66230846	rs10518680
chr15	66231264	rs11630348
chr15	66232095	rs11631757
chr15	66233833	rs7181124
chr15	66233917	rs7181304
chr15	66234345	rs7164024
chr15	66235192	rs1531497
chr15	66236963	rs1513933
chr15	66237929	rs4776771
chr15	66237936	rs4776293
chr15	66238394	rs16949724
chr15	66238873	rs12916788
chr15	66239026	rs8039508
chr15	66239235	rs8039721
chr15	66239865	rs12324509
chr15	66240598	rs12050792
chr15	66241842	rs12913724
chr15	66244907	rs1399013
chr15	66245659	rs7178788
chr15	66255069	rs1871005
chr15	66256140	rs16949740
chr15	66260310	rs11071877
chr15	66261311	rs1355857
chr15	66261421	rs16949764
chr15	66262148	rs16949774
chr15	66263816	rs8040520
chr15	66264939	rs6494560
chr15	66271776	rs1018284
chr15	66272108	rs2414899
chr15	66276362	rs11635096
chr15	66280354	rs4776774
chr15	66284705	rs17198181
chr15	66287947	rs16949778
chr15	66288176	rs7176986
chr15	66288515	rs7170930
chr15	66289061	rs7171902
chr15	66294849	rs2271531
chr15	66298393	rs12914520
chr15	66298441	rs12914540
chr15	66298885	rs12915164
chr15	66300419	rs8029119
chr15	66301610	rs16949793
chr15	66302753	rs4776776
chr15	66303147	rs4300590
chr15	66303437	rs1546570
chr15	66308291	rs6494562
chr15	66315852	rs873165
chr15	66320480	rs750295
chr15	66320627	rs17851970
chr15	66326004	rs3803412
chr15	66327267	rs34371485
chr15	66328633	rs11632094
chr15	66329008	rs17258507
chr15	66332823	rs11071885
chr15	66333132	rs3759785
chr15	66334253	rs12916105
chr15	66335339	rs28593577
chr15	66337065	rs3759786
chr15	66342821	rs16949821
chr15	66343331	rs4776779
chr15	66353753	rs8031897
chr15	66354175	rs9806474
chr15	66364710	rs12101389
chr15	66369769	rs4776783
chr15	66370021	rs17258785
chr15	66370358	rs8027432
chr15	66374191	rs1978698
chr15	66382142	rs12917380
chr15	66386581	rs11071888
chr15	66388689	rs907893
chr15	66390613	rs12899337
chr15	66392052	rs7166547
chr15	66394432	rs16953563
chr15	66402093	rs16949879
chr15	66404397	rs1549854
chr15	66414167	rs12909274
chr15	66414366	rs9745005
chr15	66417938	rs10468036
chr15	66418556	rs4489951
chr15	66426844	rs1432443
chr15	66426931	rs1432442
chr15	66426943	rs1432441
chr15	66428388	rs11856814
chr15	66433007	rs11632225
chr15	66434031	rs1347069
chr15	66447332	rs17201047
chr15	66452799	rs11630608
chr15	66458277	rs12050732
chr15	66458313	rs12050736
chr15	66458914	rs28620576
chr15	66469947	rs7182853
chr15	66476846	rs4075665
chr15	66479669	rs4255740
chr15	66481395	rs11071894
chr15	66482221	rs11634062
chr15	66484102	rs12594592
chr15	66485007	rs17586159
chr15	66486279	rs12899170
chr15	66490923	rs14303
chr15	66493073	rs12594835
chr15	66498261	rs12908034
chr15	66498423	rs12910822
chr15	66501142	rs11071895
chr15	66501699	rs10851759
chr15	66505154	rs3087660
chr15	66514179	rs4420479
chr15	66519870	rs8025898
chr15	66525207	rs12911848
chr15	66525707	rs12916494
chr15	66528912	rs11071896
chr15	66533256	rs12592213
chr15	66533351	rs12595176
chr15	66537058	rs12439324
chr15	66541333	rs11853245
chr15	66547056	rs35414043
chr15	66548647	rs11858742
chr15	66548695	rs11071898
chr15	66549487	rs12901894
chr15	66552828	rs11071899
chr15	66557866	rs16953566
chr15	66558024	rs1030986
chr15	66559727	rs12442231
chr15	66560254	rs11857642
chr15	66565001	rs4776791
chr15	66568183	rs11636566
chr15	66574623	rs6494583
chr15	66575209	rs8027997
chr15	66577943	rs12911135
chr15	66577979	rs2119264
chr15	66578630	rs2414908
chr15	66578876	rs997116
chr15	66578996	rs6494584
chr15	66579928	rs4776794
chr15	66580276	rs7165083
chr15	66580670	rs11637233
chr15	66580740	rs7170849
chr15	66581286	rs17202117
chr15	66582532	rs8042305
chr15	66583066	rs4776797
chr15	66583499	rs2439367
chr15	66584337	rs2439364
chr15	66584410	rs2469126
chr15	66586562	rs2245586
chr15	66587759	rs2469094
chr15	66590589	rs12148838
chr15	66592611	rs10152484
chr15	66592637	rs4776304
chr15	66592649	rs4776305
chr15	66593677	rs2439360
chr15	66593953	rs2469091
chr15	66595385	rs2439359
chr15	66596066	rs2439358
chr15	66597794	rs4570780
chr15	66597983	rs2439354
chr15	66598197	rs8038602
chr15	66598750	rs12439212
chr15	66599485	rs12148443
chr15	66600154	rs1971140
chr15	66602953	rs12595240
chr15	66607463	rs2469084
chr15	66608608	rs2439350
chr15	66611228	rs2439349
chr15	66615053	rs16950068
chr15	66615205	rs1866750
chr15	66618960	rs10400903
chr15	66623227	rs2469099
chr15	66625134	rs4776803
chr15	66625506	rs2439430
chr15	66628223	rs7170706
chr15	66629304	rs17202902
chr15	66630608	rs2469096
chr15	66632463	rs4351998
chr15	66632511	rs7166529
chr15	66634790	rs958006
chr15	66635560	rs8024414
chr15	66635903	rs12902785
chr15	66636131	rs893912
chr15	66636150	rs893911
chr15	66636172	rs893910
chr15	66638524	rs11071904
chr15	66638723	rs11071905
chr15	66638773	rs12050816
chr15	66641122	rs1440376
chr15	66641465	rs7166977
chr15	66641570	rs9888681
chr15	66644314	rs7163801
chr15	66644570	rs7163909
chr15	66645786	rs6494590
chr15	66646327	rs7176228
chr15	66647190	rs11638893
chr15	66648746	rs1440371
chr15	66649815	rs4776811
chr15	66650476	rs10851762
chr15	66651471	rs2439383
chr15	66654192	rs7166128
chr15	66654488	rs2439378
chr15	66654600	rs7171416
chr15	66659310	rs2469136
chr15	66661267	rs2469109
chr15	66666474	rs4325502
chr15	66668114	rs4776819
chr15	66669147	rs4776308
chr15	66670445	rs4776311
chr15	66671961	rs11071911
chr15	66672587	rs4776313
chr15	66674210	rs8040591
chr15	66675060	rs2469141
chr15	66676455	rs2439368
chr15	66677933	rs8042883
chr15	66679451	rs2439416
chr15	66680381	rs1822066
chr15	66680537	rs1371781
chr15	66684585	rs8031639
chr15	66685466	rs2439422
chr15	66686473	rs12437697
chr15	66686847	rs2469073
chr15	66687647	rs10438350
chr15	66688991	rs7359178
chr15	66689102	rs7359179
chr15	66691644	rs2439411
chr15	66692582	rs2469076
chr15	66697177	rs11857194
chr15	66697821	rs7497064
chr15	66697894	rs2053424
chr15	66699327	rs12594923
chr15	66701900	rs2278601
chr15	66702737	rs34643453
chr15	66704749	rs17264185
chr15	66706272	rs2469151
chr15	66707490	rs3809569
chr15	66708989	rs12915166
chr15	66709341	rs16950159
chr15	66709372	rs7183873
chr15	66711996	rs2278602
chr15	66712200	rs2469150
chr15	66712308	rs2469149
chr15	66716370	rs2278603
chr15	66716399	rs2278604
chr15	66717738	rs12907408
chr15	66719642	rs2119261
chr15	66721457	rs2439398
chr15	66721483	rs2439397
chr15	66721829	rs2439396
chr15	66722404	rs893902
chr15	66722654	rs2469118
chr15	66723322	rs16953584
chr15	66726736	rs2469095
chr15	66729270	rs8024238
chr15	66733879	rs2053423
chr15	66734228	rs2469148
chr15	66736969	rs11636413
chr15	66737693	rs11630260
chr15	66737828	rs2469127
chr15	66738528	rs2469112
chr15	66740813	rs1440372
chr15	66741083	rs7182227
chr15	66743724	rs1440374
chr15	66744103	rs7179372
chr15	66744644	rs7161970
chr15	66746574	rs10775189
chr15	66747821	rs16950189
chr15	66749027	rs12913356
chr15	66750869	rs8028202
chr15	66754112	rs12902353
chr15	66756020	rs2414912
chr15	66757169	rs1440375
chr15	66760485	rs16950202
chr15	66761735	rs7180265
chr15	66761876	rs4776830
chr15	66762223	rs4776831
chr15	66762623	rs4357883
chr15	66764233	rs7173030
chr15	66764722	rs16950210
chr15	66764823	rs12913975
chr15	66766921	rs4390543
chr15	66768518	rs12906270
chr15	66769097	rs3934907
chr15	66770989	rs12898426
chr15	66771492	rs4454916
chr15	66774225	rs11858577
chr15	66782577	rs4776832
chr15	66785781	rs9806587
chr15	66786146	rs9806624
chr15	66787513	rs4467028
chr15	66789505	rs11636179
chr15	66791903	rs4075546
chr15	66792347	rs8025869
chr15	66797593	rs12441020
chr15	66797940	rs11071917
chr15	66798532	rs10775191
chr15	66799205	rs8030658
chr15	66799597	rs7496718
chr15	66799651	rs7496700
chr15	66799992	rs11071920
chr15	66801293	rs4381541
chr15	66803291	rs8037071
chr15	66803532	rs17206172
chr15	66804320	rs7183242
chr15	66805522	rs12906576
chr15	66808513	rs8037105
chr15	66809003	rs4561408
chr15	66809761	rs6494603
chr15	66809801	rs2141957
chr15	66810396	rs2414916
chr15	66818958	rs12595096
chr15	66819042	rs17272228
chr15	66819377	rs17206452
chr15	66820469	rs8025327
chr15	66821287	rs7495343
chr15	66821733	rs2414922
chr15	66826022	rs2091822
chr15	66828233	rs4776323
chr15	66833039	rs8025612
chr15	66837648	rs2414925
chr15	66840974	rs12440274
chr15	66843527	rs6416478
chr15	66843706	rs4293326
chr15	66845900	rs1987318
chr15	66851514	rs6494611
chr15	66854565	rs7168649
chr15	66857846	rs7165780
chr15	66858751	rs7183066
chr15	66858994	rs4776838
chr15	66859040	rs4776327
chr15	66859564	rs7495344
chr15	66859671	rs7495307
chr15	66859805	rs7495569
chr15	66861215	rs10162949
chr15	66861846	rs16950284
chr15	66862731	rs4589502
chr15	66862883	rs7495093
chr15	66866830	rs9652479
chr15	66869184	rs4776329
chr15	66869381	rs3079
chr15	66876058	rs7167328
chr15	66881404	rs11637156
chr15	66882269	rs4776846
chr15	66884646	rs7167149
chr15	66888261	rs2447300
chr15	66888518	rs12917168
chr15	66900378	rs2708286
chr15	66900837	rs3101487
chr15	66900942	rs3865016
chr15	66901638	rs3852629
chr15	66904902	rs2169460
chr15	66906490	rs1973147
chr15	66907614	rs44196
chr15	66907746	rs7179173
chr15	66908692	rs266330
chr15	66909456	rs2035150
chr15	66910282	rs1498499
chr15	66912645	rs266327
chr15	66914845	rs266325
chr15	66915225	rs924311
chr15	66916510	rs8039656
chr15	66920893	rs2017281
chr15	66920934	rs266280
chr15	66921770	rs898889
chr15	66922532	rs733664
chr15	66924489	rs266357
chr15	66924809	rs266359
chr15	66925409	rs17208578
chr15	66926607	rs1965269
chr15	66926967	rs1964535
chr15	66927392	rs16950354
chr15	66927611	rs11632271
chr15	66927861	rs266363
chr15	66929195	rs266366
chr15	66930393	rs391971
chr15	66932147	rs266368
chr15	66933647	rs266371
chr15	66934120	rs266372
chr15	66934851	rs16950368
chr15	66934873	rs266374
chr15	66936021	rs17274866
chr15	66937298	rs266377
chr15	66938241	rs8182030
chr15	66938843	rs7163945
chr15	66939451	rs266379
chr15	66941008	rs17209331
chr15	66941309	rs7181907
chr15	66942002	rs7183187
chr15	66943444	rs8032542
chr15	66946947	rs266387
chr15	66947028	rs266388
chr15	66947469	rs7175102
chr15	66947612	rs8035972
chr15	66948533	rs7170713
chr15	66949315	rs266300
chr15	66949425	rs266299
chr15	66951436	rs7167217
chr15	66953469	rs7179528
chr15	66954298	rs11855555
chr15	66955216	rs266293
chr15	66955340	rs7169592
chr15	66955464	rs7169633
chr15	66955609	rs7170443
chr15	66956015	rs12908113
chr15	66956597	rs3803519
chr15	66956959	rs2899721
chr15	66959310	rs383880
chr15	66959356	rs11855908
chr15	66960106	rs12438061
chr15	66960347	rs365540
chr15	66961485	rs10518702
chr15	66962317	rs445596
chr15	66963689	rs412689
chr15	66963703	rs412705
chr15	66963998	rs371302
chr15	66964536	rs371966
chr15	66964641	rs372334
chr15	66965454	rs427422
chr15	66966357	rs615404
chr15	66967561	rs7169032
chr15	66968834	rs11071927
chr15	66969175	rs1675996
chr15	66975865	rs12101383
chr15	66976945	rs4776862
chr15	66977109	rs266312
chr15	66980609	rs11852468
chr15	66981544	rs4776863
chr15	66983907	rs406365
chr15	66985175	rs10851768
chr15	66995092	rs266274
chr15	66996900	rs2615181
chr15	66997050	rs2615180
chr15	66997723	rs2615194
chr15	66998944	rs12901555
chr15	67000402	rs2974282
chr15	67000993	rs2133241
chr15	67003749	rs446304
chr15	67004300	rs403844
chr15	67005801	rs12900849
chr15	67006311	rs12902036
chr15	67006856	rs12906930
chr15	67007183	rs397120
chr15	67007235	rs12907457
chr15	67008583	rs427259
chr15	67009113	rs426612
chr15	67009300	rs374012
chr15	67009349	rs4776870
chr15	67010301	rs2615192
chr15	67010465	rs12899214
chr15	67010496	rs12899234
chr15	67011622	rs454434
chr15	67011649	rs12904969
chr15	67016934	rs8036667
chr15	67019078	rs4776871
chr15	67019996	rs266304
chr15	67020033	rs266305
chr15	67020117	rs16950516
chr15	67024267	rs8038877
chr15	67029048	rs7178347
chr15	67029730	rs4776873
chr15	67029760	rs4776874
chr15	67029967	rs266336
chr15	67030906	rs898888
chr15	67032049	rs7173609
chr15	67032468	rs266338
chr15	67033802	rs266339
chr15	67036079	rs7176445
chr15	67037525	rs266346
chr15	67038339	rs4776335
chr15	67038668	rs6494623
chr15	67038973	rs266347
chr15	67039045	rs8023420
chr15	67045552	rs6494625
chr15	67046576	rs6494627
chr15	67049139	rs12907183
chr15	67049472	rs12911494
chr15	67050413	rs266332
chr15	67050743	rs16950543
chr15	67051049	rs17212752
chr15	67052394	rs266335
chr15	67055348	rs422342
chr15	67064436	rs3809572
chr15	67067545	rs4776338
chr15	67068970	rs7162912
chr15	67069436	rs12904944
chr15	67070945	rs10518705
chr15	67071235	rs11632964
chr15	67073284	rs10518707
chr15	67078051	rs12901071
chr15	67078107	rs12901499
chr15	67081773	rs6494629
chr15	67082011	rs12903831
chr15	67086884	rs12911469
chr15	67087642	rs11631785
chr15	67087808	rs11631839
chr15	67088271	rs12907997
chr15	67089220	rs4776886
chr15	67089713	rs11634686
chr15	67090949	rs12904824
chr15	67091812	rs4776339
chr15	67096823	rs7181878
chr15	67099401	rs2053295
chr15	67100318	rs1530061
chr15	67100707	rs4776890
chr15	67101681	rs17213990
chr15	67102046	rs12916733
chr15	67106746	rs2053294
chr15	67108152	rs2118612
chr15	67109128	rs2118611
chr15	67109250	rs10851772
chr15	67115561	rs1438386
chr15	67119711	rs11637581
chr15	67120258	rs718663
chr15	67121226	rs7180412
chr15	67121499	rs7359174
chr15	67121717	rs7163381
chr15	67122087	rs920293
chr15	67125867	rs16950635
chr15	67127344	rs7178291
chr15	67127649	rs11071938
chr15	67130968	rs6494633
chr15	67132695	rs12102171
chr15	67135676	rs4147358
chr15	67135996	rs2118610
chr15	67138214	rs12914140
chr15	67139823	rs10518714
chr15	67140177	rs12438366
chr15	67142010	rs12915039
chr15	67142737	rs745103
chr15	67145525	rs17293443
chr15	67145753	rs893473
chr15	67146225	rs17227716
chr15	67146248	rs750766
chr15	67146869	rs2289263
chr15	67150048	rs11637659
chr15	67150258	rs17293632
chr15	67154447	rs744910
chr15	67155557	rs12441344
chr15	67157322	rs2033784
chr15	67158136	rs4776900
chr15	67159616	rs4601989
chr15	67161551	rs16950679
chr15	67164997	rs1065080
chr15	67165512	rs2289259
chr15	67166301	rs17228212
chr15	67166592	rs7179840
chr15	67166675	rs7179893
chr15	67168419	rs11639295
chr15	67168973	rs7183244
chr15	67171053	rs11071939
chr15	67171675	rs16950687
chr15	67173025	rs4776344
chr15	67174541	rs2278545
chr15	67175169	rs12913547
chr15	67175203	rs12708492
chr15	67175947	rs17294280
chr15	67177230	rs1470002
chr15	67184430	rs7181556
chr15	67186713	rs7173811
chr15	67188910	rs3825977
chr15	67190030	rs11629568
chr15	67190938	rs8025774
chr15	67191641	rs8031440
chr15	67191781	rs8031627
chr15	67192818	rs12595334
chr15	67193329	rs3743342
chr15	67194045	rs11556090
chr15	67194252	rs12900401
chr15	67194437	rs3743343
chr15	67194509	rs1052488
chr15	67199963	rs7166081
chr15	67201388	rs12476
chr15	67201966	rs8991
chr15	67202156	rs1050285
chr15	67208695	rs2289262
chr15	67212728	rs7169664
chr15	67224003	rs9806590
chr15	67226702	rs8031500
chr15	67232612	rs1822829
chr15	67236036	rs7173826
chr15	67238061	rs6494639
chr15	67241206	rs1992216
chr15	67242853	rs13313480
chr15	67243658	rs11071943
chr15	67244872	rs12910062
chr15	67247579	rs6494640
chr15	67247749	rs4776908
chr15	67253983	rs12911370
chr15	67254963	rs3743347
chr15	67257512	rs7176940
chr15	67259726	rs8038652
chr15	67262141	rs16950804
chr15	67263620	rs12443472
chr15	67264287	rs8042237
chr15	67264781	rs12438251
chr15	67265335	rs8032868
chr15	67275230	rs2414945
chr15	67283207	rs8029582
chr15	67289679	rs8038097
chr15	67293123	rs1037039
chr15	67295030	rs11636197
chr15	67297231	rs9920957
chr15	67304477	rs10438290
chr15	67305681	rs8038883
chr15	67308006	rs4776917
chr15	67308616	rs2044329
chr15	67310676	rs8038166
chr15	67312152	rs4776918
chr15	67312728	rs4776919
chr15	67315562	rs11635391
chr15	67316778	rs4776920
chr15	67318728	rs17526859
chr15	67318880	rs7163460
chr15	67319394	rs7170004
chr15	67319724	rs9806377
chr15	67321156	rs7177772
chr15	67321754	rs7183186
chr15	67323615	rs8032438
chr15	67325063	rs7178975
chr15	67330799	rs4374116
chr15	67336837	rs956129
chr15	67342524	rs4432221
chr15	67343211	rs1444936
chr15	67349007	rs11071949
chr15	67349216	rs8025186
chr15	67354880	rs10152973
chr15	67356317	rs8029963
chr15	67357817	rs16950870
chr15	67360638	rs8042007
chr15	67361426	rs4536412
chr15	67362031	rs4496076
chr15	67365943	rs4776354
chr15	67366040	rs4776923
chr15	67367796	rs4625676
chr15	67369287	rs7178870
chr15	67370762	rs41357746
chr15	67370868	rs41370046
chr15	67370946	rs8028934
chr15	67381230	rs12164949
chr15	67388618	rs3825979
chr15	67389569	rs6494654
chr15	67399111	rs4776926
chr15	67402428	rs11071951
chr15	67409157	rs2286664
chr15	67420492	rs3809573
chr15	67421718	rs3743352
chr15	67422325	rs6494657
chr15	67422935	rs12148153
chr15	67423138	rs12148151
chr15	67424159	rs4776359
chr15	67427355	rs17298032
chr15	67428517	rs4423371
chr15	67443685	rs2899723
chr15	67455633	rs2414947
chr15	67455858	rs2414948
chr15	67461354	rs8025163
chr15	67461629	rs7165905
chr15	67464234	rs8038138
chr15	67464561	rs6494659
chr15	67468140	rs2414959
chr15	67468470	rs2899724
chr15	67469524	rs16950932
chr15	67469718	rs4776361
chr15	67472722	rs12914795
chr15	67474026	rs12591605
chr15	67475904	rs3865017
chr15	67477968	rs8026627
chr15	67481695	rs7179376
chr15	67487645	rs7172882
chr15	67492149	rs16950940
chr15	67492695	rs4776938
chr15	67493042	rs4776939
chr15	67494726	rs4278695
chr15	67495766	rs8028320
chr15	67495931	rs6494665
chr15	67502243	rs16950946
chr15	67506792	rs11639472
chr15	67511204	rs8034239
chr15	67513303	rs884326
chr15	67513989	rs8030906
chr15	67517030	rs8027772
chr15	67517157	rs8028300
chr15	67517325	rs12905319
chr15	67526777	rs8027115
chr15	67528243	rs12437625
chr15	67534166	rs7176278
chr15	67543032	rs3743353
chr15	67543731	rs4776943
chr15	67545070	rs2583587
chr15	67553592	rs12905371
chr15	67560067	rs11632574
chr15	67560307	rs11632776
chr15	67561903	rs16951001
chr15	67567263	rs16951002
chr15	67568249	rs12441715
chr15	67570774	rs16951006
chr15	67571525	rs16951010
chr15	67580645	rs7172298
chr15	67581707	rs11638507
chr15	67583424	rs17241403
chr15	67587332	rs2589977
chr15	67589693	rs4776366
chr15	67594013	rs10851775
chr15	67600428	rs3865018
chr15	67600454	rs17241808
chr15	67608130	rs1878700
chr15	67608545	rs1878699
chr15	67609194	rs12593494
chr15	67613568	rs11631249
chr15	67614616	rs2899726
chr15	67616602	rs16951085
chr15	67616941	rs12902812
chr15	67617135	rs9672402
chr15	67622260	rs2414970
chr15	67625508	rs4776952
chr15	67628836	rs8025889
chr15	67633114	rs12905544
chr15	67639305	rs11632827
chr15	67641829	rs11631474
chr15	67642116	rs7169086
chr15	67647274	rs11638739
chr15	67653909	rs6494678
chr15	67658812	rs12438118
chr15	67660053	rs7170841
chr15	67660584	rs938875
chr15	67667126	rs8032675
chr15	67668185	rs4776373
chr15	67673356	rs16951105
chr15	67678042	rs4356423
chr15	67683261	rs8042567
chr15	67692367	rs4343227
chr15	67693173	rs2288098
chr15	67695463	rs4331293
chr15	67695795	rs3784692
chr15	67696337	rs4506840
chr15	67699268	rs11637445
chr15	67700245	rs4363822
chr15	67702511	rs11632828
chr15	67710264	rs3784695
chr15	67713941	rs12904982
chr15	67717237	rs6494691
chr15	67720065	rs4502166
chr15	67720741	rs17243334
chr15	67721912	rs10518738
chr15	67722633	rs10518739
chr15	67724005	rs997295
chr15	67725414	rs3784700
chr15	67725587	rs3784701
chr15	67726780	rs10518740
chr15	67736651	rs3784704
chr15	67736842	rs3784705
chr15	67737411	rs3784706
chr15	67741812	rs12905397
chr15	67744514	rs12593813
chr15	67745033	rs12050749
chr15	67745240	rs11635424
chr15	67747928	rs12592315
chr15	67748526	rs12592919
chr15	67754490	rs8030476
chr15	67756636	rs8042507
chr15	67758439	rs7183639
chr15	67762050	rs884202
chr15	67762658	rs868037
chr15	67766309	rs11071957
chr15	67766565	rs11071959
chr15	67767841	rs745212
chr15	67768214	rs4548812
chr15	67770637	rs10518744
chr15	67771907	rs16951256
chr15	67772302	rs10518745
chr15	67778281	rs4539549
chr15	67779737	rs4489954
chr15	67779937	rs3784709
chr15	67780043	rs17244601
chr15	67780189	rs3784711
chr15	67781630	rs4261477
chr15	67781746	rs4261478
chr15	67784195	rs12902904
chr15	67786080	rs4451902
chr15	67787223	rs12593698
chr15	67790478	rs2241420
chr15	67792112	rs3784716
chr15	67794500	rs2241423
chr15	67796566	rs12905175
chr15	67796961	rs1471460
chr15	67797280	rs16951304
chr15	67798085	rs11635396
chr15	67798362	rs11856999
chr15	67798486	rs2127162
chr15	67802747	rs1026732
chr15	67805842	rs3784719
chr15	67807262	rs2278076
chr15	67811294	rs16951319
chr15	67812918	rs7180312
chr15	67817136	rs4776981
chr15	67817569	rs28670272
chr15	67818410	rs922493
chr15	67819699	rs2127164
chr15	67819936	rs2061845
chr15	67820684	rs2127167
chr15	67821433	rs7171219
chr15	67822636	rs4776982
chr15	67829145	rs7183168
chr15	67831813	rs4776988
chr15	67834337	rs3803522
chr15	67838346	rs4776989
chr15	67841279	rs12917587
chr15	67842689	rs12907778
chr15	67845026	rs4776990
chr15	67845505	rs16951344
chr15	67845969	rs11071962
chr15	67847824	rs4776991
chr15	67849923	rs11629756
chr15	67852007	rs11637396
chr15	67856094	rs12592776
chr15	67856504	rs1000769
chr15	67859110	rs1001870
chr15	67859860	rs28573814
chr15	67861469	rs16951361
chr15	67863372	rs4776381
chr15	67863717	rs1982647
chr15	67865543	rs4306451
chr15	67869793	rs11637729
chr15	67871436	rs11071966
chr15	67874592	rs387325
chr15	67881583	rs338364
chr15	67882819	rs8037951
chr15	67887791	rs420812
chr15	67889196	rs1996120
chr15	67889240	rs1996121
chr15	67891327	rs7178461
chr15	67902697	rs8032153
chr15	67906185	rs450466
chr15	67906284	rs430610
chr15	67906403	rs8033140
chr15	67906573	rs448720
chr15	67912019	rs7172137
chr15	67912243	rs383144
chr15	67919653	rs2448136
chr15	67925224	rs338372
chr15	67925471	rs338373
chr15	67926584	rs11633495
chr15	67926636	rs16951479
chr15	67928740	rs396174
chr15	67930633	rs12907694
chr15	67930702	rs2448134
chr15	67937243	rs2006763
chr15	67940161	rs392285
chr15	67941531	rs1564277
chr15	67942480	rs11636387
chr15	67943948	rs44809
chr15	67944599	rs446582
chr15	67944709	rs419919
chr15	67944732	rs1708520
chr15	67946124	rs387505
chr15	67948487	rs6494705
chr15	67949308	rs12439223
chr15	67953150	rs8036635
chr15	67954970	rs12902929
chr15	67957414	rs434545
chr15	67957738	rs405934
chr15	67962203	rs16951524
chr15	67962938	rs338395
chr15	67967670	rs338389
chr15	67968644	rs338387
chr15	67972711	rs10851782
chr15	67978042	rs338344
chr15	67979714	rs338342
chr15	67981481	rs11636268
chr15	67984557	rs16951541
chr15	67988365	rs8037902
chr15	67993116	rs7182139
chr15	67996718	rs1913303
chr15	68001672	rs6494709
chr15	68002260	rs1532113
chr15	68009806	rs16951552
chr15	68011026	rs10220742
chr15	68011625	rs7495583
chr15	68015122	rs1387556
chr15	68020325	rs902117
chr15	68020833	rs17308514
chr15	68020994	rs11855801
chr15	68022581	rs4777016
chr15	68025069	rs17249287
chr15	68026786	rs7497037
chr15	68029669	rs16951597
chr15	68033600	rs12593922
chr15	68037106	rs11071975
chr15	68048055	rs11635759
chr15	68061106	rs11636657
chr15	68061238	rs12905500
chr15	68062176	rs12912372
chr15	68079425	rs11854599
chr15	68081689	rs6494711
chr15	68084788	rs1489595
chr15	68094185	rs8025474
chr15	68104034	rs4306484
chr15	68109244	rs8031079
chr15	68112024	rs11856619
chr15	68114949	rs7162430
chr15	68123405	rs17250217
chr15	68124237	rs11071981
chr15	68125134	rs12323992
chr15	68126341	rs11636747
chr15	68128568	rs2029423
chr15	68132784	rs8038202
chr15	68132927	rs8038236
chr15	68139521	rs7165825
chr15	68139802	rs7167918
chr15	68144237	rs7402649
chr15	68144764	rs8035890
chr15	68147690	rs4777022
chr15	68148128	rs17309974
chr15	68149147	rs8030302
chr15	68157413	rs12905763
chr15	68161614	rs4777023
chr15	68174755	rs10518758
chr15	68179553	rs10152713
chr15	68188549	rs1049493
chr15	68193759	rs7498094
chr15	68195354	rs10518759
chr15	68197472	rs2280217
chr15	68199690	rs11071986
chr15	68199924	rs11635988
chr15	68203416	rs11071987
chr15	68205259	rs11071990
chr15	68205714	rs11071991
chr15	68206983	rs8028241
chr15	68207450	rs8033190
chr15	68211624	rs8024979
chr15	68213829	rs8036931
chr15	68214934	rs10431808
chr15	68218432	rs8025947
chr15	68227476	rs17317291
chr15	68230512	rs8024471
chr15	68233194	rs883257
chr15	68234445	rs12904794
chr15	68235146	rs7166850
chr15	68238889	rs8040725
chr15	68246518	rs2169215
chr15	68248193	rs11629609
chr15	68250790	rs8038170
chr15	68253265	rs1554223
chr15	68255490	rs12902478
chr15	68255620	rs4777030
chr15	68267112	rs9972591
chr15	68268380	rs12101727
chr15	68269178	rs8041888
chr15	68274419	rs7172828
chr15	68274674	rs2280218
chr15	68277673	rs16951723
chr15	68278826	rs11630865
chr15	68279141	rs10152450
chr15	68288463	rs7172340
chr15	68288574	rs12909277
chr15	68289052	rs7174574
chr15	68292218	rs6494730
chr15	68296597	rs10444850
chr15	68302184	rs12148843
chr15	68302523	rs1122247
chr15	68303463	rs11631030
chr15	68304789	rs7174755
chr15	68308010	rs4777033
chr15	68312269	rs6494732
chr15	68312831	rs4777035
chr15	68313148	rs16951746
chr15	68313230	rs4777036
chr15	68313274	rs7168991
chr15	68313365	rs7174916
chr15	68314318	rs1125721
chr15	68317309	rs2271725
chr15	68318046	rs3784334
chr15	68320218	rs2271724
chr15	68321152	rs3736495
chr15	68321449	rs3736493
chr15	68321584	rs8041788
chr15	68321681	rs8043152
chr15	68322557	rs16951774
chr15	68323084	rs5016065
chr15	68323181	rs2414997
chr15	68323316	rs7171871
chr15	68323852	rs16951778
chr15	68324272	rs17318470
chr15	68326623	rs2271722
chr15	68328835	rs4777038
chr15	68329110	rs4777039
chr15	68329368	rs1533469
chr15	68330009	rs7179228
chr15	68330226	rs7179598
chr15	68331837	rs7167822
chr15	68331952	rs2292745
chr15	68332058	rs7168069
chr15	68332303	rs6494733
chr15	68332837	rs970264
chr15	68334204	rs964691
chr15	68335711	rs2306024
chr15	68335805	rs2306023
chr15	68335825	rs2306022
chr15	68336263	rs898586
chr15	68336298	rs12442156
chr15	68336375	rs7176011
chr15	68336402	rs7176339
chr15	68336661	rs898585
chr15	68337866	rs11632400
chr15	68338532	rs7179347
chr15	68339402	rs2125998
chr15	68340349	rs6494736
chr15	68341196	rs7169899
chr15	68341435	rs8035990
chr15	68343237	rs898582
chr15	68344460	rs3784344
chr15	68346154	rs3784346
chr15	68346269	rs7180218
chr15	68346868	rs748892
chr15	68347047	rs17266192
chr15	68348114	rs4776396
chr15	68348517	rs2306021
chr15	68349709	rs3784350
chr15	68349882	rs3784351
chr15	68357249	rs12907890
chr15	68358842	rs3816612
chr15	68361219	rs4776397
chr15	68363697	rs4776398
chr15	68363824	rs8040014
chr15	68364622	rs2306012
chr15	68365242	rs11072009
chr15	68367620	rs2415005
chr15	68367766	rs2415009
chr15	68368935	rs11072010
chr15	68369743	rs1460644
chr15	68370371	rs11853718
chr15	68370638	rs16951961
chr15	68370835	rs4776399
chr15	68370945	rs11072011
chr15	68370981	rs8030943
chr15	68373232	rs967565
chr15	68374984	rs11072013
chr15	68375098	rs11072014
chr15	68376676	rs10444851
chr15	68376901	rs1460645
chr15	68378131	rs11858758
chr15	68379591	rs6494740
chr15	68380005	rs7170403
chr15	68381497	rs11634499
chr15	68384389	rs4776403
chr15	68385178	rs4776404
chr15	68385238	rs4777048
chr15	68386842	rs1075991
chr15	68387662	rs4776405
chr15	68388051	rs11072016
chr15	68388272	rs1007617
chr15	68389970	rs11638575
chr15	68391236	rs7161791
chr15	68392631	rs7173365
chr15	68394513	rs2415003
chr15	68396058	rs1115528
chr15	68403010	rs11629460
chr15	68403109	rs4777049
chr15	68404754	rs11857615
chr15	68404849	rs8031936
chr15	68405458	rs12050670
chr15	68405799	rs9972560
chr15	68405853	rs11072020
chr15	68406464	rs7162189
chr15	68406824	rs11635082
chr15	68409312	rs17320635
chr15	68410929	rs7176145
chr15	68411762	rs898576
chr15	68413358	rs898577
chr15	68415084	rs7403417
chr15	68417245	rs7169854
chr15	68419131	rs8024010
chr15	68420477	rs4533222
chr15	68420726	rs898593
chr15	68421602	rs4408487
chr15	68422111	rs8041260
chr15	68422401	rs6494744
chr15	68423120	rs11635776
chr15	68423685	rs16952036
chr15	68424228	rs11637293
chr15	68424437	rs8036698
chr15	68425098	rs11072021
chr15	68425640	rs11629808
chr15	68425661	rs16952059
chr15	68426648	rs16952065
chr15	68427478	rs2414999
chr15	68431373	rs895135
chr15	68433058	rs1470415
chr15	68433820	rs12915814
chr15	68434355	rs8043066
chr15	68436021	rs12906388
chr15	68437892	rs920924
chr15	68439274	rs34702468
chr15	68439911	rs12593610
chr15	68440293	rs11855956
chr15	68441654	rs12442355
chr15	68442388	rs11638741
chr15	68442583	rs12915128
chr15	68442661	rs12915306
chr15	68442765	rs12324867
chr15	68443060	rs11858690
chr15	68443379	rs2899739
chr15	68443419	rs2899740
chr15	68445827	rs1445020
chr15	68448540	rs1838545
chr15	68451928	rs11629539
chr15	68457536	rs11072028
chr15	68460626	rs12917016
chr15	68461801	rs2415020
chr15	68463499	rs11858565
chr15	68464362	rs12900942
chr15	68466167	rs11072031
chr15	68467128	rs6494747
chr15	68467694	rs8040906
chr15	68468096	rs8041354
chr15	68469958	rs4587923
chr15	68471005	rs16952095
chr15	68471542	rs7172197
chr15	68472546	rs8038446
chr15	68472575	rs11858594
chr15	68472628	rs2166196
chr15	68473596	rs4468552
chr15	68473686	rs4470098
chr15	68473807	rs4470099
chr15	68474815	rs10438357
chr15	68476267	rs1960287
chr15	68477450	rs8026777
chr15	68480935	rs1001605
chr15	68482000	rs1838541
chr15	68486173	rs1445014
chr15	68487924	rs2018282
chr15	68488444	rs10518769
chr15	68489001	rs990751
chr15	68491463	rs7164513
chr15	68493946	rs920921
chr15	68496852	rs6494748
chr15	68513090	rs1373698
chr15	68521626	rs1838544
chr15	68522695	rs2007265
chr15	68524670	rs895127
chr15	68526230	rs1584135
chr15	68529021	rs2044343
chr15	68529908	rs12148755
chr15	68532642	rs6494750
chr15	68533336	rs11072033
chr15	68536147	rs10518771
chr15	68536733	rs7172657
chr15	68549450	rs895138
chr15	68550230	rs17342884
chr15	68554250	rs6494754
chr15	68555652	rs17270876
chr15	68558174	rs1985277
chr15	68560001	rs2120859
chr15	68560202	rs12912092
chr15	68560723	rs2017617
chr15	68567576	rs687209
chr15	68568428	rs7173622
chr15	68570334	rs622851
chr15	68571032	rs625961
chr15	68571744	rs11072035
chr15	68572156	rs12909046
chr15	68573951	rs2638049
chr15	68574169	rs4777070
chr15	68575236	rs11631477
chr15	68577976	rs628703
chr15	68578703	rs28636582
chr15	68585096	rs1994714
chr15	68586238	rs12437455
chr15	68588021	rs6494756
chr15	68589185	rs1465997
chr15	68591865	rs9806222
chr15	68593244	rs1565563
chr15	68593475	rs728401
chr15	68595334	rs11634913
chr15	68596437	rs16952287
chr15	68600650	rs11856323
chr15	68602220	rs937098
chr15	68604733	rs4777072
chr15	68607941	rs4777074
chr15	68609968	rs12904875
chr15	68613478	rs8028905
chr15	68619747	rs8025344
chr15	68632101	rs4777077
chr15	68633186	rs8030733
chr15	68633442	rs8034347
chr15	68633776	rs937095
chr15	68635818	rs6494757
chr15	68637457	rs2415025
chr15	68638254	rs1491636
chr15	68638321	rs1866685
chr15	68639820	rs11633874
chr15	68640603	rs8024951
chr15	68640738	rs8023980
chr15	68641021	rs12901345
chr15	68642342	rs12911725
chr15	68654124	rs2046925
chr15	68654906	rs4777078
chr15	68657562	rs7169200
chr15	68658936	rs8026194
chr15	68659230	rs4108
chr15	68660864	rs8037496
chr15	68662857	rs1491634
chr15	68663129	rs7168514
chr15	68663836	rs16952350
chr15	68664803	rs1491633
chr15	68667675	rs749555
chr15	68667919	rs17278757
chr15	68669600	rs4776416
chr15	68678148	rs2087708
chr15	68679879	rs12901895
chr15	68681960	rs16952371
chr15	68683655	rs11636025
chr15	68684543	rs8033246
chr15	68687008	rs8024675
chr15	68687764	rs11072040
chr15	68688920	rs1388447
chr15	68691757	rs1994716
chr15	68693076	rs8028973
chr15	68693260	rs8029298
chr15	68694613	rs7359303
chr15	68698808	rs937099
chr15	68705174	rs10518781
chr15	68707677	rs1873573
chr15	68711243	rs1463702
chr15	68711532	rs3736272
chr15	68712995	rs7183063
chr15	68713308	rs1352836
chr15	68714570	rs17852399
chr15	68715317	rs1542746
chr15	68715912	rs12443134
chr15	68715976	rs12915581
chr15	68716372	rs1463701
chr15	68717986	rs1352833
chr15	68718290	rs9646210
chr15	68719055	rs1491639
chr15	68719917	rs8023915
chr15	68720168	rs937101
chr15	68725082	rs8032624
chr15	68725660	rs12914115
chr15	68726446	rs4550403
chr15	68726578	rs16952475
chr15	68728592	rs7162639
chr15	68728855	rs7163417
chr15	68732364	rs4467022
chr15	68732472	rs4598851
chr15	68733708	rs7172123
chr15	68735544	rs9806190
chr15	68739835	rs10851794
chr15	68739987	rs4777085
chr15	68743881	rs4261473
chr15	68745625	rs7169504
chr15	68750160	rs6494768
chr15	68756352	rs4404012
chr15	68763576	rs8032228
chr15	68765446	rs4485298
chr15	68767512	rs8036084
chr15	68768871	rs11637222
chr15	68775837	rs11072053
chr15	68778197	rs2168010
chr15	68783135	rs2290428
chr15	68789051	rs7164503
chr15	68793194	rs1551345
chr15	68793418	rs1551343
chr15	68794225	rs11632583
chr15	68796534	rs8028909
chr15	68797476	rs2924634
chr15	68802242	rs8182019
chr15	68802300	rs2924633
chr15	68802519	rs2924632
chr15	68804257	rs11639228
chr15	68805267	rs2958405
chr15	68805453	rs1470902
chr15	68806520	rs3743090
chr15	68807678	rs2924631
chr15	68807820	rs897000
chr15	68811499	rs749380
chr15	68812095	rs11632936
chr15	68812894	rs11634262
chr15	68815658	rs14912
chr15	68816017	rs991534
chr15	68823015	rs1377773
chr15	68823539	rs1377770
chr15	68829122	rs921686
chr15	68830375	rs8033662
chr15	68832855	rs10851795
chr15	68838658	rs1901984
chr15	68839333	rs11631742
chr15	68839820	rs967180
chr15	68870156	rs2415029
chr15	68879552	rs12595811
chr15	68881898	rs7173856
chr15	68882950	rs7178702
chr15	68884499	rs35090885
chr15	68885405	rs1377775
chr15	68885973	rs2958394
chr15	68890387	rs2034712
chr15	68892543	rs7350761
chr15	68900962	rs11634353
chr15	68907924	rs748681
chr15	68913979	rs6494777
chr15	68921236	rs11858425
chr15	68921667	rs9635368
chr15	68928573	rs11857675
chr15	68930044	rs35672233
chr15	68937948	rs8023927
chr15	68941530	rs9920741
chr15	68943585	rs2271015
chr15	68944752	rs4776426
chr15	68945933	rs3743091
chr15	68946053	rs3743092
chr15	68946106	rs3743093
chr15	68948017	rs7169644
chr15	68952341	rs4365239
chr15	68970081	rs12902215
chr15	68979007	rs8025912
chr15	68982483	rs11853447
chr15	68983472	rs868115
chr15	68983649	rs905614
chr15	68986207	rs4777102
chr15	68986991	rs12442025
chr15	68987750	rs11072060
chr15	68987791	rs16952720
chr15	68989929	rs11855083
chr15	68996286	rs2415032
chr15	68998896	rs11072063
chr15	68999161	rs10851796
chr15	69015784	rs311886
chr15	69023103	rs438866
chr15	69023863	rs371352
chr15	69024446	rs1699221
chr15	69030169	rs311901
chr15	69033241	rs311893
chr15	69034391	rs311892
chr15	69035485	rs311889
chr15	69035658	rs2277554
chr15	69035886	rs12907196
chr15	69036266	rs8031540
chr15	69037251	rs3825853
chr15	69047447	rs2277552
chr15	69048724	rs11856030
chr15	69052472	rs311925
chr15	69054606	rs311904
chr15	69055253	rs311905
chr15	69065354	rs167483
chr15	69066273	rs311917
chr15	69077713	rs16952780
chr15	69082724	rs311894
chr15	69085206	rs311898
chr15	69085799	rs311899
chr15	69088462	rs16952807
chr15	69091445	rs4777110
chr15	69092138	rs4777113
chr15	69094859	rs11072066
chr15	69095435	rs2415035
chr15	69095913	rs2271016
chr15	69096586	rs924790
chr15	69096943	rs1875275
chr15	69099138	rs8038972
chr15	69100053	rs4777114
chr15	69103536	rs7163556
chr15	69105686	rs1392635
chr15	69107216	rs12440912
chr15	69107327	rs1466867
chr15	69112845	rs1159987
chr15	69115362	rs1995293
chr15	69115863	rs10162719
chr15	69116430	rs17285778
chr15	69117301	rs11636590
chr15	69117654	rs8035692
chr15	69117940	rs17357879
chr15	69118976	rs12708499
chr15	69119113	rs3898730
chr15	69119266	rs12708500
chr15	69119630	rs11072067
chr15	69123530	rs4776431
chr15	69126385	rs904864
chr15	69131804	rs4777120
chr15	69132229	rs8026900
chr15	69137335	rs871505
chr15	69137677	rs8041011
chr15	69143928	rs6494785
chr15	69144988	rs8031212
chr15	69147445	rs7164986
chr15	69150736	rs7173098
chr15	69151376	rs17358457
chr15	69151725	rs11072071
chr15	69154535	rs16952868
chr15	69157508	rs1553251
chr15	69158116	rs10851800
chr15	69159266	rs1553253
chr15	69164604	rs7183421
chr15	69173781	rs10851801
chr15	69175988	rs16953669
chr15	69184205	rs12438916
chr15	69185041	rs7176782
chr15	69193877	rs16952927
chr15	69199128	rs4116076
chr15	69202555	rs16952938
chr15	69208635	rs8041810
chr15	69210104	rs7167499
chr15	69215121	rs4777126
chr15	69215828	rs2047823
chr15	69225754	rs10162608
chr15	69227975	rs4777127
chr15	69228398	rs4777128
chr15	69232379	rs2899748
chr15	69237129	rs12439146
chr15	69237158	rs6494790
chr15	69238119	rs1503287
chr15	69239969	rs4238421
chr15	69244456	rs12441356
chr15	69244533	rs12441428
chr15	69248133	rs11633040
chr15	69249708	rs17360351
chr15	69255999	rs12440300
chr15	69258153	rs2017983
chr15	69261389	rs8023271
chr15	69269179	rs3865014
chr15	69279329	rs905508
chr15	69280424	rs883767
chr15	69288082	rs7171293
chr15	69288112	rs7172474
chr15	69288268	rs7171358
chr15	69288451	rs7165082
chr15	69290281	rs12148317
chr15	69292464	rs12438754
chr15	69295640	rs12438150
chr15	69295990	rs7167084
chr15	69296679	rs1503285
chr15	69297804	rs8038216
chr15	69303730	rs1393849
chr15	69305041	rs1532758
chr15	69306187	rs7173363
chr15	69308320	rs2415037
chr15	69308867	rs12917011
chr15	69309580	rs8025182
chr15	69310385	rs8031959
chr15	69314866	rs8034537
chr15	69316023	rs12440273
chr15	69317157	rs1655
chr15	69320496	rs10518813
chr15	69325822	rs16953134
chr15	69325840	rs1156856
chr15	69325957	rs1156855
chr15	69332931	rs12905214
chr15	69342180	rs7168811
chr15	69342762	rs2047825
chr15	69344283	rs8041258
chr15	69345400	rs7171612
chr15	69351587	rs4567654
chr15	69355091	rs12909546
chr15	69357714	rs11072089
chr15	69358559	rs1504629
chr15	69360708	rs11633259
chr15	69361697	rs12440619
chr15	69365883	rs4595750
chr15	69371583	rs1504617
chr15	69372921	rs9635370
chr15	69374337	rs8026041
chr15	69377639	rs11072093
chr15	69385159	rs7172559
chr15	69387014	rs3784360
chr15	69389494	rs937722
chr15	69389682	rs12438855
chr15	69391711	rs7182493
chr15	69399132	rs12592531
chr15	69400663	rs3784362
chr15	69403910	rs1394415
chr15	69403973	rs3743096
chr15	69404031	rs3743097
chr15	69409505	rs1875878
chr15	69410366	rs8030051
chr15	69411224	rs1504627
chr15	69411509	rs2134926
chr15	69417347	rs3759825
chr15	69417409	rs3759826
chr15	69420653	rs17341173
chr15	69424697	rs11072096
chr15	69427355	rs13379883
chr15	69436191	rs11852675
chr15	69436610	rs3825858
chr15	69440397	rs937724
chr15	69440687	rs10518818
chr15	69442247	rs16953330
chr15	69442980	rs8034435
chr15	69446424	rs7174669
chr15	69448011	rs13613
chr15	69451791	rs3809504
chr15	69453267	rs34291864
chr15	69455996	rs1463912
chr15	69461882	rs8041861
chr15	69467753	rs12901191
chr15	69472704	rs16953376
chr15	69474528	rs8023297
chr15	69478000	rs16953380
chr15	69478399	rs12592836
chr15	69479282	rs16953384
chr15	69479562	rs2134927
chr15	69480140	rs11072099
chr15	69481442	rs8033465
chr15	69484345	rs17370987
chr15	69486107	rs7176919
chr15	69486643	rs1504632
chr15	69486984	rs1857744
chr15	69488074	rs12440154
chr15	69488505	rs1504633
chr15	69489866	rs5003866
chr15	69490913	rs11072100
chr15	69496815	rs12438556
chr15	69497125	rs12905618
chr15	69498637	rs6494798
chr15	69501614	rs12903497
chr15	69504763	rs11630422
chr15	69509861	rs7183145
chr15	69511463	rs4776450
chr15	69513470	rs3924626
chr15	69516551	rs11634551
chr15	69517103	rs4777148
chr15	69521903	rs12908816
chr15	69522000	rs12910341
chr15	69526045	rs12592718
chr15	69526510	rs7497629
chr15	69527823	rs7164945
chr15	69530072	rs6494801
chr15	69533690	rs4777150
chr15	69537669	rs12593658
chr15	69538357	rs4777151
chr15	69538493	rs12904637
chr15	69549279	rs4777155
chr15	69565323	rs16953466
chr15	69565398	rs16953470
chr15	69565419	rs16953472
chr15	69565798	rs16953680
chr15	69566223	rs7183850
chr15	69569200	rs4777161
chr15	69571341	rs8024167
chr15	69572884	rs1426075
chr15	69576602	rs6494808
chr15	69578363	rs12912006
chr15	69586610	rs16953528
chr15	69587452	rs12912214
chr15	69588231	rs12442806
chr15	69589839	rs11856823
chr15	69590324	rs10518821
chr15	69593592	rs7168666
chr15	69596039	rs2415047
chr15	69600465	rs1820416
chr15	69600608	rs6494813
chr15	69600695	rs7497441
chr15	69602898	rs12908707
chr15	69602942	rs12907950
chr15	69604336	rs12593003
chr15	69605660	rs4777166
chr15	69607474	rs17313232
chr15	69607648	rs7497413
chr15	69607807	rs7179645
chr15	69608648	rs12911136
chr15	69612481	rs750628
chr15	69612946	rs2899752
chr15	69613656	rs10162653
chr15	69615400	rs8033821
chr15	69624928	rs12904039
chr15	69627192	rs16953606
chr15	69628124	rs16953607
chr15	69629857	rs11853067
chr15	69635215	rs10400880
chr15	69636500	rs12441180
chr15	69637825	rs16953616
chr15	69637885	rs4776461
chr15	69639830	rs1115635
chr15	69641229	rs12915157
chr15	69641412	rs12050739
chr15	69641922	rs1593460
chr15	69643743	rs4777168
chr15	69645719	rs8025806
chr15	69649989	rs2899751
chr15	69653540	rs4777169
chr15	69657177	rs4777170
chr15	69658089	rs2162220
chr15	69659389	rs11630322
chr15	69662526	rs8042168
chr15	69663812	rs35629791
chr15	69664374	rs10459600
chr15	69669349	rs8032654
chr15	69669622	rs16953644
chr15	69670398	rs9652481
chr15	69672961	rs7168824
chr15	69672990	rs7168674
chr15	69676766	rs1426078
chr15	69680619	rs10518826
chr15	69685999	rs2033058
chr15	69691612	rs1365168
chr15	69693171	rs8043362
chr15	69694147	rs8028391
chr15	69694235	rs4777180
chr15	69695543	rs11072110
chr15	69697757	rs4238424
chr15	69699078	rs8026898
chr15	69699275	rs12441341
chr15	69699775	rs10220831
chr15	69706273	rs4777182
chr15	69712436	rs4777183
chr15	69713845	rs12595853
chr15	69713897	rs727702
chr15	69714534	rs4776472
chr15	69714984	rs4777184
chr15	69715438	rs11854060
chr15	69719967	rs4776474
chr15	69726651	rs7176508
chr15	69736494	rs17315418
chr15	69738667	rs4777186
chr15	69740455	rs12912487
chr15	69741749	rs16953685
chr15	69745500	rs1346139
chr15	69746861	rs2117234
chr15	69747816	rs7176072
chr15	69749055	rs16953690
chr15	69751044	rs4777189
chr15	69751888	rs11636401
chr15	69752015	rs11636337
chr15	69752156	rs1426079
chr15	69754154	rs7180567
chr15	69754492	rs10162751
chr15	69755818	rs10152591
chr15	69756645	rs6494825
chr15	69756772	rs6494826
chr15	69757085	rs4632084
chr15	69757788	rs10152712
chr15	69758286	rs17375453
chr15	69758634	rs17375494
chr15	69758722	rs16953716
chr15	69759653	rs16953718
chr15	69761764	rs9788746
chr15	69762722	rs746479
chr15	69762962	rs1551831
chr15	69763038	rs11634463
chr15	69763561	rs2899755
chr15	69764146	rs1462171
chr15	69765374	rs1471354
chr15	69777390	rs305030
chr15	69779439	rs10518837
chr15	69779866	rs186248
chr15	69780861	rs17322978
chr15	69782119	rs12905468
chr15	69783230	rs1551828
chr15	69784551	rs305033
chr15	69785834	rs8030976
chr15	69786125	rs8031522
chr15	69786285	rs305034
chr15	69786298	rs12908317
chr15	69786604	rs4410031
chr15	69786804	rs12439725
chr15	69787477	rs8042940
chr15	69789537	rs12899840
chr15	69790920	rs7168629
chr15	69791216	rs305037
chr15	69791480	rs881417
chr15	69792764	rs305038
chr15	69793977	rs305039
chr15	69795081	rs12439269
chr15	69796724	rs2006830
chr15	69796894	rs305049
chr15	69797218	rs753707
chr15	69797459	rs305050
chr15	69797835	rs747131
chr15	69798292	rs87757
chr15	69799903	rs305052
chr15	69800725	rs305055
chr15	69801978	rs11629626
chr15	69803416	rs12439031
chr15	69805336	rs453151
chr15	69806058	rs8024220
chr15	69806137	rs437569
chr15	69807850	rs17323663
chr15	69808749	rs1676039
chr15	69808885	rs12442208
chr15	69810352	rs16953777
chr15	69810717	rs9652484
chr15	69812374	rs1551832
chr15	69814157	rs11858798
chr15	69814392	rs305014
chr15	69815585	rs7169839
chr15	69818849	rs6494829
chr15	69819234	rs16953785
chr15	69820812	rs749134
chr15	69823831	rs2054370
chr15	69828422	rs305024
chr15	69829555	rs17676727
chr15	69831585	rs7172499
chr15	69831844	rs12909955
chr15	69833150	rs304986
chr15	69834105	rs11072122
chr15	69835250	rs88505
chr15	69835267	rs304987
chr15	69836216	rs11638405
chr15	69836657	rs10152118
chr15	69839420	rs16953814
chr15	69842433	rs2306101
chr15	69842756	rs2306102
chr15	69844877	rs304985
chr15	69846293	rs16953824
chr15	69846911	rs304998
chr15	69847106	rs11636452
chr15	69848668	rs305000
chr15	69849566	rs305002
chr15	69849820	rs305003
chr15	69853301	rs305008
chr15	69853419	rs305009
chr15	69853872	rs305010
chr15	69857148	rs2247558
chr15	69858112	rs379468
chr15	69861223	rs12905249
chr15	69863454	rs10518844
chr15	69863615	rs6494833
chr15	69867183	rs13380008
chr15	69867218	rs13379513
chr15	69869724	rs186247
chr15	69872486	rs4777205
chr15	69873075	rs2415060
chr15	69873382	rs304982
chr15	69873664	rs12101523
chr15	69874954	rs7177436
chr15	69875080	rs7177654
chr15	69875738	rs304963
chr15	69879469	rs4776483
chr15	69879709	rs12911453
chr15	69880660	rs304955
chr15	69881625	rs7166273
chr15	69883588	rs2415061
chr15	69884491	rs304948
chr15	69886596	rs9920663
chr15	69887061	rs1349679
chr15	69887323	rs10518848
chr15	69889209	rs8036964
chr15	69890796	rs2601881
chr15	69892363	rs415642
chr15	69893072	rs386825
chr15	69894413	rs881053
chr15	69894863	rs1037422
chr15	69896334	rs2167724
chr15	69897006	rs1155996
chr15	69897656	rs17678127
chr15	69898744	rs1452726
chr15	69899052	rs12440731
chr15	69901995	rs2444234
chr15	69902198	rs17756334
chr15	69902679	rs16953914
chr15	69902992	rs2601882
chr15	69903547	rs2679629
chr15	69909110	rs4777206
chr15	69909975	rs17756522
chr15	69910358	rs17678412
chr15	69910520	rs715774
chr15	69912948	rs2601890
chr15	69913298	rs2679616
chr15	69914738	rs2679617
chr15	69915806	rs2679622
chr15	69916034	rs2679623
chr15	69916223	rs939044
chr15	69916760	rs939045
chr15	69917214	rs2415062
chr15	69917244	rs2415063
chr15	69917932	rs8040859
chr15	69918122	rs4777210
chr15	69923135	rs3845197
chr15	69923708	rs11637910
chr15	69923743	rs2899756
chr15	69925250	rs11639498
chr15	69927172	rs732349
chr15	69932245	rs1996553
chr15	69932833	rs4617810
chr15	69933854	rs7182366
chr15	69939218	rs12593386
chr15	69941822	rs2044996
chr15	69942200	rs2601904
chr15	69944011	rs2249982
chr15	69944090	rs939043
chr15	69944629	rs2247154
chr15	69945852	rs17679147
chr15	69946029	rs16953991
chr15	69946230	rs2679615
chr15	69946631	rs1878882
chr15	69952929	rs4777213
chr15	69953742	rs4777214
chr15	69954410	rs1320207
chr15	69955545	rs4294771
chr15	69956549	rs12438908
chr15	69956621	rs17679422
chr15	69958543	rs1320205
chr15	69961651	rs11631676
chr15	69966992	rs8038604
chr15	69967187	rs11072127
chr15	69968889	rs11858956
chr15	69971544	rs11633565
chr15	69971847	rs16953998
chr15	69976599	rs4343231
chr15	69977457	rs4776489
chr15	69979558	rs2415071
chr15	69979653	rs2415070
chr15	69988437	rs7171697
chr15	69989668	rs6494839
chr15	69990542	rs9920104
chr15	69994578	rs11635749
chr15	69996268	rs939042
chr15	69996364	rs7177789
chr15	69996811	rs16954029
chr15	69998421	rs11634005
chr15	70000371	rs4777218
chr15	70003962	rs10152441
chr15	70004910	rs4628917
chr15	70005598	rs8038708
chr15	70010013	rs4777220
chr15	70011818	rs12440772
chr15	70013814	rs12911291
chr15	70016948	rs16954059
chr15	70017579	rs8036683
chr15	70019393	rs4777221
chr15	70019473	rs7169366
chr15	70020943	rs17758593
chr15	70024998	rs615881
chr15	70025033	rs869607
chr15	70040041	rs1014200
chr15	70040435	rs12441639
chr15	70040468	rs12594386
chr15	70041879	rs8035183
chr15	70048172	rs3743309
chr15	70052277	rs3743310
chr15	70053830	rs8032946
chr15	70055965	rs17759112
chr15	70058268	rs2291981
chr15	70059310	rs7176098
chr15	70059449	rs2133977
chr15	70063533	rs1566538
chr15	70063811	rs8039718
chr15	70065579	rs16954106
chr15	70066592	rs1878884
chr15	70070200	rs7163010
chr15	70070221	rs7162712
chr15	70070863	rs3784664
chr15	70071080	rs3784666
chr15	70072013	rs975210
chr15	70072223	rs17686675
chr15	70073423	rs4777230
chr15	70076093	rs2291986
chr15	70077039	rs11630316
chr15	70082621	rs9646211
chr15	70084102	rs631864
chr15	70084478	rs11858463
chr15	70084831	rs618468
chr15	70088148	rs2651499
chr15	70092125	rs17759504
chr15	70109756	rs868127
chr15	70109970	rs884483
chr15	70110089	rs884484
chr15	70115470	rs2937284
chr15	70115483	rs4777236
chr15	70126833	rs7495571
chr15	70128702	rs11636597
chr15	70131231	rs13379488
chr15	70131740	rs7166625
chr15	70132162	rs11856830
chr15	70134320	rs11855229
chr15	70137994	rs2102099
chr15	70138772	rs8036528
chr15	70139434	rs11855650
chr15	70143204	rs2415078
chr15	70144259	rs17760171
chr15	70144742	rs11072141
chr15	70146212	rs2937274
chr15	70146633	rs726193
chr15	70146656	rs726194
chr15	70148823	rs12900836
chr15	70151046	rs12911091
chr15	70152176	rs904976
chr15	70153959	rs904975
chr15	70154179	rs12442146
chr15	70154659	rs2004851
chr15	70155042	rs6494846
chr15	70155243	rs904974
chr15	70155640	rs2415079
chr15	70156027	rs904972
chr15	70157488	rs17687639
chr15	70159115	rs10152562
chr15	70159197	rs10152611
chr15	70160408	rs7180351
chr15	70160606	rs8040467
chr15	70164564	rs2927401
chr15	70165381	rs745636
chr15	70165393	rs745637
chr15	70165563	rs2415080
chr15	70170613	rs16954189
chr15	70171653	rs2415081
chr15	70178938	rs4776498
chr15	70180263	rs1036279
chr15	70180921	rs11632835
chr15	70181678	rs7181003
chr15	70181887	rs7180380
chr15	70182446	rs1875328
chr15	70182475	rs1875329
chr15	70183361	rs12908056
chr15	70185565	rs2009403
chr15	70185777	rs12437565
chr15	70186191	rs7183917
chr15	70187219	rs11631322
chr15	70188275	rs6494849
chr15	70188590	rs8030168
chr15	70188625	rs8028949
chr15	70188968	rs16954224
chr15	70189149	rs745576
chr15	70190391	rs7181621
chr15	70192713	rs16954226
chr15	70192801	rs7171666
chr15	70194233	rs7178534
chr15	70194573	rs6494850
chr15	70194671	rs7183891
chr15	70197693	rs11072143
chr15	70198164	rs10162898
chr15	70198311	rs12442176
chr15	70199636	rs10518880
chr15	70200229	rs7161857
chr15	70200302	rs12440632
chr15	70202433	rs12443039
chr15	70203617	rs16954276
chr15	70206759	rs16954285
chr15	70207536	rs8026461
chr15	70208261	rs10518882
chr15	70214477	rs12912369
chr15	70215679	rs7182363
chr15	70215884	rs11629695
chr15	70218324	rs11638329
chr15	70218570	rs7181208
chr15	70219591	rs11630787
chr15	70220183	rs8027342
chr15	70220284	rs10459644
chr15	70221979	rs17689081
chr15	70222814	rs11630420
chr15	70224037	rs1985073
chr15	70224143	rs7495919
chr15	70225369	rs16954296
chr15	70226103	rs8182084
chr15	70227738	rs17689213
chr15	70233320	rs7175167
chr15	70238270	rs17767730
chr15	70241093	rs11635733
chr15	70242711	rs17767772
chr15	70249681	rs8027532
chr15	70249869	rs11630941
chr15	70253701	rs8029402
chr15	70256094	rs10851815
chr15	70256615	rs7165040
chr15	70257987	rs11072153
chr15	70258089	rs10518889
chr15	70260016	rs1655216
chr15	70261384	rs1620191
chr15	70261657	rs11630324
chr15	70262231	rs13379577
chr15	70264479	rs1706710
chr15	70267089	rs1706717
chr15	70269869	rs11855389
chr15	70270450	rs17768119
chr15	70271430	rs1655213
chr15	70271918	rs8032766
chr15	70272350	rs1706714
chr15	70273950	rs2196072
chr15	70274916	rs1865216
chr15	70281311	rs2415089
chr15	70281687	rs1818443
chr15	70282009	rs2554827
chr15	70282341	rs1877422
chr15	70282589	rs7498078
chr15	70283799	rs1971791
chr15	70286097	rs9745283
chr15	70286443	rs9744287
chr15	70288640	rs16954345
chr15	70288680	rs16954350
chr15	70289418	rs10083639
chr15	70289722	rs2137271
chr15	70291140	rs4777256
chr15	70296168	rs2668600
chr15	70296465	rs2554820
chr15	70301237	rs2018967
chr15	70301732	rs2002122
chr15	70303237	rs11638598
chr15	70304458	rs2916178
chr15	70305902	rs2554818
chr15	70310496	rs2554828
chr15	70313293	rs2458178
chr15	70321081	rs1512191
chr15	70323068	rs2060337
chr15	70329992	rs8026061
chr15	70334050	rs11632910
chr15	70334749	rs4777259
chr15	70335180	rs8024707
chr15	70337781	rs17769090
chr15	70342468	rs868142
chr15	70345503	rs4777260
chr15	70348269	rs11072159
chr15	70348536	rs6494855
chr15	70363519	rs7176770
chr15	70368841	rs8025625
chr15	70373943	rs11072161
chr15	70373981	rs11072163
chr15	70374424	rs1877421
chr15	70374459	rs7168244
chr15	70377947	rs12910190
chr15	70378193	rs907553
chr15	70378349	rs907552
chr15	70379211	rs872369
chr15	70379356	rs12591408
chr15	70379560	rs6494863
chr15	70381117	rs2175569
chr15	70382500	rs2036951
chr15	70385504	rs2007507
chr15	70386510	rs12900871
chr15	70387155	rs6494865
chr15	70392128	rs11072167
chr15	70393164	rs7172832
chr15	70393904	rs1912968
chr15	70396583	rs1512193
chr15	70396707	rs1512192
chr15	70397291	rs1964731
chr15	70397656	rs4357890
chr15	70405606	rs4776503
chr15	70410417	rs8023640
chr15	70410733	rs3931347
chr15	70418714	rs4777266
chr15	70423017	rs11634341
chr15	70425599	rs17697589
chr15	70429247	rs8038308
chr15	70429588	rs4777268
chr15	70429923	rs8043514
chr15	70431255	rs8029062
chr15	70432909	rs4777272
chr15	70433092	rs747170
chr15	70433539	rs17770502
chr15	70437454	rs7178994
chr15	70440380	rs1398199
chr15	70440615	rs7174946
chr15	70443817	rs11072174
chr15	70444482	rs12591432
chr15	70444812	rs925481
chr15	70445350	rs12907505
chr15	70447483	rs4777275
chr15	70447658	rs10518902
chr15	70448314	rs1877420
chr15	70451194	rs4547289
chr15	70453834	rs11072177
chr15	70454252	rs17770886
chr15	70454336	rs8033773
chr15	70456231	rs4776508
chr15	70457213	rs8026152
chr15	70457855	rs4300603
chr15	70457886	rs4445849
chr15	70459153	rs4426307
chr15	70459512	rs4384565
chr15	70461676	rs12443425
chr15	70463748	rs4408497
chr15	70464618	rs4412933
chr15	70464906	rs16954502
chr15	70465557	rs12440755
chr15	70465635	rs10518906
chr15	70466122	rs17698645
chr15	70468745	rs7161898
chr15	70469700	rs8029109
chr15	70472966	rs11072184
chr15	70473472	rs4600431
chr15	70475600	rs12907702
chr15	70475813	rs4319720
chr15	70478862	rs4559866
chr15	70482869	rs7161778
chr15	70483944	rs4777282
chr15	70484908	rs4541029
chr15	70485273	rs11072189
chr15	70490205	rs8043413
chr15	70491118	rs9672869
chr15	70492086	rs4777287
chr15	70492234	rs4238431
chr15	70495162	rs12440026
chr15	70496782	rs12441701
chr15	70497917	rs11630495
chr15	70499576	rs10735127
chr15	70499658	rs10735128
chr15	70505803	rs3743313
chr15	70506220	rs8034004
chr15	70507078	rs4321151
chr15	70508905	rs4356427
chr15	70513378	rs4777292
chr15	70518743	rs6494875
chr15	70518825	rs12912411
chr15	70519484	rs17699594
chr15	70524884	rs8033107
chr15	70524907	rs8034299
chr15	70524968	rs8033277
chr15	70526034	rs4407020
chr15	70526823	rs7162398
chr15	70528798	rs16954566
chr15	70531968	rs12915992
chr15	70533929	rs4438265
chr15	70535012	rs17699949
chr15	70540322	rs17700030
chr15	70540453	rs1896441
chr15	70541154	rs1896433
chr15	70541222	rs1896434
chr15	70551364	rs7176197
chr15	70554742	rs7172260
chr15	70559809	rs11072200
chr15	70562841	rs10438363
chr15	70566210	rs11072202
chr15	70569789	rs10518912
chr15	70580271	rs11629720
chr15	70581854	rs4591087
chr15	70582239	rs11632582
chr15	70589038	rs1896439
chr15	70596588	rs12594173
chr15	70600968	rs11072205
chr15	70603374	rs11072206
chr15	70606917	rs8037602
chr15	70609824	rs1896446
chr15	70609978	rs10467944
chr15	70610044	rs4777298
chr15	70611559	rs11637435
chr15	70614463	rs12905399
chr15	70623501	rs11072208
chr15	70631001	rs7165297
chr15	70631119	rs7164463
chr15	70631278	rs11072209
chr15	70631617	rs11072210
chr15	70632953	rs11072211
chr15	70635505	rs16954632
chr15	70636120	rs1863770
chr15	70636323	rs8027877
chr15	70639711	rs2162553
chr15	70640999	rs2114719
chr15	70641233	rs2162555
chr15	70641392	rs6494886
chr15	70644099	rs2162556
chr15	70644210	rs2114721
chr15	70644578	rs34199676
chr15	70645782	rs2415097
chr15	70646106	rs720251
chr15	70654799	rs28607477
chr15	70658802	rs7174472
chr15	70666598	rs2241530
chr15	70667729	rs934005
chr15	70675215	rs11072213
chr15	70680702	rs7178037
chr15	70682177	rs1966518
chr15	70687977	rs7168338
chr15	70690703	rs7163275
chr15	70700923	rs10518919
chr15	70701944	rs6494889
chr15	70704414	rs10518920
chr15	70710293	rs16954699
chr15	70712111	rs1991088
chr15	70712721	rs2059322
chr15	70714570	rs10518921
chr15	70716581	rs1078097
chr15	70724044	rs12899069
chr15	70725954	rs11637242
chr15	70726778	rs11855160
chr15	70736059	rs36008057
chr15	70739101	rs1011236
chr15	70741823	rs11852645
chr15	70741891	rs11855828
chr15	70741930	rs11852677
chr15	70741951	rs2161799
chr15	70742158	rs11855915
chr15	70743930	rs16954789
chr15	70744387	rs1469162
chr15	70748654	rs28695177
chr15	70752915	rs7177970
chr15	70753129	rs4777305
chr15	70755331	rs16954807
chr15	70760930	rs11636698
chr15	70765060	rs8037348
chr15	70770494	rs16954838
chr15	70773599	rs9806506
chr15	70775246	rs7162623
chr15	70775819	rs4777308
chr15	70780903	rs16954853
chr15	70783567	rs8023936
chr15	70783692	rs8043209
chr15	70784125	rs16954857
chr15	70784588	rs16954862
chr15	70788286	rs4777309
chr15	70790724	rs12594507
chr15	70790947	rs16954871
chr15	70793192	rs4509976
chr15	70795032	rs9672700
chr15	70795165	rs8036284
chr15	70796799	rs4777310
chr15	70797070	rs4777311
chr15	70804202	rs11072215
chr15	70806704	rs11072216
chr15	70812342	rs16954893
chr15	70815796	rs17781350
chr15	70816808	rs1549318
chr15	70822881	rs16954918
chr15	70823345	rs11633699
chr15	70823495	rs28419652
chr15	70823985	rs9920907
chr15	70828153	rs11637470
chr15	70829918	rs12900022
chr15	70830916	rs11072220
chr15	70832754	rs3825970
chr15	70832865	rs1549317
chr15	70833000	rs28676469
chr15	70833570	rs9944194
chr15	70834254	rs12438204
chr15	70834539	rs3784668
chr15	70837442	rs4776529
chr15	70838353	rs7176104
chr15	70842984	rs8030892
chr15	70844599	rs7180700
chr15	70847367	rs11635165
chr15	70848988	rs4776530
chr15	70852649	rs7175862
chr15	70856069	rs3809562
chr15	70863420	rs11630263
chr15	70863792	rs4777316
chr15	70863949	rs4777317
chr15	70865939	rs4777319
chr15	70866511	rs4542614
chr15	70867441	rs1534617
chr15	70867680	rs1534615
chr15	70868025	rs4777321
chr15	70869886	rs11853664
chr15	70872597	rs12441133
chr15	70872749	rs12902589
chr15	70873690	rs1112177
chr15	70877664	rs4777325
chr15	70880359	rs12595787
chr15	70881789	rs17782193
chr15	70892156	rs2955035
chr15	70892563	rs12443199
chr15	70893454	rs2955036
chr15	70893498	rs2955037
chr15	70895445	rs1528827
chr15	70903854	rs1406430
chr15	70908488	rs11636579
chr15	70910892	rs28414692
chr15	70915612	rs2415100
chr15	70915726	rs2899765
chr15	70917583	rs11634458
chr15	70920801	rs28675176
chr15	70923039	rs1441252
chr15	70933694	rs4777326
chr15	70939166	rs920532
chr15	70944020	rs2119538
chr15	70949126	rs12905428
chr15	70950199	rs4555111
chr15	70953639	rs1579730
chr15	70955034	rs1542083
chr15	70959202	rs11072239
chr15	70964237	rs1001640
chr15	70964574	rs2165463
chr15	70967118	rs34417759
chr15	70974705	rs4777327
chr15	70975903	rs11634492
chr15	70978684	rs4776534
chr15	70991450	rs894128
chr15	70991638	rs751239
chr15	70994416	rs10468046
chr15	70994447	rs12050549
chr15	70996702	rs1441251
chr15	70998055	rs2415101
chr15	71002853	rs10518929
chr15	71014378	rs1713550
chr15	71017254	rs1713551
chr15	71017477	rs1660971
chr15	71020402	rs1713552
chr15	71042449	rs1660974
chr15	71048711	rs1713569
chr15	71050653	rs1561691
chr15	71056706	rs986393
chr15	71059219	rs1713562
chr15	71066996	rs1713565
chr15	71068864	rs4776537
chr15	71071365	rs1614625
chr15	71074673	rs10438292
chr15	71091696	rs1372176
chr15	71099385	rs2415104
chr15	71103197	rs2415105
chr15	71108663	rs1574742
chr15	71111067	rs6494895
chr15	71114614	rs7182092
chr15	71118156	rs627680
chr15	71122024	rs7163811
chr15	71122636	rs4777330
chr15	71122943	rs667900
chr15	71123495	rs7175526
chr15	71123996	rs17784142
chr15	71126164	rs615783
chr15	71126506	rs599048
chr15	71129809	rs638398
chr15	71131670	rs12904863
chr15	71133791	rs630715
chr15	71139637	rs108331
chr15	71143283	rs2292854
chr15	71145216	rs16955200
chr15	71145371	rs624047
chr15	71150126	rs17711848
chr15	71157059	rs5024066
chr15	71165560	rs1442788
chr15	71166541	rs894490
chr15	71168354	rs1348318
chr15	71170527	rs8040479
chr15	71180971	rs4777336
chr15	71181876	rs652937
chr15	71183826	rs623847
chr15	71191385	rs1122453
chr15	71193403	rs16955258
chr15	71194592	rs2585025
chr15	71195145	rs8027305
chr15	71197101	rs908341
chr15	71204791	rs1561886
chr15	71206921	rs11629607
chr15	71210189	rs6494899
chr15	71212998	rs17785209
chr15	71213792	rs7174056
chr15	71216476	rs1561887
chr15	71219976	rs11853577
chr15	71223077	rs1372828
chr15	71227614	rs1442792
chr15	71227939	rs2048792
chr15	71229011	rs2044154
chr15	71233078	rs1442789
chr15	71234794	rs16955314
chr15	71236096	rs11853555
chr15	71240892	rs7180149
chr15	71242451	rs11633459
chr15	71244203	rs961577
chr15	71246289	rs11858022
chr15	71251636	rs4776542
chr15	71253178	rs10518937
chr15	71253206	rs10518938
chr15	71255885	rs1561884
chr15	71256598	rs4777350
chr15	71259286	rs4777351
chr15	71261297	rs2415109
chr15	71262036	rs12594008
chr15	71262825	rs4777352
chr15	71264036	rs12708502
chr15	71270662	rs10518941
chr15	71271801	rs10518942
chr15	71274249	rs894489
chr15	71276292	rs10851836
chr15	71278629	rs7173870
chr15	71279006	rs7174934
chr15	71279075	rs7175127
chr15	71279710	rs2994
chr15	71281326	rs2415114
chr15	71282607	rs9806177
chr15	71283278	rs8032020
chr15	71284779	rs17786206
chr15	71285276	rs12913078
chr15	71287118	rs16955390
chr15	71287405	rs983574
chr15	71288022	rs2068040
chr15	71289215	rs1122854
chr15	71289251	rs10438293
chr15	71289711	rs1002007
chr15	71291074	rs2063826
chr15	71292265	rs11630920
chr15	71293467	rs11072268
chr15	71299000	rs4777363
chr15	71299850	rs2138292
chr15	71300267	rs6494903
chr15	71307912	rs11633212
chr15	71308130	rs7169622
chr15	71308401	rs7174619
chr15	71310154	rs4777368
chr15	71311424	rs1515677
chr15	71311911	rs10851838
chr15	71313782	rs11072270
chr15	71315788	rs8023818
chr15	71316280	rs17786786
chr15	71317183	rs6494904
chr15	71318496	rs11855326
chr15	71319964	rs1837762
chr15	71320175	rs1441358
chr15	71325395	rs11855237
chr15	71329185	rs11853359
chr15	71329223	rs11856837
chr15	71330447	rs11858540
chr15	71332783	rs1441361
chr15	71336008	rs1473607
chr15	71336520	rs1031029
chr15	71337230	rs6494906
chr15	71338687	rs11637373
chr15	71338834	rs1441356
chr15	71339581	rs12916138
chr15	71342857	rs894142
chr15	71343589	rs10851840
chr15	71345509	rs2028467
chr15	71347295	rs12915616
chr15	71348647	rs11072273
chr15	71349569	rs7179630
chr15	71350064	rs3784384
chr15	71351448	rs4777372
chr15	71352781	rs12899618
chr15	71355523	rs11634024
chr15	71355549	rs11639239
chr15	71357205	rs1913768
chr15	71357773	rs16955491
chr15	71357815	rs4776548
chr15	71361573	rs12101372
chr15	71362740	rs16955499
chr15	71363396	rs12102112
chr15	71364370	rs1866920
chr15	71364384	rs16955507
chr15	71365057	rs7162192
chr15	71365106	rs11639481
chr15	71365896	rs4777374
chr15	71367019	rs2028465
chr15	71367085	rs980967
chr15	71373827	rs1561711
chr15	71375801	rs11632680
chr15	71376173	rs1568010
chr15	71376776	rs11858454
chr15	71380414	rs12908092
chr15	71380506	rs4777376
chr15	71380846	rs2415116
chr15	71381274	rs4777379
chr15	71383758	rs8031201
chr15	71383896	rs7170506
chr15	71385839	rs1441355
chr15	71386459	rs2165488
chr15	71386624	rs7167951
chr15	71387130	rs7167593
chr15	71387620	rs2044029
chr15	71387741	rs8033889
chr15	71393404	rs12910319
chr15	71395086	rs16955550
chr15	71395312	rs17726411
chr15	71396640	rs4531689
chr15	71396720	rs11632070
chr15	71398544	rs4288952
chr15	71398602	rs10518959
chr15	71399165	rs7165378
chr15	71399888	rs7170942
chr15	71403894	rs1441365
chr15	71404202	rs1441364
chr15	71404547	rs12441227
chr15	71407926	rs12439393
chr15	71408088	rs12442632
chr15	71409113	rs7172574
chr15	71409321	rs4537971
chr15	71411981	rs8040015
chr15	71415036	rs1837763
chr15	71423793	rs1596051
chr15	71423880	rs6494923
chr15	71426440	rs920547
chr15	71426937	rs7165365
chr15	71427556	rs7170883
chr15	71428605	rs7177932
chr15	71429587	rs920550
chr15	71430401	rs4777388
chr15	71431264	rs4297638
chr15	71431948	rs4267263
chr15	71434239	rs11072283
chr15	71435564	rs4517744
chr15	71436190	rs8027920
chr15	71437671	rs4471634
chr15	71438816	rs1866918
chr15	71441882	rs7171282
chr15	71445037	rs751998
chr15	71445964	rs920554
chr15	71447607	rs7163486
chr15	71447730	rs11632349
chr15	71450067	rs4777391
chr15	71450214	rs8037770
chr15	71451244	rs6494934
chr15	71453255	rs12323953
chr15	71454634	rs17727206
chr15	71458424	rs991051
chr15	71460120	rs4332701
chr15	71460803	rs12912393
chr15	71467067	rs12907251
chr15	71470045	rs16955676
chr15	71472491	rs9635372
chr15	71473599	rs747737
chr15	71476636	rs10163070
chr15	71480547	rs12905466
chr15	71480656	rs7182401
chr15	71480744	rs16955717
chr15	71484636	rs3924603
chr15	71485175	rs4414447
chr15	71492197	rs7164165
chr15	71492850	rs11635937
chr15	71494566	rs7181587
chr15	71495674	rs7167173
chr15	71497004	rs4389101
chr15	71499300	rs11072293
chr15	71506086	rs8034650
chr15	71507059	rs4776554
chr15	71508702	rs4132884
chr15	71509548	rs4315298
chr15	71512667	rs7183859
chr15	71512779	rs6494940
chr15	71518730	rs12913071
chr15	71522601	rs8041762
chr15	71525345	rs7178717
chr15	71526643	rs7163181
chr15	71528251	rs11858441
chr15	71528618	rs4238440
chr15	71529958	rs4357892
chr15	71530524	rs7165505
chr15	71531429	rs4482234
chr15	71531760	rs4378576
chr15	71531917	rs12440325
chr15	71534452	rs4777406
chr15	71538962	rs11072297
chr15	71539800	rs12442633
chr15	71541089	rs6494943
chr15	71541653	rs4777408
chr15	71541736	rs12148628
chr15	71544085	rs4777409
chr15	71545210	rs12440877
chr15	71547967	rs8023639
chr15	71548623	rs6494944
chr15	71548762	rs6494945
chr15	71548774	rs6494946
chr15	71550741	rs6494947
chr15	71550976	rs7181633
chr15	71551310	rs8035401
chr15	71551531	rs8037079
chr15	71551772	rs8036361
chr15	71552016	rs12148748
chr15	71554988	rs4447378
chr15	71555973	rs11633192
chr15	71559794	rs10775204
chr15	71561608	rs7183453
chr15	71562643	rs11072298
chr15	71563532	rs12907205
chr15	71563753	rs11857297
chr15	71564345	rs12912888
chr15	71565029	rs8040598
chr15	71567101	rs4537970
chr15	71568507	rs8042355
chr15	71571726	rs4073105
chr15	71572638	rs12592346
chr15	71574293	rs3923493
chr15	71574369	rs3923492
chr15	71574962	rs7166967
chr15	71577045	rs4340286
chr15	71577133	rs4321149
chr15	71580080	rs11072304
chr15	71583671	rs12591454
chr15	71591591	rs4459504
chr15	71592214	rs12917034
chr15	71592653	rs8027825
chr15	71596534	rs4777414
chr15	71597728	rs7176825
chr15	71597969	rs11635147
chr15	71599698	rs4613019
chr15	71599876	rs4398066
chr15	71601220	rs7175384
chr15	71605530	rs4349100
chr15	71605997	rs4430697
chr15	71608889	rs4354882
chr15	71609106	rs11854845
chr15	71610195	rs13379966
chr15	71610216	rs16955842
chr15	71610326	rs13379548
chr15	71610479	rs12903601
chr15	71610497	rs4777417
chr15	71612496	rs11858418
chr15	71612710	rs13329645
chr15	71613173	rs1501429
chr15	71614439	rs17728202
chr15	71614470	rs8032448
chr15	71614511	rs8032794
chr15	71615405	rs17795798
chr15	71616339	rs986761
chr15	71616904	rs17795871
chr15	71617151	rs1983033
chr15	71617730	rs11853535
chr15	71617925	rs12905774
chr15	71618376	rs12910343
chr15	71619612	rs7182578
chr15	71620244	rs1875419
chr15	71621719	rs11632368
chr15	71622939	rs985868
chr15	71624842	rs7171279
chr15	71626866	rs4572339
chr15	71627820	rs7167646
chr15	71628680	rs12437451
chr15	71628870	rs6494949
chr15	71629296	rs950667
chr15	71629404	rs1392989
chr15	71629500	rs950668
chr15	71629696	rs1875417
chr15	71629869	rs1875415
chr15	71630134	rs11630997
chr15	71631871	rs4776565
chr15	71632775	rs1542879
chr15	71634594	rs4777425
chr15	71634784	rs2279787
chr15	71634862	rs2279786
chr15	71635431	rs7161829
chr15	71635774	rs12917055
chr15	71638281	rs7180181
chr15	71639262	rs16955919
chr15	71642273	rs7173503
chr15	71646018	rs11072313
chr15	71647229	rs16955938
chr15	71647972	rs1501419
chr15	71648112	rs8042292
chr15	71648279	rs8026249
chr15	71648294	rs8027671
chr15	71649002	rs1392987
chr15	71651071	rs16955948
chr15	71651903	rs4777428
chr15	71652296	rs1995331
chr15	71652671	rs17735225
chr15	71652888	rs17797257
chr15	71653067	rs7182335
chr15	71653623	rs5028694
chr15	71654931	rs4404024
chr15	71655767	rs1875418
chr15	71656937	rs1995335
chr15	71656987	rs1995336
chr15	71657524	rs12442547
chr15	71658557	rs16955995
chr15	71658748	rs7496585
chr15	71659714	rs954458
chr15	71661338	rs7180939
chr15	71662595	rs8026078
chr15	71663797	rs8032461
chr15	71666657	rs7169459
chr15	71668238	rs8036118
chr15	71669947	rs16956030
chr15	71675013	rs4777435
chr15	71675207	rs931728
chr15	71675404	rs16956043
chr15	71675878	rs11636006
chr15	71675998	rs11072321
chr15	71677513	rs4776567
chr15	71678425	rs8026748
chr15	71683615	rs7163924
chr15	71683652	rs7163774
chr15	71684245	rs7165100
chr15	71685107	rs8033100
chr15	71687041	rs11855321
chr15	71690255	rs7180648
chr15	71691435	rs1566573
chr15	71694890	rs8038380
chr15	71697811	rs4777439
chr15	71701014	rs11634282
chr15	71701416	rs8027960
chr15	71702423	rs2173877
chr15	71702917	rs8033791
chr15	71705726	rs872471
chr15	71707939	rs12591953
chr15	71709960	rs1501422
chr15	71711869	rs1604335
chr15	71715014	rs1995332
chr15	71715149	rs17799275
chr15	71715385	rs11632479
chr15	71716484	rs4776572
chr15	71716854	rs2047685
chr15	71718359	rs8033309
chr15	71718473	rs11857668
chr15	71719001	rs17737516
chr15	71725441	rs17737569
chr15	71725783	rs2102119
chr15	71726130	rs4777450
chr15	71726194	rs8037434
chr15	71726594	rs11633690
chr15	71727165	rs8041918
chr15	71727252	rs8042236
chr15	71727265	rs13379892
chr15	71730416	rs17737742
chr15	71731083	rs2277540
chr15	71732836	rs4777451
chr15	71733640	rs11072323
chr15	71738602	rs4776573
chr15	71739424	rs11636972
chr15	71745271	rs2291994
chr15	71746125	rs6494961
chr15	71747462	rs12101956
chr15	71748435	rs1872056
chr15	71748795	rs3816768
chr15	71749300	rs16956149
chr15	71752913	rs17810997
chr15	71757842	rs8026307
chr15	71758097	rs924555
chr15	71758169	rs924556
chr15	71767710	rs1564693
chr15	71772380	rs11072326
chr15	71774519	rs8042337
chr15	71774622	rs6494967
chr15	71777666	rs3825804
chr15	71778590	rs7402189
chr15	71780218	rs1054260
chr15	71780850	rs17811309
chr15	71782166	rs12594531
chr15	71783525	rs3743052
chr15	71785308	rs7173835
chr15	71788941	rs11639050
chr15	71790285	rs900542
chr15	71792354	rs11634405
chr15	71801273	rs7495064
chr15	71801632	rs6494968
chr15	71802517	rs16956225
chr15	71803372	rs11632611
chr15	71805122	rs900543
chr15	71809756	rs3784309
chr15	71811087	rs3784310
chr15	71813204	rs2415120
chr15	71815928	rs2723343
chr15	71820512	rs12898728
chr15	71820577	rs12898868
chr15	71822191	rs34343226
chr15	71822889	rs2246225
chr15	71823200	rs8747
chr15	71824761	rs16956273
chr15	71827228	rs10518970
chr15	71833693	rs2625530
chr15	71836785	rs11856068
chr15	71840267	rs4776579
chr15	71844531	rs4777466
chr15	71844931	rs36032558
chr15	71846137	rs4777467
chr15	71846249	rs4511483
chr15	71846378	rs4526973
chr15	71850278	rs2306578
chr15	71850874	rs12899485
chr15	71853596	rs982752
chr15	71868623	rs7403191
chr15	71874914	rs8041246
chr15	71878345	rs2306576
chr15	71880645	rs972029
chr15	71880751	rs972028
chr15	71881490	rs35145719
chr15	71882270	rs9302260
chr15	71882779	rs8036307
chr15	71885318	rs12903304
chr15	71886156	rs8033997
chr15	71891773	rs7177242
chr15	71892627	rs2054601
chr15	71895178	rs3784313
chr15	71898732	rs2415128
chr15	71898925	rs2415129
chr15	71902888	rs2291277
chr15	71903377	rs2291276
chr15	71911176	rs7175373
chr15	71914467	rs2899774
chr15	71914730	rs4776581
chr15	71915463	rs4777471
chr15	71918421	rs1979459
chr15	71922724	rs12906711
chr15	71927647	rs2929515
chr15	71933937	rs2929514
chr15	71935130	rs2306489
chr15	71937193	rs1384007
chr15	71947788	rs1481861
chr15	71949516	rs1481860
chr15	71951325	rs2279283
chr15	71953106	rs11072338
chr15	71953307	rs1481862
chr15	71955864	rs2957725
chr15	71957280	rs1871834
chr15	71958400	rs1074330
chr15	71960157	rs12916951
chr15	71960655	rs12902006
chr15	71963377	rs11634608
chr15	71968519	rs2929531
chr15	71969044	rs2957734
chr15	71969606	rs2929530
chr15	71972832	rs2957735
chr15	71973069	rs2957737
chr15	71974823	rs748472
chr15	71974874	rs12595228
chr15	71976645	rs10518979
chr15	71976996	rs2929528
chr15	71980381	rs28368570
chr15	71986744	rs4777478
chr15	71988092	rs2957747
chr15	71991751	rs16956452
chr15	71992306	rs12592364
chr15	71995515	rs2929525
chr15	71995736	rs2957745
chr15	71999774	rs2306488
chr15	72000861	rs2035379
chr15	72003987	rs1545825
chr15	72007140	rs12903484
chr15	72007393	rs8034336
chr15	72007690	rs3759820
chr15	72010326	rs2200056
chr15	72013641	rs2929522
chr15	72015350	rs2957740
chr15	72019269	rs3825869
chr15	72022204	rs4511484
chr15	72023066	rs2957369
chr15	72036656	rs4777480
chr15	72037565	rs2957368
chr15	72039917	rs2957750
chr15	72040407	rs2929518
chr15	72041267	rs2957749
chr15	72041938	rs12914070
chr15	72047693	rs8032957
chr15	72057982	rs2929520
chr15	72058703	rs35554838
chr15	72063057	rs4131630
chr15	72069601	rs12593857
chr15	72072771	rs7164646
chr15	72074326	rs34638996
chr15	72076506	rs9920148
chr15	72084202	rs4777484
chr15	72084500	rs12440299
chr15	72084707	rs7183055
chr15	72092142	rs7172309
chr15	72093254	rs11854720
chr15	72097607	rs8182011
chr15	72104016	rs34625473
chr15	72108093	rs11072346
chr15	72108760	rs2415131
chr15	72110660	rs8030815
chr15	72111214	rs12914312
chr15	72115038	rs12916039
chr15	72115728	rs12901886
chr15	72126774	rs12592044
chr15	72131855	rs7171446
chr15	72136375	rs7178613
chr15	72137648	rs2034879
chr15	72138093	rs4777489
chr15	72140803	rs13858
chr15	72154672	rs16956599
chr15	72155280	rs2305705
chr15	72155770	rs16956602
chr15	72159486	rs3759900
chr15	72164278	rs12440204
chr15	72169824	rs11072348
chr15	72170490	rs7182776
chr15	72173536	rs8029218
chr15	72174458	rs3743224
chr15	72181270	rs12442886
chr15	72186172	rs8026894
chr15	72194168	rs10851850
chr15	72200011	rs8192431
chr15	72200438	rs8040828
chr15	72201407	rs3825949
chr15	72204421	rs2856929
chr15	72216797	rs4506844
chr15	72220807	rs8192386
chr15	72221978	rs1037680
chr15	72224251	rs8192381
chr15	72226677	rs8192373
chr15	72236768	rs12324744
chr15	72243397	rs4776588
chr15	72243609	rs7165735
chr15	72243764	rs9806184
chr15	72244169	rs9806204
chr15	72251772	rs1426168
chr15	72252060	rs7183196
chr15	72253516	rs3803388
chr15	72256424	rs12904652
chr15	72259139	rs7161909
chr15	72259371	rs11637611
chr15	72260031	rs12911285
chr15	72261081	rs1000281
chr15	72265757	rs1426169
chr15	72266719	rs4776589
chr15	72268301	rs6494997
chr15	72272018	rs12909590
chr15	72273446	rs10518987
chr15	72274274	rs1035744
chr15	72275616	rs2912231
chr15	72279962	rs11631113
chr15	72285731	rs4777498
chr15	72299845	rs12440435
chr15	72302371	rs2959933
chr15	72303547	rs12440927
chr15	72306273	rs2959930
chr15	72307722	rs2959926
chr15	72308086	rs9672916
chr15	72308152	rs2959925
chr15	72310368	rs2912221
chr15	72312241	rs2912222
chr15	72315985	rs2912224
chr15	72317357	rs2162236
chr15	72321144	rs11072355
chr15	72326162	rs2912205
chr15	72334005	rs4777500
chr15	72336463	rs4776593
chr15	72336623	rs16956723
chr15	72337380	rs4777501
chr15	72343488	rs11629508
chr15	72344460	rs2288258
chr15	72344809	rs12904378
chr15	72345619	rs2288259
chr15	72346371	rs2303448
chr15	72346662	rs1800430
chr15	72347852	rs2303449
chr15	72352320	rs12915032
chr15	72354391	rs11857752
chr15	72355693	rs10220917
chr15	72357169	rs963375
chr15	72357448	rs16956783
chr15	72360438	rs6495002
chr15	72363900	rs11633028
chr15	72368329	rs4777504
chr15	72374083	rs12899167
chr15	72376198	rs4777505
chr15	72377539	rs4777506
chr15	72377730	rs4777507
chr15	72386397	rs11630430
chr15	72386664	rs16956890
chr15	72392606	rs16956893
chr15	72399860	rs4556749
chr15	72402899	rs10152810
chr15	72409436	rs16956917
chr15	72421617	rs4776596
chr15	72425532	rs12443036
chr15	72432948	rs12441724
chr15	72433827	rs7178141
chr15	72445774	rs2899780
chr15	72445952	rs2415137
chr15	72450305	rs17751175
chr15	72453565	rs1812842
chr15	72456387	rs2706460
chr15	72475437	rs7174825
chr15	72479307	rs35150214
chr15	72484876	rs11632652
chr15	72489956	rs1133316
chr15	72490826	rs12595243
chr15	72491160	rs11072372
chr15	72492141	rs8026681
chr15	72492467	rs8030499
chr15	72508512	rs4777513
chr15	72517047	rs2577574
chr15	72517330	rs12902245
chr15	72519061	rs8038734
chr15	72525706	rs1562250
chr15	72527804	rs16957050
chr15	72529596	rs1992160
chr15	72530535	rs10438370
chr15	72534710	rs16957064
chr15	72534915	rs12914512
chr15	72539526	rs2415135
chr15	72542376	rs1160608
chr15	72542674	rs12148733
chr15	72543743	rs12914829
chr15	72544049	rs16957095
chr15	72549851	rs7175376
chr15	72550364	rs12904334
chr15	72551444	rs7177472
chr15	72554013	rs4776602
chr15	72561065	rs8028467
chr15	72567429	rs2278694
chr15	72571451	rs2415141
chr15	72574658	rs3883867
chr15	72582428	rs16957148
chr15	72583501	rs4777517
chr15	72586431	rs17825866
chr15	72588333	rs17753089
chr15	72593430	rs8035238
chr15	72593533	rs10851858
chr15	72601109	rs11634683
chr15	72624925	rs6495013
chr15	72630335	rs2016661
chr15	72630353	rs2016662
chr15	72672818	rs12441929
chr15	72674463	rs4776609
chr15	72682306	rs11072380
chr15	72683161	rs17753627
chr15	72685861	rs7178130
chr15	72686190	rs11637927
chr15	72703918	rs11072383
chr15	72714609	rs12594320
chr15	72715552	rs730180
chr15	72715782	rs2012253
chr15	72718443	rs8033644
chr15	72723419	rs12372979
chr15	72727627	rs3759870
chr15	72732527	rs8024986
chr15	72735137	rs2277598
chr15	72742900	rs10459647
chr15	72752234	rs9460
chr15	72757881	rs4777534
chr15	72760504	rs8023358
chr15	72771178	rs16957293
chr15	72772586	rs8031691
chr15	72773530	rs10519024
chr15	72778941	rs12594938
chr15	72784861	rs2278543
chr15	72785401	rs7176223
chr15	72785612	rs1346165
chr15	72786867	rs16957297
chr15	72787163	rs7182854
chr15	72788726	rs8032586
chr15	72794132	rs11631352
chr15	72794390	rs12439200
chr15	72795025	rs7178409
chr15	72801650	rs7164727
chr15	72801863	rs7166595
chr15	72804677	rs6495018
chr15	72809244	rs2010133
chr15	72809439	rs3850987
chr15	72811917	rs16957315
chr15	72812094	rs4777546
chr15	72816380	rs1593508
chr15	72817288	rs2415168
chr15	72818627	rs12907817
chr15	72819084	rs12908492
chr15	72819376	rs7178889
chr15	72821349	rs1299735
chr15	72826728	rs1284048
chr15	72828002	rs1284049
chr15	72829632	rs4514651
chr15	72834149	rs17827948
chr15	72834798	rs998549
chr15	72835843	rs2167031
chr15	72847555	rs12902334
chr15	72851158	rs17755356
chr15	72851180	rs17755397
chr15	72854524	rs17828296
chr15	72855591	rs12232328
chr15	72856004	rs8034787
chr15	72857317	rs11072392
chr15	72857825	rs12439063
chr15	72858330	rs11072394
chr15	72859638	rs17828399
chr15	72860118	rs7497113
chr15	72863321	rs8028727
chr15	72864515	rs1868472
chr15	72865817	rs4640154
chr15	72867532	rs987385
chr15	72867673	rs6416497
chr15	72870575	rs6495026
chr15	72887697	rs11072395
chr15	72890279	rs8041735
chr15	72894177	rs1947219
chr15	72902562	rs1449269
chr15	72905324	rs16957448
chr15	72908144	rs11635651
chr15	72910780	rs11852401
chr15	72913094	rs2197894
chr15	72913875	rs2100202
chr15	72918528	rs11636130
chr15	72926912	rs4442780
chr15	72932439	rs11858225
chr15	72934908	rs7171864
chr15	72935328	rs2415212
chr15	72938425	rs8035210
chr15	72938508	rs8034178
chr15	72938670	rs8034355
chr15	72939884	rs4777568
chr15	72943333	rs1823338
chr15	72952634	rs12442084
chr15	72953138	rs4575500
chr15	72954099	rs11072398
chr15	72958144	rs4238458
chr15	72961908	rs16957509
chr15	72962204	rs11632630
chr15	72965384	rs1900901
chr15	72965900	rs4776621
chr15	72966469	rs7183175
chr15	72967653	rs921261
chr15	72970350	rs2415209
chr15	72970708	rs8025665
chr15	72971064	rs12909626
chr15	72976832	rs4076146
chr15	72980443	rs4366688
chr15	72981230	rs12443302
chr15	72982702	rs8033954
chr15	72983946	rs4522396
chr15	72984008	rs4572358
chr15	72984054	rs4260030
chr15	72984590	rs7164592
chr15	72989540	rs7172629
chr15	72991840	rs9920504
chr15	72992619	rs11858307
chr15	72994811	rs7172316
chr15	72998314	rs9920771
chr15	72998351	rs7496513
chr15	73004630	rs9920701
chr15	73008554	rs9806341
chr15	73010500	rs6495043
chr15	73016291	rs8036599
chr15	73021350	rs4274405
chr15	73029438	rs4577059
chr15	73038082	rs6495044
chr15	73038842	rs7173710
chr15	73041521	rs4436752
chr15	73042498	rs7163543
chr15	73042652	rs4638547
chr15	73050440	rs13379875
chr15	73055845	rs11856466
chr15	73057292	rs11632639
chr15	73065610	rs4132535
chr15	73065855	rs4132536
chr15	73066904	rs7497831
chr15	73071046	rs11632079
chr15	73071899	rs7180017
chr15	73078126	rs4625692
chr15	73083506	rs4777585
chr15	73091522	rs8032762
chr15	73098449	rs8031718
chr15	73103318	rs6495052
chr15	73104419	rs6495053
chr15	73109128	rs11856537
chr15	73110101	rs922516
chr15	73110562	rs4777589
chr15	73111353	rs16957640
chr15	73114747	rs4777590
chr15	73115803	rs10467949
chr15	73117475	rs8039640
chr15	73117560	rs8039533
chr15	73123540	rs7175329
chr15	73125224	rs6495056
chr15	73128898	rs6495057
chr15	73129212	rs7163504
chr15	73137262	rs16957661
chr15	73137830	rs17762146
chr15	73144581	rs4539561
chr15	73146281	rs1023924
chr15	73154139	rs8037761
chr15	73156662	rs7172021
chr15	73161474	rs12050774
chr15	73163630	rs11072404
chr15	73169125	rs1017809
chr15	73170060	rs7176908
chr15	73173136	rs1979409
chr15	73174995	rs899480
chr15	73177194	rs12901649
chr15	73180464	rs4570800
chr15	73180546	rs1479340
chr15	73182302	rs17829830
chr15	73185141	rs12050685
chr15	73193556	rs17829957
chr15	73193710	rs2127277
chr15	73193975	rs2127278
chr15	73196412	rs17762600
chr15	73202836	rs1620369
chr15	73205533	rs1564345
chr15	73208277	rs11634045
chr15	73232288	rs2046017
chr15	73235429	rs2680346
chr15	73236596	rs747873
chr15	73237257	rs1871385
chr15	73249172	rs3736510
chr15	73255386	rs8024434
chr15	73258909	rs2251205
chr15	73261028	rs2623991
chr15	73262203	rs12903941
chr15	73264461	rs1320241
chr15	73264603	rs10518997
chr15	73265293	rs2660826
chr15	73271154	rs489873
chr15	73272540	rs1131854
chr15	73273309	rs8027588
chr15	73278975	rs1895842
chr15	73284312	rs10438294
chr15	73286187	rs11072411
chr15	73289103	rs489531
chr15	73292443	rs499098
chr15	73293926	rs2252725
chr15	73297910	rs2660821
chr15	73298238	rs2292915
chr15	73298749	rs533460
chr15	73298882	rs12442755
chr15	73306207	rs8040516
chr15	73306266	rs531019
chr15	73311798	rs2680342
chr15	73320036	rs524457
chr15	73320492	rs549377
chr15	73322067	rs3743496
chr15	73322493	rs529004
chr15	73327656	rs494493
chr15	73327969	rs498005
chr15	73328858	rs471192
chr15	73333554	rs488156
chr15	73334098	rs3859014
chr15	73334629	rs3859015
chr15	73335745	rs2623998
chr15	73335827	rs12905211
chr15	73335873	rs8030574
chr15	73336373	rs2623997
chr15	73338345	rs478438
chr15	73339489	rs3784807
chr15	73340528	rs512943
chr15	73343020	rs488784
chr15	73345431	rs11857639
chr15	73352055	rs568760
chr15	73357252	rs477377
chr15	73358483	rs3826046
chr15	73359833	rs7164883
chr15	73360668	rs12440104
chr15	73361144	rs2680344
chr15	73363920	rs11638230
chr15	73364427	rs8024056
chr15	73370973	rs8038766
chr15	73372400	rs8040533
chr15	73378974	rs11634550
chr15	73387960	rs7174643
chr15	73390367	rs6495063
chr15	73390526	rs6495064
chr15	73402568	rs8039343
chr15	73404766	rs13329478
chr15	73410211	rs1863403
chr15	73411279	rs13379778
chr15	73411823	rs11072418
chr15	73421617	rs4362355
chr15	73428148	rs11072419
chr15	73428365	rs11072420
chr15	73430364	rs10519002
chr15	73430924	rs2415151
chr15	73440215	rs8033242
chr15	73440232	rs8032265
chr15	73441450	rs16957901
chr15	73441789	rs16957905
chr15	73442465	rs7177731
chr15	73445744	rs1582742
chr15	73457267	rs11635553
chr15	73458140	rs3889590
chr15	73459124	rs16957918
chr15	73464874	rs8043384
chr15	73473731	rs8023326
chr15	73482036	rs8039395
chr15	73482702	rs10162605
chr15	73508178	rs11854374
chr15	73522963	rs1585944
chr15	73537231	rs7173068
chr15	73538319	rs2415152
chr15	73541259	rs7176074
chr15	73549920	rs1481088
chr15	73554156	rs7168736
chr15	73555434	rs11854774
chr15	73556467	rs922687
chr15	73558060	rs7172407
chr15	73558239	rs7171755
chr15	73562702	rs7169976
chr15	73564707	rs16958010
chr15	73565885	rs16958014
chr15	73566074	rs17185294
chr15	73567514	rs8037836
chr15	73567977	rs16958019
chr15	73568148	rs11856313
chr15	73572335	rs9920359
chr15	73572490	rs11854138
chr15	73583326	rs7166673
chr15	73586229	rs6495069
chr15	73592367	rs8028749
chr15	73600611	rs12185108
chr15	73608022	rs13380245
chr15	73613411	rs7166504
chr15	73625972	rs7178806
chr15	73630572	rs1481087
chr15	73636844	rs1383616
chr15	73637518	rs12148532
chr15	73641103	rs1564494
chr15	73641377	rs1564492
chr15	73642988	rs899981
chr15	73647093	rs7178269
chr15	73650001	rs11072428
chr15	73670898	rs4075802
chr15	73676378	rs7497012
chr15	73678906	rs11633159
chr15	73681941	rs8036954
chr15	73685996	rs8038465
chr15	73688664	rs6495075
chr15	73689360	rs11072430
chr15	73693923	rs12594627
chr15	73697480	rs7176701
chr15	73701230	rs12593558
chr15	73705647	rs11574484
chr15	73705673	rs11574485
chr15	73706665	rs7176654
chr15	73707234	rs7178133
chr15	73707571	rs11072433
chr15	73709665	rs3825859
chr15	73710513	rs11072434
chr15	73711595	rs11574495
chr15	73713259	rs3816661
chr15	73714350	rs1044581
chr15	73720068	rs1038093
chr15	73720096	rs1038094
chr15	73722311	rs1871229
chr15	73724281	rs4886520
chr15	73727495	rs1382421
chr15	73728296	rs16958177
chr15	73729773	rs2127018
chr15	73729788	rs16958188
chr15	73729814	rs11853120
chr15	73730676	rs2279154
chr15	73730763	rs11637413
chr15	73730796	rs2279155
chr15	73735944	rs4887111
chr15	73736228	rs12917099
chr15	73742907	rs4887122
chr15	73744288	rs896598
chr15	73746365	rs1452392
chr15	73746432	rs12442096
chr15	73750156	rs751033
chr15	73754322	rs4887140
chr15	73754360	rs4887141
chr15	73759864	rs8040531
chr15	73760415	rs7162423
chr15	73761398	rs12913205
chr15	73762850	rs12899897
chr15	73763884	rs7172656
chr15	73763982	rs7171779
chr15	73766092	rs11858842
chr15	73766740	rs2415230
chr15	73767956	rs12440563
chr15	73769803	rs3743098
chr15	73772465	rs11631452
chr15	73774215	rs4887161
chr15	73774492	rs4887164
chr15	73774696	rs11634382
chr15	73776039	rs7169087
chr15	73777368	rs12903734
chr15	73781306	rs1564239
chr15	73783195	rs2218949
chr15	73783267	rs16958237
chr15	73784826	rs7169729
chr15	73786283	rs11072441
chr15	73787664	rs11072442
chr15	73788333	rs17773784
chr15	73789180	rs1869175
chr15	73789242	rs1869176
chr15	73795706	rs4886611
chr15	73797392	rs4886616
chr15	73797452	rs4886617
chr15	73797693	rs16958268
chr15	73798969	rs1869174
chr15	73799531	rs1963477
chr15	73800436	rs8030494
chr15	73800587	rs4886623
chr15	73802323	rs16958273
chr15	73803399	rs4886630
chr15	73805560	rs16958292
chr15	73807695	rs2045931
chr15	73807791	rs1452378
chr15	73808355	rs9920550
chr15	73809064	rs17188111
chr15	73810354	rs12148568
chr15	73810823	rs16958303
chr15	73812254	rs7174255
chr15	73812719	rs4886412
chr15	73813152	rs896588
chr15	73814276	rs874955
chr15	73815076	rs16958307
chr15	73815274	rs746653
chr15	73815336	rs746655
chr15	73815371	rs746654
chr15	73816878	rs4886646
chr15	73818226	rs4886415
chr15	73818655	rs4886416
chr15	73819002	rs921535
chr15	73821072	rs4886418
chr15	73822428	rs2061803
chr15	73823176	rs999742
chr15	73823961	rs6495081
chr15	73825171	rs2127017
chr15	73826460	rs11633467
chr15	73828044	rs8026593
chr15	73830932	rs4145873
chr15	73831223	rs4145874
chr15	73832202	rs4886425
chr15	73833277	rs10519014
chr15	73837444	rs16958372
chr15	73840750	rs8030745
chr15	73841018	rs41449350
chr15	73841072	rs11855112
chr15	73846481	rs1452389
chr15	73846737	rs1452388
chr15	73846798	rs1901571
chr15	73848641	rs4577028
chr15	73848897	rs4886693
chr15	73850695	rs4886694
chr15	73854903	rs1823718
chr15	73855637	rs11637249
chr15	73857246	rs4338750
chr15	73864805	rs7175814
chr15	73870844	rs744616
chr15	73870935	rs2290346
chr15	73872787	rs4886717
chr15	73874114	rs11072447
chr15	73878665	rs4886725
chr15	73879672	rs4445847
chr15	73879812	rs4272992
chr15	73881327	rs7496005
chr15	73883462	rs12915956
chr15	73883936	rs11639300
chr15	73884569	rs12902040
chr15	73885423	rs12438872
chr15	73889197	rs13638
chr15	73892906	rs12440507
chr15	73895596	rs12914489
chr15	73906472	rs4886467
chr15	73912569	rs4558370
chr15	73919207	rs4461027
chr15	73926125	rs16958477
chr15	73928957	rs1550437
chr15	73929861	rs2165241
chr15	73930646	rs1078967
chr15	73932655	rs4886776
chr15	73932765	rs8041642
chr15	73932852	rs8041685
chr15	73934561	rs4243039
chr15	73936123	rs893816
chr15	73936469	rs4886782
chr15	73936724	rs893817
chr15	73936854	rs893818
chr15	73939098	rs12440667
chr15	73939516	rs9944214
chr15	73943159	rs2304719
chr15	73944779	rs1530169
chr15	73945679	rs10775207
chr15	73948013	rs2304721
chr15	73948894	rs893821
chr15	73949408	rs2304722
chr15	73950905	rs12437465
chr15	73951556	rs12441138
chr15	73952003	rs3522
chr15	73952269	rs7173049
chr15	73953334	rs12442211
chr15	73955603	rs12904518
chr15	73958964	rs11854876
chr15	73960067	rs10152173
chr15	73962780	rs10152898
chr15	73966108	rs4886809
chr15	73968642	rs12898704
chr15	73977186	rs2415187
chr15	73982607	rs7174985
chr15	73982829	rs11636934
chr15	73983335	rs2507
chr15	73983751	rs2289412
chr15	73983887	rs2289413
chr15	73989507	rs734854
chr15	73990002	rs4993000
chr15	73990539	rs3816197
chr15	73994541	rs2301273
chr15	73998652	rs3784563
chr15	73998682	rs3784562
chr15	73999635	rs11636016
chr15	74007529	rs10162627
chr15	74011008	rs11072463
chr15	74012841	rs11072464
chr15	74013625	rs8039584
chr15	74016599	rs4886844
chr15	74019348	rs12592370
chr15	74020453	rs11072468
chr15	74023958	rs10851868
chr15	74024702	rs2277599
chr15	74025021	rs3825941
chr15	74027629	rs11636065
chr15	74028137	rs1052242
chr15	74032841	rs2304716
chr15	74034216	rs2304717
chr15	74034370	rs2304718
chr15	74036235	rs9479
chr15	74036680	rs752004
chr15	74038742	rs10851869
chr15	74038870	rs1550434
chr15	74039044	rs1550435
chr15	74039318	rs12917449
chr15	74039667	rs1078555
chr15	74039847	rs3784556
chr15	74041072	rs876383
chr15	74043464	rs12438442
chr15	74044292	rs5742915
chr15	74046121	rs1036673
chr15	74046598	rs6772
chr15	74050989	rs723434
chr15	74054315	rs8024150
chr15	74055382	rs8029133
chr15	74061220	rs4886868
chr15	74109820	rs12439091
chr15	74127885	rs12904268
chr15	74139374	rs12440766
chr15	74141855	rs8038527
chr15	74148078	rs8033129
chr15	74155655	rs11635599
chr15	74161760	rs7171331
chr15	74165683	rs12442054
chr15	74165840	rs17326524
chr15	74168534	rs3848159
chr15	74169379	rs4886574
chr15	74170288	rs4887066
chr15	74173930	rs923118
chr15	74174125	rs1385650
chr15	74175515	rs1052622
chr15	74176425	rs3888004
chr15	74176756	rs3848161
chr15	74179858	rs10910
chr15	74179953	rs11631944
chr15	74180694	rs4886578
chr15	74180732	rs12912578
chr15	74181398	rs736118
chr15	74184898	rs351237
chr15	74188338	rs11635868
chr15	74190656	rs351230
chr15	74190679	rs351229
chr15	74196083	rs11857410
chr15	74196866	rs351219
chr15	74197072	rs733163
chr15	74202047	rs12912258
chr15	74202605	rs11639369
chr15	74205847	rs11633768
chr15	74207066	rs351223
chr15	74207764	rs12915846
chr15	74219894	rs531491
chr15	74220887	rs435293
chr15	74222312	rs368416
chr15	74222965	rs16966903
chr15	74224086	rs748608
chr15	74224334	rs351178
chr15	74227090	rs351181
chr15	74232389	rs11632233
chr15	74234255	rs6495091
chr15	74236644	rs351175
chr15	74239077	rs12913651
chr15	74239695	rs3848163
chr15	74242817	rs11858661
chr15	74244760	rs189497
chr15	74245213	rs7175533
chr15	74245412	rs11633101
chr15	74248374	rs11629834
chr15	74250345	rs4887121
chr15	74252807	rs1564784
chr15	74253301	rs351159
chr15	74253698	rs351160
chr15	74256432	rs9783698
chr15	74258141	rs435137
chr15	74260234	rs735980
chr15	74266268	rs94899
chr15	74274684	rs2959019
chr15	74275079	rs2930847
chr15	74278235	rs8031291
chr15	74283608	rs2930848
chr15	74283925	rs351214
chr15	74284397	rs351213
chr15	74284524	rs351211
chr15	74284672	rs351209
chr15	74284863	rs351207
chr15	74285704	rs351203
chr15	74285734	rs351202
chr15	74286439	rs12591873
chr15	74286678	rs2959014
chr15	74287089	rs351201
chr15	74291062	rs1484213
chr15	74294414	rs981502
chr15	74294952	rs901133
chr15	74295624	rs4887128
chr15	74295683	rs1484212
chr15	74296039	rs173272
chr15	74299223	rs12592974
chr15	74299355	rs2279375
chr15	74299925	rs2279376
chr15	74303471	rs351187
chr15	74304153	rs2279378
chr15	74305917	rs351184
chr15	74306992	rs11634685
chr15	74312493	rs2930291
chr15	74318059	rs2899825
chr15	74323166	rs11072478
chr15	74324236	rs2959008
chr15	74325498	rs2930302
chr15	74328398	rs2930306
chr15	74330116	rs2277602
chr15	74330192	rs2277603
chr15	74330208	rs2277604
chr15	74330337	rs1564782
chr15	74334881	rs2279356
chr15	74335331	rs11635047
chr15	74335901	rs900802
chr15	74336550	rs2959003
chr15	74336633	rs2959002
chr15	74336729	rs900798
chr15	74338282	rs2279357
chr15	74345526	rs11632698
chr15	74346624	rs12916123
chr15	74347768	rs1484215
chr15	74350693	rs1843090
chr15	74363242	rs7174179
chr15	74369553	rs2073475
chr15	74370046	rs16968477
chr15	74370470	rs16968478
chr15	74370692	rs9806234
chr15	74370924	rs4886595
chr15	74372510	rs8039957
chr15	74372610	rs4278698
chr15	74373173	rs4077581
chr15	74374026	rs4432229
chr15	74375168	rs3803463
chr15	74375417	rs3825944
chr15	74377042	rs7163158
chr15	74378483	rs4598865
chr15	74379184	rs4555110
chr15	74383317	rs7172632
chr15	74388801	rs9806307
chr15	74389711	rs8026319
chr15	74394199	rs4887142
chr15	74396246	rs12441582
chr15	74404743	rs4243086
chr15	74410320	rs2075594
chr15	74412247	rs5015024
chr15	74413341	rs885740
chr15	74414602	rs1046146
chr15	74417225	rs2075590
chr15	74417634	rs2075589
chr15	74420959	rs11857558
chr15	74422864	rs11852686
chr15	74424268	rs8036030
chr15	74425561	rs8023274
chr15	74431150	rs8031284
chr15	74431303	rs1992145
chr15	74437262	rs1866113
chr15	74442159	rs2899826
chr15	74442274	rs750608
chr15	74442478	rs750607
chr15	74442826	rs3985310
chr15	74443323	rs7161990
chr15	74444683	rs4887150
chr15	74445608	rs1030889
chr15	74447400	rs11854461
chr15	74452058	rs2289187
chr15	74452760	rs7163775
chr15	74456674	rs7166701
chr15	74468654	rs4544202
chr15	74469821	rs4077703
chr15	74477993	rs8027459
chr15	74481133	rs11632086
chr15	74490379	rs7169023
chr15	74497063	rs11072489
chr15	74497842	rs10851872
chr15	74502186	rs6495108
chr15	74506167	rs8037436
chr15	74512119	rs4887155
chr15	74513110	rs17343071
chr15	74514096	rs16969612
chr15	74516885	rs12591497
chr15	74523574	rs2415240
chr15	74525348	rs35107470
chr15	74525791	rs8040745
chr15	74530753	rs8029116
chr15	74531782	rs11072492
chr15	74540457	rs6495112
chr15	74546765	rs2415242
chr15	74551688	rs16953854
chr15	74553404	rs8028430
chr15	74558954	rs12593898
chr15	74559075	rs7178568
chr15	74561147	rs8029215
chr15	74568344	rs10851873
chr15	74571778	rs7171838
chr15	74573068	rs10459601
chr15	74573099	rs10459648
chr15	74573541	rs4887159
chr15	74575759	rs16970170
chr15	74577097	rs8041357
chr15	74579550	rs11629946
chr15	74580405	rs4887163
chr15	74581338	rs7497036
chr15	74591510	rs4886601
chr15	74592106	rs12898794
chr15	74592750	rs9635320
chr15	74593607	rs6495116
chr15	74596822	rs11072494
chr15	74596957	rs7496380
chr15	74598013	rs3184088
chr15	74598790	rs11072495
chr15	74599126	rs3825943
chr15	74601720	rs12594316
chr15	74603486	rs12443108
chr15	74606078	rs4073149
chr15	74607159	rs6495117
chr15	74619671	rs6495118
chr15	74619987	rs11543198
chr15	74623547	rs2068982
chr15	74628191	rs11072496
chr15	74630651	rs11547808
chr15	74642099	rs6495119
chr15	74643553	rs4128436
chr15	74647929	rs7161903
chr15	74650418	rs7497749
chr15	74655722	rs7497342
chr15	74659016	rs11072497
chr15	74661846	rs11072498
chr15	74676532	rs11072499
chr15	74698995	rs9672559
chr15	74711167	rs6495121
chr15	74720644	rs1048943
chr15	74723851	rs4646421
chr15	74727108	rs2470893
chr15	74733473	rs12441817
chr15	74733647	rs4886605
chr15	74735539	rs2472297
chr15	74741059	rs2472299
chr15	74741568	rs2472300
chr15	74746141	rs2069519
chr15	74746892	rs2069522
chr15	74748031	rs2069525
chr15	74749000	rs2069526
chr15	74749576	rs762551
chr15	74750940	rs4646425
chr15	74751897	rs2472304
chr15	74753351	rs4646427
chr15	74755085	rs2470890
chr15	74760430	rs11854147
chr15	74764017	rs11631682
chr15	74764862	rs4886406
chr15	74773667	rs16972486
chr15	74773955	rs11633539
chr15	74775406	rs16972511
chr15	74785026	rs1378942
chr15	74787499	rs16972620
chr15	74788115	rs16972628
chr15	74788344	rs8033381
chr15	74788531	rs2168519
chr15	74788737	rs2168518
chr15	74791571	rs12442901
chr15	74795538	rs4886409
chr15	74800043	rs2301249
chr15	74801048	rs2229730
chr15	74802540	rs11553762
chr15	74803142	rs7085
chr15	74804011	rs8039046
chr15	74804102	rs1378938
chr15	74808786	rs2899827
chr15	74813537	rs4886620
chr15	74813797	rs4886619
chr15	74815539	rs7176022
chr15	74815790	rs11637637
chr15	74816295	rs3803568
chr15	74816816	rs28397782
chr15	74817633	rs16972853
chr15	74819643	rs1531162
chr15	74820742	rs1531163
chr15	74821981	rs11636952
chr15	74823075	rs7180484
chr15	74823554	rs7162232
chr15	74830515	rs3743487
chr15	74833304	rs6495122
chr15	74836160	rs9210
chr15	74837253	rs2290573
chr15	74839226	rs8039777
chr15	74839320	rs4886615
chr15	74839618	rs936227
chr15	74839823	rs936228
chr15	74839978	rs936229
chr15	74840879	rs881536
chr15	74844103	rs872263
chr15	74844353	rs12487
chr15	74844911	rs11017
chr15	74848513	rs3765066
chr15	74850420	rs2305668
chr15	74852202	rs2305667
chr15	74852757	rs936230
chr15	74853980	rs16973078
chr15	74856989	rs17336243
chr15	74857892	rs7165811
chr15	74863555	rs11630918
chr15	74867092	rs11072511
chr15	74878642	rs8025170
chr15	74882685	rs6495126
chr15	74884896	rs8029351
chr15	74888780	rs8031937
chr15	74891594	rs11638130
chr15	74891743	rs11633472
chr15	74893329	rs7495739
chr15	74897589	rs1130741
chr15	74898349	rs7497201
chr15	74900663	rs1127796
chr15	74901282	rs7163332
chr15	74902149	rs6495127
chr15	74903835	rs4886636
chr15	74907551	rs11856413
chr15	74911685	rs11072512
chr15	74919884	rs1133323
chr15	74920016	rs1133322
chr15	74922448	rs12909335
chr15	74928674	rs11854704
chr15	74933074	rs8042694
chr15	74936505	rs4886642
chr15	74939111	rs12901190
chr15	74941915	rs11072517
chr15	74942269	rs11072518
chr15	74949814	rs2415251
chr15	74961073	rs35556055
chr15	74962981	rs6495132
chr15	74965147	rs8033883
chr15	74972850	rs12050759
chr15	74978313	rs8041468
chr15	74978787	rs1561893
chr15	74978888	rs1867153
chr15	74988085	rs7163390
chr15	74995481	rs12911421
chr15	74997381	rs3812945
chr15	74997624	rs3812944
chr15	75002689	rs6495135
chr15	75008916	rs12906126
chr15	75012699	rs7174129
chr15	75013923	rs17421513
chr15	75014454	rs7342601
chr15	75014522	rs7342591
chr15	75016496	rs4886648
chr15	75018695	rs2289583
chr15	75019846	rs13056
chr15	75020411	rs17337152
chr15	75022987	rs7173218
chr15	75023437	rs2304903
chr15	75026141	rs3850093
chr15	75026311	rs3910748
chr15	75028092	rs8042558
chr15	75028921	rs8028632
chr15	75036254	rs4886649
chr15	75036750	rs12917120
chr15	75037818	rs4886417
chr15	75041843	rs2120019
chr15	75044388	rs2304899
chr15	75048299	rs2304900
chr15	75051601	rs7166105
chr15	75052110	rs4886651
chr15	75054419	rs7163636
chr15	75056371	rs12908919
chr15	75063732	rs12591175
chr15	75065365	rs2083730
chr15	75071016	rs1867147
chr15	75071535	rs11854975
chr15	75072586	rs4886652
chr15	75077277	rs7173833
chr15	75077439	rs12898259
chr15	75081892	rs12901243
chr15	75090201	rs12148488
chr15	75091886	rs8034281
chr15	75092034	rs12148697
chr15	75092427	rs8038911
chr15	75093227	rs4886655
chr15	75093281	rs7162941
chr15	75101379	rs8040061
chr15	75123621	rs2029519
chr15	75127202	rs3743212
chr15	75129790	rs4479194
chr15	75132252	rs7172677
chr15	75138635	rs16966775
chr15	75140176	rs11072526
chr15	75144114	rs11072528
chr15	75147439	rs8033754
chr15	75151692	rs8025412
chr15	75155432	rs8027604
chr15	75156541	rs12441881
chr15	75157333	rs4886670
chr15	75158216	rs8040372
chr15	75167562	rs11637464
chr15	75168422	rs2899793
chr15	75172710	rs6495163
chr15	75173127	rs16966780
chr15	75179753	rs16966785
chr15	75182595	rs17338413
chr15	75191411	rs11636245
chr15	75201063	rs34838371
chr15	75203986	rs1532155
chr15	75207520	rs11072532
chr15	75209453	rs11072533
chr15	75228604	rs34739817
chr15	75236841	rs1565496
chr15	75304012	rs12594013
chr15	75316491	rs3866545
chr15	75316689	rs8031650
chr15	75326073	rs7164429
chr15	75330602	rs9673084
chr15	75340019	rs3803465
chr15	75340526	rs11853141
chr15	75349373	rs5745909
chr15	75351418	rs7182283
chr15	75356309	rs3803466
chr15	75358495	rs1128933
chr15	75358631	rs3809549
chr15	75362170	rs34879829
chr15	75377738	rs9972533
chr15	75391744	rs8028277
chr15	75393741	rs4526985
chr15	75399962	rs4886699
chr15	75402194	rs7175852
chr15	75419542	rs11856344
chr15	75420140	rs6495174
chr15	75426118	rs34608804
chr15	75426328	rs8028182
chr15	75432362	rs4886702
chr15	75438025	rs4886703
chr15	75439886	rs4886443
chr15	75440652	rs4886704
chr15	75444111	rs6495176
chr15	75447483	rs4451914
chr15	75449754	rs8038760
chr15	75450553	rs7162587
chr15	75454862	rs4886705
chr15	75454878	rs4886706
chr15	75463126	rs4886707
chr15	75470267	rs4886708
chr15	75472002	rs8034317
chr15	75473981	rs11855799
chr15	75477691	rs11632813
chr15	75487214	rs9806241
chr15	75497103	rs4299117
chr15	75498303	rs7164541
chr15	75506965	rs11638974
chr15	75508086	rs8027749
chr15	75510859	rs12708519
chr15	75514570	rs12324230
chr15	75516631	rs8029112
chr15	75517862	rs12909600
chr15	75520133	rs28610581
chr15	75520812	rs8030802
chr15	75521824	rs6495181
chr15	75522047	rs6495182
chr15	75522363	rs8023815
chr15	75523417	rs11636031
chr15	75532996	rs11636199
chr15	75552756	rs7163907
chr15	75557435	rs28693593
chr15	75560443	rs4430707
chr15	75562391	rs11635996
chr15	75571994	rs4075522
chr15	75598271	rs3210683
chr15	75598348	rs1128585
chr15	75599382	rs35276980
chr15	75600747	rs11072552
chr15	75617462	rs11547316
chr15	75622796	rs4886718
chr15	75626854	rs11634828
chr15	75629295	rs4886722
chr15	75632102	rs11634402
chr15	75633251	rs11856606
chr15	75635376	rs9920028
chr15	75635734	rs8025681
chr15	75635851	rs7166281
chr15	75637415	rs4886452
chr15	75637858	rs12101874
chr15	75639788	rs13737
chr15	75644357	rs8026113
chr15	75649522	rs28363828
chr15	75656330	rs4073214
chr15	75657822	rs11638663
chr15	75658261	rs4886726
chr15	75658392	rs8609
chr15	75660272	rs11072554
chr15	75660933	rs11632887
chr15	75661755	rs12593327
chr15	75663878	rs8034958
chr15	75664155	rs11857516
chr15	75664766	rs11855122
chr15	75665034	rs4886727
chr15	75665587	rs7164179
chr15	75669177	rs4886728
chr15	75669451	rs4886729
chr15	75671885	rs8031394
chr15	75672828	rs4616261
chr15	75673411	rs8041033
chr15	75674754	rs1127648
chr15	75677729	rs8023621
chr15	75679164	rs4592617
chr15	75679335	rs8034760
chr15	75679686	rs12898809
chr15	75687771	rs4414463
chr15	75691754	rs11634290
chr15	75698332	rs8043292
chr15	75699110	rs10851883
chr15	75699452	rs11072558
chr15	75718568	rs4886734
chr15	75722088	rs11637353
chr15	75722215	rs34611707
chr15	75723056	rs10163112
chr15	75723526	rs4886456
chr15	75723716	rs13329104
chr15	75724831	rs4503758
chr15	75729493	rs749161
chr15	75731380	rs10467951
chr15	75732516	rs8028002
chr15	75734466	rs2405900
chr15	75736028	rs17424999
chr15	75750009	rs2009508
chr15	75778764	rs9672824
chr15	75779689	rs4886742
chr15	75790678	rs2655133
chr15	75805249	rs1818174
chr15	75809092	rs11072561
chr15	75814824	rs28695645
chr15	75815389	rs1829130
chr15	75816209	rs2593284
chr15	75818675	rs2405781
chr15	75822946	rs1568084
chr15	75826751	rs3991319
chr15	75832232	rs8040754
chr15	75833037	rs2675221
chr15	75834030	rs12050778
chr15	75837301	rs1562404
chr15	75842260	rs8182037
chr15	75852640	rs2593275
chr15	75858624	rs2593280
chr15	75858740	rs4886747
chr15	75858828	rs2441928
chr15	75866606	rs16967559
chr15	75866642	rs1394125
chr15	75872007	rs2460801
chr15	75881190	rs2441930
chr15	75882787	rs4886748
chr15	75883787	rs2460798
chr15	75883969	rs1039547
chr15	75892399	rs335711
chr15	75896407	rs16967626
chr15	75900088	rs17427548
chr15	75901963	rs335684
chr15	75904368	rs2255701
chr15	75918026	rs335697
chr15	75927424	rs2648435
chr15	75927820	rs17427842
chr15	75927944	rs335675
chr15	75929595	rs335678
chr15	75929799	rs335679
chr15	75930927	rs335681
chr15	75933379	rs17428029
chr15	75940641	rs2648437
chr15	75955362	rs335729
chr15	75968089	rs17428804
chr15	75968212	rs16967747
chr15	75969652	rs985849
chr15	75980481	rs10444808
chr15	75982171	rs1499063
chr15	75984088	rs2133409
chr15	75991601	rs4886753
chr15	75997701	rs10851884
chr15	76001630	rs11072566
chr15	76002529	rs334941
chr15	76003390	rs334940
chr15	76005791	rs4886755
chr15	76012162	rs10851885
chr15	76013107	rs7177048
chr15	76021507	rs2454209
chr15	76023201	rs7174280
chr15	76035240	rs184580
chr15	76043560	rs1624809
chr15	76057771	rs334930
chr15	76058175	rs1498198
chr15	76058611	rs1498196
chr15	76066714	rs7183492
chr15	76071746	rs2955733
chr15	76074535	rs12911337
chr15	76075354	rs2959842
chr15	76081285	rs2955737
chr15	76081714	rs2935989
chr15	76086261	rs2959843
chr15	76089674	rs12443370
chr15	76089988	rs17429587
chr15	76099900	rs2955745
chr15	76101326	rs10519121
chr15	76101352	rs16967831
chr15	76101893	rs992436
chr15	76103090	rs2221075
chr15	76103216	rs2959836
chr15	76105852	rs2935974
chr15	76105865	rs2201830
chr15	76107178	rs2955753
chr15	76111446	rs1988645
chr15	76111752	rs2405419
chr15	76113550	rs16967858
chr15	76113988	rs2959830
chr15	76114779	rs11072572
chr15	76116207	rs2955764
chr15	76117520	rs7181548
chr15	76117584	rs7181904
chr15	76121188	rs2959823
chr15	76127767	rs904283
chr15	76128581	rs904282
chr15	76129889	rs4886481
chr15	76129901	rs2935979
chr15	76135653	rs885388
chr15	76135832	rs904279
chr15	76140482	rs12441886
chr15	76143299	rs2955726
chr15	76143907	rs2955725
chr15	76144168	rs2955724
chr15	76144320	rs12905758
chr15	76145221	rs2959863
chr15	76145629	rs2935969
chr15	76145642	rs8043371
chr15	76147401	rs2955723
chr15	76149641	rs12442282
chr15	76151323	rs2955760
chr15	76152354	rs2959862
chr15	76153348	rs868576
chr15	76153791	rs2955742
chr15	76156435	rs2955732
chr15	76156455	rs2935971
chr15	76157373	rs882791
chr15	76161994	rs2959860
chr15	76164110	rs7163654
chr15	76164579	rs16967934
chr15	76169945	rs12902022
chr15	76170234	rs2959856
chr15	76174238	rs2957038
chr15	76178414	rs8038526
chr15	76180116	rs4261493
chr15	76181035	rs2469559
chr15	76181919	rs2469560
chr15	76184982	rs2456051
chr15	76185721	rs12902506
chr15	76186749	rs2456050
chr15	76187003	rs7174889
chr15	76187884	rs2460154
chr15	76190277	rs4886777
chr15	76190719	rs16967958
chr15	76191001	rs12901160
chr15	76193195	rs2957037
chr15	76193625	rs2959853
chr15	76196772	rs2456046
chr15	76197576	rs2456045
chr15	76197614	rs2469564
chr15	76198206	rs4886779
chr15	76202534	rs870295
chr15	76202747	rs869452
chr15	76203891	rs937732
chr15	76204876	rs2959850
chr15	76210954	rs2255408
chr15	76213077	rs4886780
chr15	76213565	rs12442436
chr15	76214865	rs2938691
chr15	76224707	rs3784449
chr15	76229457	rs959991
chr15	76229763	rs4886783
chr15	76235289	rs8033494
chr15	76236490	rs12595211
chr15	76239179	rs4886485
chr15	76251569	rs2469548
chr15	76259511	rs12913096
chr15	76262449	rs12592501
chr15	76269777	rs2469541
chr15	76270397	rs8042654
chr15	76273262	rs4886789
chr15	76276238	rs2176623
chr15	76278783	rs1850722
chr15	76279269	rs8042255
chr15	76282287	rs2469214
chr15	76282680	rs17458234
chr15	76286421	rs1801591
chr15	76286749	rs10519134
chr15	76286893	rs2291449
chr15	76288186	rs8039063
chr15	76295146	rs8029637
chr15	76297154	rs7180462
chr15	76303375	rs2469209
chr15	76303909	rs4886791
chr15	76309530	rs17361504
chr15	76310596	rs12439484
chr15	76316021	rs12437866
chr15	76316345	rs11631423
chr15	76316840	rs7171795
chr15	76317382	rs2469534
chr15	76320752	rs4886792
chr15	76330427	rs4886794
chr15	76330562	rs4886489
chr15	76336099	rs4886490
chr15	76337268	rs3866543
chr15	76337962	rs4636879
chr15	76340146	rs1810348
chr15	76342339	rs11634019
chr15	76346850	rs908817
chr15	76348089	rs2460161
chr15	76348317	rs2469225
chr15	76357221	rs11072591
chr15	76358361	rs17362383
chr15	76369584	rs4886491
chr15	76377239	rs2078437
chr15	76378575	rs1568083
chr15	76380885	rs4886798
chr15	76381286	rs17460201
chr15	76381375	rs3765115
chr15	76382283	rs744336
chr15	76384900	rs4886799
chr15	76386685	rs4886493
chr15	76394186	rs2957607
chr15	76398265	rs12907805
chr15	76400536	rs16968201
chr15	76404294	rs2957614
chr15	76404427	rs3743175
chr15	76407514	rs8030411
chr15	76408460	rs12591100
chr15	76409012	rs4886801
chr15	76415725	rs7164813
chr15	76432541	rs16968212
chr15	76434124	rs1607017
chr15	76438731	rs4633676
chr15	76440218	rs17363364
chr15	76440239	rs16968231
chr15	76440706	rs16968233
chr15	76444714	rs284908
chr15	76446618	rs4886495
chr15	76446730	rs10519141
chr15	76447004	rs4886804
chr15	76447043	rs4886805
chr15	76449228	rs284907
chr15	76449398	rs284906
chr15	76451961	rs284904
chr15	76452472	rs284903
chr15	76458354	rs284898
chr15	76464362	rs157776
chr15	76468550	rs17364076
chr15	76470645	rs11635463
chr15	76472898	rs157783
chr15	76477279	rs1587381
chr15	76479721	rs2469249
chr15	76488710	rs437131
chr15	76500498	rs157763
chr15	76507919	rs157760
chr15	76508021	rs12148786
chr15	76508414	rs182253
chr15	76512197	rs8041308
chr15	76519049	rs1603856
chr15	76521579	rs2461870
chr15	76523674	rs12441433
chr15	76527374	rs16968336
chr15	76531306	rs2454454
chr15	76541438	rs157768
chr15	76541497	rs17365438
chr15	76545880	rs4886813
chr15	76550060	rs12437981
chr15	76552709	rs12437627
chr15	76570682	rs2439992
chr15	76577448	rs2120107
chr15	76577588	rs2120108
chr15	76582366	rs4886816
chr15	76585361	rs4886817
chr15	76586021	rs16968382
chr15	76610165	rs10851888
chr15	76615035	rs2083762
chr15	76617690	rs1867197
chr15	76622187	rs8038119
chr15	76626345	rs2468122
chr15	76631576	rs2439984
chr15	76638464	rs11072610
chr15	76643336	rs7181506
chr15	76655642	rs11072611
chr15	76658699	rs8036703
chr15	76666250	rs12440965
chr15	76669185	rs11072613
chr15	76671811	rs12904417
chr15	76679115	rs4886825
chr15	76685798	rs280013
chr15	76686577	rs7165053
chr15	76693100	rs7350777
chr15	76697003	rs2585730
chr15	76699787	rs279993
chr15	76700794	rs12440511
chr15	76702809	rs2930681
chr15	76711225	rs280001
chr15	76714818	rs2170998
chr15	76715297	rs6495214
chr15	76730995	rs10851889
chr15	76732126	rs8023896
chr15	76734185	rs1471780
chr15	76738451	rs2404602
chr15	76741593	rs920712
chr15	76742177	rs280024
chr15	76750901	rs11072619
chr15	76755395	rs4641709
chr15	76755574	rs12912475
chr15	76770698	rs11634136
chr15	76779657	rs7174673
chr15	76792643	rs11072625
chr15	76792912	rs2046415
chr15	76792942	rs2046416
chr15	76795444	rs11852395
chr15	76811138	rs9635380
chr15	76828855	rs4886832
chr15	76840981	rs11633869
chr15	76849696	rs12148874
chr15	76851172	rs7178759
chr15	76859219	rs11855534
chr15	76860868	rs2221866
chr15	76861045	rs1398241
chr15	76864076	rs4886837
chr15	76865829	rs4886838
chr15	76870743	rs11072632
chr15	76879869	rs12595586
chr15	76883817	rs3812908
chr15	76884150	rs10851892
chr15	76893445	rs11072636
chr15	76903145	rs17464903
chr15	76904612	rs907593
chr15	76908055	rs2137309
chr15	76914936	rs4886506
chr15	76915544	rs11637296
chr15	76917353	rs4886507
chr15	76926725	rs7179043
chr15	76926980	rs6495225
chr15	76931399	rs3764244
chr15	76937064	rs7164654
chr15	76938817	rs4886841
chr15	76940075	rs7183961
chr15	76943020	rs17380507
chr15	76947310	rs2280194
chr15	76949201	rs15939
chr15	76949410	rs1706848
chr15	76950981	rs925492
chr15	76954927	rs2469206
chr15	76955213	rs932046
chr15	76959548	rs12899543
chr15	76962203	rs12148386
chr15	76962688	rs2469205
chr15	76963789	rs2469204
chr15	76967145	rs2469195
chr15	76970148	rs17465482
chr15	76972235	rs17465510
chr15	76976025	rs2221867
chr15	76982731	rs1567670
chr15	76985259	rs2469200
chr15	76989069	rs2458247
chr15	76990543	rs2469202
chr15	76991636	rs11637631
chr15	76994352	rs2469229
chr15	76995677	rs2254441
chr15	76997700	rs1022197
chr15	76997820	rs1022198
chr15	76999257	rs869884
chr15	77003793	rs2469203
chr15	77006593	rs2469232
chr15	77009016	rs12908255
chr15	77010628	rs11639459
chr15	77011969	rs12905311
chr15	77014919	rs17465692
chr15	77015060	rs11072639
chr15	77015387	rs16968616
chr15	77015411	rs17465755
chr15	77015569	rs4886508
chr15	77017078	rs4075475
chr15	77018305	rs3812912
chr15	77019700	rs16968623
chr15	77020485	rs16968627
chr15	77021690	rs8029854
chr15	77022633	rs4420499
chr15	77030688	rs12903227
chr15	77032539	rs4078354
chr15	77034405	rs12438566
chr15	77042446	rs11630497
chr15	77043549	rs11636648
chr15	77043560	rs11636613
chr15	77058983	rs16968660
chr15	77062505	rs4886509
chr15	77067681	rs33940778
chr15	77076340	rs7169831
chr15	77085312	rs4886847
chr15	77086613	rs12372961
chr15	77088880	rs2404233
chr15	77089617	rs7402884
chr15	77090869	rs11856538
chr15	77098528	rs17466480
chr15	77099261	rs12899474
chr15	77107207	rs12905519
chr15	77108046	rs3743478
chr15	77108265	rs14726
chr15	77110402	rs1823100
chr15	77110765	rs11639079
chr15	77110886	rs11639197
chr15	77111408	rs12901370
chr15	77114054	rs3743479
chr15	77118536	rs12904384
chr15	77123146	rs4886510
chr15	77124207	rs17466989
chr15	77126663	rs16968680
chr15	77127472	rs12905339
chr15	77131171	rs2044453
chr15	77134274	rs16968681
chr15	77141119	rs11637488
chr15	77144653	rs11632999
chr15	77158622	rs12909704
chr15	77159008	rs12910419
chr15	77159712	rs7496431
chr15	77163572	rs4243045
chr15	77176677	rs17382798
chr15	77177301	rs11630770
chr15	77178122	rs12898388
chr15	77178763	rs11856513
chr15	77180529	rs10519162
chr15	77185531	rs1374201
chr15	77192614	rs12912053
chr15	77202179	rs17383239
chr15	77214085	rs2100054
chr15	77215704	rs8028830
chr15	77219703	rs11636803
chr15	77221637	rs35562610
chr15	77222798	rs2292594
chr15	77228655	rs34572155
chr15	77241546	rs11632941
chr15	77243443	rs16968730
chr15	77247760	rs11639314
chr15	77250955	rs12913233
chr15	77284225	rs4886857
chr15	77297193	rs7182221
chr15	77299193	rs6495237
chr15	77304383	rs11857294
chr15	77309268	rs11630843
chr15	77310356	rs11633318
chr15	77313191	rs9806326
chr15	77316405	rs11636554
chr15	77329664	rs17384809
chr15	77334613	rs17384857
chr15	77345470	rs17385059
chr15	77350888	rs17469938
chr15	77354162	rs1191196
chr15	77360026	rs4886862
chr15	77365340	rs1565757
chr15	77367751	rs7162362
chr15	77368003	rs17470228
chr15	77372559	rs1493699
chr15	77378059	rs12914345
chr15	77379776	rs16968809
chr15	77381117	rs7166927
chr15	77381680	rs4886864
chr15	77388668	rs3784787
chr15	77402265	rs16968817
chr15	77405361	rs12912084
chr15	77406225	rs17386174
chr15	77408574	rs17470952
chr15	77415974	rs16968829
chr15	77421244	rs34591043
chr15	77430685	rs10519167
chr15	77436947	rs12910225
chr15	77437915	rs12905890
chr15	77450682	rs4288963
chr15	77453420	rs8032071
chr15	77454848	rs7178572
chr15	77455674	rs12917143
chr15	77458068	rs11856084
chr15	77463208	rs17471480
chr15	77466658	rs12909547
chr15	77466953	rs2055901
chr15	77467401	rs12906220
chr15	77467805	rs12905548
chr15	77470151	rs17471697
chr15	77472720	rs2036896
chr15	77478697	rs907399
chr15	77479152	rs16968851
chr15	77482552	rs12591335
chr15	77485290	rs7119
chr15	77494561	rs12898281
chr15	77495127	rs11629835
chr15	77499399	rs12917103
chr15	77505381	rs883627
chr15	77505472	rs12911362
chr15	77511318	rs8040318
chr15	77511671	rs8042307
chr15	77514455	rs12910951
chr15	77515653	rs12898656
chr15	77515757	rs12916973
chr15	77516808	rs12902896
chr15	77522202	rs7181283
chr15	77525851	rs12917175
chr15	77526176	rs12916515
chr15	77526650	rs12901471
chr15	77531189	rs2055902
chr15	77532807	rs17394448
chr15	77537748	rs1317320
chr15	77538291	rs869301
chr15	77540333	rs7176875
chr15	77540420	rs7177055
chr15	77541283	rs11630540
chr15	77542404	rs4243046
chr15	77543315	rs17394732
chr15	77545640	rs12909292
chr15	77545744	rs4886874
chr15	77546077	rs4886875
chr15	77547419	rs11857860
chr15	77552033	rs907371
chr15	77552562	rs12900004
chr15	77553617	rs12904553
chr15	77556849	rs12902898
chr15	77557804	rs12917044
chr15	77559193	rs2137111
chr15	77566227	rs11630856
chr15	77566826	rs2682927
chr15	77569029	rs2271993
chr15	77570187	rs2667783
chr15	77571378	rs2682924
chr15	77571937	rs2667774
chr15	77573117	rs2682921
chr15	77574822	rs2667780
chr15	77575340	rs939490
chr15	77577575	rs2682920
chr15	77583249	rs2682911
chr15	77589781	rs884141
chr15	77591684	rs907374
chr15	77594522	rs4286073
chr15	77596582	rs4886883
chr15	77596765	rs4886884
chr15	77596850	rs4886886
chr15	77599598	rs11638674
chr15	77604855	rs16968998
chr15	77605004	rs16968999
chr15	77605134	rs907389
chr15	77609951	rs2867312
chr15	77612073	rs11072657
chr15	77612602	rs12591110
chr15	77612682	rs9806139
chr15	77613344	rs12438314
chr15	77613862	rs3144
chr15	77614803	rs3743481
chr15	77615433	rs2271397
chr15	77615442	rs2271398
chr15	77617860	rs907396
chr15	77620066	rs907400
chr15	77622885	rs7162113
chr15	77622940	rs8024932
chr15	77625974	rs1877294
chr15	77627238	rs9920101
chr15	77628700	rs9920132
chr15	77628834	rs9920127
chr15	77634194	rs9972481
chr15	77636037	rs8028788
chr15	77638610	rs16969027
chr15	77639582	rs11633639
chr15	77640096	rs11855155
chr15	77643650	rs11072660
chr15	77651516	rs2292417
chr15	77651593	rs2292416
chr15	77652100	rs2292415
chr15	77661536	rs11072661
chr15	77663145	rs2137110
chr15	77671545	rs9652490
chr15	77673826	rs13313467
chr15	77675074	rs8028808
chr15	77680428	rs11856808
chr15	77680670	rs11856876
chr15	77682118	rs7178761
chr15	77682322	rs11638112
chr15	77683420	rs4078063
chr15	77689122	rs4886894
chr15	77691460	rs12898861
chr15	77692138	rs4243047
chr15	77693212	rs12905478
chr15	77693926	rs9920633
chr15	77700940	rs11852429
chr15	77707094	rs11072662
chr15	77712401	rs4886898
chr15	77714912	rs4477663
chr15	77725019	rs4886902
chr15	77726512	rs4360891
chr15	77729745	rs11631237
chr15	77732925	rs4076999
chr15	77733983	rs10851896
chr15	77737681	rs7176668
chr15	77740365	rs12324894
chr15	77741926	rs3935685
chr15	77745782	rs12905542
chr15	77749437	rs8035384
chr15	77749447	rs11072670
chr15	77756650	rs7162468
chr15	77758040	rs8030681
chr15	77763137	rs11635700
chr15	77766414	rs9672504
chr15	77767146	rs4886524
chr15	77768205	rs6495246
chr15	77769056	rs4450363
chr15	77771243	rs11629474
chr15	77772322	rs8035460
chr15	77772882	rs12592419
chr15	77777089	rs6495247
chr15	77780947	rs8040813
chr15	77786561	rs4624137
chr15	77789316	rs11072674
chr15	77790436	rs5021303
chr15	77790898	rs8026726
chr15	77791756	rs4243050
chr15	77795430	rs7163336
chr15	77795785	rs11855944
chr15	77797474	rs7177234
chr15	77797497	rs7175762
chr15	77798288	rs7182069
chr15	77798569	rs12441652
chr15	77800381	rs12595659
chr15	77800856	rs7172936
chr15	77801221	rs6495249
chr15	77809567	rs3936093
chr15	77810128	rs4624134
chr15	77813761	rs11852704
chr15	77813835	rs6495250
chr15	77814822	rs4886919
chr15	77821079	rs4886526
chr15	77821774	rs4886921
chr15	77823656	rs4886922
chr15	77825343	rs6495252
chr15	77826602	rs7182805
chr15	77827003	rs4587942
chr15	77829145	rs11852322
chr15	77830425	rs7163029
chr15	77831186	rs4886927
chr15	77833242	rs11072679
chr15	77833423	rs10152457
chr15	77837622	rs7174757
chr15	77838755	rs4886932
chr15	77841796	rs12437900
chr15	77843637	rs12912051
chr15	77845199	rs4886935
chr15	77846845	rs4886937
chr15	77851157	rs4886944
chr15	77854317	rs7169661
chr15	77854910	rs8031512
chr15	77861508	rs4591100
chr15	77863206	rs7165969
chr15	77863896	rs8032467
chr15	77865738	rs4435230
chr15	77866551	rs10468064
chr15	77868020	rs3901402
chr15	77872364	rs11857176
chr15	77878299	rs4886949
chr15	77878792	rs34818499
chr15	77890483	rs4886534
chr15	77891883	rs4886958
chr15	77905011	rs8025691
chr15	77905451	rs8029550
chr15	77908239	rs4325521
chr15	77911571	rs12907152
chr15	77934218	rs4886976
chr15	77937254	rs12900579
chr15	77938564	rs4886979
chr15	77942295	rs12899446
chr15	77944011	rs7175950
chr15	77962877	rs11634300
chr15	77963916	rs11635760
chr15	77971783	rs4377127
chr15	77982262	rs4243072
chr15	77985922	rs10775214
chr15	77990191	rs4395040
chr15	77993777	rs7167778
chr15	77996320	rs16969367
chr15	77998872	rs9920180
chr15	78003543	rs17398057
chr15	78004493	rs16969397
chr15	78005183	rs894301
chr15	78010599	rs7174489
chr15	78012394	rs10519182
chr15	78017211	rs2241885
chr15	78017701	rs16969407
chr15	78019001	rs8030999
chr15	78023155	rs12594823
chr15	78032887	rs4886992
chr15	78034027	rs16969423
chr15	78034927	rs7173128
chr15	78036102	rs16969424
chr15	78038383	rs1837912
chr15	78039680	rs2044099
chr15	78042105	rs11639164
chr15	78042313	rs11634607
chr15	78044883	rs4886995
chr15	78045597	rs12593545
chr15	78046809	rs7170101
chr15	78047874	rs1837913
chr15	78048197	rs12591418
chr15	78050623	rs8033216
chr15	78052580	rs4886554
chr15	78057008	rs12148365
chr15	78062588	rs4886999
chr15	78068349	rs17477813
chr15	78070637	rs16969464
chr15	78071433	rs2867985
chr15	78072254	rs17399424
chr15	78072876	rs12901812
chr15	78078401	rs3803380
chr15	78078433	rs4887003
chr15	78082167	rs11072726
chr15	78082239	rs11631180
chr15	78085268	rs16969482
chr15	78090687	rs12903461
chr15	78090723	rs8039850
chr15	78090959	rs4438275
chr15	78092327	rs12910083
chr15	78093922	rs8028378
chr15	78098072	rs2289524
chr15	78098567	rs12593575
chr15	78099627	rs2867922
chr15	78100015	rs7182113
chr15	78103020	rs9806257
chr15	78105504	rs7164338
chr15	78105804	rs10456
chr15	78106372	rs1561807
chr15	78106419	rs3784326
chr15	78108298	rs16953973
chr15	78109659	rs11072729
chr15	78109916	rs3784327
chr15	78111973	rs11856417
chr15	78113275	rs16969507
chr15	78113850	rs16969508
chr15	78114617	rs17478430
chr15	78117947	rs16969514
chr15	78120674	rs1542101
chr15	78121184	rs2011323
chr15	78124842	rs16969520
chr15	78127134	rs8036417
chr15	78129327	rs11857947
chr15	78136998	rs2007540
chr15	78140507	rs11072732
chr15	78142581	rs11630013
chr15	78143185	rs9920103
chr15	78146676	rs12903696
chr15	78146778	rs2028548
chr15	78146923	rs16969548
chr15	78151289	rs11855354
chr15	78155682	rs3825848
chr15	78156114	rs11631100
chr15	78159661	rs8032618
chr15	78162453	rs7180687
chr15	78166143	rs3816253
chr15	78166455	rs2304825
chr15	78169115	rs17674205
chr15	78171144	rs3825847
chr15	78171548	rs11638547
chr15	78173785	rs2304824
chr15	78174255	rs11631653
chr15	78178200	rs8035724
chr15	78178768	rs17850484
chr15	78179612	rs17479031
chr15	78180302	rs12910386
chr15	78180676	rs17479135
chr15	78180967	rs12915634
chr15	78181207	rs9972613
chr15	78182134	rs2304823
chr15	78193847	rs2271902
chr15	78194818	rs2271901
chr15	78195241	rs12905325
chr15	78197220	rs4887012
chr15	78200702	rs869858
chr15	78200936	rs1105401
chr15	78205251	rs1554377
chr15	78206605	rs1011173
chr15	78207445	rs8033802
chr15	78207765	rs3825846
chr15	78209629	rs11854143
chr15	78211014	rs4536431
chr15	78211159	rs10851901
chr15	78211553	rs12900547
chr15	78211947	rs12902247
chr15	78212083	rs16969577
chr15	78212320	rs4887017
chr15	78214974	rs11629576
chr15	78216488	rs8035030
chr15	78217246	rs8036250
chr15	78218477	rs11072744
chr15	78227862	rs4887019
chr15	78232666	rs11072745
chr15	78233079	rs7179157
chr15	78233652	rs11634386
chr15	78234214	rs10162606
chr15	78234911	rs3813577
chr15	78235274	rs4886563
chr15	78236219	rs11637289
chr15	78237197	rs12443071
chr15	78238495	rs4886564
chr15	78238598	rs1533665
chr15	78238649	rs1533666
chr15	78240584	rs8043149
chr15	78241768	rs1010389
chr15	78243867	rs12591810
chr15	78244187	rs12904669
chr15	78244582	rs12439144
chr15	78245237	rs8036830
chr15	78247925	rs12916463
chr15	78251297	rs11633732
chr15	78252182	rs4887024
chr15	78252392	rs9888664
chr15	78253847	rs11633014
chr15	78254979	rs10851902
chr15	78255107	rs11639191
chr15	78255736	rs41422846
chr15	78259047	rs2139444
chr15	78266167	rs2037347
chr15	78266776	rs4887025
chr15	78268067	rs3813576
chr15	78268400	rs3813575
chr15	78268585	rs10152977
chr15	78269085	rs4887026
chr15	78270351	rs3743084
chr15	78271310	rs4886566
chr15	78272846	rs17402006
chr15	78273072	rs11629630
chr15	78273136	rs7163689
chr15	78273499	rs11853191
chr15	78273697	rs11856774
chr15	78275201	rs3813574
chr15	78275511	rs967821
chr15	78277588	rs8032417
chr15	78277608	rs11638991
chr15	78281277	rs3743083
chr15	78282445	rs2867933
chr15	78284865	rs1519820
chr15	78286317	rs7173851
chr15	78288139	rs2277551
chr15	78289596	rs16969675
chr15	78291189	rs876364
chr15	78291476	rs7170960
chr15	78292764	rs2280364
chr15	78293556	rs2280366
chr15	78294573	rs17480994
chr15	78295568	rs1040262
chr15	78295922	rs16969691
chr15	78299935	rs11635324
chr15	78302105	rs6495287
chr15	78306589	rs12593776
chr15	78307387	rs4491475
chr15	78308226	rs4268717
chr15	78309312	rs7183765
chr15	78314020	rs16969710
chr15	78314279	rs2013580
chr15	78314571	rs16969711
chr15	78317511	rs4887033
chr15	78317917	rs1973733
chr15	78325473	rs11856111
chr15	78325571	rs8027394
chr15	78325853	rs11630058
chr15	78326392	rs8031689
chr15	78326450	rs8032013
chr15	78330386	rs882929
chr15	78333215	rs7178402
chr15	78339017	rs3813573
chr15	78341253	rs2139440
chr15	78342389	rs12593362
chr15	78345596	rs16969725
chr15	78350376	rs8027180
chr15	78352543	rs7168166
chr15	78355620	rs4887041
chr15	78358414	rs12592250
chr15	78359636	rs16969738
chr15	78361221	rs2037348
chr15	78362469	rs11072756
chr15	78363879	rs8043303
chr15	78363977	rs3843956
chr15	78365378	rs2037349
chr15	78371663	rs8036879
chr15	78373946	rs9920270
chr15	78373969	rs9920189
chr15	78374545	rs4243078
chr15	78385934	rs12900333
chr15	78387495	rs10152251
chr15	78389023	rs4283201
chr15	78389734	rs4243082
chr15	78391709	rs11630879
chr15	78394327	rs11072761
chr15	78394481	rs11635084
chr15	78395583	rs4516196
chr15	78396492	rs2869040
chr15	78403569	rs11630315
chr15	78404150	rs6495296
chr15	78409023	rs8036991
chr15	78411289	rs4887052
chr15	78416373	rs7171749
chr15	78416590	rs6495300
chr15	78417595	rs12913946
chr15	78418424	rs7183034
chr15	78419461	rs2869030
chr15	78426557	rs2869045
chr15	78432127	rs1394371
chr15	78432303	rs12903150
chr15	78434543	rs12899131
chr15	78441389	rs17483721
chr15	78443983	rs11630228
chr15	78448622	rs2568494
chr15	78449276	rs7181486
chr15	78449934	rs2656073
chr15	78450034	rs17483929
chr15	78450412	rs10519198
chr15	78453365	rs2656069
chr15	78460001	rs2568483
chr15	78461029	rs11639224
chr15	78471943	rs3817092
chr15	78473908	rs1504550
chr15	78481929	rs8042238
chr15	78487042	rs12904234
chr15	78489984	rs16969899
chr15	78496881	rs965604
chr15	78497146	rs13180
chr15	78497334	rs2292116
chr15	78498719	rs3743079
chr15	78500185	rs1062980
chr15	78508074	rs6495304
chr15	78510244	rs9788682
chr15	78510527	rs9788721
chr15	78513681	rs8034191
chr15	78519390	rs12591557
chr15	78521704	rs10519203
chr15	78522102	rs12914694
chr15	78522339	rs7163730
chr15	78526811	rs952215
chr15	78533575	rs3885951
chr15	78534606	rs2036534
chr15	78539411	rs12915366
chr15	78540055	rs12916483
chr15	78540246	rs3813572
chr15	78540450	rs3813571
chr15	78540490	rs3813570
chr15	78541416	rs4886571
chr15	78542347	rs2292117
chr15	78548878	rs8053
chr15	78549947	rs1979906
chr15	78550709	rs12907966
chr15	78559273	rs2036527
chr15	78562581	rs11636732
chr15	78571130	rs667282
chr15	78573551	rs6495306
chr15	78578946	rs680244
chr15	78580519	rs621849
chr15	78580777	rs569207
chr15	78585221	rs481134
chr15	78586199	rs951266
chr15	78588745	rs12903575
chr15	78590583	rs16969968
chr15	78593646	rs615470
chr15	78595490	rs660652
chr15	78595652	rs472054
chr15	78596058	rs578776
chr15	78599285	rs12910984
chr15	78601997	rs1051730
chr15	78602554	rs3743077
chr15	78604205	rs938682
chr15	78606381	rs12914385
chr15	78615314	rs6495308
chr15	78615517	rs8042059
chr15	78615690	rs8042374
chr15	78617110	rs3743075
chr15	78617138	rs3743074
chr15	78618839	rs8040868
chr15	78618888	rs8192475
chr15	78622903	rs6495309
chr15	78625057	rs1948
chr15	78633676	rs950776
chr15	78636604	rs11636753
chr15	78637030	rs12441998
chr15	78637136	rs11072768
chr15	78638168	rs1316971
chr15	78649693	rs3971872
chr15	78654291	rs12594247
chr15	78655810	rs7181405
chr15	78656785	rs12900519
chr15	78661443	rs17487514
chr15	78664464	rs1996371
chr15	78668187	rs6495314
chr15	78671652	rs922691
chr15	78672020	rs12905641
chr15	78672156	rs8032156
chr15	78674313	rs11639372
chr15	78675926	rs11857532
chr15	78677917	rs16970006
chr15	78681051	rs8043123
chr15	78682203	rs8038920
chr15	78686022	rs4887077
chr15	78691217	rs11638372
chr15	78693000	rs3825806
chr15	78694463	rs8041377
chr15	78704734	rs11072791
chr15	78709357	rs12899940
chr15	78714100	rs11072793
chr15	78714240	rs11072794
chr15	78715608	rs11638490
chr15	78726682	rs11629637
chr15	78727268	rs3813565
chr15	78729566	rs1809412
chr15	78752523	rs2589373
chr15	78752712	rs7182567
chr15	78754647	rs12906835
chr15	78754943	rs3743068
chr15	78764427	rs1809420
chr15	78772325	rs7174367
chr15	78787170	rs12899147
chr15	78787892	rs1994016
chr15	78790089	rs2277547
chr15	78791472	rs11639044
chr15	78792338	rs12438008
chr15	78792466	rs1564499
chr15	78796665	rs3743057
chr15	78797392	rs7177699
chr15	78813008	rs11634042
chr15	78817960	rs9806363
chr15	78818751	rs4380028
chr15	78820495	rs8027833
chr15	78820596	rs8026598
chr15	78820873	rs6495333
chr15	78823530	rs7165902
chr15	78825954	rs7178051
chr15	78829031	rs7176187
chr15	78829883	rs4389111
chr15	78832133	rs4468572
chr15	78832985	rs7166405
chr15	78836157	rs4539564
chr15	78836547	rs7168915
chr15	78837481	rs8035039
chr15	78839864	rs11072810
chr15	78852784	rs7181240
chr15	78853456	rs7164529
chr15	78862746	rs4778909
chr15	78873099	rs8034658
chr15	78874776	rs11072813
chr15	78875261	rs8029659
chr15	78880424	rs17243470
chr15	78880663	rs17832351
chr15	78882530	rs7497610
chr15	78892045	rs9806693
chr15	78896813	rs10519218
chr15	78896940	rs12438433
chr15	78897790	rs10519219
chr15	78908180	rs16970254
chr15	78910407	rs17244648
chr15	78911232	rs12438191
chr15	78912784	rs1541965
chr15	78921850	rs5849
chr15	78921873	rs3129
chr15	78928244	rs4779112
chr15	78929565	rs2289697
chr15	78932341	rs2289700
chr15	78935915	rs16970287
chr15	78939136	rs12148472
chr15	78939176	rs11638844
chr15	78939977	rs11072815
chr15	78941926	rs2870085
chr15	78942522	rs11855406
chr15	78943104	rs3825932
chr15	78944473	rs11072817
chr15	78944591	rs11072818
chr15	78947377	rs1369324
chr15	78949634	rs16970344
chr15	78950397	rs2002832
chr15	78951229	rs876941
chr15	78957799	rs4408506
chr15	78960979	rs4778730
chr15	78963816	rs7183668
chr15	78964129	rs16970356
chr15	78971019	rs7183127
chr15	78971695	rs12101606
chr15	78971755	rs4238514
chr15	78972890	rs16970390
chr15	78973524	rs3743195
chr15	78974228	rs12903619
chr15	78974318	rs11072822
chr15	78974393	rs7174399
chr15	78975475	rs12914792
chr15	78978109	rs7173329
chr15	78978522	rs3743197
chr15	78978758	rs8037975
chr15	78979086	rs8038472
chr15	78979365	rs13379704
chr15	78981704	rs3743200
chr15	78982349	rs7168964
chr15	78984905	rs4778750
chr15	78988882	rs8024521
chr15	78991785	rs28603308
chr15	78992401	rs894783
chr15	78996292	rs11632207
chr15	78996639	rs754516
chr15	78997095	rs2870087
chr15	78998258	rs4778771
chr15	78998426	rs11633802
chr15	78998450	rs4778772
chr15	78998581	rs4778773
chr15	79000179	rs11072823
chr15	79001184	rs11631671
chr15	79003277	rs11629786
chr15	79003830	rs1562008
chr15	79004668	rs3784535
chr15	79005163	rs6495360
chr15	79006181	rs894780
chr15	79011111	rs7169735
chr15	79012128	rs8025124
chr15	79015873	rs930538
chr15	79016736	rs8032724
chr15	79017914	rs16970441
chr15	79017946	rs2304994
chr15	79019988	rs2304993
chr15	79029175	rs10851915
chr15	79029446	rs1373202
chr15	79034826	rs1373201
chr15	79034885	rs1822471
chr15	79035291	rs16970460
chr15	79035344	rs736554
chr15	79035840	rs734446
chr15	79040886	rs10152417
chr15	79044165	rs4778847
chr15	79046271	rs8023955
chr15	79047702	rs16970495
chr15	79048804	rs13379989
chr15	79050327	rs7166598
chr15	79051192	rs12911414
chr15	79051790	rs16970502
chr15	79051982	rs12440502
chr15	79052074	rs11072824
chr15	79055029	rs997285
chr15	79056120	rs4778857
chr15	79056570	rs4778626
chr15	79056995	rs4778861
chr15	79058834	rs894784
chr15	79060350	rs11634225
chr15	79063599	rs987057
chr15	79064289	rs12443101
chr15	79066524	rs736827
chr15	79066932	rs744060
chr15	79066968	rs729650
chr15	79067163	rs744059
chr15	79069748	rs7174521
chr15	79069817	rs11629697
chr15	79075451	rs6495364
chr15	79077354	rs6495365
chr15	79077658	rs8030257
chr15	79080071	rs7183818
chr15	79081335	rs6495366
chr15	79083005	rs6495367
chr15	79083789	rs6495368
chr15	79084259	rs755362
chr15	79086479	rs13380104
chr15	79086998	rs6495369
chr15	79087150	rs1007365
chr15	79094024	rs1443658
chr15	79098296	rs939657
chr15	79099727	rs1879648
chr15	79102235	rs13379776
chr15	79102552	rs13379886
chr15	79103821	rs7166639
chr15	79104401	rs7172107
chr15	79105764	rs4283213
chr15	79116590	rs8030485
chr15	79118368	rs2102999
chr15	79118926	rs12593555
chr15	79122254	rs939653
chr15	79122739	rs2870112
chr15	79124272	rs939655
chr15	79126495	rs1402759
chr15	79126514	rs4778904
chr15	79127903	rs8035606
chr15	79130161	rs1829673
chr15	79130384	rs8031638
chr15	79131608	rs16970597
chr15	79135108	rs7165489
chr15	79138638	rs7166140
chr15	79138721	rs939661
chr15	79140017	rs12595749
chr15	79143850	rs11634903
chr15	79146355	rs7182891
chr15	79146817	rs1402760
chr15	79151645	rs7181191
chr15	79151675	rs7181489
chr15	79153343	rs11631353
chr15	79153447	rs11631406
chr15	79154187	rs11631829
chr15	79155468	rs4778651
chr15	79157285	rs12903747
chr15	79162656	rs11857120
chr15	79164791	rs11629665
chr15	79166170	rs8031019
chr15	79168687	rs8027411
chr15	79169174	rs11072826
chr15	79170434	rs16970638
chr15	79171530	rs1474257
chr15	79171608	rs8034487
chr15	79171618	rs17175798
chr15	79173207	rs8041222
chr15	79173258	rs8024572
chr15	79173552	rs11634726
chr15	79175740	rs1560895
chr15	79186705	rs11630971
chr15	79188741	rs1106567
chr15	79189265	rs6495382
chr15	79189701	rs7165189
chr15	79191741	rs8028654
chr15	79192172	rs6495383
chr15	79192239	rs7167269
chr15	79193742	rs16970682
chr15	79194582	rs1434457
chr15	79196251	rs7170146
chr15	79202480	rs1865361
chr15	79203652	rs4390565
chr15	79204008	rs9302287
chr15	79204497	rs11856654
chr15	79205612	rs919965
chr15	79206118	rs7177356
chr15	79212537	rs1001460
chr15	79213579	rs4779008
chr15	79214549	rs16970715
chr15	79214575	rs12592646
chr15	79215668	rs16970717
chr15	79217082	rs1865360
chr15	79218567	rs4779012
chr15	79221222	rs939660
chr15	79221858	rs4779016
chr15	79222664	rs2030473
chr15	79223646	rs12904245
chr15	79233567	rs11072836
chr15	79234368	rs7183358
chr15	79239105	rs1434452
chr15	79241030	rs4779031
chr15	79241423	rs6495384
chr15	79244837	rs4147511
chr15	79244927	rs12903518
chr15	79248398	rs7170918
chr15	79249225	rs12916375
chr15	79253502	rs10519236
chr15	79254860	rs12909993
chr15	79255173	rs7177417
chr15	79255735	rs1434465
chr15	79257220	rs12902252
chr15	79258068	rs7173511
chr15	79258225	rs16970779
chr15	79258565	rs17177167
chr15	79259351	rs12442153
chr15	79260022	rs8024685
chr15	79260037	rs8025118
chr15	79260243	rs7163859
chr15	79260255	rs8025469
chr15	79260374	rs6495387
chr15	79260663	rs8031362
chr15	79261103	rs1865366
chr15	79261116	rs4779055
chr15	79261229	rs1865365
chr15	79261492	rs1032975
chr15	79261562	rs1032976
chr15	79263519	rs4779058
chr15	79264133	rs716363
chr15	79264978	rs1865364
chr15	79265284	rs8027980
chr15	79268681	rs12442191
chr15	79269600	rs12914320
chr15	79269766	rs1897806
chr15	79277864	rs12910135
chr15	79281062	rs8024156
chr15	79287168	rs11853142
chr15	79288535	rs1019987
chr15	79290623	rs11854854
chr15	79294019	rs8038778
chr15	79295622	rs2279960
chr15	79297866	rs7180169
chr15	79299434	rs12708526
chr15	79304906	rs2865197
chr15	79310597	rs3759860
chr15	79312440	rs11858942
chr15	79313844	rs3784543
chr15	79315535	rs3784545
chr15	79317873	rs8033304
chr15	79318235	rs4779073
chr15	79318669	rs7179024
chr15	79321882	rs8037898
chr15	79324879	rs12592336
chr15	79325167	rs2865228
chr15	79326290	rs7163643
chr15	79327776	rs3947042
chr15	79332139	rs4299130
chr15	79332217	rs4488417
chr15	79332466	rs11635848
chr15	79332569	rs17178444
chr15	79333240	rs16970860
chr15	79333388	rs12439191
chr15	79334527	rs12914186
chr15	79337609	rs7178487
chr15	79337621	rs7178044
chr15	79344060	rs8023863
chr15	79344765	rs1114640
chr15	79344848	rs1114641
chr15	79348482	rs8029892
chr15	79348611	rs8030533
chr15	79349425	rs7175793
chr15	79354369	rs3817111
chr15	79355809	rs1532957
chr15	79356150	rs8040894
chr15	79358414	rs2135891
chr15	79360400	rs6495401
chr15	79362975	rs12905004
chr15	79363718	rs8035788
chr15	79367271	rs1979967
chr15	79368082	rs6495402
chr15	79368276	rs7162565
chr15	79374639	rs2010459
chr15	79376001	rs11636916
chr15	79381384	rs7176811
chr15	79381469	rs7177291
chr15	79383077	rs10163182
chr15	79383629	rs12901908
chr15	79387499	rs1507677
chr15	79388407	rs9920077
chr15	79391755	rs7162312
chr15	79393018	rs6495404
chr15	79395555	rs11072841
chr15	79397030	rs8033096
chr15	79397750	rs12593960
chr15	79399359	rs11638050
chr15	79399992	rs1018192
chr15	79400066	rs2903059
chr15	79400106	rs1018191
chr15	79400796	rs12899123
chr15	79404359	rs1395936
chr15	79405504	rs2055716
chr15	79405713	rs2865696
chr15	79406212	rs12908673
chr15	79406804	rs4779079
chr15	79407501	rs2903062
chr15	79410853	rs4778695
chr15	79413177	rs925114
chr15	79418628	rs769768
chr15	79419048	rs769765
chr15	79425593	rs769763
chr15	79426711	rs769762
chr15	79426819	rs769761
chr15	79433475	rs4255747
chr15	79436545	rs11072847
chr15	79436771	rs4779083
chr15	79439875	rs4778696
chr15	79448347	rs1999832
chr15	79448659	rs16970938
chr15	79448677	rs16970943
chr15	79448816	rs7168209
chr15	79449251	rs7169963
chr15	79450437	rs11635770
chr15	79450628	rs7181409
chr15	79451188	rs873584
chr15	79453552	rs7165445
chr15	79453964	rs11630241
chr15	79454010	rs7166224
chr15	79456261	rs7183867
chr15	79457105	rs11634652
chr15	79457785	rs2902954
chr15	79457914	rs3750002
chr15	79457965	rs1004724
chr15	79463262	rs2297773
chr15	79464386	rs1970291
chr15	79464434	rs1538133
chr15	79467742	rs17180765
chr15	79467835	rs17265891
chr15	79471205	rs1046582
chr15	79477502	rs1415575
chr15	79477600	rs7498055
chr15	79478145	rs12907195
chr15	79479174	rs4779087
chr15	79480717	rs10519240
chr15	79481240	rs11636094
chr15	79481597	rs11637191
chr15	79493553	rs4779093
chr15	79495493	rs4778700
chr15	79496997	rs4779096
chr15	79497360	rs4779097
chr15	79500194	rs11858021
chr15	79503007	rs17181244
chr15	79504164	rs1415569
chr15	79505903	rs1337556
chr15	79507679	rs4779100
chr15	79507699	rs4779101
chr15	79510521	rs4313774
chr15	79510944	rs4423383
chr15	79511065	rs1970290
chr15	79511525	rs1001635
chr15	79511997	rs2865689
chr15	79512108	rs4238543
chr15	79513086	rs12915336
chr15	79513110	rs12915070
chr15	79513183	rs12915481
chr15	79520368	rs11630635
chr15	79520452	rs6495411
chr15	79521011	rs12324544
chr15	79521745	rs6495413
chr15	79522801	rs11638410
chr15	79523175	rs6495414
chr15	79523433	rs12591091
chr15	79523815	rs955665
chr15	79524400	rs4779109
chr15	79524774	rs2902957
chr15	79525566	rs11072859
chr15	79526680	rs11634089
chr15	79527529	rs1415571
chr15	79528415	rs2184933
chr15	79528472	rs8033660
chr15	79528942	rs11858937
chr15	79532586	rs4531695
chr15	79533344	rs11636243
chr15	79533398	rs10519275
chr15	79533730	rs1077875
chr15	79537642	rs1626458
chr15	79538188	rs1361089
chr15	79538224	rs1361090
chr15	79538302	rs1685144
chr15	79539041	rs936893
chr15	79541165	rs1765270
chr15	79542799	rs1685146
chr15	79543113	rs1765271
chr15	79544353	rs1685152
chr15	79544391	rs1685153
chr15	79547569	rs7181421
chr15	79547782	rs1765248
chr15	79548501	rs1685166
chr15	79548959	rs17183085
chr15	79553417	rs1613454
chr15	79554491	rs1685168
chr15	79554564	rs1685169
chr15	79554701	rs1685171
chr15	79555183	rs1765242
chr15	79562717	rs3120636
chr15	79562787	rs3120637
chr15	79563874	rs1685154
chr15	79563951	rs1932997
chr15	79568785	rs3975360
chr15	79570543	rs4779113
chr15	79570561	rs4778708
chr15	79570703	rs4779114
chr15	79571025	rs3848179
chr15	79571949	rs1337558
chr15	79573610	rs6495420
chr15	79573875	rs1765259
chr15	79574005	rs1765260
chr15	79574092	rs1765261
chr15	79574651	rs1685157
chr15	79574733	rs1765263
chr15	79575391	rs1765265
chr15	79577150	rs3103109
chr15	79577645	rs1765266
chr15	79583235	rs11858291
chr15	79585555	rs11854232
chr15	79587735	rs4779115
chr15	79588491	rs4779116
chr15	79591759	rs6495427
chr15	79591867	rs4778710
chr15	79593336	rs4779119
chr15	79593800	rs7172483
chr15	79598153	rs1319940
chr15	79598526	rs8039963
chr15	79599408	rs10519274
chr15	79601974	rs11852833
chr15	79602958	rs2865213
chr15	79603327	rs6495428
chr15	79603428	rs8038976
chr15	79603824	rs936894
chr15	79604698	rs1317866
chr15	79605928	rs4447384
chr15	79606009	rs11072865
chr15	79606321	rs16971150
chr15	79608436	rs4779124
chr15	79609526	rs16971151
chr15	79609925	rs2865200
chr15	79611030	rs2865199
chr15	79611396	rs11072866
chr15	79613528	rs16971153
chr15	79614002	rs7163832
chr15	79615301	rs1872825
chr15	79615435	rs1872826
chr15	79616179	rs2865196
chr15	79616223	rs2865195
chr15	79622484	rs4573896
chr15	79622593	rs7177674
chr15	79624458	rs4779127
chr15	79625405	rs10519271
chr15	79625814	rs10519270
chr15	79626036	rs10519269
chr15	79626369	rs3848182
chr15	79627613	rs4779128
chr15	79627958	rs7165437
chr15	79632138	rs11854796
chr15	79632372	rs10519267
chr15	79633089	rs12440578
chr15	79633136	rs3929608
chr15	79633953	rs16971182
chr15	79635881	rs10519265
chr15	79636736	rs17278336
chr15	79636768	rs13379553
chr15	79637093	rs4778714
chr15	79637916	rs17193456
chr15	79638536	rs17193483
chr15	79640022	rs6495435
chr15	79641415	rs17193567
chr15	79656106	rs3913518
chr15	79658180	rs11857724
chr15	79661074	rs3913520
chr15	79661122	rs3913521
chr15	79661369	rs17279286
chr15	79661610	rs12592743
chr15	79662280	rs16954046
chr15	79662411	rs16954047
chr15	79662952	rs4779131
chr15	79667267	rs3897953
chr15	79670082	rs4419020
chr15	79674258	rs8041943
chr15	79675933	rs17279753
chr15	79676757	rs16971231
chr15	79677378	rs16971232
chr15	79678648	rs3894754
chr15	79679370	rs3848184
chr15	79680233	rs3892157
chr15	79680538	rs17279885
chr15	79680713	rs3893384
chr15	79680851	rs8182055
chr15	79681292	rs3893350
chr15	79681616	rs7171087
chr15	79681738	rs7171276
chr15	79682220	rs16971242
chr15	79683290	rs4778719
chr15	79683407	rs4778721
chr15	79687101	rs16971243
chr15	79687315	rs12148881
chr15	79694807	rs12910340
chr15	79695373	rs16971249
chr15	79695383	rs16971252
chr15	79695800	rs16971253
chr15	79696844	rs12591436
chr15	79698432	rs16971259
chr15	79701319	rs4779140
chr15	79702240	rs12437667
chr15	79702285	rs16971260
chr15	79703867	rs9806531
chr15	79704284	rs16971261
chr15	79706875	rs2865181
chr15	79707081	rs8034036
chr15	79707535	rs4779141
chr15	79708790	rs282814
chr15	79710615	rs1110729
chr15	79720393	rs364460
chr15	79721080	rs2692194
chr15	79722226	rs6495441
chr15	79722344	rs166868
chr15	79723259	rs282797
chr15	79724022	rs282795
chr15	79724634	rs1880580
chr15	79730764	rs282792
chr15	79731845	rs17280731
chr15	79734553	rs7174668
chr15	79735084	rs4779143
chr15	79736551	rs12900076
chr15	79737086	rs11852515
chr15	79738315	rs204942
chr15	79738504	rs7177572
chr15	79739339	rs16971298
chr15	79739771	rs372447
chr15	79739821	rs16971299
chr15	79739985	rs16971302
chr15	79740432	rs7166315
chr15	79741284	rs429217
chr15	79741543	rs443394
chr15	79742003	rs1460177
chr15	79742783	rs376863
chr15	79742915	rs444656
chr15	79743228	rs12903985
chr15	79752748	rs282787
chr15	79754679	rs4779148
chr15	79755518	rs7172278
chr15	79758743	rs282778
chr15	79758989	rs11855142
chr15	79759969	rs382659
chr15	79760107	rs384856
chr15	79760799	rs445263
chr15	79761077	rs7182620
chr15	79761128	rs435689
chr15	79763623	rs282772
chr15	79767925	rs282776
chr15	79768908	rs7176846
chr15	79768986	rs17209637
chr15	79769384	rs1473406
chr15	79771071	rs282810
chr15	79772877	rs10519256
chr15	79772995	rs1077965
chr15	79775096	rs16971342
chr15	79778515	rs11853662
chr15	79779120	rs12907320
chr15	79780478	rs282802
chr15	79787965	rs1074390
chr15	79791321	rs12905663
chr15	79793721	rs378057
chr15	79797512	rs16971353
chr15	79797570	rs16971354
chr15	79797896	rs11855092
chr15	79798192	rs7171117
chr15	79800790	rs4393531
chr15	79801850	rs12898670
chr15	79801999	rs1088036
chr15	79802307	rs7167313
chr15	79803304	rs1081230
chr15	79804529	rs1380642
chr15	79804749	rs1081231
chr15	79804760	rs1380643
chr15	79806075	rs1081235
chr15	79808375	rs770144
chr15	79810432	rs682423
chr15	79811676	rs10152391
chr15	79811833	rs16971368
chr15	79813979	rs16971370
chr15	79814140	rs611611
chr15	79814193	rs2035027
chr15	79814748	rs16971376
chr15	79814786	rs1870576
chr15	79817037	rs11633169
chr15	79819296	rs1675181
chr15	79819549	rs599842
chr15	79819725	rs1114170
chr15	79822510	rs582172
chr15	79823317	rs12908790
chr15	79824020	rs17211644
chr15	79824790	rs898436
chr15	79824890	rs600671
chr15	79830076	rs7175620
chr15	79831894	rs7175444
chr15	79832041	rs7177027
chr15	79833903	rs4779162
chr15	79833918	rs4779163
chr15	79834133	rs7166109
chr15	79841422	rs10163099
chr15	79843787	rs685487
chr15	79844305	rs12185084
chr15	79844430	rs11854561
chr15	79845218	rs8923
chr15	79846229	rs2733103
chr15	79846909	rs16971429
chr15	79848971	rs17284795
chr15	79849655	rs655473
chr15	79851855	rs17284990
chr15	79858671	rs4779165
chr15	79862229	rs16971450
chr15	79862640	rs6495446
chr15	79865700	rs7177659
chr15	79865817	rs6495449
chr15	79867669	rs17285375
chr15	79868953	rs11634787
chr15	79869923	rs17285431
chr15	79870680	rs8026997
chr15	79873026	rs2586154
chr15	79874255	rs1113983
chr15	79875940	rs12899781
chr15	79879791	rs2586153
chr15	79879856	rs16971480
chr15	79880043	rs7166189
chr15	79880432	rs12915498
chr15	79882046	rs2562744
chr15	79885345	rs2733106
chr15	79885941	rs12438477
chr15	79889393	rs16971502
chr15	79889708	rs12898642
chr15	79891424	rs2586182
chr15	79891556	rs4238512
chr15	79892315	rs2733088
chr15	79893998	rs12440798
chr15	79897966	rs2115540
chr15	79901905	rs2115536
chr15	79902138	rs2163005
chr15	79906907	rs8030396
chr15	79910564	rs6495456
chr15	79910578	rs7171636
chr15	79911064	rs4778733
chr15	79913699	rs12442814
chr15	79917507	rs12443213
chr15	79919071	rs7167420
chr15	79919554	rs934136
chr15	79922958	rs2733102
chr15	79925775	rs2733100
chr15	79932673	rs2586163
chr15	79933984	rs2562756
chr15	79942132	rs2562747
chr15	79944810	rs2006862
chr15	79944890	rs2006863
chr15	79948704	rs2586177
chr15	79953248	rs11636338
chr15	79962867	rs2562754
chr15	79963914	rs17215263
chr15	79965013	rs6495460
chr15	79967672	rs8026803
chr15	79970875	rs3826007
chr15	79971003	rs1138358
chr15	79971064	rs1138357
chr15	79973546	rs1987102
chr15	79976477	rs1879894
chr15	79978402	rs12372938
chr15	79979658	rs11631974
chr15	79980476	rs7169403
chr15	79982249	rs3848188
chr15	79982698	rs17287997
chr15	79990697	rs2586156
chr15	79991584	rs12905084
chr15	79992099	rs2461647
chr15	80001097	rs8043397
chr15	80006142	rs4577036
chr15	80015343	rs1074979
chr15	80023074	rs4381552
chr15	80029927	rs939971
chr15	80029972	rs939970
chr15	80032098	rs16971668
chr15	80032574	rs10851924
chr15	80033637	rs16971671
chr15	80035783	rs881481
chr15	80036784	rs7178708
chr15	80038891	rs8030103
chr15	80042921	rs6495469
chr15	80044884	rs11637188
chr15	80045708	rs12914081
chr15	80047114	rs7164805
chr15	80051419	rs11855349
chr15	80053414	rs4605119
chr15	80058827	rs2461649
chr15	80070720	rs16971685
chr15	80071071	rs4778745
chr15	80072414	rs2461641
chr15	80074388	rs11631796
chr15	80074888	rs12592217
chr15	80075814	rs2461639
chr15	80081500	rs12593266
chr15	80085110	rs6495474
chr15	80085229	rs12914832
chr15	80088845	rs12594534
chr15	80088994	rs7183862
chr15	80090739	rs939974
chr15	80091476	rs12591712
chr15	80095797	rs12594497
chr15	80100347	rs10519280
chr15	80100717	rs1403251
chr15	80103531	rs16971739
chr15	80103578	rs4778747
chr15	80103610	rs12591468
chr15	80105157	rs1533857
chr15	80106556	rs10851925
chr15	80110784	rs12911387
chr15	80113654	rs10519281
chr15	80120237	rs1916048
chr15	80120769	rs1879892
chr15	80121042	rs2903265
chr15	80122376	rs11635107
chr15	80128624	rs4778582
chr15	80136541	rs7176220
chr15	80139880	rs11634397
chr15	80150694	rs8026959
chr15	80151415	rs8041120
chr15	80151611	rs8042782
chr15	80152335	rs11855351
chr15	80157986	rs1370276
chr15	80158047	rs1370275
chr15	80159733	rs1370274
chr15	80159926	rs1370273
chr15	80160544	rs733679
chr15	80161388	rs8027913
chr15	80161572	rs11856427
chr15	80161600	rs8027831
chr15	80161629	rs11852901
chr15	80162365	rs2278204
chr15	80162403	rs2114716
chr15	80164824	rs7164048
chr15	80168182	rs1545119
chr15	80170000	rs8033974
chr15	80172327	rs7180031
chr15	80172958	rs3752693
chr15	80173578	rs3752692
chr15	80176354	rs2114706
chr15	80176683	rs8043254
chr15	80177221	rs10152142
chr15	80178492	rs2866592
chr15	80178964	rs12591114
chr15	80179149	rs2866593
chr15	80179164	rs1030865
chr15	80179901	rs2043692
chr15	80180184	rs11555096
chr15	80181525	rs11633719
chr15	80184451	rs7177977
chr15	80185229	rs8039712
chr15	80191745	rs1020056
chr15	80192591	rs1865998
chr15	80193105	rs16971826
chr15	80194060	rs1437221
chr15	80194239	rs12592943
chr15	80195120	rs11072885
chr15	80196101	rs713086
chr15	80199111	rs1865997
chr15	80199258	rs1865996
chr15	80199444	rs12593336
chr15	80199761	rs3743421
chr15	80201914	rs11637194
chr15	80202902	rs7180958
chr15	80203568	rs8026850
chr15	80206023	rs2114709
chr15	80208114	rs6495481
chr15	80208693	rs6495482
chr15	80208900	rs17219447
chr15	80210569	rs7164055
chr15	80211484	rs3743422
chr15	80211744	rs1896429
chr15	80211757	rs1896428
chr15	80212947	rs1020055
chr15	80221822	rs2028119
chr15	80222627	rs4778765
chr15	80223644	rs2162549
chr15	80225321	rs8041926
chr15	80225737	rs16971852
chr15	80226330	rs16971853
chr15	80226791	rs16971855
chr15	80232282	rs16971863
chr15	80233577	rs12439411
chr15	80235220	rs10438386
chr15	80236031	rs2114713
chr15	80236113	rs2028120
chr15	80239236	rs3974512
chr15	80239750	rs11072888
chr15	80241952	rs2162551
chr15	80247280	rs990226
chr15	80250960	rs2016477
chr15	80259681	rs893219
chr15	80260121	rs2009949
chr15	80260138	rs4384570
chr15	80260865	rs2903332
chr15	80266605	rs1347648
chr15	80269786	rs1437226
chr15	80270861	rs11856226
chr15	80271373	rs893220
chr15	80274231	rs2866597
chr15	80277294	rs12440187
chr15	80278694	rs12595624
chr15	80278704	rs10851930
chr15	80278764	rs8032896
chr15	80280168	rs920197
chr15	80281360	rs7180711
chr15	80283786	rs4778586
chr15	80286498	rs4778780
chr15	80287328	rs4778588
chr15	80287996	rs7174125
chr15	80288932	rs895455
chr15	80290470	rs12913581
chr15	80290491	rs4778781
chr15	80293638	rs16971916
chr15	80297398	rs12050548
chr15	80297856	rs12594390
chr15	80299085	rs8026658
chr15	80299410	rs16971923
chr15	80307372	rs8026387
chr15	80307893	rs4778782
chr15	80310385	rs12906720
chr15	80311223	rs8024477
chr15	80313363	rs11636028
chr15	80313569	rs17312725
chr15	80314063	rs2118235
chr15	80314082	rs2118234
chr15	80314952	rs7176727
chr15	80315372	rs3858961
chr15	80317773	rs2034249
chr15	80318082	rs4778784
chr15	80319287	rs17312955
chr15	80320089	rs2034247
chr15	80322625	rs11855539
chr15	80324894	rs7175683
chr15	80325456	rs9806680
chr15	80325483	rs12913925
chr15	80325779	rs3848191
chr15	80328156	rs12440290
chr15	80328284	rs16971950
chr15	80329327	rs16971953
chr15	80330225	rs6495489
chr15	80333256	rs1348758
chr15	80339680	rs3858964
chr15	80345407	rs3848196
chr15	80346683	rs3848197
chr15	80347061	rs3843702
chr15	80347222	rs3848198
chr15	80348992	rs4778591
chr15	80349674	rs7178017
chr15	80349894	rs7178382
chr15	80350452	rs3848199
chr15	80356111	rs2866737
chr15	80356383	rs12591206
chr15	80356654	rs4778786
chr15	80359925	rs16971995
chr15	80361216	rs3848202
chr15	80362201	rs11072905
chr15	80363124	rs7170279
chr15	80364486	rs8041396
chr15	80365729	rs7166465
chr15	80367313	rs12441931
chr15	80367858	rs12438115
chr15	80368962	rs7164640
chr15	80368997	rs6495492
chr15	80369128	rs6495494
chr15	80371269	rs11072909
chr15	80371376	rs11072910
chr15	80374075	rs8043231
chr15	80374397	rs1446332
chr15	80376694	rs3743407
chr15	80380591	rs8042361
chr15	80384432	rs12442068
chr15	80386221	rs895446
chr15	80395353	rs12901411
chr15	80395778	rs12901211
chr15	80395856	rs12901357
chr15	80397993	rs3743408
chr15	80398694	rs17315253
chr15	80399107	rs12592383
chr15	80401635	rs1446340
chr15	80402288	rs2278705
chr15	80402332	rs2278704
chr15	80402541	rs2278703
chr15	80402773	rs2278701
chr15	80409427	rs12591286
chr15	80410644	rs8041826
chr15	80412419	rs1446337
chr15	80414448	rs3848206
chr15	80417424	rs12594558
chr15	80417979	rs7172914
chr15	80419411	rs10431813
chr15	80420796	rs16972076
chr15	80422287	rs3848208
chr15	80422655	rs7182420
chr15	80424141	rs5000770
chr15	80430990	rs7167062
chr15	80431019	rs1912
chr15	80431932	rs7184010
chr15	80432148	rs3848170
chr15	80432223	rs4238517
chr15	80434398	rs4238518
chr15	80439474	rs1037124
chr15	80439712	rs1374213
chr15	80441756	rs3901896
chr15	80441833	rs10519287
chr15	80442247	rs3848173
chr15	80446237	rs1979027
chr15	80448602	rs4778793
chr15	80449059	rs7168908
chr15	80450540	rs17788120
chr15	80451009	rs2278708
chr15	80451333	rs2278709
chr15	80453963	rs8027934
chr15	80454762	rs3848175
chr15	80454887	rs4778595
chr15	80455134	rs3858944
chr15	80455319	rs12908010
chr15	80456447	rs11072917
chr15	80457032	rs16972160
chr15	80457420	rs895444
chr15	80457622	rs1317674
chr15	80458624	rs11072918
chr15	80459728	rs8041887
chr15	80462643	rs8028295
chr15	80463928	rs4778596
chr15	80467247	rs4609803
chr15	80467728	rs4778795
chr15	80472080	rs12594226
chr15	80474125	rs4778797
chr15	80474284	rs6495504
chr15	80477799	rs8023406
chr15	80481296	rs8035351
chr15	80483252	rs7183507
chr15	80484358	rs4778799
chr15	80485812	rs7178949
chr15	80487417	rs4778800
chr15	80491032	rs4309356
chr15	80495768	rs12101813
chr15	80498225	rs7178902
chr15	80498856	rs3936145
chr15	80501689	rs4497643
chr15	80503787	rs4238521
chr15	80506527	rs4331301
chr15	80507815	rs11072921
chr15	80512400	rs12439920
chr15	80513842	rs11072922
chr15	80517961	rs4778600
chr15	80527083	rs7162181
chr15	80530206	rs11856676
chr15	80532068	rs4778803
chr15	80533427	rs4238522
chr15	80534062	rs4128219
chr15	80534765	rs7178524
chr15	80537308	rs4238523
chr15	80541802	rs11856273
chr15	80541972	rs7167664
chr15	80542179	rs7169055
chr15	80542303	rs7172094
chr15	80548629	rs8027410
chr15	80550348	rs12148133
chr15	80552795	rs3924894
chr15	80560577	rs6495506
chr15	80561036	rs4778810
chr15	80561329	rs4778811
chr15	80562513	rs4074666
chr15	80562651	rs4423382
chr15	80566341	rs11635554
chr15	80567594	rs10851935
chr15	80567759	rs4778818
chr15	80568056	rs4778819
chr15	80569024	rs7403706
chr15	80569133	rs8041336
chr15	80572785	rs4778825
chr15	80578612	rs6495508
chr15	80582585	rs8039725
chr15	80584267	rs4778829
chr15	80589819	rs7180020
chr15	80591684	rs4072568
chr15	80593850	rs8033706
chr15	80594143	rs7172733
chr15	80594172	rs7172548
chr15	80594214	rs7172912
chr15	80595090	rs4301984
chr15	80595165	rs4459508
chr15	80596442	rs6495511
chr15	80597599	rs1139650
chr15	80597665	rs1139651
chr15	80597760	rs7484
chr15	80597919	rs4338755
chr15	80598985	rs7181251
chr15	80609925	rs7172425
chr15	80613685	rs4778834
chr15	80614963	rs11072927
chr15	80618516	rs11072930
chr15	80620782	rs4778835
chr15	80626404	rs10851936
chr15	80630757	rs4609805
chr15	80631344	rs7178809
chr15	80636732	rs8027879
chr15	80638198	rs12591047
chr15	80638286	rs11858978
chr15	80639132	rs7180025
chr15	80639209	rs7180510
chr15	80640349	rs4778615
chr15	80640586	rs4778616
chr15	80643740	rs4407026
chr15	80650732	rs4392018
chr15	80658392	rs7171050
chr15	80658830	rs6495515
chr15	80660282	rs7162401
chr15	80664066	rs8031550
chr15	80665214	rs12442585
chr15	80665377	rs7183091
chr15	80667959	rs16954086
chr15	80676775	rs11637240
chr15	80676942	rs10851937
chr15	80681092	rs3858945
chr15	80683223	rs11633224
chr15	80687183	rs7183389
chr15	80687711	rs12439281
chr15	80691828	rs7179532
chr15	80691952	rs715724
chr15	80692946	rs11629662
chr15	80699824	rs1531895
chr15	80700014	rs4778618
chr15	80701947	rs2759301
chr15	80704856	rs2245049
chr15	80704901	rs2291320
chr15	80706172	rs4778619
chr15	80706562	rs7173751
chr15	80707249	rs12442298
chr15	80707660	rs923000
chr15	80708937	rs12148329
chr15	80712336	rs7177344
chr15	80713829	rs16954090
chr15	80714923	rs2170881
chr15	80715338	rs2759316
chr15	80716460	rs16972304
chr15	80719652	rs2046390
chr15	80722280	rs11072936
chr15	80722615	rs2170879
chr15	80722640	rs2170878
chr15	80723801	rs16972312
chr15	80725278	rs11072937
chr15	80727231	rs4778848
chr15	80727564	rs967839
chr15	80729042	rs2627323
chr15	80729746	rs12900485
chr15	80730228	rs2627321
chr15	80734710	rs972480
chr15	80736213	rs11638968
chr15	80737287	rs7171423
chr15	80737873	rs11638879
chr15	80740959	rs2046389
chr15	80742132	rs8025914
chr15	80747989	rs2627319
chr15	80750475	rs2627316
chr15	80753784	rs11633987
chr15	80754662	rs7166728
chr15	80755488	rs11072940
chr15	80756451	rs12913385
chr15	80756951	rs16972335
chr15	80757503	rs16972336
chr15	80761670	rs16972337
chr15	80761801	rs16972338
chr15	80766166	rs2759321
chr15	80766299	rs12593088
chr15	80770371	rs2660992
chr15	80770495	rs12592700
chr15	80772005	rs2903413
chr15	80776252	rs941984
chr15	80776566	rs1507663
chr15	80779747	rs3848177
chr15	80781232	rs12437679
chr15	80783594	rs8041798
chr15	80784714	rs11072942
chr15	80785029	rs3848178
chr15	80785129	rs10519292
chr15	80788584	rs12324314
chr15	80789276	rs1982754
chr15	80789351	rs906432
chr15	80790874	rs1385087
chr15	80792243	rs7179631
chr15	80792908	rs7161895
chr15	80793142	rs925111
chr15	80793271	rs925110
chr15	80795211	rs7174749
chr15	80796756	rs11634845
chr15	80796911	rs16972377
chr15	80798315	rs12443237
chr15	80799538	rs4778856
chr15	80800636	rs11633017
chr15	80801547	rs748696
chr15	80802271	rs755027
chr15	80802665	rs12438379
chr15	80803054	rs7169588
chr15	80803177	rs11631279
chr15	80803421	rs16972386
chr15	80803559	rs2903414
chr15	80803691	rs7174853
chr15	80805752	rs1077540
chr15	80805766	rs1077541
chr15	80806166	rs750570
chr15	80806757	rs4778625
chr15	80807751	rs7177853
chr15	80807937	rs2866882
chr15	80808156	rs16972404
chr15	80808537	rs2759307
chr15	80808924	rs16972406
chr15	80815822	rs7173208
chr15	80816736	rs9302298
chr15	80817121	rs16972411
chr15	80817253	rs2055713
chr15	80820108	rs1553650
chr15	80820379	rs12324416
chr15	80823194	rs12592465
chr15	80825264	rs4778859
chr15	80826417	rs17228225
chr15	80826433	rs16972434
chr15	80827163	rs11638026
chr15	80827919	rs12438768
chr15	80829299	rs7173382
chr15	80829524	rs7173789
chr15	80830080	rs12898860
chr15	80830928	rs11631317
chr15	80830968	rs11631360
chr15	80831134	rs16972445
chr15	80831169	rs16972446
chr15	80832460	rs906433
chr15	80832713	rs906435
chr15	80834566	rs7172022
chr15	80835404	rs12911697
chr15	80838546	rs25431
chr15	80839861	rs906429
chr15	80841515	rs7182458
chr15	80843108	rs12372944
chr15	80845525	rs12591074
chr15	80850733	rs906428
chr15	80852503	rs8034432
chr15	80856626	rs11637685
chr15	80859468	rs2135881
chr15	80868739	rs11629703
chr15	80869363	rs1876435
chr15	80875387	rs8025349
chr15	80875438	rs8025378
chr15	80876162	rs7164719
chr15	80882203	rs6495528
chr15	80885396	rs4778864
chr15	80887384	rs6495530
chr15	80888640	rs8028511
chr15	80890253	rs12900140
chr15	80891273	rs991789
chr15	80891948	rs12594845
chr15	80891970	rs10519298
chr15	80894431	rs12905383
chr15	80894751	rs16972538
chr15	80897698	rs8029184
chr15	80898191	rs11638450
chr15	80901294	rs7181726
chr15	80906895	rs2271164
chr15	80913859	rs7182025
chr15	80915874	rs12594360
chr15	80916855	rs1507662
chr15	80916956	rs1507661
chr15	80920180	rs2271160
chr15	80922270	rs2271162
chr15	80922686	rs11072961
chr15	80925507	rs2271163
chr15	80925950	rs12441164
chr15	80925965	rs11072963
chr15	80926218	rs8030638
chr15	80929430	rs7171268
chr15	80934617	rs2903448
chr15	80935460	rs11854045
chr15	80935684	rs10220834
chr15	80937569	rs8026419
chr15	80945704	rs12916361
chr15	80947371	rs10519305
chr15	80948328	rs2280441
chr15	80953687	rs1012541
chr15	80961041	rs7177627
chr15	80966509	rs17328295
chr15	80966885	rs16972604
chr15	80971296	rs7178551
chr15	80973612	rs11856549
chr15	80975946	rs7182549
chr15	80976374	rs7165424
chr15	80977800	rs3743040
chr15	80977899	rs3743041
chr15	80978413	rs8864
chr15	80978475	rs12546
chr15	80979065	rs8039384
chr15	80979216	rs8039607
chr15	80983612	rs11637878
chr15	80984570	rs10851942
chr15	80985203	rs16972622
chr15	80986912	rs17328684
chr15	80987015	rs16972624
chr15	80993534	rs10438391
chr15	80999679	rs3803362
chr15	81005079	rs16972633
chr15	81007320	rs16972638
chr15	81011705	rs11852470
chr15	81011791	rs11072972
chr15	81012960	rs12148207
chr15	81016085	rs16972648
chr15	81020660	rs16972652
chr15	81023290	rs17329068
chr15	81026491	rs16972657
chr15	81026584	rs9972419
chr15	81033171	rs13329575
chr15	81036027	rs7174938
chr15	81038211	rs8025381
chr15	81039026	rs16972667
chr15	81040008	rs16972668
chr15	81040336	rs16972671
chr15	81041353	rs4778871
chr15	81042118	rs7178569
chr15	81042759	rs12593367
chr15	81043443	rs1320325
chr15	81043921	rs11630945
chr15	81047030	rs11629917
chr15	81047530	rs1320322
chr15	81050418	rs8028908
chr15	81051292	rs4778878
chr15	81055859	rs11635158
chr15	81058398	rs950426
chr15	81060594	rs1509547
chr15	81061129	rs1546466
chr15	81061689	rs12324593
chr15	81064246	rs1123029
chr15	81065406	rs16972706
chr15	81065515	rs11636914
chr15	81065701	rs12907050
chr15	81068352	rs12913463
chr15	81068449	rs12913347
chr15	81070040	rs2867054
chr15	81073422	rs11072976
chr15	81073575	rs11072977
chr15	81074347	rs8033527
chr15	81074962	rs11072980
chr15	81075076	rs1039834
chr15	81075795	rs7180686
chr15	81081790	rs7162727
chr15	81082110	rs10519308
chr15	81085376	rs1879454
chr15	81089647	rs868954
chr15	81090273	rs2683259
chr15	81092495	rs7176010
chr15	81093211	rs2683260
chr15	81095019	rs7166760
chr15	81096156	rs12907682
chr15	81096897	rs954969
chr15	81097417	rs2683263
chr15	81098903	rs1509558
chr15	81099070	rs1509559
chr15	81099372	rs1509560
chr15	81100132	rs8036753
chr15	81103247	rs2663921
chr15	81104063	rs2663920
chr15	81106191	rs16972742
chr15	81106345	rs16972744
chr15	81107386	rs2663944
chr15	81108830	rs11635219
chr15	81111162	rs2683236
chr15	81113282	rs2683238
chr15	81114074	rs1317060
chr15	81114147	rs1317059
chr15	81117765	rs1533055
chr15	81118147	rs2250029
chr15	81121109	rs10163025
chr15	81125469	rs2663914
chr15	81128309	rs2663911
chr15	81128577	rs1605864
chr15	81129451	rs1848707
chr15	81134966	rs2048271
chr15	81140108	rs7175033
chr15	81141495	rs4778881
chr15	81144087	rs6495540
chr15	81145309	rs8037634
chr15	81149203	rs12900970
chr15	81149258	rs12899903
chr15	81149820	rs7181454
chr15	81161680	rs7169204
chr15	81165785	rs17336789
chr15	81166646	rs7176848
chr15	81181923	rs7182786
chr15	81183065	rs8028155
chr15	81184360	rs931963
chr15	81184647	rs1509557
chr15	81186388	rs17337098
chr15	81196029	rs11631430
chr15	81196983	rs8037800
chr15	81196998	rs4346163
chr15	81197979	rs8043088
chr15	81199508	rs12324896
chr15	81206003	rs1509546
chr15	81206454	rs954443
chr15	81206587	rs11639206
chr15	81206630	rs1912124
chr15	81209346	rs4465571
chr15	81215365	rs1605866
chr15	81217829	rs12439542
chr15	81219669	rs4451910
chr15	81219849	rs925272
chr15	81220122	rs4464041
chr15	81220703	rs1995830
chr15	81221671	rs8040950
chr15	81223132	rs12437819
chr15	81223921	rs12438640
chr15	81225086	rs8039528
chr15	81225868	rs980618
chr15	81227240	rs12441273
chr15	81228115	rs16972819
chr15	81232978	rs12907134
chr15	81241037	rs7179134
chr15	81242479	rs11638444
chr15	81242808	rs7180245
chr15	81245271	rs11636298
chr15	81251066	rs4128767
chr15	81251128	rs4128766
chr15	81251154	rs4344696
chr15	81263931	rs8039027
chr15	81266282	rs7175701
chr15	81268660	rs8026245
chr15	81269018	rs11633024
chr15	81272537	rs11633218
chr15	81275632	rs11637363
chr15	81279962	rs4076201
chr15	81283413	rs4616256
chr15	81285467	rs8023541
chr15	81285798	rs4072111
chr15	81290527	rs8031107
chr15	81290798	rs7170924
chr15	81291140	rs7171517
chr15	81295186	rs17875494
chr15	81296380	rs17875579
chr15	81296654	rs4778889
chr15	81298924	rs11857713
chr15	81299298	rs4778636
chr15	81300043	rs17875513
chr15	81300461	rs11073001
chr15	81301782	rs8034928
chr15	81304059	rs11634770
chr15	81304221	rs3898677
chr15	81304249	rs3848180
chr15	81304319	rs4577037
chr15	81305928	rs11556218
chr15	81306075	rs1803275
chr15	81308110	rs4778639
chr15	81308422	rs17875584
chr15	81308981	rs859
chr15	81308999	rs11325
chr15	81309441	rs1131445
chr15	81309667	rs17875556
chr15	81311058	rs17875558
chr15	81311790	rs4778640
chr15	81312047	rs4778641
chr15	81312530	rs3726
chr15	81315162	rs6495560
chr15	81318561	rs4617815
chr15	81318912	rs4778893
chr15	81320150	rs12902145
chr15	81321164	rs12907723
chr15	81325867	rs4778895
chr15	81327225	rs11073003
chr15	81327364	rs4238528
chr15	81328185	rs4778897
chr15	81332427	rs4417518
chr15	81332687	rs8031046
chr15	81333044	rs11636318
chr15	81334384	rs3935740
chr15	81338080	rs3922930
chr15	81339736	rs4077174
chr15	81342233	rs4622471
chr15	81343926	rs7161991
chr15	81344943	rs4278705
chr15	81348440	rs7170663
chr15	81349723	rs9630440
chr15	81350003	rs8039003
chr15	81350301	rs8043537
chr15	81351040	rs13329222
chr15	81354089	rs10162822
chr15	81356660	rs7167034
chr15	81358662	rs7178648
chr15	81359310	rs12903128
chr15	81367896	rs6495569
chr15	81368377	rs7162538
chr15	81369005	rs7164258
chr15	81369298	rs7169250
chr15	81369952	rs4778899
chr15	81370499	rs8036147
chr15	81371289	rs4778900
chr15	81371746	rs8032164
chr15	81373817	rs7161936
chr15	81375750	rs12907953
chr15	81392837	rs11636187
chr15	81398733	rs9672647
chr15	81398858	rs7164765
chr15	81400287	rs7174922
chr15	81400884	rs4432238
chr15	81401928	rs8032338
chr15	81402631	rs4383094
chr15	81403978	rs11634288
chr15	81410794	rs12101513
chr15	81415436	rs6495576
chr15	81416509	rs7164972
chr15	81419597	rs6495577
chr15	81423842	rs7167826
chr15	81442622	rs8036982
chr15	81444754	rs11856154
chr15	81452006	rs6495584
chr15	81461102	rs7167421
chr15	81464598	rs11858255
chr15	81467364	rs8038081
chr15	81478924	rs6495589
chr15	81479994	rs16972919
chr15	81481706	rs8037919
chr15	81486357	rs4075641
chr15	81489982	rs8042783
chr15	81498127	rs1564641
chr15	81500396	rs16972945
chr15	81505336	rs1905231
chr15	81506037	rs16972951
chr15	81510028	rs1871986
chr15	81517522	rs1078223
chr15	81517701	rs6495590
chr15	81518184	rs7170860
chr15	81520180	rs16972962
chr15	81520945	rs17338496
chr15	81521371	rs1482936
chr15	81526329	rs17338678
chr15	81529134	rs4778905
chr15	81529287	rs7180338
chr15	81529445	rs4778906
chr15	81531197	rs11857976
chr15	81531999	rs4383095
chr15	81533806	rs12906672
chr15	81540323	rs6495592
chr15	81543545	rs12439684
chr15	81544297	rs12914466
chr15	81547519	rs17338958
chr15	81547843	rs1078857
chr15	81552812	rs4778908
chr15	81553985	rs2625002
chr15	81554938	rs969348
chr15	81568668	rs1482929
chr15	81571622	rs1482930
chr15	81571851	rs1482931
chr15	81573506	rs922878
chr15	81574142	rs1482933
chr15	81575176	rs16973019
chr15	81578279	rs2672092
chr15	81589394	rs2624996
chr15	81592312	rs11634129
chr15	81595995	rs1482943
chr15	81596949	rs16973033
chr15	81611363	rs2867431
chr15	81612380	rs8041133
chr15	81617741	rs16973046
chr15	81623147	rs11858269
chr15	81623302	rs6495602
chr15	81625644	rs8035809
chr15	81632616	rs4778912
chr15	81639249	rs1399216
chr15	81639905	rs4778647
chr15	81643694	rs718276
chr15	81644138	rs6495605
chr15	81648414	rs11073008
chr15	81652069	rs12441915
chr15	81653141	rs16973064
chr15	81666155	rs28496052
chr15	81668068	rs6495607
chr15	81674661	rs9646189
chr15	81683702	rs4338756
chr15	81685124	rs1514319
chr15	81686396	rs11633587
chr15	81688114	rs7167944
chr15	81688785	rs7173665
chr15	81688946	rs7172310
chr15	81689016	rs12898253
chr15	81689224	rs1005842
chr15	81689609	rs1005841
chr15	81689782	rs12902375
chr15	81693236	rs2063732
chr15	81693822	rs2063733
chr15	81696852	rs2102676
chr15	81704532	rs16973075
chr15	81709273	rs8182041
chr15	81715972	rs3934047
chr15	81721765	rs12905561
chr15	81723163	rs12912723
chr15	81723584	rs16973082
chr15	81724277	rs16973084
chr15	81726450	rs11633356
chr15	81728419	rs12595405
chr15	81736363	rs4641699
chr15	81736465	rs1514316
chr15	81740834	rs7168398
chr15	81744307	rs16973100
chr15	81744342	rs11855075
chr15	81746279	rs8032425
chr15	81746429	rs8033875
chr15	81748958	rs7494978
chr15	81749885	rs11638802
chr15	81750393	rs7175001
chr15	81755988	rs8035833
chr15	81758338	rs11854445
chr15	81761454	rs17341612
chr15	81762742	rs7162035
chr15	81764949	rs8035321
chr15	81766277	rs12916179
chr15	81767437	rs11633812
chr15	81769691	rs11636782
chr15	81770488	rs12913258
chr15	81773561	rs12909073
chr15	81776039	rs11073015
chr15	81778025	rs7179195
chr15	81782019	rs11636416
chr15	81792593	rs8043322
chr15	81794979	rs4277310
chr15	81795773	rs7181029
chr15	81796947	rs4280198
chr15	81807024	rs4077140
chr15	81809042	rs6495616
chr15	81811598	rs7170175
chr15	81812481	rs8036471
chr15	81813559	rs12915429
chr15	81814705	rs7168376
chr15	81814762	rs4778652
chr15	81816438	rs6495617
chr15	81819127	rs4482239
chr15	81820286	rs6495618
chr15	81825550	rs8032120
chr15	81825911	rs4594220
chr15	81826810	rs9972517
chr15	81827619	rs4260011
chr15	81831388	rs5018786
chr15	81837603	rs7495860
chr15	81845962	rs11634908
chr15	81848308	rs6495623
chr15	81848673	rs8042650
chr15	81855966	rs1968993
chr15	81859796	rs17257191
chr15	81862138	rs1493609
chr15	81865214	rs4778930
chr15	81866890	rs7163180
chr15	81867639	rs11073016
chr15	81867704	rs28393417
chr15	81877710	rs10162699
chr15	81882648	rs7176126
chr15	81884088	rs11638745
chr15	81887842	rs11073020
chr15	81887952	rs11073021
chr15	81890494	rs8040106
chr15	81894194	rs983353
chr15	81894884	rs12906746
chr15	81895922	rs1979708
chr15	81898291	rs12443185
chr15	81898313	rs8035060
chr15	81901292	rs4778943
chr15	81901441	rs2047087
chr15	81901744	rs12916134
chr15	81911334	rs4778944
chr15	81913847	rs6495631
chr15	81914089	rs1353122
chr15	81914802	rs12900047
chr15	81915882	rs12906078
chr15	81916383	rs11854334
chr15	81916958	rs4778945
chr15	81925041	rs1979707
chr15	81925069	rs17258267
chr15	81926054	rs4778655
chr15	81927490	rs1493608
chr15	81931313	rs4778950
chr15	81937599	rs12910333
chr15	81938270	rs12324262
chr15	81940539	rs16973230
chr15	81942625	rs7163891
chr15	81942773	rs16973236
chr15	81943348	rs7169638
chr15	81943360	rs11631077
chr15	81948719	rs2867580
chr15	81948877	rs2867581
chr15	81949606	rs17259163
chr15	81950715	rs17259219
chr15	81951079	rs11639040
chr15	81952462	rs16973250
chr15	81952487	rs7171039
chr15	81954439	rs16973254
chr15	81954748	rs16973257
chr15	81954920	rs17259508
chr15	81957662	rs17350827
chr15	81959779	rs8031841
chr15	81960409	rs1847247
chr15	81972106	rs12914018
chr15	81972521	rs9806128
chr15	81972729	rs8025366
chr15	81972760	rs8025210
chr15	81982232	rs11856043
chr15	81983633	rs7177796
chr15	81984869	rs12917110
chr15	81987934	rs1503064
chr15	81989742	rs12915334
chr15	81991258	rs4778956
chr15	81991613	rs4563005
chr15	82002068	rs7180311
chr15	82006195	rs12916537
chr15	82009215	rs4778960
chr15	82009591	rs7162970
chr15	82010028	rs7163642
chr15	82013856	rs12324755
chr15	82014044	rs12324764
chr15	82015008	rs12443390
chr15	82017091	rs7175143
chr15	82018083	rs4778962
chr15	82018115	rs4778963
chr15	82018946	rs17267218
chr15	82025168	rs11639022
chr15	82025385	rs11630156
chr15	82025404	rs10851959
chr15	82025904	rs1587706
chr15	82027427	rs905451
chr15	82027807	rs12902481
chr15	82027825	rs872332
chr15	82027863	rs12902907
chr15	82030688	rs7176867
chr15	82032009	rs11853590
chr15	82033440	rs2903612
chr15	82035370	rs715926
chr15	82039158	rs17352522
chr15	82040827	rs16973319
chr15	82041707	rs957942
chr15	82047854	rs7171792
chr15	82052627	rs8029884
chr15	82053091	rs8030769
chr15	82054157	rs4778663
chr15	82055323	rs7495326
chr15	82056064	rs2867553
chr15	82059859	rs12324805
chr15	82060630	rs17352886
chr15	82062884	rs12592578
chr15	82062993	rs7178753
chr15	82064634	rs17353123
chr15	82066365	rs4778972
chr15	82066760	rs877888
chr15	82067767	rs7163724
chr15	82069784	rs2654191
chr15	82072530	rs2654194
chr15	82073593	rs7168047
chr15	82073827	rs11853163
chr15	82074802	rs1354277
chr15	82074950	rs2665101
chr15	82076629	rs2665096
chr15	82078275	rs2665095
chr15	82078450	rs11852706
chr15	82078476	rs17268471
chr15	82079763	rs2654224
chr15	82081650	rs2665093
chr15	82085534	rs2665089
chr15	82086467	rs2654227
chr15	82086841	rs871772
chr15	82087617	rs2654229
chr15	82088524	rs2292072
chr15	82088837	rs2292073
chr15	82089024	rs2258273
chr15	82092316	rs1466921
chr15	82093517	rs2665086
chr15	82093870	rs2654232
chr15	82095435	rs1532750
chr15	82095586	rs8033451
chr15	82097824	rs12148293
chr15	82098442	rs1948815
chr15	82098946	rs1827487
chr15	82099415	rs2665121
chr15	82101664	rs4778973
chr15	82102044	rs2654216
chr15	82102137	rs2654215
chr15	82102300	rs2654213
chr15	82102476	rs2665120
chr15	82102578	rs17617019
chr15	82103597	rs2654212
chr15	82104006	rs2665118
chr15	82105825	rs1393737
chr15	82110028	rs8023253
chr15	82112364	rs2665115
chr15	82113300	rs2654210
chr15	82117386	rs2654209
chr15	82117519	rs17699249
chr15	82117576	rs2654208
chr15	82118133	rs1503068
chr15	82118710	rs11852562
chr15	82119914	rs2654206
chr15	82120057	rs2654205
chr15	82121708	rs2665111
chr15	82121899	rs2665110
chr15	82123016	rs2665109
chr15	82123457	rs12907385
chr15	82124407	rs7179677
chr15	82128082	rs2665107
chr15	82128696	rs2134513
chr15	82128785	rs2134514
chr15	82137496	rs2654222
chr15	82138878	rs2457497
chr15	82140374	rs2665103
chr15	82142025	rs17269323
chr15	82150699	rs16973420
chr15	82151598	rs4725
chr15	82152096	rs905450
chr15	82152322	rs2292071
chr15	82157565	rs1045508
chr15	82157927	rs9944185
chr15	82158686	rs11636500
chr15	82161045	rs8034586
chr15	82161942	rs9972386
chr15	82163886	rs1128431
chr15	82168099	rs1501371
chr15	82173195	rs8042464
chr15	82176114	rs1501372
chr15	82177259	rs17354842
chr15	82181094	rs8027301
chr15	82181252	rs8027661
chr15	82183996	rs8034801
chr15	82197283	rs6495644
chr15	82198790	rs12439679
chr15	82203269	rs12443224
chr15	82206704	rs8023960
chr15	82214449	rs13380317
chr15	82214526	rs13380319
chr15	82223698	rs12592193
chr15	82227198	rs8030250
chr15	82231017	rs11073036
chr15	82231064	rs12324875
chr15	82232203	rs2134046
chr15	82238289	rs1972460
chr15	82239540	rs2047679
chr15	82245013	rs4778672
chr15	82245105	rs4778987
chr15	82247090	rs7183805
chr15	82247833	rs8028284
chr15	82252586	rs3902959
chr15	82259436	rs3759801
chr15	82260994	rs16973456
chr15	82262901	rs11631813
chr15	82266461	rs11854289
chr15	82268478	rs4296215
chr15	82269648	rs8033050
chr15	82271650	rs16973457
chr15	82272214	rs4238534
chr15	82276963	rs4778989
chr15	82278705	rs11639440
chr15	82279439	rs1846910
chr15	82280914	rs17355437
chr15	82280984	rs11854157
chr15	82282538	rs11630197
chr15	82287841	rs7403041
chr15	82288395	rs11856590
chr15	82288923	rs12905578
chr15	82498834	rs12438678
chr15	82545404	rs1267658
chr15	82546501	rs1267657
chr15	82550590	rs803686
chr15	82552642	rs3850610
chr15	82553059	rs12324877
chr15	82554675	rs1145173
chr15	82554866	rs1145172
chr15	82557172	rs1145170
chr15	82558175	rs17507216
chr15	82560792	rs2871011
chr15	82561353	rs6603030
chr15	82563836	rs17841176
chr15	82567300	rs8023333
chr15	82569019	rs698500
chr15	82571543	rs783544
chr15	82576576	rs4779032
chr15	82576634	rs4779033
chr15	82582018	rs8032281
chr15	82585235	rs3914699
chr15	82585958	rs783540
chr15	82593431	rs2567635
chr15	82600340	rs783528
chr15	82600665	rs6603031
chr15	82602321	rs12438371
chr15	82614804	rs783523
chr15	82615688	rs17158396
chr15	82625685	rs7167880
chr15	82626493	rs2870966
chr15	82628387	rs10400906
chr15	82630710	rs8033106
chr15	82638926	rs11635044
chr15	82640357	rs7171180
chr15	82642084	rs4778686
chr15	82646782	rs7161977
chr15	82646980	rs11635624
chr15	82649451	rs11631963
chr15	82652585	rs11637433
chr15	82654567	rs1864699
chr15	82654804	rs7165690
chr15	82654937	rs2099259
chr15	82657299	rs7496727
chr15	82659247	rs12905138
chr15	82662403	rs2278355
chr15	82665264	rs9806591
chr15	82665667	rs7494860
chr15	82667123	rs6603033
chr15	82668307	rs4779041
chr15	82674020	rs4779046
chr15	82675519	rs7163990
chr15	82676117	rs1431717
chr15	82681865	rs1075845
chr15	82687507	rs8043401
chr15	82689636	rs17841171
chr15	82692328	rs17158366
chr15	82692760	rs12442733
chr15	82697544	rs10906984
chr15	82699081	rs8040488
chr15	82699986	rs4779050
chr15	82710654	rs11630081
chr15	82713350	rs12148608
chr15	82719000	rs7182320
chr15	82725801	rs11635460
chr15	82726588	rs11633991
chr15	82728706	rs1877242
chr15	82729551	rs7163840
chr15	82729563	rs7163848
chr15	82732372	rs8036227
chr15	82732529	rs1553885
chr15	82741261	rs12900374
chr15	82748701	rs2890313
chr15	82750492	rs1124911
chr15	82753828	rs7179851
chr15	82754741	rs3803383
chr15	82755133	rs11631033
chr15	82756562	rs12915384
chr15	82758268	rs11635357
chr15	82758642	rs3743102
chr15	82758932	rs8023873
chr15	82759440	rs1108134
chr15	82759441	rs1108135
chr15	82761644	rs12592976
chr15	82765658	rs8033573
chr15	82765749	rs8033726
chr15	82767076	rs1877241
chr15	82770126	rs1877240
chr15	82771592	rs1533136
chr15	82772260	rs1105287
chr15	82773315	rs8028133
chr15	82778879	rs4779061
chr15	82784743	rs7163402
chr15	82788672	rs4260027
chr15	82796479	rs4779064
chr15	82799903	rs12910606
chr15	82803597	rs1553883
chr15	82803755	rs2379994
chr15	82809417	rs8042254
chr15	82818558	rs17841165
chr15	82825299	rs12907810
chr15	82826149	rs4779068
chr15	82828837	rs17158267
chr15	82828908	rs17158263
chr15	82830043	rs8041231
chr15	82831014	rs3814281
chr15	82835068	rs17158255
chr15	82836510	rs4779069
chr15	82838299	rs2046071
chr15	82838625	rs17358518
chr15	82843501	rs1271044
chr15	82845721	rs7174089
chr15	82845921	rs7178859
chr15	82847731	rs899747
chr15	82848103	rs955620
chr15	82850619	rs3784380
chr15	82850720	rs1256430
chr15	82851476	rs3784377
chr15	82851830	rs899746
chr15	82852284	rs1256429
chr15	82853066	rs1256428
chr15	82853993	rs12442119
chr15	82854635	rs2306428
chr15	82855505	rs1256424
chr15	82860378	rs2667377
chr15	82861365	rs12591165
chr15	82862716	rs17359001
chr15	82865669	rs11856299
chr15	82870159	rs1256439
chr15	82871501	rs1256444
chr15	82873294	rs3784374
chr15	82875206	rs1256454
chr15	82875770	rs1256455
chr15	82875832	rs17158194
chr15	82878517	rs1588546
chr15	82880535	rs17359494
chr15	82882561	rs2667385
chr15	82891202	rs2621228
chr15	82891823	rs2251275
chr15	82893913	rs9806543
chr15	82896041	rs7496832
chr15	82896959	rs17158168
chr15	82901329	rs17360083
chr15	82901362	rs8030940
chr15	82908941	rs750234
chr15	82915313	rs4843144
chr15	82915827	rs872598
chr15	82915891	rs872599
chr15	82916650	rs869498
chr15	82918174	rs17294476
chr15	82919951	rs11259960
chr15	82920143	rs12148275
chr15	82927475	rs17158155
chr15	82934097	rs12442894
chr15	82934811	rs12443081
chr15	82937480	rs2061947
chr15	82942343	rs7170046
chr15	82946522	rs1002881
chr15	82951214	rs8031595
chr15	82954671	rs11857990
chr15	82963412	rs4842843
chr15	82971515	rs4842935
chr15	82977579	rs6603038
chr15	82980540	rs2167602
chr15	82993957	rs7166355
chr15	82994253	rs8043020
chr15	82995189	rs2123157
chr15	83000078	rs4842976
chr15	83001321	rs6603041
chr15	83001604	rs17295457
chr15	83009642	rs6603042
chr15	83010954	rs17158132
chr15	83011535	rs4842860
chr15	83011577	rs17361375
chr15	83015059	rs6603044
chr15	83016688	rs7757
chr15	83017021	rs3087804
chr15	83018007	rs17158127
chr15	83020936	rs10400812
chr15	83024524	rs11858468
chr15	83026195	rs28662361
chr15	83031915	rs12900411
chr15	83033312	rs8040998
chr15	83038263	rs12592391
chr15	83039333	rs13329195
chr15	83043851	rs12903066
chr15	83044690	rs4842993
chr15	83047101	rs716886
chr15	83048394	rs7172665
chr15	83049857	rs12907032
chr15	83050490	rs28429062
chr15	83051905	rs8023669
chr15	83053307	rs17507300
chr15	83057427	rs1568657
chr15	83059958	rs28711332
chr15	83064153	rs7177462
chr15	83064249	rs6603046
chr15	83065080	rs8031723
chr15	83072184	rs750214
chr15	83073124	rs2381030
chr15	83076782	rs11259964
chr15	83082000	rs8035001
chr15	83082668	rs11855722
chr15	83083938	rs12593316
chr15	83087641	rs13379920
chr15	83101127	rs1452114
chr15	83105647	rs28436027
chr15	83112722	rs1075619
chr15	83112879	rs1989
chr15	83113496	rs6603047
chr15	83129744	rs17158080
chr15	83134794	rs41326445
chr15	83136078	rs2034617
chr15	83136109	rs12440386
chr15	83139351	rs8043224
chr15	83140058	rs11858377
chr15	83148052	rs12441585
chr15	83148807	rs11852496
chr15	83149520	rs10520576
chr15	83150912	rs8027577
chr15	83154001	rs12593638
chr15	83155158	rs8038486
chr15	83155949	rs17508610
chr15	83159742	rs7167364
chr15	83163946	rs12440562
chr15	83164182	rs3816450
chr15	83165179	rs965263
chr15	83167620	rs7165978
chr15	83173728	rs1112404
chr15	83176530	rs7173876
chr15	83179574	rs17568298
chr15	83181209	rs17158059
chr15	83181319	rs17568459
chr15	83182991	rs11856164
chr15	83183868	rs17841157
chr15	83185645	rs12595330
chr15	83189193	rs4563011
chr15	83192550	rs12443109
chr15	83196101	rs11857641
chr15	83206805	rs7495911
chr15	83210866	rs8027193
chr15	83220186	rs7172384
chr15	83227856	rs7162082
chr15	83236350	rs10162999
chr15	83238393	rs7180407
chr15	83248322	rs4386103
chr15	83248627	rs4531702
chr15	83250720	rs4300612
chr15	83251631	rs4547300
chr15	83253635	rs12441907
chr15	83254270	rs28678434
chr15	83259039	rs4408505
chr15	83259105	rs4341707
chr15	83261734	rs4423388
chr15	83265360	rs8026576
chr15	83265996	rs7173166
chr15	83268329	rs11854520
chr15	83271660	rs7172590
chr15	83279512	rs7171743
chr15	83280718	rs4480763
chr15	83280999	rs11259905
chr15	83281134	rs11259906
chr15	83281948	rs9630494
chr15	83285832	rs8042597
chr15	83288070	rs12439122
chr15	83288465	rs8033380
chr15	83290490	rs7180692
chr15	83309850	rs7167460
chr15	83322539	rs17509779
chr15	83324260	rs1404582
chr15	83326686	rs11259907
chr15	83343847	rs11259908
chr15	83344769	rs7496368
chr15	83350455	rs1510473
chr15	83350851	rs6602973
chr15	83358786	rs10520577
chr15	83368302	rs3915139
chr15	83372556	rs301855
chr15	83373626	rs301856
chr15	83378831	rs1397312
chr15	83380043	rs301854
chr15	83389840	rs698486
chr15	83391220	rs1510472
chr15	83391838	rs12901609
chr15	83392095	rs8027171
chr15	83394493	rs12591031
chr15	83396629	rs17841201
chr15	83396887	rs17158988
chr15	83399014	rs1948497
chr15	83403993	rs7163657
chr15	83409492	rs301852
chr15	83412943	rs8042077
chr15	83423809	rs11636029
chr15	83424563	rs17511282
chr15	83424663	rs4842913
chr15	83428264	rs1510471
chr15	83428802	rs12438202
chr15	83429053	rs1723062
chr15	83431688	rs12148084
chr15	83432658	rs301849
chr15	83432723	rs301848
chr15	83434939	rs427459
chr15	83437443	rs1542745
chr15	83437812	rs12591743
chr15	83444092	rs17157748
chr15	83446768	rs923968
chr15	83448010	rs12914221
chr15	83460763	rs6602977
chr15	83461424	rs7165448
chr15	83461439	rs3957526
chr15	83462309	rs1602539
chr15	83464728	rs11633764
chr15	83466386	rs9920377
chr15	83469519	rs2399141
chr15	83476243	rs8036415
chr15	83482885	rs2401086
chr15	83483154	rs17158925
chr15	83483510	rs10520578
chr15	83488608	rs2895929
chr15	83497679	rs12441310
chr15	83497849	rs17158916
chr15	83499719	rs10520579
chr15	83503486	rs1552921
chr15	83505107	rs10906975
chr15	83506359	rs1552922
chr15	83508248	rs12148441
chr15	83508782	rs8037414
chr15	83509927	rs1491579
chr15	83510363	rs12905964
chr15	83511455	rs10520580
chr15	83512394	rs11630545
chr15	83516255	rs12437675
chr15	83517136	rs11636510
chr15	83520687	rs11630983
chr15	83521431	rs7173143
chr15	83522584	rs17584591
chr15	83522706	rs2642817
chr15	83524016	rs1546074
chr15	83532416	rs17841193
chr15	83532694	rs2732150
chr15	83534650	rs2642820
chr15	83534933	rs2732151
chr15	83536813	rs2201101
chr15	83536927	rs17841192
chr15	83537002	rs17158873
chr15	83537862	rs2637978
chr15	83538798	rs1602537
chr15	83540046	rs2172188
chr15	83549563	rs1896807
chr15	83552688	rs2732153
chr15	83556041	rs934141
chr15	83556060	rs934140
chr15	83556283	rs2562772
chr15	83556377	rs11639305
chr15	83557521	rs11854806
chr15	83560131	rs4843143
chr15	83560360	rs17585219
chr15	83562854	rs2730090
chr15	83563372	rs2730091
chr15	83563614	rs17526006
chr15	83567178	rs2562769
chr15	83568312	rs17841189
chr15	83570067	rs17158821
chr15	83573833	rs12900490
chr15	83574332	rs1896801
chr15	83574938	rs2732156
chr15	83576317	rs11854487
chr15	83579099	rs1896799
chr15	83579483	rs17585667
chr15	83579714	rs17158811
chr15	83579971	rs8025427
chr15	83580708	rs17158807
chr15	83581904	rs2562767
chr15	83582320	rs10520584
chr15	83585510	rs2732159
chr15	83588543	rs7182322
chr15	83588599	rs7182482
chr15	83588992	rs6602982
chr15	83594757	rs2585064
chr15	83594998	rs2562764
chr15	83598835	rs2562762
chr15	83602191	rs2732162
chr15	83604653	rs17158772
chr15	83605839	rs1896797
chr15	83606228	rs1896796
chr15	83610658	rs876785
chr15	83617269	rs2562785
chr15	83617740	rs2562784
chr15	83623138	rs11855643
chr15	83624590	rs1365200
chr15	83625380	rs17586847
chr15	83629846	rs2244838
chr15	83636692	rs2585043
chr15	83639377	rs11259913
chr15	83642754	rs2401127
chr15	83647132	rs2554380
chr15	83647377	rs11259914
chr15	83652677	rs2730078
chr15	83655689	rs2730080
chr15	83659019	rs2730081
chr15	83664660	rs17587205
chr15	83667223	rs17157758
chr15	83670684	rs8038454
chr15	83676908	rs2730086
chr15	83680337	rs2217065
chr15	83680371	rs8026130
chr15	83682760	rs2730085
chr15	83684024	rs10520582
chr15	83684121	rs2585049
chr15	83685944	rs10906979
chr15	83686650	rs1426159
chr15	83687564	rs2554383
chr15	83693639	rs2554382
chr15	83696036	rs7162845
chr15	83697156	rs11629611
chr15	83698260	rs7167029
chr15	83699411	rs2562776
chr15	83704176	rs11639223
chr15	83704618	rs890309
chr15	83705976	rs9788726
chr15	83705985	rs9788762
chr15	83710147	rs968069
chr15	83713683	rs2162234
chr15	83714201	rs2562768
chr15	83717003	rs12908225
chr15	83721613	rs2554389
chr15	83722179	rs17158662
chr15	83722223	rs2562779
chr15	83722247	rs17528889
chr15	83723762	rs1426161
chr15	83730101	rs2585063
chr15	83730151	rs1365198
chr15	83736713	rs17158657
chr15	83739882	rs1426160
chr15	83743143	rs8034055
chr15	83745840	rs2013799
chr15	83747197	rs1426163
chr15	83751615	rs9920704
chr15	83754682	rs1365199
chr15	83759876	rs4843155
chr15	83764115	rs1863449
chr15	83765671	rs1122405
chr15	83774181	rs11259917
chr15	83776126	rs11638104
chr15	83776345	rs7175914
chr15	83783300	rs1426165
chr15	83785036	rs6602991
chr15	83788593	rs4843156
chr15	83794058	rs11853983
chr15	83798070	rs7162500
chr15	83804411	rs11856213
chr15	83804779	rs7179507
chr15	83806891	rs4265771
chr15	83809927	rs7177929
chr15	83812912	rs4310815
chr15	83815304	rs4375628
chr15	83819884	rs4483821
chr15	83824253	rs7164141
chr15	83824899	rs5015595
chr15	83825317	rs8031186
chr15	83830437	rs4128911
chr15	83834450	rs7176613
chr15	83834559	rs7172049
chr15	83836734	rs11259921
chr15	83844934	rs10444974
chr15	83846823	rs4357909
chr15	83847094	rs12591597
chr15	83854003	rs1383484
chr15	83860332	rs7167818
chr15	83866952	rs11259923
chr15	83869280	rs1871731
chr15	83870724	rs17158590
chr15	83871411	rs4572348
chr15	83882643	rs967374
chr15	83884806	rs10220741
chr15	83888698	rs17296856
chr15	83888924	rs2401171
chr15	83893988	rs4414460
chr15	83894279	rs10520575
chr15	83897496	rs11259926
chr15	83897792	rs11259927
chr15	83899752	rs6603004
chr15	83901041	rs1564472
chr15	83904289	rs7183263
chr15	83904739	rs899926
chr15	83911404	rs11259933
chr15	83911830	rs11259936
chr15	83913137	rs12439867
chr15	83913152	rs4842923
chr15	83913372	rs4842838
chr15	83915207	rs2030839
chr15	83916286	rs11633301
chr15	83916994	rs1480823
chr15	83917394	rs12900668
chr15	83918855	rs4842924
chr15	83919338	rs11633094
chr15	83922923	rs10520572
chr15	83924781	rs12905660
chr15	83925315	rs6603006
chr15	83929047	rs1480821
chr15	83937257	rs7182097
chr15	83945450	rs12898206
chr15	83945893	rs11629965
chr15	83946437	rs986118
chr15	83947580	rs10520571
chr15	83947961	rs17370572
chr15	83948325	rs8028946
chr15	83948494	rs17370601
chr15	83970598	rs2277849
chr15	83972266	rs12148239
chr15	83972373	rs4842841
chr15	83974382	rs9329363
chr15	83974905	rs12101685
chr15	83977721	rs713467
chr15	83977939	rs713468
chr15	83982538	rs7176737
chr15	83992729	rs11638600
chr15	84010406	rs1531683
chr15	84011842	rs4297647
chr15	84012585	rs1480824
chr15	84013030	rs765524
chr15	84017475	rs7183235
chr15	84020677	rs17158445
chr15	84023484	rs10163186
chr15	84025758	rs2279924
chr15	84032031	rs2292188
chr15	84033692	rs1960770
chr15	84033975	rs2049511
chr15	84035597	rs17299684
chr15	84036358	rs17158441
chr15	84036674	rs2279926
chr15	84037445	rs950168
chr15	84037709	rs950169
chr15	84039099	rs2135551
chr15	84050746	rs28600121
chr15	84052267	rs6603018
chr15	84053769	rs1818950
chr15	84059653	rs8040248
chr15	84060637	rs10520569
chr15	84080725	rs17300048
chr15	84081886	rs906194
chr15	84089946	rs1567085
chr15	84091286	rs1506694
chr15	84091437	rs882888
chr15	84095489	rs7178655
chr15	84096108	rs7177414
chr15	84101529	rs1827938
chr15	84112221	rs2010993
chr15	84113665	rs11638297
chr15	84115810	rs6603020
chr15	84118883	rs1911155
chr15	84119983	rs4106946
chr15	84120713	rs3913457
chr15	84123331	rs12911210
chr15	84123882	rs12910413
chr15	84127515	rs4420497
chr15	84129554	rs17300790
chr15	84136219	rs17373027
chr15	84148033	rs11635160
chr15	84159214	rs4842939
chr15	84162919	rs12911223
chr15	84164180	rs12901468
chr15	84390487	rs3860265
chr15	84396135	rs34591918
chr15	84397936	rs4842947
chr15	84400287	rs11259942
chr15	84403620	rs12910334
chr15	84532635	rs150968
chr15	84540375	rs150963
chr15	84544028	rs12591311
chr15	84548056	rs11638788
chr15	84553803	rs11635505
chr15	84561969	rs11633606
chr15	84562455	rs2341203
chr15	84570741	rs11633075
chr15	84571216	rs12912934
chr15	84572704	rs17597076
chr15	84573063	rs7180051
chr15	84574237	rs2879971
chr15	84574897	rs2341186
chr15	84575855	rs2020365
chr15	84581411	rs11633534
chr15	84593956	rs11633344
chr15	84598728	rs3762169
chr15	84599416	rs3762168
chr15	84600046	rs11631921
chr15	84601516	rs17597517
chr15	84606540	rs2271433
chr15	84616764	rs3817193
chr15	84622468	rs11635597
chr15	84624945	rs11858419
chr15	84628264	rs17532346
chr15	84628952	rs11634320
chr15	84630641	rs4603535
chr15	84631369	rs4842977
chr15	84631400	rs3825877
chr15	84632519	rs2292463
chr15	84634667	rs12442117
chr15	84635039	rs6496284
chr15	84639555	rs1057946
chr15	84641012	rs3748374
chr15	84641323	rs3748373
chr15	84643346	rs7237
chr15	84645608	rs11073619
chr15	84646233	rs2271431
chr15	84650807	rs9744239
chr15	84654022	rs4842978
chr15	84655131	rs1107179
chr15	84655375	rs17598561
chr15	84655660	rs3809508
chr15	84657289	rs1051168
chr15	84657523	rs2292462
chr15	84664396	rs17533006
chr15	84665291	rs17598814
chr15	84666064	rs17598860
chr15	84668027	rs1374463
chr15	84671998	rs6496318
chr15	84684176	rs17533573
chr15	84684405	rs11638290
chr15	84688354	rs34028043
chr15	84688675	rs34784022
chr15	84695978	rs7162474
chr15	84704902	rs35316992
chr15	84707022	rs4643294
chr15	84708482	rs1984829
chr15	84710027	rs8033459
chr15	84712766	rs8027776
chr15	84714368	rs34900908
chr15	84714972	rs35524990
chr15	84717037	rs11073663
chr15	84723414	rs7175725
chr15	84723543	rs35641144
chr15	84725521	rs8027118
chr15	84734255	rs2059927
chr15	84735173	rs16974510
chr15	84735437	rs17599905
chr15	84737633	rs10220733
chr15	84741334	rs1429445
chr15	84742305	rs17599989
chr15	84742743	rs17534234
chr15	84744141	rs17600128
chr15	84745834	rs1808795
chr15	84752696	rs11637142
chr15	84755431	rs12910012
chr15	84758605	rs8024090
chr15	84759142	rs12899981
chr15	84759350	rs2115629
chr15	84762039	rs2008262
chr15	84766419	rs6496404
chr15	84766840	rs11073702
chr15	84769527	rs2028111
chr15	84770823	rs12443381
chr15	84776339	rs9920528
chr15	84785121	rs3748376
chr15	84786327	rs1975277
chr15	84787514	rs10438428
chr15	84790722	rs2241645
chr15	84791608	rs8043333
chr15	84793439	rs12595786
chr15	84793575	rs41492149
chr15	84795805	rs9806472
chr15	84798628	rs8182086
chr15	84800427	rs3748375
chr15	84803883	rs9806315
chr15	84808693	rs4456483
chr15	84810372	rs8023889
chr15	84811097	rs2340651
chr15	84812263	rs8037423
chr15	84816870	rs11857356
chr15	84817811	rs7179643
chr15	84818746	rs2879828
chr15	84820117	rs6496441
chr15	84822185	rs11073739
chr15	84824820	rs17601226
chr15	84828713	rs7183401
chr15	84832368	rs1820850
chr15	84836047	rs1429444
chr15	84836265	rs7164787
chr15	84844509	rs306202
chr15	84846400	rs182517
chr15	84854143	rs16974567
chr15	84856414	rs16974569
chr15	84858028	rs306197
chr15	84858188	rs167379
chr15	84859200	rs2289141
chr15	84859564	rs186266
chr15	84860587	rs11853985
chr15	84861738	rs9944229
chr15	84862138	rs306198
chr15	84862764	rs187316
chr15	84864333	rs2289138
chr15	84866491	rs11636954
chr15	84868710	rs7172412
chr15	84869089	rs3748379
chr15	84870600	rs881733
chr15	84870988	rs893162
chr15	84871813	rs8040247
chr15	84872140	rs12101610
chr15	84872155	rs12900463
chr15	84872321	rs12324363
chr15	84872489	rs10852094
chr15	84872514	rs12904777
chr15	84872568	rs4842994
chr15	84872746	rs12324387
chr15	84877132	rs11629950
chr15	84880727	rs11073778
chr15	84881100	rs11629531
chr15	84881190	rs12592661
chr15	84881866	rs12917429
chr15	84882237	rs12906879
chr15	84884439	rs1451537
chr15	84884872	rs12910396
chr15	84886125	rs12909280
chr15	84886310	rs7173860
chr15	84887607	rs3743161
chr15	84887723	rs8187736
chr15	84887738	rs3743162
chr15	84887913	rs12442557
chr15	84891845	rs7182385
chr15	84891963	rs12148896
chr15	84892637	rs3825876
chr15	84892755	rs7342686
chr15	84893385	rs11856397
chr15	84894055	rs8037320
chr15	84894530	rs1545472
chr15	84894748	rs1545471
chr15	84894887	rs7166433
chr15	84894901	rs7166440
chr15	84897711	rs12913577
chr15	84897882	rs12910245
chr15	84898250	rs12898884
chr15	84899366	rs896363
chr15	84903829	rs11634491
chr15	84903848	rs12914194
chr15	84903989	rs1545470
chr15	84904200	rs2290272
chr15	84904404	rs2290271
chr15	84904574	rs8040847
chr15	84905271	rs8033895
chr15	84905644	rs8187758
chr15	84905675	rs2290269
chr15	84905841	rs4247408
chr15	84906983	rs2343677
chr15	84907705	rs4843003
chr15	84908147	rs16974600
chr15	84909078	rs2305363
chr15	84909498	rs6496517
chr15	84909589	rs12916177
chr15	84910929	rs12917346
chr15	84911176	rs12910112
chr15	84911426	rs12908708
chr15	84912041	rs16974612
chr15	84912847	rs11073802
chr15	84913115	rs11853372
chr15	84914610	rs4980347
chr15	84914744	rs4980346
chr15	84914920	rs7181193
chr15	84915368	rs12440771
chr15	84915675	rs12438877
chr15	84917136	rs2343671
chr15	84917875	rs17536922
chr15	84918620	rs8187763
chr15	84918740	rs1562884
chr15	84919085	rs4980345
chr15	84921267	rs17537076
chr15	84921280	rs16974622
chr15	84921399	rs1451538
chr15	84922642	rs12901610
chr15	84923472	rs12910476
chr15	84923839	rs12910991
chr15	84923976	rs3825875
chr15	84924044	rs3803390
chr15	84924280	rs3803389
chr15	84924722	rs11637139
chr15	84925996	rs2343675
chr15	84927061	rs2122859
chr15	84927824	rs4980344
chr15	84928050	rs4980343
chr15	84928346	rs4843006
chr15	84933210	rs2305367
chr15	84934199	rs1542283
chr15	84934807	rs7173463
chr15	84934922	rs7163966
chr15	84935179	rs2242048
chr15	84935465	rs2242047
chr15	84935498	rs2242046
chr15	84935687	rs7169869
chr15	84935923	rs6496537
chr15	84936740	rs16974632
chr15	84937090	rs8025438
chr15	84937121	rs6496542
chr15	84937255	rs8029847
chr15	84937471	rs4843007
chr15	84937568	rs4843008
chr15	84939577	rs16974641
chr15	84940692	rs4247410
chr15	84940771	rs4980342
chr15	84941984	rs6496547
chr15	84942603	rs11852308
chr15	84944365	rs7170348
chr15	84945341	rs8025045
chr15	84946702	rs11858906
chr15	84947876	rs732633
chr15	84948081	rs732632
chr15	84948322	rs896366
chr15	84949057	rs4247411
chr15	84949901	rs896368
chr15	84950132	rs896370
chr15	84950831	rs4843012
chr15	84950972	rs4842862
chr15	84954978	rs896371
chr15	84956998	rs7164520
chr15	84960941	rs11635705
chr15	84963961	rs12914025
chr15	84964305	rs4980358
chr15	84964374	rs16974653
chr15	84968416	rs8026775
chr15	84969008	rs17537738
chr15	84970036	rs11073854
chr15	84970330	rs4980352
chr15	84972394	rs1109065
chr15	84974831	rs7175160
chr15	84976426	rs896364
chr15	84977896	rs12899275
chr15	84980738	rs12900078
chr15	84986797	rs11629962
chr15	84987325	rs17610201
chr15	84988931	rs17610265
chr15	84989010	rs930716
chr15	84990325	rs7170598
chr15	84997536	rs6496586
chr15	85000819	rs2290273
chr15	85001150	rs971804
chr15	85001898	rs8026543
chr15	85004475	rs1014543
chr15	85006491	rs12904615
chr15	85007425	rs7175477
chr15	85009811	rs289379
chr15	85013089	rs289375
chr15	85014435	rs289373
chr15	85014909	rs12900736
chr15	85015734	rs289418
chr15	85016386	rs208966
chr15	85020724	rs289409
chr15	85023042	rs289405
chr15	85023086	rs289404
chr15	85025203	rs289402
chr15	85025304	rs11631171
chr15	85031813	rs289389
chr15	85032602	rs289388
chr15	85036389	rs289383
chr15	85038158	rs289386
chr15	85041926	rs418676
chr15	85043473	rs3850985
chr15	85044923	rs379799
chr15	85047270	rs12909130
chr15	85047411	rs409211
chr15	85048516	rs2923731
chr15	85059248	rs7403474
chr15	85062982	rs11632658
chr15	85063247	rs11634975
chr15	85063543	rs11073915
chr15	85064332	rs11073916
chr15	85064439	rs11073917
chr15	85065887	rs16974197
chr15	85067708	rs12903145
chr15	85069802	rs1973516
chr15	85071956	rs16974785
chr15	85075610	rs2304415
chr15	85075651	rs2304416
chr15	85076017	rs11631548
chr15	85081500	rs10520586
chr15	85082055	rs16974804
chr15	85083157	rs3816104
chr15	85083226	rs2304417
chr15	85084348	rs16974823
chr15	85090637	rs8029977
chr15	85092659	rs8032301
chr15	85092876	rs734495
chr15	85097051	rs17612860
chr15	85097752	rs2304418
chr15	85100982	rs12440719
chr15	85101228	rs4843019
chr15	85105773	rs16974868
chr15	85107450	rs7182328
chr15	85113022	rs3816106
chr15	85113337	rs2304422
chr15	85116248	rs11073951
chr15	85116953	rs7167692
chr15	85118039	rs11073952
chr15	85122016	rs17541572
chr15	85122297	rs4843020
chr15	85122391	rs4842868
chr15	85123232	rs16974899
chr15	85125413	rs6496728
chr15	85127558	rs11073955
chr15	85128148	rs1606119
chr15	85128524	rs7177110
chr15	85129945	rs6496733
chr15	85133526	rs907260
chr15	85135020	rs11633076
chr15	85136753	rs11073962
chr15	85136790	rs12592211
chr15	85137301	rs3743157
chr15	85142128	rs8035516
chr15	85149785	rs2342118
chr15	85150487	rs2136980
chr15	85151968	rs8026633
chr15	85155378	rs8035632
chr15	85155415	rs8039875
chr15	85155685	rs8023774
chr15	85161123	rs2342132
chr15	85162641	rs4843023
chr15	85168070	rs11073990
chr15	85169040	rs1877199
chr15	85170245	rs7178306
chr15	85170898	rs1961275
chr15	85172982	rs7172266
chr15	85174242	rs11073993
chr15	85178426	rs8029896
chr15	85178681	rs3964197
chr15	85179906	rs8036531
chr15	85180986	rs9744503
chr15	85185589	rs2342120
chr15	85272357	rs884213
chr15	85272717	rs884214
chr15	85273987	rs1877198
chr15	85274141	rs2003294
chr15	85279653	rs11638110
chr15	85282062	rs12438724
chr15	85282336	rs6496932
chr15	85284513	rs2002642
chr15	85286330	rs12917495
chr15	85290407	rs1828482
chr15	85292427	rs16941146
chr15	85294729	rs11857574
chr15	85295159	rs8035975
chr15	85295671	rs10520583
chr15	85297681	rs1828481
chr15	85298850	rs2048439
chr15	85300286	rs7172789
chr15	85306809	rs8038164
chr15	85308510	rs7180588
chr15	85312859	rs7177311
chr15	85321617	rs4561442
chr15	85327136	rs12591489
chr15	85327287	rs10163187
chr15	85327816	rs8037070
chr15	85333786	rs6497007
chr15	85337337	rs4284612
chr15	85339833	rs11858744
chr15	85346764	rs16949988
chr15	85347354	rs11855785
chr15	85348950	rs4843050
chr15	85351566	rs8029576
chr15	85352490	rs7183651
chr15	85359820	rs7183764
chr15	85365171	rs10520600
chr15	85367747	rs16975309
chr15	85370559	rs2062235
chr15	85376002	rs2062238
chr15	85383315	rs7180683
chr15	85383609	rs16977252
chr15	85383745	rs2200214
chr15	85392986	rs34969978
chr15	85393712	rs17552193
chr15	85394079	rs16977800
chr15	85395420	rs16977810
chr15	85395619	rs16977813
chr15	85400544	rs7165772
chr15	85405478	rs13379803
chr15	85408215	rs11858860
chr15	85408487	rs12901648
chr15	85413359	rs11074223
chr15	85413397	rs6497117
chr15	85416755	rs17552700
chr15	85421772	rs9672774
chr15	85428704	rs17552971
chr15	85440272	rs7178054
chr15	85440798	rs4842881
chr15	85440952	rs4842882
chr15	85441932	rs10220820
chr15	85442896	rs4843058
chr15	85453966	rs8027605
chr15	85457272	rs4407021
chr15	85458796	rs7171364
chr15	85460635	rs11074256
chr15	85463104	rs7181410
chr15	85463463	rs17553249
chr15	85466873	rs17623915
chr15	85467114	rs10520589
chr15	85470370	rs7168345
chr15	85470434	rs17553790
chr15	85474942	rs4530079
chr15	85475217	rs11074264
chr15	85480307	rs12913754
chr15	85481053	rs4526974
chr15	85481292	rs17624574
chr15	85484222	rs12902447
chr15	85484753	rs4523884
chr15	85485591	rs4632086
chr15	85486366	rs6497209
chr15	85487132	rs11074276
chr15	85492542	rs4842886
chr15	85493417	rs7169429
chr15	85494226	rs12101598
chr15	85494762	rs900573
chr15	85494962	rs730372
chr15	85496240	rs4536419
chr15	85496333	rs725686
chr15	85497163	rs4360875
chr15	85500167	rs2170736
chr15	85500506	rs4340287
chr15	85504055	rs4281668
chr15	85505517	rs4843063
chr15	85505558	rs4843064
chr15	85509439	rs756426
chr15	85510128	rs7172006
chr15	85510995	rs8036310
chr15	85511259	rs2062234
chr15	85511500	rs4329876
chr15	85516040	rs11637726
chr15	85518040	rs7166642
chr15	85519902	rs4842888
chr15	85521737	rs3743321
chr15	85524075	rs6496044
chr15	85524665	rs12911225
chr15	85524732	rs12910647
chr15	85524791	rs12910789
chr15	85525519	rs1982742
chr15	85525887	rs8026938
chr15	85527457	rs6496055
chr15	85528537	rs4638530
chr15	85528895	rs16940997
chr15	85531675	rs2344436
chr15	85532186	rs1483578
chr15	85532231	rs6496066
chr15	85532516	rs4843067
chr15	85532778	rs11073403
chr15	85533353	rs2279167
chr15	85533958	rs2279168
chr15	85534173	rs1351196
chr15	85535455	rs10520590
chr15	85536603	rs11632326
chr15	85541889	rs17631906
chr15	85542312	rs4503747
chr15	85542545	rs2169876
chr15	85542571	rs2169877
chr15	85543502	rs16941157
chr15	85544078	rs2291049
chr15	85545773	rs10520591
chr15	85550695	rs11634651
chr15	85551424	rs11638407
chr15	85552231	rs17618909
chr15	85556958	rs17768867
chr15	85559945	rs16941432
chr15	85561526	rs6496093
chr15	85563566	rs12442591
chr15	85564521	rs4843070
chr15	85566351	rs8034125
chr15	85574141	rs4842890
chr15	85576168	rs1026722
chr15	85576770	rs8041467
chr15	85579423	rs2061821
chr15	85579548	rs2061822
chr15	85579788	rs2061824
chr15	85579939	rs745191
chr15	85580133	rs7177107
chr15	85580231	rs745192
chr15	85580757	rs4075254
chr15	85581188	rs4843073
chr15	85581324	rs4843075
chr15	85581715	rs7162168
chr15	85581737	rs11633087
chr15	85582073	rs7179919
chr15	85585261	rs17570795
chr15	85585486	rs10520595
chr15	85586613	rs16941930
chr15	85587273	rs4843078
chr15	85590028	rs10520596
chr15	85591101	rs8035496
chr15	85597248	rs17571078
chr15	85600205	rs1551970
chr15	85600273	rs1551971
chr15	85605159	rs11634177
chr15	85605207	rs11633893
chr15	85605928	rs11635152
chr15	85608636	rs11634707
chr15	85610093	rs16942194
chr15	85612056	rs12906580
chr15	85612219	rs8030490
chr15	85616031	rs8034676
chr15	85616461	rs41423246
chr15	85616722	rs41388746
chr15	85618334	rs2344440
chr15	85621702	rs8042438
chr15	85624155	rs6496137
chr15	85627024	rs10520597
chr15	85627332	rs338499
chr15	85627926	rs16942432
chr15	85628547	rs338496
chr15	85630379	rs453823
chr15	85631993	rs414374
chr15	85634317	rs443454
chr15	85639133	rs4842895
chr15	85639439	rs16942564
chr15	85640887	rs338500
chr15	85645468	rs383872
chr15	85646941	rs2448026
chr15	85648998	rs16942698
chr15	85649619	rs2430832
chr15	85650478	rs4240775
chr15	85651050	rs11634361
chr15	85652500	rs338540
chr15	85653928	rs338538
chr15	85657468	rs11631015
chr15	85661958	rs338544
chr15	85667367	rs2467097
chr15	85668173	rs11638278
chr15	85669635	rs12904047
chr15	85669941	rs338523
chr15	85671567	rs338520
chr15	85671963	rs338518
chr15	85672181	rs11631660
chr15	85673186	rs12912048
chr15	85677517	rs338513
chr15	85679866	rs10520599
chr15	85681339	rs12909648
chr15	85686798	rs49363
chr15	85687608	rs12594932
chr15	85687727	rs11073492
chr15	85689949	rs4843092
chr15	85690120	rs16943236
chr15	85690139	rs17574774
chr15	85690620	rs338553
chr15	85691469	rs338554
chr15	85692870	rs338555
chr15	85694051	rs338556
chr15	85694118	rs16943283
chr15	85694705	rs6496174
chr15	85695434	rs4843094
chr15	85697085	rs12440743
chr15	85700606	rs8025135
chr15	85702584	rs12437886
chr15	85704798	rs11073500
chr15	85705865	rs12438445
chr15	85706241	rs338525
chr15	85708269	rs16943484
chr15	85708303	rs11073502
chr15	85708359	rs338535
chr15	85708846	rs338534
chr15	85709639	rs7165064
chr15	85713926	rs17575870
chr15	85716308	rs17575933
chr15	85716786	rs16943574
chr15	85717469	rs3765096
chr15	85718428	rs338527
chr15	85718609	rs338526
chr15	85722413	rs7179917
chr15	85722551	rs7182210
chr15	85723674	rs7164426
chr15	85724066	rs10852054
chr15	85725441	rs471073
chr15	85727695	rs1819912
chr15	85728219	rs17638001
chr15	85734837	rs2241266
chr15	85734943	rs2241267
chr15	85735078	rs2241268
chr15	85735164	rs17638180
chr15	85735248	rs16943741
chr15	85735366	rs2241269
chr15	85739703	rs11630179
chr15	85741111	rs16943792
chr15	85742509	rs17576534
chr15	85743444	rs1549038
chr15	85744636	rs2614668
chr15	85745036	rs1808339
chr15	85745156	rs11630274
chr15	85745365	rs16943854
chr15	85745424	rs17576816
chr15	85745442	rs11631419
chr15	85746132	rs12905492
chr15	85746829	rs3743327
chr15	85748026	rs870689
chr15	85748038	rs3169119
chr15	85748317	rs3169121
chr15	85748331	rs2614667
chr15	85748411	rs3169122
chr15	85748791	rs2614666
chr15	85750412	rs1105705
chr15	85750878	rs12913266
chr15	85751825	rs12910685
chr15	85755485	rs2614664
chr15	85755621	rs2542606
chr15	85756476	rs17577611
chr15	85759412	rs2554
chr15	85760446	rs2007514
chr15	85760520	rs3743332
chr15	85763147	rs2430838
chr15	85766789	rs2614658
chr15	85767957	rs11637444
chr15	85768362	rs8041288
chr15	85768464	rs1978391
chr15	85769817	rs2614657
chr15	85771422	rs4842896
chr15	85771513	rs2002909
chr15	85772844	rs2542597
chr15	85772872	rs11637283
chr15	85773339	rs8038207
chr15	85777721	rs11634311
chr15	85783117	rs2455561
chr15	85786279	rs2614674
chr15	85787475	rs4843096
chr15	85787655	rs16944491
chr15	85789733	rs2946365
chr15	85791987	rs4843098
chr15	85793433	rs11629991
chr15	85796735	rs2937953
chr15	85797294	rs2937952
chr15	85798051	rs2937951
chr15	85798401	rs2937949
chr15	85800197	rs6496235
chr15	85800564	rs16944652
chr15	85801681	rs7181017
chr15	85802824	rs9635398
chr15	85803336	rs9635399
chr15	85803454	rs4842897
chr15	85804617	rs11632747
chr15	85805158	rs6496239
chr15	85805736	rs7182577
chr15	85806550	rs4842898
chr15	85806589	rs4842899
chr15	85806808	rs4843104
chr15	85806897	rs4843105
chr15	85807277	rs4843107
chr15	85809282	rs12594289
chr15	85810230	rs11636528
chr15	85815945	rs9806318
chr15	85816914	rs4842903
chr15	85817049	rs4843114
chr15	85817753	rs2344848
chr15	85818185	rs2937947
chr15	85818355	rs2927031
chr15	85818588	rs2344845
chr15	85820047	rs2927032
chr15	85820680	rs2927035
chr15	85821633	rs2946355
chr15	85823426	rs16944921
chr15	85824413	rs7170181
chr15	85824472	rs17641331
chr15	85824536	rs2937940
chr15	85824645	rs2937939
chr15	85825917	rs4420487
chr15	85826199	rs7176093
chr15	85829669	rs2344843
chr15	85831942	rs16945023
chr15	85837315	rs11636741
chr15	85838868	rs2344851
chr15	85838928	rs7180790
chr15	85838957	rs2344852
chr15	85838997	rs4462551
chr15	85840428	rs13380162
chr15	85840532	rs2344853
chr15	85843332	rs4843118
chr15	85845405	rs8029093
chr15	85845710	rs2344855
chr15	85847632	rs2344859
chr15	85848296	rs4036625
chr15	85848364	rs4257163
chr15	85848474	rs4257162
chr15	85848847	rs8026808
chr15	85859260	rs8043233
chr15	85859947	rs16945347
chr15	85861103	rs4842904
chr15	85862473	rs1986595
chr15	85862813	rs11629865
chr15	85862845	rs8024866
chr15	85863050	rs16945393
chr15	85864636	rs4843125
chr15	85865607	rs7166548
chr15	85866764	rs7173240
chr15	85870652	rs2344863
chr15	85870897	rs2344864
chr15	85871969	rs2880974
chr15	85872143	rs2344865
chr15	85872970	rs2880975
chr15	85873583	rs7176876
chr15	85877201	rs4505260
chr15	85880677	rs11634319
chr15	85880917	rs7183657
chr15	85885026	rs4134376
chr15	85891285	rs4601994
chr15	85894859	rs4842907
chr15	85894976	rs11635742
chr15	85904297	rs8034013
chr15	85905428	rs7164528
chr15	85907655	rs8037710
chr15	85910577	rs12148187
chr15	85913307	rs11632844
chr15	85919621	rs4262906
chr15	85920962	rs7177511
chr15	85924693	rs7168107
chr15	85931997	rs7180107
chr15	85935644	rs8041976
chr15	85940447	rs12438110
chr15	85942060	rs7495191
chr15	85943059	rs11854406
chr15	85943720	rs4281669
chr15	85946468	rs4843130
chr15	85949321	rs4843131
chr15	85949360	rs16946363
chr15	85950707	rs1496873
chr15	85955401	rs7172227
chr15	85956513	rs4842909
chr15	85959052	rs12906614
chr15	85959246	rs16946513
chr15	85960441	rs8042390
chr15	85961822	rs12911909
chr15	85962677	rs12899490
chr15	85962826	rs11852394
chr15	85962887	rs12899818
chr15	85964439	rs8039968
chr15	85964486	rs1948570
chr15	85965728	rs4887255
chr15	85968080	rs12912404
chr15	85968459	rs12592815
chr15	85968691	rs10438419
chr15	85968753	rs4887443
chr15	85972903	rs4887508
chr15	85972985	rs4887509
chr15	85977902	rs9920843
chr15	85978252	rs10520607
chr15	85978982	rs2173088
chr15	85979545	rs6496293
chr15	85979712	rs7170230
chr15	85983296	rs16946902
chr15	85986437	rs2047349
chr15	85987409	rs7164422
chr15	85993879	rs4887424
chr15	85995439	rs10444876
chr15	85997330	rs7183016
chr15	85997686	rs7163498
chr15	85999681	rs4337270
chr15	86003723	rs11857256
chr15	86003827	rs8028458
chr15	86004774	rs4887223
chr15	86004987	rs4887441
chr15	86005003	rs4887224
chr15	86006733	rs4887445
chr15	86007306	rs8030874
chr15	86008010	rs8032121
chr15	86008060	rs3924195
chr15	86009094	rs4887226
chr15	86009669	rs4887451
chr15	86012398	rs6496300
chr15	86014250	rs11858395
chr15	86017595	rs8042377
chr15	86018947	rs17650190
chr15	86019918	rs2028731
chr15	86019938	rs17590749
chr15	86022354	rs4887480
chr15	86024835	rs4887488
chr15	86026271	rs4887237
chr15	86026854	rs8023573
chr15	86027883	rs11852417
chr15	86034794	rs2345265
chr15	86042785	rs12903755
chr15	86043105	rs1867468
chr15	86045051	rs2840093
chr15	86045249	rs1470368
chr15	86048616	rs1444295
chr15	86048640	rs1444296
chr15	86049193	rs4887510
chr15	86049307	rs4887511
chr15	86054382	rs1444298
chr15	86056284	rs2120642
chr15	86058245	rs6496307
chr15	86059073	rs1867471
chr15	86061700	rs12442325
chr15	86063659	rs7167642
chr15	86065401	rs17591758
chr15	86066540	rs1566087
chr15	86071966	rs1596552
chr15	86072147	rs2120640
chr15	86073513	rs1444293
chr15	86075465	rs2120650
chr15	86077918	rs11858839
chr15	86078287	rs4887257
chr15	86078917	rs10852073
chr15	86080017	rs4887258
chr15	86084875	rs1373470
chr15	86088113	rs930569
chr15	86088862	rs1530429
chr15	86090932	rs1444300
chr15	86091730	rs1845931
chr15	86092515	rs1444291
chr15	86104574	rs11631677
chr15	86107070	rs17651945
chr15	86107100	rs4887282
chr15	86108641	rs7173050
chr15	86112644	rs8027956
chr15	86113754	rs16948444
chr15	86113794	rs4887287
chr15	86113861	rs16948447
chr15	86117489	rs12914656
chr15	86117867	rs4887181
chr15	86119733	rs4887292
chr15	86120319	rs1444304
chr15	86120756	rs4887293
chr15	86122189	rs16948509
chr15	86125249	rs1444309
chr15	86125707	rs1444307
chr15	86125989	rs12594338
chr15	86126078	rs12594355
chr15	86130125	rs12913662
chr15	86130891	rs7178668
chr15	86132984	rs1822639
chr15	86133640	rs4506862
chr15	86135444	rs10520608
chr15	86136197	rs7161752
chr15	86137543	rs10520609
chr15	86140439	rs4887197
chr15	86142704	rs4887198
chr15	86142772	rs4887199
chr15	86145592	rs16948699
chr15	86146836	rs12441564
chr15	86154769	rs7169490
chr15	86157565	rs1867472
chr15	86157615	rs12901510
chr15	86157802	rs997149
chr15	86157885	rs10520610
chr15	86158216	rs16948771
chr15	86160855	rs4887334
chr15	86161133	rs4887335
chr15	86161848	rs7173695
chr15	86165107	rs10520611
chr15	86165249	rs4887340
chr15	86168094	rs7168668
chr15	86174692	rs11855602
chr15	86175966	rs11073622
chr15	86176915	rs7169987
chr15	86178639	rs1899854
chr15	86179528	rs11635258
chr15	86183363	rs1348533
chr15	86184376	rs6496310
chr15	86186490	rs16949156
chr15	86187456	rs16949167
chr15	86187544	rs12916101
chr15	86188133	rs8042880
chr15	86188466	rs8027839
chr15	86193672	rs12439448
chr15	86199991	rs4611420
chr15	86202693	rs4887409
chr15	86203835	rs11852288
chr15	86206051	rs8041719
chr15	86213842	rs11073624
chr15	86215421	rs4887416
chr15	86215683	rs4887417
chr15	86216178	rs8023351
chr15	86217252	rs4389119
chr15	86217756	rs7174488
chr15	86217899	rs7174013
chr15	86219093	rs2173090
chr15	86222147	rs1496882
chr15	86222666	rs1566091
chr15	86223137	rs11073625
chr15	86225175	rs4887419
chr15	86225275	rs1496884
chr15	86226035	rs10520615
chr15	86226512	rs2047351
chr15	86227599	rs8025084
chr15	86228730	rs2881264
chr15	86229850	rs1496875
chr15	86231531	rs8033013
chr15	86232498	rs16949675
chr15	86233762	rs12899470
chr15	86234794	rs10852074
chr15	86234817	rs12442305
chr15	86235780	rs11632388
chr15	86240019	rs8039091
chr15	86240803	rs12903671
chr15	86241353	rs4887420
chr15	86241428	rs4887421
chr15	86244575	rs4887423
chr15	86248343	rs7179818
chr15	86248764	rs7178601
chr15	86252781	rs12907323
chr15	86254038	rs1496887
chr15	86254168	rs2173091
chr15	86257489	rs6496314
chr15	86259944	rs12438555
chr15	86261847	rs8033536
chr15	86262280	rs12911280
chr15	86262376	rs17665718
chr15	86263846	rs4887218
chr15	86264311	rs10520617
chr15	86264530	rs10520618
chr15	86264612	rs11857527
chr15	86264653	rs11856833
chr15	86265794	rs7181181
chr15	86266576	rs8041327
chr15	86267407	rs12901675
chr15	86270504	rs12898990
chr15	86271635	rs11858435
chr15	86272265	rs8025054
chr15	86273045	rs7165410
chr15	86274776	rs966412
chr15	86275540	rs17603016
chr15	86277508	rs903971
chr15	86278292	rs2003223
chr15	86278425	rs1988583
chr15	86280245	rs2345976
chr15	86281518	rs1496892
chr15	86282024	rs8026683
chr15	86282852	rs8031104
chr15	86283055	rs8031472
chr15	86283646	rs1817955
chr15	86295266	rs9630451
chr15	86295848	rs34896531
chr15	86296986	rs2270635
chr15	86297613	rs33987779
chr15	86303996	rs7167360
chr15	86304086	rs6496319
chr15	86305056	rs12903704
chr15	86311128	rs10152333
chr15	86311526	rs17604550
chr15	86312289	rs12916262
chr15	86312426	rs12917608
chr15	86313480	rs977316
chr15	86313585	rs10520621
chr15	86315189	rs6496321
chr15	86316218	rs12916598
chr15	86316245	rs12901001
chr15	86320680	rs1353577
chr15	86323644	rs1908786
chr15	86324877	rs12593149
chr15	86336101	rs4887432
chr15	86336259	rs11633107
chr15	86336308	rs4887433
chr15	86336561	rs4887434
chr15	86338430	rs4887435
chr15	86338450	rs4887436
chr15	86338543	rs4887438
chr15	86340618	rs4887220
chr15	86341308	rs12916544
chr15	86342993	rs7162652
chr15	86344022	rs8028627
chr15	86345125	rs1496893
chr15	86347255	rs1390862
chr15	86347502	rs8030431
chr15	86349407	rs1353576
chr15	86349662	rs2346306
chr15	86350653	rs7168699
chr15	86352188	rs1845933
chr15	86354365	rs11855207
chr15	86355538	rs17606251
chr15	86357544	rs12148784
chr15	86357646	rs11638248
chr15	86357761	rs2060060
chr15	86359813	rs10220773
chr15	86366669	rs1845934
chr15	86368082	rs41342449
chr15	86369104	rs1025404
chr15	86370793	rs8042448
chr15	86371858	rs16976465
chr15	86374766	rs1541867
chr15	86375087	rs4583204
chr15	86376266	rs11629686
chr15	86376472	rs1431234
chr15	86379575	rs4480769
chr15	86380112	rs16976562
chr15	86385360	rs2116207
chr15	86387068	rs1807445
chr15	86388252	rs7494869
chr15	86388566	rs4369625
chr15	86394363	rs17670700
chr15	86394532	rs10520626
chr15	86397391	rs4362360
chr15	86397442	rs1367647
chr15	86398226	rs1159741
chr15	86403060	rs16976779
chr15	86404387	rs744273
chr15	86406316	rs12385949
chr15	86408476	rs7168149
chr15	86409661	rs1431240
chr15	86409837	rs1431242
chr15	86412500	rs1835629
chr15	86412647	rs4887450
chr15	86415820	rs2010139
chr15	86416905	rs7359175
chr15	86417044	rs4493015
chr15	86418795	rs4887454
chr15	86427303	rs4461045
chr15	86428401	rs4513061
chr15	86428727	rs16977086
chr15	86429320	rs4313781
chr15	86429407	rs1030550
chr15	86432701	rs16977096
chr15	86436153	rs10520628
chr15	86437669	rs6496327
chr15	86440417	rs16977187
chr15	86441009	rs16977195
chr15	86441466	rs16977203
chr15	86442577	rs10438408
chr15	86444835	rs11632196
chr15	86447398	rs16977257
chr15	86447752	rs12148640
chr15	86448841	rs16977265
chr15	86448998	rs12439169
chr15	86449214	rs6496332
chr15	86449375	rs7164567
chr15	86450233	rs16977267
chr15	86450354	rs6496337
chr15	86450404	rs6496338
chr15	86450486	rs7171048
chr15	86452301	rs10520630
chr15	86452482	rs10520631
chr15	86452518	rs4887466
chr15	86453629	rs16977283
chr15	86454291	rs3902881
chr15	86457110	rs8032499
chr15	86457951	rs11634218
chr15	86458502	rs16977356
chr15	86459292	rs8027931
chr15	86460125	rs7173322
chr15	86462039	rs715922
chr15	86462298	rs10520632
chr15	86471738	rs9920671
chr15	86480336	rs2435953
chr15	86480859	rs2163442
chr15	86482287	rs11636757
chr15	86482339	rs11636761
chr15	86482395	rs7166807
chr15	86484083	rs7175159
chr15	86484909	rs2448929
chr15	86494328	rs4243100
chr15	86505496	rs4473154
chr15	86506663	rs11632104
chr15	86507120	rs12443065
chr15	86507199	rs12439060
chr15	86507477	rs11633708
chr15	86507602	rs4435233
chr15	86507763	rs4493016
chr15	86510615	rs2011905
chr15	86513893	rs11853362
chr15	86514828	rs12439183
chr15	86514967	rs2881464
chr15	86515775	rs16977622
chr15	86516324	rs2346736
chr15	86518129	rs17618568
chr15	86520240	rs8040047
chr15	86520858	rs12591257
chr15	86523136	rs2346740
chr15	86527459	rs7173672
chr15	86527816	rs2346743
chr15	86535106	rs2346713
chr15	86537507	rs11633666
chr15	86537659	rs7495075
chr15	86537829	rs2346715
chr15	86537985	rs16977781
chr15	86538511	rs16977786
chr15	86539891	rs717552
chr15	86542815	rs11852299
chr15	86543262	rs4362361
chr15	86545003	rs9920342
chr15	86545075	rs9920348
chr15	86546619	rs2346725
chr15	86550724	rs8042879
chr15	86552421	rs2346732
chr15	86559394	rs4609816
chr15	86566273	rs4887487
chr15	86566448	rs7172458
chr15	86567497	rs4243102
chr15	86569717	rs4450368
chr15	86573747	rs16977815
chr15	86573799	rs16977816
chr15	86574024	rs12593647
chr15	86576001	rs4635311
chr15	86576109	rs2448928
chr15	86577624	rs11635431
chr15	86581077	rs11634465
chr15	86581148	rs11634799
chr15	86582321	rs11858967
chr15	86586507	rs2346706
chr15	86586560	rs2346707
chr15	86586633	rs4598876
chr15	86587051	rs2447286
chr15	86588310	rs8039069
chr15	86592687	rs12441264
chr15	86592973	rs720736
chr15	86593262	rs720737
chr15	86595491	rs8041191
chr15	86596552	rs4517756
chr15	86596702	rs4393536
chr15	86602510	rs8028834
chr15	86602611	rs2346733
chr15	86602850	rs2346734
chr15	86605229	rs2469172
chr15	86606555	rs2437803
chr15	86606571	rs2437802
chr15	86606946	rs2437801
chr15	86607194	rs2437800
chr15	86607961	rs2469167
chr15	86609280	rs17626189
chr15	86610551	rs2447265
chr15	86612135	rs2447266
chr15	86612325	rs12595578
chr15	86612750	rs2346708
chr15	86613266	rs2447268
chr15	86614283	rs11073650
chr15	86615374	rs2346709
chr15	86615461	rs2881458
chr15	86619028	rs16977847
chr15	86619969	rs16977850
chr15	86620033	rs11638062
chr15	86621947	rs2346710
chr15	86623471	rs10520634
chr15	86623666	rs2469190
chr15	86624080	rs2346718
chr15	86624988	rs998516
chr15	86625213	rs12592432
chr15	86625501	rs16977877
chr15	86625564	rs2255780
chr15	86625635	rs2255783
chr15	86626040	rs8040090
chr15	86626428	rs2447274
chr15	86627466	rs16974087
chr15	86628221	rs2469193
chr15	86630065	rs2437794
chr15	86636118	rs2437792
chr15	86637629	rs7183919
chr15	86640878	rs2256140
chr15	86641018	rs2256254
chr15	86641061	rs4887494
chr15	86648320	rs11853216
chr15	86648689	rs2469183
chr15	86648746	rs2469184
chr15	86649628	rs10520635
chr15	86655770	rs4377131
chr15	86657235	rs2447284
chr15	86657684	rs2447280
chr15	86657798	rs2447279
chr15	86662153	rs2078545
chr15	86664197	rs7176651
chr15	86664561	rs7180391
chr15	86665890	rs11073654
chr15	86666472	rs7172487
chr15	86666536	rs7170517
chr15	86669191	rs16977912
chr15	86669261	rs6496350
chr15	86672267	rs16977913
chr15	86673906	rs4608306
chr15	86677895	rs6496352
chr15	86679063	rs4480770
chr15	86679099	rs4506860
chr15	86681438	rs16977919
chr15	86682103	rs12595242
chr15	86682208	rs12898227
chr15	86682908	rs17685163
chr15	86684441	rs16977928
chr15	86684844	rs7180198
chr15	86686316	rs1452454
chr15	86687960	rs16977933
chr15	86688427	rs12595041
chr15	86689182	rs986079
chr15	86697410	rs11636072
chr15	86697980	rs11631489
chr15	86698871	rs1562980
chr15	86705792	rs963805
chr15	86709693	rs11635690
chr15	86709808	rs11632024
chr15	86710284	rs10520637
chr15	86710303	rs10520638
chr15	86710569	rs7173323
chr15	86712489	rs12442329
chr15	86712517	rs1814089
chr15	86713090	rs7174517
chr15	86713258	rs7163674
chr15	86713664	rs6496354
chr15	86713876	rs2123260
chr15	86714582	rs2011360
chr15	86716372	rs2034635
chr15	86716743	rs16977939
chr15	86717494	rs1377095
chr15	86726092	rs4386109
chr15	86727303	rs16977941
chr15	86728728	rs731597
chr15	86731949	rs1869184
chr15	86737109	rs8032456
chr15	86738600	rs4491477
chr15	86740042	rs1452441
chr15	86740093	rs1452440
chr15	86740646	rs16977946
chr15	86742116	rs6496357
chr15	86742499	rs7175208
chr15	86742793	rs1377099
chr15	86743373	rs1014635
chr15	86743544	rs1452449
chr15	86745308	rs8030144
chr15	86746209	rs8033008
chr15	86746970	rs16977955
chr15	86752460	rs1817124
chr15	86753273	rs12901259
chr15	86753879	rs11636760
chr15	86755014	rs8033667
chr15	86756270	rs11073668
chr15	86756991	rs6496359
chr15	86759343	rs12102177
chr15	86762971	rs16977961
chr15	86764614	rs896614
chr15	86765935	rs16977964
chr15	86767213	rs16977968
chr15	86769490	rs896615
chr15	86770807	rs11857336
chr15	86771772	rs12438155
chr15	86771849	rs12438353
chr15	86775355	rs11631662
chr15	86775987	rs17642276
chr15	86776072	rs6496362
chr15	86776465	rs16977973
chr15	86777826	rs16977977
chr15	86783320	rs12901694
chr15	86783346	rs12906045
chr15	86784337	rs12905488
chr15	86784353	rs8032358
chr15	86784596	rs16977982
chr15	86787381	rs6496363
chr15	86787712	rs1545501
chr15	86789205	rs1545500
chr15	86791054	rs8027950
chr15	86791129	rs16977988
chr15	86794555	rs1452452
chr15	86797388	rs6496365
chr15	86798737	rs17643574
chr15	86800519	rs16977995
chr15	86804102	rs16978003
chr15	86804291	rs17643872
chr15	86807373	rs7172992
chr15	86807625	rs10852080
chr15	86807907	rs7175323
chr15	86810258	rs16978013
chr15	86810544	rs2034633
chr15	86811438	rs8027146
chr15	86811605	rs16978017
chr15	86811721	rs12591457
chr15	86814575	rs1470811
chr15	86818751	rs11073674
chr15	86821618	rs1452447
chr15	86825997	rs4550420
chr15	86828667	rs7173669
chr15	86828715	rs1349653
chr15	86833735	rs4442776
chr15	86834813	rs11073677
chr15	86835144	rs4887512
chr15	86835498	rs16978022
chr15	86836462	rs1452438
chr15	86836981	rs9806324
chr15	86840775	rs1452459
chr15	86841082	rs1452456
chr15	86842740	rs7172891
chr15	86843610	rs1452455
chr15	86844995	rs2347240
chr15	86845812	rs2347243
chr15	86845967	rs8029467
chr15	86846354	rs8040377
chr15	86850746	rs12592732
chr15	86853291	rs17645592
chr15	86854404	rs2347248
chr15	86854522	rs2881583
chr15	86855227	rs8030894
chr15	86855720	rs876469
chr15	86857641	rs8026665
chr15	86858064	rs17702548
chr15	86859175	rs10520643
chr15	86860100	rs12440042
chr15	86860531	rs12101298
chr15	86861590	rs2347450
chr15	86861912	rs11073678
chr15	86861964	rs8026055
chr15	86862173	rs7180902
chr15	86864374	rs12148788
chr15	86867107	rs16978050
chr15	86869048	rs10520644
chr15	86869430	rs16978053
chr15	86871238	rs17702916
chr15	86873042	rs9646225
chr15	86875762	rs959095
chr15	86876933	rs11073679
chr15	86877005	rs11633969
chr15	86879345	rs4530102
chr15	86881311	rs12594662
chr15	86882728	rs12914139
chr15	86887453	rs11073681
chr15	86887722	rs12050746
chr15	86887917	rs16974090
chr15	86887967	rs12050554
chr15	86888783	rs4887515
chr15	86889211	rs16978060
chr15	86889257	rs4887516
chr15	86892408	rs8036797
chr15	86892719	rs2881638
chr15	86893083	rs17647073
chr15	86893884	rs16978064
chr15	86895951	rs11073682
chr15	86897063	rs4887517
chr15	86900420	rs12324429
chr15	86903332	rs2347457
chr15	86905899	rs4426325
chr15	86909112	rs7180645
chr15	86910505	rs7174605
chr15	86911408	rs2881639
chr15	86912104	rs6496370
chr15	86913370	rs4887519
chr15	86915041	rs3743039
chr15	86917483	rs2881640
chr15	86917619	rs41322952
chr15	86918003	rs11634981
chr15	86918453	rs7163837
chr15	86918706	rs6496371
chr15	86919809	rs16978079
chr15	86920037	rs11073683
chr15	86920125	rs12591965
chr15	86920703	rs10438423
chr15	86922800	rs7178641
chr15	86923820	rs8024539
chr15	86924031	rs6650533
chr15	86924419	rs16978088
chr15	86925534	rs12909889
chr15	86927863	rs1012737
chr15	86928440	rs10852081
chr15	86934353	rs7180940
chr15	86934639	rs1368627
chr15	86935572	rs1865188
chr15	86935659	rs11638779
chr15	86938523	rs8038531
chr15	86938607	rs8038681
chr15	86938956	rs16978107
chr15	86944897	rs879518
chr15	86953226	rs2701423
chr15	86956036	rs16978115
chr15	86959831	rs16978124
chr15	86960803	rs2594343
chr15	86961734	rs7180015
chr15	86962701	rs765627
chr15	86968038	rs16978128
chr15	86968961	rs1433447
chr15	86971652	rs1433448
chr15	86972108	rs1433449
chr15	86975681	rs2082538
chr15	86977015	rs2594332
chr15	86978812	rs6496378
chr15	86979112	rs4606685
chr15	86981925	rs998859
chr15	86984910	rs2701402
chr15	86985177	rs2117080
chr15	86985569	rs2117081
chr15	86988050	rs1006030
chr15	86991699	rs11636069
chr15	86992870	rs1010419
chr15	86996449	rs8023616
chr15	86996502	rs2594330
chr15	86996651	rs8038098
chr15	86996687	rs2701405
chr15	86997270	rs2594331
chr15	86997644	rs8029706
chr15	86998781	rs2881641
chr15	87007179	rs737655
chr15	87007639	rs1433446
chr15	87009751	rs2594333
chr15	87012651	rs1347234
chr15	87018205	rs1583324
chr15	87029166	rs2570125
chr15	87029275	rs11637457
chr15	87029287	rs2701394
chr15	87032021	rs9921009
chr15	87032172	rs7177132
chr15	87032947	rs2570123
chr15	87033562	rs2701419
chr15	87033695	rs2701420
chr15	87036595	rs2701422
chr15	87051060	rs953967
chr15	87051371	rs2570139
chr15	87052074	rs10520646
chr15	87057755	rs2570135
chr15	87060533	rs2570134
chr15	87060608	rs2701362
chr15	87063788	rs1433451
chr15	87064080	rs2570131
chr15	87065183	rs17734241
chr15	87069137	rs2043380
chr15	87075362	rs10520648
chr15	87077350	rs956521
chr15	87078832	rs16939830
chr15	87083881	rs1034482
chr15	87086396	rs9788759
chr15	87090495	rs16939860
chr15	87091650	rs8029692
chr15	87091827	rs16939870
chr15	87093070	rs11637505
chr15	87095612	rs2570124
chr15	87096072	rs16939900
chr15	87096927	rs16939908
chr15	87097297	rs6496397
chr15	87097669	rs1897658
chr15	87105322	rs35353483
chr15	87115454	rs2347971
chr15	87115809	rs4544211
chr15	87117634	rs41437947
chr15	87117831	rs2133570
chr15	87117849	rs2133571
chr15	87120884	rs8033765
chr15	87121159	rs10152646
chr15	87121422	rs16939915
chr15	87121541	rs10152618
chr15	87121902	rs1499757
chr15	87126060	rs1532585
chr15	87128601	rs12902932
chr15	87132016	rs12148333
chr15	87139396	rs11855086
chr15	87143944	rs1499756
chr15	87149761	rs11856418
chr15	87152280	rs11636768
chr15	87152512	rs11632375
chr15	87153191	rs12442131
chr15	87154857	rs10152178
chr15	87158286	rs7165337
chr15	87161431	rs7173396
chr15	87162030	rs2068490
chr15	87162196	rs11638933
chr15	87162561	rs1349381
chr15	87163086	rs11073695
chr15	87163321	rs970072
chr15	87163723	rs9972428
chr15	87164262	rs17798677
chr15	87165118	rs8038078
chr15	87165607	rs1349380
chr15	87166079	rs1695976
chr15	87168942	rs12908741
chr15	87169235	rs8040913
chr15	87169835	rs11854985
chr15	87171076	rs7166551
chr15	87171817	rs9944198
chr15	87172184	rs11073699
chr15	87173569	rs924405
chr15	87173675	rs7178451
chr15	87175720	rs12438352
chr15	87177331	rs1620419
chr15	87177480	rs3844975
chr15	87177801	rs1472506
chr15	87178437	rs16939987
chr15	87182609	rs4887171
chr15	87185323	rs12441654
chr15	87190205	rs16940000
chr15	87190294	rs17799479
chr15	87191388	rs16940003
chr15	87192743	rs12439628
chr15	87193172	rs883072
chr15	87194642	rs17737592
chr15	87204166	rs2581616
chr15	87205430	rs2173591
chr15	87207129	rs1695971
chr15	87208615	rs1392161
chr15	87210057	rs3853299
chr15	87210098	rs1668311
chr15	87210433	rs4887267
chr15	87210935	rs1695969
chr15	87212363	rs3913351
chr15	87215536	rs11634099
chr15	87215755	rs11634215
chr15	87218028	rs1349382
chr15	87218448	rs10520652
chr15	87219095	rs1695983
chr15	87219818	rs17811219
chr15	87220032	rs17811243
chr15	87220217	rs17738370
chr15	87221844	rs2705476
chr15	87222487	rs1499755
chr15	87224885	rs9920287
chr15	87225619	rs17738544
chr15	87227490	rs17738620
chr15	87229264	rs3110075
chr15	87236671	rs8042805
chr15	87238541	rs2649682
chr15	87239674	rs1392163
chr15	87240205	rs2649683
chr15	87243558	rs12101460
chr15	87244380	rs11632893
chr15	87244944	rs1027548
chr15	87245241	rs1027549
chr15	87246195	rs1499742
chr15	87248887	rs3866554
chr15	87249097	rs3866555
chr15	87256547	rs1695984
chr15	87256693	rs12442380
chr15	87262313	rs9806605
chr15	87262840	rs2649685
chr15	87264927	rs2464605
chr15	87269506	rs1499738
chr15	87271022	rs3913350
chr15	87274190	rs7177388
chr15	87275132	rs3110074
chr15	87287299	rs9920857
chr15	87287357	rs4563015
chr15	87287915	rs7181622
chr15	87288899	rs16940074
chr15	87298953	rs17738824
chr15	87300305	rs12442363
chr15	87302854	rs11632912
chr15	87303217	rs4887279
chr15	87303903	rs11073708
chr15	87303957	rs11630829
chr15	87309774	rs8038248
chr15	87312146	rs2705473
chr15	87313217	rs17812133
chr15	87314328	rs7173540
chr15	87315468	rs2599545
chr15	87316849	rs16940155
chr15	87317870	rs2599546
chr15	87318045	rs2705480
chr15	87319578	rs2584176
chr15	87326793	rs11073709
chr15	87333928	rs2009305
chr15	87334263	rs753474
chr15	87335372	rs2348145
chr15	87335965	rs2122926
chr15	87337616	rs7165165
chr15	87338866	rs8031996
chr15	87344562	rs17705636
chr15	87344720	rs17705660
chr15	87346013	rs17705743
chr15	87346519	rs12593745
chr15	87347260	rs3867936
chr15	87349376	rs16940197
chr15	87350020	rs6496412
chr15	87352364	rs3870431
chr15	87352523	rs17705983
chr15	87353113	rs7176516
chr15	87353171	rs3910705
chr15	87353751	rs17706085
chr15	87357135	rs16940221
chr15	87358251	rs874616
chr15	87359146	rs766881
chr15	87361096	rs17655115
chr15	87363124	rs16940235
chr15	87364383	rs7165939
chr15	87364481	rs11853234
chr15	87364679	rs17706428
chr15	87366884	rs1451646
chr15	87369894	rs8037532
chr15	87377136	rs12593971
chr15	87385269	rs9284311
chr15	87389541	rs4887178
chr15	87393391	rs13379751
chr15	87394509	rs1442309
chr15	87394952	rs11638634
chr15	87395023	rs7180429
chr15	87395983	rs1442307
chr15	87396527	rs8030511
chr15	87400054	rs2881895
chr15	87400102	rs2348372
chr15	87401723	rs12905510
chr15	87403696	rs1014276
chr15	87405548	rs1372610
chr15	87411527	rs1372605
chr15	87416011	rs17656065
chr15	87416783	rs1867034
chr15	87416894	rs16940295
chr15	87416983	rs2584120
chr15	87417171	rs10520614
chr15	87419456	rs1442295
chr15	87420257	rs2584121
chr15	87423713	rs2679084
chr15	87426051	rs11073715
chr15	87429198	rs2679078
chr15	87433764	rs11630254
chr15	87434030	rs17656890
chr15	87434147	rs1442313
chr15	87434245	rs2679073
chr15	87436522	rs2679072
chr15	87439483	rs12324178
chr15	87440752	rs11630146
chr15	87440770	rs11630148
chr15	87441128	rs1822236
chr15	87444361	rs4595769
chr15	87452856	rs2606169
chr15	87460683	rs16940400
chr15	87462359	rs8034077
chr15	87462903	rs977133
chr15	87463130	rs16940428
chr15	87471032	rs2584153
chr15	87472382	rs982184
chr15	87472478	rs6496420
chr15	87476143	rs2606160
chr15	87477133	rs16940437
chr15	87477744	rs41419445
chr15	87480014	rs1442297
chr15	87480491	rs1442298
chr15	87483353	rs1372608
chr15	87486448	rs2606167
chr15	87486582	rs1837916
chr15	87487202	rs2259391
chr15	87488876	rs2606168
chr15	87490031	rs16940456
chr15	87490405	rs16940459
chr15	87492581	rs2679102
chr15	87493128	rs2679101
chr15	87493543	rs2584162
chr15	87493801	rs17812572
chr15	87494239	rs2348383
chr15	87497038	rs2679098
chr15	87497169	rs12594783
chr15	87505011	rs2679096
chr15	87507103	rs2679095
chr15	87509536	rs11853542
chr15	87518591	rs2679092
chr15	87521576	rs16940501
chr15	87522987	rs4448903
chr15	87525793	rs11634595
chr15	87526467	rs11856519
chr15	87526970	rs4887295
chr15	87528900	rs11633752
chr15	87528978	rs11638902
chr15	87534722	rs3900605
chr15	87537451	rs17740510
chr15	87537703	rs4477668
chr15	87537907	rs12443177
chr15	87543180	rs10520655
chr15	87545216	rs4887298
chr15	87548300	rs8032583
chr15	87548384	rs41533348
chr15	87549553	rs16940556
chr15	87557046	rs11636066
chr15	87559804	rs16940565
chr15	87562516	rs4887186
chr15	87563656	rs4146309
chr15	87564008	rs4146308
chr15	87564103	rs4887301
chr15	87564890	rs16940588
chr15	87565085	rs1075725
chr15	87566028	rs10520656
chr15	87566701	rs4887302
chr15	87568279	rs16940599
chr15	87568610	rs16940607
chr15	87568895	rs4534802
chr15	87570240	rs16940613
chr15	87571036	rs11858215
chr15	87571363	rs10520657
chr15	87571441	rs10520658
chr15	87573169	rs4261500
chr15	87574203	rs7162876
chr15	87576604	rs7180733
chr15	87576900	rs6496426
chr15	87576918	rs8026805
chr15	87577438	rs10852087
chr15	87577847	rs11073722
chr15	87579065	rs4243091
chr15	87580546	rs16940637
chr15	87581136	rs8029887
chr15	87581378	rs16940645
chr15	87581619	rs16940648
chr15	87582680	rs16940650
chr15	87583482	rs10520664
chr15	87584998	rs7178330
chr15	87585429	rs4499206
chr15	87588331	rs4887304
chr15	87588735	rs4887306
chr15	87591030	rs10520665
chr15	87591140	rs7171014
chr15	87594970	rs12915412
chr15	87595038	rs12915443
chr15	87597705	rs7172845
chr15	87605341	rs13329438
chr15	87605613	rs4887307
chr15	87607364	rs17815556
chr15	87608602	rs10459693
chr15	87610103	rs10459694
chr15	87613342	rs7182036
chr15	87613752	rs4887192
chr15	87614733	rs10520666
chr15	87617327	rs4887312
chr15	87618337	rs4611422
chr15	87619616	rs4627305
chr15	87621799	rs4887316
chr15	87623178	rs11855688
chr15	87625577	rs7497848
chr15	87626454	rs12901668
chr15	87626571	rs12906065
chr15	87629718	rs7494849
chr15	87630461	rs4483822
chr15	87632361	rs4522384
chr15	87634099	rs10852089
chr15	87634151	rs11632726
chr15	87642024	rs7172426
chr15	87645595	rs12595325
chr15	87650908	rs6496431
chr15	87653563	rs7174170
chr15	87655784	rs4344707
chr15	87657363	rs7169863
chr15	87657476	rs7172048
chr15	87657811	rs7170624
chr15	87668655	rs10468136
chr15	87668715	rs10468137
chr15	87671480	rs6496435
chr15	87672339	rs11857638
chr15	87674523	rs8028224
chr15	87676430	rs4319733
chr15	87683894	rs12594267
chr15	87684702	rs4603525
chr15	87685051	rs4310822
chr15	87685623	rs11858538
chr15	87689359	rs4271562
chr15	87692796	rs11858987
chr15	87695661	rs12593614
chr15	87706138	rs4398082
chr15	87706589	rs4641710
chr15	87707907	rs8038492
chr15	87714005	rs4887320
chr15	87714453	rs4887321
chr15	87715351	rs4243095
chr15	87720920	rs8026126
chr15	87721020	rs8026290
chr15	87722548	rs7165967
chr15	87725521	rs4461043
chr15	87729238	rs4454940
chr15	87730381	rs4887323
chr15	87730953	rs13329210
chr15	87732825	rs7173810
chr15	87739471	rs12591679
chr15	87741830	rs11854174
chr15	87747278	rs11634467
chr15	87749332	rs12592965
chr15	87752260	rs11073732
chr15	87754667	rs7496279
chr15	87757472	rs16814
chr15	87759617	rs8040597
chr15	87761958	rs7162769
chr15	87764322	rs2069227
chr15	87764636	rs4297651
chr15	87764938	rs2348569
chr15	87768145	rs12595190
chr15	87774727	rs11852841
chr15	87776729	rs1080382
chr15	87777403	rs7167158
chr15	87777737	rs6496440
chr15	87779230	rs16940789
chr15	87781849	rs7176816
chr15	87781982	rs16940809
chr15	87782245	rs9745185
chr15	87783900	rs1986826
chr15	87785870	rs10520667
chr15	87786187	rs9920842
chr15	87786299	rs11856526
chr15	87787026	rs1369427
chr15	87793527	rs2117652
chr15	87797241	rs1435406
chr15	87797573	rs7168662
chr15	87798169	rs4887326
chr15	87799224	rs11073737
chr15	87799455	rs7179067
chr15	87800424	rs1073723
chr15	87801229	rs717320
chr15	87815019	rs8030747
chr15	87815951	rs10520669
chr15	87817437	rs7165500
chr15	87818168	rs11073745
chr15	87818391	rs12591645
chr15	87819016	rs12903567
chr15	87819370	rs17842141
chr15	87821199	rs4887329
chr15	87823744	rs4243096
chr15	87824853	rs1435395
chr15	87825185	rs12907837
chr15	87826161	rs4508397
chr15	87827031	rs13313527
chr15	87829969	rs1369420
chr15	87841919	rs8033590
chr15	87843876	rs16940861
chr15	87846078	rs2196304
chr15	87852848	rs7164368
chr15	87852868	rs7164376
chr15	87857889	rs16940895
chr15	87860605	rs1560977
chr15	87860691	rs1560976
chr15	87861160	rs3803409
chr15	87861811	rs3743165
chr15	87868273	rs1017413
chr15	87869578	rs1369417
chr15	87869594	rs1369416
chr15	87873303	rs9635402
chr15	87876193	rs7176429
chr15	87879820	rs11073752
chr15	87880232	rs1560975
chr15	87885471	rs2117655
chr15	87887538	rs1369430
chr15	87888940	rs11638486
chr15	87891303	rs11631866
chr15	87893838	rs1435403
chr15	87893872	rs8029826
chr15	87897559	rs1435402
chr15	87902263	rs7163473
chr15	87905062	rs16941002
chr15	87906258	rs6496454
chr15	87909364	rs7161806
chr15	87910426	rs6496455
chr15	87911595	rs1435397
chr15	87912858	rs3903308
chr15	87914408	rs7182329
chr15	87914600	rs12595693
chr15	87918375	rs1347424
chr15	87919268	rs7175941
chr15	87920600	rs11855377
chr15	87920879	rs1465747
chr15	87921826	rs1946697
chr15	87922556	rs6496456
chr15	87922737	rs1007533
chr15	87925700	rs1078163
chr15	87930059	rs8039186
chr15	87931556	rs2043516
chr15	87932125	rs8041239
chr15	87932658	rs1369425
chr15	87932935	rs1006046
chr15	87936273	rs3784434
chr15	87940225	rs7170062
chr15	87941316	rs7164421
chr15	87945197	rs1369426
chr15	87948082	rs17753398
chr15	87948544	rs12593792
chr15	87949777	rs8031871
chr15	87950231	rs4887337
chr15	87954193	rs13379991
chr15	87955235	rs11631508
chr15	87955954	rs13380271
chr15	87956202	rs16941070
chr15	87959311	rs8038245
chr15	87964101	rs7170976
chr15	87964700	rs8037291
chr15	87966938	rs11073754
chr15	87970621	rs11630902
chr15	87973157	rs7172184
chr15	87975985	rs2018052
chr15	87977060	rs1461213
chr15	87980090	rs11073755
chr15	87980166	rs11073757
chr15	87982720	rs16941103
chr15	87987815	rs4887344
chr15	87997493	rs2009966
chr15	87998410	rs1841551
chr15	88004059	rs8030107
chr15	88005887	rs11073758
chr15	88007211	rs11073759
chr15	88011321	rs1017757
chr15	88011647	rs4989257
chr15	88014079	rs1350799
chr15	88017956	rs10468138
chr15	88022620	rs1381112
chr15	88023386	rs10520672
chr15	88028303	rs4887348
chr15	88035776	rs12440041
chr15	88036170	rs12440144
chr15	88041021	rs12594283
chr15	88041079	rs12441487
chr15	88046149	rs7167737
chr15	88046549	rs8033409
chr15	88046654	rs3784432
chr15	88046882	rs8032073
chr15	88046889	rs6496460
chr15	88047262	rs1948066
chr15	88049092	rs16941171
chr15	88049218	rs16941174
chr15	88050366	rs4887351
chr15	88051208	rs8035265
chr15	88055344	rs12592807
chr15	88059610	rs3825885
chr15	88064917	rs16941212
chr15	88067674	rs1824554
chr15	88067977	rs17755433
chr15	88072861	rs3825884
chr15	88074490	rs10520673
chr15	88081865	rs17755717
chr15	88085543	rs1461211
chr15	88089867	rs6496461
chr15	88090547	rs3784421
chr15	88092449	rs4887205
chr15	88094775	rs16941252
chr15	88099204	rs2279409
chr15	88108518	rs7175493
chr15	88110204	rs3784416
chr15	88110250	rs3784415
chr15	88110607	rs12148591
chr15	88110619	rs12148667
chr15	88111294	rs12901745
chr15	88115733	rs11636250
chr15	88116675	rs11631112
chr15	88116884	rs4887364
chr15	88118401	rs11630338
chr15	88118508	rs9806762
chr15	88121445	rs2114252
chr15	88121562	rs2114251
chr15	88122751	rs3784412
chr15	88124717	rs3784410
chr15	88125270	rs3784407
chr15	88125460	rs12911150
chr15	88125932	rs1426300
chr15	88127527	rs16941321
chr15	88131284	rs17829890
chr15	88131759	rs8035239
chr15	88133448	rs4887368
chr15	88135449	rs2059588
chr15	88136869	rs1110306
chr15	88142099	rs3784406
chr15	88144779	rs3784405
chr15	88146413	rs6496465
chr15	88148000	rs16941328
chr15	88150402	rs16941331
chr15	88152646	rs4887209
chr15	88160315	rs12148845
chr15	88161881	rs12910780
chr15	88163657	rs12594538
chr15	88163705	rs11073767
chr15	88163962	rs12594095
chr15	88165826	rs17830422
chr15	88166407	rs10520676
chr15	88169363	rs16941364
chr15	88170461	rs8025158
chr15	88171320	rs12591487
chr15	88172446	rs7166886
chr15	88174477	rs6496466
chr15	88175011	rs13329385
chr15	88175992	rs4887376
chr15	88180481	rs1104918
chr15	88181416	rs1105442
chr15	88191115	rs11852633
chr15	88192079	rs6496469
chr15	88193078	rs1105962
chr15	88193744	rs11629691
chr15	88194097	rs4887381
chr15	88194603	rs8025146
chr15	88199208	rs8033396
chr15	88199281	rs17831280
chr15	88199729	rs16941424
chr15	88200163	rs12324693
chr15	88210486	rs4887210
chr15	88211660	rs4887211
chr15	88211698	rs4887382
chr15	88211779	rs2349054
chr15	88212970	rs4887212
chr15	88216513	rs1863482
chr15	88216968	rs7169789
chr15	88217303	rs4887383
chr15	88218308	rs12591252
chr15	88218563	rs12591318
chr15	88219922	rs1559822
chr15	88222133	rs11073768
chr15	88225198	rs4887391
chr15	88230048	rs1863488
chr15	88235369	rs7176520
chr15	88241008	rs8026216
chr15	88242067	rs1075891
chr15	88245639	rs7167399
chr15	88247094	rs4887399
chr15	88251628	rs4887400
chr15	88259704	rs744994
chr15	88260034	rs744993
chr15	88260612	rs4887401
chr15	88266661	rs16941568
chr15	88268099	rs998636
chr15	88270901	rs17765281
chr15	88270978	rs7164988
chr15	88271125	rs7164531
chr15	88272251	rs962422
chr15	88275828	rs11635754
chr15	88277198	rs16941593
chr15	88277284	rs11073770
chr15	88277737	rs7180011
chr15	88277808	rs17184851
chr15	88279102	rs16941598
chr15	88279285	rs16941599
chr15	88279443	rs16941600
chr15	88279696	rs1530310
chr15	88280550	rs12441513
chr15	88281276	rs894291
chr15	88281450	rs894290
chr15	88282467	rs4887403
chr15	88282681	rs12102144
chr15	88284341	rs12899101
chr15	88291078	rs8037910
chr15	88294139	rs12592805
chr15	88294985	rs8042514
chr15	88295136	rs8042720
chr15	88295773	rs1530309
chr15	88296210	rs2119829
chr15	88296491	rs4887404
chr15	88299956	rs16941652
chr15	88300265	rs11632476
chr15	88311394	rs12324812
chr15	88312953	rs1561806
chr15	88315926	rs10852095
chr15	88316793	rs12594602
chr15	88317560	rs10852096
chr15	88317673	rs4887406
chr15	88321102	rs11631531
chr15	88321676	rs1372600
chr15	88324075	rs4887216
chr15	88324326	rs11858902
chr15	88325070	rs10520677
chr15	88325636	rs7172918
chr15	88331165	rs8037803
chr15	88334112	rs7163076
chr15	88340617	rs8023765
chr15	88342087	rs958700
chr15	88342620	rs4887408
chr15	88344336	rs962289
chr15	88351888	rs11852709
chr15	88353916	rs7182916
chr15	88354118	rs1899416
chr15	88354907	rs1372598
chr15	88355438	rs6496475
chr15	88356255	rs4453445
chr15	88356400	rs2349981
chr15	88356495	rs11636752
chr15	88364684	rs16941706
chr15	88365906	rs12910436
chr15	88369481	rs7177387
chr15	88369548	rs7177575
chr15	88369607	rs6496479
chr15	88369690	rs16941725
chr15	88371403	rs11633280
chr15	88372866	rs11631083
chr15	88377447	rs12592041
chr15	88381491	rs1442291
chr15	88382474	rs8031603
chr15	88384037	rs8037590
chr15	88384961	rs8042040
chr15	88385503	rs7172274
chr15	88388889	rs9652510
chr15	88389592	rs17187400
chr15	88389867	rs10451018
chr15	88394052	rs10520678
chr15	88394085	rs7174952
chr15	88420028	rs11855600
chr15	88420067	rs6496481
chr15	88420418	rs7495512
chr15	88431594	rs7168591
chr15	88434089	rs7182080
chr15	88438248	rs8029604
chr15	88442443	rs6496484
chr15	88448656	rs7182360
chr15	88451459	rs11855748
chr15	88452619	rs7167341
chr15	88454801	rs6496485
chr15	88457266	rs8036142
chr15	88458372	rs28458905
chr15	88461260	rs17188013
chr15	88462107	rs6496486
chr15	88468401	rs16941911
chr15	88472055	rs7176734
chr15	88481368	rs8023760
chr15	88483337	rs11858314
chr15	88484871	rs16941976
chr15	88485706	rs16941984
chr15	88490437	rs16941985
chr15	88491762	rs11634144
chr15	88493903	rs752278
chr15	88495581	rs7182912
chr15	88497360	rs17189674
chr15	88498579	rs11638752
chr15	88498900	rs9788651
chr15	88499236	rs12915845
chr15	88501034	rs16942010
chr15	88502493	rs6496487
chr15	88502707	rs6496488
chr15	88503552	rs7494834
chr15	88503664	rs6496489
chr15	88504164	rs7180885
chr15	88505067	rs1030969
chr15	88507397	rs1000587
chr15	88507603	rs1465883
chr15	88511395	rs28630408
chr15	88512772	rs2289415
chr15	88512809	rs13835
chr15	88519089	rs7402984
chr15	88526068	rs17196732
chr15	88526226	rs8043389
chr15	88527480	rs8035236
chr15	88528279	rs11638273
chr15	88529374	rs1440124
chr15	88529940	rs1561576
chr15	88530281	rs7402553
chr15	88533498	rs11637948
chr15	88534448	rs1440125
chr15	88536441	rs17197019
chr15	88538047	rs7165890
chr15	88540083	rs12907930
chr15	88542462	rs10438429
chr15	88542685	rs11073788
chr15	88563002	rs8038512
chr15	88563095	rs8038670
chr15	88563183	rs2033886
chr15	88564271	rs2033887
chr15	88567604	rs11073790
chr15	88567980	rs16942034
chr15	88570646	rs13329353
chr15	88571568	rs11073791
chr15	88574910	rs2165247
chr15	88576190	rs11637983
chr15	88576480	rs11638818
chr15	88581264	rs12595270
chr15	88582584	rs7164861
chr15	88585913	rs12591697
chr15	88586924	rs12324548
chr15	88590318	rs8030854
chr15	88599884	rs10852106
chr15	88603303	rs11637762
chr15	88603737	rs1561577
chr15	88607297	rs8023916
chr15	88609231	rs17197715
chr15	88610513	rs1470108
chr15	88615929	rs16942083
chr15	88620226	rs6496512
chr15	88621643	rs11858257
chr15	88623530	rs2028389
chr15	88626253	rs3743477
chr15	88626627	rs8027765
chr15	88627145	rs4932367
chr15	88627904	rs16942105
chr15	88628491	rs12148410
chr15	88628660	rs2350270
chr15	88629508	rs12903425
chr15	88629804	rs16942120
chr15	88629905	rs3826039
chr15	88630817	rs3743473
chr15	88631278	rs11559060
chr15	88632195	rs8031562
chr15	88636445	rs11638243
chr15	88636788	rs7172522
chr15	88637073	rs6496514
chr15	88637515	rs4491485
chr15	88637547	rs11073795
chr15	88637654	rs10152821
chr15	88639365	rs3200942
chr15	88646703	rs8025352
chr15	88646753	rs8025499
chr15	88649425	rs10852109
chr15	88649642	rs4932187
chr15	88651551	rs8023533
chr15	88653510	rs11853186
chr15	88655329	rs8041687
chr15	88657973	rs11854750
chr15	88662739	rs4932403
chr15	88676205	rs7175597
chr15	88680122	rs4595778
chr15	88682543	rs11073800
chr15	88688433	rs6496518
chr15	88693588	rs12901974
chr15	88693970	rs7168492
chr15	88694953	rs6496519
chr15	88695024	rs6496520
chr15	88702008	rs4932194
chr15	88705908	rs8027587
chr15	88709287	rs12902002
chr15	88709755	rs3923359
chr15	88710673	rs11073805
chr15	88712012	rs4436753
chr15	88717903	rs4497664
chr15	88721446	rs7177722
chr15	88721686	rs4244886
chr15	88722088	rs4534816
chr15	88725816	rs4288971
chr15	88725921	rs7179405
chr15	88726493	rs4500694
chr15	88730776	rs7166067
chr15	88731151	rs7173652
chr15	88733919	rs7174169
chr15	88734096	rs7175900
chr15	88736108	rs4932411
chr15	88736465	rs4932412
chr15	88745855	rs7178611
chr15	88747711	rs8029334
chr15	88750550	rs8025969
chr15	88752296	rs8042904
chr15	88752496	rs11855547
chr15	88760958	rs12591707
chr15	88761165	rs12591747
chr15	88770551	rs11073808
chr15	88775552	rs11073810
chr15	88787119	rs7495010
chr15	88787343	rs11631392
chr15	88787533	rs7496078
chr15	88789185	rs11854703
chr15	88792138	rs8035336
chr15	88792370	rs4932198
chr15	88793420	rs11635404
chr15	88794045	rs4932424
chr15	88799489	rs7497684
chr15	88802716	rs8028537
chr15	88804096	rs11632435
chr15	88806095	rs4932425
chr15	88807736	rs7176941
chr15	88812680	rs12439075
chr15	88813601	rs11633371
chr15	88814215	rs11073813
chr15	88814290	rs17198849
chr15	88818628	rs8033375
chr15	88820635	rs4932430
chr15	88825590	rs17199220
chr15	88827392	rs12903455
chr15	88828192	rs12905452
chr15	88828381	rs7173022
chr15	88828580	rs16942267
chr15	88828656	rs7180356
chr15	88829370	rs4932432
chr15	88830608	rs11630178
chr15	88830775	rs11629990
chr15	88832635	rs16942277
chr15	88834542	rs938613
chr15	88834557	rs12913320
chr15	88835027	rs939585
chr15	88835102	rs939586
chr15	88835164	rs939587
chr15	88836064	rs938610
chr15	88836117	rs17200030
chr15	88836655	rs11630917
chr15	88838325	rs2280468
chr15	88839377	rs1015081
chr15	88839617	rs1015080
chr15	88839775	rs883325
chr15	88839813	rs3784759
chr15	88840263	rs2293086
chr15	88840432	rs16942320
chr15	88841162	rs4932435
chr15	88842263	rs12908753
chr15	88842354	rs12913174
chr15	88842401	rs12908947
chr15	88844861	rs12901266
chr15	88845674	rs16942341
chr15	88847929	rs2272023
chr15	88849514	rs1568116
chr15	88853826	rs4932438
chr15	88854874	rs2351491
chr15	88855176	rs3743398
chr15	88855374	rs938608
chr15	88857878	rs4932439
chr15	88858384	rs3825994
chr15	88858820	rs1042630
chr15	88859008	rs1042631
chr15	88859365	rs698621
chr15	88859665	rs953066
chr15	88859694	rs953065
chr15	88860173	rs3784757
chr15	88860691	rs9630453
chr15	88861649	rs8042108
chr15	88861821	rs16942383
chr15	88864850	rs8024016
chr15	88866372	rs1983332
chr15	88867083	rs1516797
chr15	88867591	rs6496527
chr15	88868574	rs9972588
chr15	88871064	rs1879529
chr15	88874007	rs1126823
chr15	88874398	rs2280465
chr15	88877453	rs16942414
chr15	88877743	rs17201864
chr15	88878096	rs2280463
chr15	88878174	rs7182726
chr15	88881350	rs938605
chr15	88882408	rs7179459
chr15	88882548	rs939590
chr15	88883704	rs17791430
chr15	88887275	rs3743395
chr15	88891898	rs4932444
chr15	88893013	rs8024779
chr15	88893064	rs8039131
chr15	88896301	rs16942442
chr15	88896593	rs16942443
chr15	88898125	rs16942446
chr15	88899375	rs2280214
chr15	88900949	rs17202544
chr15	88901529	rs2015495
chr15	88902367	rs8025462
chr15	88902420	rs3743392
chr15	88902553	rs1879530
chr15	88904970	rs3825992
chr15	88906396	rs2271715
chr15	88906772	rs2271714
chr15	88906856	rs8029053
chr15	88907315	rs1878327
chr15	88907356	rs1878326
chr15	88908037	rs4932448
chr15	88908280	rs4932449
chr15	88908973	rs4932450
chr15	88908998	rs4932202
chr15	88910557	rs3784752
chr15	88910631	rs3784751
chr15	88916147	rs7169845
chr15	88922951	rs12899529
chr15	88924223	rs1961839
chr15	88929036	rs1850324
chr15	88930574	rs12917490
chr15	88930695	rs12904003
chr15	88931428	rs8039998
chr15	88932069	rs7164649
chr15	88932812	rs7163586
chr15	88936139	rs12443377
chr15	88936644	rs6496535
chr15	88936744	rs6496536
chr15	88945952	rs1878330
chr15	88948047	rs12440255
chr15	88948388	rs907779
chr15	88949461	rs7169902
chr15	88953869	rs12440803
chr15	88954718	rs7175309
chr15	88958803	rs2882675
chr15	88958997	rs4534818
chr15	88964460	rs12440184
chr15	88965134	rs12442502
chr15	88968321	rs11854658
chr15	88969800	rs11855772
chr15	88973406	rs4932205
chr15	88987156	rs12440126
chr15	88989303	rs10852115
chr15	88989865	rs12440535
chr15	88990000	rs12914174
chr15	88994405	rs12442026
chr15	89004875	rs8034934
chr15	89014756	rs9652512
chr15	89016385	rs8033823
chr15	89017992	rs6496548
chr15	89022255	rs8037001
chr15	89022391	rs733952
chr15	89023347	rs730657
chr15	89025698	rs4932206
chr15	89036232	rs12593383
chr15	89036435	rs383261
chr15	89040595	rs293346
chr15	89049991	rs16942613
chr15	89052102	rs7170575
chr15	89052116	rs7177453
chr15	89052287	rs932066
chr15	89052652	rs1866752
chr15	89053694	rs12595660
chr15	89053891	rs17793647
chr15	89054402	rs293353
chr15	89058078	rs293340
chr15	89059159	rs293342
chr15	89060497	rs11073831
chr15	89065388	rs17794062
chr15	89067929	rs10520681
chr15	89068326	rs11858077
chr15	89069505	rs16942644
chr15	89070180	rs12437650
chr15	89070487	rs12441128
chr15	89072044	rs7162943
chr15	89073999	rs405103
chr15	89075328	rs11073837
chr15	89076162	rs1440379
chr15	89076958	rs293355
chr15	89077439	rs293356
chr15	89077677	rs293358
chr15	89078043	rs293359
chr15	89078208	rs293360
chr15	89087245	rs293370
chr15	89091065	rs293378
chr15	89091211	rs16942690
chr15	89092037	rs293376
chr15	89097624	rs387727
chr15	89101999	rs293380
chr15	89108907	rs293386
chr15	89109321	rs293385
chr15	89109341	rs293384
chr15	89110533	rs1033155
chr15	89116220	rs293396
chr15	89117684	rs186052
chr15	89117808	rs7177792
chr15	89122571	rs4932471
chr15	89123503	rs11638609
chr15	89126454	rs7178898
chr15	89127273	rs4932474
chr15	89127596	rs16942719
chr15	89131152	rs11858720
chr15	89137153	rs6496556
chr15	89137545	rs6496557
chr15	89137785	rs16942741
chr15	89139791	rs16942750
chr15	89140698	rs8026267
chr15	89142337	rs2289440
chr15	89142555	rs2289439
chr15	89143253	rs16942758
chr15	89144884	rs8025377
chr15	89146733	rs1125105
chr15	89148995	rs4932476
chr15	89157444	rs4327024
chr15	89158208	rs893914
chr15	89162497	rs12916193
chr15	89163539	rs8028123
chr15	89164517	rs11854712
chr15	89165907	rs16942778
chr15	89171846	rs4932210
chr15	89172709	rs6496559
chr15	89173615	rs17207589
chr15	89174674	rs16942789
chr15	89176144	rs1005398
chr15	89178230	rs2283438
chr15	89178576	rs2283437
chr15	89178833	rs2351253
chr15	89178854	rs1866751
chr15	89184410	rs2238319
chr15	89188545	rs2283436
chr15	89190016	rs2238313
chr15	89190429	rs2238312
chr15	89191235	rs2239287
chr15	89192017	rs875390
chr15	89192666	rs4932213
chr15	89192987	rs1109794
chr15	89194800	rs2238307
chr15	89197385	rs4932214
chr15	89199812	rs729707
chr15	89199849	rs6496565
chr15	89200773	rs7179900
chr15	89201245	rs6416547
chr15	89203689	rs8026243
chr15	89203715	rs4932482
chr15	89207729	rs7168186
chr15	89208504	rs17802789
chr15	89209989	rs2710
chr15	89211633	rs950540
chr15	89211723	rs950541
chr15	89212217	rs979171
chr15	89215321	rs4932483
chr15	89217766	rs2070780
chr15	89218257	rs2854516
chr15	89218433	rs3825991
chr15	89219975	rs17228503
chr15	89220372	rs2283433
chr15	89223794	rs8038669
chr15	89226674	rs10451012
chr15	89227555	rs11852866
chr15	89230274	rs17228716
chr15	89241450	rs11855314
chr15	89241885	rs12593363
chr15	89242580	rs718457
chr15	89243824	rs7178152
chr15	89245936	rs7184008
chr15	89248285	rs2108600
chr15	89255746	rs7168941
chr15	89260812	rs17803620
chr15	89260880	rs16942918
chr15	89267438	rs7167930
chr15	89278501	rs1599857
chr15	89280723	rs17804009
chr15	89294814	rs2283431
chr15	89301457	rs2159081
chr15	89301618	rs12592258
chr15	89304504	rs2351003
chr15	89308207	rs2238301
chr15	89308349	rs2238300
chr15	89315371	rs1138465
chr15	89316146	rs976072
chr15	89316763	rs3087374
chr15	89317196	rs3176238
chr15	89317555	rs2307438
chr15	89318595	rs2307441
chr15	89319110	rs2302084
chr15	89319135	rs2246900
chr15	89320697	rs2307449
chr15	89321532	rs3176208
chr15	89323923	rs2072267
chr15	89325025	rs12899409
chr15	89326435	rs2074885
chr15	89326502	rs2351000
chr15	89330566	rs758130
chr15	89331382	rs176638
chr15	89332706	rs2247233
chr15	89333005	rs2283430
chr15	89334296	rs2529927
chr15	89337393	rs3759920
chr15	89339916	rs7497468
chr15	89340938	rs7495044
chr15	89346951	rs176641
chr15	89354296	rs875640
chr15	89356393	rs12595305
chr15	89357656	rs758129
chr15	89370401	rs176644
chr15	89374684	rs4932218
chr15	89378246	rs8039185
chr15	89383568	rs208826
chr15	89384329	rs208824
chr15	89384958	rs150353
chr15	89389564	rs208823
chr15	89395355	rs2270058
chr15	89396297	rs176648
chr15	89403811	rs208829
chr15	89405705	rs150303
chr15	89405979	rs150304
chr15	89408511	rs150305
chr15	89408748	rs150306
chr15	89408809	rs17806653
chr15	89411930	rs7184034
chr15	89412131	rs150311
chr15	89413037	rs176649
chr15	89417370	rs150313
chr15	89419330	rs6496580
chr15	89421400	rs12899578
chr15	89423461	rs7180988
chr15	89424016	rs4932221
chr15	89427534	rs2077368
chr15	89428642	rs7163469
chr15	89428946	rs2119006
chr15	89433332	rs8026742
chr15	89434541	rs2099704
chr15	89439006	rs7359232
chr15	89439648	rs12592645
chr15	89441744	rs12439726
chr15	89442057	rs12442795
chr15	89443352	rs1000471
chr15	89446283	rs11073864
chr15	89446310	rs11073865
chr15	89446608	rs11073867
chr15	89453643	rs10162967
chr15	89457640	rs1020145
chr15	89464359	rs10775246
chr15	89471714	rs2072693
chr15	89471802	rs2072692
chr15	89472248	rs2075834
chr15	89473260	rs2075833
chr15	89479606	rs2289352
chr15	89479821	rs1371386
chr15	89480327	rs17807723
chr15	89483254	rs4932134
chr15	89483329	rs4932135
chr15	89487824	rs8023280
chr15	89494002	rs893720
chr15	89505197	rs8031036
chr15	89510836	rs2119009
chr15	89515807	rs16943244
chr15	89517327	rs1439616
chr15	89519220	rs7173873
chr15	89521362	rs4932227
chr15	89526277	rs968136
chr15	89527853	rs16943272
chr15	89528503	rs12443195
chr15	89528674	rs12915415
chr15	89528998	rs12914810
chr15	89530308	rs11857014
chr15	89530925	rs1972873
chr15	89539740	rs6496585
chr15	89552546	rs7166317
chr15	89552615	rs7165704
chr15	89554919	rs12913680
chr15	89556869	rs16943332
chr15	89561852	rs11073876
chr15	89570701	rs4932231
chr15	89571078	rs4932232
chr15	89578197	rs12148198
chr15	89582890	rs10775247
chr15	89584992	rs893725
chr15	89585735	rs11629584
chr15	89585957	rs1540504
chr15	89585996	rs1540503
chr15	89591965	rs8041127
chr15	89594961	rs8038028
chr15	89595439	rs8042146
chr15	89595695	rs16974170
chr15	89596031	rs4556765
chr15	89598675	rs11858422
chr15	89598690	rs11858424
chr15	89599056	rs8039002
chr15	89600336	rs8030720
chr15	89601384	rs12905387
chr15	89601620	rs4932233
chr15	89601713	rs4244876
chr15	89603680	rs12443406
chr15	89604356	rs2350479
chr15	89607491	rs2119607
chr15	89607712	rs2119606
chr15	89611723	rs7172694
chr15	89618124	rs2289486
chr15	89619451	rs16943389
chr15	89624877	rs894157
chr15	89627006	rs3743372
chr15	89627702	rs3743371
chr15	89628075	rs1054435
chr15	89631197	rs8032136
chr15	89631558	rs9672286
chr15	89631724	rs9672296
chr15	89631884	rs12900185
chr15	89632020	rs12591347
chr15	89632144	rs11630411
chr15	89632842	rs3803530
chr15	89633201	rs3803531
chr15	89646817	rs1110060
chr15	89649674	rs4932240
chr15	89657504	rs12595195
chr15	89667688	rs3743373
chr15	89668592	rs894160
chr15	89668913	rs8179043
chr15	89673865	rs2289487
chr15	89674066	rs4932138
chr15	89675109	rs4932243
chr15	89682512	rs8179078
chr15	89683716	rs7169981
chr15	89686090	rs1972435
chr15	89689212	rs11073884
chr15	89690322	rs17816376
chr15	89690774	rs1561725
chr15	89691394	rs12232350
chr15	89692000	rs8023357
chr15	89694587	rs8035597
chr15	89696224	rs12440918
chr15	89703105	rs16974175
chr15	89703786	rs11073886
chr15	89707248	rs11633274
chr15	89708698	rs8029095
chr15	89708855	rs8025015
chr15	89709167	rs2028297
chr15	89711569	rs9920376
chr15	89712324	rs11633980
chr15	89713245	rs7181125
chr15	89713267	rs7165631
chr15	89718963	rs7169409
chr15	89722905	rs8028736
chr15	89725537	rs7179296
chr15	89727336	rs3743117
chr15	89729462	rs747775
chr15	89729839	rs12148067
chr15	89730911	rs7168308
chr15	89747863	rs28625357
chr15	89749380	rs3743115
chr15	89751516	rs28406830
chr15	89751967	rs12708580
chr15	89752729	rs12898229
chr15	89754918	rs28557101
chr15	89756283	rs2882677
chr15	89756459	rs4448912
chr15	89757041	rs11629982
chr15	89758886	rs7177841
chr15	89759168	rs2118849
chr15	89759272	rs2118848
chr15	89759398	rs2165072
chr15	89761038	rs12908489
chr15	89761413	rs11629590
chr15	89769826	rs8034777
chr15	89774463	rs6496601
chr15	89774566	rs6496602
chr15	89775653	rs12908026
chr15	89775864	rs12908343
chr15	89777808	rs12900413
chr15	89778765	rs11073889
chr15	89784576	rs8035089
chr15	89785961	rs6496603
chr15	89788383	rs12909844
chr15	89790334	rs8192300
chr15	89790385	rs8192299
chr15	89790620	rs17239917
chr15	89791009	rs25654
chr15	89792557	rs25651
chr15	89793142	rs16943605
chr15	89794962	rs1439120
chr15	89795378	rs1439117
chr15	89797488	rs893615
chr15	89802104	rs2007084
chr15	89803630	rs2305443
chr15	89804552	rs17240240
chr15	89804583	rs17240268
chr15	89806327	rs25653
chr15	89808343	rs10152918
chr15	89808838	rs8041622
chr15	89818473	rs4932250
chr15	89820763	rs11073891
chr15	89822800	rs12440213
chr15	89828316	rs7173483
chr15	89830207	rs11639336
chr15	89830641	rs7111
chr15	89831025	rs2028299
chr15	89831549	rs2290351
chr15	89833227	rs4932145
chr15	89833568	rs12197
chr15	89836400	rs6496609
chr15	89842079	rs16943647
chr15	89844114	rs12914541
chr15	89845611	rs12591948
chr15	89848038	rs1371135
chr15	89848689	rs10852122
chr15	89857652	rs12594808
chr15	89860891	rs16943661
chr15	89871151	rs28508206
chr15	89872349	rs2174292
chr15	89881770	rs10520684
chr15	89885523	rs11638138
chr15	89887232	rs10852124
chr15	89889294	rs2043880
chr15	89891347	rs7174330
chr15	89894069	rs3784388
chr15	89894194	rs3784386
chr15	89896521	rs2043882
chr15	89896728	rs2043881
chr15	89897776	rs12907907
chr15	89898365	rs8038480
chr15	89898479	rs3803536
chr15	89898574	rs3803535
chr15	89898638	rs3803534
chr15	89898705	rs3803533
chr15	89899908	rs3853638
chr15	89900488	rs3853640
chr15	89903421	rs1256843
chr15	89904714	rs7178909
chr15	89909650	rs1256826
chr15	89917897	rs1269077
chr15	89924560	rs1699487
chr15	89928685	rs1256854
chr15	89933410	rs1256845
chr15	89937354	rs1702161
chr15	89947483	rs3913879
chr15	89949033	rs4402542
chr15	89955547	rs6496612
chr15	89958395	rs16943752
chr15	89971715	rs3844110
chr15	89975519	rs6496613
chr15	89976385	rs3844111
chr15	89984780	rs1256840
chr15	89995277	rs17821167
chr15	90001254	rs7179486
chr15	90005073	rs1256841
chr15	90005777	rs12324904
chr15	90007613	rs1256842
chr15	90007771	rs11073896
chr15	90019645	rs1106990
chr15	90019703	rs11856707
chr15	90021392	rs4932271
chr15	90023272	rs11852297
chr15	90024124	rs2135657
chr15	90025728	rs2352051
chr15	90026040	rs7176299
chr15	90026144	rs7175921
chr15	90026339	rs7180518
chr15	90026837	rs4932274
chr15	90030459	rs7166908
chr15	90031359	rs4932155
chr15	90037784	rs1317722
chr15	90042627	rs10852125
chr15	90044480	rs8041309
chr15	90045777	rs1876291
chr15	90046283	rs7496448
chr15	90048239	rs1876294
chr15	90049165	rs950116
chr15	90049197	rs950117
chr15	90050715	rs12101723
chr15	90054939	rs1317444
chr15	90055003	rs1317445
chr15	90055756	rs12593037
chr15	90055818	rs12592544
chr15	90056817	rs8040937
chr15	90065815	rs3743114
chr15	90074307	rs6496620
chr15	90075635	rs2939847
chr15	90075922	rs2970359
chr15	90076130	rs2939850
chr15	90079272	rs2970358
chr15	90079820	rs2970357
chr15	90085545	rs9972549
chr15	90087660	rs9972327
chr15	90088023	rs11073899
chr15	90089488	rs7177165
chr15	90091115	rs10520685
chr15	90091367	rs8030346
chr15	90093530	rs3934860
chr15	90094960	rs6496622
chr15	90097954	rs9672249
chr15	90100372	rs7182369
chr15	90104624	rs4561444
chr15	90104756	rs4553601
chr15	90105294	rs11073900
chr15	90109624	rs12443387
chr15	90117127	rs4436756
chr15	90120659	rs7175469
chr15	90120822	rs7175714
chr15	90124566	rs11853768
chr15	90125747	rs9672635
chr15	90129929	rs4609823
chr15	90132032	rs7178679
chr15	90132487	rs6496634
chr15	90136904	rs8024587
chr15	90141466	rs964021
chr15	90145326	rs2175903
chr15	90148512	rs11630634
chr15	90149856	rs2970354
chr15	90154903	rs11853144
chr15	90160339	rs4932165
chr15	90161257	rs2352213
chr15	90162097	rs2352214
chr15	90166313	rs2352054
chr15	90168443	rs12442294
chr15	90169323	rs7182248
chr15	90171363	rs8042171
chr15	90175309	rs11852420
chr15	90176168	rs6496636
chr15	90176197	rs6496637
chr15	90180317	rs4932297
chr15	90180903	rs8033939
chr15	90184460	rs4932166
chr15	90185661	rs7171150
chr15	90187131	rs6496641
chr15	90193034	rs2352209
chr15	90195110	rs2137891
chr15	90197078	rs7178860
chr15	90202331	rs7179795
chr15	90202924	rs6496644
chr15	90203784	rs7164703
chr15	90204745	rs11073911
chr15	90206697	rs2292577
chr15	90209666	rs4932302
chr15	90209720	rs4932303
chr15	90210523	rs1399238
chr15	90212890	rs12441032
chr15	90213060	rs12438297
chr15	90217035	rs8036117
chr15	90217057	rs8036241
chr15	90217759	rs1543116
chr15	90217904	rs1543115
chr15	90218419	rs4932304
chr15	90220053	rs3751658
chr15	90220987	rs4932305
chr15	90221127	rs3826001
chr15	90223522	rs908048
chr15	90224257	rs8030039
chr15	90224628	rs1107460
chr15	90228472	rs3751656
chr15	90228555	rs16944065
chr15	90228773	rs11547962
chr15	90228968	rs1044246
chr15	90229599	rs7024
chr15	90229827	rs3829490
chr15	90232165	rs2073703
chr15	90232411	rs4451921
chr15	90232468	rs4628940
chr15	90233143	rs9744242
chr15	90235158	rs7342665
chr15	90235254	rs11632753
chr15	90238864	rs2063738
chr15	90241018	rs7171194
chr15	90241698	rs10152994
chr15	90245652	rs11855930
chr15	90246438	rs12904427
chr15	90249708	rs34255732
chr15	90253326	rs12912620
chr15	90255040	rs1533327
chr15	90257217	rs2063743
chr15	90258016	rs2048706
chr15	90263316	rs4324103
chr15	90265275	rs7177358
chr15	90266401	rs9635390
chr15	90272055	rs6897
chr15	90273107	rs1059495
chr15	90277489	rs11910
chr15	90279807	rs12902511
chr15	90282201	rs10048009
chr15	90289439	rs12912653
chr15	90295161	rs2271552
chr15	90302268	rs11638027
chr15	90306286	rs6496649
chr15	90307141	rs8043146
chr15	90307530	rs11635236
chr15	90307611	rs16944155
chr15	90309829	rs8039446
chr15	90314179	rs11856966
chr15	90314649	rs12910669
chr15	90320597	rs16944179
chr15	90321966	rs9920226
chr15	90323620	rs4932321
chr15	90325777	rs11854123
chr15	90330277	rs4932322
chr15	90333139	rs12915045
chr15	90333437	rs7163019
chr15	90333576	rs7163411
chr15	90338826	rs1869178
chr15	90340501	rs7183707
chr15	90341559	rs7163622
chr15	90342485	rs4412956
chr15	90346091	rs7162687
chr15	90347885	rs1452408
chr15	90348334	rs2589974
chr15	90348383	rs6496665
chr15	90348430	rs6496666
chr15	90348539	rs3803538
chr15	90348750	rs3803539
chr15	90349996	rs8026533
chr15	90350436	rs6496667
chr15	90351651	rs2601151
chr15	90352033	rs6496669
chr15	90352726	rs2589970
chr15	90353877	rs7177486
chr15	90354720	rs8023776
chr15	90360079	rs2589957
chr15	90360270	rs11854320
chr15	90361509	rs7171422
chr15	90362248	rs12912909
chr15	90362321	rs16944283
chr15	90364644	rs2589967
chr15	90364968	rs2601163
chr15	90365170	rs2601164
chr15	90365549	rs10438436
chr15	90367947	rs2601166
chr15	90368725	rs12438952
chr15	90372434	rs2601172
chr15	90376934	rs716175
chr15	90381470	rs2601181
chr15	90382489	rs2601183
chr15	90386156	rs2601187
chr15	90386331	rs2601188
chr15	90387643	rs2589939
chr15	90388131	rs2589940
chr15	90391576	rs12437529
chr15	90393472	rs2601192
chr15	90396827	rs2601197
chr15	90400239	rs8030390
chr15	90401954	rs8032687
chr15	90404221	rs8024110
chr15	90407126	rs10520689
chr15	90408284	rs10520688
chr15	90409000	rs2589948
chr15	90411783	rs2589949
chr15	90419467	rs2601206
chr15	90419739	rs17176602
chr15	90421659	rs2905963
chr15	90422423	rs2526002
chr15	90425745	rs2657947
chr15	90426103	rs2256388
chr15	90429209	rs2238320
chr15	90433108	rs6496674
chr15	90434101	rs8042861
chr15	90439524	rs6496675
chr15	90439868	rs16944421
chr15	90440233	rs16944424
chr15	90440474	rs8027211
chr15	90446488	rs12594457
chr15	90447126	rs6496677
chr15	90452239	rs8025842
chr15	90454832	rs719473
chr15	90455896	rs3213649
chr15	90463757	rs2238324
chr15	90465304	rs12912995
chr15	90465915	rs2074581
chr15	90466149	rs2074584
chr15	90467544	rs1505936
chr15	90468030	rs2238325
chr15	90473510	rs1008507
chr15	90474419	rs2301830
chr15	90474486	rs2301831
chr15	90480368	rs16944485
chr15	90482598	rs11853271
chr15	90487816	rs16974215
chr15	90491224	rs6496678
chr15	90491852	rs16944518
chr15	90493809	rs1978150
chr15	90494068	rs1978151
chr15	90495062	rs16944523
chr15	90495245	rs6496680
chr15	90495587	rs11073929
chr15	90500277	rs8031295
chr15	90502029	rs3743412
chr15	90502176	rs3540
chr15	90502187	rs3539
chr15	90506441	rs12911824
chr15	90507039	rs12708583
chr15	90510351	rs937793
chr15	90512811	rs11633692
chr15	90516383	rs12440532
chr15	90521678	rs7182610
chr15	90524690	rs12161988
chr15	90531821	rs3862432
chr15	90531897	rs3930162
chr15	90532143	rs3902286
chr15	90534590	rs11852389
chr15	90535571	rs17263706
chr15	90537071	rs16944545
chr15	90537155	rs3862434
chr15	90538559	rs11635361
chr15	90539300	rs3862435
chr15	90539637	rs3862436
chr15	90539954	rs7174198
chr15	90540121	rs8033595
chr15	90543636	rs11853611
chr15	90547536	rs13313427
chr15	90551558	rs7182899
chr15	90554732	rs4566137
chr15	90555483	rs10852133
chr15	90560454	rs17264145
chr15	90565442	rs8031453
chr15	90571144	rs12915189
chr15	90575782	rs7498042
chr15	90581602	rs6496694
chr15	90582255	rs11635448
chr15	90584957	rs7178220
chr15	90585005	rs16944586
chr15	90585876	rs6496696
chr15	90588355	rs11855992
chr15	90588600	rs6496697
chr15	90592179	rs6416553
chr15	90595851	rs7162382
chr15	90596566	rs10852136
chr15	90596819	rs8028854
chr15	90598538	rs12442767
chr15	90598578	rs7180867
chr15	90600021	rs8026682
chr15	90600573	rs11631439
chr15	90601355	rs9652517
chr15	90602033	rs8026218
chr15	90603950	rs4454949
chr15	90604280	rs1104880
chr15	90606879	rs7176303
chr15	90608649	rs7165429
chr15	90609113	rs10520693
chr15	90612753	rs10438437
chr15	90616968	rs3809583
chr15	90618316	rs3743406
chr15	90623262	rs5011653
chr15	90628801	rs11638324
chr15	90628992	rs4932359
chr15	90629669	rs7495132
chr15	90633766	rs7178587
chr15	90638257	rs7165170
chr15	90642762	rs3743401
chr15	90649507	rs16944702
chr15	90650535	rs17180345
chr15	90651808	rs13379889
chr15	90653007	rs16944705
chr15	90655184	rs4343256
chr15	90655794	rs12915979
chr15	90659370	rs12593759
chr15	90668470	rs1125280
chr15	90678076	rs724925
chr15	90678562	rs2301822
chr15	90685005	rs7403304
chr15	90686205	rs12902848
chr15	90692159	rs2611651
chr15	90694000	rs8030486
chr15	90696813	rs3213191
chr15	90700560	rs16944736
chr15	90702704	rs12441424
chr15	90711394	rs16944739
chr15	90718777	rs8032275
chr15	90720309	rs7183308
chr15	90721267	rs12442488
chr15	90731344	rs7184015
chr15	90740512	rs28745020
chr15	90744181	rs7162960
chr15	90746500	rs6496724
chr15	90746605	rs28384969
chr15	90751044	rs16944775
chr15	90752730	rs6496725
chr15	90766245	rs3784780
chr15	90767787	rs2518967
chr15	90769083	rs17273206
chr15	90769593	rs3815003
chr15	90769994	rs8031341
chr15	90771729	rs7170919
chr15	90774928	rs16944803
chr15	90778205	rs7165790
chr15	90779871	rs4932363
chr15	90780040	rs8037430
chr15	90788316	rs7175811
chr15	90793856	rs8027126
chr15	90794249	rs2227933
chr15	90794930	rs7179346
chr15	90802118	rs16944840
chr15	90803693	rs2227934
chr15	90808638	rs2270132
chr15	90808700	rs389480
chr15	90809697	rs2270131
chr15	90809889	rs2073919
chr15	90810354	rs11073953
chr15	90810374	rs12592875
chr15	90811275	rs1063147
chr15	90811552	rs16944863
chr15	90812255	rs2532105
chr15	90812502	rs2238337
chr15	90813023	rs414634
chr15	90813274	rs401549
chr15	90814258	rs17183344
chr15	90820073	rs16944894
chr15	90822247	rs8041787
chr15	90822992	rs441399
chr15	90824812	rs3213196
chr15	90830268	rs365931
chr15	90836769	rs7171099
chr15	90839685	rs2532101
chr15	90839765	rs7402445
chr15	90839912	rs16944918
chr15	90842779	rs2532100
chr15	90856978	rs11853441
chr15	90861475	rs4932370
chr15	90862454	rs12903530
chr15	90864045	rs4932372
chr15	90866779	rs3759929
chr15	90868426	rs4932178
chr15	90873320	rs17514846
chr15	90873375	rs1981458
chr15	90875361	rs4526996
chr15	90875868	rs16944971
chr15	90877743	rs1573643
chr15	90879313	rs8039305
chr15	90883330	rs4702
chr15	90884967	rs2071382
chr15	90885725	rs1894400
chr15	90885812	rs1894401
chr15	90887677	rs4932179
chr15	90888025	rs4932374
chr15	90897856	rs1029420
chr15	90897977	rs2677737
chr15	90903242	rs734252
chr15	90904456	rs2238340
chr15	90905785	rs2072078
chr15	90906424	rs2072077
chr15	90907211	rs2677744
chr15	90907294	rs11073958
chr15	90908267	rs1057105
chr15	90908876	rs2002739
chr15	90909064	rs7183098
chr15	90909365	rs2106673
chr15	90911341	rs1266495
chr15	90912872	rs1266492
chr15	90916245	rs12909056
chr15	90919176	rs1266483
chr15	90920331	rs1266481
chr15	90920612	rs4773
chr15	90921602	rs1266479
chr15	90922092	rs41515554
chr15	90925427	rs8035950
chr15	90928816	rs7173069
chr15	90931006	rs1052532
chr15	90934231	rs1550636
chr15	90934820	rs871078
chr15	90936741	rs8034780
chr15	90940162	rs11073961
chr15	90942352	rs12907667
chr15	90943075	rs8034551
chr15	90946455	rs11854429
chr15	90946475	rs11857545
chr15	90946572	rs2304939
chr15	90946689	rs12911432
chr15	90947567	rs10459678
chr15	90948530	rs2304941
chr15	90949647	rs749938
chr15	90949829	rs17636026
chr15	90949977	rs7173521
chr15	90952034	rs12442304
chr15	90953012	rs8041035
chr15	90954009	rs11207
chr15	90954285	rs3743452
chr15	90955016	rs2001217
chr15	90955051	rs4381579
chr15	90960951	rs3743451
chr15	90963222	rs2034085
chr15	90965573	rs4932182
chr15	90966362	rs7601
chr15	90966504	rs14280
chr15	90968030	rs12910825
chr15	90968837	rs2290203
chr15	90969037	rs2290202
chr15	90970444	rs12911192
chr15	90974249	rs17636091
chr15	90978107	rs8042680
chr15	90981316	rs11854833
chr15	90981967	rs2301826
chr15	90982088	rs11857612
chr15	90983045	rs7180016
chr15	90983922	rs2285937
chr15	90988122	rs3803563
chr15	90997634	rs4932184
chr15	90999107	rs3743449
chr15	91000531	rs11073964
chr15	91000846	rs12899811
chr15	91000955	rs16945157
chr15	91001615	rs11073965
chr15	91001981	rs3743448
chr15	91003267	rs4244883
chr15	91005371	rs3826033
chr15	91008773	rs6496749
chr15	91010968	rs12148648
chr15	91016848	rs873130
chr15	91017831	rs11542638
chr15	91017952	rs3743445
chr15	91018775	rs8026678
chr15	91019707	rs1108351
chr15	91020283	rs12595616
chr15	91022574	rs11073967
chr15	91022994	rs12148829
chr15	91023275	rs12148902
chr15	91027856	rs4101133
chr15	91030056	rs4273013
chr15	91030189	rs17692802
chr15	91030219	rs1972927
chr15	91030274	rs17515485
chr15	91031175	rs12437470
chr15	91031669	rs28430939
chr15	91032082	rs9920051
chr15	91032136	rs12913602
chr15	91032189	rs9920813
chr15	91032348	rs9919975
chr15	91035010	rs11073968
chr15	91037363	rs4932383
chr15	91039548	rs7161892
chr15	91041174	rs17515520
chr15	91043007	rs8032568
chr15	91043350	rs7175820
chr15	91044810	rs12916539
chr15	91045317	rs1005060
chr15	91049067	rs2386587
chr15	91049487	rs12906332
chr15	91049663	rs12906053
chr15	91051725	rs6496755
chr15	91052249	rs12911097
chr15	91052275	rs10152752
chr15	91052787	rs10852141
chr15	91053671	rs4594240
chr15	91055020	rs12909705
chr15	91056370	rs998434
chr15	91056728	rs11630140
chr15	91058488	rs12907204
chr15	91058783	rs2120186
chr15	91059373	rs11073975
chr15	91061144	rs8029458
chr15	91061492	rs8038073
chr15	91066025	rs12441109
chr15	91066278	rs7166672
chr15	91066444	rs11635637
chr15	91066976	rs10152367
chr15	91068266	rs41389645
chr15	91069027	rs41527751
chr15	91071250	rs11636210
chr15	91071488	rs11073977
chr15	91072588	rs28588020
chr15	91074063	rs17692973
chr15	91079051	rs10852143
chr15	91083061	rs1609892
chr15	91083530	rs1609750
chr15	91083594	rs1609749
chr15	91083833	rs12903637
chr15	91084976	rs8035224
chr15	91087478	rs12901537
chr15	91088071	rs16945219
chr15	91088999	rs1314054
chr15	91101360	rs11854586
chr15	91102298	rs11634420
chr15	91104210	rs2023713
chr15	91104955	rs11073980
chr15	91107172	rs9672566
chr15	91110769	rs8029048
chr15	91110805	rs2520605
chr15	91116612	rs8031636
chr15	91118489	rs2597909
chr15	91119486	rs8034560
chr15	91121097	rs16945236
chr15	91121427	rs17641976
chr15	91122162	rs17515887
chr15	91122455	rs16974233
chr15	91127846	rs8024171
chr15	91133330	rs7167623
chr15	91134327	rs1003759
chr15	91141057	rs16945255
chr15	91142917	rs7169775
chr15	91143223	rs17516032
chr15	91147382	rs7498036
chr15	91147810	rs16945265
chr15	91149114	rs2214075
chr15	91151835	rs8031361
chr15	91151941	rs9672495
chr15	91154481	rs2040579
chr15	91155692	rs12148251
chr15	91155718	rs2040578
chr15	91156317	rs16945273
chr15	91156442	rs2073987
chr15	91159242	rs8030384
chr15	91160056	rs11855328
chr15	91160681	rs2078879
chr15	91161262	rs719987
chr15	91161552	rs2007573
chr15	91162107	rs11858243
chr15	91162729	rs12591682
chr15	91164556	rs4932521
chr15	91167979	rs12905479
chr15	91169207	rs11633199
chr15	91169559	rs17594552
chr15	91169886	rs12902702
chr15	91172281	rs11856697
chr15	91172900	rs2157908
chr15	91173915	rs730617
chr15	91174007	rs756874
chr15	91174098	rs756873
chr15	91174122	rs886144
chr15	91174363	rs2012517
chr15	91174542	rs2012503
chr15	91174766	rs730616
chr15	91175015	rs41376547
chr15	91182752	rs2028021
chr15	91182951	rs2028020
chr15	91183895	rs7497813
chr15	91184991	rs9806253
chr15	91185896	rs17516375
chr15	91191577	rs7167305
chr15	91193171	rs1476078
chr15	91198854	rs2285531
chr15	91198944	rs16945332
chr15	91199348	rs2285529
chr15	91199439	rs2285528
chr15	91200629	rs8039294
chr15	91200964	rs16945351
chr15	91201279	rs8040569
chr15	91203769	rs17693473
chr15	91206396	rs2892184
chr15	91207003	rs17642414
chr15	91207507	rs11073987
chr15	91208140	rs17642426
chr15	91208263	rs17693503
chr15	91208508	rs17693509
chr15	91208628	rs17642438
chr15	91210770	rs17642450
chr15	91210866	rs7171800
chr15	91211006	rs11853803
chr15	91211133	rs17642462
chr15	91218338	rs6496773
chr15	91218770	rs8043369
chr15	91219918	rs7166153
chr15	91222536	rs7496780
chr15	91225170	rs11630131
chr15	91226235	rs2073967
chr15	91227021	rs7179149
chr15	91227417	rs6496774
chr15	91228279	rs11853906
chr15	91229335	rs8034168
chr15	91229563	rs8035254
chr15	91231653	rs1002556
chr15	91233514	rs11631668
chr15	91233572	rs11631712
chr15	91234546	rs2214076
chr15	91236362	rs6496778
chr15	91236584	rs16945403
chr15	91240081	rs3784768
chr15	91240173	rs6496779
chr15	91240577	rs8026662
chr15	91240755	rs1005143
chr15	91240777	rs1005142
chr15	91241247	rs1005141
chr15	91242063	rs719176
chr15	91242728	rs16945429
chr15	91243418	rs16945432
chr15	91245118	rs7179469
chr15	91247072	rs17595027
chr15	91248409	rs2078875
chr15	91249214	rs8042096
chr15	91251404	rs8027498
chr15	91253307	rs2285625
chr15	91253353	rs2269799
chr15	91254992	rs2269797
chr15	91256633	rs11073989
chr15	91256816	rs1076179
chr15	91258036	rs1079535
chr15	91258367	rs1075839
chr15	91258677	rs1075840
chr15	91259337	rs10852146
chr15	91259984	rs16945465
chr15	91260337	rs16945475
chr15	91262031	rs16945485
chr15	91265498	rs2239994
chr15	91268154	rs11637525
chr15	91268519	rs3743444
chr15	91269223	rs6496780
chr15	91270499	rs9302350
chr15	91272741	rs2239993
chr15	91273542	rs8032397
chr15	91274583	rs11854719
chr15	91276559	rs2106694
chr15	91277927	rs2106692
chr15	91279768	rs10520696
chr15	91280207	rs2239990
chr15	91281018	rs11854020
chr15	91281797	rs1117388
chr15	91284034	rs2301664
chr15	91286053	rs11853779
chr15	91287251	rs17516986
chr15	91293143	rs16945529
chr15	91293654	rs2188753
chr15	91306196	rs17517123
chr15	91309609	rs8039678
chr15	91312351	rs8026639
chr15	91314721	rs17595461
chr15	91316068	rs7163567
chr15	91321588	rs8026136
chr15	91327003	rs1073167
chr15	91327974	rs2387110
chr15	91330657	rs7178775
chr15	91332997	rs7164009
chr15	91334318	rs12903864
chr15	91335302	rs12148732
chr15	91336076	rs1120511
chr15	91340363	rs16945630
chr15	91341784	rs10520695
chr15	91343218	rs17643123
chr15	91346411	rs2188751
chr15	91349263	rs8024092
chr15	91351526	rs7166063
chr15	91351846	rs1125458
chr15	91352254	rs7170577
chr15	91353382	rs12912727
chr15	91354371	rs7163044
chr15	91354551	rs12899041
chr15	91355223	rs9302351
chr15	91357071	rs7177152
chr15	91357395	rs10520694
chr15	91358949	rs12438149
chr15	91360791	rs11073996
chr15	91362365	rs4486861
chr15	91365885	rs11634165
chr15	91366093	rs5021331
chr15	91366645	rs12443360
chr15	91368894	rs9972541
chr15	91375174	rs4932525
chr15	91376308	rs12903434
chr15	91376562	rs11853306
chr15	91376976	rs7174162
chr15	91377292	rs7173692
chr15	91378004	rs4586406
chr15	91378792	rs4932487
chr15	91380107	rs7164154
chr15	91385569	rs4392040
chr15	91392694	rs8031760
chr15	91393208	rs4932529
chr15	91398399	rs4581683
chr15	91400953	rs4611433
chr15	91403189	rs7162447
chr15	91408500	rs4369634
chr15	91410527	rs10163188
chr15	91411432	rs7177710
chr15	91412685	rs8029765
chr15	91422287	rs7168831
chr15	91422974	rs4450375
chr15	91425310	rs6496799
chr15	91428810	rs4932490
chr15	91430456	rs4932538
chr15	91435087	rs4073006
chr15	91436549	rs4489981
chr15	91441263	rs6496806
chr15	91442954	rs12900000
chr15	91445344	rs12595648
chr15	91464567	rs11074004
chr15	91465095	rs10852148
chr15	91465941	rs7173812
chr15	91469694	rs7176401
chr15	91469888	rs12912915
chr15	91470672	rs8043364
chr15	91471526	rs7178851
chr15	91472259	rs4374149
chr15	91476627	rs7171340
chr15	91479428	rs4522399
chr15	91481227	rs12905825
chr15	91482326	rs8030541
chr15	91482801	rs11853702
chr15	91482986	rs8036704
chr15	91484544	rs4429270
chr15	91485318	rs12906857
chr15	91485843	rs11074005
chr15	91486749	rs12909014
chr15	91496543	rs4525467
chr15	91497014	rs12442477
chr15	91498099	rs11074006
chr15	91498634	rs8042384
chr15	91499186	rs7495542
chr15	91508884	rs4456480
chr15	91510909	rs6496812
chr15	91510924	rs4932543
chr15	91511097	rs4932545
chr15	91511962	rs7175213
chr15	91512057	rs10438410
chr15	91512541	rs10438412
chr15	91513288	rs8027117
chr15	91514613	rs11074009
chr15	91515499	rs4561445
chr15	91518267	rs7496815
chr15	91525712	rs3936176
chr15	91526975	rs7170769
chr15	91530027	rs4380038
chr15	91530428	rs4244894
chr15	91539531	rs6496821
chr15	91540065	rs10852151
chr15	91544111	rs8027786
chr15	91544811	rs4509991
chr15	91545764	rs4129637
chr15	91547010	rs6496827
chr15	91547565	rs7402585
chr15	91547942	rs4932552
chr15	91548948	rs11637620
chr15	91549411	rs10775253
chr15	91551499	rs4932553
chr15	91553798	rs12594612
chr15	91553878	rs4932554
chr15	91556686	rs11637543
chr15	91557607	rs10444879
chr15	91558264	rs7359318
chr15	91562478	rs8035124
chr15	91563150	rs4310831
chr15	91569178	rs12594771
chr15	91570275	rs4287543
chr15	91570639	rs4244896
chr15	91572550	rs7182301
chr15	91572877	rs4347602
chr15	91572959	rs4564539
chr15	91575033	rs4932557
chr15	91576160	rs4368146
chr15	91576940	rs11629882
chr15	91584482	rs12592982
chr15	91585802	rs6496834
chr15	91585810	rs4468587
chr15	91586681	rs7168584
chr15	91588237	rs4477682
chr15	91590364	rs4932559
chr15	91590511	rs6496836
chr15	91591281	rs6496838
chr15	91592118	rs4378592
chr15	91592188	rs7403553
chr15	91595772	rs6416567
chr15	91596349	rs7495645
chr15	91596949	rs4632107
chr15	91600249	rs12161968
chr15	91600982	rs12594439
chr15	91601848	rs11635769
chr15	91602136	rs4429271
chr15	91603192	rs4423397
chr15	91603833	rs4932560
chr15	91604201	rs8039949
chr15	91607685	rs7495265
chr15	91607975	rs6496845
chr15	91608485	rs12593974
chr15	91609549	rs7402825
chr15	91609605	rs8037713
chr15	91609933	rs12907681
chr15	91611770	rs7172774
chr15	91616599	rs12915467
chr15	91618735	rs12148290
chr15	91619866	rs4553603
chr15	91620365	rs4932504
chr15	91622536	rs4606695
chr15	91624367	rs11855380
chr15	91628944	rs7180089
chr15	91631585	rs7166187
chr15	91631681	rs7171778
chr15	91632026	rs4932506
chr15	91633047	rs4932564
chr15	91633173	rs4244898
chr15	91644748	rs4598886
chr15	91650949	rs4130130
chr15	91661877	rs12101909
chr15	91663884	rs10852156
chr15	91664416	rs7402098
chr15	91664955	rs10048007
chr15	91665538	rs4595781
chr15	91668511	rs11856247
chr15	91668544	rs7164176
chr15	91671482	rs4608314
chr15	91672450	rs7178204
chr15	91673380	rs12898304
chr15	91674668	rs8029623
chr15	91675087	rs7402600
chr15	91678774	rs3935516
chr15	91679732	rs12595189
chr15	91681731	rs11854922
chr15	91682330	rs7402242
chr15	91688140	rs9920849
chr15	91692262	rs7402135
chr15	91692469	rs4445875
chr15	91694565	rs4278722
chr15	91701398	rs8030199
chr15	91706617	rs6496857
chr15	91708328	rs12904129
chr15	91710602	rs4932567
chr15	91711306	rs4267286
chr15	91713506	rs4506876
chr15	91714489	rs12591617
chr15	91714655	rs4300625
chr15	91718619	rs6496858
chr15	91718760	rs8037173
chr15	91727107	rs11074015
chr15	91729294	rs4244899
chr15	91729875	rs7168697
chr15	91733444	rs3935344
chr15	91733944	rs7176293
chr15	91734237	rs8038521
chr15	91734387	rs4074268
chr15	91735299	rs4520812
chr15	91738438	rs8029601
chr15	91740785	rs7177421
chr15	91742668	rs12595039
chr15	91746190	rs11858519
chr15	91746482	rs11855064
chr15	91752084	rs4130067
chr15	91752633	rs4465588
chr15	91758068	rs11631761
chr15	91758814	rs8039383
chr15	91758870	rs8039551
chr15	91759075	rs8023909
chr15	91760747	rs7169163
chr15	91761556	rs4932574
chr15	91762682	rs4932509
chr15	91767069	rs11854920
chr15	91771284	rs7170756
chr15	91772244	rs8042089
chr15	91773110	rs7178688
chr15	91776688	rs4572364
chr15	91778352	rs8036168
chr15	91781117	rs4536446
chr15	91783590	rs4290453
chr15	91783839	rs4328417
chr15	91789646	rs10852160
chr15	91791526	rs6496865
chr15	91797953	rs7497019
chr15	91806960	rs3924966
chr15	91816840	rs4438283
chr15	91822206	rs8038779
chr15	91842066	rs4505292
chr15	91848207	rs11074020
chr15	91850865	rs7165398
chr15	91852634	rs11852976
chr15	91854794	rs4075845
chr15	91856427	rs7162027
chr15	91864897	rs4417531
chr15	91870078	rs8028382
chr15	91878058	rs12898512
chr15	91880370	rs12442913
chr15	91880433	rs4360905
chr15	91881425	rs11857939
chr15	91883297	rs4932582
chr15	91885859	rs4932583
chr15	91887397	rs7175096
chr15	91888695	rs8035436
chr15	91894054	rs4932584
chr15	91897957	rs4932587
chr15	91902352	rs12437999
chr15	91903453	rs4327025
chr15	91908661	rs7181019
chr15	91909623	rs11636676
chr15	91913667	rs4078179
chr15	91915957	rs4077721
chr15	91917464	rs4294800
chr15	91920073	rs7174549
chr15	91924192	rs6496870
chr15	91924825	rs9806394
chr15	91926464	rs4244910
chr15	91928459	rs4598887
chr15	91929100	rs7175643
chr15	91930536	rs7170211
chr15	91930650	rs7165108
chr15	91932113	rs6496874
chr15	91932863	rs6496875
chr15	91934149	rs7179389
chr15	91934648	rs7179958
chr15	91934689	rs6496877
chr15	91936566	rs10444880
chr15	91940266	rs8037251
chr15	91940285	rs8032981
chr15	91941781	rs11635541
chr15	91943196	rs8034107
chr15	91944528	rs4306482
chr15	91947928	rs12917237
chr15	91955214	rs10852164
chr15	91957842	rs9635404
chr15	91961997	rs8027160
chr15	91963384	rs7172159
chr15	91967883	rs2138849
chr15	91968111	rs2176452
chr15	91968285	rs16946175
chr15	91969744	rs975721
chr15	91970176	rs17644083
chr15	91972130	rs953888
chr15	91972512	rs7172099
chr15	91973382	rs8040046
chr15	91974128	rs9972546
chr15	91975253	rs16946188
chr15	91976168	rs4932593
chr15	91977104	rs12910715
chr15	91977294	rs9806203
chr15	91979076	rs1568210
chr15	91981326	rs1022357
chr15	91982416	rs8041020
chr15	91983613	rs950490
chr15	91985010	rs12101519
chr15	91985046	rs12101522
chr15	91985134	rs8032914
chr15	91990684	rs7163369
chr15	91991851	rs1517621
chr15	91992321	rs12439738
chr15	91994215	rs4932596
chr15	91994387	rs4932597
chr15	91994615	rs4932598
chr15	91999601	rs8037790
chr15	92000148	rs4932599
chr15	92000994	rs8025658
chr15	92001798	rs17518458
chr15	92002054	rs17644210
chr15	92002996	rs17695287
chr15	92003182	rs12593984
chr15	92003828	rs17596793
chr15	92004429	rs7182304
chr15	92004532	rs17596814
chr15	92005275	rs17644254
chr15	92006235	rs12148487
chr15	92007333	rs12912997
chr15	92008663	rs2030208
chr15	92008799	rs7495052
chr15	92010024	rs10468145
chr15	92010151	rs10468146
chr15	92010259	rs12903900
chr15	92010467	rs17644334
chr15	92011910	rs12593834
chr15	92012861	rs1400784
chr15	92012924	rs17596955
chr15	92013574	rs7178378
chr15	92015004	rs2387400
chr15	92015836	rs12441537
chr15	92017326	rs17518659
chr15	92019139	rs16946261
chr15	92019397	rs7171137
chr15	92019845	rs12905905
chr15	92020855	rs8037164
chr15	92020938	rs8043343
chr15	92020967	rs8037343
chr15	92021276	rs12906289
chr15	92022377	rs12913189
chr15	92023184	rs6496888
chr15	92023251	rs12899011
chr15	92026387	rs4984325
chr15	92026727	rs7181178
chr15	92027220	rs12915872
chr15	92028053	rs12101386
chr15	92030588	rs4984341
chr15	92032611	rs925874
chr15	92036276	rs12050741
chr15	92037121	rs11074035
chr15	92037152	rs10520702
chr15	92038060	rs1568209
chr15	92040344	rs11074036
chr15	92040646	rs35991737
chr15	92042248	rs8030627
chr15	92042909	rs1400786
chr15	92045651	rs1158683
chr15	92046110	rs4340310
chr15	92051817	rs1878556
chr15	92055809	rs992838
chr15	92056164	rs12911402
chr15	92056717	rs17644604
chr15	92057169	rs7183870
chr15	92058736	rs7171275
chr15	92059388	rs871370
chr15	92061231	rs11074037
chr15	92062914	rs8026561
chr15	92063150	rs11074038
chr15	92067237	rs7173864
chr15	92068634	rs1878559
chr15	92070724	rs9989284
chr15	92072016	rs17644691
chr15	92072555	rs4247079
chr15	92076271	rs6496890
chr15	92080115	rs8031518
chr15	92080273	rs12910142
chr15	92080440	rs1040211
chr15	92080610	rs1040210
chr15	92081364	rs4984335
chr15	92082293	rs16946351
chr15	92089723	rs7178811
chr15	92090903	rs871167
chr15	92093793	rs207975
chr15	92094426	rs17695811
chr15	92094963	rs2286355
chr15	92095422	rs207974
chr15	92097357	rs207970
chr15	92097703	rs16946382
chr15	92098200	rs207968
chr15	92098694	rs207966
chr15	92102141	rs4984338
chr15	92103845	rs11630872
chr15	92103935	rs2853651
chr15	92103962	rs2239295
chr15	92104604	rs917355
chr15	92104942	rs2238362
chr15	92105653	rs7180401
chr15	92106136	rs2677911
chr15	92107033	rs1517620
chr15	92108081	rs2015808
chr15	92108943	rs207964
chr15	92109106	rs207963
chr15	92111489	rs207960
chr15	92112032	rs207959
chr15	92112886	rs2238360
chr15	92113120	rs2283462
chr15	92113889	rs169618
chr15	92114143	rs207954
chr15	92114781	rs185950
chr15	92114811	rs207952
chr15	92115622	rs16974268
chr15	92117607	rs12439582
chr15	92117636	rs12437502
chr15	92118418	rs2283461
chr15	92118511	rs17597608
chr15	92119971	rs7175812
chr15	92120266	rs6496892
chr15	92120400	rs6496893
chr15	92122498	rs11638063
chr15	92123063	rs12443458
chr15	92124147	rs2238359
chr15	92125954	rs8033892
chr15	92126555	rs2074887
chr15	92128689	rs3815318
chr15	92129623	rs1990230
chr15	92134214	rs11853311
chr15	92134287	rs7175217
chr15	92135148	rs8035166
chr15	92136697	rs4777728
chr15	92141512	rs4777789
chr15	92141848	rs2190748
chr15	92142601	rs7495740
chr15	92145751	rs886914
chr15	92145882	rs2283458
chr15	92147318	rs732546
chr15	92149015	rs6496897
chr15	92149716	rs2215084
chr15	92154287	rs11630759
chr15	92155454	rs768882
chr15	92157179	rs7181257
chr15	92157973	rs6496898
chr15	92158300	rs11636434
chr15	92158764	rs10852168
chr15	92159171	rs10852169
chr15	92163364	rs8174
chr15	92164339	rs3743369
chr15	92165038	rs2108601
chr15	92166390	rs11631374
chr15	92167534	rs6496899
chr15	92167550	rs9788698
chr15	92167861	rs7172018
chr15	92168753	rs7178880
chr15	92169900	rs16946485
chr15	92170480	rs9744294
chr15	92171066	rs1165
chr15	92171649	rs2240589
chr15	92172341	rs1053909
chr15	92172716	rs2270059
chr15	92173515	rs4777722
chr15	92173949	rs886913
chr15	92174823	rs733143
chr15	92175149	rs740430
chr15	92176037	rs11074044
chr15	92176211	rs4778014
chr15	92177370	rs10520704
chr15	92178247	rs10520705
chr15	92182114	rs10852171
chr15	92182270	rs10852172
chr15	92182688	rs12148361
chr15	92183472	rs4778020
chr15	92183948	rs17696427
chr15	92184922	rs758132
chr15	92186217	rs17598180
chr15	92186974	rs7163817
chr15	92188226	rs4778031
chr15	92188621	rs11074048
chr15	92188855	rs4778032
chr15	92191310	rs1479521
chr15	92192685	rs1871437
chr15	92192951	rs4778036
chr15	92193142	rs10520707
chr15	92193764	rs6496903
chr15	92193843	rs6496904
chr15	92195477	rs7172650
chr15	92195875	rs7496215
chr15	92196461	rs4778038
chr15	92196745	rs4778039
chr15	92197362	rs8024069
chr15	92198232	rs4777736
chr15	92200666	rs2108602
chr15	92201571	rs2448326
chr15	92202137	rs2079597
chr15	92203268	rs4778046
chr15	92204056	rs12902121
chr15	92204563	rs12101498
chr15	92206348	rs1580325
chr15	92215204	rs2387687
chr15	92219185	rs737654
chr15	92220844	rs12592975
chr15	92221198	rs8040211
chr15	92222239	rs4627288
chr15	92222340	rs4627290
chr15	92223049	rs8037091
chr15	92223847	rs1031900
chr15	92224542	rs11074052
chr15	92224727	rs10152212
chr15	92224836	rs989989
chr15	92225412	rs7172232
chr15	92226166	rs1993938
chr15	92227276	rs12440538
chr15	92227349	rs1026759
chr15	92227791	rs1026760
chr15	92229011	rs1479520
chr15	92229209	rs1904392
chr15	92229387	rs11632383
chr15	92229538	rs11632145
chr15	92229894	rs11632601
chr15	92230439	rs720680
chr15	92231568	rs2387689
chr15	92231596	rs7176534
chr15	92231655	rs4002406
chr15	92231684	rs4002407
chr15	92232387	rs1479524
chr15	92234788	rs8032711
chr15	92234837	rs1080865
chr15	92236412	rs922533
chr15	92236688	rs16946593
chr15	92236846	rs16946596
chr15	92237703	rs11074054
chr15	92239061	rs8035845
chr15	92239982	rs4777798
chr15	92241917	rs7182998
chr15	92242393	rs7168143
chr15	92244833	rs1551990
chr15	92245587	rs8026156
chr15	92245643	rs17598590
chr15	92246088	rs17598605
chr15	92246450	rs4511479
chr15	92247175	rs4777818
chr15	92247272	rs4777819
chr15	92247375	rs4777824
chr15	92262525	rs28872594
chr15	92263061	rs4304977
chr15	92265563	rs976178
chr15	92268257	rs4075125
chr15	92268573	rs3889876
chr15	92271227	rs899522
chr15	92271373	rs4777900
chr15	92271521	rs4777675
chr15	92271850	rs2127334
chr15	92272282	rs16946658
chr15	92272577	rs16946659
chr15	92272949	rs11632217
chr15	92273676	rs1154745
chr15	92274429	rs11634765
chr15	92274791	rs11634942
chr15	92278248	rs922531
chr15	92278791	rs8027648
chr15	92280005	rs11635853
chr15	92280628	rs4777930
chr15	92281744	rs17599020
chr15	92289493	rs17520707
chr15	92290259	rs16946687
chr15	92290904	rs11630088
chr15	92294816	rs8025981
chr15	92302644	rs6496922
chr15	92303765	rs16946699
chr15	92304074	rs12901615
chr15	92305942	rs12592793
chr15	92310286	rs7163877
chr15	92314112	rs12101550
chr15	92314216	rs12908858
chr15	92314871	rs12912184
chr15	92315201	rs16946712
chr15	92315238	rs16946714
chr15	92316051	rs8025347
chr15	92316651	rs1871438
chr15	92316913	rs11074059
chr15	92317027	rs11074060
chr15	92317674	rs8036277
chr15	92318986	rs4777959
chr15	92319387	rs10438441
chr15	92319925	rs6496923
chr15	92320237	rs16946733
chr15	92320254	rs7171883
chr15	92323960	rs1386775
chr15	92325401	rs7170258
chr15	92325701	rs7170164
chr15	92325802	rs7171020
chr15	92326780	rs16946748
chr15	92327365	rs2892338
chr15	92327673	rs936929
chr15	92328550	rs6496925
chr15	92331792	rs1125185
chr15	92332846	rs1986228
chr15	92333237	rs899525
chr15	92334260	rs1020995
chr15	92334427	rs2170002
chr15	92338112	rs11632278
chr15	92340073	rs17702625
chr15	92341117	rs899528
chr15	92344748	rs11074063
chr15	92346798	rs8028666
chr15	92347640	rs7175123
chr15	92347725	rs7173950
chr15	92347797	rs6496926
chr15	92348082	rs7176079
chr15	92348435	rs17521083
chr15	92349605	rs7170765
chr15	92350530	rs7170129
chr15	92352227	rs9302358
chr15	92355335	rs4777965
chr15	92364805	rs12906926
chr15	92365969	rs8037921
chr15	92366622	rs8027593
chr15	92367076	rs4517741
chr15	92371565	rs4564522
chr15	92374694	rs11638197
chr15	92375269	rs936923
chr15	92375355	rs936925
chr15	92376541	rs4777708
chr15	92376603	rs1386772
chr15	92376661	rs7174226
chr15	92377691	rs2101436
chr15	92377797	rs4586379
chr15	92382809	rs2200674
chr15	92383475	rs12913269
chr15	92384876	rs16946839
chr15	92386847	rs8041550
chr15	92387178	rs12910290
chr15	92389299	rs17702960
chr15	92389561	rs7171140
chr15	92389657	rs7173401
chr15	92390629	rs17646492
chr15	92392076	rs3759918
chr15	92392217	rs3759917
chr15	92397334	rs4777969
chr15	92397670	rs8025225
chr15	92400543	rs716628
chr15	92401634	rs11074066
chr15	92401887	rs1487984
chr15	92403096	rs2035645
chr15	92406579	rs881770
chr15	92407653	rs4777973
chr15	92407912	rs11853083
chr15	92409060	rs4777974
chr15	92409403	rs7176813
chr15	92409620	rs11637898
chr15	92413143	rs8026158
chr15	92414563	rs4777977
chr15	92414865	rs3825986
chr15	92420627	rs3784738
chr15	92422191	rs4777979
chr15	92422347	rs4777980
chr15	92424322	rs3784737
chr15	92427675	rs2892364
chr15	92429072	rs3825985
chr15	92430735	rs12910599
chr15	92431227	rs8037133
chr15	92431406	rs3931230
chr15	92432041	rs11857313
chr15	92432099	rs3784735
chr15	92433369	rs3902203
chr15	92433868	rs1869777
chr15	92436168	rs7181934
chr15	92436816	rs11634070
chr15	92437314	rs17521726
chr15	92437834	rs4777981
chr15	92438129	rs12438164
chr15	92439035	rs4777711
chr15	92440492	rs2168351
chr15	92441776	rs1455780
chr15	92443133	rs6496939
chr15	92443640	rs3784733
chr15	92443686	rs3784732
chr15	92443898	rs3784730
chr15	92444333	rs1869775
chr15	92444935	rs11637874
chr15	92445511	rs1455777
chr15	92446242	rs2045269
chr15	92446417	rs2045268
chr15	92446923	rs11630692
chr15	92447112	rs7166344
chr15	92451682	rs1487982
chr15	92452411	rs1352323
chr15	92452777	rs3784729
chr15	92453925	rs10775256
chr15	92455863	rs6496942
chr15	92458291	rs11852344
chr15	92458851	rs4777715
chr15	92458952	rs4777987
chr15	92459214	rs4777988
chr15	92461446	rs3825983
chr15	92462529	rs3784723
chr15	92462858	rs3784722
chr15	92463279	rs3784721
chr15	92463510	rs4777989
chr15	92463702	rs11629679
chr15	92463819	rs7168443
chr15	92464744	rs2290492
chr15	92466947	rs1869774
chr15	92467905	rs17600420
chr15	92469327	rs17522085
chr15	92469865	rs11634493
chr15	92470330	rs2279447
chr15	92471253	rs897466
chr15	92471440	rs2306842
chr15	92471665	rs11629718
chr15	92472048	rs1455775
chr15	92472091	rs1455774
chr15	92472197	rs1455773
chr15	92472898	rs13380006
chr15	92473682	rs12441404
chr15	92475357	rs4777990
chr15	92479064	rs10152867
chr15	92479255	rs7163161
chr15	92480817	rs1948133
chr15	92481334	rs12708594
chr15	92481851	rs7170647
chr15	92481872	rs7163894
chr15	92482806	rs1586494
chr15	92490056	rs8030836
chr15	92490575	rs7176910
chr15	92490736	rs7177119
chr15	92492163	rs4777995
chr15	92493511	rs8033301
chr15	92494532	rs4777996
chr15	92495466	rs4777717
chr15	92495524	rs4777997
chr15	92495590	rs4777718
chr15	92500315	rs7178722
chr15	92501109	rs8040009
chr15	92501193	rs8040167
chr15	92503300	rs4777719
chr15	92503406	rs11635085
chr15	92503962	rs12914988
chr15	92508429	rs8034095
chr15	92510451	rs2124363
chr15	92510899	rs12595440
chr15	92517760	rs11631304
chr15	92518009	rs11631071
chr15	92518070	rs12441761
chr15	92520515	rs6496951
chr15	92521094	rs8033207
chr15	92521159	rs8033371
chr15	92521865	rs11074077
chr15	92523211	rs12148722
chr15	92523511	rs4778000
chr15	92523744	rs12148265
chr15	92524046	rs12148750
chr15	92527239	rs17647145
chr15	92527682	rs4238484
chr15	92528516	rs17522532
chr15	92528937	rs7162155
chr15	92529002	rs10444872
chr15	92530611	rs1496721
chr15	92531441	rs7169178
chr15	92531600	rs2168359
chr15	92531660	rs2168358
chr15	92532531	rs8034091
chr15	92534350	rs7170474
chr15	92536674	rs7183629
chr15	92540127	rs1390788
chr15	92541168	rs8040515
chr15	92541278	rs1390789
chr15	92541487	rs4778001
chr15	92541911	rs1496715
chr15	92543014	rs1496719
chr15	92543457	rs7171722
chr15	92543627	rs16947020
chr15	92546924	rs1350094
chr15	92548495	rs7176335
chr15	92548585	rs7181188
chr15	92549345	rs16947053
chr15	92549463	rs9920859
chr15	92552918	rs11636050
chr15	92554226	rs1455781
chr15	92557179	rs8032909
chr15	92561681	rs12904825
chr15	92561751	rs4778006
chr15	92562212	rs10852175
chr15	92562749	rs17703847
chr15	92563276	rs8040431
chr15	92563439	rs8039421
chr15	92564955	rs12591381
chr15	92567401	rs7183734
chr15	92568286	rs1826854
chr15	92568377	rs1826852
chr15	92568575	rs11853354
chr15	92568808	rs4777723
chr15	92570005	rs17522973
chr15	92570695	rs2047343
chr15	92570842	rs12915111
chr15	92571014	rs1563368
chr15	92572010	rs4778013
chr15	92573241	rs285702
chr15	92573289	rs17647421
chr15	92575274	rs285705
chr15	92576569	rs12591171
chr15	92577230	rs7164128
chr15	92578183	rs206349
chr15	92580420	rs2289220
chr15	92580928	rs2289221
chr15	92581719	rs11074079
chr15	92581769	rs17647496
chr15	92582774	rs285712
chr15	92582894	rs176235
chr15	92583221	rs285713
chr15	92583935	rs17704001
chr15	92585226	rs4777724
chr15	92586837	rs17704035
chr15	92587690	rs12593253
chr15	92589131	rs4453419
chr15	92589538	rs1390786
chr15	92590195	rs285718
chr15	92590413	rs285719
chr15	92592655	rs4777727
chr15	92592876	rs17647665
chr15	92593125	rs2043778
chr15	92594506	rs404285
chr15	92597087	rs17647695
chr15	92597110	rs17647701
chr15	92599394	rs16947098
chr15	92599782	rs410363
chr15	92602409	rs10152637
chr15	92603379	rs2255908
chr15	92605577	rs453916
chr15	92606174	rs375548
chr15	92608252	rs376343
chr15	92609907	rs409943
chr15	92613629	rs17523778
chr15	92614289	rs432364
chr15	92614403	rs8030062
chr15	92614865	rs8032832
chr15	92615401	rs8035858
chr15	92615762	rs12442454
chr15	92616507	rs8043510
chr15	92618271	rs11552662
chr15	92622418	rs8027047
chr15	92622733	rs386357
chr15	92633263	rs285754
chr15	92634369	rs3803523
chr15	92635945	rs285757
chr15	92638654	rs2173059
chr15	92639192	rs9972374
chr15	92641439	rs285762
chr15	92642899	rs285766
chr15	92643001	rs285767
chr15	92645641	rs3743360
chr15	92645747	rs3743362
chr15	92648597	rs285773
chr15	92648786	rs17704317
chr15	92649293	rs1496725
chr15	92649782	rs12443091
chr15	92650696	rs11074091
chr15	92651458	rs893379
chr15	92652605	rs1496726
chr15	92652855	rs1496727
chr15	92654567	rs435171
chr15	92657167	rs426221
chr15	92662224	rs373481
chr15	92663546	rs8037891
chr15	92667500	rs374653
chr15	92668761	rs401072
chr15	92668984	rs380184
chr15	92670899	rs12898781
chr15	92672830	rs2077611
chr15	92673227	rs8041176
chr15	92673389	rs8025100
chr15	92674847	rs285753
chr15	92677167	rs285722
chr15	92678824	rs10520711
chr15	92678841	rs10520712
chr15	92679667	rs11074093
chr15	92679742	rs17524193
chr15	92681460	rs11074094
chr15	92681662	rs285727
chr15	92683080	rs206350
chr15	92683107	rs285729
chr15	92683493	rs285731
chr15	92683829	rs8037598
chr15	92685403	rs99521
chr15	92685731	rs206351
chr15	92687776	rs285737
chr15	92688147	rs7174458
chr15	92690094	rs10520713
chr15	92693557	rs12438545
chr15	92696158	rs34161004
chr15	92696195	rs285743
chr15	92701869	rs881268
chr15	92702056	rs1467972
chr15	92702546	rs1530026
chr15	92703206	rs879050
chr15	92703609	rs1866171
chr15	92703732	rs2387904
chr15	92708059	rs8025706
chr15	92715080	rs2278519
chr15	92719176	rs16947186
chr15	92719699	rs17648050
chr15	92724106	rs2387916
chr15	92724313	rs7174515
chr15	92724402	rs7176732
chr15	92724465	rs7176911
chr15	92725223	rs1545144
chr15	92726710	rs1545143
chr15	92726990	rs8028966
chr15	92727308	rs8033632
chr15	92729709	rs6496981
chr15	92735770	rs8029578
chr15	92737664	rs11074097
chr15	92743696	rs8024027
chr15	92749272	rs2892383
chr15	92750606	rs2388017
chr15	92750645	rs7162785
chr15	92754375	rs12324857
chr15	92761686	rs4331294
chr15	92764438	rs7183797
chr15	92764792	rs7494848
chr15	92767345	rs8038332
chr15	92773518	rs4411466
chr15	92779719	rs7176799
chr15	92780816	rs12593373
chr15	92788053	rs7173581
chr15	92795989	rs7164758
chr15	92796127	rs7181825
chr15	92797878	rs8037245
chr15	92801862	rs4381546
chr15	92808217	rs8040146
chr15	92816277	rs12592960
chr15	92817550	rs7169046
chr15	92817976	rs4274391
chr15	92827814	rs7176890
chr15	92832280	rs4077882
chr15	92837684	rs8037268
chr15	92843533	rs8042780
chr15	92844109	rs8023522
chr15	92848256	rs8029902
chr15	92855773	rs4777747
chr15	92856665	rs12905348
chr15	92859266	rs6496996
chr15	92864058	rs8035159
chr15	92865824	rs12232308
chr15	92866386	rs8030845
chr15	92870364	rs10852182
chr15	92876662	rs12148826
chr15	92878014	rs4778052
chr15	92878503	rs920389
chr15	92886416	rs1439620
chr15	92887933	rs11074115
chr15	92898677	rs1439621
chr15	92903639	rs4146837
chr15	92906739	rs1439618
chr15	92909067	rs1143115
chr15	92911152	rs12908968
chr15	92912241	rs12903587
chr15	92914420	rs7170052
chr15	92917025	rs17525144
chr15	92917761	rs17648415
chr15	92921146	rs12916015
chr15	92924124	rs8026695
chr15	92924161	rs3826036
chr15	92929352	rs12915072
chr15	92929750	rs17525249
chr15	92930394	rs961233
chr15	92930947	rs12901950
chr15	92936568	rs8035739
chr15	92937777	rs2272463
chr15	92938770	rs7166161
chr15	92947787	rs10520716
chr15	92948270	rs9302362
chr15	92950967	rs4778060
chr15	92952743	rs8042395
chr15	92953644	rs1371390
chr15	92954875	rs3817597
chr15	92956155	rs7180285
chr15	92962419	rs8032603
chr15	92963562	rs1470071
chr15	92967373	rs4777755
chr15	92973197	rs12594991
chr15	92973984	rs1025768
chr15	92974463	rs1406712
chr15	92977646	rs12595801
chr15	92978421	rs11074122
chr15	92979082	rs2272461
chr15	92979529	rs17610312
chr15	92980968	rs8041241
chr15	92982773	rs11634207
chr15	92983663	rs3784786
chr15	92984613	rs2272458
chr15	92984785	rs12592212
chr15	92984824	rs17610424
chr15	92987185	rs11634566
chr15	92988484	rs7174740
chr15	92991703	rs3826035
chr15	92992967	rs2272457
chr15	92993436	rs11074124
chr15	92996859	rs11630582
chr15	93000726	rs12591124
chr15	93000823	rs6497013
chr15	93002601	rs2033847
chr15	93002704	rs12438635
chr15	93004345	rs8042437
chr15	93007878	rs12909677
chr15	93008317	rs1074513
chr15	93008570	rs1371391
chr15	93009100	rs12915582
chr15	93012487	rs2119010
chr15	93013212	rs2388056
chr15	93015948	rs7170644
chr15	93017101	rs1545189
chr15	93018412	rs7164173
chr15	93019293	rs11637884
chr15	93021538	rs8038855
chr15	93021742	rs7179432
chr15	93023181	rs11634022
chr15	93024634	rs12906163
chr15	93024778	rs4778070
chr15	93025654	rs9672839
chr15	93027011	rs7402385
chr15	93027493	rs13759
chr15	93031589	rs7181095
chr15	93033752	rs11636696
chr15	93034153	rs1978877
chr15	93035757	rs12916709
chr15	93036266	rs4078927
chr15	93038458	rs7163551
chr15	93040512	rs11074130
chr15	93041385	rs7164440
chr15	93042745	rs12438714
chr15	93042987	rs12442144
chr15	93043066	rs17649077
chr15	93043872	rs13167
chr15	93044800	rs1969589
chr15	93044850	rs2272453
chr15	93045947	rs1534782
chr15	93046272	rs2091636
chr15	93046510	rs4433764
chr15	93046558	rs1881842
chr15	93046607	rs1881841
chr15	93050417	rs7178039
chr15	93053776	rs8030422
chr15	93055037	rs41424644
chr15	93055210	rs35193579
chr15	93056929	rs11634329
chr15	93057747	rs17526269
chr15	93058067	rs11632082
chr15	93058827	rs8032755
chr15	93059088	rs4777760
chr15	93059902	rs17526330
chr15	93060222	rs16947406
chr15	93060379	rs4778081
chr15	93060482	rs4778082
chr15	93060633	rs4778084
chr15	93061525	rs3817596
chr15	93061861	rs2293597
chr15	93062740	rs35394170
chr15	93063265	rs7170601
chr15	93066910	rs4778092
chr15	93070898	rs3887013
chr15	93073674	rs2091635
chr15	93075075	rs12900270
chr15	93079954	rs11637013
chr15	93084410	rs6497019
chr15	93085911	rs8036987
chr15	93091219	rs4778099
chr15	93091495	rs10520720
chr15	93091704	rs725458
chr15	93096015	rs4778100
chr15	93099196	rs4114
chr15	93100516	rs8023622
chr15	93102597	rs4777763
chr15	93103363	rs16947431
chr15	93104596	rs12594817
chr15	93105269	rs8041283
chr15	93105893	rs12593919
chr15	93105977	rs12593416
chr15	93106210	rs7166499
chr15	93109454	rs4545762
chr15	93109674	rs11634759
chr15	93110051	rs4395027
chr15	93110166	rs4396487
chr15	93111444	rs8025252
chr15	93111876	rs4603512
chr15	93112864	rs16947444
chr15	93114566	rs4778104
chr15	93114611	rs4778105
chr15	93116472	rs7174083
chr15	93117578	rs6416579
chr15	93117943	rs7163594
chr15	93118967	rs4530078
chr15	93119054	rs17705835
chr15	93123262	rs16947471
chr15	93124145	rs4777769
chr15	93126417	rs17649409
chr15	93126609	rs8041299
chr15	93126821	rs8041023
chr15	93128353	rs11636203
chr15	93129168	rs17526830
chr15	93129825	rs16947475
chr15	93130063	rs6497026
chr15	93130294	rs11856304
chr15	93132093	rs16947479
chr15	93133665	rs7168274
chr15	93134682	rs7176631
chr15	93135692	rs7180858
chr15	93135941	rs17706003
chr15	93138241	rs10459680
chr15	93139000	rs4485306
chr15	93141656	rs11630044
chr15	93142434	rs12904099
chr15	93145233	rs10520714
chr15	93145964	rs733036
chr15	93146774	rs746224
chr15	93147929	rs8038806
chr15	93147991	rs7181117
chr15	93151047	rs12592710
chr15	93151087	rs7178024
chr15	93152932	rs28564959
chr15	93152973	rs11634481
chr15	93153235	rs11633509
chr15	93153962	rs9920268
chr15	93154867	rs11853328
chr15	93156598	rs9302364
chr15	93156978	rs8041800
chr15	93157936	rs4238463
chr15	93157998	rs4238464
chr15	93159596	rs11634230
chr15	93159655	rs8037591
chr15	93160785	rs17649643
chr15	93163293	rs8029427
chr15	93163645	rs10852189
chr15	93165925	rs12916137
chr15	93165948	rs16947531
chr15	93166579	rs12902097
chr15	93166832	rs16947539
chr15	93167038	rs12902209
chr15	93167072	rs4402507
chr15	93167095	rs4402508
chr15	93170437	rs6497031
chr15	93170783	rs6497032
chr15	93172271	rs12441631
chr15	93175125	rs17706224
chr15	93179215	rs17611984
chr15	93180696	rs8035304
chr15	93183428	rs4238465
chr15	93183705	rs4238466
chr15	93184918	rs4777788
chr15	93188075	rs6497035
chr15	93190180	rs4586375
chr15	93191753	rs4325505
chr15	93193645	rs6416581
chr15	93193716	rs6416582
chr15	93194113	rs12915866
chr15	93196520	rs4433762
chr15	93196978	rs6497041
chr15	93198012	rs4492999
chr15	93198315	rs4286065
chr15	93198727	rs4493000
chr15	93198818	rs4777792
chr15	93199205	rs4503743
chr15	93200975	rs4502168
chr15	93201002	rs4502169
chr15	93202775	rs12916315
chr15	93203145	rs4777629
chr15	93203159	rs4777630
chr15	93203285	rs4777631
chr15	93203800	rs8028826
chr15	93205596	rs8038709
chr15	93205927	rs8025085
chr15	93206654	rs17540247
chr15	93207027	rs8024817
chr15	93208412	rs8037188
chr15	93209649	rs1872052
chr15	93210635	rs12441009
chr15	93212963	rs7169390
chr15	93214520	rs10468147
chr15	93215984	rs723033
chr15	93217551	rs1872050
chr15	93221511	rs12903582
chr15	93231210	rs9888659
chr15	93236587	rs1483320
chr15	93236780	rs7165051
chr15	93239374	rs11633878
chr15	93241393	rs16974330
chr15	93247180	rs17540442
chr15	93247858	rs12911343
chr15	93251072	rs8035542
chr15	93252301	rs8036150
chr15	93253049	rs9302365
chr15	93254493	rs12437768
chr15	93254765	rs4777801
chr15	93255503	rs8032853
chr15	93257196	rs17540498
chr15	93257900	rs12593490
chr15	93258937	rs4777805
chr15	93260754	rs4777806
chr15	93261698	rs8042102
chr15	93263248	rs13313429
chr15	93264525	rs11857333
chr15	93264546	rs8033975
chr15	93265366	rs10520721
chr15	93267180	rs4777639
chr15	93269843	rs17540609
chr15	93270337	rs12148243
chr15	93271084	rs6497054
chr15	93271900	rs17612678
chr15	93272243	rs7163058
chr15	93273287	rs8039301
chr15	93274471	rs12899930
chr15	93276364	rs1122702
chr15	93276506	rs7170984
chr15	93278111	rs4777809
chr15	93281727	rs12438547
chr15	93283223	rs5016773
chr15	93283480	rs10852191
chr15	93283542	rs11074155
chr15	93284043	rs11074159
chr15	93284747	rs4777642
chr15	93285042	rs4777812
chr15	93287331	rs11074160
chr15	93287388	rs936679
chr15	93288838	rs7167984
chr15	93289986	rs7174649
chr15	93290627	rs6497057
chr15	93291314	rs4777817
chr15	93292807	rs8035550
chr15	93292901	rs6497058
chr15	93292938	rs1483324
chr15	93292957	rs7175656
chr15	93297329	rs4777828
chr15	93300743	rs4777647
chr15	93300838	rs11858429
chr15	93301533	rs12909691
chr15	93301718	rs41446745
chr15	93302859	rs4777830
chr15	93305068	rs1006694
chr15	93307995	rs13329166
chr15	93310656	rs6497061
chr15	93315802	rs7163605
chr15	93316784	rs4777838
chr15	93317280	rs10451021
chr15	93320184	rs8028266
chr15	93320238	rs17541104
chr15	93321342	rs11074166
chr15	93321422	rs16947804
chr15	93321917	rs7166968
chr15	93322063	rs11631140
chr15	93322905	rs11074167
chr15	93324470	rs17650617
chr15	93325343	rs4777841
chr15	93326446	rs1384739
chr15	93326501	rs1384740
chr15	93327895	rs1872046
chr15	93332186	rs1483315
chr15	93338405	rs12908950
chr15	93338445	rs12148264
chr15	93338500	rs8034782
chr15	93338984	rs1483318
chr15	93339998	rs11855227
chr15	93341525	rs11858701
chr15	93341879	rs2128765
chr15	93342004	rs16947835
chr15	93342589	rs11857129
chr15	93344263	rs7179176
chr15	93348048	rs9972589
chr15	93348531	rs1483319
chr15	93349120	rs17707279
chr15	93349713	rs7164857
chr15	93350580	rs16947849
chr15	93350887	rs16947854
chr15	93350912	rs17441859
chr15	93351865	rs16947862
chr15	93352086	rs16947869
chr15	93352405	rs17541518
chr15	93352602	rs1872049
chr15	93353707	rs17541566
chr15	93355607	rs11853578
chr15	93357083	rs936670
chr15	93357168	rs8037879
chr15	93357383	rs936671
chr15	93357631	rs936672
chr15	93357644	rs16947884
chr15	93357709	rs735912
chr15	93359096	rs4777852
chr15	93359371	rs11854021
chr15	93359724	rs2388169
chr15	93359839	rs4587928
chr15	93360203	rs16947893
chr15	93361601	rs936675
chr15	93362152	rs747142
chr15	93364822	rs2388171
chr15	93365173	rs11636893
chr15	93365823	rs1351721
chr15	93365980	rs10520723
chr15	93366464	rs10520724
chr15	93366830	rs11639263
chr15	93368294	rs4777853
chr15	93368582	rs11074171
chr15	93369684	rs17650969
chr15	93370622	rs1994524
chr15	93372536	rs17707420
chr15	93372583	rs17541760
chr15	93373163	rs11853122
chr15	93374954	rs8040084
chr15	93375069	rs8039670
chr15	93375340	rs4777854
chr15	93375733	rs4777855
chr15	93377358	rs1005021
chr15	93380600	rs12438792
chr15	93382786	rs12232330
chr15	93383617	rs2892474
chr15	93383982	rs2130106
chr15	93384076	rs2130107
chr15	93386818	rs17613897
chr15	93387642	rs4777858
chr15	93387662	rs10520728
chr15	93388247	rs4777860
chr15	93388720	rs12594056
chr15	93396363	rs4777660
chr15	93396957	rs7174538
chr15	93399035	rs4777663
chr15	93399227	rs4625679
chr15	93400701	rs12592872
chr15	93405853	rs17614005
chr15	93407193	rs17542059
chr15	93407473	rs17542080
chr15	93408897	rs6497069
chr15	93409440	rs16947941
chr15	93409462	rs8039405
chr15	93409837	rs1489127
chr15	93410315	rs8024465
chr15	93410631	rs12438329
chr15	93412383	rs17651361
chr15	93412532	rs12437585
chr15	93412650	rs12440948
chr15	93412713	rs12437790
chr15	93413259	rs12904317
chr15	93415037	rs1565242
chr15	93420006	rs11074183
chr15	93420668	rs17542256
chr15	93420922	rs1387270
chr15	93421221	rs6497071
chr15	93421648	rs6497072
chr15	93421823	rs8027071
chr15	93423482	rs901965
chr15	93423638	rs2388310
chr15	93423650	rs10152768
chr15	93423849	rs2892477
chr15	93424153	rs17651452
chr15	93425059	rs1489129
chr15	93426063	rs11856891
chr15	93426666	rs17651488
chr15	93426720	rs6497073
chr15	93427183	rs11074185
chr15	93428711	rs17651511
chr15	93429050	rs7166163
chr15	93429051	rs12593825
chr15	93429116	rs4777666
chr15	93430658	rs11633272
chr15	93434839	rs8030808
chr15	93435185	rs959167
chr15	93435788	rs1001011
chr15	93436206	rs12148754
chr15	93436384	rs7181913
chr15	93436682	rs7165622
chr15	93438451	rs12906176
chr15	93440028	rs12324320
chr15	93440972	rs4777882
chr15	93443360	rs12594957
chr15	93443440	rs12594961
chr15	93444927	rs12910794
chr15	93445326	rs7181450
chr15	93446030	rs12898207
chr15	93446057	rs11074187
chr15	93448007	rs12909126
chr15	93448965	rs875064
chr15	93450823	rs901972
chr15	93456372	rs2130102
chr15	93456868	rs2130103
chr15	93458074	rs4777671
chr15	93458403	rs1873114
chr15	93461826	rs11074189
chr15	93463669	rs16948067
chr15	93463743	rs16974334
chr15	93463807	rs10520729
chr15	93465252	rs7173904
chr15	93466287	rs10520731
chr15	93466861	rs4777890
chr15	93471328	rs8024152
chr15	93473806	rs12591923
chr15	93474772	rs1473491
chr15	93477553	rs1542708
chr15	93478502	rs12913742
chr15	93478644	rs7163006
chr15	93478822	rs16948087
chr15	93478934	rs12914441
chr15	93479903	rs8024294
chr15	93479959	rs8024456
chr15	93480244	rs12591912
chr15	93481229	rs10163001
chr15	93481514	rs4777893
chr15	93484705	rs12437477
chr15	93486387	rs2388299
chr15	93486705	rs8035095
chr15	93486971	rs8035600
chr15	93488730	rs17651892
chr15	93489370	rs950884
chr15	93489963	rs6497077
chr15	93490573	rs6497080
chr15	93491676	rs16948107
chr15	93491936	rs17708391
chr15	93493459	rs7175404
chr15	93493527	rs16948116
chr15	93494367	rs8039312
chr15	93498305	rs4777896
chr15	93505103	rs7167271
chr15	93505134	rs7167291
chr15	93505409	rs7170834
chr15	93505457	rs7177887
chr15	93511163	rs7183559
chr15	93516155	rs7164207
chr15	93517149	rs17708628
chr15	93517668	rs4777898
chr15	93519771	rs6497081
chr15	93520028	rs7161920
chr15	93522167	rs12101353
chr15	93522187	rs7163903
chr15	93522889	rs9744429
chr15	93524036	rs12914921
chr15	93525233	rs7182163
chr15	93529836	rs10520733
chr15	93530331	rs11074196
chr15	93530550	rs10520735
chr15	93530802	rs10520736
chr15	93534084	rs12591541
chr15	93537201	rs11855052
chr15	93540494	rs1027117
chr15	93541755	rs11074199
chr15	93542007	rs17652426
chr15	93542317	rs11638840
chr15	93543489	rs2220463
chr15	93543525	rs2220462
chr15	93544079	rs16948202
chr15	93544522	rs958772
chr15	93544687	rs4586376
chr15	93545483	rs12898948
chr15	93545792	rs959891
chr15	93546693	rs2130109
chr15	93546806	rs4485303
chr15	93547735	rs11632653
chr15	93548032	rs11074200
chr15	93551018	rs7172940
chr15	93553838	rs4072466
chr15	93555732	rs4777908
chr15	93557809	rs4777910
chr15	93561782	rs17709067
chr15	93562164	rs12324718
chr15	93562186	rs12904405
chr15	93562690	rs17615276
chr15	93563019	rs12909647
chr15	93563279	rs12915196
chr15	93563818	rs6650535
chr15	93563981	rs4777911
chr15	93564244	rs4238473
chr15	93564360	rs6497086
chr15	93568488	rs16948223
chr15	93569052	rs4777912
chr15	93570406	rs16948232
chr15	93571006	rs4451904
chr15	93573399	rs17652701
chr15	93573611	rs8032999
chr15	93574062	rs28523580
chr15	93578080	rs7176392
chr15	93579276	rs8040341
chr15	93579515	rs8042493
chr15	93580568	rs28824269
chr15	93581736	rs7162520
chr15	93585917	rs12593921
chr15	93586166	rs4343230
chr15	93587129	rs4402506
chr15	93587593	rs4777919
chr15	93587968	rs11632854
chr15	93592350	rs4238475
chr15	93593501	rs4238477
chr15	93598861	rs10520737
chr15	93599401	rs4777927
chr15	93600349	rs12594452
chr15	93600506	rs3922821
chr15	93602299	rs9806454
chr15	93602809	rs12909043
chr15	93602918	rs11074207
chr15	93603076	rs11074208
chr15	93603395	rs12232279
chr15	93603500	rs4777684
chr15	93603526	rs4777685
chr15	93604024	rs17709306
chr15	93604680	rs12899299
chr15	93605416	rs17709318
chr15	93605439	rs7175732
chr15	93606556	rs7175566
chr15	93607055	rs12595159
chr15	93607492	rs17658347
chr15	93608310	rs17709344
chr15	93608507	rs12907353
chr15	93608527	rs4353443
chr15	93609657	rs12913271
chr15	93610272	rs8039717
chr15	93610311	rs17626587
chr15	93613732	rs17544058
chr15	93613849	rs4777688
chr15	93614250	rs17709494
chr15	93615011	rs16948292
chr15	93615736	rs17544094
chr15	93618803	rs12914442
chr15	93619013	rs4584771
chr15	93619099	rs4261479
chr15	93620471	rs4350528
chr15	93623530	rs8033109
chr15	93624460	rs7350795
chr15	93624696	rs17709594
chr15	93631792	rs4777693
chr15	93631843	rs4777933
chr15	93632721	rs4528520
chr15	93633964	rs4075953
chr15	93634277	rs4074327
chr15	93634912	rs4627287
chr15	93636131	rs7170017
chr15	93636203	rs4777936
chr15	93636270	rs7176855
chr15	93640007	rs4265760
chr15	93642332	rs12913417
chr15	93644208	rs4411465
chr15	93644630	rs4354877
chr15	93649677	rs12443068
chr15	93649971	rs7180119
chr15	93655274	rs7167743
chr15	93657482	rs12908644
chr15	93658699	rs4489957
chr15	93668202	rs4454918
chr15	93668627	rs4473130
chr15	93669934	rs11853847
chr15	93670372	rs11638461
chr15	93670592	rs11633443
chr15	93672058	rs4267258
chr15	93672696	rs17626899
chr15	93673368	rs12591369
chr15	93675262	rs6497097
chr15	93682294	rs6497103
chr15	93682592	rs6497106
chr15	93685701	rs7163478
chr15	93688487	rs4426305
chr15	93689036	rs7182315
chr15	93689723	rs11635366
chr15	93690181	rs4598857
chr15	93691092	rs4489955
chr15	93693083	rs12148543
chr15	93693126	rs16948375
chr15	93693179	rs17544582
chr15	93693358	rs17627094
chr15	93694348	rs7496827
chr15	93699756	rs7165150
chr15	93705236	rs8024653
chr15	93708533	rs7495334
chr15	93710025	rs6497116
chr15	93712195	rs7403426
chr15	93715436	rs4262899
chr15	93716217	rs7177168
chr15	93716329	rs12439929
chr15	93717181	rs12148916
chr15	93717490	rs3884644
chr15	93720414	rs7494872
chr15	93723338	rs6497118
chr15	93728045	rs7180028
chr15	93740089	rs11853634
chr15	93741940	rs6497126
chr15	93742016	rs8032863
chr15	93743031	rs6497127
chr15	93743892	rs3923404
chr15	93744012	rs4777944
chr15	93745428	rs7176154
chr15	93756844	rs4777698
chr15	93758629	rs8024199
chr15	93759464	rs4624117
chr15	93762958	rs8033557
chr15	93763148	rs8033264
chr15	93764323	rs6497135
chr15	93765331	rs4597267
chr15	93765692	rs10152331
chr15	93766152	rs4238481
chr15	93766539	rs4777949
chr15	93767942	rs10152962
chr15	93774147	rs12900133
chr15	93774704	rs4777700
chr15	93778674	rs12441720
chr15	93779584	rs12439760
chr15	93779897	rs4389099
chr15	93780402	rs4390547
chr15	93780535	rs8042767
chr15	93782406	rs8023690
chr15	93785765	rs7183261
chr15	93786487	rs1342516
chr15	93791047	rs7496119
chr15	93791387	rs1342517
chr15	93791429	rs7498063
chr15	93791810	rs16948472
chr15	93791861	rs11633080
chr15	93799057	rs16948483
chr15	93804740	rs1573083
chr15	93806223	rs7168430
chr15	93808448	rs9972301
chr15	93809789	rs8031230
chr15	93811981	rs1935634
chr15	93812994	rs1935637
chr15	93818580	rs4633667
chr15	93819374	rs16948491
chr15	93819862	rs1361750
chr15	93820656	rs1342522
chr15	93822615	rs2388412
chr15	93824142	rs12594198
chr15	93824360	rs11074237
chr15	93824737	rs2066389
chr15	93825869	rs8042094
chr15	93825894	rs8041512
chr15	93826903	rs1111880
chr15	93827796	rs6497144
chr15	93828559	rs10163031
chr15	93831797	rs2051041
chr15	93837380	rs7178639
chr15	93842410	rs1935642
chr15	93845276	rs6497145
chr15	93848343	rs1573086
chr15	93848522	rs1573084
chr15	93854848	rs1857163
chr15	93854999	rs1342523
chr15	93855655	rs7181964
chr15	93856557	rs1342525
chr15	93858975	rs4556745
chr15	93861666	rs9920303
chr15	93863992	rs12911109
chr15	93865701	rs12902592
chr15	93866669	rs11857237
chr15	93866710	rs11857241
chr15	93867067	rs12908831
chr15	93868653	rs7183864
chr15	93872350	rs9920931
chr15	93875408	rs4480747
chr15	93878429	rs4347580
chr15	93879895	rs10451023
chr15	93880143	rs10451024
chr15	93882072	rs4587926
chr15	93889017	rs4335731
chr15	93889925	rs7162038
chr15	93900113	rs11855480
chr15	93902470	rs11637003
chr15	93910375	rs4500673
chr15	93916317	rs4509969
chr15	93917146	rs11633124
chr15	93924369	rs11854665
chr15	93925544	rs4350527
chr15	93933744	rs4459501
chr15	93936091	rs12901137
chr15	93936516	rs12910489
chr15	93941235	rs12914286
chr15	93941668	rs7403002
chr15	93943385	rs7403440
chr15	93949999	rs7174132
chr15	93953070	rs10438448
chr15	93958335	rs4344687
chr15	93963632	rs11074242
chr15	93966061	rs7163746
chr15	93966290	rs7168617
chr15	93966711	rs7176238
chr15	93968726	rs7183260
chr15	93968838	rs7183458
chr15	93969624	rs7165775
chr15	93969692	rs7165938
chr15	93971379	rs10852206
chr15	93973943	rs8041485
chr15	93979110	rs7402552
chr15	93979230	rs4624118
chr15	93984203	rs1479808
chr15	93986923	rs973410
chr15	93987860	rs12594893
chr15	93989217	rs8036824
chr15	93993221	rs12324883
chr15	93994085	rs2127462
chr15	93994156	rs2170052
chr15	93996227	rs17660046
chr15	93996892	rs12898390
chr15	93997527	rs16948615
chr15	93997995	rs12594286
chr15	93999145	rs2170053
chr15	93999532	rs16948623
chr15	94000861	rs7164948
chr15	94002274	rs7166000
chr15	94004287	rs6497152
chr15	94004473	rs6497153
chr15	94006923	rs11074245
chr15	94007365	rs13329526
chr15	94008378	rs7181724
chr15	94012414	rs7173640
chr15	94013188	rs7175177
chr15	94017924	rs7183056
chr15	94019570	rs16948636
chr15	94020390	rs8037472
chr15	94022003	rs7180590
chr15	94022469	rs17660195
chr15	94030779	rs2054507
chr15	94030853	rs2054508
chr15	94031607	rs7164887
chr15	94032850	rs970374
chr15	94032953	rs7171889
chr15	94033100	rs970375
chr15	94033180	rs4492997
chr15	94035668	rs1479816
chr15	94036195	rs1479817
chr15	94037124	rs1479821
chr15	94042215	rs4556743
chr15	94043049	rs7179519
chr15	94043693	rs4102886
chr15	94043904	rs12439968
chr15	94046999	rs1031912
chr15	94047315	rs8042025
chr15	94047803	rs12437942
chr15	94047915	rs12443435
chr15	94048617	rs10520741
chr15	94056346	rs1564391
chr15	94057142	rs16948687
chr15	94058571	rs1383007
chr15	94059873	rs1904483
chr15	94060319	rs1531636
chr15	94060946	rs1160143
chr15	94068006	rs7176334
chr15	94072887	rs6497164
chr15	94073004	rs8038994
chr15	94073201	rs1479827
chr15	94073287	rs6497165
chr15	94073505	rs1479828
chr15	94074735	rs8025255
chr15	94078172	rs4984407
chr15	94079239	rs7168050
chr15	94079986	rs10162909
chr15	94080587	rs721184
chr15	94081140	rs4984357
chr15	94082153	rs6497167
chr15	94083226	rs8041151
chr15	94083803	rs922564
chr15	94084326	rs2170055
chr15	94088111	rs11074249
chr15	94095000	rs17628639
chr15	94095329	rs6497168
chr15	94098452	rs8033102
chr15	94101001	rs1479831
chr15	94105892	rs10400909
chr15	94106825	rs2127470
chr15	94107414	rs1479833
chr15	94108825	rs995762
chr15	94109052	rs967752
chr15	94114144	rs2086329
chr15	94115013	rs11855780
chr15	94115496	rs11630494
chr15	94117465	rs7180322
chr15	94118960	rs1479834
chr15	94120209	rs6497172
chr15	94120970	rs6497173
chr15	94121416	rs16948734
chr15	94121588	rs8037813
chr15	94123696	rs1351308
chr15	94124643	rs724408
chr15	94124871	rs11631362
chr15	94125285	rs1904485
chr15	94125343	rs2388440
chr15	94125367	rs10520743
chr15	94125754	rs9806514
chr15	94125938	rs7174567
chr15	94127266	rs7170425
chr15	94128087	rs4488398
chr15	94130829	rs12917164
chr15	94131644	rs7180576
chr15	94132313	rs1479835
chr15	94132382	rs1479836
chr15	94132689	rs11636166
chr15	94132891	rs1080340
chr15	94135874	rs2219854
chr15	94138055	rs10468151
chr15	94139206	rs1001049
chr15	94145528	rs1545779
chr15	94145606	rs8033700
chr15	94146121	rs11074253
chr15	94152756	rs2124355
chr15	94156006	rs2605118
chr15	94156918	rs2713896
chr15	94158202	rs16948760
chr15	94159283	rs2605119
chr15	94160857	rs1350092
chr15	94160969	rs1378596
chr15	94161237	rs764385
chr15	94163983	rs8030048
chr15	94168722	rs7178035
chr15	94170191	rs17711781
chr15	94172798	rs11854463
chr15	94176687	rs11853883
chr15	94178303	rs7164241
chr15	94183086	rs11854643
chr15	94183661	rs1080474
chr15	94184425	rs8029074
chr15	94184482	rs8028010
chr15	94185341	rs10162903
chr15	94185663	rs10162968
chr15	94186313	rs2085266
chr15	94186428	rs2085265
chr15	94187469	rs12440987
chr15	94191899	rs1598490
chr15	94194946	rs17660797
chr15	94195137	rs8034047
chr15	94195402	rs12441824
chr15	94196354	rs7179400
chr15	94198369	rs6497177
chr15	94199179	rs17711817
chr15	94199669	rs17711823
chr15	94200265	rs2892541
chr15	94200542	rs12593283
chr15	94205499	rs1031563
chr15	94212001	rs7495864
chr15	94212049	rs7169361
chr15	94212275	rs1455768
chr15	94213600	rs1350091
chr15	94220443	rs1378593
chr15	94224073	rs1455767
chr15	94224657	rs7172568
chr15	94225434	rs16948815
chr15	94225914	rs1378592
chr15	94227956	rs7164998
chr15	94228281	rs1455765
chr15	94230241	rs1350090
chr15	94230376	rs2388527
chr15	94230757	rs12917121
chr15	94233036	rs12595780
chr15	94233701	rs8034119
chr15	94237012	rs11635007
chr15	94238675	rs10163015
chr15	94247634	rs768400
chr15	94247690	rs768399
chr15	94250392	rs2045264
chr15	94250407	rs2045263
chr15	94252429	rs1455764
chr15	94253264	rs8042367
chr15	94254313	rs6497181
chr15	94255623	rs1455758
chr15	94256066	rs8034433
chr15	94256522	rs1378591
chr15	94257220	rs1124962
chr15	94259489	rs6497186
chr15	94259533	rs8040967
chr15	94259576	rs8036788
chr15	94259670	rs12911308
chr15	94260216	rs1563365
chr15	94261012	rs6497188
chr15	94263982	rs17629693
chr15	94264834	rs12908060
chr15	94265121	rs12443018
chr15	94271644	rs1563363
chr15	94271776	rs16948855
chr15	94272741	rs12904449
chr15	94275694	rs8025498
chr15	94281603	rs8035713
chr15	94284656	rs1455769
chr15	94285237	rs4984343
chr15	94286396	rs1563361
chr15	94288915	rs8035826
chr15	94292607	rs6497195
chr15	94293758	rs2388516
chr15	94295352	rs7176568
chr15	94295600	rs6497196
chr15	94297294	rs7402365
chr15	94298055	rs921845
chr15	94300152	rs16948884
chr15	94301177	rs921844
chr15	94302169	rs1347277
chr15	94302204	rs1368844
chr15	94303530	rs294547
chr15	94304954	rs294545
chr15	94305139	rs294544
chr15	94306408	rs12899314
chr15	94307075	rs11634645
chr15	94309286	rs294538
chr15	94309327	rs10520745
chr15	94309470	rs12914270
chr15	94309491	rs10520746
chr15	94310643	rs184151
chr15	94310896	rs1655458
chr15	94311442	rs294560
chr15	94312321	rs13329421
chr15	94312684	rs294559
chr15	94312747	rs294558
chr15	94313887	rs294555
chr15	94314661	rs294552
chr15	94315062	rs294551
chr15	94315252	rs11636017
chr15	94315418	rs1671830
chr15	94315457	rs1655455
chr15	94315660	rs12101974
chr15	94315751	rs8024196
chr15	94315822	rs294550
chr15	94316592	rs294548
chr15	94316861	rs4984345
chr15	94318088	rs7178199
chr15	94318611	rs11634227
chr15	94320057	rs7173222
chr15	94320595	rs7178612
chr15	94320608	rs4328383
chr15	94321229	rs934486
chr15	94321352	rs12441380
chr15	94321990	rs12441544
chr15	94322828	rs8040258
chr15	94322998	rs1433944
chr15	94323151	rs1433943
chr15	94324292	rs8024303
chr15	94327599	rs16948931
chr15	94328542	rs12591567
chr15	94328587	rs12908137
chr15	94331419	rs10152899
chr15	94332099	rs8041741
chr15	94333351	rs10520748
chr15	94335244	rs12911160
chr15	94335487	rs17630355
chr15	94335616	rs10163200
chr15	94336812	rs4984380
chr15	94336942	rs11634520
chr15	94337382	rs4984381
chr15	94338132	rs10152460
chr15	94339280	rs4984382
chr15	94340700	rs12902038
chr15	94341295	rs7181166
chr15	94341751	rs3743307
chr15	94342187	rs16948957
chr15	94344305	rs7179169
chr15	94346781	rs11637617
chr15	94347132	rs12910914
chr15	94349033	rs11634342
chr15	94349943	rs1529777
chr15	94349998	rs1529776
chr15	94350065	rs11630899
chr15	94350855	rs16948984
chr15	94352201	rs12909406
chr15	94352324	rs1978748
chr15	94352525	rs17630600
chr15	94355029	rs16948999
chr15	94355262	rs3809555
chr15	94356079	rs2117216
chr15	94356125	rs2164019
chr15	94356322	rs3784659
chr15	94357138	rs17661962
chr15	94358004	rs16949009
chr15	94363833	rs7171661
chr15	94364459	rs10520749
chr15	94365151	rs1036304
chr15	94367139	rs12440504
chr15	94369101	rs12909356
chr15	94370277	rs1368841
chr15	94371012	rs17630733
chr15	94372363	rs9972368
chr15	94372640	rs9972377
chr15	94373155	rs12594014
chr15	94376118	rs8025603
chr15	94376378	rs16949048
chr15	94377250	rs17630857
chr15	94377429	rs16949054
chr15	94379468	rs16974359
chr15	94382044	rs3784651
chr15	94384254	rs8023983
chr15	94386476	rs8042022
chr15	94387061	rs41444346
chr15	94388189	rs1991897
chr15	94389626	rs3784650
chr15	94391618	rs7167238
chr15	94391835	rs16949076
chr15	94394141	rs11633291
chr15	94396279	rs4984390
chr15	94396434	rs11074273
chr15	94397822	rs8042590
chr15	94398720	rs2117214
chr15	94398852	rs7495471
chr15	94399587	rs4984391
chr15	94402095	rs6497203
chr15	94402475	rs7180682
chr15	94402490	rs7178698
chr15	94402987	rs11633971
chr15	94403058	rs16949097
chr15	94403172	rs12440796
chr15	94403934	rs1529779
chr15	94405477	rs10520753
chr15	94405821	rs3784647
chr15	94407557	rs12903225
chr15	94407656	rs11074274
chr15	94409799	rs11638258
chr15	94413692	rs8037281
chr15	94414273	rs11074275
chr15	94416180	rs10520754
chr15	94416728	rs17549323
chr15	94417126	rs1368839
chr15	94417422	rs17662596
chr15	94418016	rs7176028
chr15	94419663	rs17662635
chr15	94422724	rs17662665
chr15	94424814	rs1000737
chr15	94424990	rs1433939
chr15	94431820	rs16949124
chr15	94433947	rs11629840
chr15	94440040	rs2289008
chr15	94443607	rs2255267
chr15	94444882	rs2552174
chr15	94445611	rs2570594
chr15	94446282	rs3784641
chr15	94450142	rs293577
chr15	94453321	rs17549574
chr15	94453650	rs17730347
chr15	94457824	rs2304295
chr15	94457977	rs2304294
chr15	94459485	rs12911659
chr15	94460022	rs11074277
chr15	94466179	rs1345950
chr15	94469964	rs11074280
chr15	94471426	rs1424695
chr15	94472616	rs12440693
chr15	94473640	rs3784639
chr15	94481115	rs2839734
chr15	94481362	rs3743299
chr15	94481531	rs1048048
chr15	94484802	rs12440436
chr15	94491111	rs12912110
chr15	94493819	rs12440155
chr15	94494226	rs8041166
chr15	94496901	rs6496016
chr15	94502677	rs6496017
chr15	94504832	rs13329220
chr15	94505294	rs7177819
chr15	94505433	rs7178043
chr15	94509140	rs2892589
chr15	94509600	rs8040631
chr15	94513065	rs8028606
chr15	94513782	rs7173161
chr15	94514131	rs8034179
chr15	94514505	rs12913103
chr15	94518825	rs1424705
chr15	94520845	rs12907709
chr15	94526950	rs17662989
chr15	94530226	rs2388814
chr15	94530409	rs4287515
chr15	94532146	rs8036091
chr15	94532336	rs11633702
chr15	94533908	rs4591082
chr15	94538605	rs12439135
chr15	94539294	rs1364545
chr15	94541405	rs17730572
chr15	94541682	rs7182411
chr15	94542795	rs7168036
chr15	94542828	rs7168052
chr15	94543653	rs2032975
chr15	94545815	rs6496022
chr15	94546914	rs736915
chr15	94546979	rs736916
chr15	94550010	rs16949195
chr15	94550136	rs8028986
chr15	94550440	rs4984349
chr15	94550543	rs4984350
chr15	94550755	rs1981905
chr15	94553138	rs17663222
chr15	94554123	rs8040628
chr15	94554314	rs11635156
chr15	94555325	rs16949199
chr15	94556622	rs1968283
chr15	94557299	rs12148471
chr15	94560381	rs12185134
chr15	94561066	rs10431827
chr15	94564386	rs11636583
chr15	94569994	rs10520755
chr15	94570010	rs7181323
chr15	94570982	rs16949208
chr15	94571174	rs17632034
chr15	94572764	rs1863094
chr15	94572860	rs1863095
chr15	94574820	rs2388817
chr15	94575036	rs2161936
chr15	94576952	rs1863098
chr15	94578000	rs7177467
chr15	94578905	rs12593408
chr15	94580056	rs17731069
chr15	94582245	rs11073370
chr15	94582785	rs17550502
chr15	94583573	rs3902606
chr15	94585332	rs11073371
chr15	94586276	rs12324234
chr15	94586901	rs1424712
chr15	94588797	rs890008
chr15	94589341	rs1424711
chr15	94590806	rs4984397
chr15	94591409	rs1364544
chr15	94592397	rs7171433
chr15	94592952	rs4476132
chr15	94594110	rs1424696
chr15	94599371	rs1424700
chr15	94601153	rs2291995
chr15	94604053	rs7164631
chr15	94606895	rs12916834
chr15	94608554	rs4984398
chr15	94608648	rs4984399
chr15	94609816	rs4534787
chr15	94611102	rs962931
chr15	94611160	rs12440787
chr15	94616291	rs8028055
chr15	94616821	rs12594115
chr15	94617518	rs8035158
chr15	94621822	rs1035648
chr15	94622339	rs1014923
chr15	94622351	rs1014922
chr15	94624961	rs9920002
chr15	94626644	rs9920590
chr15	94627100	rs17663818
chr15	94629154	rs6496026
chr15	94629739	rs1035649
chr15	94630441	rs1424701
chr15	94637057	rs17663842
chr15	94638712	rs7172620
chr15	94641349	rs2388774
chr15	94642642	rs8025261
chr15	94647666	rs7175069
chr15	94649156	rs6496029
chr15	94650331	rs4325508
chr15	94650729	rs8032245
chr15	94652856	rs8034011
chr15	94653092	rs7172581
chr15	94653849	rs12442791
chr15	94654042	rs11073375
chr15	94654426	rs11073376
chr15	94658053	rs4310803
chr15	94660130	rs2619171
chr15	94660575	rs2651858
chr15	94660640	rs7177393
chr15	94660890	rs16949357
chr15	94662311	rs8038629
chr15	94663143	rs17632761
chr15	94663407	rs922507
chr15	94663700	rs2651854
chr15	94663793	rs12593663
chr15	94664487	rs1982654
chr15	94664562	rs10520761
chr15	94664603	rs17632797
chr15	94665811	rs922509
chr15	94665901	rs4984402
chr15	94666024	rs11857879
chr15	94666535	rs11858601
chr15	94668333	rs12906594
chr15	94669360	rs2651851
chr15	94670353	rs2619170
chr15	94674481	rs2619169
chr15	94674601	rs1564326
chr15	94674798	rs7177001
chr15	94675681	rs12440371
chr15	94676002	rs17632897
chr15	94676713	rs17551266
chr15	94684648	rs11073378
chr15	94691904	rs2199724
chr15	94694732	rs2046006
chr15	94694990	rs12440540
chr15	94695728	rs4381545
chr15	94695778	rs7167008
chr15	94697588	rs2127250
chr15	94697671	rs17632962
chr15	94697914	rs2169934
chr15	94698893	rs1026750
chr15	94699329	rs1026751
chr15	94702056	rs16949383
chr15	94702686	rs6496033
chr15	94702937	rs12912302
chr15	94702987	rs8039311
chr15	94704006	rs7162031
chr15	94704989	rs16949386
chr15	94705132	rs11631305
chr15	94706242	rs16949391
chr15	94706911	rs7181182
chr15	94707591	rs7164271
chr15	94707745	rs17633190
chr15	94709704	rs4247083
chr15	94711742	rs12442763
chr15	94711948	rs4577027
chr15	94712673	rs2127247
chr15	94713530	rs12591792
chr15	94714049	rs2388779
chr15	94715012	rs11637906
chr15	94715370	rs11855116
chr15	94715803	rs17633290
chr15	94715937	rs8041855
chr15	94716564	rs12901421
chr15	94716652	rs2199722
chr15	94716942	rs4984405
chr15	94717661	rs7172116
chr15	94717718	rs2388880
chr15	94718777	rs2169933
chr15	94719310	rs10520762
chr15	94719978	rs17664293
chr15	94720380	rs17731819
chr15	94721783	rs11073381
chr15	94723581	rs8036171
chr15	94724254	rs7181659
chr15	94724440	rs17664335
chr15	94725265	rs4984406
chr15	94727238	rs7173947
chr15	94727614	rs10520763
chr15	94728149	rs11633626
chr15	94728921	rs10520764
chr15	94730844	rs17633536
chr15	94731048	rs11073382
chr15	94731120	rs11073383
chr15	94731577	rs17664406
chr15	94734031	rs716591
chr15	94734799	rs11631109
chr15	94735953	rs936566
chr15	94736683	rs17732039
chr15	94736792	rs899459
chr15	94738677	rs17552225
chr15	94739038	rs9920469
chr15	94739228	rs11853704
chr15	94740138	rs2388881
chr15	94740932	rs9919995
chr15	94742041	rs13380338
chr15	94742860	rs1109440
chr15	94743099	rs11073384
chr15	94743821	rs881913
chr15	94744306	rs7175694
chr15	94745686	rs16949445
chr15	94746444	rs752033
chr15	94746706	rs752032
chr15	94746743	rs12901206
chr15	94749471	rs12917283
chr15	94750649	rs8030354
chr15	94753718	rs4350529
chr15	94760839	rs8036382
chr15	94761258	rs13329177
chr15	94764900	rs1020987
chr15	94765613	rs2219816
chr15	94766646	rs11638646
chr15	94766737	rs17633933
chr15	94768842	rs12906962
chr15	94769846	rs12442726
chr15	94770377	rs16949491
chr15	94770563	rs12440239
chr15	94770720	rs12440283
chr15	94771306	rs11073387
chr15	94771410	rs8037584
chr15	94771790	rs12595258
chr15	94773214	rs2199734
chr15	94773353	rs2199733
chr15	94773364	rs2199732
chr15	94773753	rs2061879
chr15	94775357	rs17664713
chr15	94775998	rs11073388
chr15	94777905	rs2388883
chr15	94779392	rs2199730
chr15	94780365	rs2388884
chr15	94782259	rs12441398
chr15	94784866	rs12443304
chr15	94786479	rs7173525
chr15	94786825	rs17552711
chr15	94789308	rs7169747
chr15	94790530	rs12442336
chr15	94792627	rs11073390
chr15	94793605	rs7174194
chr15	94802365	rs965551
chr15	94803164	rs962854
chr15	94816306	rs2218688
chr15	94818558	rs8037351
chr15	94819237	rs10152812
chr15	94819344	rs12050706
chr15	94819600	rs10152970
chr15	94822315	rs7167283
chr15	94822739	rs6496045
chr15	94823233	rs4984479
chr15	94823569	rs4984492
chr15	94827734	rs1375227
chr15	94827915	rs4414444
chr15	94828413	rs1584419
chr15	94830144	rs11636030
chr15	94833429	rs17552981
chr15	94835014	rs6496047
chr15	94839034	rs10520769
chr15	94843214	rs4491457
chr15	94845722	rs8039237
chr15	94845825	rs6496052
chr15	94852705	rs4984566
chr15	94854125	rs28718935
chr15	94857807	rs12439498
chr15	94862456	rs8034990
chr15	94867876	rs8024991
chr15	94869550	rs17665080
chr15	94869926	rs11073398
chr15	94870708	rs12443263
chr15	94872043	rs12232345
chr15	94874527	rs1448629
chr15	94881402	rs4984590
chr15	94881980	rs1002515
chr15	94887736	rs1448646
chr15	94890618	rs8034994
chr15	94891478	rs1375224
chr15	94894224	rs766233
chr15	94895232	rs2388888
chr15	94896514	rs12591805
chr15	94896946	rs4984602
chr15	94900685	rs8032912
chr15	94901704	rs4984603
chr15	94905185	rs16949665
chr15	94906902	rs1448642
chr15	94909463	rs11631949
chr15	94912589	rs4984457
chr15	94917399	rs17733074
chr15	94917824	rs935632
chr15	94918906	rs4306453
chr15	94922202	rs6496067
chr15	94922220	rs6496068
chr15	94923233	rs11630913
chr15	94924732	rs2029055
chr15	94925956	rs16949674
chr15	94926496	rs4459502
chr15	94927831	rs6496069
chr15	94929916	rs4281667
chr15	94930263	rs4283178
chr15	94930906	rs17553708
chr15	94935684	rs2084470
chr15	94936430	rs8037155
chr15	94940149	rs11637458
chr15	94943823	rs12437784
chr15	94947251	rs1584418
chr15	94953503	rs12050609
chr15	94954635	rs11073408
chr15	94955924	rs11073409
chr15	94956933	rs8029903
chr15	94957423	rs11637613
chr15	94960989	rs8032821
chr15	94966715	rs1031644
chr15	94968244	rs7165620
chr15	94968608	rs6496074
chr15	94970467	rs17635194
chr15	94971173	rs17635206
chr15	94971337	rs6496076
chr15	94972628	rs11073412
chr15	94973247	rs7163584
chr15	94974171	rs8026813
chr15	94974586	rs17553945
chr15	94979775	rs2397382
chr15	94980711	rs4586380
chr15	94980945	rs1457853
chr15	94981706	rs967064
chr15	94988622	rs1457850
chr15	94990457	rs7170871
chr15	94991913	rs6496078
chr15	94994207	rs7171712
chr15	94994297	rs7176424
chr15	94995869	rs6496080
chr15	94996129	rs7183642
chr15	94997451	rs17635372
chr15	94998389	rs9920854
chr15	94999626	rs10152177
chr15	95000855	rs12905555
chr15	95001628	rs1471151
chr15	95002989	rs7172063
chr15	95003468	rs1471150
chr15	95004554	rs1563649
chr15	95007040	rs8036547
chr15	95007491	rs1457846
chr15	95008272	rs1457844
chr15	95009230	rs985135
chr15	95010409	rs7342663
chr15	95014284	rs12903810
chr15	95024248	rs1870252
chr15	95024442	rs897951
chr15	95030010	rs8025525
chr15	95032851	rs1026453
chr15	95033867	rs4482229
chr15	95035062	rs1563651
chr15	95035210	rs1563652
chr15	95039269	rs7170407
chr15	95044774	rs8031253
chr15	95047940	rs6496085
chr15	95049219	rs7172770
chr15	95050494	rs2198997
chr15	95051050	rs12900378
chr15	95056150	rs2168791
chr15	95065892	rs11635863
chr15	95066674	rs9989308
chr15	95067782	rs1870301
chr15	95071963	rs16949722
chr15	95072557	rs291028
chr15	95074962	rs17554431
chr15	95077798	rs291027
chr15	95079506	rs11858030
chr15	95082979	rs12148542
chr15	95088266	rs2125179
chr15	95090245	rs11073416
chr15	95093920	rs291030
chr15	95099447	rs2894895
chr15	95103965	rs7176341
chr15	95104566	rs11073418
chr15	95111312	rs8030430
chr15	95119290	rs1471169
chr15	95119842	rs17554628
chr15	95119863	rs11073419
chr15	95119945	rs11073420
chr15	95120384	rs898001
chr15	95122948	rs2125311
chr15	95123913	rs7169990
chr15	95125133	rs9646221
chr15	95125174	rs12594904
chr15	95125727	rs12148851
chr15	95127577	rs1458251
chr15	95128183	rs7172421
chr15	95128826	rs7177791
chr15	95130773	rs11635926
chr15	95132959	rs1458250
chr15	95135265	rs17733968
chr15	95136910	rs920902
chr15	95136985	rs1674012
chr15	95137343	rs2120811
chr15	95139444	rs290639
chr15	95140161	rs1444859
chr15	95140418	rs290640
chr15	95140998	rs290641
chr15	95142042	rs290673
chr15	95142410	rs290674
chr15	95142482	rs10520771
chr15	95145840	rs169712
chr15	95147259	rs186014
chr15	95147480	rs9920011
chr15	95152973	rs12593543
chr15	95157276	rs188324
chr15	95158455	rs8038195
chr15	95159537	rs290685
chr15	95160808	rs12101936
chr15	95165104	rs12595826
chr15	95167021	rs7172679
chr15	95167521	rs7177948
chr15	95168456	rs8023259
chr15	95168772	rs8024179
chr15	95173181	rs8038671
chr15	95182205	rs290651
chr15	95190280	rs290660
chr15	95190985	rs290662
chr15	95193053	rs176656
chr15	95195412	rs290668
chr15	95196151	rs290670
chr15	95196895	rs7163735
chr15	95198166	rs7171611
chr15	95201270	rs7182677
chr15	95207112	rs2218461
chr15	95210055	rs290367
chr15	95210519	rs1947954
chr15	95210724	rs290369
chr15	95212132	rs10520774
chr15	95214199	rs158512
chr15	95214954	rs16949847
chr15	95217879	rs290371
chr15	95219170	rs290375
chr15	95225804	rs1351715
chr15	95228595	rs16949858
chr15	95232815	rs1872044
chr15	95232871	rs1444856
chr15	95235644	rs1596659
chr15	95236227	rs4984443
chr15	95237379	rs7177349
chr15	95240277	rs4536415
chr15	95241967	rs1444857
chr15	95243543	rs11073423
chr15	95246573	rs16949872
chr15	95247391	rs11634328
chr15	95249713	rs8034495
chr15	95250454	rs8040230
chr15	95251861	rs7176538
chr15	95252098	rs11632805
chr15	95252536	rs725250
chr15	95253130	rs1444858
chr15	95255114	rs1822809
chr15	95258760	rs4420482
chr15	95260653	rs17667193
chr15	95262905	rs1444860
chr15	95263322	rs16974971
chr15	95265901	rs957703
chr15	95271310	rs16974991
chr15	95271681	rs8030304
chr15	95272123	rs12904645
chr15	95272259	rs17636525
chr15	95272807	rs2397457
chr15	95276632	rs12911548
chr15	95281199	rs748095
chr15	95281708	rs2397459
chr15	95282505	rs7181841
chr15	95283568	rs10520775
chr15	95284697	rs4482230
chr15	95285476	rs12912439
chr15	95297517	rs7167022
chr15	95299648	rs12439860
chr15	95299660	rs41479446
chr15	95302501	rs13329115
chr15	95303229	rs6496101
chr15	95305551	rs1444862
chr15	95308656	rs28653195
chr15	95309022	rs2120812
chr15	95312430	rs11857159
chr15	95312953	rs7173780
chr15	95313389	rs746576
chr15	95319178	rs6496102
chr15	95320135	rs7174577
chr15	95323715	rs2128759
chr15	95326735	rs12593526
chr15	95327748	rs8028304
chr15	95329211	rs4553580
chr15	95330331	rs1994146
chr15	95332043	rs8042730
chr15	95335267	rs12324403
chr15	95339617	rs12148103
chr15	95340655	rs12906526
chr15	95340984	rs12907040
chr15	95344835	rs16975040
chr15	95345040	rs16975043
chr15	95345242	rs7163985
chr15	95347307	rs11855194
chr15	95347807	rs12917064
chr15	95349936	rs1021152
chr15	95350225	rs1483298
chr15	95351382	rs16975070
chr15	95352927	rs1483299
chr15	95357243	rs16975075
chr15	95360213	rs17556113
chr15	95360835	rs17637117
chr15	95361935	rs922910
chr15	95362060	rs922911
chr15	95362626	rs4614672
chr15	95363040	rs4984446
chr15	95368887	rs8041060
chr15	95371245	rs8026295
chr15	95373771	rs8039182
chr15	95376610	rs17735195
chr15	95377962	rs4984575
chr15	95381827	rs17637283
chr15	95384499	rs10520778
chr15	95384593	rs10520779
chr15	95389403	rs8038720
chr15	95396422	rs11858528
chr15	95397582	rs12901265
chr15	95398719	rs7171955
chr15	95399236	rs11853931
chr15	95399578	rs11854590
chr15	95402860	rs12323993
chr15	95408137	rs4984576
chr15	95409612	rs1834207
chr15	95409726	rs11629709
chr15	95410038	rs12900029
chr15	95411230	rs1559572
chr15	95413054	rs1364561
chr15	95415426	rs7168315
chr15	95416035	rs1424743
chr15	95419807	rs4984577
chr15	95425845	rs9672727
chr15	95432519	rs11629797
chr15	95432756	rs11635173
chr15	95438215	rs17490579
chr15	95438372	rs17568691
chr15	95439850	rs17568712
chr15	95439925	rs17490690
chr15	95441526	rs7163852
chr15	95443821	rs6496105
chr15	95444977	rs1978525
chr15	95445028	rs1978524
chr15	95449475	rs4984580
chr15	95451202	rs1424741
chr15	95453764	rs11634668
chr15	95454193	rs11634763
chr15	95456500	rs17491052
chr15	95459403	rs1991147
chr15	95459897	rs2052652
chr15	95463287	rs1834206
chr15	95465302	rs10520780
chr15	95466846	rs12593976
chr15	95470867	rs7170640
chr15	95470914	rs7170668
chr15	95471854	rs10162686
chr15	95474316	rs10520785
chr15	95475348	rs1345957
chr15	95480265	rs2052650
chr15	95480714	rs17569997
chr15	95480826	rs12595031
chr15	95482082	rs7172133
chr15	95485385	rs1834205
chr15	95485764	rs16975249
chr15	95486482	rs10520786
chr15	95487991	rs1364558
chr15	95488331	rs9920389
chr15	95489447	rs1424740
chr15	95489662	rs10520798
chr15	95491373	rs16975262
chr15	95492503	rs11857715
chr15	95495509	rs7171363
chr15	95495903	rs7171654
chr15	95497049	rs17576986
chr15	95497223	rs17577014
chr15	95498113	rs3803493
chr15	95498514	rs17492765
chr15	95499307	rs17492800
chr15	95500193	rs17577252
chr15	95502592	rs17492912
chr15	95503327	rs16975275
chr15	95506048	rs8039277
chr15	95506447	rs17493093
chr15	95507653	rs1946310
chr15	95509255	rs933771
chr15	95509342	rs4984587
chr15	95509493	rs933770
chr15	95509513	rs933769
chr15	95514752	rs3909565
chr15	95520420	rs9920471
chr15	95520690	rs17493567
chr15	95527058	rs12101666
chr15	95527557	rs7183903
chr15	95527724	rs6496116
chr15	95528592	rs7167594
chr15	95531613	rs12594906
chr15	95532324	rs1834212
chr15	95535510	rs8038478
chr15	95538203	rs6496120
chr15	95544299	rs7180301
chr15	95546348	rs12438417
chr15	95546552	rs9672499
chr15	95547516	rs8036454
chr15	95548538	rs7182098
chr15	95548759	rs12916488
chr15	95548800	rs8042345
chr15	95549503	rs1834210
chr15	95549832	rs10852038
chr15	95549881	rs1968285
chr15	95550144	rs7167449
chr15	95550536	rs17501032
chr15	95550698	rs17501060
chr15	95551478	rs1968284
chr15	95553545	rs1834208
chr15	95553676	rs7181087
chr15	95554921	rs4984592
chr15	95555210	rs11635339
chr15	95556634	rs3887106
chr15	95557580	rs9921001
chr15	95557694	rs7183500
chr15	95561639	rs6496124
chr15	95562773	rs1344583
chr15	95562936	rs16973973
chr15	95565624	rs10520787
chr15	95566250	rs4258562
chr15	95569640	rs2397807
chr15	95570146	rs9920970
chr15	95572392	rs12050757
chr15	95575728	rs10468114
chr15	95576651	rs2397816
chr15	95578606	rs16975363
chr15	95578715	rs8041896
chr15	95579177	rs7183355
chr15	95581217	rs2894960
chr15	95582819	rs4447376
chr15	95582940	rs8035055
chr15	95583185	rs10520788
chr15	95583388	rs2397805
chr15	95588381	rs8029103
chr15	95590265	rs2397811
chr15	95590705	rs8039954
chr15	95592748	rs6496125
chr15	95593090	rs17580697
chr15	95594025	rs4580104
chr15	95594679	rs4581667
chr15	95597344	rs16975381
chr15	95598638	rs10520789
chr15	95600330	rs41374846
chr15	95601869	rs8035878
chr15	95603185	rs17581137
chr15	95605807	rs16975387
chr15	95607361	rs2397808
chr15	95607811	rs10520790
chr15	95608685	rs10520792
chr15	95613139	rs4321143
chr15	95615656	rs7163129
chr15	95615765	rs11073440
chr15	95618487	rs12595580
chr15	95618514	rs12593084
chr15	95619197	rs16975408
chr15	95619929	rs16973982
chr15	95620283	rs7170179
chr15	95621061	rs6496127
chr15	95624598	rs4544201
chr15	95626215	rs2397819
chr15	95629095	rs4561414
chr15	95632819	rs8040298
chr15	95633073	rs13379908
chr15	95634577	rs16975446
chr15	95635794	rs2397804
chr15	95636161	rs2006950
chr15	95638809	rs10852040
chr15	95639140	rs7175422
chr15	95640239	rs16975468
chr15	95640470	rs4984595
chr15	95640718	rs11852498
chr15	95640785	rs7163576
chr15	95641698	rs11073443
chr15	95643398	rs12906267
chr15	95643502	rs12906005
chr15	95644576	rs17504636
chr15	95646322	rs1807898
chr15	95647225	rs1867046
chr15	95647253	rs10520797
chr15	95647302	rs4497633
chr15	95647426	rs1442418
chr15	95649117	rs16973991
chr15	95649945	rs16975485
chr15	95651340	rs6496130
chr15	95653165	rs7173276
chr15	95653304	rs1372641
chr15	95654028	rs8040452
chr15	95655159	rs12440690
chr15	95655771	rs8031294
chr15	95655902	rs12904783
chr15	95656063	rs12906287
chr15	95657201	rs7176736
chr15	95657294	rs7180933
chr15	95657802	rs10520799
chr15	95661758	rs4984451
chr15	95661775	rs7174077
chr15	95663659	rs12440903
chr15	95664433	rs4984601
chr15	95666125	rs11854579
chr15	95666748	rs16975515
chr15	95669104	rs7173883
chr15	95673897	rs16975518
chr15	95674159	rs8033029
chr15	95674602	rs6496132
chr15	95674797	rs11858005
chr15	95674946	rs12595226
chr15	95681992	rs4247092
chr15	95682897	rs12438895
chr15	95683065	rs11073446
chr15	95690153	rs4984452
chr15	95691940	rs17506039
chr15	95692348	rs972265
chr15	95702264	rs2575439
chr15	95705400	rs2575440
chr15	95706950	rs2012110
chr15	95710014	rs17506333
chr15	95712304	rs16975547
chr15	95713391	rs2575414
chr15	95714474	rs16975550
chr15	95716251	rs2639190
chr15	95718661	rs2639191
chr15	95720753	rs2567446
chr15	95722415	rs1369941
chr15	95723040	rs2567444
chr15	95724286	rs4984604
chr15	95731241	rs12324270
chr15	95733287	rs2567440
chr15	95734164	rs2575432
chr15	95740166	rs2639193
chr15	95740470	rs8042942
chr15	95742400	rs7162250
chr15	95747231	rs2575415
chr15	95751554	rs2584229
chr15	95751875	rs8025900
chr15	95753821	rs16975590
chr15	95757674	rs2163506
chr15	95761360	rs2567433
chr15	95764129	rs16975603
chr15	95765718	rs16975605
chr15	95768030	rs2639198
chr15	95771388	rs1968408
chr15	95773228	rs1541995
chr15	95781906	rs11073449
chr15	95782414	rs11856995
chr15	95785876	rs12441195
chr15	95787410	rs2584235
chr15	95788117	rs11858405
chr15	95789632	rs2567426
chr15	95791848	rs11852366
chr15	95798535	rs16975644
chr15	95798620	rs2567458
chr15	95800606	rs16975649
chr15	95800746	rs16975650
chr15	95800955	rs1369945
chr15	95801348	rs2639172
chr15	95801846	rs2639175
chr15	95806697	rs1369944
chr15	95815423	rs2397972
chr15	95823475	rs2567452
chr15	95824877	rs2575423
chr15	95825735	rs11856179
chr15	95829400	rs744738
chr15	95829680	rs16975687
chr15	95835308	rs2639183
chr15	95836694	rs16975700
chr15	95841515	rs2639185
chr15	95846066	rs8040753
chr15	95854548	rs2575425
chr15	95857308	rs748666
chr15	95859085	rs1369943
chr15	95860081	rs2639187
chr15	95861319	rs16975725
chr15	95862566	rs2575426
chr15	95865247	rs16975729
chr15	95866374	rs12592796
chr15	95866565	rs16975740
chr15	95867033	rs8039509
chr15	95867374	rs16975744
chr15	95867460	rs16975746
chr15	95867725	rs16975747
chr15	95876015	rs764761
chr15	95879332	rs9989352
chr15	95880209	rs17588270
chr15	95881170	rs4984460
chr15	95881682	rs6496139
chr15	95882810	rs17588404
chr15	95885631	rs896070
chr15	95887405	rs725213
chr15	95889217	rs16975766
chr15	95889683	rs12438237
chr15	95896250	rs1450494
chr15	95897024	rs955643
chr15	95898159	rs949745
chr15	95903322	rs16975785
chr15	95903350	rs12440046
chr15	95903664	rs11858431
chr15	95905660	rs12438658
chr15	95906220	rs4321148
chr15	95908240	rs7162291
chr15	95908815	rs6496140
chr15	95917475	rs17517092
chr15	95921767	rs8042185
chr15	95922737	rs16975798
chr15	95923097	rs2084608
chr15	95923707	rs4430696
chr15	95925157	rs1901139
chr15	95929398	rs4984464
chr15	95930166	rs7168486
chr15	95931562	rs10520802
chr15	95932144	rs10520803
chr15	95934992	rs11852755
chr15	95935995	rs16975846
chr15	95936117	rs16975849
chr15	95938127	rs6496141
chr15	95949234	rs921352
chr15	95951403	rs16975866
chr15	95951897	rs1450490
chr15	95955487	rs16975868
chr15	95963380	rs6496143
chr15	95967275	rs16975874
chr15	95969621	rs12908007
chr15	95969945	rs1562812
chr15	95974646	rs8031975
chr15	95975755	rs958856
chr15	95975881	rs4984470
chr15	95976903	rs8024714
chr15	95984524	rs1450491
chr15	95985116	rs12592953
chr15	95986797	rs16975932
chr15	95987575	rs17591838
chr15	95987651	rs16975933
chr15	95987788	rs16975935
chr15	95988141	rs17519963
chr15	95990228	rs4984473
chr15	95993830	rs3886173
chr15	95993852	rs4319717
chr15	95999845	rs4984419
chr15	96002533	rs12441889
chr15	96008630	rs16975938
chr15	96009023	rs1450496
chr15	96009377	rs7496154
chr15	96009462	rs1450495
chr15	96011056	rs16975951
chr15	96011426	rs12101514
chr15	96011763	rs8034165
chr15	96013304	rs4984475
chr15	96017558	rs10520804
chr15	96019904	rs10852042
chr15	96020083	rs7179707
chr15	96020586	rs17592581
chr15	96020828	rs6496145
chr15	96021492	rs16975959
chr15	96021602	rs1026176
chr15	96023315	rs16975960
chr15	96024202	rs16975965
chr15	96028350	rs7180889
chr15	96029913	rs10520805
chr15	96029938	rs11852702
chr15	96031684	rs11635327
chr15	96031815	rs10520806
chr15	96033986	rs2122521
chr15	96034512	rs11639486
chr15	96034986	rs12899075
chr15	96035231	rs4439713
chr15	96037357	rs2044800
chr15	96038507	rs964330
chr15	96040404	rs981923
chr15	96040504	rs11073455
chr15	96040589	rs17521464
chr15	96041799	rs6496147
chr15	96042138	rs1450484
chr15	96045711	rs6496149
chr15	96048026	rs8027673
chr15	96048945	rs7173171
chr15	96049125	rs10468115
chr15	96050105	rs12914967
chr15	96051089	rs7163466
chr15	96051289	rs7180998
chr15	96052716	rs11856206
chr15	96055942	rs4984485
chr15	96056723	rs6496151
chr15	96059907	rs12900632
chr15	96060371	rs16976032
chr15	96060665	rs7170551
chr15	96060961	rs4313763
chr15	96061852	rs9806209
chr15	96061918	rs7167272
chr15	96062992	rs8034150
chr15	96063140	rs8033463
chr15	96064223	rs4984491
chr15	96064875	rs11629627
chr15	96064908	rs11629694
chr15	96065730	rs8029545
chr15	96066592	rs4349098
chr15	96067941	rs4375615
chr15	96068879	rs16976057
chr15	96070216	rs11854024
chr15	96072232	rs4984493
chr15	96073277	rs4526971
chr15	96073899	rs4076653
chr15	96075482	rs11857708
chr15	96075505	rs10744969
chr15	96076287	rs8041324
chr15	96076628	rs4984494
chr15	96081034	rs8024569
chr15	96082948	rs4374122
chr15	96086422	rs8027880
chr15	96094214	rs7171368
chr15	96094340	rs7174546
chr15	96097093	rs7166321
chr15	96099756	rs7494919
chr15	96099954	rs12899387
chr15	96101236	rs7169450
chr15	96102156	rs1036520
chr15	96102181	rs1036519
chr15	96102743	rs7170032
chr15	96102971	rs1036517
chr15	96103249	rs7176084
chr15	96103522	rs10852043
chr15	96103569	rs12595032
chr15	96104537	rs10520808
chr15	96105019	rs10520809
chr15	96105718	rs12902643
chr15	96106000	rs4329873
chr15	96106639	rs10520810
chr15	96107388	rs12912893
chr15	96107498	rs8038717
chr15	96107783	rs8039726
chr15	96107960	rs10520811
chr15	96109020	rs12901140
chr15	96112159	rs4984422
chr15	96113097	rs1437591
chr15	96121478	rs10520813
chr15	96121641	rs10520814
chr15	96121899	rs7178874
chr15	96122356	rs35576280
chr15	96122459	rs7162094
chr15	96123237	rs11629846
chr15	96124350	rs8034985
chr15	96125205	rs755391
chr15	96126584	rs7165650
chr15	96127379	rs4500672
chr15	96128211	rs981226
chr15	96129630	rs7162174
chr15	96132349	rs1550234
chr15	96133300	rs17524590
chr15	96137973	rs11633603
chr15	96138888	rs12899997
chr15	96141320	rs1036521
chr15	96141777	rs12906210
chr15	96141863	rs12907607
chr15	96142876	rs7178126
chr15	96144127	rs4386090
chr15	96144173	rs4547286
chr15	96145141	rs766716
chr15	96148422	rs4984505
chr15	96150573	rs12593344
chr15	96151285	rs12912030
chr15	96155245	rs727896
chr15	96155385	rs727895
chr15	96157355	rs7170868
chr15	96160144	rs1007328
chr15	96162171	rs1007251
chr15	96162495	rs4984425
chr15	96166897	rs16976295
chr15	96170111	rs12441559
chr15	96176000	rs8034595
chr15	96177339	rs980169
chr15	96178522	rs8030759
chr15	96180219	rs11638313
chr15	96181132	rs1816629
chr15	96181814	rs961229
chr15	96182600	rs8023731
chr15	96184934	rs4984516
chr15	96185184	rs10162963
chr15	96185223	rs10162971
chr15	96185266	rs10163091
chr15	96185292	rs11073466
chr15	96185628	rs2278510
chr15	96185847	rs2278508
chr15	96186057	rs1542015
chr15	96186699	rs8026207
chr15	96190756	rs12904887
chr15	96191718	rs2577022
chr15	96194640	rs2438139
chr15	96195335	rs11858407
chr15	96199352	rs2589232
chr15	96203171	rs1107227
chr15	96209203	rs8023713
chr15	96209712	rs2577000
chr15	96210925	rs2577001
chr15	96214248	rs2589228
chr15	96214353	rs2577025
chr15	96215769	rs2438138
chr15	96216888	rs4984524
chr15	96217775	rs7162534
chr15	96218670	rs2576996
chr15	96218929	rs1437581
chr15	96219066	rs2589227
chr15	96219146	rs4984525
chr15	96219288	rs2576997
chr15	96221056	rs1866093
chr15	96221104	rs1866094
chr15	96221555	rs725064
chr15	96222760	rs2246620
chr15	96224083	rs2246754
chr15	96224378	rs1992142
chr15	96225503	rs2440684
chr15	96225776	rs2589223
chr15	96227303	rs11631414
chr15	96232329	rs7167270
chr15	96232439	rs7167466
chr15	96232765	rs1437585
chr15	96233086	rs1437584
chr15	96233467	rs1437583
chr15	96236068	rs2438135
chr15	96236582	rs2577018
chr15	96236686	rs2589219
chr15	96237338	rs2577017
chr15	96237835	rs2577016
chr15	96237859	rs2577015
chr15	96237899	rs2577014
chr15	96239254	rs1964412
chr15	96240377	rs11637078
chr15	96244532	rs2243691
chr15	96244713	rs2577011
chr15	96244793	rs11856264
chr15	96245951	rs11636833
chr15	96246574	rs7178441
chr15	96247065	rs7180368
chr15	96247180	rs2589254
chr15	96251408	rs2589252
chr15	96252836	rs2440686
chr15	96252979	rs2589251
chr15	96253031	rs2577002
chr15	96253531	rs2589250
chr15	96253718	rs1866095
chr15	96254218	rs2589248
chr15	96260000	rs2589244
chr15	96260251	rs2577008
chr15	96262413	rs8028016
chr15	96263187	rs4984530
chr15	96263418	rs11857420
chr15	96266553	rs1437588
chr15	96267638	rs2589238
chr15	96269447	rs4564524
chr15	96270018	rs2252024
chr15	96273352	rs7180721
chr15	96274238	rs7182413
chr15	96284957	rs8033891
chr15	96287321	rs2398162
chr15	96287650	rs8030202
chr15	96289329	rs8040849
chr15	96292052	rs11073473
chr15	96294547	rs12906150
chr15	96295840	rs11073474
chr15	96296956	rs4984430
chr15	96298295	rs7173576
chr15	96299011	rs12909528
chr15	96299040	rs12909542
chr15	96300776	rs6496165
chr15	96300855	rs4984533
chr15	96301498	rs7181753
chr15	96305005	rs6496166
chr15	96307921	rs4984432
chr15	96312972	rs12594909
chr15	96314392	rs12440642
chr15	96319940	rs2398180
chr15	96322041	rs3743466
chr15	96323091	rs4335732
chr15	96324399	rs8032559
chr15	96327588	rs3743462
chr15	96329983	rs3809557
chr15	96335065	rs1807198
chr15	96335208	rs2001192
chr15	96340092	rs11045
chr15	96342024	rs4384562
chr15	96343699	rs7179522
chr15	96347876	rs12443395
chr15	96348665	rs7495507
chr15	96354937	rs12907625
chr15	96356598	rs745136
chr15	96357474	rs4398080
chr15	96367211	rs8031676
chr15	96367910	rs4984541
chr15	96370207	rs1437757
chr15	96370544	rs12906364
chr15	96371721	rs12148157
chr15	96372907	rs12172832
chr15	96374570	rs11634785
chr15	96375067	rs11073479
chr15	96375634	rs9920331
chr15	96376313	rs9920614
chr15	96377719	rs12595650
chr15	96378858	rs12902188
chr15	96384690	rs12905837
chr15	96384885	rs1437753
chr15	96386438	rs12916853
chr15	96387964	rs934781
chr15	96388365	rs1837119
chr15	96388747	rs7496591
chr15	96388987	rs2008780
chr15	96389218	rs10852049
chr15	96391516	rs12594623
chr15	96391820	rs8034687
chr15	96393144	rs3812941
chr15	96396854	rs7182314
chr15	96397393	rs12438079
chr15	96400917	rs1437772
chr15	96403645	rs8032343
chr15	96403975	rs4984436
chr15	96405005	rs1437767
chr15	96405132	rs1437768
chr15	96406842	rs2028197
chr15	96410862	rs7170620
chr15	96411765	rs8026716
chr15	96417066	rs12909769
chr15	96418510	rs7164692
chr15	96419938	rs10152557
chr15	96424558	rs11631027
chr15	96425534	rs11854261
chr15	96425904	rs12592567
chr15	96427728	rs12593910
chr15	96428687	rs10162920
chr15	96432638	rs2118405
chr15	96434533	rs7176150
chr15	96434891	rs9806552
chr15	96439394	rs8024494
chr15	96440279	rs11856664
chr15	96445427	rs8029518
chr15	96449595	rs8031224
chr15	96450036	rs8032100
chr15	96451956	rs8033349
chr15	96453868	rs1437773
chr15	96460239	rs9989335
chr15	96462576	rs1437759
chr15	96463411	rs11856825
chr15	96466673	rs1036531
chr15	96466906	rs1036532
chr15	96467468	rs1437761
chr15	96467726	rs1437763
chr15	96469655	rs1898532
chr15	96473720	rs934782
chr15	96474507	rs9673104
chr15	96475245	rs7168357
chr15	96484713	rs4530093
chr15	96487622	rs2028200
chr15	96487912	rs12438146
chr15	96489899	rs4984440
chr15	96492856	rs8037252
chr15	96492922	rs8037286
chr15	96496617	rs11858294
chr15	96498305	rs4984549
chr15	96500146	rs8036036
chr15	96500759	rs1437755
chr15	96502762	rs8042815
chr15	96506755	rs1370555
chr15	96520127	rs6496173
chr15	96521304	rs2398227
chr15	96528369	rs1036529
chr15	96528521	rs11073497
chr15	96532778	rs2955034
chr15	96534473	rs2164810
chr15	96536103	rs2083117
chr15	96536669	rs7163206
chr15	96540694	rs1009132
chr15	96541956	rs7162183
chr15	96542056	rs12148530
chr15	96542201	rs8023744
chr15	96543838	rs4448900
chr15	96544483	rs4965149
chr15	96545389	rs12440718
chr15	96545455	rs11073498
chr15	96548281	rs12916220
chr15	96549424	rs12902304
chr15	96555950	rs35402656
chr15	96560257	rs2955032
chr15	96566273	rs2049167
chr15	96569620	rs1464444
chr15	96574758	rs2177043
chr15	96578959	rs8043388
chr15	96579916	rs8029613
chr15	96583028	rs12442332
chr15	96587139	rs11638543
chr15	96593569	rs4378587
chr15	96603628	rs12148552
chr15	96603653	rs12900737
chr15	96614255	rs8038026
chr15	96615819	rs7164064
chr15	96617546	rs12910760
chr15	96618330	rs4415973
chr15	96618902	rs13380379
chr15	96626275	rs4547302
chr15	96626350	rs12910181
chr15	96626769	rs12910872
chr15	96629022	rs7167134
chr15	96635595	rs7177158
chr15	96636236	rs7178323
chr15	96641801	rs11855463
chr15	96644827	rs2139952
chr15	96645596	rs12898753
chr15	96649106	rs12915782
chr15	96651238	rs7172361
chr15	96652744	rs11857378
chr15	96657498	rs9920948
chr15	96658186	rs4335743
chr15	96658603	rs12902991
chr15	96660423	rs11858104
chr15	96662911	rs7181180
chr15	96663351	rs7163690
chr15	96663527	rs1521571
chr15	96670276	rs12899282
chr15	96675528	rs4508392
chr15	96679270	rs7164157
chr15	96682531	rs4255753
chr15	96683332	rs4453438
chr15	96688319	rs4965050
chr15	96691148	rs8039391
chr15	96696117	rs11853327
chr15	96696165	rs12904345
chr15	96699212	rs8026524
chr15	96703155	rs12593006
chr15	96703440	rs4965129
chr15	96704873	rs11856772
chr15	96706472	rs12443122
chr15	96707068	rs4548821
chr15	96707806	rs4567667
chr15	96709522	rs4246286
chr15	96714095	rs4246287
chr15	96716755	rs4558382
chr15	96716901	rs4586395
chr15	96720420	rs3884639
chr15	96726638	rs4436745
chr15	96734402	rs1948821
chr15	96737188	rs950231
chr15	96739862	rs2654529
chr15	96741280	rs2715803
chr15	96745581	rs2715792
chr15	96748500	rs2654534
chr15	96749820	rs12899484
chr15	96750695	rs11631170
chr15	96751003	rs2654535
chr15	96752454	rs2654536
chr15	96755114	rs4482248
chr15	96755216	rs2174155
chr15	96757965	rs7180888
chr15	96765358	rs2895446
chr15	96767263	rs8026955
chr15	96771795	rs4965133
chr15	96772835	rs12900931
chr15	96779494	rs1393884
chr15	96781344	rs12900367
chr15	96781888	rs3812906
chr15	96782964	rs4965136
chr15	96784163	rs3812907
chr15	96784823	rs1503340
chr15	96787860	rs12915633
chr15	96788485	rs1503341
chr15	96790123	rs12148259
chr15	96790580	rs8036994
chr15	96792444	rs12904369
chr15	96795716	rs7166083
chr15	96795741	rs12901788
chr15	96796264	rs6496186
chr15	96797433	rs7178064
chr15	96797743	rs7180205
chr15	96806680	rs8039595
chr15	96810128	rs7178548
chr15	96811150	rs6496188
chr15	96814837	rs2134596
chr15	96823885	rs4301994
chr15	96823947	rs4531703
chr15	96825969	rs12902051
chr15	96828198	rs7179800
chr15	96830222	rs1566767
chr15	96830522	rs1011474
chr15	96832688	rs7177031
chr15	96833534	rs7182555
chr15	96834610	rs12591757
chr15	96835609	rs1027688
chr15	96835637	rs3901588
chr15	96836983	rs12914059
chr15	96837670	rs7163534
chr15	96838393	rs1995463
chr15	96839172	rs12906258
chr15	96839339	rs12910323
chr15	96839890	rs8037895
chr15	96844096	rs12904121
chr15	96844442	rs8034493
chr15	96844478	rs8035569
chr15	96844700	rs8034570
chr15	96845130	rs12909975
chr15	96845164	rs12909831
chr15	96848472	rs9920697
chr15	96848609	rs9920706
chr15	96849292	rs8043535
chr15	96849323	rs8042199
chr15	96849761	rs8043463
chr15	96850653	rs1503342
chr15	96851148	rs12591839
chr15	96851386	rs10775237
chr15	96851514	rs10775238
chr15	96851533	rs8023650
chr15	96851596	rs6496190
chr15	96859061	rs4965140
chr15	96859884	rs12904162
chr15	96860397	rs12909347
chr15	96860693	rs8035259
chr15	96860817	rs12910002
chr15	96860963	rs7176899
chr15	96861151	rs7175774
chr15	96861402	rs12904748
chr15	96861458	rs6496191
chr15	96861598	rs12905077
chr15	96861891	rs11631447
chr15	96865493	rs8033568
chr15	96869618	rs8036324
chr15	96879677	rs7183318
chr15	96883135	rs983188
chr15	96885826	rs11856391
chr15	96893932	rs1014422
chr15	96903112	rs7175648
chr15	96906812	rs735981
chr15	96907016	rs758810
chr15	96912940	rs8042425
chr15	96921925	rs2159613
chr15	96924672	rs2191557
chr15	96924894	rs2191556
chr15	96925257	rs7162854
chr15	96926033	rs2215469
chr15	96927756	rs2191554
chr15	96927791	rs2191553
chr15	96928573	rs2215467
chr15	96931940	rs980551
chr15	96932027	rs992171
chr15	96932102	rs12232319
chr15	96932852	rs12442455
chr15	96933604	rs991144
chr15	96941965	rs7176205
chr15	96942867	rs2041434
chr15	96946803	rs1468627
chr15	96948385	rs1468626
chr15	96950309	rs2041433
chr15	96951584	rs8042394
chr15	96954291	rs8038642
chr15	96954806	rs2215471
chr15	96956075	rs1860620
chr15	96958570	rs12916428
chr15	96958767	rs8042176
chr15	96960611	rs2159620
chr15	96964465	rs1960222
chr15	96964999	rs4965146
chr15	96967832	rs7183675
chr15	96968117	rs7161896
chr15	96968175	rs10852058
chr15	96968220	rs7163644
chr15	96968948	rs8030324
chr15	96970820	rs8040262
chr15	96972068	rs11073513
chr15	96973890	rs11630458
chr15	96974212	rs12438086
chr15	96976191	rs1558390
chr15	96977000	rs12900387
chr15	96977961	rs8030082
chr15	96978142	rs1981686
chr15	96978707	rs4542626
chr15	96982977	rs1981685
chr15	96983130	rs8029799
chr15	96991888	rs11634085
chr15	96999935	rs234518
chr15	97001387	rs8026791
chr15	97003479	rs190183
chr15	97003633	rs234512
chr15	97005025	rs234510
chr15	97005921	rs4965065
chr15	97005991	rs234508
chr15	97007007	rs2429733
chr15	97007426	rs12916499
chr15	97009227	rs7168393
chr15	97009251	rs7171369
chr15	97009477	rs7173314
chr15	97010204	rs234545
chr15	97010453	rs234544
chr15	97012813	rs12595438
chr15	97013245	rs2535484
chr15	97013468	rs2670914
chr15	97013682	rs2535483
chr15	97014618	rs2670917
chr15	97016555	rs1588752
chr15	97018942	rs991757
chr15	97019528	rs1399066
chr15	97020048	rs1849648
chr15	97021241	rs2535468
chr15	97021398	rs12595609
chr15	97021905	rs2670926
chr15	97022202	rs2670927
chr15	97023482	rs12906298
chr15	97023539	rs12441726
chr15	97023590	rs2535467
chr15	97023624	rs12441820
chr15	97024683	rs2535466
chr15	97025747	rs1849649
chr15	97027427	rs12908520
chr15	97028311	rs234534
chr15	97029961	rs234530
chr15	97033274	rs2159616
chr15	97035853	rs12904901
chr15	97038640	rs7495335
chr15	97039816	rs234505
chr15	97040260	rs2670935
chr15	97040634	rs2670934
chr15	97041640	rs12442098
chr15	97041790	rs2670930
chr15	97043400	rs189247
chr15	97044317	rs234539
chr15	97045508	rs7176355
chr15	97047939	rs7350770
chr15	97050315	rs2159621
chr15	97050759	rs1558389
chr15	97051864	rs12440119
chr15	97060242	rs12438109
chr15	97061693	rs6496204
chr15	97062343	rs7171807
chr15	97066162	rs11636307
chr15	97066294	rs11637291
chr15	97066630	rs9806494
chr15	97069948	rs12438849
chr15	97073206	rs11073519
chr15	97073359	rs11852493
chr15	97079551	rs1849646
chr15	97084956	rs12442676
chr15	97085021	rs9972544
chr15	97086204	rs11852342
chr15	97086599	rs11853159
chr15	97087824	rs1877702
chr15	97090056	rs11635256
chr15	97090471	rs12905411
chr15	97094242	rs8032658
chr15	97095290	rs7181559
chr15	97100844	rs10152440
chr15	97101897	rs8025943
chr15	97107241	rs1996155
chr15	97128857	rs1355844
chr15	97131899	rs1513862
chr15	97133286	rs8037545
chr15	97139522	rs11853492
chr15	97143200	rs12913150
chr15	97144869	rs4965150
chr15	97146497	rs6496210
chr15	97151390	rs12912621
chr15	97152533	rs4965154
chr15	97156600	rs7165643
chr15	97157000	rs1513866
chr15	97159284	rs4965072
chr15	97162969	rs11073523
chr15	97163038	rs12906019
chr15	97163368	rs1996142
chr15	97163466	rs1513864
chr15	97163599	rs1513865
chr15	97163892	rs2399646
chr15	97165910	rs7167324
chr15	97166441	rs1513869
chr15	97166785	rs2219307
chr15	97168331	rs7162666
chr15	97170536	rs2045325
chr15	97171030	rs11073524
chr15	97176173	rs12185089
chr15	97177917	rs10047991
chr15	97179888	rs7179102
chr15	97184791	rs8035802
chr15	97189137	rs4965075
chr15	97189359	rs1398961
chr15	97189512	rs8023721
chr15	97190172	rs4965077
chr15	97198119	rs8033321
chr15	97198513	rs11854411
chr15	97199791	rs11073527
chr15	97200874	rs1869956
chr15	97209117	rs9920059
chr15	97212012	rs2168517
chr15	97214474	rs9920238
chr15	97214496	rs9920175
chr15	97215139	rs11073528
chr15	97216413	rs12442926
chr15	97216705	rs12439730
chr15	97218494	rs12441481
chr15	97220874	rs12915943
chr15	97221028	rs4965157
chr15	97227328	rs2399653
chr15	97231076	rs1869957
chr15	97231318	rs7183785
chr15	97232465	rs12591771
chr15	97232496	rs12594335
chr15	97237229	rs7172482
chr15	97239200	rs12440761
chr15	97239239	rs1877662
chr15	97242900	rs1513855
chr15	97245467	rs11857367
chr15	97248856	rs7169879
chr15	97249818	rs11073530
chr15	97250458	rs12443114
chr15	97254355	rs12907769
chr15	97255171	rs4965079
chr15	97255204	rs1456429
chr15	97255412	rs1563464
chr15	97255430	rs7180767
chr15	97255783	rs7180498
chr15	97256041	rs7181914
chr15	97258527	rs10468123
chr15	97260534	rs1968748
chr15	97263035	rs1017680
chr15	97263500	rs8035029
chr15	97264447	rs4965164
chr15	97264502	rs4965165
chr15	97264844	rs1869954
chr15	97265308	rs12900562
chr15	97265448	rs12900588
chr15	97265502	rs12900839
chr15	97277845	rs1456418
chr15	97285051	rs12910120
chr15	97288537	rs1378936
chr15	97288957	rs1456417
chr15	97296297	rs12591032
chr15	97305908	rs1456416
chr15	97311580	rs1378935
chr15	97316248	rs1011715
chr15	97317933	rs12899033
chr15	97319666	rs8035342
chr15	97320421	rs7179487
chr15	97322979	rs12440141
chr15	97326029	rs8038893
chr15	97331586	rs7182665
chr15	97341055	rs11073546
chr15	97345334	rs1869950
chr15	97347341	rs8043242
chr15	97350798	rs11633908
chr15	97353223	rs8041786
chr15	97354754	rs11636715
chr15	97357149	rs4133010
chr15	97358034	rs4609828
chr15	97367123	rs4965177
chr15	97367188	rs4965178
chr15	97369360	rs7165213
chr15	97372406	rs4965180
chr15	97377845	rs9788634
chr15	97379004	rs12148607
chr15	97380207	rs7174368
chr15	97380548	rs4277320
chr15	97381628	rs8034900
chr15	97382237	rs12910407
chr15	97385929	rs8038143
chr15	97388250	rs4132160
chr15	97390145	rs4275832
chr15	97390349	rs4281685
chr15	97391630	rs4432252
chr15	97395919	rs4451923
chr15	97396008	rs4555132
chr15	97396139	rs4432251
chr15	97396907	rs12595727
chr15	97397580	rs4076597
chr15	97398226	rs12903358
chr15	97399097	rs7175099
chr15	97399713	rs7179141
chr15	97401230	rs12901339
chr15	97403007	rs4408520
chr15	97403501	rs7170665
chr15	97404397	rs7176742
chr15	97406883	rs12903357
chr15	97407050	rs12904083
chr15	97412834	rs12441901
chr15	97420329	rs7177625
chr15	97422553	rs11073550
chr15	97423425	rs4357922
chr15	97424504	rs12905038
chr15	97427733	rs4128671
chr15	97429030	rs4641721
chr15	97429425	rs8038680
chr15	97439414	rs8025047
chr15	97444093	rs12324799
chr15	97447114	rs4297661
chr15	97447544	rs7180981
chr15	97449452	rs7170916
chr15	97451742	rs4286088
chr15	97454470	rs4450377
chr15	97455531	rs8035872
chr15	97457852	rs4465589
chr15	97463236	rs11630261
chr15	97463272	rs4965192
chr15	97468757	rs11638539
chr15	97470495	rs8030613
chr15	97473215	rs4584796
chr15	97480552	rs8038622
chr15	97482606	rs9672903
chr15	97487146	rs12595707
chr15	97488094	rs11630665
chr15	97489014	rs6496231
chr15	97490538	rs12899795
chr15	97490888	rs8024630
chr15	97495375	rs1354027
chr15	97496754	rs4965198
chr15	97497325	rs1604172
chr15	97497448	rs1604171
chr15	97497550	rs8024394
chr15	97497657	rs1604170
chr15	97497947	rs12900806
chr15	97498215	rs12591344
chr15	97499494	rs11073558
chr15	97499501	rs1500643
chr15	97501266	rs11073559
chr15	97504303	rs1500639
chr15	97504392	rs1500638
chr15	97504593	rs4523904
chr15	97506045	rs8040832
chr15	97509854	rs2088783
chr15	97512415	rs8030108
chr15	97520985	rs904872
chr15	97528816	rs4965203
chr15	97532002	rs11637962
chr15	97532490	rs1500635
chr15	97535847	rs11855067
chr15	97536805	rs1500653
chr15	97538471	rs4965087
chr15	97539048	rs12912857
chr15	97540269	rs7167441
chr15	97541113	rs1392680
chr15	97548135	rs2173788
chr15	97550764	rs6496232
chr15	97552812	rs1500654
chr15	97556718	rs1156577
chr15	97557086	rs8039146
chr15	97558155	rs11629893
chr15	97558335	rs8028945
chr15	97560506	rs12915016
chr15	97560545	rs7181685
chr15	97561897	rs8038436
chr15	97563923	rs12591730
chr15	97564734	rs7173478
chr15	97568642	rs1500647
chr15	97572266	rs12594126
chr15	97572454	rs12591876
chr15	97572865	rs1837781
chr15	97573701	rs1837779
chr15	97580796	rs8034908
chr15	97589192	rs288394
chr15	97591718	rs8029926
chr15	97600428	rs2036349
chr15	97602884	rs649034
chr15	97603419	rs636097
chr15	97604844	rs2036348
chr15	97606924	rs288406
chr15	97608049	rs288403
chr15	97609128	rs9920603
chr15	97617014	rs11631323
chr15	97618548	rs288438
chr15	97619161	rs6496238
chr15	97620550	rs13329517
chr15	97623324	rs8039196
chr15	97628307	rs9806259
chr15	97634060	rs8028333
chr15	97637675	rs158286
chr15	97639763	rs288412
chr15	97646153	rs289497
chr15	97646267	rs289496
chr15	97648930	rs1395644
chr15	97649870	rs987737
chr15	97652470	rs7173224
chr15	97652617	rs4965091
chr15	97652917	rs8034396
chr15	97652948	rs4965092
chr15	97653149	rs7174700
chr15	97653361	rs6496242
chr15	97654990	rs619436
chr15	97656363	rs602926
chr15	97657273	rs8042080
chr15	97657684	rs586637
chr15	97657996	rs682869
chr15	97659948	rs528885
chr15	97660956	rs638428
chr15	97664990	rs289471
chr15	97666007	rs11854727
chr15	97666434	rs289467
chr15	97666505	rs12917491
chr15	97668493	rs1532945
chr15	97669441	rs664265
chr15	97678237	rs11854459
chr15	97678982	rs10468131
chr15	97679282	rs289435
chr15	97679305	rs10852067
chr15	97680015	rs2013304
chr15	97680359	rs1619943
chr15	97680965	rs4479208
chr15	97681317	rs1025833
chr15	97687850	rs1032956
chr15	97688067	rs1032955
chr15	97688431	rs11852921
chr15	97689484	rs289482
chr15	97689787	rs11854012
chr15	97692572	rs176459
chr15	97698683	rs7166685
chr15	97698719	rs7166706
chr15	97698736	rs7166722
chr15	97702602	rs931892
chr15	97702755	rs289446
chr15	97702785	rs289447
chr15	97704446	rs11631157
chr15	97705293	rs289449
chr15	97705508	rs289450
chr15	97705903	rs12910816
chr15	97707193	rs289452
chr15	97707695	rs289454
chr15	97707814	rs289455
chr15	97708880	rs289456
chr15	97709202	rs11073567
chr15	97709295	rs11073569
chr15	97709544	rs1876383
chr15	97709988	rs6496245
chr15	97710064	rs11633855
chr15	97710881	rs489927
chr15	97711897	rs520140
chr15	97712686	rs1822170
chr15	97712739	rs5007156
chr15	97712761	rs5007157
chr15	97712796	rs5007159
chr15	97712811	rs5007160
chr15	97712997	rs551325
chr15	97713072	rs1441479
chr15	97714158	rs12906801
chr15	97716350	rs289478
chr15	97716386	rs7166757
chr15	97717715	rs12908536
chr15	97719460	rs4965099
chr15	97721037	rs169671
chr15	97724465	rs289459
chr15	97724824	rs12437663
chr15	97728720	rs965305
chr15	97730025	rs11073571
chr15	97733072	rs8039861
chr15	97734640	rs4965104
chr15	97740577	rs12372926
chr15	97742428	rs1021985
chr15	97744139	rs8033345
chr15	97749977	rs931891
chr15	97750398	rs1032952
chr15	97750935	rs9920385
chr15	97751908	rs1507115
chr15	97753183	rs12907561
chr15	97753246	rs8038473
chr15	97753511	rs11854598
chr15	97753748	rs2202655
chr15	97757124	rs12911239
chr15	97760943	rs2135761
chr15	97761556	rs906309
chr15	97762986	rs11073574
chr15	97765949	rs8036449
chr15	97770275	rs1567165
chr15	97770898	rs11073575
chr15	97779433	rs975843
chr15	97783148	rs8033352
chr15	97783825	rs7178444
chr15	97784098	rs12439729
chr15	97785070	rs1466980
chr15	97786750	rs7176059
chr15	97786802	rs1507124
chr15	97787516	rs8041405
chr15	97788132	rs9920977
chr15	97791433	rs11629877
chr15	97793704	rs1507120
chr15	97794136	rs7177563
chr15	97795294	rs12901664
chr15	97795987	rs11630986
chr15	97796808	rs1507118
chr15	97799042	rs12437660
chr15	97799435	rs1994683
chr15	97800308	rs8036661
chr15	97800510	rs8035831
chr15	97801846	rs12148670
chr15	97802946	rs8039213
chr15	97803435	rs8023641
chr15	97805237	rs2399757
chr15	97805579	rs4307929
chr15	97806840	rs931462
chr15	97808264	rs12905174
chr15	97808905	rs4965043
chr15	97809037	rs4246278
chr15	97809611	rs1388258
chr15	97811593	rs8038278
chr15	97811716	rs8039715
chr15	97815418	rs2399761
chr15	97817892	rs6496259
chr15	97818313	rs2172126
chr15	97818542	rs2035802
chr15	97818759	rs2035801
chr15	97818830	rs2035799
chr15	97820278	rs955830
chr15	97820299	rs4965044
chr15	97821870	rs12591340
chr15	97826551	rs7173988
chr15	97829888	rs8030861
chr15	97829975	rs12905250
chr15	97830197	rs4513072
chr15	97831399	rs12905875
chr15	97831457	rs8032503
chr15	97831839	rs7171468
chr15	97832998	rs7497227
chr15	97833117	rs7497256
chr15	97834400	rs12594202
chr15	97834682	rs12591705
chr15	97842747	rs11855687
chr15	97849656	rs1552675
chr15	97855616	rs1602457
chr15	97857150	rs12908636
chr15	97858067	rs11633834
chr15	97859770	rs1388260
chr15	97864767	rs1021393
chr15	97874642	rs9920555
chr15	97877649	rs11853737
chr15	97877792	rs11853705
chr15	97879115	rs7497359
chr15	97883458	rs6496261
chr15	97883722	rs8035976
chr15	97886711	rs8033042
chr15	97887085	rs8034927
chr15	97889799	rs1123082
chr15	97892222	rs1873502
chr15	97893660	rs7174708
chr15	97899302	rs8029032
chr15	97900119	rs8029499
chr15	97901704	rs8029931
chr15	97902252	rs8034873
chr15	97902530	rs8035411
chr15	97902567	rs6496267
chr15	97903391	rs12915086
chr15	97903973	rs7359325
chr15	97906421	rs11858228
chr15	97908237	rs4519318
chr15	97912295	rs11858877
chr15	97912623	rs12148470
chr15	97912739	rs8042240
chr15	97913346	rs11635454
chr15	97916486	rs7163331
chr15	97917311	rs7168871
chr15	97917420	rs7170512
chr15	97917894	rs1021394
chr15	97918541	rs7175605
chr15	97920846	rs7166751
chr15	97924214	rs12439260
chr15	97924281	rs12439828
chr15	97924768	rs12439972
chr15	97924825	rs12443221
chr15	97927209	rs11073587
chr15	97935580	rs7171497
chr15	97942396	rs2130883
chr15	97946093	rs4965114
chr15	97949020	rs4965117
chr15	97950661	rs3736255
chr15	97951248	rs12443391
chr15	97951826	rs12443457
chr15	97953660	rs4965119
chr15	97954861	rs7181010
chr15	97956484	rs7170095
chr15	97957229	rs12441858
chr15	97957740	rs2087658
chr15	97957896	rs4448918
chr15	97958534	rs1552679
chr15	97959336	rs8028722
chr15	97959793	rs1552673
chr15	97962627	rs1491180
chr15	97970399	rs6496271
chr15	97970615	rs2130882
chr15	97972903	rs1043372
chr15	97973392	rs1043374
chr15	97973522	rs1043382
chr15	97977446	rs6496273
chr15	97978808	rs964672
chr15	97985812	rs8025751
chr15	97992393	rs923658
chr15	97994749	rs902625
chr15	97997600	rs9796582
chr15	98007317	rs9672786
chr15	98017309	rs7170730
chr15	98022810	rs7162717
chr15	98022911	rs7177806
chr15	98032951	rs28500670
chr15	98039875	rs4417535
chr15	98040388	rs7172170
chr15	98041048	rs7165184
chr15	98045259	rs4500701
chr15	98052393	rs4246339
chr15	98056532	rs9920491
chr15	98061966	rs2170108
chr15	98062267	rs2127555
chr15	98063084	rs1993976
chr15	98063921	rs7162330
chr15	98064587	rs12595523
chr15	98065051	rs8039936
chr15	98065464	rs12148124
chr15	98066836	rs1383148
chr15	98066902	rs1383149
chr15	98066921	rs1383150
chr15	98067588	rs2089
chr15	98072331	rs11857308
chr15	98073970	rs2086365
chr15	98074012	rs2086366
chr15	98080063	rs7181301
chr15	98080186	rs7170842
chr15	98080460	rs7182053
chr15	98080713	rs11247363
chr15	98080879	rs11853387
chr15	98080951	rs12593369
chr15	98081039	rs12592382
chr15	98081657	rs8027435
chr15	98084454	rs899672
chr15	98085411	rs751483
chr15	98085461	rs1480086
chr15	98087470	rs2170106
chr15	98088003	rs12324227
chr15	98090563	rs7165037
chr15	98099556	rs11638359
chr15	98101993	rs11855844
chr15	98103267	rs7163855
chr15	98107885	rs11856483
chr15	98112028	rs7164595
chr15	98113064	rs12595170
chr15	98113092	rs11858062
chr15	98119080	rs984999
chr15	98121588	rs2054520
chr15	98121826	rs965697
chr15	98121987	rs11635459
chr15	98123569	rs13329423
chr15	98123581	rs12324377
chr15	98128831	rs7171849
chr15	98128937	rs11631900
chr15	98129067	rs11632905
chr15	98129563	rs12441557
chr15	98129617	rs11636292
chr15	98129678	rs11247065
chr15	98129782	rs12443351
chr15	98130587	rs10459739
chr15	98130620	rs10152110
chr15	98131174	rs7176226
chr15	98131599	rs12441317
chr15	98131628	rs11639134
chr15	98132833	rs7183564
chr15	98133329	rs11634680
chr15	98133854	rs8040942
chr15	98133927	rs8040985
chr15	98134072	rs12899923
chr15	98134976	rs1383146
chr15	98135295	rs4965458
chr15	98135558	rs1480094
chr15	98136315	rs12438569
chr15	98136410	rs12438597
chr15	98136941	rs2871596
chr15	98138103	rs10902540
chr15	98139117	rs7166620
chr15	98139328	rs4965465
chr15	98139666	rs12437584
chr15	98139891	rs12437629
chr15	98141875	rs1383147
chr15	98143477	rs1871569
chr15	98144101	rs12437601
chr15	98144718	rs4965469
chr15	98144802	rs4965471
chr15	98144842	rs8025763
chr15	98145820	rs715671
chr15	98146897	rs11247082
chr15	98150450	rs11247084
chr15	98154095	rs4398094
chr15	98157689	rs977835
chr15	98157793	rs977832
chr15	98160099	rs7182895
chr15	98160780	rs7166692
chr15	98161080	rs2170107
chr15	98164022	rs11853202
chr15	98164325	rs4965519
chr15	98164709	rs4965520
chr15	98164750	rs11247107
chr15	98167076	rs11247110
chr15	98167440	rs11247111
chr15	98168410	rs6598258
chr15	98168614	rs11634350
chr15	98169681	rs1480092
chr15	98169955	rs8032824
chr15	98171465	rs1118078
chr15	98172432	rs1480090
chr15	98174448	rs1383139
chr15	98175879	rs8036639
chr15	98177089	rs4965530
chr15	98177706	rs10152130
chr15	98178529	rs4577066
chr15	98178626	rs1480088
chr15	98178944	rs1552050
chr15	98182473	rs899665
chr15	98182990	rs763889
chr15	98183356	rs753597
chr15	98186196	rs2127554
chr15	98187546	rs7179172
chr15	98188691	rs1552047
chr15	98190887	rs8031497
chr15	98195905	rs990361
chr15	98200836	rs2199831
chr15	98201319	rs2620860
chr15	98202955	rs2620861
chr15	98204931	rs1351344
chr15	98204997	rs2218311
chr15	98207508	rs11633447
chr15	98207987	rs2620862
chr15	98208206	rs1383141
chr15	98208228	rs1383142
chr15	98208807	rs1962985
chr15	98209154	rs736012
chr15	98212993	rs12102031
chr15	98219513	rs11247145
chr15	98221575	rs1442809
chr15	98226421	rs11631535
chr15	98226473	rs12050518
chr15	98226633	rs11247157
chr15	98227362	rs12903021
chr15	98231764	rs11247163
chr15	98232149	rs2165746
chr15	98234142	rs1442815
chr15	98234988	rs11856559
chr15	98235194	rs8023279
chr15	98235772	rs1442817
chr15	98238651	rs4965606
chr15	98239438	rs8030195
chr15	98239593	rs8035505
chr15	98240024	rs6598319
chr15	98240667	rs1442818
chr15	98250282	rs8026994
chr15	98252441	rs7179014
chr15	98253631	rs1867157
chr15	98254870	rs1561897
chr15	98257239	rs7162271
chr15	98257773	rs12439574
chr15	98257857	rs1837993
chr15	98258027	rs1982262
chr15	98258508	rs6598346
chr15	98259226	rs1442811
chr15	98260008	rs12148619
chr15	98260979	rs7174737
chr15	98262068	rs1372839
chr15	98262198	rs1372840
chr15	98267505	rs12898606
chr15	98268012	rs4997560
chr15	98268827	rs8029893
chr15	98271069	rs8025476
chr15	98274869	rs8039123
chr15	98276162	rs12905870
chr15	98277504	rs3863402
chr15	98277812	rs3851681
chr15	98279534	rs8036935
chr15	98280050	rs12912444
chr15	98280174	rs12908412
chr15	98280208	rs12901482
chr15	98280542	rs12913253
chr15	98280940	rs7183808
chr15	98281070	rs4965328
chr15	98283032	rs7496642
chr15	98284735	rs12594353
chr15	98287620	rs718674
chr15	98290189	rs1023781
chr15	98291570	rs12905666
chr15	98295872	rs7166942
chr15	98296075	rs7177305
chr15	98308765	rs1542112
chr15	98310093	rs992237
chr15	98310339	rs8034193
chr15	98316051	rs6598416
chr15	98320143	rs12592664
chr15	98320202	rs12595479
chr15	98321006	rs1982260
chr15	98321140	rs1982259
chr15	98322391	rs4307931
chr15	98323422	rs2120027
chr15	98324446	rs2120026
chr15	98326947	rs7182543
chr15	98327064	rs11247263
chr15	98328696	rs4965795
chr15	98333229	rs1372847
chr15	98333827	rs12915651
chr15	98334634	rs4965807
chr15	98334830	rs4965808
chr15	98337281	rs894498
chr15	98337968	rs4319751
chr15	98338226	rs4503773
chr15	98338946	rs7180276
chr15	98340580	rs11247278
chr15	98341446	rs8039853
chr15	98341488	rs3889766
chr15	98341517	rs4346183
chr15	98342343	rs749229
chr15	98344096	rs12906878
chr15	98345053	rs11629599
chr15	98345120	rs12911251
chr15	98345803	rs4414475
chr15	98346989	rs8035369
chr15	98347975	rs11632869
chr15	98348879	rs7182722
chr15	98349057	rs7169915
chr15	98350848	rs748933
chr15	98350941	rs6598458
chr15	98351295	rs8038194
chr15	98351389	rs876769
chr15	98352022	rs962525
chr15	98352101	rs12592613
chr15	98352452	rs6598466
chr15	98353633	rs8042984
chr15	98353654	rs11631160
chr15	98353866	rs8030441
chr15	98354281	rs1442810
chr15	98354796	rs12914601
chr15	98354888	rs12910609
chr15	98355371	rs8023701
chr15	98355723	rs8039531
chr15	98358270	rs1017520
chr15	98360358	rs11852255
chr15	98360426	rs11856261
chr15	98362811	rs4334279
chr15	98363868	rs12442553
chr15	98364914	rs12441022
chr15	98367025	rs11855766
chr15	98368113	rs4965895
chr15	98368760	rs12917426
chr15	98368802	rs4528549
chr15	98369350	rs11638685
chr15	98369946	rs12915580
chr15	98369976	rs4334280
chr15	98370252	rs3923686
chr15	98371323	rs8031417
chr15	98372055	rs11247311
chr15	98375244	rs3935289
chr15	98376003	rs11633198
chr15	98380895	rs7181703
chr15	98382318	rs12906114
chr15	98382453	rs12902712
chr15	98383372	rs4332728
chr15	98386028	rs6598497
chr15	98389011	rs12591739
chr15	98389256	rs9920714
chr15	98389447	rs12901141
chr15	98390091	rs4262929
chr15	98390621	rs11857126
chr15	98391372	rs11638037
chr15	98391957	rs4965927
chr15	98392745	rs11247327
chr15	98393547	rs11630946
chr15	98394323	rs4076907
chr15	98396432	rs12910483
chr15	98398010	rs7177820
chr15	98399376	rs7162674
chr15	98399853	rs12903340
chr15	98401401	rs4072280
chr15	98401519	rs3934604
chr15	98403487	rs3923829
chr15	98403951	rs12911031
chr15	98405824	rs12148086
chr15	98405862	rs3923788
chr15	98406599	rs8038014
chr15	98408309	rs12440063
chr15	98408703	rs6598504
chr15	98411728	rs12437848
chr15	98413260	rs11247344
chr15	98413547	rs12148709
chr15	98413774	rs7183449
chr15	98414379	rs4483827
chr15	98414986	rs4545798
chr15	98415257	rs4264372
chr15	98416084	rs4965968
chr15	98420675	rs8035832
chr15	98421862	rs8030363
chr15	98424931	rs8027231
chr15	98425779	rs12904616
chr15	98425817	rs12594298
chr15	98425836	rs11854080
chr15	98426389	rs7183516
chr15	98430753	rs4965979
chr15	98431054	rs4965980
chr15	98432759	rs11632159
chr15	98439398	rs4129470
chr15	98444204	rs11635298
chr15	98450294	rs7161891
chr15	98456729	rs4616270
chr15	98463665	rs9806766
chr15	98464582	rs12440643
chr15	98465618	rs4965421
chr15	98467558	rs7175188
chr15	98475455	rs7169682
chr15	98475542	rs7165761
chr15	98480306	rs7178619
chr15	98480739	rs4528551
chr15	98480944	rs4486867
chr15	98485017	rs12913020
chr15	98490924	rs11247349
chr15	98492308	rs7181800
chr15	98493707	rs12595770
chr15	98494578	rs12591669
chr15	98494625	rs12595471
chr15	98500158	rs8031491
chr15	98500953	rs2311748
chr15	98501021	rs2311749
chr15	98501290	rs12908109
chr15	98504495	rs2311750
chr15	98504653	rs8026856
chr15	98505142	rs1319870
chr15	98508686	rs2311759
chr15	98510438	rs9920774
chr15	98510584	rs7170126
chr15	98512779	rs933809
chr15	98512938	rs933810
chr15	98513531	rs1863273
chr15	98513582	rs4462573
chr15	98513703	rs11247351
chr15	98515436	rs6598514
chr15	98516209	rs6598515
chr15	98517193	rs7171256
chr15	98519490	rs8031664
chr15	98520176	rs7176797
chr15	98520922	rs8034376
chr15	98522000	rs12914549
chr15	98523106	rs4257189
chr15	98524208	rs11854937
chr15	98524640	rs11637769
chr15	98526010	rs6598516
chr15	98528330	rs12164914
chr15	98529676	rs12719740
chr15	98530077	rs8043332
chr15	98530601	rs6598518
chr15	98533887	rs11247355
chr15	98537358	rs8033467
chr15	98537622	rs12904625
chr15	98538341	rs933813
chr15	98538775	rs933812
chr15	98541531	rs4641724
chr15	98543160	rs12906483
chr15	98544789	rs2311747
chr15	98547463	rs3803478
chr15	98557255	rs8026208
chr15	98557351	rs2311753
chr15	98557532	rs8043217
chr15	98559158	rs11857369
chr15	98559822	rs2311754
chr15	98560872	rs2871860
chr15	98561103	rs6598524
chr15	98561488	rs8034441
chr15	98561597	rs11634106
chr15	98562778	rs4965423
chr15	98562880	rs6598525
chr15	98563203	rs7497612
chr15	98563993	rs11639026
chr15	98565409	rs8026722
chr15	98568774	rs1319873
chr15	98570021	rs7177799
chr15	98571026	rs12438593
chr15	98572652	rs6598529
chr15	98575382	rs7342676
chr15	98576923	rs11636483
chr15	98582939	rs8025194
chr15	98584684	rs12593029
chr15	98586788	rs4488419
chr15	98586884	rs6598531
chr15	98588504	rs4965999
chr15	98588593	rs8037494
chr15	98589420	rs12324401
chr15	98591549	rs7181975
chr15	98592869	rs4527002
chr15	98600073	rs6598534
chr15	98611432	rs8038645
chr15	98616727	rs7178383
chr15	98619064	rs2871864
chr15	98621141	rs7180993
chr15	98622944	rs7403473
chr15	98623290	rs12902985
chr15	98625541	rs7179187
chr15	98626817	rs1319046
chr15	98627267	rs8024593
chr15	98630252	rs12901358
chr15	98631577	rs7172362
chr15	98631771	rs11856426
chr15	98638434	rs4965425
chr15	98639302	rs6598537
chr15	98642491	rs8040132
chr15	98643750	rs1319868
chr15	98649254	rs13379905
chr15	98652883	rs2017500
chr15	98659646	rs8028620
chr15	98660216	rs4966008
chr15	98660267	rs4966009
chr15	98660872	rs8027457
chr15	98662924	rs13329408
chr15	98667189	rs11634461
chr15	98667602	rs11247362
chr15	98669256	rs1319869
chr15	98671757	rs2311767
chr15	98671869	rs4305005
chr15	98679366	rs4426332
chr15	98679453	rs4284619
chr15	98684206	rs7173191
chr15	98684558	rs1574213
chr15	98686101	rs11854132
chr15	98687034	rs1319859
chr15	98687106	rs7168213
chr15	98688639	rs7170035
chr15	98693047	rs11247367
chr15	98693273	rs1976667
chr15	98697252	rs11630479
chr15	98697718	rs11630647
chr15	98698495	rs11632057
chr15	98702155	rs4966013
chr15	98704566	rs7166348
chr15	98704903	rs4966015
chr15	98706322	rs8037116
chr15	98706678	rs8024622
chr15	98708127	rs7174918
chr15	98713341	rs3803476
chr15	98715787	rs11634241
chr15	98717374	rs907813
chr15	98720045	rs8038015
chr15	98720572	rs11857366
chr15	98723297	rs1543106
chr15	98724404	rs4966017
chr15	98725030	rs4616271
chr15	98729059	rs8034039
chr15	98731779	rs11633294
chr15	98735817	rs1567810
chr15	98737752	rs2175800
chr15	98739358	rs3743264
chr15	98740689	rs1007212
chr15	98741423	rs8037467
chr15	98744146	rs12908437
chr15	98747177	rs4966023
chr15	98747746	rs11632952
chr15	98749576	rs7166999
chr15	98751126	rs12898337
chr15	98751223	rs12898502
chr15	98752341	rs4966024
chr15	98754274	rs8027767
chr15	98754436	rs8041224
chr15	98758306	rs10794486
chr15	98761746	rs2048640
chr15	98763880	rs8037855
chr15	98764721	rs7175052
chr15	98770252	rs8031382
chr15	98771553	rs12439557
chr15	98772258	rs925585
chr15	98773449	rs11247372
chr15	98777997	rs884663
chr15	98778518	rs907801
chr15	98783532	rs1513643
chr15	98788316	rs6598550
chr15	98788943	rs12908948
chr15	98791804	rs6598552
chr15	98791825	rs2175799
chr15	98793401	rs1962722
chr15	98795980	rs6598553
chr15	98801652	rs907806
chr15	98808984	rs4966029
chr15	98809112	rs4965435
chr15	98812053	rs12050484
chr15	98815801	rs12898932
chr15	98816330	rs4965436
chr15	98818230	rs7180435
chr15	98819072	rs8041953
chr15	98821141	rs2684761
chr15	98821701	rs2684762
chr15	98822612	rs2670499
chr15	98824723	rs2715431
chr15	98828012	rs2670497
chr15	98828192	rs2684768
chr15	98829234	rs2684769
chr15	98833186	rs2684771
chr15	98835915	rs2684773
chr15	98837628	rs2670506
chr15	98841680	rs2670509
chr15	98844300	rs2175797
chr15	98846763	rs2715434
chr15	98852876	rs1398873
chr15	98853465	rs2684777
chr15	98855479	rs1879612
chr15	98858361	rs2670504
chr15	98860723	rs8030777
chr15	98860792	rs8030950
chr15	98862718	rs12594847
chr15	98865759	rs11247377
chr15	98866319	rs2684781
chr15	98869333	rs2715442
chr15	98871174	rs1521480
chr15	98871194	rs1521481
chr15	98873415	rs2715440
chr15	98879323	rs2037448
chr15	98886233	rs4966035
chr15	98886520	rs4966036
chr15	98886847	rs11247379
chr15	98887719	rs11630259
chr15	98888671	rs7179555
chr15	98890147	rs1357112
chr15	98891128	rs1879613
chr15	98897502	rs11247380
chr15	98898207	rs1464433
chr15	98899366	rs3743256
chr15	98899910	rs3743258
chr15	98899932	rs3743259
chr15	98900063	rs3743260
chr15	98900102	rs3743261
chr15	98908177	rs1980268
chr15	98909713	rs12439656
chr15	98909818	rs2715417
chr15	98910334	rs2684811
chr15	98911016	rs2684810
chr15	98911733	rs7168671
chr15	98912041	rs2139924
chr15	98913324	rs951715
chr15	98914523	rs7169544
chr15	98915078	rs3784604
chr15	98915098	rs3784605
chr15	98915252	rs3784606
chr15	98917633	rs10048024
chr15	98919411	rs9920651
chr15	98920874	rs4966042
chr15	98921225	rs2684807
chr15	98922056	rs2684806
chr15	98922244	rs3743262
chr15	98922856	rs2684805
chr15	98922969	rs4966044
chr15	98924705	rs1464430
chr15	98928278	rs2684802
chr15	98928637	rs1546713
chr15	98929505	rs4486868
chr15	98932046	rs4966046
chr15	98932255	rs7166558
chr15	98932297	rs7162336
chr15	98932805	rs7181022
chr15	98933829	rs12438495
chr15	98933915	rs12442170
chr15	98934996	rs2229765
chr15	98935484	rs2293117
chr15	98937378	rs2251687
chr15	98937442	rs11635251
chr15	98938603	rs2684799
chr15	98939699	rs8038056
chr15	98940163	rs2684796
chr15	98941491	rs2715419
chr15	98941724	rs2684794
chr15	98944659	rs12916884
chr15	98944852	rs2684792
chr15	98945499	rs7173377
chr15	98946036	rs10438491
chr15	98946687	rs7162314
chr15	98946706	rs7166565
chr15	98948311	rs2684790
chr15	98948816	rs2684789
chr15	98949084	rs2715439
chr15	98949947	rs939626
chr15	98951979	rs7167580
chr15	98953019	rs8034284
chr15	98953111	rs12148482
chr15	98953158	rs8026157
chr15	98954856	rs9672254
chr15	98955204	rs9672965
chr15	98956701	rs3743254
chr15	98956835	rs12440962
chr15	98956845	rs3743253
chr15	98957027	rs2593053
chr15	98958352	rs702497
chr15	98958529	rs2016873
chr15	98959298	rs1058696
chr15	98961208	rs2684788
chr15	98961442	rs1815009
chr15	98961614	rs2654980
chr15	98961833	rs2684787
chr15	98962194	rs3743249
chr15	98964693	rs2593030
chr15	98968644	rs2715423
chr15	98970002	rs733710
chr15	98978583	rs12905298
chr15	98979139	rs8035766
chr15	98981636	rs1829652
chr15	98986690	rs1912010
chr15	98988636	rs2593047
chr15	98996723	rs7177074
chr15	99001503	rs2593052
chr15	99005205	rs2654974
chr15	99006339	rs1976573
chr15	99006687	rs7496269
chr15	99007008	rs2654976
chr15	99007474	rs2654977
chr15	99007569	rs8037843
chr15	99007653	rs8024849
chr15	99012353	rs8025480
chr15	99013288	rs4966058
chr15	99023011	rs2089608
chr15	99024251	rs2654982
chr15	99028987	rs925234
chr15	99029171	rs2654986
chr15	99029757	rs3890117
chr15	99029930	rs10468173
chr15	99030166	rs2663101
chr15	99034568	rs7180526
chr15	99036308	rs2654987
chr15	99039815	rs1509156
chr15	99044931	rs4627318
chr15	99049485	rs2654960
chr15	99050418	rs2663123
chr15	99051652	rs2663122
chr15	99051746	rs7175406
chr15	99052286	rs2663114
chr15	99053025	rs2593028
chr15	99054124	rs1670262
chr15	99054179	rs8037680
chr15	99056154	rs2654963
chr15	99056378	rs2663134
chr15	99056730	rs1670256
chr15	99057280	rs1670255
chr15	99061175	rs2017484
chr15	99061812	rs1810092
chr15	99062453	rs260094
chr15	99063014	rs28504
chr15	99063260	rs11247055
chr15	99064540	rs260091
chr15	99065515	rs174274
chr15	99065787	rs2663129
chr15	99068517	rs7170615
chr15	99069751	rs11854998
chr15	99069944	rs1703794
chr15	99070016	rs1670200
chr15	99072331	rs7174576
chr15	99072950	rs12911516
chr15	99073108	rs1703791
chr15	99073476	rs1703790
chr15	99074939	rs8032194
chr15	99074985	rs11856750
chr15	99076381	rs7165207
chr15	99077766	rs2593031
chr15	99077909	rs1703774
chr15	99082942	rs10459737
chr15	99083011	rs260102
chr15	99083859	rs260104
chr15	99085282	rs4246294
chr15	99086217	rs4965210
chr15	99086348	rs4965211
chr15	99086672	rs4965212
chr15	99091645	rs2016543
chr15	99091813	rs937927
chr15	99093247	rs260105
chr15	99094794	rs11247058
chr15	99096709	rs260110
chr15	99097461	rs8038475
chr15	99101267	rs8036962
chr15	99101293	rs260097
chr15	99101782	rs7496161
chr15	99101799	rs2312484
chr15	99103912	rs12440758
chr15	99107400	rs11636944
chr15	99113264	rs1670251
chr15	99113306	rs3816452
chr15	99113461	rs2305446
chr15	99113595	rs2305445
chr15	99114491	rs1670247
chr15	99115228	rs8041213
chr15	99115842	rs1965866
chr15	99118234	rs1670237
chr15	99119313	rs896700
chr15	99120079	rs12439693
chr15	99121403	rs925236
chr15	99123025	rs7162579
chr15	99123969	rs8029732
chr15	99124831	rs1810091
chr15	99125373	rs4965445
chr15	99126124	rs7164548
chr15	99126774	rs5030691
chr15	99127481	rs4965446
chr15	99130073	rs3134587
chr15	99130313	rs1670227
chr15	99130784	rs3743248
chr15	99131555	rs260087
chr15	99132517	rs2292288
chr15	99133881	rs260086
chr15	99134545	rs3134588
chr15	99134823	rs3210942
chr15	99135062	rs13853
chr15	99137111	rs260088
chr15	99137152	rs3743241
chr15	99137502	rs12439819
chr15	99137940	rs260089
chr15	99139450	rs181987
chr15	99142647	rs260116
chr15	99143046	rs7178187
chr15	99143581	rs260115
chr15	99143900	rs260114
chr15	99144944	rs260113
chr15	99146309	rs260112
chr15	99146616	rs2602024
chr15	99146746	rs8039637
chr15	99148605	rs2290352
chr15	99148802	rs1703761
chr15	99154160	rs1703770
chr15	99158345	rs12903602
chr15	99158895	rs2602026
chr15	99161652	rs3803472
chr15	99162518	rs2006920
chr15	99163567	rs2602027
chr15	99166034	rs12442235
chr15	99166428	rs2602029
chr15	99171551	rs1968699
chr15	99174120	rs2623190
chr15	99174571	rs2623191
chr15	99175147	rs2602016
chr15	99178267	rs2623194
chr15	99179568	rs4965217
chr15	99179840	rs8026991
chr15	99180136	rs7170268
chr15	99180229	rs4965451
chr15	99180454	rs8032154
chr15	99185989	rs2602021
chr15	99186697	rs2623197
chr15	99187427	rs2602018
chr15	99190608	rs12915090
chr15	99196485	rs2602034
chr15	99199684	rs1377267
chr15	99202308	rs7174431
chr15	99202358	rs2623178
chr15	99202372	rs2602037
chr15	99204319	rs2602033
chr15	99210240	rs7170952
chr15	99210301	rs12324187
chr15	99212405	rs7183226
chr15	99213025	rs7162708
chr15	99215420	rs7178606
chr15	99216752	rs2623184
chr15	99219468	rs2665082
chr15	99219626	rs2602036
chr15	99220754	rs8031175
chr15	99220956	rs735823
chr15	99224239	rs4965459
chr15	99224654	rs906974
chr15	99226306	rs9888674
chr15	99226657	rs1223953
chr15	99226776	rs12901518
chr15	99226866	rs1223954
chr15	99227287	rs4965222
chr15	99228083	rs2602030
chr15	99228437	rs3759903
chr15	99229932	rs12907394
chr15	99234337	rs2084900
chr15	99242390	rs12911898
chr15	99244005	rs12591132
chr15	99253430	rs4965225
chr15	99253969	rs8028374
chr15	99254521	rs1567416
chr15	99255884	rs2292313
chr15	99258729	rs7162949
chr15	99259545	rs1976589
chr15	99261445	rs2862139
chr15	99268628	rs12441996
chr15	99269379	rs12593076
chr15	99276655	rs12914665
chr15	99277370	rs11247070
chr15	99282097	rs7164003
chr15	99288346	rs9920418
chr15	99289326	rs1567418
chr15	99294457	rs8039009
chr15	99296599	rs12592075
chr15	99297815	rs12913897
chr15	99298422	rs12594607
chr15	99299001	rs6598236
chr15	99299203	rs8041923
chr15	99304187	rs2136628
chr15	99307005	rs2136629
chr15	99307811	rs2048305
chr15	99309313	rs6422002
chr15	99310675	rs7167899
chr15	99314804	rs1510058
chr15	99316644	rs11247079
chr15	99317164	rs11247080
chr15	99321703	rs4965473
chr15	99325404	rs2089707
chr15	99329763	rs12591991
chr15	99330956	rs12917176
chr15	99334158	rs7177149
chr15	99336618	rs7168227
chr15	99336688	rs7173844
chr15	99336719	rs7169075
chr15	99337088	rs6598237
chr15	99340742	rs8042667
chr15	99346814	rs8036160
chr15	99354279	rs8030479
chr15	99364066	rs11858067
chr15	99367514	rs3920191
chr15	99370293	rs8041236
chr15	99370544	rs7181973
chr15	99371600	rs978704
chr15	99371919	rs978703
chr15	99376127	rs28807370
chr15	99384652	rs11857349
chr15	99384816	rs1472986
chr15	99384976	rs2175226
chr15	99384987	rs1472987
chr15	99386235	rs2289558
chr15	99392161	rs4965475
chr15	99392592	rs4965476
chr15	99399058	rs4965479
chr15	99400016	rs7181871
chr15	99401783	rs11857508
chr15	99405676	rs4965480
chr15	99405801	rs4965481
chr15	99406298	rs11855362
chr15	99406364	rs11857764
chr15	99409084	rs11855683
chr15	99410567	rs4393551
chr15	99413110	rs11247092
chr15	99414073	rs4965485
chr15	99416426	rs12898756
chr15	99416749	rs6598242
chr15	99423930	rs930482
chr15	99428869	rs2119939
chr15	99432456	rs1561868
chr15	99433164	rs7167464
chr15	99434371	rs12050849
chr15	99434538	rs1545246
chr15	99435319	rs7181588
chr15	99436981	rs12909582
chr15	99437923	rs7173091
chr15	99438217	rs8028527
chr15	99438319	rs12903751
chr15	99439213	rs12909171
chr15	99440268	rs7179740
chr15	99441064	rs4965490
chr15	99442242	rs7170529
chr15	99442970	rs8032018
chr15	99443227	rs4965491
chr15	99444756	rs8042934
chr15	99445296	rs4965493
chr15	99445445	rs8027826
chr15	99446559	rs8032786
chr15	99446904	rs4965494
chr15	99448595	rs4965236
chr15	99451301	rs4965499
chr15	99456357	rs4965238
chr15	99458368	rs7180712
chr15	99459813	rs2902134
chr15	99460546	rs4965240
chr15	99460680	rs10162953
chr15	99461018	rs4965242
chr15	99461659	rs2119940
chr15	99462110	rs1442641
chr15	99462263	rs1442643
chr15	99463202	rs7167309
chr15	99463975	rs10083668
chr15	99467791	rs7171291
chr15	99467817	rs11632243
chr15	99468187	rs4965245
chr15	99469285	rs1561861
chr15	99471203	rs8024609
chr15	99471554	rs13329119
chr15	99472050	rs12901856
chr15	99472096	rs12907047
chr15	99474280	rs7165608
chr15	99474974	rs4965248
chr15	99475263	rs8027441
chr15	99475266	rs930483
chr15	99476020	rs7167860
chr15	99477229	rs4965250
chr15	99478508	rs755439
chr15	99479177	rs748991
chr15	99479656	rs1867093
chr15	99481068	rs11633249
chr15	99482510	rs1020255
chr15	99482829	rs1020256
chr15	99485312	rs2862092
chr15	99485761	rs920655
chr15	99486803	rs7179803
chr15	99486823	rs7164257
chr15	99486888	rs7181976
chr15	99490068	rs11247099
chr15	99491582	rs4965514
chr15	99491770	rs4965255
chr15	99491801	rs4965256
chr15	99495790	rs2119945
chr15	99495810	rs2119946
chr15	99496155	rs7170320
chr15	99496533	rs7165633
chr15	99497444	rs11247101
chr15	99498948	rs1867096
chr15	99499348	rs7173133
chr15	99501086	rs7168482
chr15	99501428	rs2044128
chr15	99505032	rs12591895
chr15	99506089	rs11247105
chr15	99508517	rs7175248
chr15	99510931	rs8026614
chr15	99511532	rs8032423
chr15	99511863	rs7170513
chr15	99512029	rs11633623
chr15	99514532	rs11636538
chr15	99525936	rs4335756
chr15	99526222	rs4313795
chr15	99527341	rs7162424
chr15	99528265	rs4278726
chr15	99534676	rs4313794
chr15	99534965	rs4483828
chr15	99537145	rs11637995
chr15	99538456	rs2863279
chr15	99539437	rs5027395
chr15	99546114	rs4534823
chr15	99546504	rs8030728
chr15	99551238	rs11632922
chr15	99552351	rs4273018
chr15	99553608	rs12898848
chr15	99554520	rs2863274
chr15	99559281	rs7162392
chr15	99563618	rs1434232
chr15	99564180	rs4424892
chr15	99564980	rs892465
chr15	99578912	rs7178948
chr15	99585351	rs12442313
chr15	99585551	rs2581466
chr15	99592712	rs2012129
chr15	99593349	rs11247116
chr15	99595325	rs12916210
chr15	99596176	rs7162940
chr15	99598788	rs2164058
chr15	99601097	rs2570803
chr15	99603213	rs7172418
chr15	99607837	rs8036677
chr15	99616931	rs4965260
chr15	99618239	rs12912791
chr15	99619038	rs2570933
chr15	99631479	rs11247118
chr15	99634702	rs2570808
chr15	99646801	rs11247119
chr15	99648742	rs11631947
chr15	99650365	rs12593522
chr15	99653784	rs1991921
chr15	99655247	rs8029326
chr15	99656452	rs2581473
chr15	99659225	rs3743180
chr15	99659516	rs2570817
chr15	99662006	rs7496677
chr15	99664713	rs2033546
chr15	99666665	rs12899541
chr15	99668410	rs8024380
chr15	99671759	rs2033545
chr15	99674730	rs2570930
chr15	99678662	rs2581470
chr15	99678784	rs12913446
chr15	99680236	rs2570799
chr15	99681716	rs4564541
chr15	99687630	rs12591308
chr15	99689055	rs325393
chr15	99690585	rs3730280
chr15	99694470	rs4965533
chr15	99697477	rs325392
chr15	99699341	rs8034889
chr15	99700705	rs4965536
chr15	99704388	rs8037206
chr15	99705091	rs325413
chr15	99706247	rs325411
chr15	99706413	rs2290446
chr15	99706513	rs325410
chr15	99706629	rs325409
chr15	99707989	rs2902349
chr15	99708015	rs191256
chr15	99708852	rs167805
chr15	99712600	rs325400
chr15	99714520	rs897074
chr15	99714841	rs325383
chr15	99716413	rs325380
chr15	99717829	rs7183836
chr15	99718775	rs11247123
chr15	99720837	rs11634364
chr15	99723294	rs2603229
chr15	99725520	rs11247124
chr15	99725674	rs7496665
chr15	99726892	rs6598261
chr15	99727658	rs8025780
chr15	99729532	rs8041078
chr15	99734542	rs7175181
chr15	99734905	rs6598265
chr15	99737779	rs7165478
chr15	99742036	rs12898636
chr15	99743548	rs11853793
chr15	99744573	rs7497935
chr15	99745500	rs8027443
chr15	99748157	rs4965263
chr15	99750857	rs2924770
chr15	99751937	rs11636048
chr15	99752197	rs2924773
chr15	99753545	rs2958988
chr15	99753616	rs2924774
chr15	99754345	rs749516
chr15	99757458	rs1993293
chr15	99759034	rs6598266
chr15	99759391	rs6598270
chr15	99760136	rs12903750
chr15	99760601	rs12903402
chr15	99767557	rs2958959
chr15	99769406	rs2924784
chr15	99778639	rs13380193
chr15	99778710	rs13380294
chr15	99779398	rs8033936
chr15	99786862	rs1055879
chr15	99787275	rs11855419
chr15	99789846	rs8027079
chr15	99799126	rs9920347
chr15	99810949	rs7165041
chr15	99817230	rs1823874
chr15	99817788	rs8039703
chr15	99819351	rs12910753
chr15	99819887	rs2085086
chr15	99820131	rs10152218
chr15	99821130	rs3919790
chr15	99821256	rs12719728
chr15	99823332	rs1993295
chr15	99824641	rs8042933
chr15	99826179	rs4965545
chr15	99826656	rs12101584
chr15	99826739	rs1840300
chr15	99826782	rs12101596
chr15	99827641	rs8039888
chr15	99835169	rs7173373
chr15	99835668	rs11855311
chr15	99836841	rs6598278
chr15	99837114	rs12906587
chr15	99837548	rs2061008
chr15	99839918	rs11635811
chr15	99843767	rs6598280
chr15	99845195	rs11855477
chr15	99848874	rs10152510
chr15	99849346	rs9672769
chr15	99855336	rs2573642
chr15	99856591	rs2217847
chr15	99856850	rs2017774
chr15	99857008	rs11857915
chr15	99857987	rs2043558
chr15	99858502	rs2018100
chr15	99859558	rs2573632
chr15	99860920	rs1821649
chr15	99862854	rs2727165
chr15	99865971	rs4965266
chr15	99872475	rs12101368
chr15	99875369	rs1561048
chr15	99879295	rs10902553
chr15	99884400	rs7182621
chr15	99884653	rs11635895
chr15	99886626	rs2581332
chr15	99888124	rs11857537
chr15	99891253	rs4570822
chr15	99894858	rs1821650
chr15	99895823	rs1347479
chr15	99897088	rs1836700
chr15	99899939	rs8032243
chr15	99901478	rs12914615
chr15	99901584	rs12914796
chr15	99902111	rs35887610
chr15	99905075	rs7178867
chr15	99905198	rs7163488
chr15	99905427	rs7180780
chr15	99905561	rs7181113
chr15	99912039	rs2573611
chr15	99913319	rs12911049
chr15	99913785	rs2573612
chr15	99915274	rs12908423
chr15	99916426	rs2581335
chr15	99917864	rs2573613
chr15	99919229	rs1836698
chr15	99929884	rs2573643
chr15	99932949	rs1561050
chr15	99936478	rs2573674
chr15	99946623	rs1595045
chr15	99949381	rs8031622
chr15	99951677	rs2581360
chr15	99952027	rs2573621
chr15	99952501	rs1347477
chr15	99952584	rs1347478
chr15	99952744	rs2727191
chr15	99952989	rs2581354
chr15	99959160	rs745104
chr15	99959341	rs11247142
chr15	99960656	rs12441041
chr15	99962088	rs12910183
chr15	99962289	rs746435
chr15	99962922	rs729679
chr15	99965534	rs12442022
chr15	99967042	rs2727172
chr15	99967528	rs2573624
chr15	99970220	rs873843
chr15	99971842	rs10468183
chr15	99971874	rs8037666
chr15	99972953	rs2573625
chr15	99973113	rs2581365
chr15	99973502	rs2581359
chr15	99973892	rs2573650
chr15	99974086	rs2581345
chr15	99974289	rs2581341
chr15	99974409	rs2573652
chr15	99976763	rs12441080
chr15	99977198	rs1469830
chr15	99979628	rs9920547
chr15	99993013	rs7175995
chr15	99997289	rs12900132
chr15	99999053	rs1529889
chr15	100001484	rs12595247
chr15	100001571	rs2573668
chr15	100002862	rs12898366
chr15	100003189	rs11636084
chr15	100003908	rs12904962
chr15	100005663	rs8023796
chr15	100010517	rs2573660
chr15	100019563	rs990422
chr15	100019579	rs2727106
chr15	100020034	rs11637820
chr15	100020054	rs11631646
chr15	100021048	rs2727110
chr15	100022667	rs2573687
chr15	100023760	rs2727112
chr15	100024443	rs2573582
chr15	100025045	rs1561046
chr15	100032793	rs2727179
chr15	100035141	rs2727183
chr15	100035450	rs1480958
chr15	100036395	rs2622531
chr15	100044520	rs4965271
chr15	100044613	rs4965273
chr15	100044766	rs4965274
chr15	100045510	rs1585933
chr15	100048851	rs8028251
chr15	100052511	rs8025913
chr15	100053384	rs4633693
chr15	100054211	rs922669
chr15	100054405	rs922670
chr15	100054594	rs1871741
chr15	100055949	rs1552098
chr15	100056886	rs8028718
chr15	100057086	rs8038037
chr15	100058572	rs1994009
chr15	100059028	rs4246299
chr15	100060188	rs4965275
chr15	100060394	rs4965572
chr15	100061264	rs1351438
chr15	100063068	rs1383543
chr15	100064429	rs4965573
chr15	100074914	rs2219928
chr15	100075308	rs7180614
chr15	100075600	rs1383547
chr15	100078865	rs11852629
chr15	100079054	rs11852671
chr15	100079381	rs10152701
chr15	100083500	rs729316
chr15	100090520	rs10459744
chr15	100093716	rs8042979
chr15	100099412	rs2054569
chr15	100099633	rs2054571
chr15	100099837	rs8042860
chr15	100099999	rs8027190
chr15	100100150	rs8027044
chr15	100101019	rs12441528
chr15	100101686	rs2418488
chr15	100101720	rs2418489
chr15	100102223	rs7498060
chr15	100102842	rs4965278
chr15	100105095	rs6598301
chr15	100106774	rs8041815
chr15	100108787	rs7166912
chr15	100110736	rs11854415
chr15	100115102	rs2199932
chr15	100115681	rs2054572
chr15	100117496	rs12439275
chr15	100118002	rs1552099
chr15	100118161	rs12594025
chr15	100118965	rs11635943
chr15	100119321	rs1005844
chr15	100119945	rs10400854
chr15	100123200	rs4316739
chr15	100124319	rs11637908
chr15	100124859	rs9672912
chr15	100125032	rs2086455
chr15	100127111	rs12438787
chr15	100127487	rs11247154
chr15	100128119	rs11632279
chr15	100128207	rs9672454
chr15	100130053	rs12595038
chr15	100134632	rs1078168
chr15	100135646	rs4965279
chr15	100137032	rs1552101
chr15	100141663	rs4564540
chr15	100142345	rs9672868
chr15	100144712	rs4246301
chr15	100145735	rs8035111
chr15	100145799	rs8034669
chr15	100147367	rs7169269
chr15	100149133	rs899947
chr15	100149943	rs2035344
chr15	100151251	rs7183000
chr15	100153867	rs11636424
chr15	100154843	rs8035655
chr15	100155142	rs8024690
chr15	100155749	rs7164647
chr15	100157763	rs4482264
chr15	100157852	rs7170610
chr15	100159850	rs7173544
chr15	100160096	rs8037201
chr15	100160315	rs6598308
chr15	100160592	rs12443035
chr15	100160949	rs9806684
chr15	100170863	rs12441250
chr15	100177236	rs12719733
chr15	100178059	rs1600677
chr15	100187048	rs2127843
chr15	100187498	rs12442846
chr15	100188458	rs2086452
chr15	100189501	rs11857443
chr15	100189811	rs11247164
chr15	100190888	rs11639098
chr15	100191123	rs8024243
chr15	100191914	rs11247165
chr15	100194861	rs8041050
chr15	100195147	rs8025049
chr15	100195762	rs1038235
chr15	100196313	rs8032493
chr15	100199200	rs12148118
chr15	100200320	rs12902545
chr15	100201823	rs4516211
chr15	100201882	rs2035347
chr15	100202581	rs8035836
chr15	100204464	rs8033025
chr15	100205475	rs4419043
chr15	100205789	rs4572372
chr15	100206703	rs6598310
chr15	100206996	rs4246304
chr15	100208916	rs1480952
chr15	100209085	rs2054564
chr15	100209163	rs5026360
chr15	100209647	rs11630841
chr15	100210666	rs8037367
chr15	100211699	rs7178894
chr15	100213542	rs999486
chr15	100214207	rs1531690
chr15	100216202	rs12901204
chr15	100216387	rs8025628
chr15	100216898	rs8031609
chr15	100218669	rs4965594
chr15	100218772	rs4965595
chr15	100219409	rs4965598
chr15	100219988	rs4965289
chr15	100220306	rs11247168
chr15	100220985	rs4548838
chr15	100221475	rs12592736
chr15	100221806	rs12591128
chr15	100223619	rs4246307
chr15	100224933	rs4412959
chr15	100225180	rs4965600
chr15	100226796	rs4246309
chr15	100229655	rs4965602
chr15	100231229	rs4965604
chr15	100231455	rs11247169
chr15	100233010	rs11857875
chr15	100233380	rs10902565
chr15	100234254	rs8024208
chr15	100234341	rs8024362
chr15	100236456	rs12592822
chr15	100240055	rs4297664
chr15	100245585	rs12148837
chr15	100245695	rs10794478
chr15	100246043	rs4450381
chr15	100246066	rs4533267
chr15	100246288	rs12324301
chr15	100246481	rs4246310
chr15	100249357	rs8023275
chr15	100253142	rs7171129
chr15	100254158	rs4369638
chr15	100254415	rs4471661
chr15	100255199	rs4074098
chr15	100261398	rs4965295
chr15	100261493	rs4965613
chr15	100261760	rs6598316
chr15	100264277	rs10902566
chr15	100264903	rs12915884
chr15	100265414	rs4965615
chr15	100266119	rs12148659
chr15	100266223	rs7168602
chr15	100266341	rs4965299
chr15	100266441	rs4965617
chr15	100267139	rs11634485
chr15	100267359	rs12440525
chr15	100267882	rs4965619
chr15	100269153	rs12439714
chr15	100270030	rs8039762
chr15	100270389	rs5011256
chr15	100270678	rs7498058
chr15	100273612	rs7182059
chr15	100275738	rs9328576
chr15	100277180	rs7497860
chr15	100279643	rs11247180
chr15	100280224	rs4965622
chr15	100280499	rs4965623
chr15	100281262	rs7496640
chr15	100281371	rs7496668
chr15	100281900	rs7497855
chr15	100281977	rs7497893
chr15	100282413	rs11634638
chr15	100282472	rs7180917
chr15	100283565	rs4965303
chr15	100288660	rs6598321
chr15	100294413	rs746711
chr15	100294903	rs748432
chr15	100299689	rs12591332
chr15	100300237	rs10902568
chr15	100300414	rs12438512
chr15	100300814	rs2028592
chr15	100302409	rs7180014
chr15	100303679	rs8041080
chr15	100304167	rs7164428
chr15	100304360	rs12437971
chr15	100305115	rs7176121
chr15	100305891	rs12909911
chr15	100306101	rs10902569
chr15	100306693	rs10902570
chr15	100307240	rs11631088
chr15	100307422	rs7162020
chr15	100307717	rs12440646
chr15	100310827	rs8030793
chr15	100315569	rs11638887
chr15	100316680	rs7162993
chr15	100317450	rs8029650
chr15	100319364	rs7182422
chr15	100320180	rs12438347
chr15	100320342	rs6598327
chr15	100320529	rs12905788
chr15	100321661	rs12439503
chr15	100322269	rs1080492
chr15	100322319	rs12440085
chr15	100324618	rs12050809
chr15	100326228	rs4965637
chr15	100328382	rs11635255
chr15	100328632	rs958982
chr15	100328935	rs958983
chr15	100331374	rs745964
chr15	100332303	rs751103
chr15	100332542	rs12324075
chr15	100333374	rs7171763
chr15	100334150	rs12593016
chr15	100336837	rs1975454
chr15	100340683	rs2585223
chr15	100343161	rs12915247
chr15	100348181	rs11858287
chr15	100349291	rs2289584
chr15	100349985	rs2289585
chr15	100350179	rs4965643
chr15	100350403	rs2587799
chr15	100350548	rs12594498
chr15	100350629	rs2585227
chr15	100353594	rs13380040
chr15	100372708	rs12915188
chr15	100379252	rs7181754
chr15	100380763	rs2247758
chr15	100394474	rs2585243
chr15	100394906	rs2587741
chr15	100402168	rs12914235
chr15	100402840	rs1023783
chr15	100406142	rs7180354
chr15	100409404	rs1000290
chr15	100413206	rs7164184
chr15	100413443	rs36044613
chr15	100416310	rs8042778
chr15	100428113	rs2587821
chr15	100430773	rs2654604
chr15	100432542	rs2587813
chr15	100434110	rs1966764
chr15	100435078	rs8040259
chr15	100435430	rs2654602
chr15	100448359	rs12911006
chr15	100453404	rs2165755
chr15	100455720	rs12050655
chr15	100455833	rs12595207
chr15	100457019	rs2062815
chr15	100457538	rs972731
chr15	100457880	rs7171529
chr15	100460176	rs2587805
chr15	100462050	rs2654583
chr15	100462141	rs1985139
chr15	100462533	rs1503474
chr15	100462916	rs2654581
chr15	100464929	rs2008712
chr15	100465109	rs1988459
chr15	100466195	rs6598348
chr15	100467579	rs7178422
chr15	100468370	rs8029244
chr15	100468465	rs8028803
chr15	100470826	rs11634135
chr15	100470994	rs11629625
chr15	100472918	rs1566775
chr15	100475019	rs2587756
chr15	100475347	rs2587759
chr15	100475400	rs2587760
chr15	100479588	rs12437474
chr15	100482026	rs2654642
chr15	100482275	rs2587765
chr15	100482488	rs10902579
chr15	100482679	rs2587766
chr15	100483509	rs4643297
chr15	100483583	rs2654637
chr15	100484245	rs2654633
chr15	100486432	rs8040700
chr15	100488070	rs2654630
chr15	100495014	rs2654626
chr15	100498264	rs1910411
chr15	100498642	rs1910410
chr15	100498954	rs11247210
chr15	100501541	rs2587778
chr15	100501691	rs1354332
chr15	100502674	rs8030478
chr15	100504724	rs2654621
chr15	100504874	rs12899207
chr15	100505242	rs2587784
chr15	100506748	rs2654619
chr15	100507676	rs2245690
chr15	100508454	rs7173701
chr15	100508500	rs7175210
chr15	100508792	rs7175791
chr15	100510341	rs2411829
chr15	100510950	rs2411830
chr15	100513184	rs11635009
chr15	100514510	rs11856789
chr15	100515733	rs11247214
chr15	100518730	rs1393945
chr15	100523173	rs8040688
chr15	100523296	rs1393941
chr15	100524322	rs956212
chr15	100525848	rs7179325
chr15	100526356	rs4246316
chr15	100527337	rs1847325
chr15	100530258	rs1566776
chr15	100530724	rs12907869
chr15	100532048	rs8038550
chr15	100532234	rs8041714
chr15	100532952	rs11247219
chr15	100535293	rs4580136
chr15	100535421	rs4638553
chr15	100537144	rs4965668
chr15	100537351	rs8031899
chr15	100538826	rs12442265
chr15	100540007	rs1910412
chr15	100541858	rs12438080
chr15	100542519	rs7169732
chr15	100547738	rs4965671
chr15	100547844	rs967467
chr15	100549036	rs4965672
chr15	100549064	rs4965315
chr15	100549368	rs12915921
chr15	100550291	rs1972053
chr15	100550330	rs28685143
chr15	100552021	rs4965316
chr15	100553925	rs11634945
chr15	100559377	rs7164688
chr15	100561848	rs883468
chr15	100562307	rs7183379
chr15	100564768	rs7174697
chr15	100567757	rs1875719
chr15	100568082	rs2131659
chr15	100568184	rs7166031
chr15	100569472	rs8451
chr15	100569478	rs1047320
chr15	100569613	rs12460
chr15	100569891	rs12915007
chr15	100570151	rs2411838
chr15	100570360	rs3764198
chr15	100571727	rs8024825
chr15	100572137	rs1493652
chr15	100572514	rs7168920
chr15	100572800	rs4965317
chr15	100573657	rs12719734
chr15	100574213	rs8039437
chr15	100574954	rs1532765
chr15	100575243	rs4965678
chr15	100580758	rs11247226
chr15	100581291	rs8029054
chr15	100581703	rs8029767
chr15	100584624	rs12441485
chr15	100584877	rs4965320
chr15	100588029	rs1602912
chr15	100592909	rs12594388
chr15	100593847	rs4578625
chr15	100594070	rs4965680
chr15	100595854	rs7180844
chr15	100598177	rs7163821
chr15	100600202	rs7177883
chr15	100601691	rs3794503
chr15	100601941	rs3794505
chr15	100602244	rs7166822
chr15	100604708	rs11856446
chr15	100606656	rs12148836
chr15	100607521	rs1873958
chr15	100608130	rs12914480
chr15	100613752	rs8042302
chr15	100615521	rs6598368
chr15	100616418	rs10431863
chr15	100618711	rs4965685
chr15	100619876	rs1979711
chr15	100629009	rs4965689
chr15	100630413	rs4965326
chr15	100632053	rs2411839
chr15	100632520	rs3803440
chr15	100636130	rs12905143
chr15	100636784	rs4465593
chr15	100637021	rs10162740
chr15	100640568	rs12914253
chr15	100642240	rs11631248
chr15	100646428	rs7168512
chr15	100646629	rs6598370
chr15	100649691	rs2279594
chr15	100652046	rs2411841
chr15	100654973	rs11247229
chr15	100656800	rs11247230
chr15	100658469	rs4965327
chr15	100658875	rs11247231
chr15	100659936	rs2641220
chr15	100660079	rs2956236
chr15	100662382	rs11635714
chr15	100662961	rs1620607
chr15	100663530	rs8027468
chr15	100664235	rs1348260
chr15	100664510	rs769046
chr15	100664630	rs1372613
chr15	100664877	rs1661787
chr15	100665344	rs1689938
chr15	100665572	rs1389401
chr15	100666553	rs6598375
chr15	100668555	rs304103
chr15	100668880	rs304102
chr15	100669037	rs9806219
chr15	100669136	rs1470219
chr15	100680164	rs7166489
chr15	100682310	rs1623676
chr15	100682539	rs1689936
chr15	100684892	rs2002791
chr15	100686021	rs1661795
chr15	100689289	rs1689953
chr15	100689579	rs1689954
chr15	100689599	rs1689955
chr15	100689668	rs1561814
chr15	100689752	rs1689956
chr15	100689845	rs1561813
chr15	100690030	rs2411842
chr15	100694197	rs2920041
chr15	100696271	rs8028239
chr15	100696530	rs8028598
chr15	100697889	rs4965700
chr15	100701209	rs11629742
chr15	100702485	rs1002941
chr15	100703830	rs1155871
chr15	100704208	rs12440148
chr15	100704367	rs1626645
chr15	100707381	rs1661812
chr15	100711514	rs184234
chr15	100711676	rs304110
chr15	100711741	rs304111
chr15	100712023	rs304113
chr15	100713352	rs304115
chr15	100723668	rs10902581
chr15	100726441	rs304126
chr15	100727778	rs304129
chr15	100727844	rs304130
chr15	100728526	rs1596161
chr15	100729265	rs7166097
chr15	100729819	rs7162198
chr15	100731600	rs8034282
chr15	100732193	rs1442316
chr15	100733566	rs894317
chr15	100735233	rs12917583
chr15	100738861	rs8043261
chr15	100740484	rs7180196
chr15	100741670	rs7180096
chr15	100748525	rs7169514
chr15	100752797	rs10162983
chr15	100755556	rs12594409
chr15	100759782	rs8023497
chr15	100761839	rs7174784
chr15	100763779	rs7164353
chr15	100763961	rs11630690
chr15	100766327	rs1465936
chr15	100769425	rs12904644
chr15	100770531	rs11639142
chr15	100771231	rs12593329
chr15	100777884	rs7173522
chr15	100779989	rs11247234
chr15	100780337	rs12898214
chr15	100781141	rs11630508
chr15	100782786	rs12909939
chr15	100785743	rs748385
chr15	100785879	rs748386
chr15	100787781	rs11247235
chr15	100788336	rs4965337
chr15	100789002	rs7177712
chr15	100792768	rs7163248
chr15	100795570	rs10902583
chr15	100796034	rs4965718
chr15	100800406	rs4630525
chr15	100809314	rs7497607
chr15	100819271	rs4536451
chr15	100820536	rs1899420
chr15	100831980	rs3803439
chr15	100832656	rs4640165
chr15	100842305	rs8028957
chr15	100844381	rs12442672
chr15	100844481	rs4965726
chr15	100846646	rs4965339
chr15	100849151	rs3803438
chr15	100852767	rs4965732
chr15	100853342	rs4965733
chr15	100854898	rs6598392
chr15	100855519	rs6598393
chr15	100856619	rs6598394
chr15	100858595	rs7175787
chr15	100861387	rs4461053
chr15	100861422	rs7176820
chr15	100862118	rs7182439
chr15	100867768	rs12441280
chr15	100869219	rs12441432
chr15	100869262	rs12441450
chr15	100870206	rs12909230
chr15	100873962	rs12906432
chr15	100874769	rs8035036
chr15	100878477	rs3809523
chr15	100881468	rs3803433
chr15	100882522	rs4646649
chr15	100884271	rs4646653
chr15	100884530	rs9944290
chr15	100885414	rs4646655
chr15	100885498	rs4646656
chr15	100889437	rs3902902
chr15	100892199	rs1886
chr15	100894787	rs4646668
chr15	100896102	rs4646669
chr15	100898657	rs7182884
chr15	100900850	rs4646675
chr15	100902231	rs4646678
chr15	100902797	rs4246323
chr15	100904414	rs4646680
chr15	100905236	rs3825926
chr15	100905610	rs3803430
chr15	100905695	rs3825924
chr15	100906065	rs4246328
chr15	100906775	rs4646683
chr15	100907552	rs4646685
chr15	100910019	rs4646688
chr15	100910274	rs12914598
chr15	100910705	rs3803428
chr15	100914124	rs4246329
chr15	100914981	rs3803426
chr15	100915635	rs1130738
chr15	100916112	rs14226
chr15	100916578	rs7045
chr15	100917912	rs7163108
chr15	100918224	rs4646694
chr15	100924371	rs7181644
chr15	100924710	rs11630691
chr15	100927617	rs10794481
chr15	100927775	rs11247241
chr15	100929032	rs8033230
chr15	100931751	rs8030786
chr15	100933463	rs7165387
chr15	100935261	rs11858394
chr15	100936109	rs4072820
chr15	100938754	rs7179502
chr15	100939826	rs4075387
chr15	100948377	rs7170683
chr15	100952784	rs12441903
chr15	100953634	rs12911894
chr15	100954574	rs4965739
chr15	100954675	rs4965740
chr15	100954766	rs4965741
chr15	100956196	rs12913004
chr15	100957291	rs8037913
chr15	100957716	rs7497343
chr15	100959076	rs721906
chr15	100959474	rs7179850
chr15	100964982	rs12909663
chr15	100965523	rs6598404
chr15	100966362	rs7178547
chr15	100967417	rs11855904
chr15	100967619	rs11855957
chr15	100968056	rs4965745
chr15	100974424	rs8038607
chr15	100975063	rs12915954
chr15	100977282	rs8031069
chr15	100977752	rs12906757
chr15	100978011	rs11632187
chr15	100978162	rs7170140
chr15	100978321	rs6598406
chr15	100980449	rs12442816
chr15	100981584	rs12591383
chr15	100982818	rs12719736
chr15	100984004	rs7176253
chr15	100986458	rs897489
chr15	100987430	rs7176015
chr15	100988016	rs11635019
chr15	100988913	rs4357923
chr15	100989389	rs2412000
chr15	100990011	rs12916234
chr15	100991627	rs7170149
chr15	100995344	rs7172498
chr15	100996211	rs4352030
chr15	100996725	rs966293
chr15	100998376	rs12916140
chr15	101000361	rs12908197
chr15	101000704	rs12908142
chr15	101000996	rs11631957
chr15	101003085	rs12902950
chr15	101004013	rs12906318
chr15	101005573	rs11247250
chr15	101005990	rs7163635
chr15	101007198	rs1993376
chr15	101007392	rs1993375
chr15	101007426	rs11247251
chr15	101010931	rs878274
chr15	101011509	rs6598412
chr15	101014699	rs1078513
chr15	101015087	rs2412004
chr15	101015194	rs2034809
chr15	101017436	rs963333
chr15	101018022	rs10751716
chr15	101018357	rs930847
chr15	101018931	rs936111
chr15	101020887	rs11633278
chr15	101022588	rs11247253
chr15	101025913	rs4427776
chr15	101027005	rs876626
chr15	101029262	rs11639307
chr15	101034997	rs7169099
chr15	101037329	rs1598492
chr15	101040488	rs12594881
chr15	101043991	rs7165368
chr15	101044055	rs6598426
chr15	101044230	rs7174996
chr15	101044594	rs6598427
chr15	101045131	rs4965359
chr15	101051473	rs12915781
chr15	101051534	rs8039331
chr15	101051718	rs4965778
chr15	101052568	rs11635914
chr15	101052578	rs4965779
chr15	101052626	rs11630470
chr15	101055475	rs8041944
chr15	101055693	rs2995904
chr15	101058317	rs2924846
chr15	101058908	rs17161155
chr15	101059041	rs17744500
chr15	101059665	rs2924848
chr15	101062353	rs2925203
chr15	101063583	rs1055406
chr15	101066056	rs3764739
chr15	101066365	rs2925202
chr15	101067308	rs2925201
chr15	101069440	rs1048326
chr15	101070131	rs2925200
chr15	101071854	rs2925199
chr15	101078303	rs2995899
chr15	101083250	rs7175898
chr15	101083393	rs3986589
chr15	101084969	rs3863407
chr15	101085446	rs17161174
chr15	101085927	rs12591972
chr15	101086688	rs6650551
chr15	101092125	rs7169895
chr15	101094159	rs1455854
chr15	101096816	rs10459736
chr15	101097601	rs2085280
chr15	101100829	rs12903939
chr15	101102096	rs11630047
chr15	101104523	rs4965786
chr15	101107422	rs12591826
chr15	101107470	rs12591851
chr15	101107824	rs2085161
chr15	101108761	rs11635137
chr15	101109206	rs11631445
chr15	101112625	rs897486
chr15	101113692	rs1002612
chr15	101114227	rs11633369
chr15	101114247	rs11638485
chr15	101115384	rs12898443
chr15	101115883	rs2305569
chr15	101117514	rs1968734
chr15	101121007	rs11637390
chr15	101122275	rs897232
chr15	101123620	rs10902595
chr15	101127021	rs4965789
chr15	101128989	rs2412132
chr15	101130381	rs1902131
chr15	101132056	rs1982486
chr15	101136730	rs8034723
chr15	101138520	rs723988
chr15	101139228	rs11638962
chr15	101139560	rs11856385
chr15	101139954	rs4965368
chr15	101142802	rs4965369
chr15	101148500	rs2045161
chr15	101148851	rs12161956
chr15	101149720	rs2045160
chr15	101150114	rs11247267
chr15	101150902	rs2045159
chr15	101153676	rs3851683
chr15	101155417	rs8039999
chr15	101156046	rs8042846
chr15	101156560	rs882708
chr15	101157048	rs1470982
chr15	101157777	rs1809180
chr15	101158254	rs1470984
chr15	101158771	rs11247268
chr15	101160468	rs4965798
chr15	101160540	rs4965799
chr15	101162696	rs4965800
chr15	101162839	rs4965370
chr15	101166509	rs1807833
chr15	101168135	rs1982489
chr15	101169138	rs1965875
chr15	101169344	rs11638966
chr15	101170229	rs11630618
chr15	101170781	rs2168188
chr15	101171994	rs7170818
chr15	101172148	rs7175522
chr15	101173096	rs11634552
chr15	101174204	rs1975752
chr15	101174650	rs2014320
chr15	101175101	rs4965801
chr15	101175243	rs4965802
chr15	101175315	rs4965803
chr15	101176378	rs11433
chr15	101176592	rs3784526
chr15	101177901	rs3803423
chr15	101178495	rs2005180
chr15	101178722	rs3743193
chr15	101179938	rs1993338
chr15	101181496	rs12595381
chr15	101181687	rs12593811
chr15	101182262	rs4278729
chr15	101182320	rs8028597
chr15	101182812	rs11630342
chr15	101185028	rs11638414
chr15	101189396	rs13329644
chr15	101190963	rs8024948
chr15	101192657	rs11247274
chr15	101192909	rs8036393
chr15	101193875	rs2012387
chr15	101199994	rs10751717
chr15	101207732	rs2014185
chr15	101210254	rs7171542
chr15	101211493	rs8043304
chr15	101222334	rs8042424
chr15	101222815	rs4350553
chr15	101224764	rs329293
chr15	101224776	rs329292
chr15	101226227	rs6598437
chr15	101226617	rs2124133
chr15	101226962	rs12441054
chr15	101227085	rs12148369
chr15	101231248	rs8043243
chr15	101234161	rs8040150
chr15	101235700	rs7165356
chr15	101235715	rs7165361
chr15	101235913	rs7166401
chr15	101236211	rs11631804
chr15	101239889	rs11634283
chr15	101241729	rs752092
chr15	101241884	rs8029617
chr15	101246048	rs8032573
chr15	101250612	rs8032007
chr15	101252915	rs3765103
chr15	101253446	rs2170625
chr15	101254835	rs6598440
chr15	101256261	rs12900538
chr15	101258535	rs4965810
chr15	101261719	rs9806156
chr15	101262360	rs12910524
chr15	101262752	rs9806366
chr15	101264707	rs1384565
chr15	101267086	rs11854862
chr15	101267169	rs8037527
chr15	101267710	rs2101171
chr15	101269569	rs13329407
chr15	101271199	rs9874
chr15	101272190	rs4965373
chr15	101273712	rs4965814
chr15	101281404	rs4965815
chr15	101283585	rs4965816
chr15	101284066	rs12909636
chr15	101284419	rs12908996
chr15	101288718	rs8027101
chr15	101290039	rs8037809
chr15	101292483	rs4965818
chr15	101294724	rs4965820
chr15	101295485	rs4965821
chr15	101296067	rs8035837
chr15	101296232	rs8029790
chr15	101298522	rs4965822
chr15	101299352	rs12102173
chr15	101300541	rs6598448
chr15	101302162	rs6598449
chr15	101303354	rs2624978
chr15	101304719	rs2073595
chr15	101306886	rs2624981
chr15	101308129	rs737033
chr15	101310714	rs4965825
chr15	101312459	rs2073594
chr15	101314693	rs3784515
chr15	101316479	rs7168817
chr15	101316578	rs12902381
chr15	101317342	rs7169313
chr15	101321958	rs3825921
chr15	101322682	rs2277594
chr15	101322927	rs1871976
chr15	101323084	rs1871978
chr15	101323368	rs9806256
chr15	101325267	rs7182874
chr15	101327282	rs1471656
chr15	101328846	rs1947942
chr15	101328980	rs752028
chr15	101329050	rs882422
chr15	101329166	rs752026
chr15	101330123	rs755867
chr15	101332101	rs2073592
chr15	101336211	rs2086678
chr15	101336986	rs1976033
chr15	101342175	rs6598451
chr15	101342296	rs11854332
chr15	101342925	rs11854307
chr15	101344102	rs11247280
chr15	101344124	rs11247281
chr15	101346550	rs7175368
chr15	101346648	rs12914198
chr15	101347562	rs2949
chr15	101347589	rs1030
chr15	101347876	rs875293
chr15	101348388	rs8038528
chr15	101349350	rs11630183
chr15	101350606	rs10152458
chr15	101350656	rs10152756
chr15	101350708	rs10152471
chr15	101354830	rs4965831
chr15	101355666	rs12593069
chr15	101361068	rs1077015
chr15	101362495	rs1078988
chr15	101362948	rs7167668
chr15	101364879	rs4965833
chr15	101365328	rs11247287
chr15	101366532	rs1531817
chr15	101367524	rs1994965
chr15	101369577	rs2955965
chr15	101370345	rs20543
chr15	101370595	rs2073590
chr15	101370756	rs2020951
chr15	101371343	rs6598456
chr15	101375573	rs730556
chr15	101376442	rs8036466
chr15	101377104	rs2934996
chr15	101377459	rs3021420
chr15	101377661	rs12898407
chr15	101378986	rs729906
chr15	101379092	rs3825915
chr15	101380081	rs3784491
chr15	101382850	rs11858775
chr15	101383080	rs10152309
chr15	101384341	rs1135911
chr15	101384633	rs2277589
chr15	101385458	rs10152164
chr15	101386445	rs6598459
chr15	101386547	rs8043284
chr15	101386868	rs8042699
chr15	101387672	rs3784485
chr15	101388220	rs3825904
chr15	101388541	rs4965841
chr15	101389954	rs6598463
chr15	101390031	rs6598464
chr15	101390109	rs6598465
chr15	101390402	rs903556
chr15	101390413	rs12917106
chr15	101390520	rs1542807
chr15	101390777	rs1542808
chr15	101391647	rs3784484
chr15	101391841	rs3784482
chr15	101391959	rs3784481
chr15	101392257	rs4965381
chr15	101393021	rs4965843
chr15	101393661	rs2277586
chr15	101393820	rs7173569
chr15	101393923	rs10400863
chr15	101394081	rs10400809
chr15	101395097	rs747536
chr15	101395867	rs903561
chr15	101395952	rs1039037
chr15	101396006	rs903562
chr15	101396183	rs903564
chr15	101396515	rs3784470
chr15	101397273	rs903565
chr15	101398629	rs3816939
chr15	101399477	rs1982906
chr15	101399713	rs1874274
chr15	101404754	rs3784463
chr15	101407742	rs8043118
chr15	101408007	rs12437510
chr15	101408160	rs4965847
chr15	101408963	rs3825901
chr15	101410639	rs1532364
chr15	101410728	rs1000914
chr15	101410990	rs1108993
chr15	101411618	rs11633098
chr15	101411872	rs880453
chr15	101412825	rs12916267
chr15	101413722	rs1495273
chr15	101414609	rs7169873
chr15	101414749	rs4965853
chr15	101415106	rs12437488
chr15	101415475	rs1994967
chr15	101415514	rs1994968
chr15	101418257	rs12911482
chr15	101420819	rs12441549
chr15	101422452	rs10152229
chr15	101422518	rs1495271
chr15	101424716	rs7168655
chr15	101424916	rs7169026
chr15	101425268	rs2412015
chr15	101425587	rs3784457
chr15	101427596	rs4965384
chr15	101428847	rs2643350
chr15	101429544	rs2643353
chr15	101430118	rs3825896
chr15	101430131	rs3825895
chr15	101431183	rs2643356
chr15	101431830	rs2643358
chr15	101431850	rs12902244
chr15	101432726	rs8024621
chr15	101433288	rs7170232
chr15	101434193	rs2412014
chr15	101434312	rs2412013
chr15	101436406	rs10438489
chr15	101437253	rs1466744
chr15	101437584	rs11638957
chr15	101438985	rs1466745
chr15	101440398	rs6598473
chr15	101443122	rs7176003
chr15	101443831	rs11855154
chr15	101444038	rs6598474
chr15	101444200	rs6422008
chr15	101446628	rs6598477
chr15	101450261	rs4965870
chr15	101451106	rs7172696
chr15	101451951	rs2132194
chr15	101452793	rs11639051
chr15	101453199	rs7167996
chr15	101453784	rs1552948
chr15	101457381	rs4246336
chr15	101457786	rs903552
chr15	101458059	rs2047220
chr15	101463818	rs4965873
chr15	101465646	rs8041582
chr15	101466120	rs12903048
chr15	101466280	rs1587107
chr15	101467238	rs11858490
chr15	101467251	rs11858491
chr15	101468225	rs9806369
chr15	101468443	rs6598481
chr15	101468936	rs4965877
chr15	101470106	rs9806745
chr15	101470177	rs11858635
chr15	101472421	rs2172851
chr15	101472742	rs11853956
chr15	101474142	rs765825
chr15	101474494	rs12900435
chr15	101474585	rs6598483
chr15	101474690	rs8028556
chr15	101477176	rs924014
chr15	101478640	rs7174882
chr15	101480283	rs7165891
chr15	101480799	rs7167581
chr15	101480843	rs7166898
chr15	101482129	rs8043067
chr15	101482551	rs6598484
chr15	101483931	rs4965881
chr15	101485013	rs11247300
chr15	101485341	rs4965392
chr15	101488263	rs7166089
chr15	101491141	rs12900827
chr15	101495064	rs2047222
chr15	101496193	rs2047223
chr15	101496606	rs12904950
chr15	101497780	rs12915600
chr15	101500198	rs11247301
chr15	101500415	rs11247303
chr15	101500469	rs7179692
chr15	101500914	rs735504
chr15	101500940	rs746428
chr15	101502898	rs4965892
chr15	101504591	rs6598485
chr15	101504767	rs7183102
chr15	101505162	rs1446123
chr15	101505199	rs7166024
chr15	101505374	rs8033723
chr15	101506085	rs28469650
chr15	101506824	rs12916565
chr15	101507653	rs9920181
chr15	101509572	rs8026441
chr15	101511063	rs7171582
chr15	101512431	rs714647
chr15	101519857	rs7181923
chr15	101521172	rs7175868
chr15	101521262	rs7176083
chr15	101521768	rs7172127
chr15	101523569	rs8027819
chr15	101525395	rs7359250
chr15	101526258	rs2084148
chr15	101527638	rs8025505
chr15	101528251	rs8039669
chr15	101528285	rs1037118
chr15	101528455	rs1037117
chr15	101529541	rs895394
chr15	101530050	rs7165359
chr15	101530416	rs895393
chr15	101532822	rs2166404
chr15	101532889	rs2121212
chr15	101533161	rs11636460
chr15	101533714	rs8029801
chr15	101537572	rs2121211
chr15	101540152	rs1011160
chr15	101545397	rs4965897
chr15	101546565	rs4246337
chr15	101553875	rs1562253
chr15	101556292	rs8039456
chr15	101557423	rs4965898
chr15	101561555	rs8038697
chr15	101561738	rs9972548
chr15	101562429	rs8042430
chr15	101562774	rs1466017
chr15	101563846	rs4965899
chr15	101563876	rs4965900
chr15	101564491	rs1984528
chr15	101565590	rs1446120
chr15	101569245	rs7177875
chr15	101570239	rs1015310
chr15	101571821	rs11852731
chr15	101572489	rs992215
chr15	101572950	rs11631717
chr15	101573326	rs11632863
chr15	101573903	rs2121207
chr15	101574211	rs10794483
chr15	101575358	rs2898892
chr15	101575442	rs2898893
chr15	101576269	rs12442066
chr15	101576664	rs11633785
chr15	101577946	rs11634224
chr15	101580136	rs11635432
chr15	101580692	rs12902757
chr15	101580774	rs12101912
chr15	101588500	rs12594055
chr15	101591019	rs8033180
chr15	101599283	rs7177851
chr15	101602444	rs7169834
chr15	101604419	rs8025965
chr15	101604752	rs11634684
chr15	101605948	rs10152467
chr15	101606908	rs4965905
chr15	101606936	rs7171669
chr15	101608463	rs7173796
chr15	101609238	rs2412133
chr15	101611170	rs12324658
chr15	101611839	rs8036586
chr15	101612385	rs12595154
chr15	101613601	rs12900200
chr15	101615479	rs11638858
chr15	101617451	rs7168948
chr15	101618261	rs895390
chr15	101618578	rs895389
chr15	101619837	rs7162261
chr15	101622352	rs660721
chr15	101622450	rs477421
chr15	101624877	rs9635431
chr15	101625600	rs9920596
chr15	101641980	rs708394
chr15	101645900	rs2956846
chr15	101651831	rs507903
chr15	101654085	rs9964
chr15	101654832	rs626073
chr15	101655983	rs572705
chr15	101662272	rs2939585
chr15	101663675	rs11854173
chr15	101663828	rs516667
chr15	101665206	rs2053701
chr15	101666514	rs624365
chr15	101669538	rs558555
chr15	101670768	rs526447
chr15	101672228	rs1192113
chr15	101675562	rs8024223
chr15	101683568	rs12595678
chr15	101684138	rs12901450
chr15	101685418	rs12907459
chr15	101688471	rs7179353
chr15	101692267	rs12440512
chr15	101693057	rs1908160
chr15	101693600	rs7495447
chr15	101694619	rs8033322
chr15	101695258	rs8038261
chr15	101700437	rs10444899
chr15	101703151	rs7172905
chr15	101706813	rs7169476
chr15	101707661	rs8035839
chr15	101708975	rs8038125
chr15	101711790	rs11247320
chr15	101712635	rs8040142
chr15	101712649	rs8035859
chr15	101719340	rs11629506
chr15	101721431	rs8026439
chr15	101727019	rs8037807
chr15	101727797	rs12050503
chr15	101732072	rs11247325
chr15	101733297	rs8024180
chr15	101733578	rs4965405
chr15	101734294	rs8031873
chr15	101775997	rs1810232
chr15	101779539	rs352722
chr15	101784253	rs375606
chr15	101786434	rs11858182
chr15	101800637	rs352717
chr15	101801801	rs8040299
chr15	101808429	rs352742
chr15	101809480	rs3905942
chr15	101810394	rs352743
chr15	101812226	rs352744
chr15	101816294	rs9328589
chr15	101819389	rs2063695
chr15	101820936	rs7182334
chr15	101824040	rs1399026
chr15	101824630	rs7182651
chr15	101826646	rs2203348
chr15	101829176	rs11639153
chr15	101829508	rs7165135
chr15	101836558	rs2203349
chr15	101841157	rs6598500
chr15	101842890	rs7169868
chr15	101844531	rs8036482
chr15	101844841	rs1513981
chr15	101845031	rs7177306
chr15	101848489	rs1355871
chr15	101855640	rs8029360
chr15	101857633	rs7180508
chr15	101857857	rs7181527
chr15	101859834	rs1533309
