CHROM	POS	ID
chr16	36671	rs41340949
chr16	47354	rs8466
chr16	51263	rs216590
chr16	53423	rs2541593
chr16	55320	rs216596
chr16	55444	rs2541594
chr16	57275	rs1045001
chr16	60167	rs216600
chr16	60927	rs2562146
chr16	63926	rs216605
chr16	64537	rs2562147
chr16	65043	rs2288490
chr16	65074	rs6600227
chr16	65187	rs1366553
chr16	65659	rs2562148
chr16	67196	rs216606
chr16	69021	rs216609
chr16	69280	rs216610
chr16	69731	rs216612
chr16	70336	rs216614
chr16	71847	rs9936565
chr16	76220	rs34456770
chr16	77231	rs3785288
chr16	78955	rs1013358
chr16	79224	rs710079
chr16	79278	rs710080
chr16	81110	rs2541632
chr16	83947	rs2562182
chr16	84458	rs1061438
chr16	86259	rs2541622
chr16	89369	rs2239296
chr16	91661	rs2562181
chr16	93505	rs6600233
chr16	94596	rs2562178
chr16	95034	rs7185192
chr16	102222	rs12927713
chr16	104846	rs798613
chr16	105322	rs798612
chr16	107143	rs216091
chr16	111939	rs183350
chr16	112999	rs2541613
chr16	113599	rs11248850
chr16	113668	rs11865131
chr16	114936	rs216093
chr16	120329	rs2238368
chr16	124411	rs13331107
chr16	126744	rs2562164
chr16	134243	rs7197554
chr16	135124	rs2857998
chr16	137430	rs2562189
chr16	137510	rs2562188
chr16	140238	rs2541605
chr16	142315	rs2562185
chr16	143587	rs2858944
chr16	144846	rs7202152
chr16	146498	rs12923613
chr16	148836	rs8051004
chr16	151390	rs6600143
chr16	153255	rs2461286
chr16	155036	rs2541639
chr16	157612	rs2541638
chr16	162329	rs2541644
chr16	162650	rs3785309
chr16	165380	rs2541677
chr16	168736	rs2541675
chr16	171058	rs2974771
chr16	175160	rs11639532
chr16	175654	rs2858942
chr16	178307	rs8061637
chr16	181168	rs3929997
chr16	182006	rs9925848
chr16	185661	rs2685118
chr16	190281	rs1211375
chr16	190896	rs1203956
chr16	191211	rs1203957
chr16	195080	rs3859141
chr16	197889	rs3918352
chr16	202480	rs11642609
chr16	206279	rs1203977
chr16	207549	rs11639642
chr16	215160	rs1203981
chr16	219034	rs8044711
chr16	222350	rs11641681
chr16	226550	rs7197253
chr16	227125	rs17135705
chr16	227459	rs1203974
chr16	227913	rs8045291
chr16	230196	rs8051213
chr16	235118	rs35021117
chr16	235314	rs4141288
chr16	236983	rs8051485
chr16	243563	rs11248914
chr16	243916	rs11248915
chr16	245796	rs6600191
chr16	247751	rs2252214
chr16	248138	rs2858007
chr16	250642	rs9940149
chr16	254515	rs3213508
chr16	256244	rs4374177
chr16	259156	rs1122794
chr16	261854	rs2239739
chr16	262254	rs10903013
chr16	262636	rs11248925
chr16	263203	rs2239738
chr16	263407	rs7189326
chr16	268051	rs4984857
chr16	269512	rs739999
chr16	272935	rs9940585
chr16	274052	rs2685126
chr16	279211	rs448971
chr16	279671	rs373271
chr16	281463	rs366509
chr16	281959	rs8063732
chr16	284890	rs419949
chr16	285373	rs2685127
chr16	286396	rs400037
chr16	287678	rs393521
chr16	287871	rs394128
chr16	291079	rs12925669
chr16	291664	rs12926617
chr16	297184	rs214252
chr16	297326	rs214251
chr16	298222	rs214250
chr16	298687	rs214249
chr16	299221	rs214247
chr16	299293	rs214246
chr16	299331	rs7200589
chr16	302736	rs1204042
chr16	306105	rs8063821
chr16	306689	rs1981492
chr16	307140	rs11649255
chr16	309567	rs11644916
chr16	309953	rs2301522
chr16	310303	rs3842949
chr16	310317	rs3842950
chr16	310888	rs3848361
chr16	312638	rs7359414
chr16	313384	rs12930863
chr16	315024	rs7198225
chr16	319413	rs8064205
chr16	322597	rs3916990
chr16	323817	rs11646942
chr16	325782	rs9921222
chr16	326781	rs7195617
chr16	327794	rs11648673
chr16	331141	rs12719801
chr16	331927	rs12921862
chr16	336423	rs12445857
chr16	337867	rs11866815
chr16	342461	rs370681
chr16	343342	rs395901
chr16	345396	rs2885415
chr16	346264	rs1805105
chr16	347044	rs758033
chr16	348151	rs2361988
chr16	348643	rs11649268
chr16	350475	rs17136255
chr16	351209	rs9935993
chr16	355416	rs11860497
chr16	357800	rs7206329
chr16	359415	rs7186612
chr16	364608	rs3848368
chr16	364930	rs3859153
chr16	367757	rs13226
chr16	369092	rs3830160
chr16	369154	rs1802752
chr16	370907	rs540
chr16	374277	rs3743887
chr16	377479	rs11248931
chr16	377784	rs11641742
chr16	379951	rs763144
chr16	380011	rs743961
chr16	382751	rs1573736
chr16	383623	rs743962
chr16	386257	rs367146
chr16	387494	rs2007827
chr16	389550	rs11648458
chr16	390244	rs4984867
chr16	391809	rs379387
chr16	392805	rs390499
chr16	396187	rs4984871
chr16	396362	rs4984666
chr16	398172	rs431324
chr16	399162	rs7185254
chr16	400309	rs5841
chr16	405646	rs873477
chr16	406416	rs3743890
chr16	406483	rs3785290
chr16	410673	rs3743895
chr16	411762	rs1204504
chr16	417585	rs1698231
chr16	424180	rs3760048
chr16	427407	rs1204511
chr16	429010	rs12447491
chr16	430096	rs1204509
chr16	435555	rs1698232
chr16	437728	rs12926123
chr16	441405	rs3785296
chr16	442529	rs12719806
chr16	445538	rs7196963
chr16	445662	rs11645697
chr16	451362	rs3852766
chr16	461080	rs3743896
chr16	461183	rs3743898
chr16	464407	rs9934520
chr16	466922	rs3785301
chr16	469394	rs7196655
chr16	472672	rs2178725
chr16	473120	rs7205963
chr16	474305	rs3785303
chr16	477961	rs926694
chr16	483264	rs6600221
chr16	486631	rs6600222
chr16	486686	rs12921002
chr16	488565	rs754295
chr16	489140	rs2038227
chr16	489429	rs2038228
chr16	490343	rs7193952
chr16	492029	rs8050450
chr16	492148	rs8054892
chr16	492727	rs12719809
chr16	494664	rs8046866
chr16	497108	rs8063501
chr16	497297	rs2301487
chr16	500337	rs1540331
chr16	502621	rs2071975
chr16	503401	rs7188353
chr16	518748	rs9934705
chr16	520454	rs11863276
chr16	520623	rs2071978
chr16	522044	rs4984887
chr16	522855	rs1054363
chr16	525312	rs3760049
chr16	526495	rs2239488
chr16	529900	rs11864655
chr16	530296	rs11860412
chr16	533360	rs3785307
chr16	541586	rs7206751
chr16	543277	rs8054514
chr16	551632	rs3213574
chr16	554554	rs7763
chr16	555029	rs13338503
chr16	556104	rs763158
chr16	558264	rs7203312
chr16	559130	rs7190878
chr16	562698	rs4984890
chr16	572211	rs7189540
chr16	572325	rs4984892
chr16	573238	rs4984895
chr16	574114	rs2071979
chr16	574713	rs4984669
chr16	577920	rs10903017
chr16	580089	rs7191939
chr16	583125	rs1045277
chr16	583354	rs710925
chr16	587212	rs2017567
chr16	591164	rs4984898
chr16	592610	rs7205409
chr16	595968	rs4144003
chr16	596421	rs4984672
chr16	600788	rs7190358
chr16	602941	rs7203694
chr16	603739	rs2384973
chr16	605262	rs4984902
chr16	605686	rs11248940
chr16	611142	rs7204088
chr16	615323	rs11643412
chr16	621682	rs4984677
chr16	624737	rs4984678
chr16	625215	rs2269556
chr16	627629	rs2269557
chr16	627854	rs15564
chr16	628430	rs12149200
chr16	628877	rs10153107
chr16	629412	rs9929621
chr16	629953	rs17139376
chr16	630695	rs4984903
chr16	632566	rs2269561
chr16	636398	rs7200434
chr16	637619	rs7184664
chr16	638557	rs34409359
chr16	647963	rs13380608
chr16	650970	rs2076142
chr16	651656	rs11642546
chr16	656668	rs34775748
chr16	659001	rs4984906
chr16	659630	rs4984907
chr16	660255	rs3752496
chr16	661905	rs2301426
chr16	662867	rs1057835
chr16	663596	rs8046298
chr16	664155	rs4984911
chr16	665060	rs1044662
chr16	666273	rs11866949
chr16	666287	rs9934288
chr16	667523	rs3752493
chr16	667828	rs3752490
chr16	669592	rs11557858
chr16	669933	rs4984681
chr16	670152	rs3752487
chr16	670986	rs1139897
chr16	672548	rs1128550
chr16	674084	rs1045763
chr16	674633	rs3830141
chr16	675335	rs3830140
chr16	681725	rs6597
chr16	681771	rs1046112
chr16	685794	rs11640115
chr16	685921	rs763053
chr16	687269	rs17850290
chr16	690466	rs4984913
chr16	696884	rs4984683
chr16	696914	rs4984915
chr16	697454	rs12922098
chr16	699057	rs4984916
chr16	700107	rs7205124
chr16	701873	rs7199133
chr16	704083	rs4984684
chr16	704565	rs7200757
chr16	707166	rs12599342
chr16	707459	rs13336260
chr16	707891	rs9937369
chr16	714040	rs3809663
chr16	716485	rs6600231
chr16	717519	rs4589552
chr16	719247	rs3169403
chr16	722842	rs12599130
chr16	724692	rs2071950
chr16	728820	rs12448432
chr16	730339	rs7205337
chr16	732397	rs12443803
chr16	733004	rs2071951
chr16	733173	rs2071952
chr16	734765	rs9928077
chr16	735279	rs11864516
chr16	737827	rs12449156
chr16	739761	rs3752556
chr16	748071	rs4984692
chr16	748489	rs12448639
chr16	750821	rs12102635
chr16	751627	rs7404985
chr16	752234	rs7404049
chr16	754760	rs13336445
chr16	756655	rs12719810
chr16	760039	rs3764247
chr16	760143	rs3764246
chr16	761433	rs2235505
chr16	764058	rs9927389
chr16	774098	rs9927150
chr16	781464	rs17144313
chr16	781496	rs3765334
chr16	785298	rs1052629
chr16	787857	rs3817833
chr16	790378	rs3765263
chr16	790409	rs3765264
chr16	790597	rs3765265
chr16	790769	rs3765266
chr16	791966	rs742319
chr16	795819	rs2294446
chr16	797388	rs11861920
chr16	797597	rs2294450
chr16	797743	rs2294451
chr16	798755	rs36073541
chr16	802137	rs4984931
chr16	810673	rs10153199
chr16	812507	rs7197176
chr16	815040	rs11864684
chr16	816053	rs12445974
chr16	820950	rs654065
chr16	821092	rs541054
chr16	822531	rs742285
chr16	825402	rs689439
chr16	825708	rs557192
chr16	825737	rs688041
chr16	828324	rs2076237
chr16	830773	rs681971
chr16	835032	rs556179
chr16	839656	rs649305
chr16	842018	rs4984938
chr16	845079	rs561553
chr16	847566	rs4984698
chr16	848328	rs4984943
chr16	851174	rs12448056
chr16	852322	rs4984946
chr16	860950	rs1001366
chr16	861717	rs4566169
chr16	864426	rs6600234
chr16	866122	rs13338480
chr16	876830	rs224169
chr16	879711	rs2076425
chr16	881686	rs4984954
chr16	884180	rs9939901
chr16	888967	rs577543
chr16	893107	rs4984705
chr16	893361	rs4984707
chr16	898966	rs760560
chr16	900922	rs4262947
chr16	901045	rs4474684
chr16	907885	rs4984969
chr16	909446	rs12927254
chr16	910725	rs742036
chr16	911051	rs2277893
chr16	911054	rs2277892
chr16	913315	rs4984979
chr16	916335	rs7202025
chr16	916462	rs7202239
chr16	920598	rs4984982
chr16	920814	rs9888914
chr16	926554	rs929069
chr16	929006	rs4984719
chr16	929236	rs8055183
chr16	932503	rs12446849
chr16	933163	rs6600235
chr16	935947	rs1544800
chr16	936758	rs4984988
chr16	936989	rs9328929
chr16	937877	rs9746775
chr16	937935	rs9746456
chr16	937972	rs5029140
chr16	937996	rs5029141
chr16	938578	rs4984724
chr16	938889	rs4984990
chr16	938998	rs8044961
chr16	939381	rs12448994
chr16	940386	rs17146060
chr16	940400	rs4984727
chr16	940815	rs12597498
chr16	941872	rs2164340
chr16	942300	rs1465761
chr16	944364	rs402605
chr16	944887	rs17146072
chr16	945894	rs7192150
chr16	952526	rs9939418
chr16	954554	rs3751667
chr16	954605	rs12448005
chr16	954694	rs3751666
chr16	957268	rs4984617
chr16	957461	rs4984621
chr16	957763	rs12595929
chr16	959035	rs2729577
chr16	962750	rs7187700
chr16	966057	rs6600238
chr16	972326	rs3809671
chr16	976398	rs1978480
chr16	979912	rs3809673
chr16	980414	rs12443534
chr16	982776	rs9931183
chr16	985548	rs3751669
chr16	985653	rs3751668
chr16	986640	rs2072042
chr16	987035	rs12924218
chr16	995384	rs591332
chr16	995721	rs534319
chr16	995838	rs535255
chr16	995951	rs593969
chr16	996471	rs578629
chr16	998864	rs12933152
chr16	998950	rs550397
chr16	999075	rs4984745
chr16	999431	rs554929
chr16	1000877	rs500492
chr16	1001520	rs527083
chr16	1002943	rs606198
chr16	1003817	rs620238
chr16	1005808	rs3848345
chr16	1015433	rs108990
chr16	1016396	rs9936536
chr16	1020147	rs406161
chr16	1023552	rs2744148
chr16	1023782	rs372196
chr16	1028763	rs394176
chr16	1029582	rs374950
chr16	1031188	rs453169
chr16	1031348	rs448653
chr16	1035393	rs428233
chr16	1036769	rs375275
chr16	1038773	rs541912
chr16	1038797	rs507095
chr16	1039949	rs17135129
chr16	1042101	rs611862
chr16	1042676	rs2038128
chr16	1042871	rs513000
chr16	1050306	rs4984633
chr16	1050633	rs9932954
chr16	1050776	rs11864154
chr16	1052701	rs11248851
chr16	1055760	rs4989483
chr16	1055966	rs4989489
chr16	1059435	rs2467440
chr16	1059518	rs2056992
chr16	1059653	rs2056993
chr16	1060644	rs8055360
chr16	1061384	rs213653
chr16	1063551	rs213654
chr16	1063695	rs4984761
chr16	1063847	rs213656
chr16	1063993	rs213657
chr16	1064107	rs11644051
chr16	1064258	rs213658
chr16	1065377	rs11649498
chr16	1066567	rs598257
chr16	1067662	rs562647
chr16	1071226	rs548411
chr16	1076679	rs550713
chr16	1078406	rs3751830
chr16	1079872	rs169068
chr16	1081393	rs2076421
chr16	1081695	rs197056
chr16	1083049	rs174643
chr16	1084267	rs9936957
chr16	1084683	rs17638778
chr16	1084818	rs9937517
chr16	1085009	rs17135167
chr16	1085403	rs17135170
chr16	1087354	rs17558245
chr16	1101323	rs197075
chr16	1103338	rs638367
chr16	1105025	rs533184
chr16	1109731	rs2745129
chr16	1111810	rs2729583
chr16	1120512	rs2729597
chr16	1129031	rs12928460
chr16	1134967	rs11865472
chr16	1142213	rs4566170
chr16	1148938	rs909910
chr16	1150067	rs7184967
chr16	1161457	rs7201050
chr16	1166084	rs17135186
chr16	1167549	rs7199884
chr16	1175628	rs11640796
chr16	1176198	rs11861917
chr16	1180036	rs2407084
chr16	1184871	rs7191344
chr16	1185314	rs1075789
chr16	1187356	rs7191794
chr16	1189810	rs12929353
chr16	1191997	rs11248859
chr16	1194201	rs8053994
chr16	1196270	rs1005454
chr16	1197337	rs11648002
chr16	1197482	rs3794619
chr16	1197571	rs3794620
chr16	1197606	rs3794621
chr16	1201281	rs17793904
chr16	1201803	rs9922076
chr16	1202441	rs4984636
chr16	1202599	rs9924677
chr16	1203529	rs2050114
chr16	1204369	rs3751664
chr16	1204577	rs11640345
chr16	1205545	rs2745167
chr16	1211222	rs2753325
chr16	1211282	rs4984637
chr16	1215720	rs3897150
chr16	1216020	rs2738890
chr16	1218829	rs11866966
chr16	1219003	rs3751886
chr16	1219029	rs2738893
chr16	1219740	rs2745137
chr16	1220055	rs3751889
chr16	1220162	rs1054645
chr16	1221348	rs8049082
chr16	1221890	rs1004041
chr16	1222038	rs11248860
chr16	1222472	rs7198064
chr16	1222865	rs4984639
chr16	1223803	rs909921
chr16	1223982	rs12934797
chr16	1238711	rs3760123
chr16	1238880	rs3760122
chr16	1245124	rs35262813
chr16	1247070	rs9937881
chr16	1247144	rs9927989
chr16	1247188	rs12448292
chr16	1261332	rs3765436
chr16	1261796	rs753357
chr16	1263381	rs6600126
chr16	1263636	rs11641981
chr16	1266224	rs8045299
chr16	1270592	rs9937841
chr16	1275970	rs1962736
chr16	1280215	rs12446440
chr16	1283386	rs9940055
chr16	1286402	rs4984797
chr16	1287716	rs4984799
chr16	1289754	rs4984643
chr16	1290464	rs4984802
chr16	1299208	rs7187167
chr16	1299928	rs4984803
chr16	1309216	rs4984805
chr16	1312294	rs8047332
chr16	1314766	rs2281226
chr16	1319175	rs8045459
chr16	1319729	rs9933497
chr16	1321153	rs2268049
chr16	1321294	rs12446893
chr16	1323592	rs11248868
chr16	1324817	rs8063
chr16	1325262	rs7302
chr16	1331713	rs909914
chr16	1331916	rs3759937
chr16	1333326	rs7185635
chr16	1334907	rs9935863
chr16	1335649	rs4984814
chr16	1343019	rs2235632
chr16	1344506	rs1132356
chr16	1347697	rs8055112
chr16	1347814	rs1132358
chr16	1350477	rs11248873
chr16	1350692	rs2294605
chr16	1352492	rs11865211
chr16	1354725	rs761057
chr16	1355536	rs742460
chr16	1357092	rs8060970
chr16	1357440	rs6600137
chr16	1357808	rs4984820
chr16	1360132	rs2887538
chr16	1364497	rs3826051
chr16	1365298	rs11865640
chr16	1365330	rs1061497
chr16	1367407	rs4984823
chr16	1376049	rs2369696
chr16	1376586	rs9926672
chr16	1376726	rs9926835
chr16	1376993	rs7192116
chr16	1378504	rs4984827
chr16	1382257	rs8054315
chr16	1382490	rs8052876
chr16	1394728	rs6600139
chr16	1401518	rs761068
chr16	1403042	rs4984830
chr16	1405899	rs8044833
chr16	1407157	rs9674112
chr16	1408560	rs2179534
chr16	1408846	rs17135323
chr16	1416170	rs7498616
chr16	1426464	rs4984834
chr16	1427472	rs8061842
chr16	1431019	rs7194275
chr16	1432361	rs7201383
chr16	1432472	rs7201572
chr16	1436874	rs3751894
chr16	1438645	rs8054054
chr16	1439260	rs2050152
chr16	1443908	rs34470360
chr16	1445299	rs941439
chr16	1446004	rs10903009
chr16	1448571	rs17135338
chr16	1448950	rs12932780
chr16	1449376	rs742408
chr16	1451374	rs8045185
chr16	1452856	rs12926089
chr16	1452863	rs12926669
chr16	1454148	rs11645645
chr16	1454214	rs12934261
chr16	1457987	rs6600147
chr16	1460131	rs4786419
chr16	1460566	rs2072950
chr16	1464746	rs17135345
chr16	1465161	rs2235580
chr16	1467727	rs2745001
chr16	1471555	rs2745007
chr16	1471744	rs1033466
chr16	1472175	rs2941955
chr16	1472223	rs8050166
chr16	1472669	rs1040497
chr16	1475778	rs3946124
chr16	1478386	rs17808854
chr16	1482462	rs13336428
chr16	1482836	rs4786772
chr16	1486379	rs2667672
chr16	1486498	rs2745097
chr16	1486534	rs2745098
chr16	1486937	rs1810481
chr16	1487838	rs2745101
chr16	1488362	rs1040499
chr16	1488463	rs2745103
chr16	1488691	rs2667675
chr16	1489191	rs2667676
chr16	1491460	rs2745106
chr16	1492686	rs13333529
chr16	1493166	rs3829557
chr16	1494301	rs2667661
chr16	1495447	rs2235624
chr16	1496442	rs4786965
chr16	1496860	rs2235629
chr16	1498403	rs4786994
chr16	1501081	rs2667662
chr16	1505197	rs2294604
chr16	1505588	rs2248128
chr16	1509837	rs3180228
chr16	1510885	rs1053730
chr16	1512251	rs10083822
chr16	1514822	rs2745111
chr16	1516381	rs9922740
chr16	1517650	rs2072990
chr16	1518401	rs2076434
chr16	1519201	rs3784819
chr16	1519251	rs3784820
chr16	1519404	rs2667666
chr16	1520856	rs932391
chr16	1523889	rs2235638
chr16	1524251	rs2235639
chr16	1528983	rs3784826
chr16	1529010	rs2064291
chr16	1529150	rs3784828
chr16	1533633	rs8048206
chr16	1534865	rs2235642
chr16	1535114	rs2235643
chr16	1542523	rs2076446
chr16	1543605	rs8049972
chr16	1543644	rs2064289
chr16	1543842	rs4558418
chr16	1547209	rs2294623
chr16	1551286	rs2235646
chr16	1551766	rs2281230
chr16	1551878	rs2281231
chr16	1553575	rs2281236
chr16	1555050	rs9932984
chr16	1555162	rs9922661
chr16	1555536	rs1057610
chr16	1555605	rs17135391
chr16	1558081	rs2076436
chr16	1558176	rs2235641
chr16	1560884	rs1016499
chr16	1566200	rs11648609
chr16	1573250	rs722565
chr16	1574141	rs10903010
chr16	1577507	rs8052868
chr16	1582964	rs9934342
chr16	1583099	rs9927202
chr16	1592422	rs2273679
chr16	1593246	rs4786363
chr16	1595744	rs17135416
chr16	1600945	rs2667684
chr16	1606320	rs6600157
chr16	1606764	rs2859310
chr16	1608055	rs763152
chr16	1610273	rs1057983
chr16	1615664	rs41509448
chr16	1623187	rs7201375
chr16	1625789	rs929106
chr16	1627751	rs7199891
chr16	1629438	rs13332134
chr16	1631751	rs17135441
chr16	1631768	rs8050447
chr16	1632280	rs3169425
chr16	1634326	rs8047180
chr16	1641105	rs2072986
chr16	1641280	rs11865609
chr16	1642204	rs9930418
chr16	1642901	rs9940288
chr16	1643964	rs12447757
chr16	1644150	rs12444617
chr16	1644224	rs12926146
chr16	1645775	rs13333329
chr16	1647024	rs13336131
chr16	1655080	rs3743511
chr16	1659067	rs12596340
chr16	1663512	rs3178656
chr16	1665453	rs7199342
chr16	1665890	rs2076417
chr16	1666009	rs8058190
chr16	1666293	rs11861975
chr16	1669773	rs742312
chr16	1670843	rs2272893
chr16	1671240	rs12445978
chr16	1674692	rs2294444
chr16	1675104	rs2294445
chr16	1676950	rs7186654
chr16	1679232	rs7203980
chr16	1680310	rs2235487
chr16	1685920	rs8045021
chr16	1693510	rs2235490
chr16	1694025	rs9888765
chr16	1696793	rs11863003
chr16	1703331	rs6600162
chr16	1703428	rs6600163
chr16	1707617	rs11860440
chr16	1709793	rs17135499
chr16	1710090	rs12922553
chr16	1711318	rs8059926
chr16	1713913	rs11639981
chr16	1715170	rs7199735
chr16	1715212	rs7197815
chr16	1715231	rs12930313
chr16	1720602	rs34547187
chr16	1721599	rs35979144
chr16	1727492	rs17135503
chr16	1729694	rs12920634
chr16	1734141	rs8049415
chr16	1740396	rs34089266
chr16	1745600	rs11648261
chr16	1749406	rs4786518
chr16	1750644	rs8056771
chr16	1752231	rs10459881
chr16	1754356	rs8063431
chr16	1755351	rs17135510
chr16	1757779	rs9788926
chr16	1764390	rs2294618
chr16	1764439	rs2294619
chr16	1765486	rs2974847
chr16	1765756	rs2575372
chr16	1767430	rs2575369
chr16	1769432	rs2575329
chr16	1769834	rs12448520
chr16	1772158	rs2269123
chr16	1773023	rs11552431
chr16	1774074	rs1033476
chr16	1776301	rs2437732
chr16	1777835	rs1178432
chr16	1778838	rs8055552
chr16	1780436	rs1178433
chr16	1780620	rs1178435
chr16	1781652	rs1178436
chr16	1782362	rs28364711
chr16	1784723	rs12149777
chr16	1785230	rs2745170
chr16	1785392	rs2575352
chr16	1786795	rs2235648
chr16	1787405	rs2235649
chr16	1788639	rs344359
chr16	1789022	rs1065663
chr16	1789376	rs182939
chr16	1790776	rs9282731
chr16	1791032	rs17559
chr16	1792208	rs3751893
chr16	1797867	rs9932890
chr16	1799942	rs9925460
chr16	1800445	rs4100646
chr16	1801825	rs9926962
chr16	1802774	rs2247696
chr16	1804539	rs1742450
chr16	1806439	rs8047464
chr16	1808068	rs1028590
chr16	1808887	rs1624387
chr16	1809849	rs1742442
chr16	1812723	rs4786635
chr16	1813519	rs2575357
chr16	1816663	rs2076451
chr16	1817039	rs11860469
chr16	1822458	rs8045169
chr16	1822721	rs238678
chr16	1823086	rs104843
chr16	1827493	rs3743854
chr16	1827557	rs3743853
chr16	1832913	rs10468428
chr16	1835631	rs13332303
chr16	1836980	rs12325218
chr16	1837015	rs12325282
chr16	1839644	rs3813760
chr16	1839713	rs3813761
chr16	1839820	rs3848346
chr16	1840055	rs3848348
chr16	1843881	rs3848350
chr16	1844911	rs9806826
chr16	1844960	rs9806945
chr16	1851210	rs7200137
chr16	1851808	rs1742419
chr16	1851843	rs1625279
chr16	1851892	rs1625393
chr16	1852104	rs2492883
chr16	1853650	rs1657117
chr16	1854505	rs1742424
chr16	1854586	rs7199384
chr16	1855005	rs1742429
chr16	1855762	rs2754186
chr16	1857557	rs10500323
chr16	1857651	rs428123
chr16	1857945	rs411193
chr16	1858450	rs2437744
chr16	1860804	rs368947
chr16	1861133	rs1742438
chr16	1861363	rs2754189
chr16	1862020	rs1657125
chr16	1866102	rs453494
chr16	1869450	rs1657093
chr16	1870628	rs1657094
chr16	1870677	rs1657095
chr16	1870739	rs2917523
chr16	1870756	rs2974856
chr16	1870791	rs2982235
chr16	1875278	rs173164
chr16	1875333	rs17135651
chr16	1876641	rs6600181
chr16	1881055	rs4420529
chr16	1884427	rs1535343
chr16	1889377	rs1742454
chr16	1893417	rs2575337
chr16	1896061	rs1742462
chr16	1896750	rs12599337
chr16	1897015	rs911391
chr16	1897152	rs2982446
chr16	1897258	rs911392
chr16	1897334	rs1742464
chr16	1897412	rs2982447
chr16	1900299	rs1657133
chr16	1900478	rs2917519
chr16	1903039	rs1742472
chr16	1903094	rs1742473
chr16	1903150	rs2906912
chr16	1904507	rs2982433
chr16	1904798	rs337284
chr16	1909618	rs1742398
chr16	1911521	rs3751824
chr16	1911550	rs1657139
chr16	1912131	rs8055325
chr16	1919082	rs740466
chr16	1919938	rs2429186
chr16	1922547	rs344363
chr16	1922815	rs1742402
chr16	1924794	rs344365
chr16	1926373	rs1626051
chr16	1926866	rs344368
chr16	1930267	rs758194
chr16	1937057	rs9928312
chr16	1938616	rs4987018
chr16	1940993	rs13331553
chr16	1944979	rs11640479
chr16	1946074	rs1003904
chr16	1947613	rs2252523
chr16	1954717	rs2815301
chr16	1955562	rs338779
chr16	1956098	rs30254
chr16	1960085	rs338791
chr16	1960137	rs397435
chr16	1961006	rs758334
chr16	1961063	rs740580
chr16	1961081	rs731198
chr16	1961125	rs758335
chr16	1964129	rs11643780
chr16	1965120	rs1133099
chr16	1966122	rs12597317
chr16	1971104	rs8055439
chr16	1971892	rs2302178
chr16	1972073	rs28396225
chr16	1973853	rs35955001
chr16	1974354	rs3743850
chr16	1975205	rs8053843
chr16	1975677	rs17602
chr16	1975764	rs12927588
chr16	1975957	rs35795901
chr16	1976176	rs36118556
chr16	1976634	rs35938501
chr16	1978401	rs8460
chr16	1979722	rs12929367
chr16	1982326	rs3785273
chr16	1982407	rs3785272
chr16	1984660	rs2075812
chr16	1985252	rs34973300
chr16	1986047	rs1046495
chr16	1986630	rs17135743
chr16	1986779	rs17135745
chr16	1988580	rs28452667
chr16	1989307	rs2283476
chr16	1989590	rs17135750
chr16	1991491	rs7190048
chr16	1995660	rs13331781
chr16	1995730	rs12324993
chr16	1998795	rs1058474
chr16	1999639	rs2286469
chr16	2000191	rs11556528
chr16	2004154	rs8045887
chr16	2005852	rs17653749
chr16	2006850	rs9921461
chr16	2007122	rs7190034
chr16	2012064	rs8051877
chr16	2013480	rs7201821
chr16	2015665	rs12596630
chr16	2019166	rs8057913
chr16	2020567	rs2286472
chr16	2023119	rs8045288
chr16	2024035	rs3785284
chr16	2024218	rs8051338
chr16	2026201	rs35327014
chr16	2031502	rs2238373
chr16	2035294	rs9930956
chr16	2035679	rs2516781
chr16	2035996	rs2531210
chr16	2037561	rs1132368
chr16	2038311	rs11876
chr16	2038584	rs2531213
chr16	2039005	rs3211995
chr16	2047109	rs2516740
chr16	2047157	rs2516739
chr16	2051590	rs8059880
chr16	2051748	rs2516737
chr16	2053004	rs2516735
chr16	2055054	rs2073636
chr16	2055399	rs1800720
chr16	2061229	rs2074969
chr16	2061778	rs17135764
chr16	2065818	rs8063461
chr16	2066082	rs7190284
chr16	2066817	rs9926532
chr16	2069186	rs8050755
chr16	2070401	rs7187438
chr16	2075833	rs13337626
chr16	2078727	rs17596071
chr16	2081939	rs7196774
chr16	2082730	rs9928737
chr16	2083900	rs30259
chr16	2088868	rs13332377
chr16	2092352	rs12918803
chr16	2094298	rs34123233
chr16	2095786	rs7185040
chr16	2096472	rs17596774
chr16	2141733	rs258281
chr16	2143517	rs26930
chr16	2145555	rs36227
chr16	2146082	rs35785
chr16	2146777	rs36230
chr16	2149787	rs36232
chr16	2154834	rs13242
chr16	2156590	rs258282
chr16	2158888	rs2078282
chr16	2160406	rs9935429
chr16	2171156	rs13331284
chr16	2172999	rs13333044
chr16	2175822	rs12921326
chr16	2177367	rs35199162
chr16	2183564	rs889495
chr16	2187548	rs26835
chr16	2194530	rs26828
chr16	2197361	rs26873
chr16	2198016	rs30995
chr16	2198785	rs26869
chr16	2198887	rs27384
chr16	2200067	rs9921791
chr16	2200232	rs9928327
chr16	2200730	rs26866
chr16	2206325	rs27699
chr16	2208766	rs11863256
chr16	2209190	rs3160
chr16	2210566	rs26857
chr16	2213145	rs26849
chr16	2213515	rs26848
chr16	2217876	rs27345
chr16	2220112	rs1640778
chr16	2220332	rs30991
chr16	2224299	rs30988
chr16	2226088	rs3096278
chr16	2230276	rs27382
chr16	2235356	rs26840
chr16	2238223	rs27620
chr16	2238344	rs160551
chr16	2238887	rs26842
chr16	2244889	rs26845
chr16	2246300	rs17814754
chr16	2246850	rs3803695
chr16	2249338	rs11645942
chr16	2253495	rs10721
chr16	2254337	rs9796949
chr16	2255538	rs155243
chr16	2258203	rs4787270
chr16	2263342	rs40342
chr16	2264400	rs161431
chr16	2268334	rs155247
chr16	2271035	rs12386039
chr16	2273393	rs12599229
chr16	2274068	rs150925
chr16	2274302	rs161427
chr16	2275041	rs161426
chr16	2278649	rs150929
chr16	2278789	rs150928
chr16	2279260	rs2302035
chr16	2280587	rs161428
chr16	2281429	rs149532
chr16	2282576	rs2238464
chr16	2286393	rs2014467
chr16	2295387	rs17183533
chr16	2299759	rs4787273
chr16	2303205	rs17198615
chr16	2308759	rs323073
chr16	2310098	rs323072
chr16	2315287	rs11867129
chr16	2317335	rs13332514
chr16	2317508	rs323066
chr16	2318168	rs4787277
chr16	2328051	rs17793970
chr16	2332353	rs17758402
chr16	2335364	rs11642833
chr16	2337259	rs17135889
chr16	2379056	rs4238908
chr16	2379178	rs4238909
chr16	2379870	rs8046762
chr16	2380175	rs6600193
chr16	2390032	rs4787289
chr16	2395362	rs6600202
chr16	2395479	rs6600203
chr16	2396020	rs4497687
chr16	2404509	rs4129919
chr16	2410422	rs4332747
chr16	2415989	rs12443553
chr16	2421513	rs4278751
chr16	2423924	rs7200467
chr16	2426135	rs4786280
chr16	2428252	rs4412969
chr16	2430947	rs12923030
chr16	2434782	rs8052046
chr16	2436181	rs12932700
chr16	2436614	rs4387603
chr16	2438210	rs12926008
chr16	2438692	rs12926827
chr16	2447009	rs12926991
chr16	2448203	rs11648784
chr16	2448336	rs11642437
chr16	2449010	rs8060813
chr16	2450843	rs12932646
chr16	2452640	rs1136062
chr16	2460602	rs4786284
chr16	2462522	rs3810794
chr16	2472714	rs35693349
chr16	2484524	rs9930906
chr16	2587282	rs7201584
chr16	2592202	rs34610373
chr16	2595964	rs1005273
chr16	2597875	rs10866
chr16	2649290	rs11646682
chr16	2649387	rs11641121
chr16	2649755	rs11640230
chr16	2655522	rs11642783
chr16	2657448	rs4786303
chr16	2661821	rs11646366
chr16	2663274	rs11646579
chr16	2663728	rs11642560
chr16	2675255	rs11648529
chr16	2687070	rs11645410
chr16	2690840	rs11644881
chr16	2691811	rs10500324
chr16	2692019	rs11077336
chr16	2693417	rs11642384
chr16	2697615	rs3094476
chr16	2697856	rs3094475
chr16	2698062	rs3094474
chr16	2698698	rs3112726
chr16	2699529	rs3112727
chr16	2700191	rs732055
chr16	2700454	rs1859137
chr16	2700695	rs4296261
chr16	2701172	rs3112728
chr16	2702153	rs739717
chr16	2702687	rs13337854
chr16	2703179	rs3094471
chr16	2705879	rs4786320
chr16	2716209	rs7201453
chr16	2729235	rs3094481
chr16	2731842	rs1981539
chr16	2735157	rs3094472
chr16	2738280	rs3112675
chr16	2753144	rs12918081
chr16	2757082	rs2240145
chr16	2757262	rs2107321
chr16	2761177	rs2240144
chr16	2762889	rs2240141
chr16	2762938	rs2240140
chr16	2764161	rs3094775
chr16	2765236	rs3094773
chr16	2768160	rs2301802
chr16	2768703	rs3094792
chr16	2770881	rs1050134
chr16	2771524	rs4036
chr16	2771572	rs8017
chr16	2772173	rs2285877
chr16	2773138	rs3112684
chr16	2773569	rs3112686
chr16	2773922	rs3112687
chr16	2774539	rs3112688
chr16	2774983	rs916947
chr16	2775593	rs3094774
chr16	2777972	rs9925824
chr16	2780388	rs4398107
chr16	2787999	rs12599113
chr16	2818640	rs2074907
chr16	2818782	rs2074906
chr16	2821120	rs11076844
chr16	2821451	rs2072273
chr16	2821554	rs10641
chr16	2823312	rs4786325
chr16	2824495	rs7190558
chr16	2825482	rs1541449
chr16	2827631	rs4786326
chr16	2829278	rs4785908
chr16	2830104	rs9925556
chr16	2832196	rs12373
chr16	2836396	rs917376
chr16	2838185	rs12445599
chr16	2839403	rs8054377
chr16	2840209	rs2285675
chr16	2842369	rs3810801
chr16	2842769	rs8060332
chr16	2842960	rs17659759
chr16	2844694	rs4785909
chr16	2845348	rs10744990
chr16	2847371	rs8047221
chr16	2848355	rs11076866
chr16	2850435	rs11863710
chr16	2852430	rs7186326
chr16	2856933	rs732532
chr16	2858702	rs8046218
chr16	2861319	rs7192880
chr16	2865869	rs12443836
chr16	2866093	rs757107
chr16	2868291	rs17660212
chr16	2869928	rs11862984
chr16	2870763	rs4785913
chr16	2871992	rs7200575
chr16	2874058	rs8054693
chr16	2878109	rs4785914
chr16	2891319	rs1034709
chr16	2895089	rs2301763
chr16	2897013	rs2285826
chr16	2899247	rs7281
chr16	2902422	rs9673618
chr16	2904265	rs9934223
chr16	2904915	rs11076933
chr16	2911031	rs12935415
chr16	2913316	rs757165
chr16	2913527	rs757164
chr16	2914089	rs886322
chr16	2914282	rs2074365
chr16	2915518	rs8054735
chr16	2924415	rs17603186
chr16	2927261	rs4785919
chr16	2927364	rs4786352
chr16	2933137	rs2074363
chr16	2934495	rs2074360
chr16	2934867	rs2074359
chr16	2935357	rs7194018
chr16	2935683	rs17603568
chr16	2936232	rs9933986
chr16	2936265	rs9921749
chr16	2936322	rs9928222
chr16	2936430	rs739716
chr16	2939840	rs17136161
chr16	2942113	rs9930148
chr16	2943359	rs11561585
chr16	2943609	rs12925401
chr16	2947254	rs4786358
chr16	2948628	rs8050688
chr16	2948910	rs9928269
chr16	2949217	rs734138
chr16	2949297	rs757276
chr16	2950015	rs4785920
chr16	2951034	rs757277
chr16	2953763	rs6500743
chr16	2953833	rs9302815
chr16	2956839	rs6500757
chr16	2960444	rs4786361
chr16	2960465	rs4238844
chr16	2960509	rs7184777
chr16	2965261	rs6500763
chr16	2968634	rs2285829
chr16	2971115	rs4786365
chr16	2972260	rs7189958
chr16	2973604	rs886427
chr16	2975992	rs4149795
chr16	2977295	rs4149782
chr16	2977697	rs4149775
chr16	2982565	rs7184322
chr16	2986550	rs7187296
chr16	2995326	rs9930961
chr16	3006583	rs2526269
chr16	3011927	rs11862306
chr16	3012552	rs2231605
chr16	3013263	rs2227269
chr16	3014697	rs2717700
chr16	3014862	rs8064223
chr16	3015923	rs2269911
chr16	3023239	rs10508
chr16	3026662	rs960274
chr16	3028543	rs2079244
chr16	3031317	rs11862977
chr16	3032326	rs2717713
chr16	3032477	rs2526279
chr16	3034108	rs2526275
chr16	3038182	rs1859376
chr16	3039648	rs4045136
chr16	3041694	rs11642206
chr16	3042505	rs2360165
chr16	3042824	rs2360166
chr16	3044260	rs1004792
chr16	3047294	rs879734
chr16	3048639	rs2360168
chr16	3049441	rs2247226
chr16	3050094	rs10431961
chr16	3051638	rs7199221
chr16	3051817	rs2741891
chr16	3052175	rs1061019
chr16	3052208	rs1064875
chr16	3059031	rs7188234
chr16	3059842	rs11864930
chr16	3060713	rs10438593
chr16	3061202	rs7188573
chr16	3063897	rs4786370
chr16	3066255	rs2239301
chr16	3067936	rs2239303
chr16	3072281	rs12447486
chr16	3075202	rs12917910
chr16	3075426	rs4786377
chr16	3084753	rs2092015
chr16	3086180	rs4786383
chr16	3087260	rs12919933
chr16	3090615	rs3810808
chr16	3096027	rs2037983
chr16	3096284	rs2037984
chr16	3098129	rs4785926
chr16	3098990	rs909405
chr16	3099517	rs909406
chr16	3100895	rs2717695
chr16	3101335	rs2717694
chr16	3103405	rs2741932
chr16	3105005	rs11647815
chr16	3111651	rs8048848
chr16	3111897	rs4589555
chr16	3113137	rs2280950
chr16	3114698	rs2002341
chr16	3115050	rs224177
chr16	3115424	rs909410
chr16	3115682	rs2280951
chr16	3116143	rs2294150
chr16	3131995	rs11649450
chr16	3135736	rs560947
chr16	3139378	rs224246
chr16	3141355	rs2735537
chr16	3142672	rs1053997
chr16	3143460	rs2238379
chr16	3144615	rs2550392
chr16	3144829	rs2238381
chr16	3150659	rs2735515
chr16	3153034	rs224185
chr16	3155334	rs2194337
chr16	3155394	rs2194335
chr16	3164963	rs1816116
chr16	3165103	rs2741900
chr16	3169599	rs2741907
chr16	3175868	rs224199
chr16	3176868	rs224200
chr16	3180887	rs1076573
chr16	3183737	rs172787
chr16	3187581	rs424165
chr16	3189815	rs2238391
chr16	3192615	rs427135
chr16	3193850	rs6501136
chr16	3200228	rs9940294
chr16	3201522	rs8044035
chr16	3201628	rs6501154
chr16	3201812	rs7184884
chr16	3203133	rs224176
chr16	3204470	rs1834026
chr16	3207868	rs548927
chr16	3209823	rs11077321
chr16	3211955	rs8047557
chr16	3213937	rs12709237
chr16	3216552	rs2741916
chr16	3221222	rs2238400
chr16	3226869	rs12447421
chr16	3227251	rs11077325
chr16	3232275	rs9927763
chr16	3232605	rs2075852
chr16	3236118	rs442387
chr16	3239331	rs186493
chr16	3240929	rs71998
chr16	3241970	rs224234
chr16	3242896	rs2741919
chr16	3243888	rs1231122
chr16	3246429	rs224204
chr16	3246616	rs224205
chr16	3248865	rs224212
chr16	3251360	rs224215
chr16	3251664	rs2238408
chr16	3251757	rs224217
chr16	3251897	rs224218
chr16	3254762	rs224225
chr16	3258357	rs224230
chr16	3269193	rs224243
chr16	3273569	rs190081
chr16	3278518	rs220376
chr16	3283367	rs220378
chr16	3283391	rs186371
chr16	3286561	rs188760
chr16	3290845	rs220380
chr16	3294618	rs220381
chr16	3296229	rs220382
chr16	3300639	rs7185015
chr16	3303205	rs6501169
chr16	3311884	rs2240024
chr16	3312017	rs757108
chr16	3312609	rs7500738
chr16	3312632	rs17684582
chr16	3316141	rs17136316
chr16	3317061	rs17611827
chr16	3317229	rs17611866
chr16	3322481	rs11645952
chr16	3327582	rs6501170
chr16	3328342	rs37845
chr16	3328450	rs37846
chr16	3341330	rs2106863
chr16	3342053	rs1968055
chr16	3342984	rs10163302
chr16	3345190	rs11646593
chr16	3348013	rs8060064
chr16	3348174	rs11640748
chr16	3349012	rs7201530
chr16	3355875	rs1009429
chr16	3355986	rs1218762
chr16	3355994	rs1228348
chr16	3356516	rs11643487
chr16	3356626	rs11648783
chr16	3357258	rs4578649
chr16	3357489	rs3848355
chr16	3361855	rs7196196
chr16	3362861	rs7188903
chr16	3363477	rs8054222
chr16	3363749	rs17685105
chr16	3365562	rs7186033
chr16	3368467	rs7205187
chr16	3368487	rs11077331
chr16	3370814	rs17136359
chr16	3371073	rs9937267
chr16	3371199	rs9921152
chr16	3375325	rs40633
chr16	3375524	rs42329
chr16	3376917	rs37803
chr16	3381933	rs27228
chr16	3382413	rs27229
chr16	3384699	rs27230
chr16	3384966	rs27231
chr16	3387268	rs11648996
chr16	3387919	rs27234
chr16	3389676	rs2074366
chr16	3391223	rs27238
chr16	3395112	rs11077333
chr16	3396937	rs28089
chr16	3399479	rs28603
chr16	3400052	rs3760083
chr16	3401881	rs37810
chr16	3402193	rs37811
chr16	3405079	rs37813
chr16	3405247	rs37814
chr16	3408219	rs37819
chr16	3411294	rs250459
chr16	3412595	rs2680221
chr16	3417329	rs2641787
chr16	3427424	rs250532
chr16	3428866	rs171634
chr16	3431930	rs2680235
chr16	3433475	rs1129568
chr16	3435460	rs37823
chr16	3436236	rs37824
chr16	3436285	rs12737
chr16	3437201	rs2270492
chr16	3437576	rs37825
chr16	3438773	rs3848356
chr16	3439644	rs40222
chr16	3441209	rs37831
chr16	3442048	rs11077337
chr16	3444322	rs8056000
chr16	3448951	rs4786416
chr16	3450193	rs3859147
chr16	3453738	rs40223
chr16	3456775	rs12448488
chr16	3459056	rs40363
chr16	3460737	rs9934814
chr16	3470806	rs1617722
chr16	3471051	rs1690450
chr16	3472197	rs6501176
chr16	3472303	rs4786421
chr16	3475431	rs250629
chr16	3484892	rs13740
chr16	3485028	rs2074524
chr16	3485116	rs4785936
chr16	3486444	rs2285815
chr16	3486872	rs2736
chr16	3487650	rs4786425
chr16	3488003	rs757269
chr16	3493445	rs9932807
chr16	3500147	rs11077346
chr16	3506484	rs2074523
chr16	3510901	rs7202780
chr16	3516362	rs6501178
chr16	3519130	rs17198722
chr16	3525270	rs13332500
chr16	3530784	rs17794017
chr16	3532969	rs3751836
chr16	3533173	rs3751837
chr16	3534140	rs1034735
chr16	3534179	rs17794023
chr16	3536230	rs9790
chr16	3538068	rs12596890
chr16	3539110	rs1134597
chr16	3539846	rs1124285
chr16	3543549	rs17136456
chr16	3544296	rs35402060
chr16	3558255	rs1859379
chr16	3561609	rs8050566
chr16	3563003	rs8044546
chr16	3563238	rs8057436
chr16	3570926	rs10521060
chr16	3575447	rs9930893
chr16	3575566	rs9926974
chr16	3576457	rs8061554
chr16	3579226	rs2077235
chr16	3583656	rs758748
chr16	3584745	rs12933120
chr16	3588808	rs8058233
chr16	3589138	rs3810812
chr16	3589826	rs3810813
chr16	3590273	rs714181
chr16	3600428	rs13335490
chr16	3606481	rs8061528
chr16	3606556	rs28516461
chr16	3611814	rs12924990
chr16	3613230	rs11076781
chr16	3615302	rs7190673
chr16	3615345	rs35628215
chr16	3621438	rs35192564
chr16	3626309	rs10852636
chr16	3636162	rs2158442
chr16	3639677	rs740862
chr16	3645353	rs735830
chr16	3652235	rs3810816
chr16	3655379	rs8176927
chr16	3657746	rs1053874
chr16	3658169	rs2791
chr16	3658192	rs1059857
chr16	3659522	rs17183750
chr16	3660096	rs710891
chr16	3661655	rs7200737
chr16	3664610	rs3751842
chr16	3668443	rs4786427
chr16	3668491	rs10852637
chr16	3668727	rs3794699
chr16	3668847	rs3794700
chr16	3669343	rs11646287
chr16	3675681	rs2074800
chr16	3680577	rs3794701
chr16	3683733	rs4786430
chr16	3688026	rs2158962
chr16	3688886	rs2072379
chr16	3688960	rs2072380
chr16	3691561	rs2008344
chr16	3696240	rs6500550
chr16	3697203	rs1639150
chr16	3704910	rs17198911
chr16	3709392	rs6500552
chr16	3711911	rs17136481
chr16	3712586	rs129969
chr16	3713178	rs129988
chr16	3713733	rs38025
chr16	3720728	rs2191416
chr16	3725168	rs9392
chr16	3740185	rs11076785
chr16	3741260	rs129968
chr16	3746146	rs129963
chr16	3750544	rs17136507
chr16	3761555	rs886528
chr16	3761595	rs11076786
chr16	3778171	rs130003
chr16	3778347	rs130005
chr16	3778584	rs8052927
chr16	3782470	rs130021
chr16	3783305	rs130023
chr16	3784315	rs130024
chr16	3788297	rs8046065
chr16	3789534	rs3789033
chr16	3802775	rs11076787
chr16	3806444	rs130037
chr16	3815109	rs130052
chr16	3817080	rs17199009
chr16	3821285	rs11644593
chr16	3823641	rs1296720
chr16	3825167	rs2238418
chr16	3863994	rs2239316
chr16	3867882	rs2526689
chr16	3872991	rs17199030
chr16	3874936	rs2239318
chr16	3894359	rs13335795
chr16	3912619	rs12446940
chr16	3915365	rs2238419
chr16	3917410	rs759274
chr16	3919174	rs6500559
chr16	3919462	rs2283484
chr16	3920016	rs2283488
chr16	3922201	rs41520045
chr16	3926978	rs12600120
chr16	3930444	rs8049367
chr16	3937522	rs11649508
chr16	3942782	rs11640300
chr16	3943252	rs17256169
chr16	3944695	rs17256183
chr16	3946281	rs17136624
chr16	3947029	rs11646137
chr16	3947223	rs11646233
chr16	3948414	rs714485
chr16	3948629	rs7197403
chr16	3949583	rs2283491
chr16	3951897	rs2601773
chr16	3952021	rs1978300
chr16	3953053	rs2238425
chr16	3954792	rs1966419
chr16	3955520	rs8046007
chr16	3957085	rs2601788
chr16	3958229	rs2238431
chr16	3963466	rs2531995
chr16	3964140	rs2238432
chr16	3965728	rs879620
chr16	3966048	rs11543317
chr16	3966675	rs2230742
chr16	3971733	rs2531992
chr16	3977422	rs2072346
chr16	3977604	rs2240735
chr16	3978059	rs2601775
chr16	3980794	rs2238438
chr16	3981347	rs2238439
chr16	3982580	rs2041247
chr16	3982715	rs933392
chr16	3983096	rs2531982
chr16	3983435	rs2230739
chr16	3984066	rs2531979
chr16	3985067	rs2601777
chr16	3985498	rs12148974
chr16	3985896	rs2238443
chr16	3986154	rs4786450
chr16	3987524	rs2283492
chr16	3987917	rs2239305
chr16	3988386	rs2444217
chr16	3988905	rs2072342
chr16	3989140	rs2072341
chr16	3989967	rs11649287
chr16	3992448	rs2239307
chr16	3999364	rs12935810
chr16	4001512	rs11647828
chr16	4002485	rs2531967
chr16	4004689	rs12149274
chr16	4006926	rs2072338
chr16	4007132	rs2079731
chr16	4007602	rs3730119
chr16	4007894	rs11643596
chr16	4009745	rs12921697
chr16	4010334	rs11645655
chr16	4010660	rs2239310
chr16	4013550	rs2601787
chr16	4015582	rs1967309
chr16	4015676	rs1967308
chr16	4016190	rs2239311
chr16	4018812	rs17136692
chr16	4020332	rs8061182
chr16	4024907	rs11076800
chr16	4026135	rs4786454
chr16	4026751	rs7196832
chr16	4033104	rs6500567
chr16	4033360	rs4786456
chr16	4036860	rs10775350
chr16	4037511	rs12933423
chr16	4037975	rs2601796
chr16	4046510	rs2601831
chr16	4047221	rs917522
chr16	4050267	rs12103309
chr16	4053870	rs2601828
chr16	4054511	rs13338087
chr16	4057141	rs12444920
chr16	4058906	rs2108987
chr16	4060192	rs7204987
chr16	4061524	rs8047038
chr16	4065492	rs11076806
chr16	4074299	rs2532019
chr16	4078630	rs2532015
chr16	4078952	rs1034905
chr16	4080203	rs2532011
chr16	4081882	rs2238455
chr16	4082921	rs409963
chr16	4083012	rs7193369
chr16	4083075	rs7193552
chr16	4085561	rs388430
chr16	4085897	rs1075581
chr16	4086417	rs387212
chr16	4093180	rs378200
chr16	4094897	rs41336654
chr16	4097393	rs2601819
chr16	4101586	rs399218
chr16	4101998	rs437187
chr16	4102189	rs365010
chr16	4103205	rs8045426
chr16	4104850	rs4785953
chr16	4106422	rs437115
chr16	4106856	rs432166
chr16	4112759	rs2256156
chr16	4114363	rs2230738
chr16	4119250	rs2532002
chr16	4119388	rs2532001
chr16	4120522	rs2531999
chr16	4121700	rs7206142
chr16	4123726	rs2526296
chr16	4125358	rs422955
chr16	4129530	rs430537
chr16	4130336	rs413580
chr16	4130910	rs917011
chr16	4130962	rs438900
chr16	4132904	rs231613
chr16	4134190	rs231617
chr16	4134207	rs231618
chr16	4139132	rs231620
chr16	4143456	rs4786461
chr16	4143830	rs9936326
chr16	4144687	rs7196914
chr16	4147369	rs81647
chr16	4148826	rs233180
chr16	4152741	rs11645792
chr16	4153984	rs11642746
chr16	4156012	rs6500583
chr16	4158246	rs233634
chr16	4159840	rs11648685
chr16	4160802	rs7186481
chr16	4163291	rs6500585
chr16	4165594	rs153039
chr16	4165718	rs17256406
chr16	4165978	rs153040
chr16	4167496	rs9931911
chr16	4167855	rs153041
chr16	4170302	rs444163
chr16	4172238	rs8058624
chr16	4172511	rs1001776
chr16	4175687	rs7202574
chr16	4176987	rs8046686
chr16	4177588	rs153034
chr16	4179319	rs2079673
chr16	4181511	rs12325182
chr16	4185027	rs4786467
chr16	4186741	rs11076817
chr16	4187464	rs11642004
chr16	4187771	rs251789
chr16	4189825	rs13338585
chr16	4190906	rs2240668
chr16	4192092	rs8051399
chr16	4195692	rs10852643
chr16	4195908	rs11865087
chr16	4196981	rs2159228
chr16	4200022	rs9922685
chr16	4200113	rs12324980
chr16	4200891	rs879150
chr16	4200914	rs879151
chr16	4202260	rs7205980
chr16	4203033	rs17136872
chr16	4203833	rs6500586
chr16	4203991	rs11076825
chr16	4204724	rs8054937
chr16	4206004	rs882820
chr16	4206462	rs868511
chr16	4206704	rs13334805
chr16	4207685	rs868302
chr16	4208090	rs11646632
chr16	4208172	rs889807
chr16	4209777	rs4786475
chr16	4209995	rs12923343
chr16	4212490	rs4074565
chr16	4216715	rs9923728
chr16	4217604	rs1981570
chr16	4218605	rs7186614
chr16	4218897	rs8046435
chr16	4218909	rs11864561
chr16	4218934	rs11863701
chr16	4220020	rs9924385
chr16	4226055	rs1291717
chr16	4230175	rs2386885
chr16	4231413	rs17136910
chr16	4231942	rs13336225
chr16	4234530	rs736850
chr16	4244230	rs8052898
chr16	4246784	rs757462
chr16	4247650	rs4785955
chr16	4248364	rs7190602
chr16	4249542	rs9932974
chr16	4254348	rs9936111
chr16	4254778	rs2386889
chr16	4257645	rs417083
chr16	4264528	rs2283479
chr16	4266167	rs251742
chr16	4266497	rs6500594
chr16	4267810	rs251740
chr16	4268454	rs251736
chr16	4275874	rs444985
chr16	4281550	rs233955
chr16	4293619	rs4786480
chr16	4295916	rs12445374
chr16	4297503	rs17136962
chr16	4299010	rs17694688
chr16	4303056	rs804175
chr16	4309420	rs4786482
chr16	4317729	rs7188966
chr16	4321525	rs3848371
chr16	4322581	rs3888627
chr16	4325055	rs12599768
chr16	4327382	rs12709116
chr16	4332606	rs9938257
chr16	4335731	rs3747572
chr16	4336813	rs669561
chr16	4337423	rs8057701
chr16	4339862	rs740018
chr16	4340357	rs11989
chr16	4341039	rs2072151
chr16	4345240	rs611704
chr16	4351487	rs9937854
chr16	4353140	rs7193204
chr16	4353663	rs8051831
chr16	4354619	rs10974
chr16	4354856	rs12756
chr16	4358266	rs12448148
chr16	4358940	rs7191812
chr16	4365409	rs3747575
chr16	4367179	rs7198270
chr16	4370786	rs8182173
chr16	4372304	rs886860
chr16	4372606	rs7200336
chr16	4377782	rs9923395
chr16	4378883	rs1291695
chr16	4381201	rs758044
chr16	4382028	rs3810818
chr16	4384197	rs758045
chr16	4384373	rs8051780
chr16	4386577	rs17136989
chr16	4389130	rs1530088
chr16	4389208	rs11646063
chr16	4389713	rs12927449
chr16	4390592	rs917305
chr16	4393249	rs13338333
chr16	4393541	rs17136995
chr16	4395326	rs3747579
chr16	4403713	rs934887
chr16	4409267	rs12445324
chr16	4410048	rs11076830
chr16	4410113	rs7205189
chr16	4410132	rs11076831
chr16	4412618	rs3747581
chr16	4420026	rs6500596
chr16	4441060	rs11645060
chr16	4441189	rs4786490
chr16	4442717	rs17137037
chr16	4447450	rs6500602
chr16	4450121	rs4786493
chr16	4450543	rs2304634
chr16	4452409	rs6500605
chr16	4452513	rs6500606
chr16	4456231	rs4786494
chr16	4461751	rs7191458
chr16	4466091	rs3747584
chr16	4468753	rs4785966
chr16	4469438	rs11557236
chr16	4471748	rs17137051
chr16	4474059	rs3761680
chr16	4475264	rs4786500
chr16	4485556	rs2160567
chr16	4486164	rs4786501
chr16	4486353	rs11866840
chr16	4486554	rs8063084
chr16	4489941	rs17761715
chr16	4490226	rs8055559
chr16	4490884	rs9929475
chr16	4492116	rs7192051
chr16	4500452	rs17884699
chr16	4500618	rs17880819
chr16	4503191	rs10500325
chr16	4508614	rs2270366
chr16	4510300	rs1051308
chr16	4512350	rs8129
chr16	4519439	rs11076837
chr16	4519624	rs12446765
chr16	4527068	rs8044698
chr16	4530033	rs7193136
chr16	4536221	rs3747600
chr16	4536528	rs860891
chr16	4543039	rs1641866
chr16	4543740	rs3859155
chr16	4544670	rs1684600
chr16	4548557	rs1684583
chr16	4553160	rs859219
chr16	4557590	rs3859156
chr16	4558338	rs1659505
chr16	4562155	rs17830358
chr16	4575125	rs9673241
chr16	4575273	rs1256768
chr16	4582953	rs6500617
chr16	4588727	rs7187814
chr16	4593451	rs6500619
chr16	4599719	rs11862083
chr16	4604870	rs7188811
chr16	4608583	rs2279408
chr16	4610246	rs863500
chr16	4621465	rs1684612
chr16	4621728	rs8059151
chr16	4624148	rs3848374
chr16	4627189	rs3848375
chr16	4634447	rs1659506
chr16	4642090	rs11640681
chr16	4642112	rs6500627
chr16	4646653	rs9939503
chr16	4654466	rs8051392
chr16	4657431	rs3747590
chr16	4661736	rs1684624
chr16	4664638	rs1659479
chr16	4665011	rs3813746
chr16	4669980	rs1659495
chr16	4671024	rs2278566
chr16	4671467	rs715109
chr16	4675449	rs2450390
chr16	4675862	rs1659493
chr16	4676007	rs1684605
chr16	4684512	rs841227
chr16	4684589	rs841226
chr16	4685630	rs1684588
chr16	4686315	rs841225
chr16	4686833	rs841224
chr16	4690476	rs1045520
chr16	4690601	rs841220
chr16	4691635	rs841219
chr16	4696391	rs841217
chr16	4701044	rs863980
chr16	4702133	rs841210
chr16	4704193	rs1684615
chr16	4706543	rs1684617
chr16	4706678	rs1684618
chr16	4708464	rs1684584
chr16	4710135	rs12926727
chr16	4714348	rs703812
chr16	4722992	rs859297
chr16	4724236	rs859298
chr16	4728608	rs859301
chr16	4730261	rs859302
chr16	4731190	rs859303
chr16	4731873	rs859322
chr16	4732282	rs859321
chr16	4736992	rs859313
chr16	4737102	rs859311
chr16	4737986	rs859310
chr16	4741330	rs4786538
chr16	4743657	rs2305657
chr16	4744872	rs2075469
chr16	4746392	rs737700
chr16	4746594	rs759988
chr16	4747108	rs12926158
chr16	4749040	rs2290560
chr16	4751418	rs11076846
chr16	4751722	rs921863
chr16	4752385	rs3747602
chr16	4758259	rs9935103
chr16	4762208	rs12599765
chr16	4762815	rs2290561
chr16	4765424	rs4786548
chr16	4769495	rs2341986
chr16	4771697	rs12444397
chr16	4778472	rs12932724
chr16	4783420	rs7201715
chr16	4783969	rs759991
chr16	4787361	rs741695
chr16	4788322	rs3827527
chr16	4788494	rs759992
chr16	4791379	rs12445685
chr16	4795531	rs1982514
chr16	4796067	rs2075465
chr16	4797168	rs8118
chr16	4797316	rs7546
chr16	4803815	rs2290562
chr16	4805278	rs8064024
chr16	4810551	rs4786552
chr16	4812424	rs741692
chr16	4814100	rs930854
chr16	4814178	rs930855
chr16	4814996	rs12325592
chr16	4822759	rs11861487
chr16	4823241	rs2075467
chr16	4824583	rs7188517
chr16	4827552	rs9938805
chr16	4828587	rs17832589
chr16	4828888	rs13338932
chr16	4829254	rs7186281
chr16	4835228	rs9925944
chr16	4840065	rs12444795
chr16	4845037	rs17137318
chr16	4852037	rs9934930
chr16	4852206	rs9935080
chr16	4857429	rs966062
chr16	4858666	rs3747614
chr16	4858955	rs8060576
chr16	4859784	rs7186159
chr16	4862450	rs8058896
chr16	4863153	rs9931084
chr16	4864596	rs17137352
chr16	4866347	rs2063101
chr16	4868016	rs8056320
chr16	4868325	rs10500326
chr16	4869126	rs3813749
chr16	4869252	rs3813750
chr16	4869595	rs17771410
chr16	4869709	rs1876354
chr16	4870411	rs7200395
chr16	4870660	rs6500637
chr16	4872200	rs12446456
chr16	4873090	rs2251666
chr16	4874159	rs12445265
chr16	4875290	rs17137364
chr16	4878256	rs17771656
chr16	4878338	rs2660228
chr16	4879268	rs11076854
chr16	4880099	rs1876359
chr16	4881099	rs3185547
chr16	4881512	rs1045643
chr16	4881957	rs7928
chr16	4882928	rs1049212
chr16	4884548	rs1049208
chr16	4885145	rs1049206
chr16	4885635	rs2075639
chr16	4888279	rs2075637
chr16	4889115	rs8060738
chr16	4891046	rs760117
chr16	4892098	rs1049205
chr16	4895984	rs7200819
chr16	4898935	rs12443906
chr16	4899814	rs11076856
chr16	4902193	rs13334749
chr16	4905255	rs13335236
chr16	4910253	rs8051560
chr16	4914075	rs7194203
chr16	4919221	rs4038782
chr16	4922962	rs1029966
chr16	4924000	rs4786561
chr16	4925278	rs4786563
chr16	4926559	rs17704487
chr16	4932012	rs2908662
chr16	4932127	rs17631885
chr16	4933429	rs2939960
chr16	4933793	rs2451
chr16	4941053	rs2908659
chr16	4947322	rs2939958
chr16	4949391	rs2908654
chr16	4949984	rs2908652
chr16	4951303	rs1468734
chr16	4951379	rs9635542
chr16	4956077	rs759196
chr16	4957642	rs759192
chr16	4957707	rs759191
chr16	4958033	rs3852764
chr16	4959432	rs7200245
chr16	4960912	rs8049697
chr16	4967386	rs1811257
chr16	4970782	rs9937749
chr16	4971658	rs7202838
chr16	4971982	rs9940799
chr16	4973060	rs9925477
chr16	4973225	rs4786571
chr16	4973269	rs13335768
chr16	4973520	rs11864122
chr16	4976483	rs7191632
chr16	4976590	rs12923028
chr16	4977763	rs17633346
chr16	4981843	rs2908646
chr16	4982297	rs11640880
chr16	4982909	rs2908645
chr16	4983981	rs7203260
chr16	4984878	rs2908689
chr16	4985022	rs12596115
chr16	4989247	rs717344
chr16	4999313	rs12919205
chr16	5003160	rs11076865
chr16	5003330	rs2972280
chr16	5006294	rs2302553
chr16	5006935	rs6500650
chr16	5010567	rs3815490
chr16	5011882	rs1558562
chr16	5011947	rs1558561
chr16	5011970	rs1558560
chr16	5013335	rs17706797
chr16	5014227	rs12051345
chr16	5014916	rs2012649
chr16	5017148	rs17634236
chr16	5018151	rs2972284
chr16	5018749	rs2072456
chr16	5019354	rs2270256
chr16	5021669	rs2340713
chr16	5023772	rs2908668
chr16	5023886	rs12929808
chr16	5024951	rs7110
chr16	5025541	rs887854
chr16	5025632	rs7188856
chr16	5028582	rs12709122
chr16	5030085	rs3743841
chr16	5030120	rs3743840
chr16	5032230	rs1001170
chr16	5041397	rs12927246
chr16	5042117	rs882294
chr16	5043594	rs17137545
chr16	5044569	rs8055684
chr16	5045598	rs7205279
chr16	5055364	rs741167
chr16	5055439	rs741166
chr16	5055485	rs741165
chr16	5056183	rs741164
chr16	5057989	rs17137555
chr16	5060270	rs2270834
chr16	5060625	rs9925239
chr16	5065227	rs9924614
chr16	5066160	rs12928193
chr16	5067846	rs9932909
chr16	5069871	rs3760030
chr16	5070784	rs3760029
chr16	5071169	rs3760027
chr16	5071691	rs17523310
chr16	5072767	rs8050532
chr16	5073473	rs8047337
chr16	5075364	rs4786590
chr16	5076626	rs7188762
chr16	5077080	rs2010985
chr16	5077720	rs2302552
chr16	5095229	rs7190704
chr16	5124274	rs4786614
chr16	5134910	rs4786001
chr16	5138184	rs11076882
chr16	5142949	rs2088746
chr16	5144457	rs12447373
chr16	5146740	rs9932776
chr16	5147236	rs4786004
chr16	5157301	rs8054738
chr16	5162800	rs9930273
chr16	5167214	rs1881336
chr16	5170837	rs7199563
chr16	5175060	rs2333967
chr16	5181095	rs17137660
chr16	5183073	rs10852649
chr16	5184054	rs8056635
chr16	5184206	rs11648043
chr16	5184810	rs8062821
chr16	5192690	rs11647591
chr16	5193668	rs4786640
chr16	5196013	rs12927295
chr16	5197683	rs2091525
chr16	5197768	rs9931274
chr16	5198748	rs4786641
chr16	5201130	rs11076892
chr16	5214398	rs8049646
chr16	5214785	rs2141351
chr16	5216418	rs1881335
chr16	5219252	rs9925078
chr16	5220833	rs11648111
chr16	5221021	rs9928451
chr16	5221208	rs12232454
chr16	5222820	rs4238855
chr16	5225417	rs12600138
chr16	5225558	rs11076898
chr16	5226230	rs12919132
chr16	5226274	rs2204688
chr16	5227514	rs17137689
chr16	5227560	rs17137690
chr16	5228910	rs7193284
chr16	5231558	rs10459837
chr16	5231740	rs4786651
chr16	5231855	rs2178180
chr16	5232313	rs7192003
chr16	5232674	rs4786013
chr16	5232747	rs4786652
chr16	5233490	rs7204436
chr16	5235393	rs4786015
chr16	5235519	rs11640278
chr16	5244642	rs2333764
chr16	5244726	rs9745912
chr16	5250646	rs11865807
chr16	5254021	rs4786656
chr16	5255483	rs1881323
chr16	5258353	rs2333972
chr16	5261538	rs4786017
chr16	5272930	rs8063238
chr16	5281290	rs9928539
chr16	5281837	rs7188721
chr16	5284683	rs9939591
chr16	5288274	rs9928320
chr16	5299134	rs4786664
chr16	5301110	rs11865561
chr16	5302665	rs1528320
chr16	5304210	rs2879844
chr16	5304641	rs9925874
chr16	5305082	rs12149180
chr16	5305571	rs4786021
chr16	5305666	rs4786022
chr16	5308706	rs2067936
chr16	5309352	rs12930190
chr16	5310633	rs13330979
chr16	5311794	rs7197326
chr16	5311882	rs4786665
chr16	5313960	rs4334302
chr16	5315645	rs4786670
chr16	5316436	rs1528332
chr16	5322480	rs2049694
chr16	5322534	rs17137819
chr16	5323939	rs2005316
chr16	5324034	rs2007657
chr16	5325641	rs11076911
chr16	5326506	rs17183430
chr16	5326875	rs17787815
chr16	5328428	rs6500681
chr16	5333593	rs1878540
chr16	5333634	rs1878541
chr16	5336916	rs938760
chr16	5339316	rs4238857
chr16	5339353	rs13334638
chr16	5339450	rs4786675
chr16	5340637	rs11076912
chr16	5342295	rs17137865
chr16	5342597	rs9921635
chr16	5344083	rs12598444
chr16	5344436	rs6500685
chr16	5344460	rs8052035
chr16	5345090	rs7194294
chr16	5354838	rs4786676
chr16	5354997	rs7199597
chr16	5357061	rs4786680
chr16	5359672	rs1358489
chr16	5359850	rs7198653
chr16	5360577	rs12920388
chr16	5365914	rs490052
chr16	5365970	rs4786026
chr16	5367714	rs541658
chr16	5373157	rs9929602
chr16	5375167	rs485335
chr16	5378555	rs507215
chr16	5383991	rs572806
chr16	5386487	rs560591
chr16	5387296	rs1160140
chr16	5391124	rs11643947
chr16	5404453	rs489923
chr16	5404485	rs490662
chr16	5406070	rs519562
chr16	5410522	rs561856
chr16	5410944	rs11859738
chr16	5413912	rs11644455
chr16	5414315	rs7184366
chr16	5416094	rs514346
chr16	5416182	rs7199032
chr16	5417794	rs9922057
chr16	5418519	rs82259
chr16	5423686	rs509164
chr16	5424695	rs12445342
chr16	5429167	rs556079
chr16	5432142	rs523933
chr16	5433888	rs1110474
chr16	5439631	rs582567
chr16	5440854	rs664351
chr16	5444942	rs572481
chr16	5446782	rs11644039
chr16	5448443	rs649543
chr16	5451935	rs538835
chr16	5455636	rs653127
chr16	5456408	rs12597909
chr16	5459479	rs963557
chr16	5460847	rs564637
chr16	5466303	rs3848378
chr16	5467328	rs676143
chr16	5468258	rs536116
chr16	5468426	rs3848379
chr16	5469599	rs583803
chr16	5470076	rs679125
chr16	5471375	rs9922602
chr16	5475342	rs3905749
chr16	5476491	rs4786689
chr16	5476707	rs4238859
chr16	5477410	rs8061285
chr16	5479031	rs9941136
chr16	5479408	rs2630986
chr16	5480616	rs8054024
chr16	5481367	rs13337056
chr16	5481565	rs4404071
chr16	5481702	rs4419059
chr16	5481734	rs8060174
chr16	5482192	rs4412971
chr16	5483291	rs11646351
chr16	5486964	rs4786033
chr16	5489007	rs4464083
chr16	5489510	rs7196880
chr16	5493838	rs11647706
chr16	5494443	rs1352150
chr16	5495733	rs11647025
chr16	5496653	rs755279
chr16	5498019	rs7185578
chr16	5498617	rs1386067
chr16	5499932	rs17137957
chr16	5503181	rs8059894
chr16	5503432	rs8043934
chr16	5503985	rs6500692
chr16	5505981	rs11647266
chr16	5506608	rs12932771
chr16	5509148	rs13337426
chr16	5510586	rs11646195
chr16	5510903	rs11639680
chr16	5513369	rs8058856
chr16	5513620	rs8047061
chr16	5514043	rs9930112
chr16	5516355	rs8054886
chr16	5516391	rs4511535
chr16	5521608	rs12930683
chr16	5521796	rs1386057
chr16	5522125	rs1386058
chr16	5522211	rs7500340
chr16	5522639	rs8048083
chr16	5526080	rs4641743
chr16	5526243	rs4592658
chr16	5526272	rs2087068
chr16	5526744	rs2089406
chr16	5527054	rs730435
chr16	5527588	rs4786038
chr16	5528053	rs718693
chr16	5529214	rs9922665
chr16	5533317	rs11076922
chr16	5533366	rs11076923
chr16	5535656	rs883075
chr16	5535851	rs870288
chr16	5536593	rs3893314
chr16	5537407	rs8059013
chr16	5538021	rs1352148
chr16	5538450	rs2171226
chr16	5538528	rs4786701
chr16	5538922	rs2171227
chr16	5539875	rs1531976
chr16	5540072	rs1486422
chr16	5540433	rs4511536
chr16	5540624	rs4427802
chr16	5543818	rs7206002
chr16	5549064	rs4387604
chr16	5550751	rs1386072
chr16	5552715	rs8063667
chr16	5554601	rs3927119
chr16	5554635	rs2342529
chr16	5556196	rs729172
chr16	5556415	rs11640110
chr16	5556640	rs11645014
chr16	5556641	rs7186918
chr16	5557312	rs11641512
chr16	5558412	rs4271592
chr16	5558533	rs1876356
chr16	5558592	rs1876357
chr16	5561120	rs1969139
chr16	5561413	rs7202930
chr16	5563560	rs12149635
chr16	5563996	rs1948951
chr16	5566053	rs7186722
chr16	5566333	rs6500698
chr16	5566943	rs11641772
chr16	5569788	rs6500699
chr16	5572466	rs8057236
chr16	5573071	rs7197808
chr16	5573454	rs12930250
chr16	5575680	rs4786718
chr16	5575774	rs4786719
chr16	5577736	rs4786720
chr16	5579244	rs11076935
chr16	5581165	rs1860304
chr16	5582233	rs9937932
chr16	5582389	rs4786721
chr16	5582481	rs4786044
chr16	5583105	rs7205439
chr16	5584585	rs7201479
chr16	5585157	rs12928517
chr16	5585503	rs2029178
chr16	5585613	rs2029177
chr16	5585802	rs8061202
chr16	5586131	rs7186113
chr16	5586182	rs7204253
chr16	5587098	rs10492834
chr16	5587977	rs12447523
chr16	5589294	rs4786725
chr16	5589771	rs9936062
chr16	5589797	rs9925576
chr16	5590185	rs8052395
chr16	5590275	rs8052571
chr16	5590442	rs6500701
chr16	5591713	rs7185010
chr16	5594147	rs1544533
chr16	5595421	rs13338958
chr16	5595770	rs12443931
chr16	5595809	rs7187482
chr16	5595881	rs7186290
chr16	5596171	rs9922289
chr16	5596204	rs9922300
chr16	5596284	rs9922984
chr16	5600597	rs17138186
chr16	5602395	rs1034907
chr16	5604039	rs8062942
chr16	5606787	rs7184251
chr16	5609311	rs7193327
chr16	5610928	rs758449
chr16	5613189	rs7196755
chr16	5614068	rs887249
chr16	5614126	rs887250
chr16	5614991	rs887251
chr16	5615455	rs9932309
chr16	5617392	rs1011489
chr16	5617481	rs1011490
chr16	5619238	rs758452
chr16	5619597	rs12933988
chr16	5619807	rs867163
chr16	5625043	rs4786739
chr16	5628344	rs4786741
chr16	5628885	rs12595932
chr16	5629160	rs11639759
chr16	5629444	rs1990289
chr16	5630103	rs12448037
chr16	5630578	rs4786048
chr16	5630687	rs7197298
chr16	5631686	rs12446006
chr16	5632754	rs2215250
chr16	5635070	rs8064054
chr16	5638144	rs758456
chr16	5638374	rs878514
chr16	5639603	rs11642805
chr16	5641541	rs7206521
chr16	5642591	rs11076949
chr16	5643475	rs4786744
chr16	5643756	rs7184260
chr16	5644561	rs17508399
chr16	5647394	rs12934235
chr16	5652456	rs2880428
chr16	5653710	rs17138268
chr16	5654597	rs9924080
chr16	5654840	rs12444593
chr16	5655279	rs887253
chr16	5655311	rs17138270
chr16	5656976	rs8064147
chr16	5661400	rs2109002
chr16	5661413	rs11861333
chr16	5664737	rs17138300
chr16	5666260	rs17138303
chr16	5666746	rs17138310
chr16	5667323	rs4786746
chr16	5667999	rs7197912
chr16	5670560	rs1860307
chr16	5671430	rs8064152
chr16	5673569	rs7201000
chr16	5674013	rs8060378
chr16	5675285	rs2079741
chr16	5675991	rs2191099
chr16	5678903	rs917523
chr16	5679772	rs17138337
chr16	5679869	rs8063638
chr16	5680139	rs7205245
chr16	5682465	rs17138369
chr16	5684840	rs8056422
chr16	5685073	rs8056887
chr16	5686089	rs880630
chr16	5688298	rs929467
chr16	5689680	rs1968116
chr16	5690529	rs10459825
chr16	5690784	rs10459826
chr16	5691105	rs1968115
chr16	5692466	rs11643821
chr16	5692693	rs17510488
chr16	5693760	rs7199088
chr16	5694161	rs9635554
chr16	5695653	rs4786057
chr16	5696558	rs4786059
chr16	5696732	rs12444089
chr16	5698790	rs2342723
chr16	5699442	rs7191629
chr16	5701220	rs766209
chr16	5701368	rs11076950
chr16	5702109	rs7194501
chr16	5702282	rs11076951
chr16	5702635	rs4786060
chr16	5702885	rs12926979
chr16	5703179	rs1558221
chr16	5703201	rs1558222
chr16	5704235	rs17138415
chr16	5704693	rs11076952
chr16	5704757	rs11644707
chr16	5705042	rs2041255
chr16	5705822	rs12444485
chr16	5708184	rs1473145
chr16	5708531	rs12933690
chr16	5708906	rs12922826
chr16	5709018	rs12447242
chr16	5709069	rs12447100
chr16	5710405	rs4786764
chr16	5711536	rs740655
chr16	5712948	rs7192139
chr16	5715073	rs12922055
chr16	5716330	rs8054703
chr16	5716870	rs12927613
chr16	5718038	rs9939075
chr16	5719704	rs9929312
chr16	5722479	rs4786770
chr16	5723241	rs17512046
chr16	5723287	rs4414496
chr16	5723739	rs4622513
chr16	5724173	rs2108988
chr16	5725797	rs972843
chr16	5726229	rs12597231
chr16	5726429	rs12597267
chr16	5726479	rs12597146
chr16	5726654	rs9929009
chr16	5728321	rs17434318
chr16	5728927	rs8063739
chr16	5731346	rs12928199
chr16	5731988	rs8060184
chr16	5733315	rs12232417
chr16	5733730	rs8050703
chr16	5733856	rs9934123
chr16	5734106	rs9925071
chr16	5735026	rs9927851
chr16	5735306	rs17138489
chr16	5736388	rs13339202
chr16	5736574	rs11863993
chr16	5738914	rs12596497
chr16	5741333	rs12051184
chr16	5743162	rs9302806
chr16	5743414	rs11076958
chr16	5744172	rs9927588
chr16	5744213	rs9928186
chr16	5744311	rs9941024
chr16	5752061	rs7200175
chr16	5753923	rs11866983
chr16	5754159	rs17138523
chr16	5757645	rs9922609
chr16	5757877	rs10500328
chr16	5758519	rs7189389
chr16	5758870	rs7205418
chr16	5760348	rs3910449
chr16	5761659	rs6500718
chr16	5761747	rs6500719
chr16	5763656	rs4786775
chr16	5764032	rs7190850
chr16	5765298	rs9937971
chr16	5765911	rs8062590
chr16	5765952	rs8061354
chr16	5769273	rs2043633
chr16	5769959	rs12597642
chr16	5772455	rs7187706
chr16	5777014	rs9936015
chr16	5779550	rs7199564
chr16	5779774	rs7186704
chr16	5780741	rs7192968
chr16	5781029	rs726239
chr16	5781311	rs9933150
chr16	5783067	rs10852665
chr16	5785437	rs11076969
chr16	5785840	rs11861310
chr16	5785882	rs9926798
chr16	5787730	rs11076971
chr16	5789223	rs2342734
chr16	5789286	rs2342735
chr16	5789805	rs9923094
chr16	5790306	rs11864270
chr16	5790364	rs11865092
chr16	5791385	rs4786777
chr16	5791405	rs2164510
chr16	5792090	rs4322667
chr16	5793086	rs17138652
chr16	5793109	rs8045174
chr16	5794414	rs17138654
chr16	5795199	rs1436395
chr16	5795907	rs6500720
chr16	5796134	rs6500721
chr16	5797593	rs13331985
chr16	5798495	rs4522420
chr16	5800792	rs8059231
chr16	5801860	rs1865815
chr16	5802955	rs1010845
chr16	5803703	rs17792339
chr16	5803759	rs11642829
chr16	5806461	rs1865819
chr16	5806690	rs12925737
chr16	5812419	rs2342742
chr16	5813762	rs7198171
chr16	5815955	rs12920834
chr16	5816147	rs7189118
chr16	5816357	rs1865821
chr16	5818699	rs2342747
chr16	5818913	rs1550135
chr16	5819057	rs1550136
chr16	5819386	rs4786780
chr16	5822969	rs1550138
chr16	5823424	rs9930544
chr16	5824273	rs17189619
chr16	5824638	rs7194087
chr16	5828183	rs7186211
chr16	5835939	rs2164509
chr16	5837311	rs2077357
chr16	5837363	rs13330468
chr16	5838785	rs2118014
chr16	5840174	rs9935538
chr16	5840514	rs7195844
chr16	5841579	rs9933711
chr16	5842347	rs7186318
chr16	5844349	rs12448919
chr16	5844781	rs10500329
chr16	5846302	rs2082955
chr16	5846894	rs1865809
chr16	5850276	rs4786784
chr16	5850888	rs6500728
chr16	5851162	rs1865810
chr16	5853189	rs7204977
chr16	5853316	rs7200256
chr16	5854218	rs4786785
chr16	5855597	rs12930592
chr16	5857239	rs7200999
chr16	5858223	rs1436382
chr16	5859379	rs1816549
chr16	5860762	rs1529917
chr16	5862616	rs12446251
chr16	5863772	rs1436115
chr16	5864675	rs7201619
chr16	5868768	rs17138775
chr16	5869271	rs2343339
chr16	5870063	rs7200316
chr16	5870510	rs1898225
chr16	5873235	rs9937027
chr16	5873562	rs17714435
chr16	5875551	rs12446182
chr16	5877234	rs10492750
chr16	5878062	rs3859166
chr16	5878255	rs3859167
chr16	5878607	rs17138790
chr16	5878900	rs8054620
chr16	5881047	rs8050388
chr16	5881209	rs8050728
chr16	5885647	rs41453244
chr16	5890843	rs758470
chr16	5891963	rs2005820
chr16	5892215	rs4786068
chr16	5893230	rs8048580
chr16	5894582	rs9926429
chr16	5897601	rs11641026
chr16	5897772	rs17642480
chr16	5897891	rs13337803
chr16	5899349	rs12446993
chr16	5900603	rs7200864
chr16	5901331	rs9929090
chr16	5901721	rs17642774
chr16	5901840	rs9933735
chr16	5902156	rs3848386
chr16	5902338	rs3859170
chr16	5902908	rs1012259
chr16	5903959	rs7202978
chr16	5904314	rs17715789
chr16	5906254	rs4786791
chr16	5911029	rs9928116
chr16	5911635	rs11862936
chr16	5911660	rs11862945
chr16	5911968	rs8063432
chr16	5914987	rs2109033
chr16	5916036	rs12446663
chr16	5916266	rs2043630
chr16	5916361	rs2043631
chr16	5917409	rs9925412
chr16	5919864	rs12445565
chr16	5919891	rs13339452
chr16	5919926	rs11076988
chr16	5921113	rs7184441
chr16	5921358	rs12595992
chr16	5922876	rs2215262
chr16	5923157	rs1821694
chr16	5925473	rs13330326
chr16	5929857	rs872962
chr16	5933415	rs3890222
chr16	5936664	rs10492751
chr16	5936702	rs10521082
chr16	5937350	rs7185467
chr16	5937477	rs7185816
chr16	5938290	rs1424133
chr16	5940870	rs8057201
chr16	5941111	rs4786069
chr16	5942942	rs1834038
chr16	5945387	rs4786794
chr16	5945815	rs4786071
chr16	5946342	rs17138973
chr16	5946900	rs9934177
chr16	5948710	rs12924038
chr16	5948885	rs17138979
chr16	5950728	rs12446152
chr16	5951021	rs9931118
chr16	5954234	rs13335251
chr16	5954740	rs13330260
chr16	5955852	rs41431844
chr16	5961797	rs2079743
chr16	5962105	rs2098078
chr16	5965696	rs13338245
chr16	5966236	rs12149334
chr16	5967975	rs8050038
chr16	5968603	rs17138992
chr16	5969940	rs2343344
chr16	5971732	rs17718128
chr16	5972279	rs735919
chr16	5972749	rs729533
chr16	5973322	rs1076382
chr16	5973857	rs887264
chr16	5973891	rs887265
chr16	5974310	rs12931802
chr16	5975123	rs4786795
chr16	5975638	rs9930914
chr16	5977425	rs9935090
chr16	5977737	rs17139042
chr16	5978450	rs2880608
chr16	5979561	rs7194775
chr16	5980332	rs11649589
chr16	5986357	rs2098080
chr16	5986559	rs8052848
chr16	5986850	rs2109029
chr16	5988716	rs8057452
chr16	5990597	rs1003597
chr16	5990633	rs8048361
chr16	5991409	rs1345888
chr16	5993105	rs9929481
chr16	5994486	rs7194475
chr16	5995515	rs9935575
chr16	5996094	rs7206649
chr16	5996396	rs7202335
chr16	5996711	rs13335835
chr16	5996934	rs12709148
chr16	5998681	rs17646218
chr16	6000072	rs17139085
chr16	6001142	rs2059273
chr16	6001447	rs9928219
chr16	6003929	rs2014475
chr16	6004490	rs1559417
chr16	6004841	rs11076998
chr16	6005189	rs7185087
chr16	6005524	rs9939887
chr16	6007037	rs1424128
chr16	6009546	rs2343582
chr16	6009606	rs2880658
chr16	6009980	rs1424127
chr16	6011655	rs4786800
chr16	6013440	rs10492752
chr16	6015279	rs7201717
chr16	6015357	rs955905
chr16	6015481	rs1345887
chr16	6015809	rs17139127
chr16	6016395	rs41530646
chr16	6021497	rs4786804
chr16	6021909	rs12444143
chr16	6025046	rs7185884
chr16	6025278	rs11859046
chr16	6027102	rs12149886
chr16	6028180	rs7203563
chr16	6029086	rs9930478
chr16	6030422	rs974848
chr16	6031911	rs12447958
chr16	6032552	rs2035591
chr16	6032757	rs17139197
chr16	6032929	rs12932768
chr16	6033399	rs17190950
chr16	6033609	rs12918809
chr16	6034487	rs12924704
chr16	6035402	rs2059271
chr16	6036271	rs17139207
chr16	6036853	rs4293390
chr16	6037264	rs17139223
chr16	6039141	rs17139225
chr16	6039494	rs17139226
chr16	6040307	rs11641287
chr16	6041708	rs12448620
chr16	6041894	rs12446061
chr16	6041962	rs12933679
chr16	6042692	rs892957
chr16	6042821	rs892956
chr16	6043291	rs2084789
chr16	6044556	rs12926282
chr16	6047062	rs11864276
chr16	6049851	rs2343545
chr16	6051067	rs6500739
chr16	6052911	rs7193302
chr16	6054117	rs11644623
chr16	6056259	rs17139246
chr16	6056358	rs8055878
chr16	6056579	rs11861321
chr16	6057173	rs17139255
chr16	6057420	rs7198605
chr16	6057553	rs8062118
chr16	6058130	rs6500741
chr16	6058429	rs1906060
chr16	6059220	rs6500742
chr16	6059576	rs8063300
chr16	6060365	rs1035563
chr16	6060546	rs1035564
chr16	6061256	rs4786078
chr16	6064070	rs8045590
chr16	6065381	rs8052564
chr16	6065494	rs11646393
chr16	6065550	rs17139303
chr16	6065825	rs4146812
chr16	6065959	rs9937132
chr16	6066395	rs17192650
chr16	6066417	rs4360938
chr16	6066515	rs13337849
chr16	6067090	rs2122996
chr16	6068030	rs12920557
chr16	6068537	rs12923014
chr16	6071556	rs929887
chr16	6072713	rs1991055
chr16	6073095	rs34151263
chr16	6075173	rs35779952
chr16	6075543	rs12931744
chr16	6078399	rs4124065
chr16	6081346	rs929889
chr16	6082597	rs6500750
chr16	6082786	rs4786811
chr16	6082809	rs6500751
chr16	6082888	rs7194493
chr16	6083413	rs17139340
chr16	6083808	rs7201476
chr16	6084668	rs889701
chr16	6085184	rs4786815
chr16	6086218	rs9934817
chr16	6087183	rs12927811
chr16	6087410	rs1352157
chr16	6089139	rs889702
chr16	6089659	rs6500756
chr16	6089912	rs11649422
chr16	6090162	rs9930996
chr16	6091378	rs9936351
chr16	6093993	rs6500759
chr16	6094647	rs1906058
chr16	6096022	rs9302816
chr16	6096330	rs7197966
chr16	6097081	rs8047363
chr16	6097644	rs9806914
chr16	6098029	rs4786816
chr16	6099091	rs12934851
chr16	6102773	rs4786817
chr16	6102846	rs12918602
chr16	6105228	rs11077003
chr16	6105583	rs12933629
chr16	6106325	rs7403856
chr16	6108260	rs7197461
chr16	6110227	rs1811321
chr16	6110839	rs8052288
chr16	6111119	rs11864918
chr16	6111458	rs11865262
chr16	6112145	rs12597709
chr16	6113123	rs9921786
chr16	6113799	rs2880647
chr16	6113837	rs9923768
chr16	6113935	rs9302817
chr16	6114398	rs4786083
chr16	6114477	rs10500331
chr16	6114744	rs13332701
chr16	6115125	rs9927421
chr16	6116790	rs747399
chr16	6117330	rs8048198
chr16	6117495	rs749467
chr16	6118101	rs8052357
chr16	6119306	rs1994358
chr16	6119688	rs1994360
chr16	6120194	rs9646296
chr16	6120272	rs7197696
chr16	6120734	rs12931102
chr16	6121217	rs17802989
chr16	6125292	rs12934429
chr16	6127574	rs1386090
chr16	6127656	rs12932200
chr16	6127739	rs1386091
chr16	6130374	rs6500760
chr16	6130906	rs12924882
chr16	6131343	rs1463243
chr16	6131850	rs1463242
chr16	6132614	rs17195220
chr16	6134389	rs12922855
chr16	6136576	rs9939521
chr16	6138503	rs9935453
chr16	6138570	rs12934321
chr16	6141408	rs11865230
chr16	6146484	rs935810
chr16	6147016	rs17803433
chr16	6147798	rs11646906
chr16	6147834	rs12924838
chr16	6150327	rs12928512
chr16	6150410	rs4786826
chr16	6150587	rs12443575
chr16	6151921	rs13380453
chr16	6152107	rs17195563
chr16	6152205	rs17195591
chr16	6153501	rs8052411
chr16	6155208	rs2343524
chr16	6155323	rs12449228
chr16	6155565	rs17215032
chr16	6156549	rs7191026
chr16	6157388	rs4786089
chr16	6157841	rs12930756
chr16	6158688	rs10163273
chr16	6160982	rs12920365
chr16	6161544	rs6500762
chr16	6162009	rs7199489
chr16	6163136	rs9941045
chr16	6163748	rs17139483
chr16	6164146	rs17215447
chr16	6165041	rs17804401
chr16	6165083	rs7196181
chr16	6165246	rs1352154
chr16	6165487	rs11642397
chr16	6167116	rs7202230
chr16	6168883	rs9930197
chr16	6171275	rs12709151
chr16	6171372	rs17139502
chr16	6172706	rs4786829
chr16	6173075	rs9921620
chr16	6174659	rs2122998
chr16	6175568	rs11649165
chr16	6177022	rs8046027
chr16	6178690	rs2344664
chr16	6179237	rs4786831
chr16	6181958	rs7186747
chr16	6185800	rs17139522
chr16	6186225	rs7189603
chr16	6186408	rs7188622
chr16	6186431	rs11646037
chr16	6187016	rs9938831
chr16	6188084	rs8058875
chr16	6188248	rs9929207
chr16	6188958	rs13333761
chr16	6191182	rs1946127
chr16	6200970	rs12599152
chr16	6205415	rs10500334
chr16	6207541	rs11640735
chr16	6209080	rs11077011
chr16	6209334	rs11862328
chr16	6209851	rs2110603
chr16	6213632	rs4786836
chr16	6214036	rs11640806
chr16	6216524	rs11077014
chr16	6217056	rs12924056
chr16	6220451	rs12325559
chr16	6220478	rs1362315
chr16	6220716	rs1362313
chr16	6224613	rs10500335
chr16	6225530	rs17139596
chr16	6229093	rs17139600
chr16	6231174	rs17139608
chr16	6231292	rs17139612
chr16	6232072	rs17217621
chr16	6232110	rs17139623
chr16	6232895	rs9940011
chr16	6233227	rs17817199
chr16	6233849	rs11649368
chr16	6234886	rs11077017
chr16	6235090	rs4474682
chr16	6239839	rs11644760
chr16	6243064	rs17139665
chr16	6244808	rs13337379
chr16	6247504	rs10500336
chr16	6248957	rs2160165
chr16	6249234	rs8046144
chr16	6249573	rs8057108
chr16	6250008	rs12444771
chr16	6251512	rs13338644
chr16	6252144	rs8049123
chr16	6252520	rs12918682
chr16	6253801	rs17139688
chr16	6253868	rs10500337
chr16	6253975	rs10500338
chr16	6254131	rs12927291
chr16	6254355	rs10500339
chr16	6254579	rs8059481
chr16	6255101	rs8061597
chr16	6256113	rs7187537
chr16	6256526	rs12925536
chr16	6258163	rs2052226
chr16	6259615	rs7201725
chr16	6260232	rs4786847
chr16	6261200	rs12443531
chr16	6262951	rs13332769
chr16	6263107	rs12448287
chr16	6264151	rs17139716
chr16	6264857	rs13330755
chr16	6264934	rs7188257
chr16	6268192	rs7206839
chr16	6269111	rs10468327
chr16	6269504	rs1861188
chr16	6269911	rs9924453
chr16	6275878	rs12599972
chr16	6278021	rs2160166
chr16	6278921	rs17219976
chr16	6280855	rs4786848
chr16	6284943	rs9939777
chr16	6284990	rs6500767
chr16	6286736	rs716509
chr16	6286911	rs716508
chr16	6287313	rs1978316
chr16	6287760	rs1420035
chr16	6288220	rs4255787
chr16	6288455	rs7199463
chr16	6288472	rs17220445
chr16	6288693	rs17220612
chr16	6290644	rs10852675
chr16	6293746	rs7186816
chr16	6294504	rs11867043
chr16	6294587	rs9922838
chr16	6294621	rs11863506
chr16	6295923	rs4786850
chr16	6298491	rs11645065
chr16	6302722	rs7203794
chr16	6303063	rs9933112
chr16	6304918	rs7195534
chr16	6304935	rs11641750
chr16	6305299	rs4786851
chr16	6306186	rs1548842
chr16	6307059	rs13380623
chr16	6309076	rs1861187
chr16	6310287	rs11077027
chr16	6310561	rs11077029
chr16	6310616	rs11077030
chr16	6310773	rs12102448
chr16	6310886	rs12102452
chr16	6312228	rs4786853
chr16	6312279	rs4786854
chr16	6312493	rs12149730
chr16	6312640	rs4786856
chr16	6313075	rs17139835
chr16	6313706	rs1548841
chr16	6313897	rs6500771
chr16	6314934	rs4786095
chr16	6315026	rs4786859
chr16	6315746	rs10500342
chr16	6316725	rs8043935
chr16	6320078	rs12923371
chr16	6320625	rs12597219
chr16	6321237	rs7197820
chr16	6322174	rs17222960
chr16	6327498	rs1420029
chr16	6327786	rs4786860
chr16	6330695	rs2487925
chr16	6332433	rs809684
chr16	6335881	rs801996
chr16	6337347	rs2191423
chr16	6338289	rs12598169
chr16	6339516	rs2795532
chr16	6341873	rs1640881
chr16	6342825	rs801995
chr16	6343238	rs1640880
chr16	6343697	rs17435687
chr16	6346947	rs12922093
chr16	6347436	rs12373031
chr16	6349161	rs17435736
chr16	6349836	rs10521042
chr16	6350123	rs9924075
chr16	6350687	rs11642627
chr16	6352098	rs17139906
chr16	6353774	rs17436259
chr16	6354836	rs2429646
chr16	6358153	rs17527108
chr16	6360203	rs2191420
chr16	6360339	rs2191419
chr16	6361727	rs12447711
chr16	6362638	rs17436401
chr16	6362802	rs2534752
chr16	6362864	rs17139941
chr16	6362911	rs8053202
chr16	6363140	rs9936980
chr16	6363743	rs11077032
chr16	6364198	rs2243923
chr16	6365895	rs17139965
chr16	6366752	rs10445040
chr16	6367717	rs2534749
chr16	6367932	rs12446308
chr16	6371228	rs13331445
chr16	6373262	rs11077034
chr16	6375599	rs2534744
chr16	6375751	rs1935396
chr16	6377825	rs17528109
chr16	6378129	rs2795562
chr16	6378380	rs1468612
chr16	6378564	rs1468610
chr16	6378782	rs1468609
chr16	6381921	rs11077037
chr16	6381933	rs2795558
chr16	6382407	rs1891325
chr16	6385693	rs17134959
chr16	6386715	rs12051005
chr16	6387001	rs1935398
chr16	6387114	rs17528562
chr16	6387671	rs877254
chr16	6388351	rs17140083
chr16	6388774	rs933428
chr16	6389808	rs11644084
chr16	6391559	rs17140100
chr16	6391907	rs8048522
chr16	6391934	rs8047268
chr16	6395292	rs1013614
chr16	6396505	rs1014397
chr16	6397770	rs9932839
chr16	6398290	rs9931078
chr16	6400462	rs2109457
chr16	6400748	rs2159547
chr16	6401864	rs2019249
chr16	6402266	rs998433
chr16	6405469	rs1891332
chr16	6406056	rs2795534
chr16	6406558	rs1539296
chr16	6406664	rs1004507
chr16	6406762	rs1003677
chr16	6408442	rs2534738
chr16	6410996	rs2534735
chr16	6412230	rs9926622
chr16	6414202	rs802324
chr16	6414447	rs8046522
chr16	6416251	rs7199040
chr16	6416782	rs1476829
chr16	6419530	rs17530359
chr16	6421646	rs1543887
chr16	6423196	rs802311
chr16	6428897	rs1860563
chr16	6431457	rs2795546
chr16	6431585	rs2795545
chr16	6431606	rs7187190
chr16	6435237	rs4312305
chr16	6437548	rs1541487
chr16	6438101	rs2795567
chr16	6438115	rs2795568
chr16	6439158	rs809693
chr16	6439262	rs9927752
chr16	6439462	rs802321
chr16	6441125	rs802319
chr16	6441783	rs802318
chr16	6444911	rs8049426
chr16	6445490	rs2795571
chr16	6446926	rs11862743
chr16	6447228	rs2534769
chr16	6447756	rs2024208
chr16	6448713	rs9652638
chr16	6452389	rs2534764
chr16	6454822	rs1977819
chr16	6455290	rs9938361
chr16	6455963	rs740863
chr16	6457193	rs1558349
chr16	6458769	rs1935397
chr16	6462395	rs17140285
chr16	6462528	rs10492832
chr16	6468288	rs3095264
chr16	6469020	rs8055674
chr16	6469494	rs10521039
chr16	6470152	rs4786872
chr16	6473141	rs8060506
chr16	6473481	rs802698
chr16	6475982	rs4337300
chr16	6481393	rs887494
chr16	6483548	rs7187508
chr16	6484368	rs813914
chr16	6484601	rs812981
chr16	6484935	rs1420079
chr16	6487352	rs956818
chr16	6489774	rs43142
chr16	6490068	rs1019192
chr16	6492924	rs9302822
chr16	6494768	rs1640961
chr16	6497540	rs42492
chr16	6498388	rs809702
chr16	6498426	rs11644135
chr16	6498831	rs17140355
chr16	6499202	rs17539244
chr16	6500399	rs3095508
chr16	6501667	rs12926015
chr16	6502164	rs7404493
chr16	6502266	rs811919
chr16	6502799	rs1476968
chr16	6503771	rs12449216
chr16	6504252	rs813913
chr16	6505432	rs17442685
chr16	6506053	rs2159549
chr16	6506441	rs1640963
chr16	6506584	rs802695
chr16	6507002	rs3095509
chr16	6509061	rs43141
chr16	6510525	rs17442866
chr16	6511229	rs12444030
chr16	6511898	rs1639161
chr16	6513143	rs802693
chr16	6513444	rs17540176
chr16	6514333	rs1558346
chr16	6515649	rs17540392
chr16	6515928	rs4786876
chr16	6516663	rs17140437
chr16	6517622	rs17140439
chr16	6517746	rs2907823
chr16	6517986	rs17140449
chr16	6518458	rs9932680
chr16	6519015	rs17140460
chr16	6519371	rs17540794
chr16	6520247	rs12920258
chr16	6522048	rs17140475
chr16	6523407	rs9931202
chr16	6526297	rs1420054
chr16	6527412	rs1362330
chr16	6528168	rs9925034
chr16	6529978	rs17140520
chr16	6530274	rs17140523
chr16	6531765	rs1476970
chr16	6533124	rs17822719
chr16	6533487	rs1476972
chr16	6533586	rs2345021
chr16	6533646	rs2345022
chr16	6534617	rs1016033
chr16	6535645	rs7186783
chr16	6536058	rs1420057
chr16	6536383	rs1476977
chr16	6536875	rs7195768
chr16	6537226	rs1476978
chr16	6537246	rs1476979
chr16	6537341	rs1476980
chr16	6538851	rs11077043
chr16	6540265	rs17192054
chr16	6542324	rs2215925
chr16	6543779	rs17823229
chr16	6544192	rs4786101
chr16	6545928	rs17140575
chr16	6546961	rs6500794
chr16	6550987	rs11077047
chr16	6553020	rs8044082
chr16	6554089	rs11077049
chr16	6555212	rs17140584
chr16	6557677	rs17140592
chr16	6559562	rs8047943
chr16	6560702	rs4419063
chr16	6564262	rs2192641
chr16	6564348	rs2192642
chr16	6574362	rs1476964
chr16	6576429	rs9926138
chr16	6576498	rs9939534
chr16	6577458	rs12933081
chr16	6581954	rs1861209
chr16	6582563	rs1861211
chr16	6582614	rs1861212
chr16	6583079	rs8044704
chr16	6583821	rs4624174
chr16	6585105	rs1861214
chr16	6586119	rs1420069
chr16	6586604	rs1548857
chr16	6587112	rs4786891
chr16	6587238	rs4786892
chr16	6590629	rs8057823
chr16	6590693	rs11644563
chr16	6591632	rs12922705
chr16	6592252	rs11645123
chr16	6596972	rs8058572
chr16	6598151	rs17140687
chr16	6599034	rs11077054
chr16	6599734	rs9929156
chr16	6600530	rs7204682
chr16	6600857	rs17193120
chr16	6601541	rs12596261
chr16	6601704	rs17193170
chr16	6601833	rs17140710
chr16	6602320	rs9935415
chr16	6602334	rs9935419
chr16	6602853	rs741171
chr16	6602925	rs741170
chr16	6602983	rs741168
chr16	6603118	rs12934582
chr16	6603131	rs2345608
chr16	6603567	rs733410
chr16	6603898	rs11649176
chr16	6604146	rs9940407
chr16	6604458	rs9931402
chr16	6604481	rs9933668
chr16	6604690	rs9933672
chr16	6605448	rs9302824
chr16	6607304	rs17193449
chr16	6607690	rs17140730
chr16	6607850	rs17140732
chr16	6608311	rs17140745
chr16	6608686	rs1154979
chr16	6610934	rs12600330
chr16	6611646	rs17720528
chr16	6611691	rs17134966
chr16	6613391	rs12928729
chr16	6613618	rs7202113
chr16	6613643	rs17140778
chr16	6614053	rs1541545
chr16	6614673	rs12918001
chr16	6614719	rs12918030
chr16	6615623	rs17720622
chr16	6615696	rs12923194
chr16	6616747	rs12929958
chr16	6616819	rs7199694
chr16	6616972	rs7200031
chr16	6617294	rs17664315
chr16	6618416	rs8064016
chr16	6618587	rs9937761
chr16	6619498	rs8044140
chr16	6619591	rs8064002
chr16	6620612	rs12444111
chr16	6620857	rs12444339
chr16	6622410	rs11647913
chr16	6622717	rs1029971
chr16	6622740	rs1029970
chr16	6623147	rs17720989
chr16	6625292	rs17721102
chr16	6625912	rs11648207
chr16	6626446	rs1833172
chr16	6627776	rs6500805
chr16	6628288	rs17664902
chr16	6628339	rs17664932
chr16	6628810	rs12596029
chr16	6630113	rs17140801
chr16	6631183	rs17665171
chr16	6631543	rs2058529
chr16	6631636	rs2058528
chr16	6632150	rs10163360
chr16	6633074	rs11077058
chr16	6639091	rs887856
chr16	6642595	rs929600
chr16	6645341	rs917899
chr16	6647561	rs12930520
chr16	6648363	rs12935406
chr16	6648817	rs17140829
chr16	6649748	rs12921960
chr16	6650705	rs17140834
chr16	6650888	rs17665477
chr16	6651565	rs12927658
chr16	6653928	rs11640341
chr16	6654748	rs2058527
chr16	6656075	rs17665667
chr16	6657583	rs17665814
chr16	6657691	rs11646003
chr16	6658811	rs17140853
chr16	6659030	rs10220964
chr16	6659508	rs7192057
chr16	6659918	rs17722228
chr16	6660468	rs1029969
chr16	6661164	rs1029967
chr16	6661226	rs8057575
chr16	6662185	rs12446272
chr16	6663496	rs8047273
chr16	6663708	rs12325531
chr16	6663776	rs8053669
chr16	6666910	rs11864450
chr16	6667064	rs8050514
chr16	6667517	rs11641519
chr16	6668016	rs17140889
chr16	6668719	rs11646603
chr16	6669892	rs12449029
chr16	6670149	rs12445315
chr16	6670419	rs17722735
chr16	6671012	rs12386044
chr16	6671291	rs10775353
chr16	6671460	rs11077062
chr16	6674105	rs9929593
chr16	6678602	rs12149756
chr16	6679021	rs7199189
chr16	6679356	rs9938207
chr16	6680940	rs17728613
chr16	6681057	rs9936613
chr16	6682432	rs2286968
chr16	6683692	rs10459842
chr16	6683770	rs35435717
chr16	6684550	rs11859830
chr16	6684597	rs4786910
chr16	6685136	rs17667084
chr16	6686474	rs8059039
chr16	6687059	rs17728982
chr16	6687682	rs41506244
chr16	6688545	rs12102441
chr16	6689932	rs10492841
chr16	6691578	rs7204582
chr16	6694218	rs1558566
chr16	6695598	rs10492839
chr16	6696744	rs1544616
chr16	6697101	rs1000193
chr16	6698455	rs17140953
chr16	6698807	rs7197991
chr16	6699565	rs9806855
chr16	6699611	rs1019257
chr16	6699760	rs1019255
chr16	6699870	rs7199760
chr16	6700249	rs9888902
chr16	6700274	rs7198444
chr16	6701824	rs4786914
chr16	6704527	rs8061082
chr16	6704929	rs7185746
chr16	6705678	rs1019253
chr16	6706337	rs17140981
chr16	6706395	rs9924395
chr16	6706688	rs7196815
chr16	6707809	rs12446151
chr16	6708094	rs8047413
chr16	6708379	rs7188849
chr16	6708921	rs1978293
chr16	6708923	rs1978292
chr16	6709605	rs2110342
chr16	6713215	rs2345485
chr16	6713299	rs7195574
chr16	6713454	rs754931
chr16	6713792	rs887862
chr16	6714622	rs6500814
chr16	6715254	rs4786921
chr16	6715550	rs17141059
chr16	6716067	rs12598879
chr16	6717191	rs12928607
chr16	6717299	rs2160039
chr16	6718997	rs12599604
chr16	6720877	rs759211
chr16	6722947	rs4786924
chr16	6723672	rs12443697
chr16	6723807	rs8044559
chr16	6723965	rs12596055
chr16	6724189	rs2192353
chr16	6724695	rs11641284
chr16	6725719	rs1016277
chr16	6726205	rs2192352
chr16	6726468	rs11647688
chr16	6726494	rs970060
chr16	6727524	rs41521345
chr16	6728199	rs9922564
chr16	6728625	rs4786113
chr16	6728689	rs12921288
chr16	6730590	rs7196371
chr16	6730888	rs7196961
chr16	6731700	rs12932732
chr16	6731913	rs12932496
chr16	6732153	rs12162044
chr16	6732946	rs7192028
chr16	6734603	rs12928338
chr16	6735190	rs13333148
chr16	6735405	rs12600240
chr16	6735631	rs12596225
chr16	6735658	rs12935093
chr16	6739940	rs4786118
chr16	6742187	rs10852677
chr16	6742418	rs11860754
chr16	6743932	rs13334520
chr16	6746803	rs9939317
chr16	6746865	rs9939407
chr16	6747061	rs17141214
chr16	6749870	rs7204975
chr16	6750649	rs17671037
chr16	6750823	rs8047604
chr16	6750960	rs12920222
chr16	6751806	rs10492837
chr16	6752326	rs10492836
chr16	6752434	rs12927282
chr16	6753844	rs2192347
chr16	6757460	rs12934756
chr16	6758012	rs12921090
chr16	6758029	rs11864873
chr16	6758156	rs7188565
chr16	6758369	rs11645845
chr16	6759810	rs9925893
chr16	6760811	rs1978290
chr16	6761162	rs12928252
chr16	6761870	rs12918703
chr16	6762291	rs17141359
chr16	6763258	rs17733954
chr16	6763286	rs8046305
chr16	6763710	rs17745014
chr16	6763911	rs7191315
chr16	6764458	rs9924637
chr16	6765337	rs7198500
chr16	6766350	rs7189191
chr16	6766913	rs8047060
chr16	6767018	rs12921974
chr16	6767036	rs7499003
chr16	6767374	rs6500818
chr16	6770897	rs6500823
chr16	6770959	rs6500824
chr16	6771871	rs8051610
chr16	6774822	rs6500827
chr16	6777653	rs6500828
chr16	6778219	rs8060290
chr16	6783885	rs12446504
chr16	6785413	rs6500834
chr16	6786311	rs7204283
chr16	6787539	rs4786934
chr16	6787552	rs12934762
chr16	6788397	rs9923210
chr16	6792549	rs9939272
chr16	6793830	rs10163400
chr16	6794094	rs10163423
chr16	6794991	rs12599685
chr16	6795488	rs9928088
chr16	6796270	rs12921548
chr16	6805936	rs6500840
chr16	6808922	rs11645855
chr16	6809491	rs12923180
chr16	6809809	rs12931063
chr16	6811056	rs7200839
chr16	6812010	rs12923584
chr16	6812248	rs12919999
chr16	6814527	rs6500841
chr16	6814818	rs11648981
chr16	6815107	rs7205424
chr16	6815180	rs7204262
chr16	6817964	rs7184490
chr16	6818285	rs6500842
chr16	6818378	rs7202526
chr16	6818510	rs8060556
chr16	6819037	rs9929176
chr16	6819311	rs11865240
chr16	6820627	rs12919350
chr16	6820854	rs6500843
chr16	6823787	rs4786121
chr16	6824467	rs8049001
chr16	6825403	rs7190693
chr16	6826247	rs12149339
chr16	6826457	rs12927089
chr16	6826854	rs7202490
chr16	6826889	rs12932929
chr16	6826983	rs12933074
chr16	6829216	rs12934725
chr16	6832473	rs11866016
chr16	6834745	rs11861289
chr16	6838834	rs4129925
chr16	6839449	rs7499720
chr16	6840528	rs9889125
chr16	6842506	rs6500846
chr16	6842618	rs6500848
chr16	6844474	rs12934399
chr16	6845944	rs11640468
chr16	6845959	rs7194057
chr16	6846127	rs11645781
chr16	6846341	rs8048930
chr16	6847635	rs7200754
chr16	6847658	rs7201500
chr16	6847764	rs7201125
chr16	6848382	rs6500854
chr16	6848605	rs7196508
chr16	6849803	rs13338731
chr16	6849889	rs8045040
chr16	6850307	rs11649041
chr16	6850546	rs4786125
chr16	6851397	rs4129042
chr16	6851512	rs4129044
chr16	6852147	rs8057091
chr16	6852584	rs8062094
chr16	6853080	rs12445513
chr16	6853126	rs7500396
chr16	6855071	rs12102431
chr16	6857473	rs11649022
chr16	6857611	rs8050015
chr16	6858863	rs8060329
chr16	6859570	rs1492375
chr16	6860061	rs11640484
chr16	6860121	rs11645444
chr16	6861298	rs11646704
chr16	6861631	rs17141571
chr16	6861717	rs17141574
chr16	6862629	rs12449240
chr16	6866450	rs11077095
chr16	6869161	rs17234371
chr16	6869983	rs953393
chr16	6870591	rs7201025
chr16	6871532	rs1473519
chr16	6872577	rs17141598
chr16	6873076	rs1473516
chr16	6873091	rs1473515
chr16	6875780	rs1388807
chr16	6876260	rs11646938
chr16	6876396	rs12920700
chr16	6876984	rs12930717
chr16	6877241	rs2131226
chr16	6877384	rs2172310
chr16	6878220	rs17826831
chr16	6878400	rs11862011
chr16	6879535	rs2172308
chr16	6879559	rs17141631
chr16	6880541	rs17235672
chr16	6880927	rs7191957
chr16	6881013	rs3963484
chr16	6881125	rs7186798
chr16	6881912	rs12929126
chr16	6884939	rs6500863
chr16	6885267	rs8047883
chr16	6886907	rs12446517
chr16	6888428	rs11077103
chr16	6889481	rs1473512
chr16	6890632	rs4786946
chr16	6891014	rs11077104
chr16	6893860	rs7190946
chr16	6894188	rs7191719
chr16	6898174	rs872772
chr16	6898632	rs4786947
chr16	6899725	rs12709159
chr16	6904273	rs6500868
chr16	6906686	rs12444752
chr16	6907156	rs7200494
chr16	6907922	rs9941224
chr16	6907939	rs9928492
chr16	6908847	rs11077106
chr16	6909466	rs8046151
chr16	6909488	rs6500870
chr16	6909802	rs11077107
chr16	6910280	rs9924891
chr16	6910609	rs12934274
chr16	6910672	rs11077108
chr16	6911783	rs8048076
chr16	6913769	rs11647023
chr16	6914380	rs7197409
chr16	6914711	rs8060416
chr16	6914962	rs7203013
chr16	6915040	rs12931774
chr16	6916552	rs12919552
chr16	6916571	rs12928831
chr16	6917626	rs7197474
chr16	6918728	rs12444867
chr16	6918925	rs7200151
chr16	6922215	rs1105004
chr16	6923048	rs1105529
chr16	6924618	rs7185720
chr16	6931821	rs7204136
chr16	6931897	rs7197259
chr16	6934780	rs6500882
chr16	6938410	rs11077116
chr16	6943054	rs12598594
chr16	6949092	rs12103087
chr16	6949202	rs7195006
chr16	6949230	rs12102573
chr16	6949911	rs9938068
chr16	6950533	rs9939192
chr16	6950799	rs1873705
chr16	6951230	rs1873707
chr16	6951405	rs9932084
chr16	6955333	rs9932425
chr16	6956346	rs2172311
chr16	6956427	rs7499744
chr16	6959581	rs7185667
chr16	6960775	rs12928362
chr16	6961317	rs12923619
chr16	6962135	rs9930092
chr16	6962471	rs9788934
chr16	6963114	rs6500892
chr16	6964661	rs1994766
chr16	6971003	rs7198339
chr16	6976211	rs4786134
chr16	6979106	rs12597439
chr16	6980308	rs1492382
chr16	6980589	rs7184414
chr16	6982052	rs4287581
chr16	6982231	rs4290488
chr16	6984267	rs4289011
chr16	6984336	rs17141933
chr16	6984381	rs4786956
chr16	6986047	rs11077121
chr16	6987386	rs12149452
chr16	6987652	rs9941014
chr16	6990829	rs11864504
chr16	6990932	rs8055711
chr16	6990984	rs12596684
chr16	6992531	rs10500343
chr16	6994787	rs11077123
chr16	6996257	rs8044114
chr16	6997356	rs7185741
chr16	6998404	rs9934836
chr16	7000339	rs12925428
chr16	7002773	rs12921822
chr16	7005827	rs11639589
chr16	7007566	rs1382485
chr16	7012444	rs12449060
chr16	7012552	rs11643737
chr16	7013996	rs7189849
chr16	7014035	rs7194755
chr16	7014701	rs9926160
chr16	7015507	rs1478727
chr16	7019055	rs2035247
chr16	7020642	rs2061815
chr16	7024090	rs9928683
chr16	7028147	rs8060849
chr16	7028228	rs8046607
chr16	7032044	rs7196887
chr16	7037472	rs13329707
chr16	7039818	rs1478725
chr16	7042427	rs899310
chr16	7042543	rs12443891
chr16	7042977	rs41477346
chr16	7044206	rs8053066
chr16	7045569	rs2169853
chr16	7048652	rs8055935
chr16	7052550	rs2346242
chr16	7052996	rs2346245
chr16	7056359	rs12709169
chr16	7057355	rs11647415
chr16	7057726	rs2015669
chr16	7059008	rs1531562
chr16	7061526	rs2346249
chr16	7062856	rs8054227
chr16	7064042	rs12932433
chr16	7064679	rs1871260
chr16	7064793	rs1871259
chr16	7064878	rs9935124
chr16	7065015	rs7187725
chr16	7065289	rs2881358
chr16	7065462	rs2346254
chr16	7065718	rs2346257
chr16	7065753	rs2346258
chr16	7068112	rs9932704
chr16	7068268	rs12051062
chr16	7069599	rs9941184
chr16	7069844	rs7184077
chr16	7072300	rs12709171
chr16	7076628	rs7185248
chr16	7076731	rs17669255
chr16	7082182	rs11640128
chr16	7082742	rs17559115
chr16	7082998	rs1478715
chr16	7083247	rs1478713
chr16	7088710	rs12920778
chr16	7088915	rs17736876
chr16	7089172	rs11866781
chr16	7090158	rs1382480
chr16	7091209	rs4142923
chr16	7092455	rs1551960
chr16	7093814	rs17736941
chr16	7094055	rs12103335
chr16	7094122	rs12917899
chr16	7095566	rs4786964
chr16	7096079	rs8061891
chr16	7096163	rs8057600
chr16	7096268	rs1478705
chr16	7096309	rs1478704
chr16	7096376	rs1478703
chr16	7096476	rs1478702
chr16	7096656	rs8056484
chr16	7097178	rs7203983
chr16	7097402	rs12600284
chr16	7098128	rs7194315
chr16	7098536	rs7195118
chr16	7099351	rs11077135
chr16	7099383	rs11639580
chr16	7101332	rs1382478
chr16	7102169	rs2127063
chr16	7102830	rs11649367
chr16	7102864	rs11640267
chr16	7103263	rs11860538
chr16	7103691	rs1318703
chr16	7106381	rs767978
chr16	7106682	rs7184564
chr16	7107863	rs11077138
chr16	7108553	rs1478697
chr16	7108725	rs4520856
chr16	7110375	rs750982
chr16	7111327	rs1871258
chr16	7111597	rs7194881
chr16	7112588	rs17669581
chr16	7113294	rs722314
chr16	7114840	rs13331885
chr16	7115290	rs12928254
chr16	7115349	rs1038106
chr16	7115369	rs1038105
chr16	7115412	rs1038104
chr16	7115809	rs4993369
chr16	7115941	rs17737130
chr16	7117345	rs8047900
chr16	7117353	rs8046633
chr16	7117534	rs12447692
chr16	7117885	rs12444064
chr16	7118504	rs1478691
chr16	7119429	rs1038103
chr16	7119887	rs4617880
chr16	7120087	rs4267321
chr16	7120958	rs8061300
chr16	7122067	rs1600230
chr16	7125777	rs2169851
chr16	7127219	rs9936520
chr16	7128511	rs17737220
chr16	7133344	rs7206460
chr16	7133989	rs17559799
chr16	7134021	rs8060088
chr16	7134316	rs12446536
chr16	7136778	rs17669791
chr16	7136901	rs6500918
chr16	7137757	rs1531559
chr16	7137945	rs1531558
chr16	7138101	rs9302840
chr16	7138252	rs17669817
chr16	7138322	rs8051751
chr16	7142651	rs12445853
chr16	7143865	rs13330438
chr16	7144839	rs11641647
chr16	7145140	rs4786139
chr16	7146045	rs899308
chr16	7146110	rs12448794
chr16	7147485	rs12922129
chr16	7148476	rs17669916
chr16	7149078	rs17669927
chr16	7150239	rs899307
chr16	7150562	rs899305
chr16	7150593	rs17737424
chr16	7151421	rs2127065
chr16	7151444	rs2127064
chr16	7152602	rs7192803
chr16	7153138	rs1979402
chr16	7153952	rs8051660
chr16	7154293	rs9806973
chr16	7155296	rs13380593
chr16	7157909	rs17737551
chr16	7159184	rs9937460
chr16	7159207	rs9937467
chr16	7159246	rs17670098
chr16	7159266	rs17670111
chr16	7159380	rs9926495
chr16	7159600	rs9926655
chr16	7159936	rs8055744
chr16	7159969	rs8055897
chr16	7160392	rs8061968
chr16	7160679	rs9929658
chr16	7161690	rs17670231
chr16	7161974	rs1471451
chr16	7163098	rs12597524
chr16	7163391	rs12599645
chr16	7163616	rs1542550
chr16	7164559	rs1542549
chr16	7168128	rs1382484
chr16	7170158	rs12921733
chr16	7170741	rs1478720
chr16	7173668	rs2222893
chr16	7175455	rs4630564
chr16	7176438	rs11649011
chr16	7176672	rs12935311
chr16	7177734	rs7194727
chr16	7177798	rs12921881
chr16	7177974	rs12922217
chr16	7179657	rs9934064
chr16	7180345	rs11642417
chr16	7180642	rs10500350
chr16	7181411	rs2346602
chr16	7182271	rs8045774
chr16	7183139	rs2141901
chr16	7183849	rs12709182
chr16	7185012	rs1922589
chr16	7185424	rs2141903
chr16	7185447	rs13334230
chr16	7185512	rs2178717
chr16	7185946	rs9930591
chr16	7187954	rs13337511
chr16	7188297	rs9929440
chr16	7188356	rs9931634
chr16	7188622	rs9929725
chr16	7188773	rs9302842
chr16	7190601	rs9930105
chr16	7190800	rs17560841
chr16	7191449	rs17737992
chr16	7191544	rs17142836
chr16	7191627	rs12925413
chr16	7191787	rs12920146
chr16	7192577	rs11860984
chr16	7193098	rs9937717
chr16	7193250	rs12325184
chr16	7193549	rs7200846
chr16	7196540	rs9939611
chr16	7196747	rs9926479
chr16	7197153	rs7203102
chr16	7197311	rs9928993
chr16	7199277	rs17670599
chr16	7200110	rs7188981
chr16	7200238	rs9922397
chr16	7200783	rs7189620
chr16	7200892	rs13336060
chr16	7201151	rs9925093
chr16	7201835	rs2346607
chr16	7201861	rs8055233
chr16	7201930	rs8053396
chr16	7204201	rs12924145
chr16	7205157	rs10153112
chr16	7205665	rs2222895
chr16	7205970	rs6500924
chr16	7207761	rs11859868
chr16	7207811	rs11859646
chr16	7207952	rs11865047
chr16	7207970	rs10153066
chr16	7207973	rs11864248
chr16	7210431	rs2346609
chr16	7212052	rs8052265
chr16	7212097	rs11642675
chr16	7212303	rs6500930
chr16	7212891	rs4384617
chr16	7212964	rs4375678
chr16	7213203	rs12148922
chr16	7213432	rs12443552
chr16	7214196	rs1922592
chr16	7214781	rs11077149
chr16	7219416	rs12050973
chr16	7219718	rs1317040
chr16	7219846	rs2178720
chr16	7220581	rs6500936
chr16	7222201	rs12595913
chr16	7222559	rs1882587
chr16	7222846	rs12596008
chr16	7222934	rs12598398
chr16	7223116	rs11077152
chr16	7227946	rs12709192
chr16	7228711	rs2346610
chr16	7232504	rs17670728
chr16	7232982	rs8051129
chr16	7233013	rs8051142
chr16	7233179	rs2103403
chr16	7233325	rs2103402
chr16	7233471	rs2346611
chr16	7233489	rs2881439
chr16	7233824	rs7199748
chr16	7233935	rs7200633
chr16	7234058	rs12929434
chr16	7236820	rs1922585
chr16	7238267	rs1997512
chr16	7238607	rs11640060
chr16	7240512	rs2346615
chr16	7241027	rs2881440
chr16	7241126	rs2346617
chr16	7241267	rs9925106
chr16	7241405	rs1922584
chr16	7242547	rs17670833
chr16	7245166	rs11077163
chr16	7245972	rs11861576
chr16	7249753	rs17143017
chr16	7249905	rs4146343
chr16	7252053	rs4786992
chr16	7253444	rs4347647
chr16	7253841	rs4347648
chr16	7254870	rs4300660
chr16	7254903	rs1922596
chr16	7255143	rs4238872
chr16	7256856	rs9302843
chr16	7256907	rs9933249
chr16	7257109	rs9934782
chr16	7257251	rs17143076
chr16	7258896	rs8059610
chr16	7259160	rs8054413
chr16	7260507	rs1010884
chr16	7261431	rs1922594
chr16	7261774	rs9922487
chr16	7261874	rs4786142
chr16	7262509	rs12447458
chr16	7263355	rs1922593
chr16	7264485	rs11077166
chr16	7264702	rs10852681
chr16	7266642	rs7195698
chr16	7268547	rs11077167
chr16	7269413	rs17647460
chr16	7269783	rs12448747
chr16	7269806	rs4536494
chr16	7270495	rs8047052
chr16	7270514	rs8051518
chr16	7270914	rs8047805
chr16	7271908	rs9936075
chr16	7275637	rs12445208
chr16	7275682	rs4354959
chr16	7276822	rs9939291
chr16	7280337	rs2178721
chr16	7283407	rs7196563
chr16	7283464	rs7191914
chr16	7283565	rs11865410
chr16	7286321	rs4558436
chr16	7290453	rs17647615
chr16	7290761	rs12325606
chr16	7296097	rs12924980
chr16	7298160	rs7206303
chr16	7299776	rs4275868
chr16	7299949	rs4608354
chr16	7300453	rs11077171
chr16	7301468	rs9674069
chr16	7304317	rs11645793
chr16	7305257	rs17143361
chr16	7307518	rs4332759
chr16	7307885	rs17143400
chr16	7310270	rs4238876
chr16	7311522	rs4350587
chr16	7312802	rs11861673
chr16	7313398	rs4786998
chr16	7313572	rs5009029
chr16	7314522	rs8046401
chr16	7317140	rs11639540
chr16	7319265	rs8046170
chr16	7320590	rs9935198
chr16	7323469	rs13337052
chr16	7326318	rs11863167
chr16	7326800	rs13334979
chr16	7327094	rs4605180
chr16	7328191	rs4433825
chr16	7328569	rs9927966
chr16	7331298	rs17739067
chr16	7332357	rs7190299
chr16	7334351	rs4362406
chr16	7336522	rs6500949
chr16	7339909	rs9939377
chr16	7344787	rs9933303
chr16	7345291	rs4257224
chr16	7345435	rs4290489
chr16	7347795	rs13339670
chr16	7347850	rs17562548
chr16	7348028	rs13330100
chr16	7348555	rs17143479
chr16	7348994	rs9924010
chr16	7352540	rs9933137
chr16	7353078	rs17146172
chr16	7355610	rs7202500
chr16	7355781	rs11866524
chr16	7357270	rs12444565
chr16	7359234	rs12925135
chr16	7361769	rs17842418
chr16	7363354	rs4787006
chr16	7363392	rs12927837
chr16	7365300	rs17143487
chr16	7365783	rs17739222
chr16	7365951	rs17143488
chr16	7366169	rs17143492
chr16	7366230	rs17143496
chr16	7368297	rs4491518
chr16	7370485	rs7206595
chr16	7374535	rs7188141
chr16	7375997	rs11861169
chr16	7377024	rs9938562
chr16	7377841	rs17671833
chr16	7383109	rs4627375
chr16	7384140	rs4325583
chr16	7384249	rs4267322
chr16	7385086	rs7184072
chr16	7385149	rs7202052
chr16	7385164	rs7202208
chr16	7385625	rs17143531
chr16	7387515	rs17671857
chr16	7391343	rs12595866
chr16	7391425	rs12598099
chr16	7391850	rs12446442
chr16	7392248	rs4786149
chr16	7392292	rs4786150
chr16	7392493	rs17648389
chr16	7392793	rs8050422
chr16	7394526	rs12709198
chr16	7394915	rs4445917
chr16	7395099	rs4519348
chr16	7395145	rs4372708
chr16	7395210	rs4372709
chr16	7395793	rs4511556
chr16	7396342	rs8052229
chr16	7396471	rs8050740
chr16	7397629	rs8056710
chr16	7398562	rs7189143
chr16	7400545	rs4786151
chr16	7400574	rs9921534
chr16	7400882	rs4787013
chr16	7401238	rs4786153
chr16	7401352	rs4786154
chr16	7401455	rs8050137
chr16	7401725	rs4352066
chr16	7402560	rs4608355
chr16	7402582	rs17562963
chr16	7404495	rs7186570
chr16	7404553	rs17672034
chr16	7404983	rs12598611
chr16	7405754	rs11077175
chr16	7405780	rs4377173
chr16	7405905	rs11077176
chr16	7405977	rs7193940
chr16	7408056	rs4624198
chr16	7408134	rs4581716
chr16	7408328	rs7196063
chr16	7409522	rs12149783
chr16	7409613	rs10500356
chr16	7410809	rs17135026
chr16	7410871	rs8044319
chr16	7411522	rs8049549
chr16	7411947	rs8050278
chr16	7411976	rs8049793
chr16	7412073	rs4616298
chr16	7412596	rs6500958
chr16	7413666	rs8059712
chr16	7414495	rs8044465
chr16	7416552	rs6500961
chr16	7417488	rs6500963
chr16	7418507	rs7190111
chr16	7418728	rs7190503
chr16	7421035	rs9926958
chr16	7421605	rs7198251
chr16	7421666	rs7196364
chr16	7425871	rs6500965
chr16	7429131	rs4274456
chr16	7429949	rs17648790
chr16	7430145	rs17143669
chr16	7430867	rs12599698
chr16	7431589	rs1540350
chr16	7433032	rs12922117
chr16	7433452	rs17563428
chr16	7434220	rs11648362
chr16	7436369	rs17745255
chr16	7436524	rs6500967
chr16	7436661	rs6500968
chr16	7437203	rs17745284
chr16	7437531	rs12929388
chr16	7439075	rs737992
chr16	7441237	rs9302846
chr16	7442514	rs1034983
chr16	7442976	rs1558339
chr16	7444116	rs2159534
chr16	7444364	rs11640070
chr16	7445185	rs2346943
chr16	7446374	rs4786169
chr16	7447701	rs9933246
chr16	7450530	rs8048519
chr16	7454545	rs7194484
chr16	7454595	rs9935875
chr16	7454669	rs9935962
chr16	7455027	rs9936248
chr16	7455887	rs11649628
chr16	7458431	rs11647085
chr16	7464266	rs11077179
chr16	7465281	rs12595909
chr16	7465900	rs8045750
chr16	7466828	rs8055842
chr16	7469687	rs11077185
chr16	7471345	rs8048837
chr16	7472115	rs11647224
chr16	7472335	rs11641748
chr16	7472359	rs17674225
chr16	7472585	rs12927909
chr16	7473641	rs12709201
chr16	7480017	rs2191388
chr16	7480214	rs2191389
chr16	7481878	rs11865295
chr16	7482392	rs17143797
chr16	7482786	rs4787027
chr16	7483305	rs17143804
chr16	7483346	rs12920363
chr16	7483402	rs12924463
chr16	7484060	rs12447548
chr16	7484237	rs7193689
chr16	7484997	rs17674860
chr16	7485377	rs12929155
chr16	7485454	rs11077191
chr16	7486034	rs10400951
chr16	7487593	rs41340155
chr16	7488250	rs8059548
chr16	7488599	rs12447971
chr16	7489450	rs4787033
chr16	7489902	rs8051868
chr16	7492084	rs10492753
chr16	7492354	rs10492754
chr16	7493790	rs2191390
chr16	7495114	rs8064181
chr16	7496024	rs11639569
chr16	7499655	rs1016175
chr16	7499721	rs1532921
chr16	7501704	rs732207
chr16	7502275	rs4787036
chr16	7509217	rs767888
chr16	7511457	rs10492755
chr16	7517126	rs4786179
chr16	7519773	rs2346945
chr16	7521290	rs1507015
chr16	7523897	rs1818290
chr16	7523976	rs3785268
chr16	7524480	rs17676059
chr16	7524588	rs2063091
chr16	7525286	rs12933105
chr16	7526645	rs11643836
chr16	7526966	rs11644002
chr16	7528929	rs2058296
chr16	7531224	rs11643560
chr16	7531316	rs4787041
chr16	7531440	rs11648978
chr16	7532004	rs12443831
chr16	7534683	rs2048093
chr16	7534999	rs10459845
chr16	7535140	rs1507016
chr16	7537394	rs17143991
chr16	7537453	rs17143994
chr16	7537511	rs1024696
chr16	7537732	rs1395579
chr16	7538036	rs713115
chr16	7538433	rs1507023
chr16	7539028	rs8061214
chr16	7539118	rs6500980
chr16	7539187	rs8060394
chr16	7540050	rs3785254
chr16	7540615	rs17144027
chr16	7540677	rs17144031
chr16	7541415	rs17144042
chr16	7541505	rs1507026
chr16	7541543	rs1507027
chr16	7542159	rs8050946
chr16	7542891	rs8053938
chr16	7544062	rs17677211
chr16	7544176	rs4787044
chr16	7544505	rs1911492
chr16	7544535	rs9921431
chr16	7544650	rs1395583
chr16	7544956	rs1395585
chr16	7545676	rs4786181
chr16	7545699	rs4786182
chr16	7547221	rs3785253
chr16	7547873	rs11644146
chr16	7547889	rs17144090
chr16	7547993	rs7203146
chr16	7551910	rs7196597
chr16	7554464	rs3826223
chr16	7555344	rs1553612
chr16	7555409	rs1553613
chr16	7555421	rs1553614
chr16	7555760	rs12448943
chr16	7555886	rs6500983
chr16	7556591	rs8063058
chr16	7556671	rs9930303
chr16	7556844	rs9930414
chr16	7557110	rs7404422
chr16	7559439	rs1876341
chr16	7559538	rs7499705
chr16	7559741	rs3938021
chr16	7559761	rs12598822
chr16	7559910	rs756411
chr16	7560375	rs6500985
chr16	7561376	rs1507031
chr16	7562506	rs7191941
chr16	7563063	rs3785249
chr16	7564011	rs9925621
chr16	7564874	rs12445627
chr16	7565004	rs12445659
chr16	7565041	rs7500249
chr16	7565313	rs9930749
chr16	7565443	rs12449121
chr16	7566403	rs10163371
chr16	7566760	rs12922392
chr16	7566854	rs7190647
chr16	7569185	rs4786183
chr16	7570558	rs7501025
chr16	7570605	rs7498500
chr16	7571418	rs3785247
chr16	7571603	rs3785245
chr16	7571623	rs3785244
chr16	7572226	rs3785241
chr16	7572239	rs3785240
chr16	7572374	rs11641648
chr16	7573232	rs12930721
chr16	7574043	rs7184130
chr16	7574054	rs17144139
chr16	7574603	rs12596392
chr16	7574829	rs2063087
chr16	7575790	rs7191721
chr16	7575824	rs7196554
chr16	7576265	rs1507000
chr16	7576634	rs17144150
chr16	7577067	rs11643742
chr16	7577096	rs11648790
chr16	7577487	rs17144160
chr16	7577945	rs11645182
chr16	7578161	rs1034971
chr16	7579083	rs2058298
chr16	7580216	rs1003615
chr16	7581135	rs17756744
chr16	7581317	rs17144183
chr16	7583103	rs1034978
chr16	7583261	rs1034980
chr16	7583993	rs6500988
chr16	7584640	rs1034981
chr16	7585404	rs1507007
chr16	7586716	rs9922599
chr16	7588517	rs7195207
chr16	7588595	rs7194715
chr16	7588947	rs11647105
chr16	7592589	rs9932172
chr16	7593969	rs17144261
chr16	7595711	rs17757439
chr16	7596756	rs6500995
chr16	7597775	rs2271133
chr16	7597880	rs3817106
chr16	7598266	rs7498167
chr16	7598443	rs17144280
chr16	7600676	rs1857951
chr16	7601190	rs8045980
chr16	7602152	rs7192965
chr16	7602867	rs6501001
chr16	7603824	rs7206390
chr16	7604080	rs11644336
chr16	7606970	rs1395577
chr16	7607025	rs7359428
chr16	7607371	rs1507010
chr16	7607430	rs4616299
chr16	7608180	rs6416822
chr16	7608908	rs4352065
chr16	7609545	rs12596889
chr16	7609747	rs8053004
chr16	7612705	rs12923795
chr16	7612829	rs7191200
chr16	7613178	rs7202054
chr16	7613288	rs7195278
chr16	7614100	rs4787048
chr16	7614873	rs9929993
chr16	7616086	rs11646221
chr16	7616198	rs12444690
chr16	7616324	rs7193902
chr16	7616389	rs7192025
chr16	7616969	rs9935836
chr16	7617197	rs3785236
chr16	7617508	rs3785233
chr16	7618394	rs7204945
chr16	7618860	rs17144352
chr16	7618998	rs4787050
chr16	7619129	rs10492764
chr16	7620324	rs7184911
chr16	7620997	rs3785229
chr16	7622489	rs7196709
chr16	7623967	rs716982
chr16	7624622	rs9922390
chr16	7625493	rs7200228
chr16	7626693	rs12709202
chr16	7627425	rs11863213
chr16	7627627	rs17144386
chr16	7629578	rs3785228
chr16	7631776	rs758491
chr16	7632603	rs9941233
chr16	7633848	rs9673471
chr16	7635438	rs11648653
chr16	7635781	rs41348648
chr16	7638527	rs7198717
chr16	7638693	rs12600141
chr16	7640069	rs11648047
chr16	7640417	rs17144422
chr16	7640521	rs17144423
chr16	7641993	rs11077210
chr16	7642184	rs2079753
chr16	7643880	rs727624
chr16	7644874	rs3785224
chr16	7645010	rs7205010
chr16	7645397	rs2215277
chr16	7646603	rs4787053
chr16	7647374	rs1009692
chr16	7648062	rs9302853
chr16	7648570	rs6501005
chr16	7650611	rs17144475
chr16	7651178	rs3785223
chr16	7654201	rs3785222
chr16	7654361	rs3785220
chr16	7654406	rs3785219
chr16	7655657	rs12448409
chr16	7656862	rs1024651
chr16	7657917	rs7190927
chr16	7659183	rs2109059
chr16	7659201	rs17144509
chr16	7659534	rs2159318
chr16	7660029	rs6501007
chr16	7660057	rs17760165
chr16	7660180	rs7190618
chr16	7660304	rs17687532
chr16	7660405	rs8049985
chr16	7661759	rs740677
chr16	7661894	rs17135053
chr16	7662319	rs10521085
chr16	7662414	rs740676
chr16	7663114	rs3785217
chr16	7663349	rs3785216
chr16	7663726	rs17135054
chr16	7663788	rs8047531
chr16	7663921	rs17144513
chr16	7665575	rs8044409
chr16	7666175	rs9931894
chr16	7666900	rs3785215
chr16	7667326	rs10492760
chr16	7668285	rs1019141
chr16	7670018	rs3826208
chr16	7670604	rs3785210
chr16	7671024	rs17144534
chr16	7671776	rs2286541
chr16	7672283	rs11859984
chr16	7673570	rs917544
chr16	7674135	rs7185149
chr16	7676755	rs2302213
chr16	7677419	rs3826207
chr16	7679219	rs763650
chr16	7680363	rs12149065
chr16	7681387	rs34346323
chr16	7683494	rs2058188
chr16	7683807	rs1014128
chr16	7684284	rs8045458
chr16	7684492	rs10852689
chr16	7685031	rs2058186
chr16	7685548	rs10492759
chr16	7685837	rs17766925
chr16	7686408	rs7199170
chr16	7687834	rs8045076
chr16	7688347	rs4408560
chr16	7691198	rs8061577
chr16	7691269	rs11642419
chr16	7693745	rs917543
chr16	7694178	rs12447542
chr16	7694598	rs2191133
chr16	7695045	rs8055404
chr16	7696937	rs11077214
chr16	7700946	rs3785194
chr16	7701173	rs7206535
chr16	7701591	rs11644659
chr16	7703599	rs7196635
chr16	7703702	rs12444931
chr16	7704744	rs7202021
chr16	7706085	rs10852690
chr16	7706297	rs2881629
chr16	7707371	rs8056138
chr16	7708404	rs9940215
chr16	7708636	rs2270128
chr16	7709997	rs7191615
chr16	7710882	rs881562
chr16	7711527	rs9302854
chr16	7717260	rs9929491
chr16	7717768	rs9936990
chr16	7718343	rs4310868
chr16	7718742	rs9930542
chr16	7719191	rs11077216
chr16	7721744	rs6501015
chr16	7722149	rs984328
chr16	7722247	rs984325
chr16	7723248	rs11648289
chr16	7723357	rs2967566
chr16	7724637	rs10492757
chr16	7726122	rs984606
chr16	7730971	rs11640907
chr16	7731826	rs1014124
chr16	7731864	rs7196515
chr16	7731983	rs1014125
chr16	7732007	rs1014126
chr16	7733760	rs960378
chr16	7735722	rs9928609
chr16	7735834	rs7199396
chr16	7736086	rs12935608
chr16	7738916	rs12928443
chr16	7739260	rs13331459
chr16	7741187	rs1029760
chr16	7741983	rs9940832
chr16	7742246	rs1024647
chr16	7742412	rs1024646
chr16	7742910	rs17770916
chr16	7746247	rs2967561
chr16	7746794	rs11642512
chr16	7747126	rs7196984
chr16	7747807	rs8056567
chr16	7748221	rs2347754
chr16	7749100	rs10438589
chr16	7749380	rs2907355
chr16	7750034	rs2967563
chr16	7750224	rs6501018
chr16	7752155	rs2907352
chr16	7752302	rs2041275
chr16	7753427	rs2907351
chr16	7755079	rs17771750
chr16	7757457	rs9930388
chr16	7757828	rs2191128
chr16	7758092	rs2191127
chr16	7758915	rs2109060
chr16	7759600	rs12447133
chr16	7760158	rs4787076
chr16	7762129	rs2967549
chr16	7762277	rs7203797
chr16	7762930	rs2907363
chr16	7764614	rs12447438
chr16	7766940	rs2907362
chr16	7767625	rs2967559
chr16	7767927	rs2907358
chr16	7770283	rs2967553
chr16	7770616	rs12597817
chr16	7770883	rs2159317
chr16	7772705	rs11077218
chr16	7772749	rs11077219
chr16	7774614	rs4787078
chr16	7776053	rs4787079
chr16	7779736	rs12930568
chr16	7781212	rs3111558
chr16	7786295	rs3112740
chr16	7787451	rs3111559
chr16	7790179	rs4238884
chr16	7791874	rs12929018
chr16	7792503	rs8059817
chr16	7792520	rs3862445
chr16	7792664	rs9929080
chr16	7792796	rs9940282
chr16	7793437	rs12596634
chr16	7797395	rs13330942
chr16	7797414	rs13330658
chr16	7797426	rs13330661
chr16	7797569	rs4374183
chr16	7797587	rs3923766
chr16	7797807	rs13330821
chr16	7798190	rs11077223
chr16	7798285	rs9302856
chr16	7798338	rs9302857
chr16	7798498	rs9302858
chr16	7799222	rs4456517
chr16	7800084	rs4786196
chr16	7801411	rs4787086
chr16	7803647	rs7194666
chr16	7804369	rs7200659
chr16	7804594	rs6501023
chr16	7804982	rs8058542
chr16	7806210	rs3885625
chr16	7807423	rs7202860
chr16	7811206	rs12931037
chr16	7811475	rs12918915
chr16	7812662	rs9922296
chr16	7812996	rs4539617
chr16	7813313	rs9937464
chr16	7813357	rs9924140
chr16	7814618	rs4787088
chr16	7822596	rs4527036
chr16	7823932	rs7184063
chr16	7824443	rs11077231
chr16	7825995	rs9923764
chr16	7826315	rs13337565
chr16	7827052	rs4077730
chr16	7827616	rs8061435
chr16	7828035	rs8062137
chr16	7832108	rs9927776
chr16	7835692	rs4290490
chr16	7835926	rs9944370
chr16	7836650	rs9930513
chr16	7840982	rs5024937
chr16	7846311	rs9925622
chr16	7847391	rs6501025
chr16	7853558	rs4324148
chr16	7856043	rs9936891
chr16	7856258	rs13337516
chr16	7856708	rs4786199
chr16	7857979	rs12933704
chr16	7858022	rs8062618
chr16	7860109	rs4306526
chr16	7860870	rs7189950
chr16	7862523	rs11648668
chr16	7865053	rs4608356
chr16	7865420	rs4439778
chr16	7868832	rs4258635
chr16	7871295	rs12597714
chr16	7871762	rs11077237
chr16	7873421	rs9935134
chr16	7879652	rs9788925
chr16	7879826	rs9788927
chr16	7881283	rs7186844
chr16	7881586	rs11859694
chr16	7882045	rs4261521
chr16	7883231	rs11077239
chr16	7885116	rs8053478
chr16	7885973	rs8055049
chr16	7887225	rs9929225
chr16	7887249	rs9939737
chr16	7889540	rs9930475
chr16	7890347	rs12598585
chr16	7893362	rs13334531
chr16	7897096	rs7499320
chr16	7901866	rs4438285
chr16	7901894	rs3922908
chr16	7902178	rs11649687
chr16	7903511	rs8056207
chr16	7904038	rs11860399
chr16	7905015	rs8057900
chr16	7905871	rs8063561
chr16	7906032	rs8048172
chr16	7906124	rs8052349
chr16	7908044	rs11643468
chr16	7908904	rs8044765
chr16	7909640	rs4485340
chr16	7910203	rs7194465
chr16	7911784	rs4635323
chr16	7912259	rs7184737
chr16	7913876	rs4464062
chr16	7914816	rs4508405
chr16	7917108	rs11646592
chr16	7917674	rs4383127
chr16	7919441	rs4488429
chr16	7919581	rs7195589
chr16	7920422	rs4633701
chr16	7920598	rs4347607
chr16	7923525	rs4396517
chr16	7924633	rs4131337
chr16	7925355	rs11863998
chr16	7927372	rs11649688
chr16	7927526	rs8058150
chr16	7929135	rs9939266
chr16	7929667	rs8059902
chr16	7930290	rs4787102
chr16	7930530	rs6501039
chr16	7934433	rs8047258
chr16	7935223	rs8054510
chr16	7936443	rs6501041
chr16	7937378	rs4523909
chr16	7937741	rs4559892
chr16	7938034	rs9652644
chr16	7938148	rs9652645
chr16	7938296	rs8049782
chr16	7938531	rs8050170
chr16	7939789	rs9302859
chr16	7940066	rs9925413
chr16	7940745	rs4390571
chr16	7941863	rs12931427
chr16	7942045	rs8060173
chr16	7943512	rs12921892
chr16	7949654	rs12596969
chr16	7954506	rs11866742
chr16	7958304	rs869854
chr16	7959110	rs9938584
chr16	7959352	rs9939373
chr16	7959626	rs9939629
chr16	7960931	rs9935018
chr16	7961213	rs7192993
chr16	7961365	rs1567138
chr16	7961844	rs12599620
chr16	7962803	rs1395590
chr16	7963794	rs1124018
chr16	7964683	rs1395592
chr16	7964748	rs17648946
chr16	7966049	rs3105668
chr16	7966706	rs9931775
chr16	7967782	rs6501048
chr16	7969609	rs1395593
chr16	7971160	rs17672470
chr16	7972174	rs1507032
chr16	7973243	rs10500358
chr16	7973364	rs13336175
chr16	7974182	rs11860930
chr16	7974931	rs6501049
chr16	7978612	rs4786201
chr16	7985773	rs1507038
chr16	7988854	rs1354808
chr16	7989284	rs17569616
chr16	7990319	rs12923611
chr16	7990690	rs9922204
chr16	7991925	rs12924146
chr16	7992363	rs9927578
chr16	7992715	rs4787103
chr16	7992872	rs4786203
chr16	7994971	rs9933906
chr16	7997079	rs4787108
chr16	7997956	rs1567147
chr16	7998082	rs1567146
chr16	7998696	rs4530118
chr16	7999375	rs7187840
chr16	8001011	rs9928184
chr16	8005736	rs3105672
chr16	8005833	rs3112642
chr16	8006390	rs3105673
chr16	8010439	rs7197658
chr16	8010747	rs7191337
chr16	8011361	rs3105676
chr16	8012271	rs6501053
chr16	8013156	rs11077252
chr16	8014039	rs9934058
chr16	8014156	rs10852694
chr16	8015130	rs11862051
chr16	8015210	rs12325667
chr16	8016024	rs8060572
chr16	8020659	rs8063301
chr16	8023191	rs1532925
chr16	8023916	rs1532926
chr16	8024020	rs1532927
chr16	8025269	rs12709211
chr16	8026006	rs7193013
chr16	8028969	rs3105681
chr16	8034798	rs7193708
chr16	8038507	rs17145150
chr16	8039435	rs17672590
chr16	8039526	rs3112655
chr16	8040205	rs3112660
chr16	8041950	rs6501060
chr16	8042574	rs11649352
chr16	8047420	rs3105661
chr16	8048362	rs3105662
chr16	8048627	rs6501066
chr16	8048696	rs7197046
chr16	8049413	rs1567142
chr16	8049534	rs1567143
chr16	8049915	rs3100050
chr16	8051049	rs11861995
chr16	8052288	rs1031367
chr16	8053155	rs10500360
chr16	8056981	rs7193684
chr16	8061288	rs3112666
chr16	8062397	rs3112668
chr16	8062562	rs17672815
chr16	8063123	rs3105666
chr16	8063851	rs896398
chr16	8066545	rs12445664
chr16	8069306	rs17672855
chr16	8071037	rs9925208
chr16	8072181	rs12600095
chr16	8074435	rs7200286
chr16	8075029	rs12927178
chr16	8078056	rs4787125
chr16	8080322	rs1567144
chr16	8084613	rs1507037
chr16	8093307	rs11077260
chr16	8095490	rs1599549
chr16	8095774	rs11864687
chr16	8098806	rs11865277
chr16	8106054	rs7200784
chr16	8107304	rs11642290
chr16	8110552	rs4786212
chr16	8120731	rs12929499
chr16	8122226	rs17745825
chr16	8122999	rs8048604
chr16	8123238	rs41512546
chr16	8126840	rs8050359
chr16	8127292	rs17745873
chr16	8127558	rs17672969
chr16	8134015	rs1381537
chr16	8134192	rs10459832
chr16	8136058	rs1462104
chr16	8137404	rs17672995
chr16	8141559	rs12926696
chr16	8141691	rs12932255
chr16	8142198	rs7202396
chr16	8142306	rs7203304
chr16	8146066	rs7187922
chr16	8146189	rs7205385
chr16	8146336	rs17564783
chr16	8146710	rs10852696
chr16	8147460	rs9923791
chr16	8148660	rs1961607
chr16	8148869	rs1376657
chr16	8149200	rs1376654
chr16	8149824	rs10500362
chr16	8155222	rs2122909
chr16	8155876	rs4787138
chr16	8158092	rs4787150
chr16	8160056	rs11644223
chr16	8160112	rs17564909
chr16	8160269	rs12932978
chr16	8162855	rs1078444
chr16	8164303	rs4786215
chr16	8166222	rs2360846
chr16	8166300	rs17650189
chr16	8167574	rs4321181
chr16	8169129	rs997097
chr16	8169752	rs4787154
chr16	8173955	rs898873
chr16	8174697	rs1159777
chr16	8175504	rs1462094
chr16	8176773	rs12597924
chr16	8177149	rs1117063
chr16	8177375	rs1117064
chr16	8178124	rs1451595
chr16	8179811	rs1013240
chr16	8180011	rs1013239
chr16	8181370	rs11077269
chr16	8181489	rs17650271
chr16	8185068	rs12446377
chr16	8186339	rs17145366
chr16	8186517	rs1466405
chr16	8186683	rs11865292
chr16	8188483	rs8045510
chr16	8188959	rs17145374
chr16	8188986	rs17145380
chr16	8190788	rs7204239
chr16	8191879	rs9933830
chr16	8192144	rs12596707
chr16	8194137	rs17565196
chr16	8194537	rs6501084
chr16	8195691	rs6501087
chr16	8198658	rs9933451
chr16	8199272	rs733632
chr16	8202514	rs4787159
chr16	8206543	rs11862645
chr16	8206802	rs10500363
chr16	8209140	rs17673396
chr16	8210424	rs17746368
chr16	8210752	rs1159699
chr16	8212541	rs17746463
chr16	8216397	rs2360849
chr16	8217479	rs17145442
chr16	8219052	rs17145449
chr16	8219125	rs13335775
chr16	8221100	rs759979
chr16	8222909	rs7185240
chr16	8227930	rs12926179
chr16	8228754	rs4575517
chr16	8228847	rs4627322
chr16	8229494	rs9302864
chr16	8230084	rs7202505
chr16	8232612	rs1026226
chr16	8233708	rs17145465
chr16	8233722	rs17145467
chr16	8235339	rs930719
chr16	8235826	rs1868971
chr16	8238479	rs17145492
chr16	8240103	rs4787162
chr16	8243030	rs896396
chr16	8243107	rs896395
chr16	8243473	rs7184544
chr16	8245124	rs17145509
chr16	8245405	rs7195828
chr16	8245578	rs7203229
chr16	8246084	rs12931734
chr16	8247683	rs982855
chr16	8248131	rs1462099
chr16	8248524	rs17145534
chr16	8251006	rs10492875
chr16	8251132	rs982488
chr16	8252416	rs17707179
chr16	8252776	rs12919950
chr16	8252972	rs4787167
chr16	8253458	rs1551175
chr16	8254317	rs8055091
chr16	8254436	rs9927623
chr16	8254794	rs8057880
chr16	8255104	rs8062548
chr16	8255677	rs4346186
chr16	8257669	rs17145560
chr16	8258673	rs17145575
chr16	8258845	rs17145577
chr16	8258853	rs17707607
chr16	8259509	rs1551170
chr16	8259928	rs12103124
chr16	8260878	rs11077278
chr16	8263270	rs8057314
chr16	8265468	rs12446951
chr16	8271221	rs12929785
chr16	8271928	rs11861081
chr16	8273884	rs10852697
chr16	8274986	rs1868970
chr16	8275272	rs1868967
chr16	8276543	rs5011699
chr16	8278331	rs921473
chr16	8278541	rs1868966
chr16	8278967	rs11077283
chr16	8279114	rs12102940
chr16	8279281	rs12102368
chr16	8279388	rs9302866
chr16	8279511	rs2034587
chr16	8280325	rs10852699
chr16	8280419	rs10852700
chr16	8280490	rs5015251
chr16	8280520	rs5015250
chr16	8282871	rs9924397
chr16	8283539	rs17145648
chr16	8283945	rs17145657
chr16	8284709	rs17145664
chr16	8285103	rs995037
chr16	8286313	rs1010114
chr16	8286678	rs17145678
chr16	8286999	rs11077287
chr16	8287386	rs17145680
chr16	8287801	rs8053877
chr16	8288604	rs11643061
chr16	8290938	rs2198184
chr16	8291182	rs2360852
chr16	8291332	rs12918248
chr16	8291754	rs2218897
chr16	8292169	rs1015989
chr16	8292366	rs1015990
chr16	8294782	rs2360853
chr16	8296685	rs7201961
chr16	8297724	rs11863411
chr16	8299375	rs12597811
chr16	8301783	rs8058307
chr16	8301931	rs8053368
chr16	8303465	rs12934830
chr16	8305248	rs17777099
chr16	8305591	rs17777124
chr16	8306324	rs17145695
chr16	8309714	rs2218895
chr16	8310836	rs39568
chr16	8316808	rs41367249
chr16	8318074	rs7189949
chr16	8319850	rs7186497
chr16	8320623	rs4500706
chr16	8324094	rs723442
chr16	8324535	rs8053764
chr16	8324631	rs40643
chr16	8324696	rs8054048
chr16	8324861	rs8054406
chr16	8326201	rs9921983
chr16	8326319	rs35975024
chr16	8327165	rs4787180
chr16	8328731	rs29577
chr16	8329370	rs9935188
chr16	8330702	rs9929109
chr16	8332735	rs43161
chr16	8332862	rs187615
chr16	8332918	rs40256
chr16	8333341	rs8055662
chr16	8333387	rs12599515
chr16	8333582	rs8056186
chr16	8334473	rs370603
chr16	8336581	rs40257
chr16	8337952	rs8060123
chr16	8338931	rs39570
chr16	8338980	rs39778
chr16	8339985	rs7203328
chr16	8340513	rs4787183
chr16	8341910	rs1868965
chr16	8342709	rs40645
chr16	8343027	rs40387
chr16	8346489	rs29586
chr16	8346689	rs11077289
chr16	8347398	rs39780
chr16	8349270	rs443760
chr16	8349689	rs29590
chr16	8350582	rs7199231
chr16	8352336	rs40555
chr16	8353591	rs40460
chr16	8355848	rs29599
chr16	8356260	rs29600
chr16	8364973	rs42386
chr16	8365919	rs29605
chr16	8366647	rs4787191
chr16	8368550	rs12325361
chr16	8368574	rs12325648
chr16	8376212	rs2361072
chr16	8376261	rs17145744
chr16	8376507	rs1542287
chr16	8376856	rs10431962
chr16	8377447	rs1868984
chr16	8378260	rs12924053
chr16	8379258	rs12447384
chr16	8380115	rs17199812
chr16	8381531	rs10492877
chr16	8381652	rs4786233
chr16	8382140	rs10492879
chr16	8382426	rs7206785
chr16	8382591	rs7184311
chr16	8384737	rs2122912
chr16	8385948	rs7203609
chr16	8389392	rs2075462
chr16	8389872	rs8058752
chr16	8390148	rs17145771
chr16	8390299	rs9937901
chr16	8390821	rs12448378
chr16	8391298	rs12595861
chr16	8391496	rs17145777
chr16	8391729	rs766010
chr16	8392524	rs12447938
chr16	8393100	rs12599418
chr16	8393408	rs12599961
chr16	8393513	rs8054380
chr16	8394056	rs4786234
chr16	8395229	rs8046811
chr16	8395305	rs8051427
chr16	8396815	rs7500432
chr16	8398483	rs17145794
chr16	8398576	rs1881344
chr16	8402882	rs12597409
chr16	8403290	rs12600131
chr16	8404653	rs896401
chr16	8408213	rs12325385
chr16	8408886	rs6501109
chr16	8409227	rs1528341
chr16	8412871	rs4383128
chr16	8417726	rs4141505
chr16	8419188	rs6501116
chr16	8420215	rs12444380
chr16	8420351	rs8048890
chr16	8420580	rs9934899
chr16	8421193	rs17670989
chr16	8421499	rs4488430
chr16	8421717	rs2290287
chr16	8421937	rs2290288
chr16	8423676	rs17145828
chr16	8423958	rs4787209
chr16	8424158	rs17750544
chr16	8427864	rs7404750
chr16	8432608	rs1868982
chr16	8433422	rs7499729
chr16	8433474	rs6501125
chr16	8433773	rs764681
chr16	8433919	rs6501126
chr16	8436537	rs7190869
chr16	8445407	rs2361074
chr16	8445526	rs2361075
chr16	8446033	rs12930293
chr16	8449313	rs12935204
chr16	8449509	rs1528347
chr16	8449782	rs7498312
chr16	8451039	rs1006760
chr16	8451211	rs9939575
chr16	8451327	rs17791503
chr16	8453220	rs8045405
chr16	8453683	rs8052532
chr16	8455585	rs935807
chr16	8455920	rs12598182
chr16	8457927	rs4586417
chr16	8458057	rs4616275
chr16	8459212	rs13336364
chr16	8459238	rs12709230
chr16	8460120	rs7500250
chr16	8461782	rs4238896
chr16	8465706	rs12919774
chr16	8465903	rs7186417
chr16	8466186	rs11861312
chr16	8467230	rs4238897
chr16	8469114	rs4313799
chr16	8469625	rs4614709
chr16	8470156	rs12934978
chr16	8470577	rs11077309
chr16	8470599	rs11077310
chr16	8471018	rs12443675
chr16	8471340	rs4786244
chr16	8474678	rs12443887
chr16	8477306	rs7205690
chr16	8481582	rs6501143
chr16	8482254	rs10468336
chr16	8483416	rs8047467
chr16	8483570	rs1980388
chr16	8484735	rs9928124
chr16	8484826	rs9935330
chr16	8485596	rs9938690
chr16	8486141	rs9933436
chr16	8487799	rs12922438
chr16	8489283	rs11077311
chr16	8490729	rs12929740
chr16	8491059	rs12920180
chr16	8492444	rs13330424
chr16	8495108	rs12102842
chr16	8495144	rs12102843
chr16	8496501	rs4786249
chr16	8498148	rs9652648
chr16	8498301	rs9652651
chr16	8500553	rs4787232
chr16	8501691	rs12102978
chr16	8501759	rs12102952
chr16	8503130	rs12932004
chr16	8507405	rs8063201
chr16	8508350	rs11860880
chr16	8508723	rs4786255
chr16	8509499	rs11077313
chr16	8510487	rs4787235
chr16	8511157	rs4787236
chr16	8511973	rs12926449
chr16	8514754	rs1919071
chr16	8515138	rs9936616
chr16	8515720	rs12923941
chr16	8516299	rs4787243
chr16	8516628	rs11077314
chr16	8517280	rs4787244
chr16	8521387	rs7194451
chr16	8521957	rs6501149
chr16	8521970	rs12709233
chr16	8522156	rs7201758
chr16	8525284	rs4787247
chr16	8528343	rs2887671
chr16	8529359	rs8054376
chr16	8529544	rs8054576
chr16	8531797	rs1528337
chr16	8533484	rs11077316
chr16	8533763	rs7199774
chr16	8534663	rs4617842
chr16	8535418	rs4787249
chr16	8537686	rs13337192
chr16	8540871	rs8061765
chr16	8542547	rs9935924
chr16	8545072	rs13331113
chr16	8545733	rs9937034
chr16	8547080	rs13333952
chr16	8547699	rs4786261
chr16	8548167	rs4354918
chr16	8549617	rs10468320
chr16	8552076	rs4322647
chr16	8552589	rs9921593
chr16	8554796	rs9935078
chr16	8554853	rs9925238
chr16	8558294	rs6501161
chr16	8558444	rs4474660
chr16	8559967	rs9302868
chr16	8559989	rs9302869
chr16	8561631	rs4569257
chr16	8565207	rs4580141
chr16	8565616	rs13334339
chr16	8567760	rs11077319
chr16	8575521	rs12923305
chr16	8576080	rs7197392
chr16	8577134	rs9929530
chr16	8578330	rs6501163
chr16	8579162	rs7187729
chr16	8581061	rs3924628
chr16	8581125	rs3924627
chr16	8585992	rs12709236
chr16	8596737	rs7500465
chr16	8599306	rs2312948
chr16	8602521	rs933488
chr16	8607779	rs2312949
chr16	8611690	rs12448218
chr16	8611807	rs7499607
chr16	8612344	rs9928229
chr16	8612512	rs12449002
chr16	8614526	rs9939360
chr16	8615005	rs12446439
chr16	8615311	rs7197351
chr16	8616164	rs17650602
chr16	8616428	rs10775286
chr16	8620763	rs7195689
chr16	8620917	rs7185211
chr16	8621386	rs12922295
chr16	8622250	rs6498214
chr16	8628195	rs12597469
chr16	8635267	rs2302607
chr16	8641724	rs4985090
chr16	8642407	rs2241102
chr16	8645253	rs2270287
chr16	8647408	rs1730989
chr16	8649370	rs1379
chr16	8653970	rs6498521
chr16	8655947	rs4313808
chr16	8656246	rs1629679
chr16	8657353	rs7203454
chr16	8658690	rs9923816
chr16	8660645	rs8050839
chr16	8661264	rs1620139
chr16	8661290	rs1620091
chr16	8668509	rs4985110
chr16	8670461	rs1358692
chr16	8670571	rs1345300
chr16	8674021	rs1730964
chr16	8674944	rs1730962
chr16	8677329	rs1730958
chr16	8678720	rs1641107
chr16	8680302	rs9935902
chr16	8682896	rs1730944
chr16	8683127	rs1730943
chr16	8683260	rs12921061
chr16	8684294	rs1730938
chr16	8685733	rs4985113
chr16	8685940	rs1273349
chr16	8687653	rs11646372
chr16	8689114	rs1273353
chr16	8689634	rs747330
chr16	8690609	rs4454975
chr16	8690990	rs1273357
chr16	8694901	rs1273369
chr16	8697027	rs6497327
chr16	8698055	rs1273376
chr16	8706762	rs1731070
chr16	8708895	rs1731062
chr16	8708975	rs12447371
chr16	8709147	rs1731061
chr16	8709764	rs1640980
chr16	8712564	rs1273385
chr16	8713065	rs2241103
chr16	8713458	rs7188782
chr16	8715845	rs1420082
chr16	8715995	rs12149040
chr16	8718129	rs8055836
chr16	8718806	rs6497548
chr16	8719430	rs1273394
chr16	8721143	rs2313427
chr16	8721609	rs41427146
chr16	8724825	rs12445987
chr16	8728164	rs1640988
chr16	8730293	rs1731083
chr16	8736363	rs11074534
chr16	8736969	rs4984999
chr16	8740775	rs1641002
chr16	8740959	rs1641003
chr16	8746097	rs1731017
chr16	8746168	rs2103340
chr16	8752835	rs1731039
chr16	8753645	rs1641015
chr16	8753815	rs10852271
chr16	8755156	rs1273422
chr16	8759930	rs13337024
chr16	8760130	rs8046201
chr16	8760550	rs1641019
chr16	8763935	rs1273402
chr16	8765741	rs9937937
chr16	8767043	rs12708689
chr16	8768355	rs8049072
chr16	8768414	rs8053509
chr16	8768439	rs8057362
chr16	8769099	rs3815508
chr16	8769133	rs11862060
chr16	8771962	rs1273418
chr16	8772106	rs9924807
chr16	8772338	rs8056083
chr16	8772423	rs12925086
chr16	8772725	rs9937726
chr16	8773739	rs1273420
chr16	8774783	rs1641021
chr16	8774919	rs1641022
chr16	8776761	rs12930556
chr16	8777515	rs1641024
chr16	8777531	rs1641025
chr16	8779599	rs1079348
chr16	8779636	rs1079349
chr16	8779795	rs1079350
chr16	8779852	rs1641029
chr16	8780922	rs1075853
chr16	8781672	rs2270288
chr16	8781728	rs737694
chr16	8781942	rs3743798
chr16	8782561	rs7205816
chr16	8782640	rs17674530
chr16	8782763	rs17566580
chr16	8782835	rs7201586
chr16	8782931	rs17651562
chr16	8783363	rs4985036
chr16	8783544	rs11648372
chr16	8783975	rs8275
chr16	8788110	rs7204765
chr16	8788795	rs1865806
chr16	8789031	rs7192702
chr16	8795610	rs3760024
chr16	8795676	rs1864
chr16	8795771	rs12049
chr16	8796717	rs11642272
chr16	8798157	rs9939787
chr16	8798288	rs9926107
chr16	8798297	rs17747560
chr16	8798318	rs9931867
chr16	8798614	rs17674628
chr16	8803074	rs3785176
chr16	8806579	rs17566708
chr16	8806958	rs17651644
chr16	8807426	rs8046212
chr16	8808554	rs4985037
chr16	8811197	rs11074924
chr16	8812682	rs3826198
chr16	8812716	rs3743809
chr16	8813168	rs3743807
chr16	8814954	rs8057024
chr16	8817217	rs1529913
chr16	8818736	rs4247100
chr16	8819947	rs1985263
chr16	8827024	rs8050781
chr16	8828181	rs4985045
chr16	8829358	rs6498141
chr16	8832741	rs9931331
chr16	8846565	rs11645498
chr16	8847961	rs2075827
chr16	8848000	rs2072688
chr16	8848822	rs1056898
chr16	8849420	rs2447927
chr16	8849694	rs4985053
chr16	8851711	rs4985054
chr16	8852744	rs17680152
chr16	8853179	rs1058967
chr16	8854616	rs2447924
chr16	8855041	rs6899
chr16	8855117	rs6898
chr16	8855330	rs2231709
chr16	8855617	rs4985055
chr16	8855790	rs4985056
chr16	8856393	rs17566813
chr16	8856416	rs2437704
chr16	8856561	rs1657069
chr16	8860637	rs1657072
chr16	8863633	rs10163323
chr16	8864606	rs168841
chr16	8865051	rs254950
chr16	8865469	rs4985010
chr16	8865498	rs8050692
chr16	8881200	rs254951
chr16	8882758	rs16964628
chr16	8887095	rs30778
chr16	8890016	rs7188094
chr16	8890412	rs30781
chr16	8894278	rs899253
chr16	8894331	rs899254
chr16	8898485	rs2304465
chr16	8898971	rs2289109
chr16	8901557	rs1657091
chr16	8902520	rs2447918
chr16	8905691	rs1347580
chr16	8906146	rs4985012
chr16	8906228	rs1657066
chr16	8908815	rs4985065
chr16	8910409	rs11648031
chr16	8916356	rs7195624
chr16	8920528	rs7189170
chr16	8932543	rs1542541
chr16	8933494	rs8045445
chr16	8933584	rs1677480
chr16	8934788	rs12924995
chr16	8935151	rs8061621
chr16	8937247	rs2437716
chr16	8938158	rs7190551
chr16	8939107	rs8059146
chr16	8939733	rs166231
chr16	8940969	rs7342770
chr16	8941267	rs1471435
chr16	8941527	rs166232
chr16	8946462	rs2248797
chr16	8949685	rs7192755
chr16	8950305	rs12929193
chr16	8955253	rs10500366
chr16	8956474	rs12446999
chr16	8958616	rs4076904
chr16	8974445	rs12923049
chr16	8975054	rs7191886
chr16	8987133	rs964006
chr16	8989510	rs9927946
chr16	8994527	rs8063445
chr16	8996105	rs8058889
chr16	8996758	rs4438302
chr16	9003668	rs17652097
chr16	9006131	rs732942
chr16	9007392	rs8058802
chr16	9008531	rs9923450
chr16	9010069	rs10221019
chr16	9012358	rs17748145
chr16	9013697	rs899258
chr16	9014241	rs1075905
chr16	9014299	rs1075904
chr16	9015534	rs11861968
chr16	9024958	rs12598117
chr16	9033649	rs4575534
chr16	9037390	rs4985087
chr16	9047194	rs7184991
chr16	9053155	rs12447637
chr16	9060567	rs7198738
chr16	9066268	rs13335056
chr16	9068357	rs11075191
chr16	9071197	rs8048330
chr16	9071290	rs8061017
chr16	9076391	rs12708769
chr16	9079286	rs9673524
chr16	9088720	rs6498426
chr16	9089578	rs4566166
chr16	9091037	rs12445479
chr16	9093399	rs8047402
chr16	9093618	rs17567304
chr16	9095667	rs12931763
chr16	9108113	rs7186634
chr16	9111506	rs9039
chr16	9119130	rs1048687
chr16	9119562	rs6777
chr16	9120023	rs3743832
chr16	9121308	rs12447788
chr16	9122307	rs4386138
chr16	9123057	rs12925781
chr16	9123091	rs9926522
chr16	9124844	rs9932566
chr16	9125030	rs11862745
chr16	9128554	rs7206773
chr16	9128921	rs7203301
chr16	9130365	rs953286
chr16	9130462	rs954034
chr16	9130499	rs7192554
chr16	9132095	rs8062321
chr16	9133535	rs8058645
chr16	9134675	rs9925652
chr16	9135920	rs8050335
chr16	9146129	rs907022
chr16	9148663	rs925330
chr16	9152590	rs2955394
chr16	9160304	rs2941367
chr16	9165375	rs2941347
chr16	9165833	rs2941346
chr16	9168427	rs9922314
chr16	9169880	rs1114620
chr16	9172443	rs11075237
chr16	9176154	rs2941320
chr16	9177223	rs2965851
chr16	9185813	rs8063623
chr16	9185855	rs2965831
chr16	9186024	rs8063944
chr16	9192308	rs4781504
chr16	9193003	rs4781512
chr16	9194596	rs907026
chr16	9195381	rs907025
chr16	9195458	rs2941331
chr16	9196892	rs1510184
chr16	9201485	rs1543031
chr16	9201680	rs2965852
chr16	9204400	rs8058227
chr16	9207859	rs9788893
chr16	9208831	rs2965860
chr16	9209461	rs11647231
chr16	9212810	rs10500367
chr16	9214224	rs2136657
chr16	9214313	rs2055840
chr16	9218925	rs2941318
chr16	9219831	rs2941316
chr16	9224764	rs2941308
chr16	9228506	rs2965886
chr16	9228561	rs4782083
chr16	9228650	rs2965885
chr16	9231230	rs2872584
chr16	9232128	rs4782151
chr16	9232154	rs4782152
chr16	9233054	rs2136656
chr16	9238868	rs1876950
chr16	9238888	rs7204004
chr16	9238959	rs7195801
chr16	9239791	rs2314292
chr16	9241461	rs8045112
chr16	9242399	rs2965926
chr16	9247239	rs959228
chr16	9248981	rs12149224
chr16	9249490	rs1397142
chr16	9252930	rs1355269
chr16	9254323	rs1980009
chr16	9255590	rs1876955
chr16	9257401	rs9939864
chr16	9260899	rs907021
chr16	9261054	rs2965899
chr16	9262454	rs7190139
chr16	9268886	rs2102500
chr16	9270726	rs4780910
chr16	9272502	rs9924600
chr16	9274537	rs2941374
chr16	9274839	rs12446565
chr16	9286851	rs2099106
chr16	9287105	rs1213205
chr16	9288472	rs8061903
chr16	9289318	rs9922591
chr16	9289920	rs11640528
chr16	9290415	rs11645904
chr16	9290469	rs11645949
chr16	9290705	rs17567906
chr16	9290934	rs17748873
chr16	9296039	rs11644662
chr16	9296178	rs8048358
chr16	9296565	rs1651636
chr16	9297846	rs2303775
chr16	9298524	rs2059884
chr16	9300661	rs1579616
chr16	9301927	rs569498
chr16	9304076	rs602651
chr16	9304244	rs603506
chr16	9305037	rs550866
chr16	9305435	rs619140
chr16	9305854	rs579193
chr16	9305867	rs631208
chr16	9305939	rs1626482
chr16	9306825	rs1366526
chr16	9307138	rs502032
chr16	9307313	rs2077437
chr16	9307611	rs649127
chr16	9309236	rs17681488
chr16	9309756	rs40425
chr16	9309999	rs522171
chr16	9311977	rs40511
chr16	9312028	rs629471
chr16	9315453	rs2162948
chr16	9318947	rs249292
chr16	9319496	rs837346
chr16	9319765	rs12596734
chr16	9321494	rs718566
chr16	9322833	rs1835084
chr16	9323431	rs12596722
chr16	9323638	rs17681592
chr16	9323924	rs12918413
chr16	9326778	rs1428806
chr16	9331505	rs249286
chr16	9332547	rs837349
chr16	9333360	rs678434
chr16	9334769	rs1428808
chr16	9336059	rs1428809
chr16	9338875	rs537966
chr16	9341102	rs489992
chr16	9342148	rs4781036
chr16	9343058	rs8055270
chr16	9343193	rs8061192
chr16	9344835	rs40129
chr16	9354390	rs12934278
chr16	9355070	rs12599802
chr16	9359287	rs1896762
chr16	9364058	rs193861
chr16	9366329	rs4781064
chr16	9369099	rs8051532
chr16	9369576	rs11644725
chr16	9371113	rs4781071
chr16	9371988	rs17681811
chr16	9373954	rs171603
chr16	9376180	rs249299
chr16	9377030	rs837356
chr16	9378956	rs646085
chr16	9380199	rs12598159
chr16	9380329	rs249288
chr16	9382853	rs249289
chr16	9383590	rs249291
chr16	9384406	rs7194810
chr16	9387179	rs173613
chr16	9390171	rs837359
chr16	9398589	rs1366523
chr16	9398850	rs1366524
chr16	9400110	rs12933414
chr16	9402329	rs487592
chr16	9403388	rs7189608
chr16	9403806	rs1975271
chr16	9403863	rs1561135
chr16	9403971	rs1561136
chr16	9405554	rs1436423
chr16	9406377	rs9928435
chr16	9406652	rs7186581
chr16	9408424	rs930094
chr16	9408656	rs9927839
chr16	9411060	rs35376
chr16	9412129	rs35379
chr16	9413756	rs249296
chr16	9414190	rs1545099
chr16	9415993	rs12325488
chr16	9416148	rs12928833
chr16	9416304	rs13330000
chr16	9418361	rs727053
chr16	9420748	rs8048268
chr16	9421545	rs9302525
chr16	9422709	rs8059935
chr16	9422827	rs249276
chr16	9423135	rs837351
chr16	9423597	rs12449072
chr16	9423704	rs12102909
chr16	9425368	rs17681985
chr16	9427377	rs560941
chr16	9428195	rs2115409
chr16	9428803	rs16965238
chr16	9430602	rs16965242
chr16	9437639	rs9928914
chr16	9438061	rs11075334
chr16	9438450	rs16965263
chr16	9439121	rs16965266
chr16	9441661	rs2304474
chr16	9444204	rs2075152
chr16	9444828	rs1898230
chr16	9447860	rs16965282
chr16	9452059	rs1428798
chr16	9455007	rs2192636
chr16	9455102	rs1428801
chr16	9457312	rs12448291
chr16	9459015	rs1476960
chr16	9461632	rs1428804
chr16	9463685	rs1035944
chr16	9465063	rs17445366
chr16	9466729	rs9926063
chr16	9467927	rs9302529
chr16	9468068	rs4780421
chr16	9468145	rs13335962
chr16	9468225	rs13336012
chr16	9468511	rs887948
chr16	9468667	rs4553629
chr16	9468732	rs2872712
chr16	9468906	rs2872713
chr16	9470120	rs1076460
chr16	9472217	rs720763
chr16	9476809	rs8060901
chr16	9480371	rs7201056
chr16	9480656	rs9930665
chr16	9481847	rs4781242
chr16	9482339	rs4780442
chr16	9483252	rs9932006
chr16	9484700	rs737067
chr16	9490632	rs12922833
chr16	9491240	rs8054451
chr16	9491644	rs12445134
chr16	9492171	rs9925203
chr16	9496205	rs12708825
chr16	9498399	rs9925544
chr16	9501550	rs2314676
chr16	9504334	rs10492846
chr16	9504614	rs4781320
chr16	9508871	rs13338752
chr16	9509590	rs4781331
chr16	9511431	rs16965400
chr16	9514951	rs2160173
chr16	9515022	rs2160174
chr16	9515349	rs13334925
chr16	9515905	rs7186189
chr16	9516499	rs10431898
chr16	9520346	rs8052966
chr16	9521912	rs6498758
chr16	9522566	rs1548849
chr16	9524085	rs12922857
chr16	9524613	rs11864489
chr16	9525324	rs12924552
chr16	9525587	rs12149130
chr16	9527012	rs12930687
chr16	9529732	rs2872715
chr16	9529904	rs2314677
chr16	9530675	rs4780486
chr16	9532879	rs12932123
chr16	9532965	rs16965477
chr16	9533276	rs12444483
chr16	9533501	rs8054870
chr16	9533629	rs8060304
chr16	9533824	rs4643316
chr16	9534796	rs12926161
chr16	9535210	rs4141488
chr16	9535249	rs12934132
chr16	9536652	rs7198962
chr16	9536866	rs7189658
chr16	9537324	rs7190188
chr16	9538071	rs8062824
chr16	9538623	rs12921725
chr16	9539590	rs12443711
chr16	9542619	rs4780501
chr16	9542893	rs4781399
chr16	9544798	rs4780506
chr16	9547528	rs12597733
chr16	9547932	rs16965555
chr16	9548162	rs8054026
chr16	9548620	rs7190913
chr16	9548647	rs7196566
chr16	9551533	rs9932623
chr16	9551567	rs17546809
chr16	9551820	rs9932870
chr16	9556956	rs7191870
chr16	9557966	rs12149759
chr16	9559601	rs16965571
chr16	9560111	rs917955
chr16	9560199	rs1074042
chr16	9561722	rs8045553
chr16	9562017	rs8046099
chr16	9562200	rs9928358
chr16	9564101	rs9921476
chr16	9565727	rs2080273
chr16	9565906	rs4322664
chr16	9567253	rs8048813
chr16	9567387	rs12922619
chr16	9567856	rs17547339
chr16	9569798	rs1468769
chr16	9570874	rs16965625
chr16	9573201	rs6498771
chr16	9574576	rs12925224
chr16	9574831	rs8064140
chr16	9575027	rs11646897
chr16	9576152	rs8057776
chr16	9576812	rs12927978
chr16	9578241	rs9931937
chr16	9578619	rs11649233
chr16	9579060	rs7191552
chr16	9579573	rs1861205
chr16	9580509	rs16965714
chr16	9581389	rs12325410
chr16	9581451	rs11649432
chr16	9583646	rs1006733
chr16	9584040	rs9939858
chr16	9584167	rs2024389
chr16	9584382	rs9673982
chr16	9590855	rs7194473
chr16	9590880	rs4514675
chr16	9590918	rs12921634
chr16	9591557	rs12919014
chr16	9591903	rs10521036
chr16	9592486	rs1476958
chr16	9594198	rs11642070
chr16	9594630	rs9635472
chr16	9595404	rs4141487
chr16	9595987	rs2314681
chr16	9596172	rs2192635
chr16	9596352	rs16965760
chr16	9596500	rs1468771
chr16	9603476	rs2215921
chr16	9603960	rs13332316
chr16	9606628	rs2314978
chr16	9609060	rs8060684
chr16	9609132	rs722008
chr16	9609479	rs7187547
chr16	9609704	rs7192817
chr16	9609799	rs8045440
chr16	9611504	rs13333400
chr16	9611749	rs4780542
chr16	9613408	rs12919665
chr16	9614411	rs718396
chr16	9615670	rs8051282
chr16	9616667	rs12445475
chr16	9623512	rs10444986
chr16	9623551	rs2315080
chr16	9626489	rs8063583
chr16	9627221	rs8046384
chr16	9627444	rs11074352
chr16	9627659	rs17452464
chr16	9627780	rs11865545
chr16	9628094	rs16965860
chr16	9628510	rs12708620
chr16	9628542	rs16965869
chr16	9629147	rs11074354
chr16	9630893	rs977540
chr16	9635105	rs316369
chr16	9635292	rs4780550
chr16	9636257	rs183406
chr16	9636970	rs722875
chr16	9638623	rs7201885
chr16	9638692	rs7202071
chr16	9640455	rs7192950
chr16	9640797	rs1548852
chr16	9640925	rs1548853
chr16	9642000	rs316371
chr16	9644629	rs9922023
chr16	9644976	rs7498340
chr16	9645104	rs316374
chr16	9645188	rs316375
chr16	9645347	rs316376
chr16	9646683	rs865670
chr16	9647486	rs17550406
chr16	9647916	rs16965986
chr16	9648221	rs6497340
chr16	9649642	rs1080133
chr16	9650238	rs17550532
chr16	9652773	rs2540165
chr16	9654344	rs170290
chr16	9655229	rs16966016
chr16	9655372	rs2908710
chr16	9660880	rs1861193
chr16	9660955	rs6416608
chr16	9661041	rs7186415
chr16	9663842	rs4781599
chr16	9665631	rs17653172
chr16	9668440	rs9940642
chr16	9669126	rs9922961
chr16	9670508	rs9925504
chr16	9678249	rs11645816
chr16	9678716	rs4063490
chr16	9680578	rs11866237
chr16	9681198	rs16966121
chr16	9681378	rs11645272
chr16	9681469	rs16966127
chr16	9682871	rs11646975
chr16	9687136	rs10852232
chr16	9690306	rs11644994
chr16	9694080	rs12923310
chr16	9696834	rs8061848
chr16	9697501	rs13330694
chr16	9699525	rs1476954
chr16	9701217	rs1972578
chr16	9701725	rs1107475
chr16	9703782	rs1362327
chr16	9704230	rs1543889
chr16	9704682	rs8055473
chr16	9705784	rs1476955
chr16	9705850	rs1476957
chr16	9706723	rs4781675
chr16	9708394	rs11645057
chr16	9709612	rs4063483
chr16	9709899	rs2315084
chr16	9711783	rs11649611
chr16	9712062	rs11639516
chr16	9713561	rs9939150
chr16	9713720	rs11648730
chr16	9713759	rs9939321
chr16	9713930	rs17749681
chr16	9715043	rs6497419
chr16	9715097	rs6497420
chr16	9715119	rs6497421
chr16	9715253	rs6497423
chr16	9715373	rs6497426
chr16	9715538	rs8047193
chr16	9716066	rs1815981
chr16	9717020	rs2110604
chr16	9717623	rs4327045
chr16	9717726	rs4587975
chr16	9717822	rs2215919
chr16	9718269	rs9302383
chr16	9719692	rs8051496
chr16	9720049	rs8050824
chr16	9720531	rs13338492
chr16	9727213	rs8050823
chr16	9728154	rs1833170
chr16	9728443	rs8056965
chr16	9728591	rs11642249
chr16	9735991	rs6497441
chr16	9736183	rs1080205
chr16	9739336	rs17749793
chr16	9742288	rs8060068
chr16	9744910	rs7184228
chr16	9745303	rs4122228
chr16	9751149	rs11639519
chr16	9756243	rs17791953
chr16	9756540	rs1420040
chr16	9757021	rs9933624
chr16	9757265	rs8045712
chr16	9757331	rs8044472
chr16	9761937	rs1014531
chr16	9768699	rs11866328
chr16	9770638	rs7191784
chr16	9771150	rs7197214
chr16	9772102	rs2267770
chr16	9772329	rs11644075
chr16	9774901	rs10492827
chr16	9776229	rs1362319
chr16	9776387	rs1362321
chr16	9777611	rs2267779
chr16	9777639	rs2267780
chr16	9779260	rs971035
chr16	9779362	rs971036
chr16	9779407	rs2267786
chr16	9779462	rs11646587
chr16	9779608	rs7190785
chr16	9782525	rs765287
chr16	9783822	rs981881
chr16	9786924	rs2077923
chr16	9789145	rs11639526
chr16	9789680	rs2267787
chr16	9791170	rs1833161
chr16	9791950	rs7195942
chr16	9793387	rs1544604
chr16	9797101	rs2267792
chr16	9799827	rs11643000
chr16	9800665	rs16966381
chr16	9814234	rs1861192
chr16	9814519	rs12934281
chr16	9814652	rs17793917
chr16	9817529	rs8058295
chr16	9820238	rs11647877
chr16	9821156	rs6497523
chr16	9829322	rs11642764
chr16	9836723	rs8050843
chr16	9838197	rs9938117
chr16	9841209	rs6497540
chr16	9844123	rs12920919
chr16	9844939	rs2215718
chr16	9845893	rs12596342
chr16	9853724	rs8063193
chr16	9854777	rs9933832
chr16	9856079	rs8058978
chr16	9861707	rs727605
chr16	9864798	rs7201930
chr16	9867540	rs2284240
chr16	9868822	rs7204928
chr16	9869042	rs7199724
chr16	9872350	rs1548808
chr16	9873970	rs9302397
chr16	9874646	rs7204266
chr16	9880509	rs968301
chr16	9882143	rs8043813
chr16	9882856	rs2267796
chr16	9890666	rs9931155
chr16	9892992	rs2052186
chr16	9893136	rs11640274
chr16	9894707	rs12922641
chr16	9895664	rs16966631
chr16	9895983	rs11647369
chr16	9896934	rs13338500
chr16	9897905	rs9921541
chr16	9902203	rs2315274
chr16	9902723	rs11642239
chr16	9908562	rs9938172
chr16	9908952	rs17208905
chr16	9909005	rs12598073
chr16	9916266	rs4782040
chr16	9923047	rs4782041
chr16	9926042	rs11647336
chr16	9926734	rs2315510
chr16	9928826	rs17569226
chr16	9928862	rs11074502
chr16	9929122	rs11074503
chr16	9933259	rs4628972
chr16	9933424	rs4780717
chr16	9940419	rs11074504
chr16	9941383	rs12708644
chr16	9943617	rs10500369
chr16	9944197	rs1875209
chr16	9945480	rs9933069
chr16	9945500	rs9933075
chr16	9948544	rs12446245
chr16	9950843	rs4782080
chr16	9952956	rs17569386
chr16	9958583	rs16966731
chr16	9959103	rs2133755
chr16	9961055	rs2315511
chr16	9961604	rs9925439
chr16	9963734	rs4782108
chr16	9963853	rs4782109
chr16	9964493	rs11648615
chr16	9964717	rs11642346
chr16	9964793	rs1875208
chr16	9965134	rs1875207
chr16	9965150	rs1875206
chr16	9965287	rs9939667
chr16	9965465	rs17670396
chr16	9965969	rs884918
chr16	9966251	rs1875205
chr16	9969229	rs4780746
chr16	9969482	rs16966757
chr16	9969541	rs9933159
chr16	9969736	rs12102827
chr16	9970949	rs8045558
chr16	9971279	rs3104703
chr16	9973686	rs12928694
chr16	9974095	rs3104704
chr16	9975224	rs2650432
chr16	9975936	rs6497599
chr16	9976688	rs4998386
chr16	9976882	rs7190716
chr16	9977038	rs3859123
chr16	9977747	rs2650431
chr16	9977932	rs17569609
chr16	9978280	rs8045893
chr16	9979555	rs11074516
chr16	9982799	rs11074517
chr16	9985267	rs7190619
chr16	9986328	rs17569693
chr16	9994206	rs3859124
chr16	9994292	rs2243716
chr16	9996838	rs3913375
chr16	9997302	rs2650423
chr16	9998145	rs17750208
chr16	9998692	rs3859125
chr16	10000689	rs7200719
chr16	10001342	rs4107019
chr16	10001530	rs3848328
chr16	10001646	rs8043728
chr16	10002483	rs17670627
chr16	10003984	rs837686
chr16	10004782	rs4580161
chr16	10005686	rs837688
chr16	10009049	rs844395
chr16	10009112	rs10500370
chr16	10009201	rs7201574
chr16	10009832	rs17750303
chr16	10009867	rs837690
chr16	10009973	rs16956781
chr16	10011769	rs3905836
chr16	10014931	rs837692
chr16	10016183	rs837694
chr16	10016834	rs12923661
chr16	10018045	rs837696
chr16	10018168	rs12932835
chr16	10018342	rs837697
chr16	10018402	rs837698
chr16	10018451	rs8060239
chr16	10019377	rs837703
chr16	10022842	rs9921906
chr16	10023698	rs3848333
chr16	10025210	rs2937030
chr16	10025879	rs8050385
chr16	10026950	rs3905837
chr16	10027033	rs11644461
chr16	10027336	rs12935101
chr16	10027869	rs17682940
chr16	10029685	rs11642059
chr16	10031189	rs10500372
chr16	10031619	rs10500373
chr16	10031760	rs7205702
chr16	10032903	rs6497647
chr16	10034098	rs3743833
chr16	10034666	rs13338243
chr16	10042387	rs7197547
chr16	10042985	rs11074546
chr16	10043032	rs11074547
chr16	10045899	rs6497658
chr16	10051032	rs11642357
chr16	10052380	rs1448273
chr16	10052607	rs7188329
chr16	10056353	rs9937979
chr16	10057500	rs1448258
chr16	10063224	rs2352740
chr16	10063406	rs2034369
chr16	10063821	rs9922383
chr16	10064563	rs7197200
chr16	10064622	rs7190475
chr16	10066931	rs1448259
chr16	10067012	rs1448262
chr16	10067179	rs7188291
chr16	10067369	rs17671033
chr16	10069876	rs8044064
chr16	10070742	rs9933111
chr16	10070959	rs9922871
chr16	10071173	rs9302409
chr16	10071462	rs10518151
chr16	10072516	rs11643092
chr16	10074040	rs12599320
chr16	10076752	rs13331514
chr16	10076797	rs13336632
chr16	10077254	rs7195159
chr16	10078911	rs2352743
chr16	10079196	rs2352744
chr16	10079218	rs1375072
chr16	10081195	rs11648322
chr16	10082185	rs11074568
chr16	10082231	rs4780784
chr16	10084138	rs7206714
chr16	10085777	rs11864588
chr16	10086366	rs6497676
chr16	10088055	rs2034368
chr16	10088316	rs11640629
chr16	10089224	rs9926046
chr16	10089905	rs1448241
chr16	10090326	rs6497679
chr16	10093233	rs9941172
chr16	10093544	rs17683084
chr16	10093859	rs9928984
chr16	10093960	rs17683096
chr16	10094203	rs7203315
chr16	10095206	rs9934226
chr16	10099591	rs8049630
chr16	10100589	rs9927924
chr16	10101104	rs4552023
chr16	10101727	rs7205180
chr16	10104303	rs9924590
chr16	10104955	rs10153211
chr16	10105248	rs2352748
chr16	10106906	rs8045728
chr16	10107334	rs1375077
chr16	10111388	rs4782258
chr16	10112318	rs11866570
chr16	10112795	rs1900718
chr16	10114361	rs7195732
chr16	10114659	rs11644367
chr16	10116602	rs1550959
chr16	10118643	rs4782262
chr16	10118922	rs4782263
chr16	10120384	rs7195897
chr16	10120449	rs11074593
chr16	10120747	rs7191698
chr16	10121214	rs1078695
chr16	10121422	rs2352755
chr16	10121956	rs1868289
chr16	10122167	rs12448926
chr16	10122486	rs1375067
chr16	10122546	rs4780818
chr16	10122825	rs4782265
chr16	10123559	rs4454974
chr16	10123760	rs1448250
chr16	10124133	rs4782266
chr16	10124776	rs6497713
chr16	10124917	rs4782268
chr16	10125560	rs4782271
chr16	10126754	rs4782275
chr16	10126945	rs7195891
chr16	10127009	rs1448253
chr16	10127104	rs1448254
chr16	10127494	rs2121941
chr16	10128113	rs11645379
chr16	10128728	rs11859727
chr16	10129598	rs2197778
chr16	10129723	rs1375071
chr16	10131193	rs11644511
chr16	10135061	rs1071458
chr16	10136047	rs10744973
chr16	10136125	rs10775270
chr16	10136362	rs2442098
chr16	10136396	rs11074605
chr16	10137370	rs1070483
chr16	10137701	rs1070484
chr16	10138229	rs1070485
chr16	10140765	rs12598874
chr16	10142135	rs1070487
chr16	10143291	rs12929343
chr16	10145937	rs1097734
chr16	10147260	rs16957046
chr16	10147882	rs1097730
chr16	10149569	rs1070474
chr16	10152243	rs10438525
chr16	10152487	rs7186062
chr16	10153447	rs10438517
chr16	10154837	rs11074613
chr16	10155003	rs3852745
chr16	10155164	rs3852746
chr16	10155559	rs1097784
chr16	10156011	rs1102967
chr16	10156025	rs1702265
chr16	10156802	rs1345424
chr16	10157153	rs1147993
chr16	10157934	rs194355
chr16	10158708	rs11859693
chr16	10160744	rs8055278
chr16	10167955	rs1071502
chr16	10171300	rs1070502
chr16	10171513	rs1070505
chr16	10171739	rs1070548
chr16	10174473	rs1650420
chr16	10174589	rs8055598
chr16	10174874	rs1102972
chr16	10175341	rs1868291
chr16	10176457	rs7499321
chr16	10181841	rs2302711
chr16	10183677	rs3785185
chr16	10185991	rs1420666
chr16	10186159	rs1071504
chr16	10188510	rs1097867
chr16	10189262	rs11074638
chr16	10189298	rs11074639
chr16	10189385	rs11074640
chr16	10189629	rs11641733
chr16	10189738	rs11641781
chr16	10191680	rs4780886
chr16	10191712	rs1650397
chr16	10191772	rs16957102
chr16	10192128	rs3909797
chr16	10192776	rs2016202
chr16	10192849	rs1807354
chr16	10197976	rs11648626
chr16	10198117	rs11646060
chr16	10198203	rs17571080
chr16	10199578	rs17671769
chr16	10199620	rs8049007
chr16	10199671	rs8049174
chr16	10200541	rs1097870
chr16	10200795	rs9938370
chr16	10201154	rs17671830
chr16	10201416	rs1362617
chr16	10201500	rs4332745
chr16	10209877	rs9938544
chr16	10210433	rs7203633
chr16	10212041	rs11640755
chr16	10213624	rs7189216
chr16	10214593	rs11074659
chr16	10214609	rs11074660
chr16	10215235	rs1427859
chr16	10216064	rs2353393
chr16	10216097	rs2883153
chr16	10216512	rs11864818
chr16	10217041	rs4780891
chr16	10217210	rs4780892
chr16	10218905	rs1990721
chr16	10219978	rs4780288
chr16	10220146	rs1074368
chr16	10221397	rs7195284
chr16	10221981	rs2081829
chr16	10222321	rs1477118
chr16	10222802	rs4780894
chr16	10223740	rs11649336
chr16	10224674	rs4780896
chr16	10225756	rs1344689
chr16	10230290	rs7201055
chr16	10231388	rs8060023
chr16	10233215	rs7186110
chr16	10233472	rs1097863
chr16	10236048	rs13332694
chr16	10238096	rs12708669
chr16	10238214	rs6497811
chr16	10242646	rs11648669
chr16	10242808	rs8051514
chr16	10243140	rs8045955
chr16	10243637	rs11642454
chr16	10247284	rs1077836
chr16	10247658	rs17603318
chr16	10248627	rs11074679
chr16	10248661	rs1103909
chr16	10250745	rs1079281
chr16	10250968	rs1065832
chr16	10251811	rs3852749
chr16	10253794	rs3852751
chr16	10256036	rs11074683
chr16	10256280	rs4456502
chr16	10256703	rs2033188
chr16	10258438	rs194341
chr16	10258605	rs7206547
chr16	10261068	rs194332
chr16	10261343	rs4780902
chr16	10261888	rs2434209
chr16	10263283	rs10852286
chr16	10263426	rs10852287
chr16	10263544	rs17762273
chr16	10263662	rs12449282
chr16	10263680	rs9940666
chr16	10264223	rs8051303
chr16	10266766	rs6497864
chr16	10269154	rs1102969
chr16	10270732	rs1641802
chr16	10271015	rs1650408
chr16	10274036	rs12447258
chr16	10274055	rs12447259
chr16	10295555	rs1234923
chr16	10299164	rs17603500
chr16	10301265	rs13333796
chr16	10302063	rs11640155
chr16	10306429	rs6497888
chr16	10308903	rs11646387
chr16	10310553	rs11074725
chr16	10315345	rs1102312
chr16	10319015	rs10153114
chr16	10324914	rs3865198
chr16	10326892	rs12444674
chr16	10329774	rs8046876
chr16	10329812	rs8061337
chr16	10332183	rs12708688
chr16	10332271	rs11649065
chr16	10333692	rs11859719
chr16	10333790	rs11074742
chr16	10334890	rs12443943
chr16	10337599	rs12918073
chr16	10338466	rs11863088
chr16	10343164	rs1122810
chr16	10343236	rs9924893
chr16	10346947	rs12598337
chr16	10350832	rs6497940
chr16	10359540	rs9933679
chr16	10360413	rs10444996
chr16	10362278	rs7359456
chr16	10366981	rs7499858
chr16	10376377	rs2120588
chr16	10379960	rs12597756
chr16	10386989	rs7195621
chr16	10388315	rs9938188
chr16	10388455	rs12597514
chr16	10396263	rs8063676
chr16	10398611	rs4412968
chr16	10399260	rs1444196
chr16	10400468	rs12925855
chr16	10404948	rs11645096
chr16	10405035	rs11646268
chr16	10405474	rs7184236
chr16	10409023	rs7187089
chr16	10414320	rs7206545
chr16	10415357	rs7190183
chr16	10424157	rs13338252
chr16	10430308	rs11645643
chr16	10433756	rs7205853
chr16	10435543	rs1540524
chr16	10436940	rs8054260
chr16	10437453	rs2047924
chr16	10444009	rs13335292
chr16	10444218	rs4780297
chr16	10459815	rs4780915
chr16	10460350	rs10445000
chr16	10460937	rs12165003
chr16	10465406	rs13335336
chr16	10465978	rs12596456
chr16	10466528	rs9935483
chr16	10466644	rs12923980
chr16	10470444	rs9926545
chr16	10471591	rs11866110
chr16	10480939	rs9932051
chr16	10480956	rs9931441
chr16	10481967	rs1970817
chr16	10483438	rs10221
chr16	10483804	rs9938547
chr16	10483865	rs17683871
chr16	10484934	rs1985207
chr16	10488767	rs9937061
chr16	10491956	rs9928081
chr16	10492532	rs9674298
chr16	10492970	rs11074871
chr16	10494687	rs12930014
chr16	10495243	rs12597384
chr16	10495404	rs16957347
chr16	10495488	rs16957355
chr16	10498030	rs9928671
chr16	10504610	rs7199179
chr16	10513977	rs4780929
chr16	10514486	rs7204509
chr16	10518130	rs1875935
chr16	10528083	rs7191411
chr16	10529038	rs6944
chr16	10529447	rs12996
chr16	10529475	rs3087620
chr16	10530692	rs3790126
chr16	10532030	rs7195563
chr16	10533413	rs12596251
chr16	10536136	rs8047459
chr16	10537131	rs6498070
chr16	10537557	rs8052120
chr16	10538055	rs2279868
chr16	10538128	rs1504884
chr16	10538518	rs2279871
chr16	10539308	rs11074889
chr16	10541378	rs1110105
chr16	10541794	rs2354414
chr16	10542081	rs2354415
chr16	10546027	rs7193418
chr16	10546053	rs7193566
chr16	10547041	rs1112723
chr16	10548070	rs6498080
chr16	10552313	rs1875931
chr16	10552602	rs4125033
chr16	10552986	rs2354418
chr16	10553361	rs2883429
chr16	10554951	rs1104833
chr16	10556359	rs6498085
chr16	10556495	rs7201958
chr16	10557510	rs7187654
chr16	10562464	rs8053464
chr16	10563054	rs1875933
chr16	10563748	rs17604145
chr16	10565039	rs7202236
chr16	10566029	rs4780947
chr16	10566676	rs7342734
chr16	10567244	rs7199627
chr16	10569181	rs2354420
chr16	10571502	rs13338180
chr16	10571652	rs4780948
chr16	10572711	rs2354421
chr16	10572788	rs2354422
chr16	10573473	rs4780950
chr16	10575945	rs2279867
chr16	10575990	rs1875927
chr16	10577009	rs17672866
chr16	10578271	rs2354423
chr16	10578321	rs1110336
chr16	10579955	rs1110212
chr16	10583324	rs1394564
chr16	10584930	rs12051435
chr16	10584981	rs2068355
chr16	10585348	rs1532826
chr16	10587352	rs1566879
chr16	10587749	rs10852323
chr16	10588140	rs4780954
chr16	10588786	rs4780955
chr16	10589894	rs10500376
chr16	10592355	rs6498093
chr16	10593336	rs17684113
chr16	10593433	rs1465349
chr16	10595720	rs7194647
chr16	10596700	rs1111493
chr16	10596968	rs9931692
chr16	10597659	rs12924231
chr16	10598975	rs12929500
chr16	10600946	rs1074726
chr16	10602014	rs1990716
chr16	10602702	rs4780957
chr16	10602855	rs4780958
chr16	10602937	rs4780313
chr16	10603578	rs16957467
chr16	10606319	rs6498095
chr16	10607199	rs4780959
chr16	10613015	rs8062377
chr16	10617315	rs4780961
chr16	10617627	rs7197504
chr16	10618386	rs13336037
chr16	10624841	rs2355217
chr16	10624968	rs12325462
chr16	10625405	rs12325474
chr16	10625744	rs8053116
chr16	10627339	rs7188834
chr16	10631504	rs2355219
chr16	10637764	rs2430644
chr16	10638462	rs7203029
chr16	10638498	rs6498097
chr16	10638823	rs6498098
chr16	10640166	rs9925930
chr16	10640617	rs2541530
chr16	10641168	rs2430641
chr16	10641523	rs2541534
chr16	10642337	rs2719631
chr16	10643491	rs2719630
chr16	10647875	rs2541543
chr16	10647992	rs2719760
chr16	10648653	rs2541546
chr16	10651242	rs8057807
chr16	10651671	rs2541554
chr16	10654409	rs2719646
chr16	10656691	rs2541522
chr16	10662190	rs2253910
chr16	10663335	rs1548956
chr16	10664025	rs4780972
chr16	10666777	rs2541513
chr16	10668474	rs2541508
chr16	10669609	rs2111218
chr16	10670588	rs2719695
chr16	10672659	rs2719701
chr16	10673442	rs2719706
chr16	10674071	rs16957517
chr16	10676101	rs2719710
chr16	10676218	rs2719711
chr16	10676234	rs2719712
chr16	10676303	rs12925749
chr16	10676684	rs1079016
chr16	10678644	rs12918979
chr16	10679550	rs10221110
chr16	10680264	rs2541497
chr16	10680428	rs9939594
chr16	10680521	rs16957526
chr16	10681870	rs17604476
chr16	10681965	rs10221070
chr16	10681998	rs12918646
chr16	10682206	rs10221071
chr16	10682666	rs9932893
chr16	10685731	rs11641914
chr16	10685884	rs2719726
chr16	10688646	rs12708711
chr16	10690624	rs13335556
chr16	10691460	rs4636907
chr16	10693668	rs9939483
chr16	10694249	rs2251984
chr16	10694272	rs2251985
chr16	10694699	rs16957557
chr16	10695823	rs2541488
chr16	10696010	rs9927877
chr16	10696541	rs2719736
chr16	10701258	rs2719739
chr16	10703421	rs2541481
chr16	10703556	rs9940914
chr16	10704790	rs11643339
chr16	10707869	rs2262808
chr16	10717830	rs1592560
chr16	10719791	rs17673206
chr16	10720347	rs2111221
chr16	10721373	rs4780986
chr16	10722464	rs6498105
chr16	10725397	rs12929834
chr16	10726540	rs16957583
chr16	10726885	rs9928573
chr16	10728318	rs1092192
chr16	10728598	rs1084540
chr16	10729265	rs1084539
chr16	10730523	rs8059420
chr16	10735194	rs12935578
chr16	10736896	rs1344514
chr16	10737798	rs2541467
chr16	10738059	rs1084568
chr16	10738587	rs2719647
chr16	10741260	rs2697649
chr16	10744275	rs2541466
chr16	10749228	rs1084550
chr16	10749456	rs1814267
chr16	10752134	rs9673828
chr16	10755095	rs9937651
chr16	10755869	rs2233537
chr16	10759197	rs1641769
chr16	10761484	rs2233539
chr16	10762254	rs2257150
chr16	10762493	rs11641253
chr16	10767253	rs1641788
chr16	10767401	rs17684746
chr16	10767859	rs2233540
chr16	10768057	rs2233541
chr16	10768850	rs9927431
chr16	10769107	rs11716
chr16	10772288	rs11648243
chr16	10777456	rs8055253
chr16	10789147	rs11074925
chr16	10792966	rs11866645
chr16	10802206	rs11074926
chr16	10802912	rs9745621
chr16	10809251	rs9939578
chr16	10815456	rs11640815
chr16	10821659	rs4328439
chr16	10822295	rs7405257
chr16	10825561	rs1106157
chr16	10826582	rs9937956
chr16	10829082	rs9935625
chr16	10830201	rs7196683
chr16	10832277	rs8048199
chr16	10834076	rs7189585
chr16	10834115	rs7189593
chr16	10834255	rs4781002
chr16	10835584	rs10048136
chr16	10836314	rs4073955
chr16	10836536	rs9788964
chr16	10837766	rs10048076
chr16	10841311	rs11074931
chr16	10849124	rs12918447
chr16	10849991	rs10431907
chr16	10850190	rs10431908
chr16	10851497	rs10431909
chr16	10854913	rs8048114
chr16	10854935	rs8047250
chr16	10855406	rs8052975
chr16	10858310	rs4781003
chr16	10861426	rs11645951
chr16	10861599	rs7501308
chr16	10868709	rs4436808
chr16	10870261	rs6498114
chr16	10872622	rs7404672
chr16	10874615	rs9302456
chr16	10876619	rs12596540
chr16	10877617	rs12928665
chr16	10881454	rs4781011
chr16	10885583	rs11074934
chr16	10898021	rs6498119
chr16	10898095	rs4781015
chr16	10898131	rs8048002
chr16	10900325	rs6498122
chr16	10902076	rs8046121
chr16	10902542	rs4781016
chr16	10903432	rs11647384
chr16	10904625	rs4780333
chr16	10908057	rs2229321
chr16	10908769	rs4780334
chr16	10909244	rs7196089
chr16	10910293	rs4781019
chr16	10910875	rs12598246
chr16	10912686	rs11074938
chr16	10916293	rs6498130
chr16	10916769	rs6498131
chr16	10916787	rs6498132
chr16	10917852	rs11074939
chr16	10917871	rs9788916
chr16	10923201	rs4781024
chr16	10924765	rs1139564
chr16	10929351	rs3087519
chr16	10930011	rs4072864
chr16	10930248	rs4072865
chr16	10936885	rs4780337
chr16	10941102	rs4781025
chr16	10943881	rs17802927
chr16	10944967	rs3743976
chr16	10948337	rs12931878
chr16	10948382	rs8055533
chr16	10948537	rs8055876
chr16	10951862	rs8055123
chr16	10951985	rs8057540
chr16	10954493	rs1035089
chr16	10956499	rs7193451
chr16	10957501	rs11862106
chr16	10959067	rs7404554
chr16	10962521	rs16957839
chr16	10962761	rs1700820
chr16	10966294	rs8059260
chr16	10967348	rs16957843
chr16	10968140	rs12923849
chr16	10969079	rs17229044
chr16	10969154	rs2302558
chr16	10971450	rs16957849
chr16	10976432	rs17803698
chr16	10976466	rs16957854
chr16	10977938	rs8055893
chr16	10978602	rs12708713
chr16	10982419	rs16957864
chr16	10984481	rs7201845
chr16	10984640	rs17803907
chr16	10986594	rs12448611
chr16	10987225	rs7197758
chr16	10992111	rs7403919
chr16	10994837	rs13339285
chr16	10994951	rs13330041
chr16	10995532	rs9935445
chr16	10996554	rs16957895
chr16	10997704	rs8055544
chr16	10998462	rs8062322
chr16	10999417	rs16957899
chr16	11005395	rs7192695
chr16	11009574	rs9926862
chr16	11009868	rs12934193
chr16	11011897	rs9925833
chr16	11012201	rs11074945
chr16	11012850	rs6498146
chr16	11017490	rs9935174
chr16	11020149	rs2286975
chr16	11020982	rs1985372
chr16	11026936	rs9927300
chr16	11030439	rs7194545
chr16	11031436	rs17804800
chr16	11032046	rs11074946
chr16	11033198	rs7196077
chr16	11038295	rs16957957
chr16	11038776	rs720130
chr16	11039666	rs7201658
chr16	11041046	rs9932114
chr16	11044121	rs8052325
chr16	11044955	rs8056098
chr16	11045737	rs9940096
chr16	11047464	rs16957976
chr16	11048863	rs3901386
chr16	11049869	rs876457
chr16	11051791	rs741177
chr16	11051953	rs741176
chr16	11056391	rs876476
chr16	11060913	rs2286973
chr16	11065028	rs887864
chr16	11065828	rs741175
chr16	11065981	rs741174
chr16	11067072	rs8061043
chr16	11073746	rs7204643
chr16	11074057	rs7192790
chr16	11075826	rs725613
chr16	11076190	rs16958021
chr16	11076904	rs7184491
chr16	11077745	rs12925642
chr16	11080157	rs9652600
chr16	11080795	rs2041670
chr16	11083944	rs7200786
chr16	11086016	rs12708716
chr16	11093558	rs16958033
chr16	11093926	rs12924729
chr16	11094923	rs7206035
chr16	11095073	rs12919083
chr16	11095399	rs7205916
chr16	11096031	rs12599402
chr16	11097073	rs11649025
chr16	11100073	rs3893660
chr16	11100223	rs3862469
chr16	11100914	rs12927355
chr16	11102184	rs9941107
chr16	11104978	rs11642631
chr16	11105821	rs998592
chr16	11106123	rs17806299
chr16	11107571	rs9933507
chr16	11109873	rs12103174
chr16	11111907	rs11644969
chr16	11113760	rs7198004
chr16	11113865	rs7203150
chr16	11114037	rs9746695
chr16	11114233	rs11647011
chr16	11116558	rs9923856
chr16	11116590	rs12935413
chr16	11117696	rs2080272
chr16	11120798	rs12925474
chr16	11121170	rs17604868
chr16	11124749	rs11074952
chr16	11125184	rs12935657
chr16	11125464	rs2003400
chr16	11129680	rs8050875
chr16	11132899	rs2867879
chr16	11134057	rs7184083
chr16	11135618	rs4408563
chr16	11135732	rs2041733
chr16	11138000	rs2867880
chr16	11138690	rs9923175
chr16	11140988	rs17684919
chr16	11144926	rs2903692
chr16	11146701	rs11863016
chr16	11148049	rs17673553
chr16	11148334	rs12927046
chr16	11148957	rs794424
chr16	11148990	rs794425
chr16	11149001	rs794426
chr16	11150337	rs11864680
chr16	11150381	rs7185300
chr16	11150933	rs9937607
chr16	11154514	rs171593
chr16	11155472	rs6498169
chr16	11158972	rs28087
chr16	11163079	rs767019
chr16	11163244	rs27908
chr16	11166583	rs11643123
chr16	11168926	rs27965
chr16	11169999	rs16958108
chr16	11170755	rs42369
chr16	11174574	rs794428
chr16	11175524	rs27835
chr16	11177047	rs3960630
chr16	11182056	rs2040
chr16	11183261	rs744380
chr16	11191345	rs166054
chr16	11192381	rs7203535
chr16	11192833	rs248836
chr16	11194297	rs794433
chr16	11194571	rs248843
chr16	11197270	rs1640897
chr16	11197809	rs2052594
chr16	11200868	rs37939
chr16	11201290	rs42980
chr16	11201391	rs11647724
chr16	11203311	rs40448
chr16	11203705	rs17605165
chr16	11204993	rs193773
chr16	11205220	rs193772
chr16	11205391	rs28769
chr16	11208249	rs8063769
chr16	11209664	rs12708719
chr16	11211968	rs193769
chr16	11212540	rs705904
chr16	11212779	rs152306
chr16	11213167	rs2291657
chr16	11214447	rs808004
chr16	11215894	rs168716
chr16	11218316	rs193762
chr16	11224649	rs1646066
chr16	11225188	rs1646067
chr16	11227066	rs1646070
chr16	11232928	rs193756
chr16	11240647	rs8056561
chr16	11243864	rs11074956
chr16	11246722	rs151769
chr16	11248115	rs408665
chr16	11251897	rs149311
chr16	11254001	rs4780355
chr16	11257108	rs193779
chr16	11257134	rs243330
chr16	11257354	rs193778
chr16	11258667	rs3760114
chr16	11259447	rs243327
chr16	11260640	rs243325
chr16	11261113	rs243324
chr16	11267345	rs243323
chr16	11268872	rs11640138
chr16	11269835	rs415595
chr16	11271559	rs431918
chr16	11272732	rs393161
chr16	11273297	rs429744
chr16	11275292	rs405500
chr16	11275348	rs1559394
chr16	11277453	rs11645592
chr16	11279444	rs7198849
chr16	11279463	rs529866
chr16	11279479	rs11644626
chr16	11279548	rs423674
chr16	11281009	rs737008
chr16	11282172	rs949429
chr16	11282589	rs1794022
chr16	11286081	rs1646025
chr16	11289662	rs4451969
chr16	11290919	rs8054781
chr16	11290972	rs181694
chr16	11291154	rs243315
chr16	11291472	rs11647972
chr16	11293307	rs398364
chr16	11298915	rs8057417
chr16	11299828	rs7206320
chr16	11300271	rs4340345
chr16	11304408	rs12596260
chr16	11307559	rs4781062
chr16	11310036	rs12928822
chr16	11310106	rs12927773
chr16	11310905	rs1345879
chr16	11312662	rs12598646
chr16	11312946	rs7191700
chr16	11313321	rs9935384
chr16	11315984	rs1532303
chr16	11319732	rs17605444
chr16	11321260	rs12922090
chr16	11321884	rs3931016
chr16	11323815	rs11643798
chr16	11325161	rs11649073
chr16	11325521	rs12448960
chr16	11333336	rs6498181
chr16	11334770	rs7203508
chr16	11337051	rs6498183
chr16	11338062	rs7187870
chr16	11340245	rs12599600
chr16	11341998	rs12446881
chr16	11342133	rs6498184
chr16	11348171	rs7195536
chr16	11348422	rs7191093
chr16	11349567	rs7197188
chr16	11350715	rs7204628
chr16	11350869	rs6498185
chr16	11351183	rs2032933
chr16	11351695	rs1541702
chr16	11353415	rs7199847
chr16	11357444	rs4781070
chr16	11359404	rs748244
chr16	11362136	rs2113260
chr16	11368621	rs7205925
chr16	11372654	rs6498187
chr16	11374222	rs11864245
chr16	11374361	rs12596396
chr16	11376209	rs8056559
chr16	11376515	rs11859280
chr16	11379799	rs7203055
chr16	11380803	rs9933513
chr16	11381471	rs4476188
chr16	11381719	rs11864333
chr16	11382382	rs12931474
chr16	11383389	rs12445826
chr16	11383484	rs12448800
chr16	11383900	rs4381620
chr16	11384062	rs12447805
chr16	11384291	rs1139052
chr16	11387988	rs4076823
chr16	11390787	rs11861279
chr16	11390934	rs9936547
chr16	11391055	rs9936640
chr16	11391295	rs9929122
chr16	11395399	rs10163438
chr16	11395688	rs4781079
chr16	11396294	rs4353491
chr16	11401704	rs8052068
chr16	11401720	rs11074975
chr16	11402723	rs4781083
chr16	11405316	rs4414511
chr16	11405588	rs11645317
chr16	11405845	rs8045471
chr16	11406773	rs11646904
chr16	11406895	rs11646953
chr16	11407576	rs8061112
chr16	11409332	rs8047291
chr16	11412452	rs8063141
chr16	11413996	rs11074982
chr16	11415212	rs12599165
chr16	11417869	rs9922089
chr16	11418000	rs9924102
chr16	11424781	rs8052471
chr16	11424918	rs8052665
chr16	11425894	rs4781091
chr16	11428563	rs7197098
chr16	11429231	rs9922587
chr16	11429388	rs8060396
chr16	11433322	rs4781096
chr16	11433733	rs4238606
chr16	11434695	rs11074988
chr16	11434917	rs4129934
chr16	11435037	rs4129933
chr16	11439768	rs8045968
chr16	11439936	rs4628985
chr16	11441720	rs11074989
chr16	11441932	rs12051011
chr16	11442083	rs8063528
chr16	11442573	rs8044309
chr16	11446856	rs4500747
chr16	11448040	rs4238608
chr16	11448291	rs4539618
chr16	11448863	rs4303500
chr16	11449038	rs4467099
chr16	11449891	rs12929140
chr16	11450014	rs12932782
chr16	11450817	rs12932948
chr16	11450885	rs6498192
chr16	11450968	rs6498194
chr16	11454429	rs6498196
chr16	11454716	rs4781099
chr16	11454934	rs7197119
chr16	11456355	rs12923384
chr16	11461011	rs8050530
chr16	11463054	rs4513118
chr16	11464126	rs9939731
chr16	11464426	rs9939986
chr16	11464850	rs7201423
chr16	11468206	rs8059633
chr16	11469370	rs11074991
chr16	11471156	rs4444359
chr16	11473228	rs8053721
chr16	11474970	rs4613085
chr16	11475384	rs4614743
chr16	11475598	rs9936203
chr16	11478563	rs4781107
chr16	11479757	rs7196033
chr16	11488714	rs4781110
chr16	11489239	rs8060479
chr16	11492035	rs4781118
chr16	11495905	rs4520857
chr16	11497967	rs6498207
chr16	11498148	rs7194483
chr16	11500985	rs8048972
chr16	11505117	rs7204680
chr16	11507597	rs8054070
chr16	11508142	rs4545838
chr16	11510016	rs8050631
chr16	11513941	rs6498215
chr16	11519313	rs11646835
chr16	11523802	rs12930396
chr16	11527469	rs4781120
chr16	11530389	rs12918743
chr16	11533731	rs7204801
chr16	11542450	rs12595973
chr16	11545054	rs11074995
chr16	11545144	rs11074996
chr16	11546193	rs8059354
chr16	11546682	rs6498220
chr16	11547324	rs7203193
chr16	11548386	rs7102
chr16	11548841	rs1198
chr16	11549775	rs9935945
chr16	11550986	rs3784924
chr16	11551873	rs11859393
chr16	11552419	rs8048403
chr16	11553636	rs4280262
chr16	11553676	rs9282774
chr16	11554324	rs11646660
chr16	11556201	rs7403964
chr16	11556469	rs3743582
chr16	11557031	rs6498222
chr16	11566846	rs8048521
chr16	11573421	rs7188046
chr16	11574687	rs6498224
chr16	11579609	rs8050461
chr16	11582690	rs7189692
chr16	11585611	rs12929430
chr16	11585674	rs1345442
chr16	11587866	rs1981763
chr16	11595035	rs7198919
chr16	11595159	rs4780393
chr16	11597897	rs8049607
chr16	11598802	rs7191330
chr16	11599680	rs735951
chr16	11603507	rs731387
chr16	11605659	rs6498229
chr16	11605864	rs12933316
chr16	11610724	rs10220965
chr16	11610795	rs11641184
chr16	11613435	rs9932684
chr16	11613715	rs4781128
chr16	11624405	rs6498232
chr16	11626210	rs12446552
chr16	11630499	rs872712
chr16	11633696	rs9646268
chr16	11638299	rs12708732
chr16	11639314	rs8061868
chr16	11640400	rs1344534
chr16	11640461	rs1344533
chr16	11640786	rs12444261
chr16	11643022	rs4781134
chr16	11644181	rs4510029
chr16	11645599	rs4470164
chr16	11648171	rs4633738
chr16	11649476	rs12445206
chr16	11651991	rs7185522
chr16	11655918	rs7195296
chr16	11656974	rs9934326
chr16	11657095	rs9921225
chr16	11657159	rs12446730
chr16	11659567	rs9927281
chr16	11660553	rs2903973
chr16	11660598	rs2868980
chr16	11663235	rs933572
chr16	11671758	rs8191288
chr16	11673753	rs8191303
chr16	11674115	rs8191305
chr16	11675740	rs8191323
chr16	11676092	rs1050068
chr16	11676107	rs1050069
chr16	11676921	rs7194034
chr16	11677122	rs8191332
chr16	11677615	rs1050048
chr16	11677850	rs1050049
chr16	11678374	rs1802409
chr16	11679887	rs7188511
chr16	11680345	rs3784921
chr16	11686918	rs6498239
chr16	11687726	rs12920377
chr16	11691024	rs732799
chr16	11691109	rs3743584
chr16	11692697	rs9926666
chr16	11695334	rs17606098
chr16	11695616	rs7192361
chr16	11698844	rs933574
chr16	11699539	rs933573
chr16	11700211	rs17696760
chr16	11701039	rs17606153
chr16	11706912	rs4497712
chr16	11715865	rs4781143
chr16	11716526	rs1592572
chr16	11718435	rs7203803
chr16	11722108	rs7205994
chr16	11725713	rs12926451
chr16	11727788	rs10492851
chr16	11727852	rs10492852
chr16	11728210	rs12599288
chr16	11731256	rs1583001
chr16	11731437	rs7501380
chr16	11732292	rs11642880
chr16	11732985	rs4439779
chr16	11733687	rs8055247
chr16	11740965	rs8055462
chr16	11743826	rs4780400
chr16	11745953	rs4780402
chr16	11752652	rs2303822
chr16	11759382	rs2072498
chr16	11765485	rs7199993
chr16	11769230	rs2287198
chr16	11770176	rs16958642
chr16	11777229	rs10492853
chr16	11777406	rs10492854
chr16	11779302	rs16958654
chr16	11786551	rs16958664
chr16	11789662	rs8053435
chr16	11792735	rs6498245
chr16	11793792	rs8061475
chr16	11795203	rs8053548
chr16	11805378	rs8056344
chr16	11807701	rs11075016
chr16	11809998	rs12443750
chr16	11810314	rs12443639
chr16	11819526	rs11075021
chr16	11822775	rs11649623
chr16	11826102	rs4493057
chr16	11826180	rs4561483
chr16	11834162	rs2192645
chr16	11835125	rs9927739
chr16	11836480	rs3743590
chr16	11838564	rs17235629
chr16	11846907	rs1019814
chr16	11846972	rs1019813
chr16	11848465	rs7202234
chr16	11850565	rs7191810
chr16	11851374	rs2075158
chr16	11851921	rs7198817
chr16	11854864	rs11644840
chr16	11862621	rs154148
chr16	11867815	rs10492766
chr16	11868001	rs33660
chr16	11869504	rs33659
chr16	11871884	rs2051546
chr16	11874698	rs28279
chr16	11877025	rs17236053
chr16	11894446	rs4780404
chr16	11897113	rs2071337
chr16	11898087	rs33635
chr16	11899210	rs458266
chr16	11900773	rs13339523
chr16	11909555	rs33626
chr16	11910593	rs11075032
chr16	11913578	rs33623
chr16	11915084	rs33619
chr16	11915924	rs434762
chr16	11916509	rs467106
chr16	11916587	rs464017
chr16	11923062	rs10852344
chr16	11945489	rs8059525
chr16	11946654	rs9922891
chr16	11947861	rs7193780
chr16	11947881	rs7193792
chr16	11949655	rs3850997
chr16	11950901	rs7189024
chr16	11953042	rs7185307
chr16	11959183	rs12929036
chr16	11961334	rs11862958
chr16	11963701	rs13332630
chr16	11964357	rs10451085
chr16	11964379	rs10451099
chr16	11965175	rs3743591
chr16	11965181	rs11570139
chr16	11966306	rs373496
chr16	11966722	rs11570151
chr16	11967769	rs2017662
chr16	11967817	rs2071336
chr16	11968539	rs12597429
chr16	11977356	rs3851005
chr16	11977484	rs2869492
chr16	11978267	rs442332
chr16	11978304	rs442234
chr16	11979497	rs436838
chr16	11979943	rs381584
chr16	11982391	rs12149419
chr16	11983775	rs12922317
chr16	11984181	rs399260
chr16	11984402	rs8045739
chr16	11986685	rs434455
chr16	11988376	rs417938
chr16	11989488	rs7189138
chr16	11990190	rs13339152
chr16	11993425	rs8052559
chr16	11995626	rs13332023
chr16	11997972	rs8062691
chr16	11998718	rs11639821
chr16	12000292	rs11648938
chr16	12004405	rs8051278
chr16	12005000	rs6498261
chr16	12009811	rs7197059
chr16	12014886	rs11647700
chr16	12025394	rs8045634
chr16	12025819	rs8050827
chr16	12037264	rs2541583
chr16	12044211	rs8051298
chr16	12054271	rs7200173
chr16	12056551	rs11865036
chr16	12057283	rs350216
chr16	12057580	rs9938283
chr16	12059517	rs350213
chr16	12060110	rs8053451
chr16	12061018	rs3894905
chr16	12064043	rs10500381
chr16	12064240	rs12926011
chr16	12064968	rs17216341
chr16	12066471	rs17805158
chr16	12066486	rs11639695
chr16	12067792	rs13330399
chr16	12068068	rs11075044
chr16	12076666	rs350243
chr16	12076716	rs11859327
chr16	12079134	rs2292277
chr16	12079682	rs11075049
chr16	12082263	rs9939383
chr16	12082699	rs41430046
chr16	12082948	rs2869807
chr16	12083856	rs4781174
chr16	12087653	rs11648468
chr16	12087845	rs11648228
chr16	12089829	rs350229
chr16	12090207	rs11642386
chr16	12090250	rs11648816
chr16	12091953	rs8048589
chr16	12094235	rs4781178
chr16	12099726	rs3851012
chr16	12100497	rs350234
chr16	12101266	rs12918263
chr16	12103584	rs2457192
chr16	12107834	rs183008
chr16	12111685	rs350255
chr16	12111868	rs12596227
chr16	12113449	rs183010
chr16	12113582	rs12929519
chr16	12114385	rs8051768
chr16	12114469	rs4781183
chr16	12118766	rs8053242
chr16	12119993	rs12596703
chr16	12122438	rs11075054
chr16	12124461	rs3851014
chr16	12124702	rs12708747
chr16	12124765	rs350201
chr16	12125333	rs2175020
chr16	12128207	rs4238614
chr16	12132029	rs350288
chr16	12136304	rs173262
chr16	12137882	rs350281
chr16	12138545	rs350278
chr16	12140916	rs350272
chr16	12141020	rs1704147
chr16	12143766	rs1703515
chr16	12144745	rs12599107
chr16	12145481	rs350267
chr16	12146122	rs12443524
chr16	12147584	rs11640920
chr16	12147802	rs350225
chr16	12147911	rs12924889
chr16	12148206	rs168412
chr16	12149472	rs11643720
chr16	12150075	rs9922788
chr16	12153953	rs11639556
chr16	12153971	rs11643074
chr16	12154523	rs6498267
chr16	12155000	rs7501241
chr16	12155415	rs4780414
chr16	12157296	rs11647545
chr16	12157580	rs7197299
chr16	12158514	rs937965
chr16	12158544	rs937964
chr16	12162290	rs830700
chr16	12164261	rs830696
chr16	12165078	rs6498269
chr16	12167082	rs13330729
chr16	12167300	rs4781190
chr16	12167472	rs1704094
chr16	12174541	rs9788917
chr16	12174973	rs17764466
chr16	12176078	rs13339382
chr16	12179175	rs17447604
chr16	12185717	rs830706
chr16	12185748	rs830705
chr16	12187049	rs709420
chr16	12191412	rs830709
chr16	12191939	rs830710
chr16	12198281	rs4780416
chr16	12198941	rs8062913
chr16	12200135	rs2968353
chr16	12204130	rs1704130
chr16	12205377	rs1472979
chr16	12206079	rs12445236
chr16	12207790	rs11644280
chr16	12209499	rs4781195
chr16	12209686	rs4781196
chr16	12210386	rs709422
chr16	12210761	rs709423
chr16	12211598	rs830722
chr16	12211738	rs2904347
chr16	12211910	rs709424
chr16	12215016	rs7201595
chr16	12215928	rs830727
chr16	12217478	rs8046935
chr16	12217597	rs830728
chr16	12220594	rs2941081
chr16	12230483	rs17696938
chr16	12240950	rs830734
chr16	12243365	rs2271269
chr16	12245188	rs709425
chr16	12248817	rs6498272
chr16	12251327	rs7195058
chr16	12252881	rs7197032
chr16	12259330	rs9921728
chr16	12262683	rs11639640
chr16	12263878	rs13335852
chr16	12264002	rs17675037
chr16	12264063	rs11644788
chr16	12264349	rs905950
chr16	12264559	rs9630612
chr16	12266401	rs12445263
chr16	12267408	rs17697005
chr16	12269178	rs7191435
chr16	12269447	rs10500379
chr16	12272519	rs6498274
chr16	12272963	rs7194718
chr16	12273934	rs9926875
chr16	12274811	rs4780419
chr16	12279212	rs12445569
chr16	12280461	rs905948
chr16	12280871	rs870641
chr16	12289472	rs11075059
chr16	12289488	rs12148953
chr16	12289857	rs16959129
chr16	12291634	rs7500910
chr16	12292690	rs868773
chr16	12293419	rs10500380
chr16	12294518	rs4781203
chr16	12300999	rs7200289
chr16	12305218	rs7192378
chr16	12306809	rs8051758
chr16	12307228	rs2856771
chr16	12310159	rs1960156
chr16	12314893	rs209853
chr16	12316939	rs209848
chr16	12317651	rs16959197
chr16	12321971	rs209846
chr16	12322462	rs209845
chr16	12329700	rs209836
chr16	12330515	rs13331380
chr16	12330775	rs209835
chr16	12332788	rs209834
chr16	12336672	rs746312
chr16	12338023	rs289670
chr16	12340817	rs16959252
chr16	12341171	rs4780422
chr16	12341925	rs16959254
chr16	12344367	rs4781205
chr16	12344660	rs16959258
chr16	12344993	rs16959263
chr16	12345607	rs31679
chr16	12352006	rs12102589
chr16	12354411	rs11861545
chr16	12354965	rs746557
chr16	12355921	rs4781209
chr16	12355998	rs7190509
chr16	12358599	rs9939036
chr16	12358765	rs9929299
chr16	12359052	rs11645864
chr16	12361081	rs6498278
chr16	12363065	rs11640354
chr16	12367560	rs4781213
chr16	12368011	rs4781214
chr16	12368917	rs9284322
chr16	12368930	rs9926796
chr16	12371100	rs16959350
chr16	12372081	rs7185731
chr16	12372865	rs11859773
chr16	12374781	rs7189401
chr16	12375394	rs7195034
chr16	12377255	rs12595990
chr16	12377498	rs11075064
chr16	12377808	rs2432630
chr16	12382803	rs2432626
chr16	12383366	rs2432625
chr16	12388932	rs1641882
chr16	12389032	rs6498283
chr16	12391439	rs1974905
chr16	12393435	rs11645083
chr16	12393919	rs8044113
chr16	12396415	rs17819735
chr16	12396481	rs8043724
chr16	12397897	rs4781223
chr16	12398743	rs6498290
chr16	12399002	rs7203335
chr16	12399033	rs9930778
chr16	12400135	rs7187313
chr16	12400448	rs11640793
chr16	12404694	rs4780431
chr16	12408535	rs11075067
chr16	12411612	rs889811
chr16	12412213	rs889809
chr16	12412989	rs8049296
chr16	12414147	rs11075069
chr16	12416014	rs6498294
chr16	12416054	rs12448347
chr16	12416522	rs4781231
chr16	12416536	rs7199458
chr16	12416786	rs4781232
chr16	12419326	rs8052681
chr16	12419940	rs7201310
chr16	12424747	rs12599956
chr16	12426342	rs7205270
chr16	12429304	rs12934884
chr16	12431557	rs4781236
chr16	12432600	rs11643639
chr16	12432959	rs1019575
chr16	12437302	rs1035579
chr16	12437508	rs1035578
chr16	12439892	rs10048120
chr16	12442437	rs7185322
chr16	12445422	rs8051300
chr16	12446567	rs12597696
chr16	12447295	rs11075080
chr16	12448817	rs7188465
chr16	12448899	rs889813
chr16	12449465	rs13380536
chr16	12450568	rs889814
chr16	12453102	rs1558820
chr16	12454140	rs7193137
chr16	12456412	rs731764
chr16	12457265	rs4327068
chr16	12457434	rs1558810
chr16	12457935	rs1974707
chr16	12462741	rs11075082
chr16	12466889	rs42270
chr16	12470806	rs6498308
chr16	12471050	rs7198595
chr16	12471094	rs6498309
chr16	12471375	rs7206244
chr16	12473281	rs13336773
chr16	12473619	rs7189759
chr16	12477451	rs1080196
chr16	12478672	rs8047217
chr16	12486894	rs7190017
chr16	12487789	rs3803617
chr16	12489013	rs7202077
chr16	12489722	rs4510028
chr16	12490204	rs752527
chr16	12495140	rs16959753
chr16	12496099	rs210716
chr16	12496280	rs7203242
chr16	12496296	rs210717
chr16	12496319	rs9806891
chr16	12497234	rs1794302
chr16	12499086	rs3852675
chr16	12499154	rs3915983
chr16	12500502	rs9935286
chr16	12500858	rs3902079
chr16	12500918	rs3902080
chr16	12502110	rs3865113
chr16	12510330	rs3764305
chr16	12515063	rs13336229
chr16	12515410	rs11641691
chr16	12517160	rs210711
chr16	12517184	rs7203876
chr16	12517776	rs210713
chr16	12517916	rs9931578
chr16	12518619	rs210714
chr16	12518833	rs16959796
chr16	12519182	rs1641831
chr16	12519620	rs1034391
chr16	12521945	rs4781243
chr16	12522034	rs4781244
chr16	12522312	rs6498314
chr16	12525381	rs7203787
chr16	12526879	rs2269445
chr16	12526972	rs190013
chr16	12528833	rs169772
chr16	12531314	rs169773
chr16	12531538	rs1794304
chr16	12531769	rs169774
chr16	12534036	rs4781248
chr16	12534222	rs8055769
chr16	12534429	rs8057488
chr16	12534552	rs182386
chr16	12534679	rs11075088
chr16	12536330	rs7189979
chr16	12536565	rs12924885
chr16	12536662	rs4390575
chr16	12538675	rs11075089
chr16	12538781	rs11643978
chr16	12539051	rs12596290
chr16	12539061	rs8044673
chr16	12539525	rs1641873
chr16	12540018	rs1641894
chr16	12540532	rs9936183
chr16	12540709	rs11647147
chr16	12541028	rs11865832
chr16	12541756	rs16959859
chr16	12543125	rs1615250
chr16	12543506	rs16959878
chr16	12544476	rs1641879
chr16	12545559	rs2301218
chr16	12545725	rs1641880
chr16	12545943	rs10492793
chr16	12546204	rs12929685
chr16	12546452	rs3751788
chr16	12546620	rs3764301
chr16	12546661	rs3764300
chr16	12546735	rs11075093
chr16	12547792	rs916095
chr16	12548000	rs916097
chr16	12549015	rs2561036
chr16	12549079	rs2561037
chr16	12549098	rs8052154
chr16	12553324	rs4781252
chr16	12554128	rs6498319
chr16	12554201	rs41461544
chr16	12555774	rs3135013
chr16	12558480	rs12928849
chr16	12558568	rs4781256
chr16	12559692	rs9939547
chr16	12559793	rs7201769
chr16	12560005	rs11863694
chr16	12560026	rs7205432
chr16	12560103	rs2042914
chr16	12560899	rs3751784
chr16	12561376	rs12925894
chr16	12561580	rs12924625
chr16	12561626	rs1560114
chr16	12561729	rs12925945
chr16	12561744	rs12930375
chr16	12562034	rs5018325
chr16	12562111	rs5018323
chr16	12562531	rs4781258
chr16	12563464	rs9930484
chr16	12564763	rs11644821
chr16	12566993	rs17821897
chr16	12568730	rs890897
chr16	12569040	rs890896
chr16	12569420	rs745829
chr16	12569520	rs17223442
chr16	12570136	rs11646569
chr16	12570206	rs890894
chr16	12570280	rs890893
chr16	12570395	rs3826099
chr16	12570649	rs3826101
chr16	12570812	rs3826102
chr16	12570841	rs12927563
chr16	12571072	rs3826103
chr16	12571318	rs3803603
chr16	12571387	rs3803604
chr16	12572051	rs3803605
chr16	12572422	rs3948441
chr16	12572668	rs3803610
chr16	12573219	rs10609
chr16	12573536	rs3169267
chr16	12573732	rs10500383
chr16	12573790	rs3169265
chr16	12573932	rs9452
chr16	12574775	rs11644936
chr16	12574894	rs11640384
chr16	12575478	rs10163391
chr16	12575538	rs12923936
chr16	12576544	rs11644221
chr16	12576731	rs4780457
chr16	12577196	rs12172837
chr16	12577362	rs11075097
chr16	12577591	rs11075099
chr16	12577722	rs11075100
chr16	12578267	rs4781271
chr16	12578401	rs11645932
chr16	12578483	rs11645976
chr16	12578495	rs11640423
chr16	12578661	rs9923667
chr16	12579005	rs10852352
chr16	12579321	rs9936658
chr16	12579413	rs9926239
chr16	12579537	rs4781274
chr16	12579721	rs9926499
chr16	12580240	rs11075102
chr16	12580472	rs890898
chr16	12580520	rs755685
chr16	12580908	rs1864024
chr16	12581105	rs890900
chr16	12581639	rs12919644
chr16	12581990	rs11645971
chr16	12582206	rs11642534
chr16	12582534	rs4780460
chr16	12582672	rs17823157
chr16	12583065	rs11647434
chr16	12583464	rs11647617
chr16	12583854	rs7202767
chr16	12583902	rs7197841
chr16	12584089	rs17224848
chr16	12585239	rs11075105
chr16	12586473	rs9673794
chr16	12586566	rs9302473
chr16	12586648	rs9302474
chr16	12586662	rs9302475
chr16	12587259	rs9926235
chr16	12587327	rs9302476
chr16	12589800	rs11075109
chr16	12590467	rs12920743
chr16	12590536	rs11075116
chr16	12590839	rs9922786
chr16	12591143	rs11860343
chr16	12597002	rs8048612
chr16	12597359	rs11640372
chr16	12597675	rs4781291
chr16	12597796	rs4781292
chr16	12598137	rs16960119
chr16	12598398	rs1541808
chr16	12599011	rs4780461
chr16	12599181	rs17824128
chr16	12599212	rs6498329
chr16	12599489	rs8061199
chr16	12599524	rs8056238
chr16	12599986	rs1541812
chr16	12600203	rs8045798
chr16	12601046	rs7187161
chr16	12602347	rs8053336
chr16	12602789	rs6498334
chr16	12602938	rs6498335
chr16	12603178	rs7198815
chr16	12603229	rs11649049
chr16	12603259	rs8057152
chr16	12603354	rs8063664
chr16	12610283	rs7188663
chr16	12610623	rs2217271
chr16	12610708	rs9806943
chr16	12611278	rs11075123
chr16	12611641	rs11075124
chr16	12612073	rs7201128
chr16	12612491	rs11866714
chr16	12613522	rs10500384
chr16	12613562	rs4780464
chr16	12613880	rs4781301
chr16	12614087	rs7202727
chr16	12614351	rs1560104
chr16	12614546	rs3829527
chr16	12614721	rs1560107
chr16	12614824	rs2115105
chr16	12615339	rs16960249
chr16	12615674	rs7188223
chr16	12617098	rs7199918
chr16	12617108	rs12708762
chr16	12617137	rs17226949
chr16	12617168	rs13338316
chr16	12617376	rs7198402
chr16	12617503	rs4780466
chr16	12618269	rs735820
chr16	12618342	rs17227296
chr16	12618370	rs735819
chr16	12618423	rs890884
chr16	12618447	rs4479213
chr16	12618593	rs881668
chr16	12618626	rs890883
chr16	12620186	rs17227492
chr16	12620537	rs4780469
chr16	12621408	rs12446050
chr16	12621623	rs10500388
chr16	12622536	rs17825779
chr16	12622621	rs8051252
chr16	12623978	rs2865582
chr16	12625196	rs9926024
chr16	12626914	rs9652605
chr16	12627331	rs6498350
chr16	12627664	rs12444643
chr16	12628590	rs4353467
chr16	12628656	rs7197105
chr16	12628897	rs9935226
chr16	12628935	rs4781304
chr16	12630628	rs11645868
chr16	12630666	rs7204517
chr16	12631132	rs890881
chr16	12631159	rs890880
chr16	12631355	rs16960335
chr16	12631935	rs4374158
chr16	12632429	rs11647571
chr16	12632575	rs7193005
chr16	12634730	rs2865585
chr16	12639410	rs1651010
chr16	12640511	rs7187496
chr16	12643020	rs11075141
chr16	12643124	rs1651013
chr16	12643284	rs1651014
chr16	12648483	rs1612572
chr16	12650374	rs10468253
chr16	12651994	rs1713484
chr16	12655638	rs1713482
chr16	12655814	rs2059819
chr16	12657079	rs1650994
chr16	12661346	rs1713481
chr16	12662792	rs9926821
chr16	12663352	rs3097190
chr16	12665109	rs1713480
chr16	12666910	rs1713478
chr16	12667973	rs1650999
chr16	12668181	rs8056212
chr16	12673191	rs13330413
chr16	12675619	rs1469403
chr16	12677044	rs12930451
chr16	12678401	rs1651005
chr16	12679068	rs1713468
chr16	12680792	rs1651007
chr16	12681550	rs1713466
chr16	12682040	rs755215
chr16	12682424	rs938900
chr16	12682468	rs755214
chr16	12682980	rs8049355
chr16	12683551	rs9935659
chr16	12683937	rs9922836
chr16	12684114	rs9923547
chr16	12684219	rs1622135
chr16	12684437	rs9934327
chr16	12686583	rs8059582
chr16	12689678	rs8054612
chr16	12690077	rs8045091
chr16	12692609	rs12051089
chr16	12692927	rs13329823
chr16	12695736	rs6498353
chr16	12696865	rs1627143
chr16	12697772	rs1541807
chr16	12699282	rs11861627
chr16	12699982	rs1864022
chr16	12701805	rs13330825
chr16	12702104	rs4781323
chr16	12707417	rs4781325
chr16	12707515	rs4781326
chr16	12707569	rs1346491
chr16	12711496	rs11075143
chr16	12723383	rs882908
chr16	12724063	rs7190922
chr16	12732928	rs4483832
chr16	12735149	rs11075148
chr16	12735690	rs11075149
chr16	12735985	rs11075150
chr16	12742890	rs8057200
chr16	12744489	rs8182207
chr16	12745235	rs7190046
chr16	12749200	rs2865629
chr16	12751992	rs12149509
chr16	12752319	rs11075154
chr16	12752950	rs8048866
chr16	12753977	rs12148999
chr16	12754532	rs7184792
chr16	12756814	rs2865625
chr16	12757291	rs12446479
chr16	12758041	rs938902
chr16	12758085	rs7193741
chr16	12760631	rs2865628
chr16	12764863	rs12599219
chr16	12768150	rs4780476
chr16	12769977	rs12921027
chr16	12770414	rs12926131
chr16	12772645	rs17236870
chr16	12777782	rs4536458
chr16	12783654	rs16960659
chr16	12783681	rs16960663
chr16	12784735	rs4513082
chr16	12786589	rs16960676
chr16	12791804	rs8044011
chr16	12794710	rs2060360
chr16	12796903	rs9941068
chr16	12798179	rs10852359
chr16	12799127	rs12708763
chr16	12799962	rs16960714
chr16	12800577	rs11866435
chr16	12800999	rs12598821
chr16	12802129	rs8047458
chr16	12802307	rs8053874
chr16	12814285	rs8062218
chr16	12814452	rs16960741
chr16	12817491	rs8059458
chr16	12821722	rs7204918
chr16	12824164	rs16960791
chr16	12831578	rs16960800
chr16	12839919	rs7201919
chr16	12843487	rs7405232
chr16	12843615	rs7404019
chr16	12844681	rs12932603
chr16	12849008	rs3848237
chr16	12850309	rs11860844
chr16	12852272	rs4238618
chr16	12854259	rs11639933
chr16	12856749	rs12929323
chr16	12859801	rs12932051
chr16	12860415	rs1433745
chr16	12860476	rs11648770
chr16	12861228	rs11639543
chr16	12864238	rs1560839
chr16	12866237	rs7204666
chr16	12866316	rs7204710
chr16	12866853	rs4781342
chr16	12867263	rs10500391
chr16	12870167	rs11645112
chr16	12870391	rs11640304
chr16	12871191	rs4542650
chr16	12875199	rs1477377
chr16	12876438	rs3887171
chr16	12886526	rs8060233
chr16	12890130	rs12599875
chr16	12892885	rs4781348
chr16	12894327	rs8046800
chr16	12896095	rs12599945
chr16	12900240	rs11644362
chr16	12902785	rs3848239
chr16	12907483	rs934466
chr16	12907826	rs11075171
chr16	12908502	rs9938751
chr16	12912398	rs6498363
chr16	12914859	rs8056916
chr16	12914957	rs12933542
chr16	12917909	rs7193272
chr16	12918250	rs9938816
chr16	12918329	rs9938893
chr16	12920111	rs9924621
chr16	12925135	rs12596451
chr16	12926559	rs11075174
chr16	12926760	rs892376
chr16	12928032	rs275394
chr16	12928832	rs7186500
chr16	12931852	rs7203853
chr16	12933838	rs8053693
chr16	12934067	rs1846900
chr16	12936365	rs275404
chr16	12942954	rs7201008
chr16	12946064	rs7187154
chr16	12946657	rs12922637
chr16	12949574	rs7189560
chr16	12949595	rs7184673
chr16	12952863	rs924546
chr16	12954293	rs4781357
chr16	12960025	rs11647732
chr16	12960094	rs11648064
chr16	12960676	rs4781362
chr16	12965116	rs1472582
chr16	12971160	rs4781368
chr16	12973325	rs12446157
chr16	12978034	rs4781369
chr16	12978413	rs8057841
chr16	12980165	rs8047252
chr16	12980352	rs7188468
chr16	12983176	rs16960937
chr16	12983494	rs4781372
chr16	12984044	rs11649299
chr16	12985532	rs905059
chr16	12986395	rs11075178
chr16	12989021	rs16960950
chr16	12992834	rs1501318
chr16	12996976	rs1875394
chr16	12998363	rs4781375
chr16	12998806	rs8048446
chr16	13002443	rs4781377
chr16	13005320	rs4781379
chr16	13007698	rs905063
chr16	13021503	rs2173865
chr16	13025302	rs1027611
chr16	13029995	rs8058552
chr16	13031093	rs4780494
chr16	13031705	rs7202772
chr16	13031884	rs7203886
chr16	13032614	rs1392954
chr16	13033153	rs7190439
chr16	13034401	rs8051662
chr16	13034451	rs8045515
chr16	13034747	rs8052307
chr16	13036258	rs6498374
chr16	13036283	rs6498375
chr16	13036823	rs8064009
chr16	13037937	rs7190226
chr16	13038656	rs8049852
chr16	13039604	rs1875385
chr16	13040759	rs8060487
chr16	13045901	rs17240162
chr16	13046559	rs1501307
chr16	13046765	rs10852363
chr16	13050144	rs11859818
chr16	13050831	rs1501304
chr16	13052827	rs4781387
chr16	13052921	rs4781388
chr16	13055107	rs4781390
chr16	13055975	rs16961064
chr16	13058204	rs16961066
chr16	13062548	rs276628
chr16	13062652	rs12596172
chr16	13062792	rs276626
chr16	13062909	rs276625
chr16	13063348	rs276623
chr16	13064357	rs4781392
chr16	13072326	rs276614
chr16	13075494	rs8059314
chr16	13076431	rs13331725
chr16	13076928	rs16961083
chr16	13077672	rs16961085
chr16	13079085	rs12449027
chr16	13080738	rs276604
chr16	13085159	rs276639
chr16	13086432	rs276637
chr16	13093918	rs4781404
chr16	13100554	rs16961126
chr16	13101414	rs436054
chr16	13102816	rs1230896
chr16	13103347	rs9935424
chr16	13103930	rs251918
chr16	13105001	rs251919
chr16	13106194	rs17820619
chr16	13109032	rs17242582
chr16	13110543	rs13334159
chr16	13110843	rs4781413
chr16	13110880	rs13334292
chr16	13113467	rs401326
chr16	13116851	rs10492782
chr16	13118588	rs4553616
chr16	13120815	rs12444019
chr16	13123441	rs150073
chr16	13124048	rs4781415
chr16	13124317	rs204043
chr16	13125397	rs153087
chr16	13127475	rs467071
chr16	13130187	rs150058
chr16	13133231	rs16961199
chr16	13133972	rs204018
chr16	13135462	rs13333201
chr16	13135613	rs1123220
chr16	13135866	rs1149420
chr16	13135970	rs17243115
chr16	13137011	rs998803
chr16	13137985	rs9934188
chr16	13144065	rs150060
chr16	13144557	rs149917
chr16	13145040	rs150063
chr16	13145054	rs16961219
chr16	13145097	rs150064
chr16	13148098	rs1561409
chr16	13149474	rs4781419
chr16	13152929	rs11075183
chr16	13153090	rs8062333
chr16	13153313	rs153081
chr16	13153498	rs150071
chr16	13155769	rs150081
chr16	13159669	rs6498382
chr16	13160099	rs153091
chr16	13160998	rs153090
chr16	13162017	rs153089
chr16	13166030	rs6498385
chr16	13168794	rs743657
chr16	13169724	rs17832654
chr16	13170328	rs9940177
chr16	13172265	rs17243899
chr16	13172452	rs1438701
chr16	13173536	rs2550566
chr16	13175572	rs150076
chr16	13177337	rs7194732
chr16	13178824	rs1898680
chr16	13180019	rs153098
chr16	13183208	rs12918029
chr16	13183703	rs12918845
chr16	13184243	rs16961293
chr16	13185819	rs7206095
chr16	13186011	rs16961302
chr16	13186051	rs11075184
chr16	13186629	rs9925159
chr16	13187059	rs9938051
chr16	13187876	rs6498390
chr16	13188102	rs6498392
chr16	13188375	rs16961344
chr16	13190004	rs7191106
chr16	13197797	rs10438542
chr16	13199048	rs10438543
chr16	13200270	rs762780
chr16	13206350	rs372941
chr16	13210163	rs4781430
chr16	13210617	rs149228
chr16	13211984	rs6498398
chr16	13213445	rs7195991
chr16	13213943	rs2098745
chr16	13214555	rs16961369
chr16	13215412	rs17246453
chr16	13215518	rs403898
chr16	13219048	rs436812
chr16	13221798	rs407146
chr16	13222570	rs415232
chr16	13224622	rs12932100
chr16	13225244	rs4635326
chr16	13225872	rs7204584
chr16	13226014	rs204028
chr16	13226297	rs204029
chr16	13226371	rs10521100
chr16	13227481	rs1898685
chr16	13228595	rs2856621
chr16	13229484	rs204034
chr16	13229763	rs16961456
chr16	13231172	rs11862050
chr16	13232210	rs2578582
chr16	13232659	rs153084
chr16	13235612	rs12598852
chr16	13236917	rs11647787
chr16	13239954	rs10521099
chr16	13241114	rs2042416
chr16	13242640	rs204036
chr16	13248972	rs6363
chr16	13249415	rs9938966
chr16	13250821	rs419008
chr16	13251593	rs2903251
chr16	13252051	rs16961532
chr16	13253214	rs4780514
chr16	13255237	rs11639570
chr16	13257883	rs8059366
chr16	13258325	rs17175665
chr16	13258471	rs13380455
chr16	13261892	rs10521098
chr16	13262830	rs10492781
chr16	13268856	rs886248
chr16	13270264	rs4781443
chr16	13270398	rs9302496
chr16	13273192	rs12232403
chr16	13273932	rs2521801
chr16	13276985	rs2866324
chr16	13280905	rs2106777
chr16	13286736	rs2521798
chr16	13287778	rs2521797
chr16	13294921	rs729876
chr16	13298724	rs9888948
chr16	13304077	rs2819700
chr16	13307926	rs12923857
chr16	13308482	rs12443738
chr16	13317040	rs176073
chr16	13320450	rs176072
chr16	13321361	rs176071
chr16	13322762	rs6362
chr16	13327128	rs12927171
chr16	13327160	rs12926625
chr16	13331351	rs1015431
chr16	13333861	rs16961712
chr16	13338497	rs8044488
chr16	13339106	rs11075189
chr16	13341677	rs16961744
chr16	13342955	rs16961749
chr16	13343626	rs2214188
chr16	13344631	rs12598965
chr16	13344661	rs7189350
chr16	13344838	rs7195242
chr16	13344985	rs7199951
chr16	13345027	rs7200108
chr16	13346527	rs17262864
chr16	13346813	rs6498406
chr16	13348097	rs2188738
chr16	13350993	rs17263080
chr16	13351791	rs7189733
chr16	13358824	rs9745380
chr16	13359581	rs756981
chr16	13362787	rs4781450
chr16	13363366	rs8045880
chr16	13363582	rs1858993
chr16	13363817	rs1858992
chr16	13363857	rs1018891
chr16	13364592	rs16961800
chr16	13364740	rs16961803
chr16	13364904	rs7203476
chr16	13367773	rs8057829
chr16	13368392	rs4781452
chr16	13368814	rs9932946
chr16	13369651	rs1557722
chr16	13370258	rs8053751
chr16	13370301	rs2023769
chr16	13370376	rs2023768
chr16	13370634	rs886218
chr16	13371167	rs1468172
chr16	13372466	rs1468171
chr16	13373848	rs2051738
chr16	13376115	rs8059520
chr16	13386586	rs8044617
chr16	13389452	rs9931795
chr16	13389979	rs1557721
chr16	13390466	rs1158860
chr16	13391102	rs4781456
chr16	13391151	rs4781457
chr16	13393171	rs7206809
chr16	13395262	rs4781458
chr16	13395542	rs11862742
chr16	13396523	rs734826
chr16	13397000	rs8049989
chr16	13398327	rs12448497
chr16	13400319	rs4781460
chr16	13400484	rs4781461
chr16	13400684	rs11641181
chr16	13400695	rs4781462
chr16	13401347	rs4781463
chr16	13401387	rs4781464
chr16	13412869	rs12444207
chr16	13413903	rs11075193
chr16	13419207	rs2866474
chr16	13420915	rs7204469
chr16	13420981	rs7191159
chr16	13420991	rs7191163
chr16	13422217	rs2903305
chr16	13425808	rs2866479
chr16	13427462	rs4781471
chr16	13427595	rs9989415
chr16	13428113	rs4781472
chr16	13431281	rs7199289
chr16	13431356	rs12708770
chr16	13433596	rs4781478
chr16	13435265	rs9302498
chr16	13438830	rs1858994
chr16	13441500	rs6498412
chr16	13448919	rs9673437
chr16	13450836	rs17180814
chr16	13450928	rs7185395
chr16	13451027	rs1034623
chr16	13451736	rs17180888
chr16	13452794	rs11642207
chr16	13453222	rs4781484
chr16	13455695	rs11645131
chr16	13455912	rs2188743
chr16	13456003	rs17266222
chr16	13456092	rs2214189
chr16	13456200	rs9788787
chr16	13456683	rs10852366
chr16	13459184	rs17266493
chr16	13459800	rs16961998
chr16	13461166	rs4781487
chr16	13463190	rs1235770
chr16	13464582	rs6498415
chr16	13469513	rs1981453
chr16	13471358	rs916069
chr16	13471514	rs717212
chr16	13471717	rs2078548
chr16	13473814	rs6498419
chr16	13476698	rs11648953
chr16	13478714	rs17273968
chr16	13479117	rs7200899
chr16	13482034	rs12599711
chr16	13483353	rs7199581
chr16	13483599	rs7199302
chr16	13483947	rs12708772
chr16	13486682	rs12598524
chr16	13488020	rs10521096
chr16	13491043	rs1013331
chr16	13494478	rs16962155
chr16	13501064	rs11646516
chr16	13502181	rs13333495
chr16	13502366	rs4781498
chr16	13503769	rs13330029
chr16	13506445	rs2226996
chr16	13506485	rs11646275
chr16	13506655	rs9934680
chr16	13507111	rs9929990
chr16	13507356	rs9930242
chr16	13510365	rs2903306
chr16	13511033	rs2903307
chr16	13514489	rs743655
chr16	13514833	rs743656
chr16	13515963	rs9302502
chr16	13519462	rs7195117
chr16	13521401	rs7185053
chr16	13521838	rs4309380
chr16	13522229	rs928962
chr16	13522271	rs2226997
chr16	13522374	rs928963
chr16	13523501	rs2866487
chr16	13523861	rs4436764
chr16	13527578	rs10521095
chr16	13530633	rs7185999
chr16	13530731	rs6498425
chr16	13530766	rs7184849
chr16	13531658	rs11864841
chr16	13537087	rs4781499
chr16	13540569	rs8057032
chr16	13545081	rs1894380
chr16	13545334	rs16962268
chr16	13545803	rs9924993
chr16	13547001	rs17191581
chr16	13550117	rs8056716
chr16	13553882	rs16962290
chr16	13554443	rs12930773
chr16	13557250	rs1547402
chr16	13557914	rs6498428
chr16	13560641	rs2226993
chr16	13562974	rs12935543
chr16	13563028	rs2903308
chr16	13564649	rs2001025
chr16	13567013	rs6498433
chr16	13567061	rs9936868
chr16	13567867	rs8055506
chr16	13568822	rs16962380
chr16	13569437	rs9923278
chr16	13569469	rs13335916
chr16	13569728	rs6498435
chr16	13569864	rs6498436
chr16	13571085	rs2226994
chr16	13571706	rs9929196
chr16	13572728	rs16962397
chr16	13572785	rs16962403
chr16	13573663	rs7189893
chr16	13574652	rs4780525
chr16	13574923	rs13335697
chr16	13577050	rs2866723
chr16	13577434	rs2903366
chr16	13578643	rs6498439
chr16	13581938	rs7190295
chr16	13582640	rs8048665
chr16	13593934	rs9933519
chr16	13594055	rs4781509
chr16	13594596	rs12102475
chr16	13597728	rs4780528
chr16	13598631	rs13337213
chr16	13601080	rs16962446
chr16	13604118	rs9927368
chr16	13607517	rs1005410
chr16	13609836	rs7184684
chr16	13611287	rs13332543
chr16	13616280	rs16953178
chr16	13618735	rs12919331
chr16	13625056	rs10492771
chr16	13625660	rs2031084
chr16	13628581	rs3936086
chr16	13628660	rs3936087
chr16	13629343	rs7500116
chr16	13629523	rs12931090
chr16	13629603	rs12930200
chr16	13630625	rs4780529
chr16	13630999	rs4128415
chr16	13633049	rs7500279
chr16	13635546	rs3923385
chr16	13640009	rs1126144
chr16	13640256	rs1894391
chr16	13640938	rs12149863
chr16	13642055	rs8060141
chr16	13644176	rs4781519
chr16	13644805	rs9940897
chr16	13645558	rs7404071
chr16	13645962	rs6498448
chr16	13646036	rs6498449
chr16	13648243	rs4781522
chr16	13653733	rs17199331
chr16	13656362	rs7403809
chr16	13656837	rs7185124
chr16	13659492	rs12597362
chr16	13659527	rs8055219
chr16	13662692	rs8053520
chr16	13663510	rs16962588
chr16	13664074	rs12928897
chr16	13666360	rs4456522
chr16	13669554	rs8047770
chr16	13670539	rs6498457
chr16	13670599	rs4997735
chr16	13670823	rs2097287
chr16	13670884	rs2097288
chr16	13670955	rs2105841
chr16	13670972	rs2105842
chr16	13671108	rs7195634
chr16	13671184	rs12927595
chr16	13672435	rs4781528
chr16	13672570	rs4781529
chr16	13673855	rs3916993
chr16	13674534	rs7202586
chr16	13676793	rs4781530
chr16	13678742	rs2051545
chr16	13679972	rs10492769
chr16	13680577	rs12599526
chr16	13683538	rs12448623
chr16	13685571	rs17256546
chr16	13687078	rs2097289
chr16	13687371	rs12920954
chr16	13687670	rs2866728
chr16	13689533	rs17199422
chr16	13690722	rs928975
chr16	13692102	rs12926421
chr16	13697558	rs8063933
chr16	13700170	rs12446158
chr16	13702010	rs4238620
chr16	13702682	rs10852368
chr16	13702977	rs12931772
chr16	13704275	rs12927885
chr16	13704342	rs7195018
chr16	13707462	rs7191035
chr16	13708522	rs12930511
chr16	13708875	rs12931080
chr16	13709207	rs16962723
chr16	13712617	rs17199457
chr16	13713361	rs12598393
chr16	13714460	rs7200681
chr16	13715934	rs179591
chr16	13717185	rs179596
chr16	13718833	rs2187677
chr16	13719119	rs179600
chr16	13719222	rs7193709
chr16	13719432	rs7188713
chr16	13719533	rs11075208
chr16	13719847	rs8047284
chr16	13720325	rs179603
chr16	13720616	rs179604
chr16	13722538	rs2866729
chr16	13724250	rs179609
chr16	13725182	rs179612
chr16	13726828	rs7206058
chr16	13727771	rs179617
chr16	13728502	rs179619
chr16	13729170	rs179620
chr16	13729612	rs7197103
chr16	13730115	rs179622
chr16	13733203	rs12930325
chr16	13736372	rs10492768
chr16	13736593	rs1029287
chr16	13739292	rs4480826
chr16	13741609	rs7199669
chr16	13743531	rs11641356
chr16	13743555	rs7184871
chr16	13745166	rs2157072
chr16	13747762	rs2213298
chr16	13751833	rs7200773
chr16	13751948	rs7189641
chr16	13756169	rs7199617
chr16	13757251	rs6498466
chr16	13759268	rs17199520
chr16	13759610	rs9888892
chr16	13760463	rs2051547
chr16	13762826	rs9935864
chr16	13762900	rs8182167
chr16	13764203	rs2903405
chr16	13764251	rs2866848
chr16	13767336	rs12599027
chr16	13769883	rs1005482
chr16	13771471	rs7199244
chr16	13771626	rs7192696
chr16	13772557	rs1159167
chr16	13772908	rs2227017
chr16	13777456	rs11861769
chr16	13779008	rs13335676
chr16	13780706	rs7195189
chr16	13780997	rs1029288
chr16	13781506	rs16962879
chr16	13782754	rs8049968
chr16	13782873	rs1008287
chr16	13785270	rs2866850
chr16	13785839	rs8052883
chr16	13786011	rs11865876
chr16	13786409	rs4780543
chr16	13786433	rs12932396
chr16	13787792	rs4780544
chr16	13787860	rs12919542
chr16	13794933	rs11642741
chr16	13795390	rs9935515
chr16	13795482	rs9934964
chr16	13798948	rs7198922
chr16	13799050	rs7193571
chr16	13800173	rs4781555
chr16	13800560	rs1034392
chr16	13802562	rs7189739
chr16	13802900	rs7197247
chr16	13803023	rs7202022
chr16	13804039	rs743669
chr16	13804512	rs730182
chr16	13804804	rs7193760
chr16	13807222	rs9934303
chr16	13807480	rs16962919
chr16	13807996	rs2866852
chr16	13808890	rs12446097
chr16	13809154	rs12446745
chr16	13809456	rs1573638
chr16	13811008	rs7359373
chr16	13813032	rs743671
chr16	13813331	rs743672
chr16	13817399	rs2903406
chr16	13821950	rs9934011
chr16	13823178	rs16962950
chr16	13825378	rs16962966
chr16	13825670	rs16962967
chr16	13828474	rs7193298
chr16	13828770	rs7193899
chr16	13829129	rs17565087
chr16	13829163	rs17565143
chr16	13830542	rs12919408
chr16	13832207	rs1646329
chr16	13833218	rs1646328
chr16	13834122	rs4141381
chr16	13836308	rs2269450
chr16	13836340	rs2269451
chr16	13836773	rs857179
chr16	13836818	rs857178
chr16	13838467	rs857167
chr16	13839543	rs722241
chr16	13842439	rs16963011
chr16	13844984	rs172993
chr16	13846873	rs928974
chr16	13847077	rs865657
chr16	13847495	rs1029290
chr16	13855793	rs1646314
chr16	13856502	rs1794336
chr16	13858909	rs12927725
chr16	13861724	rs231128
chr16	13862371	rs7190999
chr16	13863339	rs231129
chr16	13863466	rs11865632
chr16	13864415	rs231130
chr16	13864960	rs857164
chr16	13865244	rs7198092
chr16	13865750	rs231131
chr16	13866200	rs12934929
chr16	13867407	rs231127
chr16	13869751	rs12920418
chr16	13873446	rs1794337
chr16	13874172	rs16963063
chr16	13876190	rs12598949
chr16	13877416	rs7195983
chr16	13878171	rs2903407
chr16	13878240	rs4781558
chr16	13881943	rs9921251
chr16	13882234	rs9921504
chr16	13882499	rs2113334
chr16	13883842	rs8049031
chr16	13884234	rs8048606
chr16	13884259	rs11644833
chr16	13885701	rs9935529
chr16	13885928	rs11647585
chr16	13886491	rs8054265
chr16	13892696	rs2216774
chr16	13893862	rs6498482
chr16	13895264	rs7188980
chr16	13902283	rs3888364
chr16	13909799	rs7200442
chr16	13911276	rs12924220
chr16	13913706	rs12597883
chr16	13913936	rs11075221
chr16	13914817	rs11648436
chr16	13914940	rs7186212
chr16	13915962	rs12926685
chr16	13919522	rs3136038
chr16	13919809	rs6498486
chr16	13920198	rs3136042
chr16	13922075	rs3136056
chr16	13929664	rs3136105
chr16	13931854	rs3136118
chr16	13932150	rs254942
chr16	13934522	rs3136146
chr16	13935176	rs1800067
chr16	13938236	rs3136166
chr16	13940642	rs3136187
chr16	13940844	rs3136189
chr16	13942614	rs3136195
chr16	13943873	rs31870
chr16	13944317	rs3136202
chr16	13944695	rs1799800
chr16	13948101	rs1799801
chr16	13948220	rs1800124
chr16	13948251	rs16963255
chr16	13948831	rs3743538
chr16	13950860	rs11075223
chr16	13951379	rs4781562
chr16	13951542	rs4781563
chr16	13953561	rs9646271
chr16	13955870	rs1646332
chr16	13960223	rs8054783
chr16	13964764	rs254940
chr16	13973146	rs836876
chr16	13977396	rs11860979
chr16	13979938	rs254930
chr16	13981522	rs836873
chr16	13982365	rs12448995
chr16	13982400	rs12448998
chr16	13985531	rs12445168
chr16	13985977	rs8053423
chr16	13986597	rs12599365
chr16	13994695	rs9302512
chr16	13996826	rs8053013
chr16	13997939	rs4522405
chr16	14004283	rs1560150
chr16	14004390	rs17256168
chr16	14004964	rs9925917
chr16	14005664	rs7195205
chr16	14008691	rs1794242
chr16	14012884	rs1651190
chr16	14013509	rs1651189
chr16	14015883	rs1794225
chr16	14020280	rs3909878
chr16	14028531	rs7189421
chr16	14029880	rs1794236
chr16	14031656	rs9923144
chr16	14032473	rs1794238
chr16	14034218	rs8047493
chr16	14034667	rs4781564
chr16	14038627	rs9935021
chr16	14039294	rs12599691
chr16	14040213	rs7203561
chr16	14043233	rs7200856
chr16	14045066	rs11645155
chr16	14045443	rs6498496
chr16	14046480	rs4781565
chr16	14047072	rs6498498
chr16	14047233	rs7190485
chr16	14052241	rs11862729
chr16	14054623	rs13334256
chr16	14056722	rs2867048
chr16	14057383	rs7205210
chr16	14057815	rs2011209
chr16	14062976	rs916080
chr16	14071754	rs6498499
chr16	14073157	rs7200498
chr16	14076712	rs9673242
chr16	14080046	rs8047685
chr16	14085682	rs4781567
chr16	14087123	rs7199552
chr16	14087533	rs1894384
chr16	14088211	rs9921648
chr16	14095165	rs2867049
chr16	14108331	rs4781572
chr16	14111887	rs1004637
chr16	14112892	rs12596849
chr16	14121551	rs4781576
chr16	14125980	rs762767
chr16	14135242	rs724015
chr16	14137212	rs9930823
chr16	14138533	rs4486904
chr16	14139619	rs9888894
chr16	14141721	rs3752415
chr16	14144121	rs9935670
chr16	14144257	rs9928733
chr16	14144282	rs9926565
chr16	14145826	rs8059531
chr16	14146446	rs11646349
chr16	14154994	rs1003067
chr16	14155820	rs928968
chr16	14164174	rs9922796
chr16	14169942	rs12448844
chr16	14181863	rs4500749
chr16	14182198	rs7204501
chr16	14183021	rs2187664
chr16	14185180	rs4267326
chr16	14186082	rs4781581
chr16	14193031	rs13332750
chr16	14195297	rs2301215
chr16	14196207	rs226792
chr16	14202299	rs226791
chr16	14210318	rs226779
chr16	14212262	rs226778
chr16	14214806	rs226790
chr16	14215282	rs226789
chr16	14217178	rs226788
chr16	14219176	rs226786
chr16	14226027	rs16963566
chr16	14229589	rs17196874
chr16	14231661	rs11075235
chr16	14233440	rs16963580
chr16	14235484	rs8049506
chr16	14237168	rs4781586
chr16	14238714	rs9926155
chr16	14239222	rs1659132
chr16	14242341	rs4781588
chr16	14252044	rs30144
chr16	14254222	rs246169
chr16	14257395	rs7194165
chr16	14261908	rs30126
chr16	14263063	rs30129
chr16	14265348	rs30123
chr16	14267428	rs39826
chr16	14270797	rs246161
chr16	14279016	rs9889180
chr16	14280788	rs30237
chr16	14281160	rs30238
chr16	14283884	rs30244
chr16	14284185	rs30245
chr16	14286074	rs246174
chr16	14297282	rs8051081
chr16	14301301	rs878340
chr16	14301575	rs246185
chr16	14306156	rs30234
chr16	14306452	rs30233
chr16	14308105	rs30232
chr16	14311571	rs30227
chr16	14312035	rs30226
chr16	14315219	rs192186
chr16	14324524	rs30218
chr16	14324582	rs35358903
chr16	14334996	rs30208
chr16	14335636	rs246188
chr16	14336103	rs246187
chr16	14336585	rs7499658
chr16	14337595	rs1618972
chr16	14347017	rs1876971
chr16	14348774	rs7198656
chr16	14356797	rs7404450
chr16	14356817	rs7404076
chr16	14359193	rs9932239
chr16	14360663	rs3928240
chr16	14363150	rs2867427
chr16	14364215	rs7186888
chr16	14364489	rs7405176
chr16	14368440	rs17198566
chr16	14368731	rs7403900
chr16	14369269	rs12599053
chr16	14370681	rs16963706
chr16	14370799	rs11075236
chr16	14372645	rs13330897
chr16	14375928	rs12932332
chr16	14377371	rs1000174
chr16	14377404	rs1533079
chr16	14378671	rs7191379
chr16	14381305	rs6498509
chr16	14385461	rs7405180
chr16	14389685	rs7184657
chr16	14394273	rs6498513
chr16	14399718	rs9941229
chr16	14406029	rs1812591
chr16	14413728	rs1810125
chr16	14416686	rs9932192
chr16	14419414	rs11642944
chr16	14426827	rs12325343
chr16	14444733	rs17259183
chr16	14445492	rs16963746
chr16	14446183	rs12918613
chr16	14447062	rs35722504
chr16	14448965	rs16963751
chr16	14449919	rs36112041
chr16	14451407	rs8051249
chr16	14453201	rs16963758
chr16	14457182	rs4782165
chr16	14472575	rs11646874
chr16	14484294	rs12445167
chr16	14484314	rs17200189
chr16	14484439	rs12445002
chr16	14492964	rs12446481
chr16	14500198	rs11075240
chr16	14515402	rs4395094
chr16	14521330	rs16963767
chr16	14524454	rs12448574
chr16	14530479	rs12443942
chr16	14533837	rs732459
chr16	14534341	rs4346222
chr16	14535631	rs12446921
chr16	14538074	rs7185689
chr16	14538649	rs12386014
chr16	14539836	rs8052315
chr16	14542014	rs2379096
chr16	14545390	rs4782161
chr16	14545700	rs17260360
chr16	14547863	rs34483003
chr16	14554934	rs8061748
chr16	14555769	rs16963773
chr16	14556788	rs4782160
chr16	14559337	rs17260584
chr16	14560737	rs10500392
chr16	14563759	rs8062293
chr16	14571622	rs7200272
chr16	14571937	rs17201321
chr16	14572427	rs17201356
chr16	14572737	rs16963797
chr16	14576351	rs17201412
chr16	14576910	rs16963800
chr16	14577652	rs12447215
chr16	14582919	rs35767715
chr16	14583720	rs16963805
chr16	14603500	rs17261004
chr16	14603841	rs12933637
chr16	14604615	rs17201621
chr16	14606030	rs16963810
chr16	14609816	rs873781
chr16	14616001	rs16963832
chr16	14616097	rs4780754
chr16	14630732	rs7501119
chr16	14648543	rs11546303
chr16	14656750	rs35935863
chr16	14656804	rs35611097
chr16	14665911	rs8062460
chr16	14881435	rs4780563
chr16	15031584	rs4985124
chr16	15033033	rs12926897
chr16	15034129	rs7192563
chr16	15035602	rs4985155
chr16	15036083	rs3198697
chr16	15036113	rs7200543
chr16	15037219	rs1121
chr16	15038105	rs1135999
chr16	15038117	rs1136001
chr16	15038251	rs2740
chr16	15038507	rs4985153
chr16	15038983	rs12934778
chr16	15040518	rs11863214
chr16	15042086	rs16966952
chr16	15044556	rs3803573
chr16	15045737	rs34955778
chr16	15046354	rs4500751
chr16	15054789	rs11075253
chr16	15056976	rs2280018
chr16	15057504	rs2280017
chr16	15059070	rs2966129
chr16	15059860	rs9927842
chr16	15061041	rs3751877
chr16	15061550	rs11551276
chr16	15062041	rs2966157
chr16	15073034	rs2941256
chr16	15074903	rs4985147
chr16	15078261	rs11644601
chr16	15087670	rs7405315
chr16	15090843	rs2941269
chr16	15128100	rs9923527
chr16	15275162	rs11861982
chr16	15386022	rs251633
chr16	15397270	rs153004
chr16	15397543	rs153003
chr16	15397627	rs153002
chr16	15399189	rs153001
chr16	15402301	rs153000
chr16	15404950	rs222907
chr16	15405200	rs222908
chr16	15407242	rs1672811
chr16	15410924	rs10221046
chr16	15413069	rs692321
chr16	15418718	rs3844608
chr16	15422291	rs153771
chr16	15427091	rs153779
chr16	15436851	rs7404843
chr16	15439167	rs3893231
chr16	15441214	rs153799
chr16	15445470	rs222135
chr16	15448342	rs153793
chr16	15451165	rs222133
chr16	15454453	rs222130
chr16	15455900	rs153800
chr16	15456155	rs153801
chr16	15458303	rs153803
chr16	15459197	rs153804
chr16	15462539	rs153806
chr16	15462646	rs153807
chr16	15463766	rs4781668
chr16	15464485	rs153808
chr16	15477487	rs2450356
chr16	15489386	rs219426
chr16	15491779	rs34793
chr16	15499435	rs153785
chr16	15499857	rs153786
chr16	15503151	rs4781669
chr16	15504090	rs13339072
chr16	15507763	rs153782
chr16	15508509	rs153783
chr16	15509723	rs12923446
chr16	15513130	rs1125972
chr16	15515172	rs7501278
chr16	15519840	rs12929694
chr16	15533103	rs12919246
chr16	15534181	rs1065838
chr16	15536592	rs9927980
chr16	15543343	rs12924092
chr16	15548952	rs4781673
chr16	15559373	rs8058466
chr16	15564791	rs9922431
chr16	15571995	rs9931413
chr16	15572423	rs9924674
chr16	15582126	rs8049689
chr16	15586785	rs2071332
chr16	15587086	rs9934922
chr16	15589737	rs7185019
chr16	15592488	rs1107142
chr16	15592789	rs11866131
chr16	15593898	rs12447398
chr16	15595864	rs3743521
chr16	15605727	rs7192185
chr16	15607912	rs2239694
chr16	15611748	rs7185421
chr16	15613715	rs7191720
chr16	15618467	rs9652609
chr16	15619655	rs8059906
chr16	15626390	rs11649126
chr16	15630256	rs3752422
chr16	15632436	rs7206272
chr16	15634417	rs9940874
chr16	15636388	rs4781677
chr16	15636798	rs9926561
chr16	15638235	rs7199717
chr16	15640268	rs11075274
chr16	15641654	rs12449163
chr16	15644001	rs877063
chr16	15653255	rs4781678
chr16	15660611	rs8061376
chr16	15665049	rs7184854
chr16	15666158	rs8050364
chr16	15667520	rs7192974
chr16	15670228	rs2891090
chr16	15671546	rs3784859
chr16	15674140	rs4780577
chr16	15677744	rs6498567
chr16	15683919	rs6498569
chr16	15686510	rs12934645
chr16	15687197	rs8044738
chr16	15696750	rs17283846
chr16	15701615	rs8529
chr16	15702711	rs11647544
chr16	15704353	rs2242549
chr16	15706170	rs4781680
chr16	15706331	rs4781681
chr16	15708477	rs881803
chr16	15713820	rs10521101
chr16	15716827	rs8058678
chr16	15717166	rs1050163
chr16	15717205	rs1050162
chr16	15717805	rs13333581
chr16	15718239	rs12917928
chr16	15719776	rs17284411
chr16	15719909	rs9935327
chr16	15720088	rs2075512
chr16	15722289	rs2384933
chr16	15723633	rs7195365
chr16	15724284	rs2075511
chr16	15724453	rs11130
chr16	15725198	rs760023
chr16	15725550	rs16967500
chr16	15727006	rs16967494
chr16	15728943	rs17284809
chr16	15737355	rs2272555
chr16	15745177	rs1050113
chr16	15747916	rs12931799
chr16	15747973	rs2293736
chr16	15753924	rs7204707
chr16	15756347	rs2272554
chr16	15768693	rs2384935
chr16	15770427	rs16967478
chr16	15770921	rs11865503
chr16	15771332	rs4781688
chr16	15771615	rs4781689
chr16	15773707	rs11641649
chr16	15774130	rs1569301
chr16	15775668	rs2075516
chr16	15775944	rs2072619
chr16	15776878	rs4541094
chr16	15776891	rs1569300
chr16	15778216	rs10852376
chr16	15778462	rs2075515
chr16	15778752	rs2075514
chr16	15779736	rs8048077
chr16	15781561	rs11866891
chr16	15782614	rs2075513
chr16	15783217	rs13332091
chr16	15783554	rs8060975
chr16	15784296	rs4781692
chr16	15784395	rs8045778
chr16	15785516	rs6498573
chr16	15785601	rs9936350
chr16	15786153	rs9929598
chr16	15787934	rs9924070
chr16	15789633	rs17214007
chr16	15792386	rs4781693
chr16	15794273	rs9923303
chr16	15794408	rs6498574
chr16	15794867	rs8054007
chr16	15796160	rs8063887
chr16	15797033	rs909079
chr16	15798303	rs17286488
chr16	15799584	rs7186608
chr16	15803610	rs9929067
chr16	15804150	rs8064077
chr16	15810369	rs11647019
chr16	15812273	rs8044595
chr16	15814626	rs8044708
chr16	15816193	rs8056900
chr16	15816393	rs6498577
chr16	15816617	rs8057655
chr16	15816682	rs3915500
chr16	15816886	rs3915499
chr16	15818957	rs11645494
chr16	15819865	rs12923560
chr16	15821963	rs216152
chr16	15822001	rs7192541
chr16	15822091	rs216153
chr16	15822132	rs216154
chr16	15822270	rs11864608
chr16	15823155	rs2272553
chr16	15823340	rs1050111
chr16	15823464	rs2272552
chr16	15825103	rs216160
chr16	15825677	rs216163
chr16	15825761	rs216164
chr16	15826645	rs7184472
chr16	15827366	rs7190323
chr16	15828101	rs216166
chr16	15833734	rs215590
chr16	15837513	rs12923604
chr16	15839317	rs215581
chr16	15841755	rs215579
chr16	15847168	rs7196606
chr16	15847727	rs215573
chr16	15850476	rs215571
chr16	15851172	rs215570
chr16	15852921	rs9922682
chr16	15854682	rs9932695
chr16	15854775	rs9933417
chr16	15855044	rs9935015
chr16	15855705	rs3851702
chr16	15855790	rs3851703
chr16	15855918	rs3851704
chr16	15856735	rs3851705
chr16	15856790	rs3851706
chr16	15861273	rs12446688
chr16	15863309	rs3955408
chr16	15866121	rs3743517
chr16	15866369	rs3743518
chr16	15867335	rs12598941
chr16	15869644	rs8044313
chr16	15869766	rs7203040
chr16	15874385	rs7205254
chr16	15878284	rs12596325
chr16	15879219	rs7184559
chr16	15879748	rs12597051
chr16	15879771	rs12596557
chr16	15882156	rs12598880
chr16	15882891	rs12598542
chr16	15883875	rs7201759
chr16	15886390	rs1557521
chr16	15886652	rs2157047
chr16	15887002	rs5021808
chr16	15887510	rs7202597
chr16	15888401	rs3213476
chr16	15894019	rs17493434
chr16	15897592	rs8052957
chr16	15898681	rs1970768
chr16	15899542	rs177337
chr16	15902668	rs169983
chr16	15902699	rs215034
chr16	15905015	rs215039
chr16	15907227	rs215040
chr16	15909612	rs215042
chr16	15911711	rs7199598
chr16	15924732	rs13335375
chr16	15933867	rs11075286
chr16	15943404	rs8050881
chr16	15947911	rs4148330
chr16	15950031	rs8045000
chr16	15952400	rs215108
chr16	15953470	rs6498590
chr16	15954663	rs9932395
chr16	15954730	rs215105
chr16	15955776	rs4781699
chr16	15958062	rs7190484
chr16	15959872	rs4148333
chr16	15960793	rs215100
chr16	15960837	rs215099
chr16	15960987	rs215098
chr16	15966537	rs215095
chr16	15967024	rs169985
chr16	15967058	rs215094
chr16	15967085	rs4781701
chr16	15967137	rs12922404
chr16	15971544	rs215088
chr16	15972183	rs129116
chr16	15977163	rs182482
chr16	15977992	rs7195962
chr16	15979580	rs6498594
chr16	15979799	rs215052
chr16	15981751	rs169984
chr16	15983026	rs215059
chr16	15983073	rs12922744
chr16	15983430	rs215060
chr16	15984017	rs215063
chr16	15984115	rs215064
chr16	15985260	rs215066
chr16	15985344	rs1874001
chr16	15987266	rs17501011
chr16	15987934	rs215077
chr16	15988375	rs215076
chr16	15988395	rs215075
chr16	15988444	rs215074
chr16	15989193	rs8049010
chr16	15989515	rs8050836
chr16	15990347	rs7198841
chr16	15991379	rs152023
chr16	15991498	rs215073
chr16	15991694	rs215072
chr16	15991778	rs246219
chr16	15991796	rs12924026
chr16	15993106	rs11865571
chr16	15993639	rs12928602
chr16	15993708	rs246218
chr16	15994344	rs17579406
chr16	15995584	rs17501331
chr16	15996497	rs246217
chr16	15996794	rs12927980
chr16	15996944	rs17579503
chr16	15998550	rs215067
chr16	16000744	rs9635480
chr16	16001588	rs4780585
chr16	16001769	rs16967173
chr16	16001780	rs4781708
chr16	16002294	rs12921748
chr16	16002421	rs12921924
chr16	16004118	rs12924212
chr16	16004175	rs12922588
chr16	16004511	rs11075289
chr16	16004522	rs11075290
chr16	16004618	rs11075291
chr16	16005134	rs4781710
chr16	16006109	rs2014800
chr16	16006161	rs9332430
chr16	16006523	rs4781711
chr16	16006656	rs12934692
chr16	16006703	rs12935283
chr16	16008018	rs8187843
chr16	16009375	rs4781712
chr16	16010264	rs4780587
chr16	16011625	rs8054156
chr16	16012108	rs7198766
chr16	16012262	rs4780589
chr16	16013855	rs8058040
chr16	16015037	rs1967120
chr16	16017034	rs3784862
chr16	16017098	rs3784863
chr16	16020910	rs12929789
chr16	16021035	rs246214
chr16	16021769	rs17841264
chr16	16022699	rs17264736
chr16	16023414	rs152033
chr16	16023543	rs16967135
chr16	16023826	rs246241
chr16	16024763	rs7188937
chr16	16025167	rs246240
chr16	16025666	rs4148340
chr16	16029191	rs875740
chr16	16030151	rs11642957
chr16	16031468	rs3784864
chr16	16032618	rs924136
chr16	16032907	rs924138
chr16	16033378	rs2062541
chr16	16033647	rs11647513
chr16	16034561	rs16967126
chr16	16035394	rs246233
chr16	16036139	rs11075293
chr16	16036657	rs903880
chr16	16038277	rs8054670
chr16	16038475	rs171583
chr16	16039023	rs246230
chr16	16039930	rs8055510
chr16	16042290	rs246227
chr16	16042778	rs7193363
chr16	16044219	rs173476
chr16	16044465	rs246221
chr16	16045857	rs35587
chr16	16047881	rs17205859
chr16	16047966	rs35592
chr16	16048501	rs4148343
chr16	16051890	rs12445600
chr16	16053917	rs12444264
chr16	16054395	rs16967096
chr16	16054768	rs35593
chr16	16056014	rs35595
chr16	16056044	rs3765129
chr16	16056351	rs17265551
chr16	16059083	rs35596
chr16	16061246	rs17287570
chr16	16064177	rs35597
chr16	16065166	rs35598
chr16	16065204	rs35599
chr16	16065894	rs35601
chr16	16067568	rs9932506
chr16	16068071	rs4148348
chr16	16068119	rs35604
chr16	16068162	rs35605
chr16	16068182	rs8187858
chr16	16068407	rs35606
chr16	16068623	rs35607
chr16	16069416	rs35610
chr16	16070208	rs35613
chr16	16074751	rs35621
chr16	16075608	rs35623
chr16	16075709	rs35625
chr16	16076620	rs4148350
chr16	16076711	rs4148351
chr16	16076758	rs35626
chr16	16077028	rs2376956
chr16	16077249	rs35628
chr16	16077291	rs4148353
chr16	16077585	rs35629
chr16	16078223	rs152030
chr16	16078385	rs152029
chr16	16078632	rs152028
chr16	16079364	rs8187863
chr16	16080649	rs4148354
chr16	16080810	rs4148355
chr16	16082967	rs10852377
chr16	16082988	rs7185286
chr16	16083418	rs4148356
chr16	16083830	rs11075295
chr16	16087285	rs2074086
chr16	16088099	rs2889517
chr16	16089188	rs3888565
chr16	16093318	rs4148358
chr16	16093612	rs4148361
chr16	16097428	rs5016527
chr16	16098708	rs2239995
chr16	16101708	rs4148366
chr16	16102041	rs2074085
chr16	16102976	rs8053266
chr16	16102982	rs2269800
chr16	16104399	rs8052419
chr16	16105398	rs16967755
chr16	16105799	rs11861085
chr16	16108028	rs11864374
chr16	16109488	rs3784867
chr16	16111644	rs3887893
chr16	16114314	rs12927259
chr16	16118247	rs4148373
chr16	16118660	rs4148376
chr16	16120015	rs2238476
chr16	16120105	rs6416666
chr16	16120398	rs2238475
chr16	16126269	rs212079
chr16	16126345	rs2283512
chr16	16126833	rs13332486
chr16	16127001	rs2299670
chr16	16132114	rs212081
chr16	16133290	rs212082
chr16	16133732	rs150530
chr16	16134086	rs212083
chr16	16135350	rs212084
chr16	16135878	rs212086
chr16	16136433	rs212087
chr16	16141824	rs3743527
chr16	16142574	rs4148380
chr16	16142793	rs212091
chr16	16143897	rs212093
chr16	16144637	rs4148382
chr16	16144727	rs212094
chr16	16145682	rs12448760
chr16	16147395	rs8053988
chr16	16150272	rs212097
chr16	16150317	rs212098
chr16	16151872	rs7192634
chr16	16157742	rs2238472
chr16	16158042	rs2238471
chr16	16158143	rs150468
chr16	16158311	rs2239329
chr16	16158525	rs2239327
chr16	16158839	rs16967488
chr16	16159713	rs2238470
chr16	16160909	rs169844
chr16	16161348	rs2376957
chr16	16161383	rs3213470
chr16	16161580	rs3213471
chr16	16164316	rs9922834
chr16	16166485	rs6498606
chr16	16166586	rs8057824
chr16	16167394	rs11863504
chr16	16168715	rs4781732
chr16	16169806	rs2856585
chr16	16171704	rs8045279
chr16	16174373	rs4577106
chr16	16176105	rs212621
chr16	16176189	rs212622
chr16	16177047	rs212623
chr16	16177552	rs9924755
chr16	16178651	rs2283508
chr16	16183107	rs150466
chr16	16183828	rs212072
chr16	16184589	rs2239324
chr16	16185006	rs8058694
chr16	16185426	rs212075
chr16	16187150	rs12931472
chr16	16187297	rs4369696
chr16	16188450	rs3851722
chr16	16189214	rs2238469
chr16	16190408	rs2239322
chr16	16195675	rs8056397
chr16	16196385	rs4781735
chr16	16196473	rs4780597
chr16	16196520	rs4780599
chr16	16196638	rs4780600
chr16	16197242	rs8062992
chr16	16198126	rs9930886
chr16	16214494	rs2239319
chr16	16259309	rs2856553
chr16	16480981	rs9931639
chr16	16490462	rs1644911
chr16	16536956	rs7404377
chr16	16539715	rs4782114
chr16	16738557	rs10500401
chr16	16764475	rs9937007
chr16	16765944	rs11649230
chr16	16768516	rs13333250
chr16	16775897	rs7192379
chr16	16782442	rs8043649
chr16	16784872	rs11641196
chr16	16787484	rs9932635
chr16	16790454	rs1597987
chr16	16805638	rs960438
chr16	16812889	rs2100402
chr16	16814929	rs11649527
chr16	16815505	rs12596789
chr16	16816276	rs11646528
chr16	16816964	rs8058794
chr16	16817096	rs4780724
chr16	16817303	rs1453516
chr16	16817891	rs7404193
chr16	16818147	rs7404565
chr16	16822440	rs4321183
chr16	16826168	rs7403845
chr16	16829908	rs747641
chr16	16830163	rs9939674
chr16	16830561	rs752076
chr16	16830814	rs2890050
chr16	16831148	rs1453504
chr16	16832601	rs9925385
chr16	16833090	rs13333351
chr16	16835137	rs4343272
chr16	16835898	rs8058274
chr16	16838939	rs1377550
chr16	16840438	rs16968824
chr16	16846599	rs8049762
chr16	16847381	rs1377554
chr16	16849174	rs1563096
chr16	16849269	rs1563095
chr16	16849642	rs8051779
chr16	16850439	rs1563093
chr16	16851129	rs2890097
chr16	16851368	rs17660389
chr16	16851455	rs2890098
chr16	16854795	rs1453520
chr16	16857524	rs4074171
chr16	16857717	rs2379184
chr16	16858133	rs1077811
chr16	16859519	rs7194702
chr16	16859653	rs11862676
chr16	16860425	rs11644271
chr16	16864058	rs7186128
chr16	16865780	rs2100401
chr16	16868985	rs12929671
chr16	16871248	rs4344725
chr16	16871453	rs4474663
chr16	16874717	rs7206357
chr16	16876094	rs12597308
chr16	16877306	rs1453507
chr16	16877510	rs1453505
chr16	16879279	rs4496122
chr16	16881079	rs4238659
chr16	16882102	rs9924516
chr16	16883044	rs6498632
chr16	16888297	rs4611440
chr16	16890896	rs1530986
chr16	16891960	rs12920750
chr16	16892682	rs7191412
chr16	16892720	rs4780718
chr16	16892790	rs7197139
chr16	16892933	rs11075317
chr16	16893368	rs12931724
chr16	16894235	rs11864634
chr16	16894373	rs6498633
chr16	16900377	rs1597988
chr16	16908907	rs2378986
chr16	16910381	rs4782058
chr16	16914462	rs1869390
chr16	16915052	rs2034682
chr16	16915809	rs4238653
chr16	16923564	rs1377548
chr16	16924017	rs12918362
chr16	16924029	rs1530990
chr16	16924042	rs1453512
chr16	16929364	rs1377549
chr16	16929618	rs1993228
chr16	16930314	rs12932484
chr16	16930902	rs6498640
chr16	16931864	rs8052051
chr16	16934201	rs7190989
chr16	16934390	rs9925934
chr16	16938930	rs11649132
chr16	16940509	rs1453511
chr16	16941030	rs8049662
chr16	16944840	rs7197801
chr16	16957017	rs6498643
chr16	16957308	rs6498644
chr16	16957773	rs6498646
chr16	16960808	rs4782044
chr16	16961360	rs13335325
chr16	16965755	rs12325203
chr16	16969106	rs8052162
chr16	16971326	rs13333026
chr16	16971616	rs11646914
chr16	16973426	rs7197164
chr16	16983183	rs6498653
chr16	16983316	rs16968279
chr16	16988503	rs9933070
chr16	16993583	rs11866797
chr16	16994877	rs12443567
chr16	16996823	rs9926955
chr16	16999013	rs6498657
chr16	17001170	rs6498658
chr16	17002619	rs16968288
chr16	17012270	rs9936906
chr16	17012412	rs17273060
chr16	17014517	rs16968289
chr16	17019051	rs1317262
chr16	17025322	rs2201816
chr16	17028911	rs16968302
chr16	17029990	rs11075329
chr16	17030292	rs10500400
chr16	17030579	rs10500399
chr16	17033209	rs11075332
chr16	17033244	rs10852388
chr16	17033351	rs11075333
chr16	17033537	rs9937566
chr16	17033566	rs8061749
chr16	17034356	rs1032618
chr16	17035502	rs8054358
chr16	17037893	rs8046186
chr16	17038241	rs8050950
chr16	17041592	rs11860576
chr16	17059229	rs8049145
chr16	17065581	rs11647626
chr16	17067636	rs1391350
chr16	17068966	rs12445045
chr16	17074956	rs8055467
chr16	17078258	rs13334978
chr16	17083464	rs1391351
chr16	17084441	rs13339479
chr16	17085882	rs9924473
chr16	17089516	rs7190386
chr16	17089784	rs4533273
chr16	17092645	rs11646300
chr16	17096183	rs3889206
chr16	17097339	rs11862304
chr16	17098577	rs1472426
chr16	17105808	rs4238652
chr16	17106454	rs7184743
chr16	17106816	rs11644173
chr16	17106828	rs8046024
chr16	17106902	rs8044934
chr16	17107339	rs11075338
chr16	17107658	rs3812960
chr16	17111961	rs11646184
chr16	17112088	rs4453460
chr16	17112446	rs12927816
chr16	17114391	rs2047403
chr16	17118448	rs756210
chr16	17118568	rs1553087
chr16	17119926	rs8050553
chr16	17119995	rs7196690
chr16	17120030	rs4271578
chr16	17120448	rs9923657
chr16	17120620	rs9934863
chr16	17125486	rs7194745
chr16	17125618	rs7200513
chr16	17125933	rs2380084
chr16	17125944	rs2380085
chr16	17126890	rs7202682
chr16	17127898	rs3812961
chr16	17128130	rs3829495
chr16	17131678	rs7193763
chr16	17131783	rs7193981
chr16	17131993	rs9807009
chr16	17132257	rs13380472
chr16	17133696	rs12927122
chr16	17134511	rs12708815
chr16	17135241	rs9936141
chr16	17135641	rs4782032
chr16	17136351	rs8056341
chr16	17140183	rs4782031
chr16	17145035	rs3907121
chr16	17147271	rs2125190
chr16	17147499	rs2125192
chr16	17147558	rs2125193
chr16	17148596	rs9989425
chr16	17154159	rs4782029
chr16	17154723	rs9940419
chr16	17155007	rs16968516
chr16	17155408	rs7186052
chr16	17155838	rs7186292
chr16	17158176	rs8061958
chr16	17160202	rs1463462
chr16	17160727	rs11644114
chr16	17161645	rs9940127
chr16	17161714	rs9933117
chr16	17162740	rs7185607
chr16	17165081	rs4782024
chr16	17166292	rs12931552
chr16	17167028	rs750927
chr16	17168208	rs9937570
chr16	17170211	rs13339586
chr16	17172111	rs7187355
chr16	17175628	rs1466322
chr16	17176651	rs7206082
chr16	17176776	rs16968559
chr16	17176938	rs936347
chr16	17177087	rs1542421
chr16	17177470	rs752482
chr16	17178005	rs7190310
chr16	17178686	rs7197476
chr16	17179162	rs7201659
chr16	17179591	rs8045876
chr16	17180138	rs8045917
chr16	17184337	rs12935114
chr16	17185393	rs8045221
chr16	17185417	rs8044579
chr16	17189193	rs11641318
chr16	17189302	rs34986391
chr16	17192607	rs7206558
chr16	17194460	rs8050838
chr16	17195897	rs13330680
chr16	17201277	rs11863461
chr16	17202330	rs16968568
chr16	17202692	rs8051552
chr16	17203006	rs8052055
chr16	17205577	rs11865105
chr16	17209697	rs4782022
chr16	17212804	rs2311139
chr16	17216153	rs4782021
chr16	17216262	rs12596556
chr16	17216307	rs12598195
chr16	17218242	rs7202731
chr16	17219431	rs12598082
chr16	17223118	rs17210682
chr16	17226073	rs7193856
chr16	17226484	rs7204750
chr16	17228769	rs1870256
chr16	17229727	rs11646101
chr16	17229815	rs754067
chr16	17231576	rs4782019
chr16	17237022	rs1463460
chr16	17237235	rs17210738
chr16	17240514	rs722074
chr16	17240642	rs722075
chr16	17242412	rs7499817
chr16	17243867	rs3943418
chr16	17244645	rs2125198
chr16	17245243	rs12445796
chr16	17245644	rs1379655
chr16	17246079	rs12918720
chr16	17249067	rs7197069
chr16	17250623	rs11864238
chr16	17252379	rs1457907
chr16	17252573	rs12932072
chr16	17252644	rs7197213
chr16	17256320	rs8048621
chr16	17257621	rs7197232
chr16	17258555	rs16968640
chr16	17261743	rs872076
chr16	17262955	rs7206838
chr16	17263600	rs11075345
chr16	17264644	rs17277587
chr16	17271248	rs17277691
chr16	17272705	rs13336955
chr16	17272848	rs7191291
chr16	17273920	rs16968668
chr16	17278824	rs2045498
chr16	17283752	rs9922241
chr16	17285660	rs8062743
chr16	17286783	rs12930089
chr16	17287725	rs8054909
chr16	17289195	rs12920884
chr16	17290267	rs12447875
chr16	17290667	rs11861415
chr16	17291783	rs7200407
chr16	17292243	rs12919911
chr16	17292789	rs8063678
chr16	17292846	rs9921896
chr16	17292978	rs7206651
chr16	17293303	rs16968710
chr16	17294365	rs7184893
chr16	17297238	rs6498678
chr16	17298285	rs9929487
chr16	17299899	rs12598653
chr16	17302402	rs12449229
chr16	17302741	rs1379652
chr16	17303688	rs12447467
chr16	17304589	rs4780697
chr16	17309119	rs17212473
chr16	17309881	rs6498679
chr16	17310514	rs9929287
chr16	17312403	rs1457906
chr16	17312865	rs16968725
chr16	17315015	rs4782010
chr16	17315508	rs10468258
chr16	17316141	rs12324928
chr16	17319932	rs8046321
chr16	17321825	rs8057681
chr16	17321929	rs9925059
chr16	17322607	rs12051530
chr16	17323362	rs9930322
chr16	17332798	rs4782004
chr16	17334278	rs4782003
chr16	17334686	rs6498682
chr16	17337584	rs8044426
chr16	17337629	rs7202302
chr16	17340472	rs7499984
chr16	17341300	rs4780693
chr16	17341733	rs4782000
chr16	17342259	rs12598775
chr16	17344077	rs12596741
chr16	17345408	rs6498687
chr16	17348048	rs7499422
chr16	17349140	rs12599966
chr16	17349690	rs7200734
chr16	17351178	rs4564548
chr16	17352544	rs11861905
chr16	17353995	rs6498691
chr16	17355040	rs6498692
chr16	17355212	rs6498693
chr16	17355365	rs6498694
chr16	17356753	rs8047617
chr16	17359480	rs11863877
chr16	17360790	rs12373093
chr16	17368138	rs12148990
chr16	17369933	rs7191514
chr16	17371057	rs879292
chr16	17371886	rs873792
chr16	17373937	rs4780692
chr16	17375637	rs2059283
chr16	17377461	rs12927173
chr16	17378679	rs11075348
chr16	17378834	rs9929482
chr16	17380979	rs12447543
chr16	17381788	rs7195703
chr16	17385345	rs12918227
chr16	17386669	rs6498698
chr16	17386687	rs7186731
chr16	17388187	rs4781987
chr16	17390039	rs8049884
chr16	17391240	rs6498700
chr16	17402467	rs4781986
chr16	17403087	rs7404578
chr16	17405908	rs8054100
chr16	17408882	rs8051079
chr16	17408972	rs6498703
chr16	17411045	rs4430718
chr16	17413422	rs1547991
chr16	17417372	rs7404477
chr16	17420076	rs6498706
chr16	17421075	rs12444360
chr16	17421521	rs4781983
chr16	17425990	rs7498915
chr16	17429181	rs8050543
chr16	17431589	rs8062963
chr16	17434391	rs13334441
chr16	17435312	rs10400971
chr16	17435764	rs11864467
chr16	17437714	rs4438291
chr16	17438547	rs12446944
chr16	17440243	rs4781980
chr16	17449890	rs1364319
chr16	17453610	rs1465465
chr16	17455102	rs2311445
chr16	17455210	rs8043831
chr16	17456927	rs748349
chr16	17460431	rs4613050
chr16	17470092	rs4555139
chr16	17473683	rs4780688
chr16	17474668	rs11647711
chr16	17479243	rs7197376
chr16	17481208	rs12923427
chr16	17482947	rs7194068
chr16	17483674	rs12446161
chr16	17489155	rs7205489
chr16	17489736	rs8047849
chr16	17494584	rs4302019
chr16	17499443	rs10852390
chr16	17510412	rs4781970
chr16	17513705	rs11075355
chr16	17515411	rs4365276
chr16	17515617	rs4255769
chr16	17521590	rs7201029
chr16	17527600	rs8058111
chr16	17528062	rs4780685
chr16	17528163	rs4781967
chr16	17528329	rs4780684
chr16	17535905	rs4584805
chr16	17535973	rs7190877
chr16	17542038	rs11645094
chr16	17543750	rs7186245
chr16	17543784	rs11075361
chr16	17548958	rs4613051
chr16	17549334	rs4296247
chr16	17549521	rs4238646
chr16	17550567	rs10221186
chr16	17551526	rs4281692
chr16	17551833	rs4420517
chr16	17552337	rs6498721
chr16	17556689	rs8063494
chr16	17558751	rs4274419
chr16	17560078	rs4075916
chr16	17560920	rs7192585
chr16	17562754	rs12446811
chr16	17564258	rs4238644
chr16	17565778	rs11075365
chr16	17571094	rs11862371
chr16	17576185	rs4781958
chr16	17576245	rs12448811
chr16	17577378	rs4781956
chr16	17577654	rs9922652
chr16	17578761	rs9934793
chr16	17583267	rs8045035
chr16	17584185	rs7500245
chr16	17584592	rs4454957
chr16	17584864	rs13338505
chr16	17586119	rs13330079
chr16	17586635	rs4354919
chr16	17588267	rs13338367
chr16	17591088	rs4584804
chr16	17591725	rs12149737
chr16	17596521	rs11859112
chr16	17600290	rs8052691
chr16	17601015	rs8063230
chr16	17601280	rs6498723
chr16	17602288	rs7189775
chr16	17602565	rs7206267
chr16	17606347	rs12447377
chr16	17609146	rs8054036
chr16	17609191	rs8053488
chr16	17612792	rs7193387
chr16	17615011	rs4781952
chr16	17619546	rs7201964
chr16	17623053	rs11647953
chr16	17623337	rs4611441
chr16	17623661	rs4426337
chr16	17625853	rs4414478
chr16	17627285	rs12444142
chr16	17628258	rs4238641
chr16	17628480	rs11648863
chr16	17633362	rs4238640
chr16	17635575	rs8063033
chr16	17638768	rs7184473
chr16	17642369	rs9923864
chr16	17644205	rs9921400
chr16	17644689	rs8063568
chr16	17645835	rs12445126
chr16	17645984	rs8053262
chr16	17646099	rs9926886
chr16	17648005	rs9925558
chr16	17658452	rs8050840
chr16	17662684	rs3890352
chr16	17663603	rs9933667
chr16	17665118	rs7204486
chr16	17667817	rs8053673
chr16	17668002	rs11645117
chr16	17668557	rs8059729
chr16	17669386	rs7205840
chr16	17674825	rs4302018
chr16	17678412	rs4781949
chr16	17683819	rs6498729
chr16	17686337	rs5020783
chr16	17687693	rs6498730
chr16	17689051	rs6498731
chr16	17689609	rs12919635
chr16	17691120	rs8048225
chr16	17696834	rs8052722
chr16	17700256	rs11863067
chr16	17708369	rs12445976
chr16	17710170	rs12596653
chr16	17713180	rs4438287
chr16	17715178	rs10852392
chr16	17718959	rs8061752
chr16	17719769	rs9926057
chr16	17721278	rs9931355
chr16	17721954	rs9936172
chr16	17723123	rs11860965
chr16	17723452	rs11861088
chr16	17723644	rs12928473
chr16	17727371	rs11640503
chr16	17729002	rs1908211
chr16	17731060	rs11075375
chr16	17732504	rs1540667
chr16	17733025	rs12933411
chr16	17743979	rs1565774
chr16	17745556	rs11865355
chr16	17748901	rs4780677
chr16	17749169	rs9888840
chr16	17751714	rs4781935
chr16	17752713	rs13330944
chr16	17756728	rs1994894
chr16	17757763	rs12926255
chr16	17762163	rs4780675
chr16	17764059	rs2885367
chr16	17768828	rs4781928
chr16	17769272	rs11075379
chr16	17770037	rs4238633
chr16	17770864	rs7190404
chr16	17772254	rs1493874
chr16	17775204	rs12927088
chr16	17776756	rs1080507
chr16	17778731	rs9923068
chr16	17779930	rs1540675
chr16	17788162	rs1493871
chr16	17789701	rs28478057
chr16	17797919	rs1540671
chr16	17798293	rs2131745
chr16	17798629	rs11860700
chr16	17799890	rs7188706
chr16	17802524	rs4781927
chr16	17802667	rs7202082
chr16	17802788	rs4780669
chr16	17807681	rs13332265
chr16	17808588	rs7189222
chr16	17810134	rs4131354
chr16	17813412	rs1353162
chr16	17815526	rs4444329
chr16	17816432	rs1908210
chr16	17818729	rs1994893
chr16	17819633	rs12051327
chr16	17820732	rs1493868
chr16	17822334	rs4474664
chr16	17822585	rs4344726
chr16	17826646	rs4280221
chr16	17828253	rs4541060
chr16	17831107	rs4781919
chr16	17839963	rs8044171
chr16	17840448	rs1389504
chr16	17844153	rs9930482
chr16	17848746	rs13331355
chr16	17850719	rs1010201
chr16	17853270	rs1124011
chr16	17856188	rs2015573
chr16	17856239	rs4432258
chr16	17856494	rs2362556
chr16	17857533	rs7205823
chr16	17860691	rs2158232
chr16	17866027	rs11075383
chr16	17881596	rs7201086
chr16	17887919	rs1978134
chr16	17890210	rs4780667
chr16	17893353	rs8046865
chr16	17894446	rs757189
chr16	17896430	rs9931088
chr16	17896460	rs8043871
chr16	17896758	rs4781908
chr16	17898990	rs7202822
chr16	17899373	rs9937528
chr16	17900783	rs2158231
chr16	17901536	rs11075387
chr16	17906244	rs7196367
chr16	17912720	rs11862074
chr16	17913366	rs11075392
chr16	17913575	rs3909824
chr16	17913644	rs3909823
chr16	17914478	rs3848230
chr16	17916152	rs12596708
chr16	17922292	rs9932422
chr16	17923195	rs985485
chr16	17923881	rs9931838
chr16	17925201	rs2115044
chr16	17926438	rs6498759
chr16	17928367	rs4781904
chr16	17929527	rs9926465
chr16	17929597	rs4781901
chr16	17930120	rs1428103
chr16	17930765	rs4781900
chr16	17932588	rs1428101
chr16	17932633	rs1428100
chr16	17933514	rs1834942
chr16	17937342	rs1019807
chr16	17939521	rs8058121
chr16	17940847	rs7186499
chr16	17949475	rs11642075
chr16	17952530	rs891160
chr16	17954853	rs9302534
chr16	17957853	rs2885532
chr16	17959553	rs8057499
chr16	17961629	rs8063102
chr16	17962219	rs6498761
chr16	17963397	rs12930532
chr16	17963741	rs12930033
chr16	17968190	rs16967988
chr16	17968279	rs7194356
chr16	17972087	rs1366211
chr16	17973377	rs151699
chr16	17974785	rs12448862
chr16	17974921	rs12443710
chr16	17975028	rs151696
chr16	17975401	rs16968012
chr16	17975608	rs10500395
chr16	17975691	rs10500394
chr16	17979549	rs12325366
chr16	17980468	rs238851
chr16	17980606	rs7198109
chr16	17980843	rs12448572
chr16	17988492	rs238848
chr16	17992464	rs238847
chr16	17992700	rs173236
chr16	17999229	rs1428097
chr16	18000830	rs10451103
chr16	18004756	rs2106947
chr16	18005450	rs1366208
chr16	18009689	rs238844
chr16	18011262	rs10852397
chr16	18014667	rs151550
chr16	18015888	rs75795
chr16	18017776	rs151690
chr16	18018068	rs2068954
chr16	18018465	rs4780664
chr16	18019757	rs4781889
chr16	18020050	rs4780663
chr16	18022935	rs11640508
chr16	18025466	rs10775293
chr16	18028711	rs2214346
chr16	18030703	rs2106949
chr16	18041589	rs4781878
chr16	18041838	rs12445329
chr16	18042565	rs4781876
chr16	18043409	rs12598040
chr16	18049445	rs2471453
chr16	18049860	rs2428390
chr16	18051896	rs4781874
chr16	18051908	rs11649237
chr16	18052044	rs4780660
chr16	18058629	rs4781869
chr16	18062494	rs8046090
chr16	18063003	rs2471443
chr16	18063755	rs4780657
chr16	18064761	rs4781864
chr16	18068700	rs2251218
chr16	18068976	rs8061491
chr16	18070841	rs739710
chr16	18071186	rs9284326
chr16	18151808	rs2520760
chr16	18162067	rs2471431
chr16	18172490	rs7199186
chr16	18172683	rs2471429
chr16	18173292	rs2547728
chr16	18173653	rs17293471
chr16	18620777	rs28653528
chr16	18737254	rs2641834
chr16	18768514	rs2606432
chr16	18771852	rs7194624
chr16	18788293	rs2641892
chr16	18790261	rs17663059
chr16	18792068	rs1049471
chr16	18793089	rs11540998
chr16	18793415	rs2650628
chr16	18795989	rs2641889
chr16	18796123	rs2606562
chr16	18797081	rs2641888
chr16	18797710	rs7189715
chr16	18801208	rs2650625
chr16	18806640	rs3751745
chr16	18806955	rs2606559
chr16	18811870	rs2291662
chr16	18812285	rs11640850
chr16	18812671	rs8044770
chr16	18816202	rs2291661
chr16	18817605	rs2270505
chr16	18819787	rs8046761
chr16	18828040	rs12445870
chr16	18828466	rs735173
chr16	18831987	rs11649439
chr16	18832362	rs9922815
chr16	18833700	rs11646765
chr16	18835271	rs17663706
chr16	18836094	rs3816919
chr16	18836814	rs17663759
chr16	18840057	rs9635473
chr16	18841496	rs7191057
chr16	18842027	rs2270849
chr16	18842422	rs12926959
chr16	18842553	rs2641810
chr16	18844044	rs12932088
chr16	18844977	rs2650618
chr16	18845791	rs2606545
chr16	18847405	rs2650615
chr16	18848108	rs12926531
chr16	18848659	rs2925508
chr16	18849150	rs12931729
chr16	18849813	rs2650614
chr16	18850013	rs2650613
chr16	18850742	rs17731690
chr16	18851311	rs2650611
chr16	18854256	rs2967204
chr16	18854613	rs17731755
chr16	18855972	rs2967203
chr16	18874932	rs2925515
chr16	18884957	rs13334655
chr16	18898717	rs11866925
chr16	18899356	rs12444081
chr16	18903353	rs9934383
chr16	18909559	rs8044494
chr16	18918507	rs9926931
chr16	18927833	rs4780769
chr16	18933753	rs9934555
chr16	18937444	rs4432257
chr16	18951339	rs7192763
chr16	18954741	rs7193523
chr16	18956052	rs8047908
chr16	18957125	rs6497307
chr16	18959299	rs11074347
chr16	18963197	rs7188683
chr16	18971363	rs4605145
chr16	18971410	rs4493031
chr16	18974379	rs5006896
chr16	18974987	rs6497309
chr16	18976638	rs4589540
chr16	18977837	rs28597816
chr16	18981531	rs7196361
chr16	18983247	rs9924612
chr16	18983603	rs7186386
chr16	18989093	rs12448116
chr16	18999516	rs8056733
chr16	19000075	rs12443988
chr16	19004112	rs4438288
chr16	19005644	rs4444327
chr16	19011126	rs12599856
chr16	19014228	rs7188759
chr16	19014791	rs11649394
chr16	19014889	rs11643915
chr16	19015940	rs4426336
chr16	19017227	rs4265793
chr16	19019306	rs9926513
chr16	19021458	rs7190066
chr16	19021988	rs7195343
chr16	19022670	rs9937539
chr16	19032219	rs7204704
chr16	19033880	rs4258597
chr16	19035638	rs12933286
chr16	19036900	rs4782198
chr16	19038056	rs8043993
chr16	19040198	rs11074355
chr16	19041795	rs9931943
chr16	19042168	rs12918623
chr16	19043343	rs7194710
chr16	19045447	rs12051270
chr16	19049540	rs8062131
chr16	19049626	rs8062000
chr16	19055314	rs11646094
chr16	19055633	rs4782201
chr16	19060592	rs8053779
chr16	19063869	rs4567694
chr16	19064332	rs12922816
chr16	19066874	rs7500550
chr16	19067773	rs4531717
chr16	19068862	rs4630530
chr16	19069336	rs7192898
chr16	19070124	rs11646974
chr16	19071428	rs12935719
chr16	19071713	rs12443533
chr16	19071899	rs4782202
chr16	19072227	rs9673167
chr16	19073976	rs11074359
chr16	19076408	rs11642064
chr16	19082118	rs6497323
chr16	19083763	rs7184530
chr16	19084052	rs12445000
chr16	19086551	rs8051290
chr16	19087002	rs4496124
chr16	19094315	rs4073545
chr16	19097325	rs11864103
chr16	19098670	rs12325570
chr16	19099717	rs11645010
chr16	19100068	rs4605146
chr16	19100834	rs7203124
chr16	19101383	rs9926755
chr16	19103520	rs11645375
chr16	19105471	rs6497324
chr16	19106348	rs4536454
chr16	19106539	rs4567695
chr16	19111421	rs7189195
chr16	19113092	rs12444250
chr16	19113163	rs12444272
chr16	19117453	rs16971597
chr16	19121125	rs3743955
chr16	19121458	rs3743956
chr16	19121842	rs3826249
chr16	19127327	rs4782208
chr16	19131928	rs11074363
chr16	19132495	rs11643885
chr16	19133056	rs7184549
chr16	19134893	rs6497331
chr16	19135956	rs9938775
chr16	19137066	rs4782209
chr16	19137366	rs4238670
chr16	19143200	rs7193785
chr16	19143368	rs10454701
chr16	19143599	rs16971629
chr16	19144694	rs8062326
chr16	19149888	rs1017316
chr16	19156721	rs8049619
chr16	19159095	rs11074369
chr16	19162403	rs4782212
chr16	19167115	rs4782214
chr16	19170542	rs8060055
chr16	19176934	rs9673444
chr16	19176984	rs9673453
chr16	19177981	rs17312221
chr16	19180009	rs7202905
chr16	19180066	rs13336280
chr16	19181405	rs16971672
chr16	19182554	rs13330387
chr16	19182782	rs2059873
chr16	19183808	rs11541511
chr16	19184982	rs10221158
chr16	19185878	rs2239975
chr16	19190065	rs2239977
chr16	19194240	rs7190966
chr16	19195086	rs11639758
chr16	19196204	rs4782216
chr16	19197183	rs916767
chr16	19197247	rs9932538
chr16	19197896	rs1544355
chr16	19198288	rs1544357
chr16	19198353	rs12929451
chr16	19198774	rs7188617
chr16	19199952	rs11649529
chr16	19200609	rs2239979
chr16	19202981	rs229006
chr16	19203015	rs7191687
chr16	19204905	rs229007
chr16	19206822	rs229015
chr16	19211391	rs229018
chr16	19212648	rs229021
chr16	19218340	rs3785349
chr16	19222459	rs12925834
chr16	19222767	rs9652587
chr16	19224859	rs2072076
chr16	19228012	rs17221686
chr16	19229389	rs2352982
chr16	19230990	rs6497336
chr16	19231119	rs2285605
chr16	19231580	rs2269786
chr16	19231754	rs2269787
chr16	19232165	rs916768
chr16	19232265	rs2269790
chr16	19233102	rs6497337
chr16	19234814	rs8054636
chr16	19235202	rs8054408
chr16	19236475	rs12444661
chr16	19238897	rs3785351
chr16	19246941	rs8062263
chr16	19254659	rs724307
chr16	19257515	rs732999
chr16	19259177	rs10852224
chr16	19259298	rs2106671
chr16	19259710	rs8045829
chr16	19261586	rs2269793
chr16	19261785	rs2269794
chr16	19262724	rs6497338
chr16	19265275	rs2023762
chr16	19267303	rs7197580
chr16	19267490	rs12445464
chr16	19268142	rs11343
chr16	19268913	rs8046244
chr16	19269602	rs11074377
chr16	19277113	rs1120042
chr16	19277915	rs2352798
chr16	19280528	rs9926232
chr16	19282086	rs2023767
chr16	19284936	rs7188653
chr16	19285610	rs11644013
chr16	19285897	rs179196
chr16	19287506	rs179198
chr16	19288039	rs6367
chr16	19288349	rs179200
chr16	19291004	rs179204
chr16	19295808	rs179209
chr16	19296310	rs17222822
chr16	19296541	rs16971792
chr16	19297191	rs179210
chr16	19298770	rs1548450
chr16	19302050	rs179219
chr16	19306657	rs179224
chr16	19308227	rs13338270
chr16	19308375	rs179228
chr16	19308826	rs720472
chr16	19308845	rs2078498
chr16	19309138	rs720473
chr16	19313043	rs179234
chr16	19313509	rs179236
chr16	19317543	rs8044531
chr16	19318781	rs8052275
chr16	19318866	rs8051268
chr16	19319140	rs8051503
chr16	19319630	rs978463
chr16	19319816	rs978464
chr16	19319921	rs1023439
chr16	19319979	rs1023440
chr16	19320136	rs1023441
chr16	19320243	rs1023442
chr16	19320372	rs2027818
chr16	19320750	rs4782225
chr16	19324986	rs6497346
chr16	19326385	rs8062115
chr16	19331106	rs8049319
chr16	19333530	rs7185896
chr16	19334145	rs13330097
chr16	19335317	rs1004101
chr16	19338668	rs9930053
chr16	19339217	rs11862829
chr16	19341742	rs916078
chr16	19341759	rs2097266
chr16	19341924	rs762762
chr16	19343129	rs1467895
chr16	19343810	rs738940
chr16	19344023	rs12923744
chr16	19344255	rs11074388
chr16	19344425	rs1467896
chr16	19344683	rs1467897
chr16	19345047	rs9927268
chr16	19346264	rs6497348
chr16	19346449	rs1004928
chr16	19349686	rs12927170
chr16	19354161	rs762763
chr16	19355261	rs10492784
chr16	19357984	rs7193889
chr16	19358225	rs17224504
chr16	19359122	rs17315903
chr16	19359765	rs1894382
chr16	19361735	rs11510264
chr16	19363940	rs7186346
chr16	19363975	rs12443654
chr16	19365177	rs9788899
chr16	19365779	rs7188161
chr16	19366491	rs7194009
chr16	19368759	rs9930193
chr16	19370127	rs2157041
chr16	19371405	rs762765
chr16	19374133	rs7194414
chr16	19377668	rs12928539
chr16	19378454	rs2213282
chr16	19380436	rs4780798
chr16	19381498	rs7188203
chr16	19381530	rs7187735
chr16	19381788	rs4457974
chr16	19381921	rs8049015
chr16	19382509	rs11644537
chr16	19382581	rs11644570
chr16	19386067	rs11643700
chr16	19386621	rs8045821
chr16	19387382	rs7187730
chr16	19391987	rs11863211
chr16	19392572	rs8059797
chr16	19393323	rs4780805
chr16	19395600	rs11640174
chr16	19396796	rs12597979
chr16	19398857	rs11865082
chr16	19399095	rs2227002
chr16	19400481	rs6497362
chr16	19402601	rs1023445
chr16	19402664	rs1023446
chr16	19405190	rs8060092
chr16	19410536	rs11864573
chr16	19411483	rs2285046
chr16	19414073	rs7201592
chr16	19414740	rs9926133
chr16	19415081	rs9926386
chr16	19417528	rs4499218
chr16	19417552	rs6497371
chr16	19424810	rs9888971
chr16	19426090	rs724855
chr16	19427711	rs6497372
chr16	19428121	rs9933588
chr16	19429199	rs2269433
chr16	19435925	rs1894381
chr16	19438961	rs9929533
chr16	19439868	rs727187
chr16	19442951	rs16972008
chr16	19444293	rs4782247
chr16	19444579	rs9925965
chr16	19446997	rs8058400
chr16	19447612	rs13338936
chr16	19449520	rs6497373
chr16	19450069	rs12596845
chr16	19450560	rs16972025
chr16	19451644	rs1557515
chr16	19452723	rs9924242
chr16	19457560	rs7192082
chr16	19458856	rs16972042
chr16	19458922	rs4583227
chr16	19459444	rs7198723
chr16	19460343	rs6497375
chr16	19460378	rs9921076
chr16	19461943	rs12924813
chr16	19467430	rs6497378
chr16	19473409	rs8045799
chr16	19475096	rs7200119
chr16	19479136	rs3743957
chr16	19482701	rs13338968
chr16	19484989	rs8063463
chr16	19490209	rs3830052
chr16	19490345	rs8062507
chr16	19492276	rs1475962
chr16	19494408	rs2245423
chr16	19494429	rs2856608
chr16	19497251	rs2187659
chr16	19498278	rs2256152
chr16	19500944	rs12708624
chr16	19501640	rs916076
chr16	19502819	rs2521795
chr16	19503161	rs7135
chr16	19503778	rs9929386
chr16	19505699	rs9302382
chr16	19510779	rs2074171
chr16	19513549	rs11640077
chr16	19514507	rs12926048
chr16	19515154	rs9925774
chr16	19516031	rs17226664
chr16	19522940	rs9933337
chr16	19523603	rs11646941
chr16	19526920	rs13333955
chr16	19527684	rs11645120
chr16	19528145	rs12446804
chr16	19528536	rs12447418
chr16	19529703	rs12929603
chr16	19531183	rs11649604
chr16	19532988	rs2067655
chr16	19535181	rs11074401
chr16	19536035	rs10492785
chr16	19536181	rs3751821
chr16	19536794	rs7190666
chr16	19536830	rs179050
chr16	19536968	rs7191012
chr16	19540394	rs2285660
chr16	19540450	rs2285661
chr16	19544907	rs11641635
chr16	19547511	rs4238674
chr16	19547727	rs12599884
chr16	19548137	rs7204821
chr16	19554580	rs4782256
chr16	19555157	rs12597762
chr16	19555889	rs2285663
chr16	19558289	rs17227921
chr16	19559042	rs226884
chr16	19563725	rs226881
chr16	19568023	rs2079012
chr16	19569377	rs121235
chr16	19573871	rs7189880
chr16	19573984	rs574869
chr16	19574666	rs7195875
chr16	19575197	rs12925996
chr16	19578674	rs11642738
chr16	19579012	rs11861774
chr16	19579122	rs11866050
chr16	19581408	rs9935995
chr16	19582729	rs6497385
chr16	19582848	rs7190644
chr16	19583771	rs226849
chr16	19584322	rs226851
chr16	19585544	rs11642539
chr16	19588737	rs226870
chr16	19590005	rs226866
chr16	19591108	rs226865
chr16	19591281	rs226864
chr16	19593223	rs1007459
chr16	19594849	rs226861
chr16	19595569	rs11649479
chr16	19595586	rs11649411
chr16	19597473	rs226859
chr16	19599267	rs226858
chr16	19606251	rs16972236
chr16	19607541	rs8061059
chr16	19607629	rs226897
chr16	19608124	rs9924832
chr16	19608422	rs2040638
chr16	19608488	rs2353933
chr16	19609540	rs226898
chr16	19609680	rs226899
chr16	19612689	rs8049383
chr16	19619521	rs11640726
chr16	19626265	rs8056302
chr16	19631662	rs9922571
chr16	19633451	rs6497393
chr16	19634809	rs8046353
chr16	19635419	rs7187941
chr16	19636487	rs16972275
chr16	19639292	rs11642898
chr16	19639929	rs12935562
chr16	19639952	rs2304618
chr16	19642679	rs2304619
chr16	19643449	rs11859061
chr16	19643479	rs11859064
chr16	19650136	rs7192824
chr16	19651947	rs875648
chr16	19652872	rs875649
chr16	19654726	rs9937808
chr16	19655980	rs1545171
chr16	19656610	rs7203033
chr16	19657466	rs16972295
chr16	19659126	rs13336298
chr16	19659342	rs9934689
chr16	19667290	rs17676241
chr16	19668129	rs4597301
chr16	19668714	rs2354582
chr16	19669092	rs957675
chr16	19669224	rs957676
chr16	19671897	rs13332414
chr16	19673070	rs11866218
chr16	19680022	rs1548447
chr16	19680192	rs1548446
chr16	19680261	rs1548445
chr16	19682544	rs11642806
chr16	19687786	rs17676607
chr16	19696874	rs7187976
chr16	19700117	rs2239973
chr16	19700147	rs6497395
chr16	19702560	rs1544352
chr16	19705183	rs739565
chr16	19710193	rs720176
chr16	19711044	rs3829539
chr16	19713808	rs2074037
chr16	19716676	rs4780822
chr16	19724375	rs6497396
chr16	19727958	rs9929860
chr16	19732327	rs1858973
chr16	19732381	rs1858972
chr16	19738729	rs8055485
chr16	19738953	rs8056301
chr16	19744737	rs12920403
chr16	19747685	rs4782279
chr16	19751262	rs9925236
chr16	19751613	rs16951276
chr16	19755807	rs8053136
chr16	19758072	rs6497402
chr16	19758501	rs4782281
chr16	19767253	rs2354584
chr16	19773369	rs1021865
chr16	19781276	rs9931167
chr16	19781689	rs9933567
chr16	19788811	rs6497404
chr16	19788891	rs7191155
chr16	19790801	rs7202881
chr16	19792524	rs8050872
chr16	19796841	rs7185636
chr16	19809372	rs11648129
chr16	19813316	rs950928
chr16	19823100	rs4782286
chr16	19828216	rs8062735
chr16	19830810	rs12149742
chr16	19831413	rs12933291
chr16	19831625	rs1292635
chr16	19836248	rs7199587
chr16	19841492	rs7191421
chr16	19844544	rs757206
chr16	19849983	rs227761
chr16	19853236	rs4782291
chr16	19855699	rs4782294
chr16	19858854	rs3748405
chr16	19860660	rs11865578
chr16	19861207	rs876856
chr16	19862911	rs13330623
chr16	19864770	rs6497415
chr16	19864823	rs6497416
chr16	19865851	rs227760
chr16	19867938	rs6497417
chr16	19870678	rs183452
chr16	19876531	rs7404256
chr16	19878901	rs1690402
chr16	19880984	rs1634673
chr16	19882299	rs1634675
chr16	19882911	rs9935689
chr16	19883165	rs9936083
chr16	19890257	rs9931342
chr16	19890816	rs13330807
chr16	19892076	rs877986
chr16	19892760	rs13333521
chr16	19893761	rs13335003
chr16	19894742	rs9934397
chr16	19905573	rs9941245
chr16	19906488	rs9938501
chr16	19914641	rs7195332
chr16	19917232	rs7188930
chr16	19924067	rs12446632
chr16	19926153	rs12599612
chr16	19929679	rs4780831
chr16	19933041	rs11639988
chr16	19941426	rs6497430
chr16	19943942	rs12103250
chr16	19944146	rs8062489
chr16	19961686	rs11648621
chr16	19962546	rs7187990
chr16	19964085	rs8054079
chr16	19967575	rs12935531
chr16	19968012	rs8046312
chr16	19973105	rs4780833
chr16	19973966	rs4780835
chr16	19974855	rs1858987
chr16	19980862	rs2883661
chr16	19988699	rs11074423
chr16	19988787	rs8045200
chr16	20002471	rs2764771
chr16	20006613	rs2521480
chr16	20007229	rs2521481
chr16	20008219	rs1925485
chr16	20008482	rs1925486
chr16	20016691	rs2521477
chr16	20017676	rs2521478
chr16	20019510	rs2764742
chr16	20021114	rs7191132
chr16	20023096	rs1379578
chr16	20023674	rs1350380
chr16	20029811	rs1031634
chr16	20032008	rs2147865
chr16	20034346	rs727590
chr16	20035608	rs2608171
chr16	20035634	rs9929588
chr16	20039336	rs889203
chr16	20043037	rs2608173
chr16	20043049	rs889201
chr16	20044562	rs2608174
chr16	20045947	rs9923019
chr16	20046475	rs16969473
chr16	20047494	rs1886715
chr16	20048355	rs12926725
chr16	20048741	rs1925500
chr16	20048889	rs1925499
chr16	20051186	rs1886714
chr16	20051557	rs12924533
chr16	20053173	rs2608178
chr16	20055570	rs2764776
chr16	20055957	rs2764778
chr16	20056775	rs7193854
chr16	20056854	rs12447431
chr16	20057392	rs11642361
chr16	20059061	rs2764779
chr16	20059972	rs16969483
chr16	20063173	rs1902815
chr16	20065313	rs12929655
chr16	20065408	rs12933338
chr16	20066338	rs2608181
chr16	20067384	rs2198982
chr16	20067492	rs1925522
chr16	20069558	rs16969515
chr16	20070178	rs1998743
chr16	20071270	rs12933204
chr16	20071968	rs2608182
chr16	20075968	rs2608186
chr16	20076423	rs955969
chr16	20079323	rs10521115
chr16	20081665	rs2764786
chr16	20082732	rs7201408
chr16	20083224	rs12924103
chr16	20087939	rs2764790
chr16	20094876	rs2764754
chr16	20098331	rs11642377
chr16	20106043	rs2355651
chr16	20110968	rs2608200
chr16	20111156	rs2764748
chr16	20114276	rs2608202
chr16	20115652	rs12919130
chr16	20117664	rs7191749
chr16	20119432	rs7199599
chr16	20119643	rs7203498
chr16	20120553	rs9921159
chr16	20121414	rs9923618
chr16	20122982	rs4426354
chr16	20125497	rs12447513
chr16	20126119	rs4780842
chr16	20130043	rs4238574
chr16	20132318	rs1008889
chr16	20132349	rs1008890
chr16	20132769	rs1925518
chr16	20133317	rs1925516
chr16	20133877	rs10775266
chr16	20135969	rs13338820
chr16	20138281	rs12600092
chr16	20140034	rs9925119
chr16	20141328	rs9928153
chr16	20142151	rs4260066
chr16	20143557	rs13332532
chr16	20143624	rs13337143
chr16	20143718	rs4780843
chr16	20144207	rs7500343
chr16	20146837	rs11074431
chr16	20151556	rs7193150
chr16	20157511	rs12447858
chr16	20158315	rs12597061
chr16	20163411	rs4436787
chr16	20166613	rs11074436
chr16	20167268	rs4072617
chr16	20167847	rs4544247
chr16	20179313	rs4368165
chr16	20179928	rs13331339
chr16	20184150	rs7184279
chr16	20190357	rs12185216
chr16	20200100	rs11644598
chr16	20205252	rs6497444
chr16	20205295	rs6497445
chr16	20213193	rs4508424
chr16	20213229	rs9933116
chr16	20213433	rs4548882
chr16	20213583	rs9925900
chr16	20213924	rs9935656
chr16	20214030	rs12447655
chr16	20214121	rs9935840
chr16	20214322	rs9936241
chr16	20220174	rs8059941
chr16	20220513	rs4399544
chr16	20220943	rs4462596
chr16	20225918	rs4780864
chr16	20226352	rs9932649
chr16	20226655	rs10775267
chr16	20226893	rs4539605
chr16	20227264	rs7191955
chr16	20227721	rs9935818
chr16	20230387	rs11074445
chr16	20232855	rs4354950
chr16	20233458	rs9921767
chr16	20235476	rs9927608
chr16	20239374	rs4459549
chr16	20239624	rs4238583
chr16	20241398	rs4238584
chr16	20243553	rs12596903
chr16	20243775	rs4238585
chr16	20243801	rs11074446
chr16	20243836	rs4238586
chr16	20244232	rs11074447
chr16	20245339	rs13338474
chr16	20245717	rs4420537
chr16	20247405	rs8063248
chr16	20247448	rs4578658
chr16	20247516	rs6497453
chr16	20251824	rs8050251
chr16	20254411	rs16969790
chr16	20254851	rs9302384
chr16	20255753	rs4476181
chr16	20255852	rs4328448
chr16	20256734	rs9922144
chr16	20265635	rs7191525
chr16	20266257	rs8050244
chr16	20268642	rs4375665
chr16	20272482	rs7189784
chr16	20272598	rs6497455
chr16	20272710	rs6497456
chr16	20273549	rs8054148
chr16	20274079	rs8055224
chr16	20277475	rs6497465
chr16	20279132	rs8054898
chr16	20285688	rs4620965
chr16	20285816	rs4402575
chr16	20294992	rs4254335
chr16	20296368	rs11639500
chr16	20296871	rs11074450
chr16	20297893	rs4558425
chr16	20300870	rs9933126
chr16	20301028	rs4780280
chr16	20302511	rs4780281
chr16	20303360	rs4238593
chr16	20305808	rs11861392
chr16	20306746	rs12924740
chr16	20308765	rs4078023
chr16	20309347	rs4780877
chr16	20309664	rs4780282
chr16	20310101	rs10852240
chr16	20311117	rs11642182
chr16	20313079	rs11640280
chr16	20315085	rs7188098
chr16	20324003	rs12930599
chr16	20325269	rs8046269
chr16	20326562	rs4632135
chr16	20327288	rs4383154
chr16	20327300	rs4383153
chr16	20327809	rs4643330
chr16	20328595	rs9937721
chr16	20329996	rs7185876
chr16	20331575	rs9935655
chr16	20331769	rs4238595
chr16	20334293	rs1123670
chr16	20339909	rs11859916
chr16	20340615	rs7198000
chr16	20341434	rs9646256
chr16	20341727	rs9928936
chr16	20341805	rs4780884
chr16	20344843	rs11647727
chr16	20346076	rs4506906
chr16	20348509	rs13335818
chr16	20353266	rs4293393
chr16	20354332	rs13333226
chr16	20354903	rs11862974
chr16	20357242	rs4297685
chr16	20358135	rs4408554
chr16	20359488	rs9652588
chr16	20359494	rs9652589
chr16	20359659	rs9929710
chr16	20360650	rs4500734
chr16	20361968	rs4496151
chr16	20364214	rs4321205
chr16	20364227	rs4280249
chr16	20364345	rs4369676
chr16	20365433	rs8054266
chr16	20366914	rs9806840
chr16	20372378	rs4606726
chr16	20374793	rs4522429
chr16	20379915	rs9922672
chr16	20383678	rs12598706
chr16	20384546	rs9936599
chr16	20384586	rs9926996
chr16	20385636	rs9939434
chr16	20389517	rs11864909
chr16	20389647	rs11646919
chr16	20391177	rs11643772
chr16	20392721	rs11641045
chr16	20392775	rs7202952
chr16	20393278	rs4319774
chr16	20395915	rs12920708
chr16	20399166	rs7185940
chr16	20399225	rs9926580
chr16	20399347	rs9928648
chr16	20400568	rs7198626
chr16	20407130	rs6416610
chr16	20408453	rs7187470
chr16	20409485	rs7198481
chr16	20409567	rs7199761
chr16	20409610	rs7199791
chr16	20410234	rs12920537
chr16	20411678	rs9928053
chr16	20414852	rs8044881
chr16	20414915	rs12447998
chr16	20419356	rs7192210
chr16	20422996	rs7194247
chr16	20423940	rs12103211
chr16	20428246	rs11860025
chr16	20428396	rs6497484
chr16	20428853	rs12927344
chr16	20431188	rs35468793
chr16	20435517	rs7498385
chr16	20435638	rs7498473
chr16	20438294	rs11647589
chr16	20441179	rs7197091
chr16	20442599	rs8045136
chr16	20459768	rs6416611
chr16	20465155	rs9923280
chr16	20466152	rs6497490
chr16	20467402	rs9302387
chr16	20471046	rs1827711
chr16	20472639	rs4603548
chr16	20475803	rs1629314
chr16	20476785	rs12598584
chr16	20477047	rs1700804
chr16	20479736	rs1394678
chr16	20488075	rs2214195
chr16	20489127	rs2012461
chr16	20489224	rs7500220
chr16	20501548	rs6497493
chr16	20502400	rs2188760
chr16	20503972	rs7499477
chr16	20504011	rs1974493
chr16	20504316	rs1974492
chr16	20510474	rs8061692
chr16	20511457	rs1155876
chr16	20517284	rs6416614
chr16	20518296	rs6497497
chr16	20518912	rs4783392
chr16	20521721	rs4783390
chr16	20535562	rs7498174
chr16	20535754	rs7498145
chr16	20537012	rs7404298
chr16	20537785	rs28651959
chr16	20540753	rs16970280
chr16	20544152	rs7499306
chr16	20547119	rs9926388
chr16	20549055	rs9922704
chr16	20552222	rs35623745
chr16	20552978	rs8050847
chr16	20553068	rs7499304
chr16	20554263	rs6497501
chr16	20556016	rs12324972
chr16	20556780	rs36042811
chr16	20557521	rs9922093
chr16	20585236	rs8062776
chr16	20599827	rs7498776
chr16	20602668	rs7405412
chr16	20606682	rs7404783
chr16	20607146	rs7198570
chr16	20607580	rs10431893
chr16	20608809	rs7498927
chr16	20609671	rs1496759
chr16	20612366	rs7498582
chr16	20617366	rs9927979
chr16	20618263	rs1112308
chr16	20618604	rs1390818
chr16	20623453	rs3087812
chr16	20624096	rs3743690
chr16	20625492	rs2301672
chr16	20633693	rs163242
chr16	20636322	rs234993
chr16	20636565	rs163238
chr16	20637380	rs151328
chr16	20638723	rs1551568
chr16	20640701	rs163234
chr16	20649005	rs234288
chr16	20650439	rs231921
chr16	20655460	rs163260
chr16	20660853	rs163275
chr16	20661013	rs163274
chr16	20661306	rs163273
chr16	20665848	rs163269
chr16	20668648	rs17688192
chr16	20668830	rs16970500
chr16	20668884	rs433598
chr16	20671032	rs396508
chr16	20671974	rs395501
chr16	20677307	rs234279
chr16	20678493	rs163255
chr16	20681326	rs231933
chr16	20682745	rs7498905
chr16	20683643	rs9930187
chr16	20684049	rs9930784
chr16	20686020	rs12928136
chr16	20699008	rs16970546
chr16	20700184	rs163253
chr16	20711230	rs151221
chr16	20711448	rs4392054
chr16	20712377	rs9927006
chr16	20714525	rs9932874
chr16	20717229	rs3848255
chr16	20719635	rs7189527
chr16	20720651	rs6497516
chr16	20726407	rs1013950
chr16	20729195	rs16970587
chr16	20732150	rs764138
chr16	20734129	rs1058902
chr16	20734999	rs8044864
chr16	20737009	rs11074471
chr16	20748226	rs11642478
chr16	20754621	rs12926853
chr16	20760164	rs2356266
chr16	20762442	rs11645969
chr16	20763597	rs11647477
chr16	20769872	rs1027457
chr16	20770617	rs12918637
chr16	20776448	rs2071524
chr16	20776862	rs886433
chr16	20780184	rs11648370
chr16	20780866	rs5715
chr16	20785186	rs8058758
chr16	20789594	rs7196128
chr16	20790850	rs2301770
chr16	20793161	rs2356269
chr16	20796698	rs1059676
chr16	20797961	rs11648835
chr16	20798745	rs3213646
chr16	20799408	rs7198770
chr16	20799770	rs4783504
chr16	20808173	rs13335485
chr16	20809248	rs757303
chr16	20811745	rs4783506
chr16	20812999	rs2107232
chr16	20813781	rs2040750
chr16	20815180	rs8057137
chr16	20815779	rs2040751
chr16	20816988	rs2245256
chr16	20818232	rs2107233
chr16	20823249	rs1544405
chr16	20826239	rs9928854
chr16	20829275	rs12919860
chr16	20843325	rs11642550
chr16	20845938	rs2269863
chr16	20847607	rs9925428
chr16	20849575	rs6654
chr16	20849750	rs17691515
chr16	20850809	rs7499438
chr16	20851031	rs13336313
chr16	20855141	rs2285834
chr16	20855239	rs2285835
chr16	20856350	rs12926084
chr16	20857767	rs9939304
chr16	20861887	rs9930315
chr16	20862445	rs7187522
chr16	20865468	rs4783509
chr16	20868718	rs2023693
chr16	20869464	rs4140669
chr16	20870440	rs2023694
chr16	20875063	rs11074476
chr16	20877290	rs11643676
chr16	20886346	rs4783510
chr16	20886611	rs17510
chr16	20888301	rs9925275
chr16	20894735	rs9935342
chr16	20898082	rs12325560
chr16	20898893	rs12325670
chr16	20903925	rs2106450
chr16	20904964	rs3815019
chr16	20905435	rs3815020
chr16	20906426	rs2269766
chr16	20911108	rs3743693
chr16	20911302	rs3743694
chr16	20915783	rs8062877
chr16	20917903	rs11864905
chr16	20918280	rs9925327
chr16	20918478	rs2239946
chr16	20919825	rs2285516
chr16	20932502	rs4783513
chr16	20940776	rs11649212
chr16	20942531	rs4783514
chr16	20944238	rs3103821
chr16	20945167	rs2106452
chr16	20948068	rs111171
chr16	20948596	rs2301620
chr16	20949647	rs411045
chr16	20952996	rs12051478
chr16	20954951	rs12924551
chr16	20958712	rs2073949
chr16	20961178	rs2106449
chr16	20963747	rs3743696
chr16	20963981	rs3743697
chr16	20969840	rs12929546
chr16	20971510	rs7189852
chr16	20971569	rs3115435
chr16	20975184	rs3115438
chr16	20979654	rs3115441
chr16	20986592	rs11644828
chr16	20988142	rs4783517
chr16	20996759	rs3115445
chr16	20996914	rs11074479
chr16	20997368	rs3115446
chr16	21002900	rs12148972
chr16	21005948	rs9930730
chr16	21010335	rs3103810
chr16	21012711	rs2172436
chr16	21017875	rs2545886
chr16	21022292	rs13336912
chr16	21022366	rs172958
chr16	21032479	rs16970821
chr16	21034047	rs2112494
chr16	21034753	rs3115432
chr16	21040679	rs330149
chr16	21050387	rs330138
chr16	21051084	rs12102923
chr16	21052626	rs330137
chr16	21053063	rs330136
chr16	21054180	rs858193
chr16	21060083	rs858204
chr16	21060178	rs858205
chr16	21060692	rs858206
chr16	21070158	rs858186
chr16	21074377	rs1862270
chr16	21074392	rs4783519
chr16	21078367	rs16970847
chr16	21078932	rs16970848
chr16	21079970	rs9935770
chr16	21080730	rs11865952
chr16	21083528	rs13337676
chr16	21084049	rs13337927
chr16	21086449	rs13339094
chr16	21089679	rs7190657
chr16	21095155	rs8058903
chr16	21099157	rs2161263
chr16	21099689	rs16970877
chr16	21101951	rs16970881
chr16	21104730	rs11074481
chr16	21104950	rs12599283
chr16	21115939	rs7201222
chr16	21116853	rs4619385
chr16	21120977	rs13330317
chr16	21121017	rs16970914
chr16	21125156	rs7191215
chr16	21134327	rs11074483
chr16	21134336	rs16970950
chr16	21136564	rs3743698
chr16	21136678	rs730260
chr16	21143146	rs4783381
chr16	21143642	rs7198998
chr16	21144222	rs8058582
chr16	21147750	rs12708641
chr16	21147892	rs7191235
chr16	21153899	rs7185682
chr16	21158248	rs741719
chr16	21158916	rs1862268
chr16	21160552	rs7194423
chr16	21161816	rs12386036
chr16	21162619	rs1882708
chr16	21169614	rs1270168
chr16	21172956	rs7192830
chr16	21174063	rs1046480
chr16	21178771	rs8055894
chr16	21179532	rs1063087
chr16	21182766	rs11859731
chr16	21188815	rs760032
chr16	21189631	rs2141997
chr16	21194397	rs7194021
chr16	21195272	rs9922402
chr16	21195809	rs760033
chr16	21196786	rs12446862
chr16	21198685	rs7189430
chr16	21199412	rs16971214
chr16	21199718	rs16971219
chr16	21199957	rs11074489
chr16	21202650	rs17763635
chr16	21202901	rs17696171
chr16	21204712	rs2072620
chr16	21205671	rs2242551
chr16	21205740	rs16971234
chr16	21206625	rs2075518
chr16	21208941	rs9931953
chr16	21209083	rs2283517
chr16	21210003	rs13331814
chr16	21211275	rs2075519
chr16	21211351	rs2075520
chr16	21211620	rs2075521
chr16	21212459	rs3759985
chr16	21213958	rs8064027
chr16	21215430	rs10492787
chr16	21217954	rs4783385
chr16	21218918	rs9935795
chr16	21221683	rs4783387
chr16	21223704	rs4783534
chr16	21224022	rs4783389
chr16	21228760	rs7202904
chr16	21229157	rs741720
chr16	21231056	rs2222941
chr16	21232116	rs1012727
chr16	21232328	rs7202110
chr16	21232629	rs9929374
chr16	21236375	rs8051325
chr16	21238712	rs17764140
chr16	21242914	rs9933675
chr16	21244800	rs2031078
chr16	21248841	rs7195761
chr16	21251576	rs7191909
chr16	21253120	rs8057454
chr16	21261044	rs7194883
chr16	21264419	rs226050
chr16	21267086	rs182710
chr16	21270144	rs226055
chr16	21271434	rs2238478
chr16	21272485	rs8049411
chr16	21273236	rs2629089
chr16	21273960	rs2733910
chr16	21275006	rs9928765
chr16	21275378	rs2733911
chr16	21276189	rs226043
chr16	21276514	rs226040
chr16	21277017	rs226038
chr16	21280370	rs8060552
chr16	21282363	rs7193265
chr16	21283416	rs226035
chr16	21289676	rs8045456
chr16	21291804	rs12446895
chr16	21291817	rs155934
chr16	21292826	rs226046
chr16	21298644	rs16971483
chr16	21300837	rs155931
chr16	21301362	rs226058
chr16	21315952	rs12446322
chr16	21341186	rs161330
chr16	21593859	rs194545
chr16	21594646	rs194546
chr16	21597151	rs194548
chr16	21608949	rs16972760
chr16	21609226	rs226005
chr16	21610925	rs41468646
chr16	21613612	rs226007
chr16	21619377	rs42750
chr16	21619992	rs16972765
chr16	21628001	rs226008
chr16	21628389	rs12923444
chr16	21641399	rs1055740
chr16	21643807	rs2290613
chr16	21646945	rs3091404
chr16	21647068	rs1454373
chr16	21649189	rs3785083
chr16	21652474	rs3091402
chr16	21654576	rs7204169
chr16	21654995	rs3759992
chr16	21655022	rs3759993
chr16	21657961	rs11640226
chr16	21665705	rs11646204
chr16	21666748	rs215897
chr16	21675572	rs11642751
chr16	21675787	rs11074499
chr16	21677423	rs11640609
chr16	21679238	rs12445216
chr16	21680150	rs7194128
chr16	21687628	rs16972658
chr16	21690196	rs150585
chr16	21693999	rs215891
chr16	21699357	rs12325441
chr16	21701422	rs150583
chr16	21708579	rs4783340
chr16	21709693	rs741718
chr16	21712513	rs11643027
chr16	21716808	rs215904
chr16	21717747	rs215903
chr16	21717893	rs215902
chr16	21719128	rs215901
chr16	21719799	rs12920623
chr16	21721515	rs8060224
chr16	21722774	rs215900
chr16	21723096	rs12598177
chr16	21723617	rs4783412
chr16	21725727	rs12448842
chr16	21726093	rs4783414
chr16	21726305	rs8054407
chr16	21726454	rs215899
chr16	21728953	rs8050407
chr16	21775674	rs4783425
chr16	21775795	rs467658
chr16	21936466	rs2968403
chr16	21937801	rs2945466
chr16	21940094	rs4783432
chr16	21945136	rs12920057
chr16	21955548	rs6497563
chr16	21959225	rs2967178
chr16	21964094	rs2945464
chr16	21967976	rs2967157
chr16	21969792	rs7200959
chr16	21973156	rs2967155
chr16	21974165	rs11648723
chr16	21978557	rs12922362
chr16	21983826	rs36049624
chr16	21986230	rs8050019
chr16	21986513	rs4392055
chr16	21987803	rs9934359
chr16	21992025	rs8043580
chr16	22003321	rs4281695
chr16	22005316	rs6497564
chr16	22007524	rs35256986
chr16	22009407	rs4577074
chr16	22014082	rs12599696
chr16	22027936	rs2059226
chr16	22047848	rs12923227
chr16	22052396	rs1017228
chr16	22059275	rs4783438
chr16	22062787	rs9921702
chr16	22068237	rs11649675
chr16	22071566	rs1862648
chr16	22073022	rs9788908
chr16	22083157	rs12923906
chr16	22086417	rs11644214
chr16	22094276	rs10521120
chr16	22105087	rs16972550
chr16	22114449	rs889370
chr16	22124824	rs7191766
chr16	22129721	rs6497573
chr16	22132997	rs1105929
chr16	22141129	rs11862108
chr16	22144308	rs9937453
chr16	22147819	rs7193079
chr16	22149965	rs10521117
chr16	22160341	rs1469111
chr16	22161287	rs929837
chr16	22166935	rs6497575
chr16	22179910	rs2161632
chr16	22181575	rs9930499
chr16	22188403	rs8059561
chr16	22189315	rs715462
chr16	22192627	rs4783439
chr16	22200487	rs12447280
chr16	22208064	rs11643979
chr16	22210165	rs929849
chr16	22212188	rs754290
chr16	22213540	rs2113143
chr16	22215657	rs4783362
chr16	22218774	rs8055917
chr16	22220072	rs868431
chr16	22221105	rs6497580
chr16	22223179	rs7201436
chr16	22225118	rs4783446
chr16	22225797	rs9935059
chr16	22226378	rs9922510
chr16	22228345	rs8057830
chr16	22230112	rs4783448
chr16	22230947	rs4783449
chr16	22239248	rs11074507
chr16	22240551	rs2316458
chr16	22244577	rs2303188
chr16	22244872	rs4783451
chr16	22245956	rs11639903
chr16	22247772	rs11863609
chr16	22250579	rs2303187
chr16	22251193	rs2303186
chr16	22252347	rs4783452
chr16	22255082	rs11074509
chr16	22257205	rs11640501
chr16	22262813	rs11649134
chr16	22270829	rs8059570
chr16	22270914	rs9927408
chr16	22275252	rs7205095
chr16	22278277	rs2873168
chr16	22280121	rs35443873
chr16	22283602	rs11646610
chr16	22284262	rs35099626
chr16	22285165	rs2290829
chr16	22286680	rs13313556
chr16	22298410	rs9927282
chr16	22298554	rs12930464
chr16	22300229	rs9930928
chr16	22300777	rs9889052
chr16	22301542	rs7184510
chr16	22304604	rs8062706
chr16	22306136	rs13338319
chr16	22308196	rs2347
chr16	22318717	rs2926362
chr16	22322763	rs8055349
chr16	22330161	rs12918235
chr16	22330782	rs4275840
chr16	22333870	rs7764
chr16	22348709	rs11864382
chr16	22349064	rs4238735
chr16	22363509	rs8047148
chr16	22365682	rs4468604
chr16	22378940	rs13334621
chr16	22381584	rs9939343
chr16	22412377	rs12446433
chr16	22424490	rs9941010
chr16	22701658	rs154537
chr16	22702291	rs1862657
chr16	22703259	rs11074521
chr16	22707065	rs1423713
chr16	22707617	rs154533
chr16	22708799	rs42683
chr16	22708868	rs1544797
chr16	22709045	rs31966
chr16	22710987	rs12920317
chr16	22712343	rs154532
chr16	22714914	rs9933899
chr16	22719455	rs8045314
chr16	22719662	rs12920706
chr16	22720003	rs12444234
chr16	22721266	rs7199619
chr16	22721568	rs12448451
chr16	22721957	rs12599831
chr16	22724240	rs1862654
chr16	22724382	rs1862655
chr16	22725028	rs9927141
chr16	22725977	rs428570
chr16	22726765	rs685268
chr16	22727362	rs687852
chr16	22728712	rs1862659
chr16	22731594	rs7498697
chr16	22732482	rs154545
chr16	22733970	rs154542
chr16	22735696	rs4783484
chr16	22739394	rs9939346
chr16	22740789	rs7189889
chr16	22743233	rs1319600
chr16	22748026	rs1946274
chr16	22749346	rs889373
chr16	22753262	rs10521122
chr16	22757500	rs1895494
chr16	22759815	rs209446
chr16	22762004	rs11644921
chr16	22762300	rs11645091
chr16	22762865	rs209459
chr16	22763115	rs209460
chr16	22766456	rs209462
chr16	22769271	rs209465
chr16	22772854	rs209457
chr16	22773239	rs150357
chr16	22774844	rs9933656
chr16	22776073	rs1424193
chr16	22777529	rs13335520
chr16	22781807	rs209440
chr16	22782905	rs13332753
chr16	22783408	rs13333993
chr16	22784128	rs9930491
chr16	22784684	rs209441
chr16	22786531	rs724466
chr16	22787674	rs11647526
chr16	22789333	rs209445
chr16	22794988	rs1424194
chr16	22795504	rs4783490
chr16	22795613	rs6497608
chr16	22797384	rs2106783
chr16	22798655	rs8056745
chr16	22801043	rs4123361
chr16	22804672	rs8050676
chr16	22806100	rs150355
chr16	22806911	rs8052835
chr16	22807201	rs8053062
chr16	22808729	rs208944
chr16	22809738	rs150344
chr16	22811090	rs8056826
chr16	22813133	rs2239331
chr16	22813258	rs2239332
chr16	22816196	rs208953
chr16	22817689	rs208954
chr16	22820840	rs4783491
chr16	22824928	rs457812
chr16	22825440	rs12932314
chr16	22828100	rs370740
chr16	22829383	rs169660
chr16	22829534	rs16951783
chr16	22830171	rs2283524
chr16	22833424	rs208961
chr16	22835637	rs209453
chr16	22838620	rs209456
chr16	22839615	rs210090
chr16	22843647	rs208942
chr16	22847682	rs7198577
chr16	22848300	rs208964
chr16	22851014	rs208965
chr16	22852771	rs876008
chr16	22853087	rs2002593
chr16	22855362	rs1989806
chr16	22856317	rs3819564
chr16	22856714	rs208569
chr16	22856866	rs11865465
chr16	22857706	rs7205890
chr16	22859387	rs13336801
chr16	22859991	rs11641723
chr16	22861399	rs41433148
chr16	22863204	rs16973845
chr16	22863607	rs13332627
chr16	22863917	rs7199670
chr16	22863975	rs208570
chr16	22864421	rs16973865
chr16	22864479	rs6497609
chr16	22864720	rs8064157
chr16	22867107	rs9930452
chr16	22868596	rs2283530
chr16	22869021	rs2283531
chr16	22870319	rs8062655
chr16	22872530	rs4459532
chr16	22873982	rs2519975
chr16	22874100	rs2238486
chr16	22876185	rs12597026
chr16	22877865	rs2519974
chr16	22879763	rs916670
chr16	22881586	rs208611
chr16	22881644	rs208610
chr16	22882424	rs9806846
chr16	22884141	rs208608
chr16	22886474	rs2239335
chr16	22890861	rs17780716
chr16	22891699	rs10492789
chr16	22892453	rs208614
chr16	22900427	rs1012004
chr16	22901549	rs2188329
chr16	22903627	rs2247521
chr16	22903825	rs208637
chr16	22903924	rs208636
chr16	22904006	rs208635
chr16	22904468	rs208634
chr16	22904603	rs208633
chr16	22909531	rs2369690
chr16	22911257	rs2106365
chr16	22915635	rs8063925
chr16	22915736	rs8063819
chr16	22915893	rs1054028
chr16	22916566	rs208626
chr16	22917501	rs208625
chr16	22917808	rs12599188
chr16	22918073	rs184080
chr16	22918168	rs1964200
chr16	22918217	rs2015762
chr16	22919708	rs9931159
chr16	22922086	rs8058149
chr16	22924540	rs13331654
chr16	22926277	rs8052267
chr16	22926592	rs4783494
chr16	22926857	rs11865053
chr16	22927919	rs11074528
chr16	22929846	rs2655118
chr16	22931094	rs12448360
chr16	22932516	rs110368
chr16	22933834	rs9926244
chr16	22934670	rs208620
chr16	22936731	rs7206526
chr16	22937181	rs768349
chr16	22937258	rs1394121
chr16	22938931	rs1532781
chr16	22941565	rs4783371
chr16	22943850	rs1354383
chr16	22944655	rs208568
chr16	22947363	rs1503949
chr16	22947828	rs208572
chr16	22950802	rs1118217
chr16	22950978	rs2519985
chr16	22951281	rs16974689
chr16	22951517	rs2655113
chr16	22956842	rs7197867
chr16	22957104	rs16974808
chr16	22961577	rs24656
chr16	22965817	rs208591
chr16	22967200	rs74990
chr16	22971289	rs208581
chr16	22972329	rs208578
chr16	22972534	rs208577
chr16	22978086	rs8055169
chr16	22981215	rs4783498
chr16	22982108	rs6497616
chr16	22984214	rs972911
chr16	22984225	rs972910
chr16	22984905	rs16975227
chr16	22985743	rs974576
chr16	22986109	rs4783500
chr16	22988310	rs8063645
chr16	22993494	rs9921271
chr16	22993770	rs16975343
chr16	22995469	rs7500049
chr16	22997207	rs2369535
chr16	22997281	rs6497618
chr16	22997944	rs756803
chr16	22998253	rs756802
chr16	22998456	rs10459775
chr16	22998510	rs10459777
chr16	22999600	rs8059028
chr16	22999812	rs8059261
chr16	23000158	rs4783501
chr16	23001255	rs8045580
chr16	23002234	rs9788864
chr16	23002714	rs9788794
chr16	23002804	rs12708646
chr16	23002824	rs12919262
chr16	23002854	rs9332413
chr16	23002929	rs12708647
chr16	23005217	rs7498859
chr16	23005533	rs17727793
chr16	23005546	rs8063287
chr16	23006009	rs2369534
chr16	23011266	rs7193910
chr16	23011917	rs2269759
chr16	23012745	rs6497619
chr16	23012775	rs6497620
chr16	23013367	rs7405431
chr16	23015881	rs11074535
chr16	23017207	rs4783503
chr16	23022985	rs7204783
chr16	23024727	rs17728207
chr16	23026534	rs880989
chr16	23027754	rs8061150
chr16	23029284	rs8047304
chr16	23032699	rs6497628
chr16	23034258	rs7500011
chr16	23034533	rs4968021
chr16	23038694	rs1011462
chr16	23039546	rs11647334
chr16	23039705	rs16975803
chr16	23041014	rs6497635
chr16	23041176	rs11649139
chr16	23050309	rs8045190
chr16	23050918	rs10492791
chr16	23051360	rs6497643
chr16	23052545	rs7203677
chr16	23056081	rs17796052
chr16	23060611	rs11074541
chr16	23060784	rs17796129
chr16	23061512	rs9564
chr16	23063110	rs4968044
chr16	23064368	rs2010
chr16	23064971	rs3812997
chr16	23065089	rs10492790
chr16	23066030	rs1045195
chr16	23067068	rs4968046
chr16	23068032	rs8047644
chr16	23069313	rs10083789
chr16	23073571	rs2285393
chr16	23074311	rs13333342
chr16	23079657	rs11647067
chr16	23081120	rs886038
chr16	23082707	rs9935118
chr16	23084165	rs17796716
chr16	23087101	rs13339649
chr16	23087370	rs17740356
chr16	23087906	rs3812995
chr16	23100495	rs4967969
chr16	23101469	rs7188920
chr16	23103528	rs2369524
chr16	23104063	rs1858799
chr16	23106385	rs17740615
chr16	23109486	rs8064059
chr16	23113297	rs7204492
chr16	23116246	rs1029364
chr16	23121072	rs6497650
chr16	23121224	rs6497651
chr16	23122404	rs4967974
chr16	23124454	rs17797149
chr16	23125472	rs6497654
chr16	23132555	rs2269738
chr16	23133036	rs2106246
chr16	23138635	rs12444194
chr16	23142659	rs720787
chr16	23142934	rs720786
chr16	23145653	rs12920667
chr16	23148506	rs4967978
chr16	23152133	rs7404739
chr16	23158922	rs8063962
chr16	23160136	rs12447053
chr16	23161729	rs17740896
chr16	23166445	rs4480807
chr16	23166621	rs2106247
chr16	23175696	rs7202243
chr16	23179929	rs4421986
chr16	23181435	rs9931080
chr16	23182216	rs7404738
chr16	23184325	rs4073930
chr16	23184396	rs4073931
chr16	23184672	rs4073291
chr16	23185417	rs7404408
chr16	23187923	rs4967948
chr16	23189527	rs5735
chr16	23189642	rs5738
chr16	23189777	rs6497657
chr16	23193677	rs4302034
chr16	23194324	rs13306665
chr16	23196796	rs13331086
chr16	23203022	rs4967990
chr16	23207889	rs4486893
chr16	23209862	rs5740
chr16	23209917	rs4281710
chr16	23210058	rs4499238
chr16	23211303	rs11643449
chr16	23211941	rs9941215
chr16	23213095	rs13306653
chr16	23213196	rs13306654
chr16	23213720	rs4297681
chr16	23214663	rs11643517
chr16	23215705	rs5726
chr16	23216041	rs5728
chr16	23216128	rs9922851
chr16	23217214	rs9930846
chr16	23223333	rs4577093
chr16	23226160	rs4511539
chr16	23228587	rs4357942
chr16	23235848	rs9929328
chr16	23241185	rs7204325
chr16	23248596	rs4967994
chr16	23248675	rs4967951
chr16	23248897	rs41362849
chr16	23258635	rs9302403
chr16	23258971	rs9939129
chr16	23260334	rs9921988
chr16	23260675	rs16939978
chr16	23262383	rs17199565
chr16	23262387	rs7203421
chr16	23262743	rs7184346
chr16	23269875	rs7195627
chr16	23278518	rs9931113
chr16	23279488	rs756813
chr16	23280852	rs1557670
chr16	23282443	rs7194630
chr16	23284653	rs11648589
chr16	23287406	rs16939996
chr16	23288439	rs9888818
chr16	23296594	rs2887481
chr16	23303530	rs1004749
chr16	23309459	rs3785368
chr16	23312705	rs11074555
chr16	23313528	rs7205273
chr16	23320422	rs12162045
chr16	23324745	rs17841809
chr16	23325044	rs17256755
chr16	23328766	rs16951785
chr16	23333247	rs17256769
chr16	23334385	rs10492792
chr16	23335983	rs7190829
chr16	23336930	rs8055868
chr16	23338347	rs7204560
chr16	23339348	rs12447134
chr16	23341527	rs239349
chr16	23348878	rs238547
chr16	23350509	rs8044970
chr16	23350532	rs8044984
chr16	23351357	rs152733
chr16	23352760	rs63982
chr16	23355101	rs152745
chr16	23362687	rs13333685
chr16	23364428	rs152734
chr16	23364600	rs238551
chr16	23366967	rs17199599
chr16	23367958	rs250563
chr16	23368158	rs239350
chr16	23370593	rs889299
chr16	23373936	rs12596831
chr16	23376072	rs12446463
chr16	23376214	rs4967999
chr16	23379535	rs9806917
chr16	23379693	rs4968000
chr16	23383078	rs250567
chr16	23385792	rs181835
chr16	23387991	rs36064924
chr16	23388873	rs250587
chr16	23389755	rs250585
chr16	23391926	rs729080
chr16	23392189	rs250583
chr16	23392423	rs8057712
chr16	23398119	rs16940094
chr16	23399077	rs631022
chr16	23399098	rs499812
chr16	23399211	rs7187919
chr16	23400516	rs250581
chr16	23400989	rs30017
chr16	23401576	rs30016
chr16	23402453	rs30015
chr16	23409622	rs30012
chr16	23413878	rs4967954
chr16	23415789	rs250578
chr16	23416737	rs250577
chr16	23428676	rs11861636
chr16	23432947	rs250555
chr16	23441900	rs9929545
chr16	23445257	rs540719
chr16	23446262	rs3096175
chr16	23447164	rs430208
chr16	23450433	rs428438
chr16	23451318	rs375237
chr16	23454714	rs531805
chr16	23459885	rs4968004
chr16	23463343	rs369856
chr16	23463819	rs488131
chr16	23467214	rs4968005
chr16	23472032	rs7204714
chr16	23476710	rs4968006
chr16	23479032	rs4968008
chr16	23485025	rs2369013
chr16	23488379	rs11074562
chr16	23489237	rs4968011
chr16	23490828	rs7190131
chr16	23492720	rs7202661
chr16	23492927	rs7203580
chr16	23493672	rs2239951
chr16	23495619	rs722069
chr16	23499005	rs2040574
chr16	23500051	rs9302410
chr16	23501271	rs4968013
chr16	23501754	rs8061917
chr16	23503204	rs9927961
chr16	23505979	rs867131
chr16	23508665	rs3785408
chr16	23509745	rs727238
chr16	23512024	rs2097662
chr16	23512554	rs4968014
chr16	23516802	rs4967958
chr16	23518768	rs4968016
chr16	23522215	rs13334957
chr16	23522777	rs9707
chr16	23524359	rs1468138
chr16	23525045	rs6497670
chr16	23525363	rs6497671
chr16	23528916	rs11642434
chr16	23529902	rs2072061
chr16	23531810	rs4968018
chr16	23534157	rs7186974
chr16	23534390	rs6497673
chr16	23535761	rs7186519
chr16	23536123	rs7342698
chr16	23537480	rs7199108
chr16	23545240	rs11642395
chr16	23545588	rs11643602
chr16	23547430	rs1557686
chr16	23549450	rs717998
chr16	23552180	rs7187920
chr16	23554909	rs9940027
chr16	23557571	rs2234428
chr16	23558583	rs916697
chr16	23559425	rs7199641
chr16	23560051	rs7205366
chr16	23561785	rs9924599
chr16	23564368	rs2269767
chr16	23565946	rs152458
chr16	23566309	rs12447847
chr16	23567113	rs2234433
chr16	23570121	rs9932522
chr16	23570357	rs152457
chr16	23570832	rs1610
chr16	23571519	rs3803720
chr16	23571790	rs152454
chr16	23573040	rs8046838
chr16	23575886	rs11643613
chr16	23577645	rs1016586
chr16	23578665	rs120962
chr16	23590214	rs426745
chr16	23593711	rs240745
chr16	23594952	rs380618
chr16	23595574	rs240744
chr16	23595758	rs3760109
chr16	23596571	rs460186
chr16	23596749	rs120963
chr16	23597550	rs465017
chr16	23597561	rs463399
chr16	23598069	rs442764
chr16	23601399	rs3096146
chr16	23605893	rs414000
chr16	23608348	rs249932
chr16	23617186	rs425629
chr16	23618750	rs13330119
chr16	23622705	rs420259
chr16	23628256	rs249955
chr16	23629146	rs249954
chr16	23633265	rs16940342
chr16	23633417	rs249941
chr16	23641699	rs8058061
chr16	23650966	rs7201848
chr16	23651475	rs8043812
chr16	23655236	rs249869
chr16	23657969	rs17806253
chr16	23659276	rs34514
chr16	23662821	rs16940361
chr16	23665685	rs35586
chr16	23665790	rs35585
chr16	23666998	rs16940386
chr16	23667527	rs17806470
chr16	23668965	rs26760
chr16	23669844	rs7588
chr16	23673796	rs7190264
chr16	23680269	rs8054430
chr16	23681084	rs40076
chr16	23682449	rs35635
chr16	23688738	rs2230914
chr16	23690137	rs2230915
chr16	23692684	rs35633
chr16	23697705	rs7500128
chr16	23699342	rs16972827
chr16	23700862	rs26763
chr16	23701127	rs26762
chr16	23701582	rs35631
chr16	23702074	rs8058610
chr16	23710280	rs4967959
chr16	23713432	rs3809682
chr16	23714400	rs17807642
chr16	23719865	rs9745514
chr16	23720685	rs13332138
chr16	23726358	rs187406
chr16	23727034	rs246334
chr16	23728667	rs192188
chr16	23730139	rs246330
chr16	23736928	rs9921283
chr16	23740002	rs8064199
chr16	23740325	rs8045506
chr16	23740386	rs4967960
chr16	23742273	rs12447763
chr16	23742877	rs13338358
chr16	23743240	rs780169
chr16	23746076	rs12928296
chr16	23746279	rs7190651
chr16	23746983	rs4462591
chr16	23754252	rs152042
chr16	23754453	rs4968031
chr16	23757389	rs109592
chr16	23757406	rs194821
chr16	23762743	rs194802
chr16	23764219	rs168970
chr16	23764776	rs187749
chr16	23771418	rs12924826
chr16	23771680	rs9935512
chr16	23774083	rs12918181
chr16	23779941	rs181983
chr16	23780836	rs194790
chr16	23784602	rs2520016
chr16	23786091	rs11642116
chr16	23792563	rs194811
chr16	23793635	rs194809
chr16	23797919	rs4968041
chr16	23799047	rs7200013
chr16	23803829	rs11074578
chr16	23807181	rs2520027
chr16	23809102	rs187747
chr16	23810856	rs17752150
chr16	23811027	rs194792
chr16	23813564	rs11649174
chr16	23815096	rs4047243
chr16	23821145	rs12708652
chr16	23821750	rs9927848
chr16	23826492	rs12149204
chr16	23832190	rs12708653
chr16	23835144	rs11862661
chr16	23837714	rs2188358
chr16	23842539	rs7200798
chr16	23843107	rs2188360
chr16	23853110	rs7403970
chr16	23853269	rs7404095
chr16	23853403	rs7404005
chr16	23854211	rs2106375
chr16	23854902	rs8056879
chr16	23855336	rs3785404
chr16	23855592	rs11074583
chr16	23856391	rs2188354
chr16	23856455	rs2188355
chr16	23858196	rs10852256
chr16	23865908	rs3826260
chr16	23866168	rs3826259
chr16	23866798	rs8044722
chr16	23869552	rs12931116
chr16	23870723	rs8047317
chr16	23871227	rs1468130
chr16	23874519	rs11645672
chr16	23876862	rs9940072
chr16	23877519	rs7404928
chr16	23878740	rs8063132
chr16	23879367	rs4307954
chr16	23879414	rs4592664
chr16	23885738	rs9924860
chr16	23888288	rs16972944
chr16	23890055	rs16972959
chr16	23891835	rs3785396
chr16	23892142	rs2878156
chr16	23892629	rs732798
chr16	23894467	rs17753569
chr16	23895335	rs12103094
chr16	23898631	rs9922316
chr16	23898664	rs11644907
chr16	23900444	rs16972972
chr16	23900815	rs10775269
chr16	23902072	rs12934904
chr16	23910143	rs6497703
chr16	23912185	rs1858871
chr16	23913246	rs6497704
chr16	23913813	rs8051034
chr16	23915153	rs3785394
chr16	23921912	rs10221006
chr16	23923815	rs11645314
chr16	23928117	rs12932420
chr16	23933162	rs3785392
chr16	23933298	rs8051531
chr16	23933391	rs8051700
chr16	23935064	rs195990
chr16	23938591	rs8053880
chr16	23938864	rs8055831
chr16	23939785	rs7202347
chr16	23942807	rs17810486
chr16	23943189	rs195996
chr16	23945644	rs195999
chr16	23946696	rs13335554
chr16	23947650	rs7196543
chr16	23948099	rs1989647
chr16	23951916	rs196002
chr16	23952683	rs9940479
chr16	23952771	rs120908
chr16	23954765	rs196004
chr16	23959356	rs1873423
chr16	23962050	rs11074594
chr16	23964030	rs7198418
chr16	23964972	rs4238948
chr16	23965528	rs16973032
chr16	23965670	rs196008
chr16	23968041	rs8048821
chr16	23972935	rs2340988
chr16	23975899	rs2560402
chr16	23977368	rs196012
chr16	23979585	rs120909
chr16	23984854	rs4788103
chr16	23986667	rs7197785
chr16	23991517	rs916677
chr16	23992412	rs7186193
chr16	23995466	rs4788192
chr16	23999846	rs11860367
chr16	24002203	rs7192816
chr16	24002766	rs11859534
chr16	24003156	rs11074597
chr16	24003290	rs11074598
chr16	24003745	rs1490754
chr16	24004780	rs10492795
chr16	24005851	rs7206758
chr16	24006313	rs195992
chr16	24006614	rs9938849
chr16	24007542	rs4788423
chr16	24007891	rs8055243
chr16	24010689	rs16973090
chr16	24012076	rs17811655
chr16	24012305	rs8058737
chr16	24012706	rs8063762
chr16	24012987	rs4788426
chr16	24013871	rs7191360
chr16	24015796	rs9923977
chr16	24018453	rs8054767
chr16	24018841	rs11865731
chr16	24018851	rs17755585
chr16	24019008	rs16973144
chr16	24022324	rs7199551
chr16	24024114	rs7188812
chr16	24026795	rs9925126
chr16	24027587	rs12445528
chr16	24027692	rs7202459
chr16	24031403	rs9302421
chr16	24035247	rs3785383
chr16	24038367	rs2046892
chr16	24039918	rs4787664
chr16	24042370	rs11074601
chr16	24045565	rs4787676
chr16	24048974	rs17812348
chr16	24050128	rs1976194
chr16	24056887	rs7196303
chr16	24056993	rs10852259
chr16	24057743	rs12448514
chr16	24059080	rs16973180
chr16	24060160	rs7193148
chr16	24069143	rs7195728
chr16	24069899	rs16973189
chr16	24070728	rs9929918
chr16	24073047	rs9935777
chr16	24074203	rs11648535
chr16	24075540	rs9923820
chr16	24077107	rs12930629
chr16	24087206	rs6497721
chr16	24090267	rs2636957
chr16	24091241	rs2560406
chr16	24091443	rs8058538
chr16	24092656	rs9928102
chr16	24093007	rs880824
chr16	24094348	rs7196765
chr16	24104165	rs405322
chr16	24104501	rs392715
chr16	24106156	rs2470688
chr16	24112863	rs11646540
chr16	24117044	rs174828
chr16	24118133	rs198199
chr16	24118864	rs9937112
chr16	24119449	rs2283540
chr16	24120609	rs169142
chr16	24121064	rs198182
chr16	24121248	rs11074606
chr16	24122156	rs198183
chr16	24123000	rs9939028
chr16	24123791	rs1013316
chr16	24124540	rs2283542
chr16	24124847	rs198186
chr16	24124880	rs198188
chr16	24126127	rs169143
chr16	24126898	rs198190
chr16	24130875	rs2238490
chr16	24130986	rs432854
chr16	24137486	rs198201
chr16	24137720	rs198202
chr16	24137816	rs16973277
chr16	24140299	rs403018
chr16	24140416	rs388119
chr16	24141146	rs381901
chr16	24145625	rs2238493
chr16	24145849	rs400066
chr16	24150883	rs449072
chr16	24152967	rs408882
chr16	24153403	rs373634
chr16	24154809	rs432998
chr16	24161628	rs1126289
chr16	24166812	rs198207
chr16	24167921	rs2283548
chr16	24172890	rs198162
chr16	24173123	rs198163
chr16	24175240	rs11649514
chr16	24179191	rs4620959
chr16	24185861	rs2239344
chr16	24186199	rs2078834
chr16	24189263	rs198143
chr16	24191137	rs3729904
chr16	24191294	rs198145
chr16	24193779	rs562870
chr16	24196188	rs1548384
chr16	24197167	rs2283549
chr16	24201236	rs7205275
chr16	24202266	rs12445719
chr16	24203631	rs10492797
chr16	24203928	rs174827
chr16	24206713	rs1034600
chr16	24209303	rs198178
chr16	24210437	rs10852263
chr16	24212282	rs8056197
chr16	24215419	rs3785380
chr16	24215704	rs3785378
chr16	24218488	rs2239338
chr16	24219359	rs2239340
chr16	24219927	rs3729908
chr16	24226538	rs198156
chr16	24228082	rs183203
chr16	24231071	rs9935276
chr16	24235710	rs198174
chr16	24237228	rs198175
chr16	24237722	rs675990
chr16	24239284	rs427032
chr16	24239846	rs12444655
chr16	24239909	rs9925433
chr16	24243631	rs447292
chr16	24245911	rs2022174
chr16	24249844	rs12149348
chr16	24253217	rs4787924
chr16	24254090	rs3760105
chr16	24255283	rs1494550
chr16	24255463	rs1494551
chr16	24255988	rs11646957
chr16	24258337	rs2299671
chr16	24259738	rs2238498
chr16	24260736	rs11860647
chr16	24263070	rs9940796
chr16	24266318	rs17759268
chr16	24271278	rs2238499
chr16	24273887	rs2238500
chr16	24276057	rs9922364
chr16	24276371	rs11646923
chr16	24277431	rs2238504
chr16	24279641	rs991910
chr16	24281517	rs2247011
chr16	24281964	rs2283551
chr16	24283998	rs9926562
chr16	24284195	rs11865135
chr16	24284862	rs2238505
chr16	24286361	rs9929149
chr16	24287211	rs2341934
chr16	24290380	rs17759710
chr16	24292253	rs11640935
chr16	24294784	rs2238507
chr16	24294849	rs2238508
chr16	24294874	rs2238509
chr16	24295274	rs13335304
chr16	24296075	rs8052039
chr16	24296648	rs916891
chr16	24297504	rs9652580
chr16	24297787	rs1557809
chr16	24298635	rs1557810
chr16	24298668	rs1557811
chr16	24298779	rs2158245
chr16	24298961	rs2107118
chr16	24299561	rs12598144
chr16	24301447	rs7204986
chr16	24302075	rs13337712
chr16	24302332	rs12599474
chr16	24304243	rs7200040
chr16	24308373	rs757200
chr16	24309119	rs9921785
chr16	24309429	rs13331169
chr16	24309445	rs4787981
chr16	24309620	rs1859201
chr16	24309866	rs2238510
chr16	24310116	rs13331584
chr16	24311046	rs7187560
chr16	24311909	rs11644102
chr16	24314927	rs6497733
chr16	24315218	rs2238511
chr16	24318774	rs4787985
chr16	24320113	rs16973528
chr16	24320972	rs4787992
chr16	24321669	rs11074615
chr16	24322207	rs8051597
chr16	24324351	rs1859204
chr16	24326788	rs12596171
chr16	24328385	rs2238516
chr16	24328612	rs2238517
chr16	24329370	rs11074616
chr16	24330091	rs2189292
chr16	24331210	rs12149602
chr16	24334011	rs4788012
chr16	24334440	rs12444564
chr16	24335558	rs11648329
chr16	24337270	rs2238521
chr16	24340654	rs17828058
chr16	24341750	rs7184217
chr16	24344929	rs11866165
chr16	24345212	rs2189290
chr16	24346662	rs9929254
chr16	24346923	rs9929236
chr16	24348112	rs8048828
chr16	24353659	rs2283556
chr16	24354245	rs2283557
chr16	24355650	rs1076217
chr16	24357755	rs960350
chr16	24361836	rs12928078
chr16	24362582	rs11648890
chr16	24364481	rs11860503
chr16	24368506	rs17761044
chr16	24368662	rs11074618
chr16	24373298	rs11645709
chr16	24373390	rs9935277
chr16	24374217	rs9936233
chr16	24383130	rs985729
chr16	24383414	rs985730
chr16	24386017	rs7185145
chr16	24388597	rs11646074
chr16	24388762	rs11641334
chr16	24395159	rs12918481
chr16	24400978	rs11645623
chr16	24406215	rs1000014
chr16	24408838	rs7195312
chr16	24409025	rs11649670
chr16	24409218	rs11644846
chr16	24409632	rs1008283
chr16	24413066	rs7199880
chr16	24414639	rs12929236
chr16	24416542	rs6497739
chr16	24418506	rs7194259
chr16	24420144	rs8058859
chr16	24422021	rs7191803
chr16	24423966	rs2057709
chr16	24428725	rs1267577
chr16	24431786	rs986842
chr16	24432268	rs7198466
chr16	24432998	rs7205796
chr16	24435212	rs8053668
chr16	24435480	rs1267585
chr16	24438406	rs11074621
chr16	24441729	rs7204959
chr16	24442382	rs7184846
chr16	24443181	rs12920924
chr16	24443714	rs7194872
chr16	24444452	rs11642949
chr16	24445516	rs8054383
chr16	24450886	rs4788105
chr16	24451234	rs9930580
chr16	24451275	rs980506
chr16	24452238	rs1895453
chr16	24452839	rs10444992
chr16	24454360	rs1364003
chr16	24454378	rs1364002
chr16	24458619	rs11647944
chr16	24459392	rs8061169
chr16	24462667	rs199342
chr16	24463755	rs271008
chr16	24466084	rs271005
chr16	24466867	rs9934989
chr16	24472143	rs9929255
chr16	24475045	rs271011
chr16	24477176	rs271015
chr16	24483876	rs1965079
chr16	24483994	rs8061065
chr16	24485356	rs2560917
chr16	24486138	rs2548682
chr16	24486861	rs2548680
chr16	24488227	rs12935466
chr16	24490126	rs2560909
chr16	24495818	rs890845
chr16	24495835	rs890846
chr16	24496796	rs11649538
chr16	24496978	rs17761993
chr16	24499837	rs9929303
chr16	24500470	rs8055948
chr16	24500540	rs8055981
chr16	24507296	rs9934614
chr16	24510727	rs16973718
chr16	24516229	rs2880486
chr16	24520397	rs11643520
chr16	24521334	rs3848388
chr16	24522378	rs12596523
chr16	24524908	rs16973728
chr16	24526465	rs16973746
chr16	24527292	rs8046339
chr16	24528472	rs17767765
chr16	24529416	rs17767801
chr16	24536104	rs12051088
chr16	24537116	rs12596694
chr16	24538496	rs28361950
chr16	24538748	rs16973781
chr16	24544307	rs13331621
chr16	24545496	rs9929910
chr16	24545850	rs9939968
chr16	24546950	rs16973822
chr16	24548553	rs8049497
chr16	24549672	rs12051373
chr16	24551598	rs1991474
chr16	24553800	rs9937985
chr16	24553938	rs10521126
chr16	24554750	rs3809681
chr16	24555999	rs7202501
chr16	24559436	rs3815906
chr16	24565649	rs11642048
chr16	24566199	rs2033214
chr16	24566445	rs11860248
chr16	24567137	rs7195386
chr16	24568076	rs7201851
chr16	24572085	rs7593
chr16	24576962	rs9933544
chr16	24578078	rs13332653
chr16	24581304	rs11641483
chr16	24585695	rs8059655
chr16	24585849	rs7201962
chr16	24589347	rs6497742
chr16	24590345	rs7342689
chr16	24597887	rs11074634
chr16	24603184	rs8047641
chr16	24603421	rs8047029
chr16	24610027	rs17831015
chr16	24610250	rs11639980
chr16	24611396	rs2033219
chr16	24612885	rs6497746
chr16	24613883	rs12921370
chr16	24617592	rs12933469
chr16	24619617	rs17831104
chr16	24622903	rs17769183
chr16	24624684	rs9929030
chr16	24627315	rs16973891
chr16	24629214	rs12447908
chr16	24631050	rs4787646
chr16	24635719	rs13336995
chr16	24639138	rs4788419
chr16	24643587	rs7190684
chr16	24643944	rs7191307
chr16	24647531	rs1089664
chr16	24651013	rs28788875
chr16	24655385	rs802764
chr16	24655778	rs8058098
chr16	24656930	rs802761
chr16	24659232	rs802758
chr16	24659438	rs802757
chr16	24662577	rs12103149
chr16	24662818	rs8058135
chr16	24669118	rs16973907
chr16	24675327	rs11074645
chr16	24677140	rs6497748
chr16	24678964	rs7189258
chr16	24682191	rs12927275
chr16	24684019	rs7198632
chr16	24687582	rs8049014
chr16	24689165	rs11859202
chr16	24693097	rs9922232
chr16	24695055	rs9927773
chr16	24699369	rs6497753
chr16	24699998	rs8048559
chr16	24700643	rs9929676
chr16	24700847	rs9929630
chr16	24701168	rs9302425
chr16	24701678	rs11863729
chr16	24701783	rs11863676
chr16	24703358	rs7185291
chr16	24704332	rs9302427
chr16	24705027	rs8056132
chr16	24708666	rs7188960
chr16	24711458	rs7203291
chr16	24714750	rs13336226
chr16	24717462	rs2343354
chr16	24718089	rs11861839
chr16	24718450	rs766181
chr16	24726420	rs189919
chr16	24730365	rs7202252
chr16	24732336	rs2547033
chr16	24734945	rs16973953
chr16	24737882	rs200536
chr16	24745128	rs172066
chr16	24747810	rs200528
chr16	24756253	rs11862971
chr16	24759535	rs11642302
chr16	24760826	rs11862527
chr16	24761241	rs9930029
chr16	24765189	rs12598296
chr16	24767088	rs11074651
chr16	24771032	rs8050047
chr16	24775874	rs6497755
chr16	24781732	rs4788430
chr16	24782420	rs2343606
chr16	24790416	rs6497759
chr16	24790658	rs13336754
chr16	24791004	rs3803716
chr16	24791921	rs874484
chr16	24795844	rs1030211
chr16	24799360	rs17177078
chr16	24801191	rs2112783
chr16	24805171	rs2059134
chr16	24806184	rs12596320
chr16	24807595	rs4788432
chr16	24808485	rs11647120
chr16	24817857	rs10521128
chr16	24818404	rs2287785
chr16	24820406	rs2287783
chr16	24822912	rs2303085
chr16	24823847	rs2303083
chr16	24826559	rs8058453
chr16	24827176	rs12930727
chr16	24829297	rs12598795
chr16	24833082	rs12923918
chr16	24837342	rs2343605
chr16	24841794	rs7195553
chr16	24844625	rs1363746
chr16	24845454	rs1862450
chr16	24850406	rs8051275
chr16	24850606	rs8054332
chr16	24852386	rs274115
chr16	24854104	rs1549238
chr16	24854853	rs8057788
chr16	24861093	rs8062004
chr16	24864824	rs274103
chr16	24867635	rs274108
chr16	24869831	rs11866271
chr16	24871852	rs2547039
chr16	24871901	rs2667744
chr16	24871912	rs2547038
chr16	24872434	rs2547036
chr16	24876794	rs274073
chr16	24876821	rs8051759
chr16	24877133	rs274074
chr16	24877272	rs8052587
chr16	24877325	rs11074656
chr16	24882356	rs1011078
chr16	24882447	rs2667755
chr16	24887267	rs17178242
chr16	24887651	rs274068
chr16	24889972	rs274077
chr16	24890634	rs274079
chr16	24891113	rs274082
chr16	24897543	rs274088
chr16	24899156	rs274094
chr16	24900551	rs274098
chr16	24904674	rs13338696
chr16	24906376	rs13339160
chr16	24906727	rs17772929
chr16	24910624	rs17178990
chr16	24913103	rs4788437
chr16	24918154	rs11647538
chr16	24919227	rs28540434
chr16	24920477	rs4788439
chr16	24932825	rs1106576
chr16	24942223	rs16974228
chr16	24943402	rs3815951
chr16	24943862	rs17624477
chr16	24946562	rs8050966
chr16	24946714	rs4787656
chr16	24950248	rs16974249
chr16	24952718	rs4787658
chr16	24953197	rs8045868
chr16	24953395	rs8045281
chr16	24955202	rs7199435
chr16	24956893	rs9936752
chr16	24957064	rs9936902
chr16	24963105	rs1035946
chr16	24965820	rs4238911
chr16	24968189	rs8050089
chr16	24968868	rs12103073
chr16	24973273	rs6497764
chr16	24973501	rs7205696
chr16	24986348	rs6497765
chr16	24991279	rs17702912
chr16	24991419	rs9926676
chr16	24993887	rs8056443
chr16	24994057	rs16974281
chr16	24994653	rs4787297
chr16	24996228	rs17624671
chr16	25000012	rs11074665
chr16	25000298	rs8061484
chr16	25006073	rs6497768
chr16	25007080	rs9889188
chr16	25009903	rs9937730
chr16	25010990	rs891842
chr16	25012517	rs7206132
chr16	25016128	rs8182231
chr16	25019486	rs6497772
chr16	25024306	rs4993062
chr16	25025910	rs12929829
chr16	25028837	rs10852276
chr16	25031956	rs11074669
chr16	25032248	rs7498149
chr16	25033818	rs4787667
chr16	25035876	rs4787669
chr16	25036828	rs12931780
chr16	25037381	rs9931313
chr16	25037456	rs9931475
chr16	25038388	rs9934295
chr16	25038443	rs4787671
chr16	25039710	rs7405010
chr16	25040730	rs730918
chr16	25041790	rs4787673
chr16	25043323	rs16974319
chr16	25048441	rs7499940
chr16	25057245	rs7197568
chr16	25057433	rs7199361
chr16	25057846	rs9928910
chr16	25058224	rs10852280
chr16	25068534	rs6497784
chr16	25070963	rs8045616
chr16	25076079	rs8063779
chr16	25080089	rs7498466
chr16	25080866	rs7499311
chr16	25081216	rs7194229
chr16	25085929	rs6497790
chr16	25086179	rs4787690
chr16	25089001	rs4787301
chr16	25089369	rs16974369
chr16	25089882	rs11644078
chr16	25089930	rs6497791
chr16	25090248	rs6497792
chr16	25091199	rs874562
chr16	25091283	rs16974370
chr16	25094438	rs6497795
chr16	25094885	rs7202826
chr16	25097669	rs7187605
chr16	25099443	rs737521
chr16	25106385	rs2288742
chr16	25109956	rs11642659
chr16	25110037	rs3809679
chr16	25114437	rs9941197
chr16	25116120	rs8062337
chr16	25116324	rs11645986
chr16	25116414	rs11649654
chr16	25123089	rs13338420
chr16	25123586	rs12600303
chr16	25125031	rs11860180
chr16	25127955	rs2078112
chr16	25131154	rs1549851
chr16	25138357	rs9933296
chr16	25138405	rs11074678
chr16	25142081	rs277907
chr16	25147597	rs277914
chr16	25150197	rs277918
chr16	25151183	rs277886
chr16	25152478	rs277884
chr16	25156664	rs277894
chr16	25160351	rs277897
chr16	25160489	rs277898
chr16	25160953	rs277899
chr16	25163801	rs277903
chr16	25165449	rs277904
chr16	25170711	rs9630611
chr16	25172681	rs277888
chr16	25176289	rs17774085
chr16	25180183	rs13337201
chr16	25184535	rs4787305
chr16	25189662	rs4787696
chr16	25190149	rs2881053
chr16	25192136	rs4238912
chr16	25192295	rs4787308
chr16	25192427	rs4787697
chr16	25197874	rs12325483
chr16	25200358	rs8059001
chr16	25213116	rs962974
chr16	25223123	rs1076973
chr16	25223350	rs1076974
chr16	25224704	rs2287799
chr16	25234120	rs4787701
chr16	25234659	rs11074680
chr16	25235210	rs7200995
chr16	25236443	rs2277961
chr16	25236955	rs2112812
chr16	25237096	rs17717344
chr16	25237121	rs7201010
chr16	25237283	rs12930369
chr16	25237373	rs2345122
chr16	25237936	rs17625090
chr16	25238050	rs7184511
chr16	25238743	rs11645343
chr16	25244185	rs11642611
chr16	25246714	rs11649280
chr16	25251957	rs2112811
chr16	25257047	rs4787310
chr16	25260284	rs2112809
chr16	25260349	rs8049535
chr16	25263576	rs8050682
chr16	25267456	rs2112814
chr16	25269899	rs9926115
chr16	25270272	rs7197703
chr16	25270527	rs918536
chr16	25271620	rs2059143
chr16	25274303	rs17625298
chr16	25275422	rs6497820
chr16	25281062	rs4438309
chr16	25291596	rs2042273
chr16	25295755	rs4787717
chr16	25298378	rs9938605
chr16	25298727	rs8050232
chr16	25303918	rs12920684
chr16	25305283	rs7185551
chr16	25314745	rs6497831
chr16	25317874	rs7191284
chr16	25318508	rs8054276
chr16	25327953	rs4624182
chr16	25333266	rs2881056
chr16	25333385	rs11074686
chr16	25339197	rs8049573
chr16	25341571	rs12933889
chr16	25341968	rs4787318
chr16	25342765	rs12921225
chr16	25344175	rs993031
chr16	25356727	rs11863773
chr16	25364191	rs12446967
chr16	25364505	rs8054234
chr16	25366676	rs16974591
chr16	25367026	rs9646259
chr16	25370491	rs11647618
chr16	25370680	rs7201319
chr16	25376952	rs12926115
chr16	25381243	rs8046021
chr16	25381981	rs8051365
chr16	25385179	rs9928337
chr16	25392657	rs6497848
chr16	25398489	rs17199641
chr16	25399247	rs7188788
chr16	25401045	rs7201268
chr16	25402474	rs996157
chr16	25402731	rs996156
chr16	25408226	rs996418
chr16	25409519	rs11645909
chr16	25411623	rs17794824
chr16	25414599	rs41444245
chr16	25414881	rs1013534
chr16	25420834	rs17199690
chr16	25421678	rs2214025
chr16	25421808	rs2157856
chr16	25421842	rs2014139
chr16	25423851	rs9938866
chr16	25425147	rs756806
chr16	25426178	rs1989807
chr16	25426767	rs2018465
chr16	25427562	rs9925127
chr16	25427750	rs6497852
chr16	25427789	rs10492801
chr16	25427832	rs6497853
chr16	25428026	rs6497855
chr16	25428108	rs7195628
chr16	25428717	rs8059469
chr16	25428864	rs8061030
chr16	25430041	rs9931257
chr16	25430064	rs8045113
chr16	25432967	rs17199739
chr16	25433236	rs886108
chr16	25433388	rs7206197
chr16	25434267	rs9932249
chr16	25434357	rs2051683
chr16	25436998	rs6497859
chr16	25444209	rs4787730
chr16	25444657	rs2188342
chr16	25445226	rs1034599
chr16	25445493	rs1014631
chr16	25446086	rs11644497
chr16	25446934	rs13338461
chr16	25451726	rs8049156
chr16	25452122	rs7499183
chr16	25453466	rs9928684
chr16	25455123	rs975175
chr16	25456762	rs972741
chr16	25457784	rs8054701
chr16	25458409	rs4787732
chr16	25458813	rs16974684
chr16	25458965	rs13337960
chr16	25461208	rs886111
chr16	25461534	rs886109
chr16	25462526	rs13338687
chr16	25462706	rs11643365
chr16	25463295	rs2023657
chr16	25465815	rs9937520
chr16	25467599	rs9927920
chr16	25471210	rs9889123
chr16	25473491	rs4787734
chr16	25473948	rs4787325
chr16	25476192	rs16974728
chr16	25477569	rs8046048
chr16	25478864	rs980125
chr16	25487538	rs11644529
chr16	25494839	rs2345558
chr16	25494860	rs13380789
chr16	25495261	rs9941138
chr16	25495633	rs7189168
chr16	25496117	rs7189942
chr16	25496519	rs7196682
chr16	25497961	rs8060489
chr16	25499140	rs11642831
chr16	25505142	rs9972778
chr16	25505910	rs11865426
chr16	25509910	rs16974788
chr16	25513002	rs7196904
chr16	25518122	rs1022454
chr16	25520972	rs12445842
chr16	25523005	rs9934915
chr16	25523968	rs11647919
chr16	25526667	rs9931136
chr16	25529161	rs12448073
chr16	25530803	rs9646260
chr16	25532251	rs7197258
chr16	25533051	rs12445585
chr16	25533130	rs11074699
chr16	25533193	rs10852289
chr16	25536352	rs8047968
chr16	25538743	rs8044950
chr16	25539515	rs11645312
chr16	25539669	rs8049409
chr16	25540313	rs4260063
chr16	25540789	rs8055835
chr16	25542410	rs711210
chr16	25547163	rs711204
chr16	25552359	rs803493
chr16	25554646	rs205117
chr16	25563548	rs205186
chr16	25565906	rs205185
chr16	25567291	rs205182
chr16	25580204	rs7198906
chr16	25580399	rs8058724
chr16	25581563	rs1345820
chr16	25585316	rs205162
chr16	25586686	rs16974920
chr16	25587932	rs12933528
chr16	25588549	rs205158
chr16	25589376	rs205156
chr16	25590712	rs205154
chr16	25594478	rs205153
chr16	25596410	rs803983
chr16	25600011	rs7190664
chr16	25600779	rs711198
chr16	25605050	rs205138
chr16	25608689	rs172219
chr16	25612814	rs205127
chr16	25613845	rs205124
chr16	25614955	rs508414
chr16	25618038	rs2979750
chr16	25619617	rs17200082
chr16	25622236	rs2137993
chr16	25623495	rs564635
chr16	25630043	rs1849771
chr16	25632391	rs2910848
chr16	25633513	rs16974978
chr16	25633803	rs205149
chr16	25635791	rs1423640
chr16	25636087	rs9926412
chr16	25636246	rs205148
chr16	25636738	rs7192371
chr16	25637131	rs4374178
chr16	25638750	rs205145
chr16	25638841	rs7204999
chr16	25638920	rs7205674
chr16	25640306	rs205144
chr16	25640879	rs205143
chr16	25641061	rs7195909
chr16	25641271	rs17795227
chr16	25641863	rs2966232
chr16	25642508	rs2966233
chr16	25644466	rs185840
chr16	25646331	rs205192
chr16	25646783	rs205191
chr16	25647398	rs12932661
chr16	25649286	rs803973
chr16	25651692	rs12598109
chr16	25654773	rs12597862
chr16	25656132	rs205123
chr16	25656593	rs205122
chr16	25657328	rs17795251
chr16	25657342	rs205120
chr16	25658229	rs17200180
chr16	25658541	rs2943313
chr16	25659053	rs1820172
chr16	25659683	rs2910844
chr16	25662221	rs205118
chr16	25662985	rs2943314
chr16	25665622	rs2966209
chr16	25667048	rs2966210
chr16	25668476	rs2943319
chr16	25669749	rs13335070
chr16	25670966	rs2966216
chr16	25671537	rs2943322
chr16	25671941	rs2943323
chr16	25676389	rs2966220
chr16	25682958	rs2966227
chr16	25687858	rs17703943
chr16	25689625	rs1546586
chr16	25691581	rs1399338
chr16	25695771	rs12149938
chr16	25700037	rs7188668
chr16	25705090	rs2881210
chr16	25709515	rs10521132
chr16	25716522	rs8055371
chr16	25716696	rs6497883
chr16	25721216	rs11074709
chr16	25722552	rs11863561
chr16	25723599	rs7195236
chr16	25727956	rs7187704
chr16	25729571	rs11865493
chr16	25731230	rs4787747
chr16	25731280	rs4417556
chr16	25732860	rs11647172
chr16	25734579	rs4787750
chr16	25736038	rs11641372
chr16	25736492	rs11639702
chr16	25737865	rs11864847
chr16	25741930	rs4268750
chr16	25742660	rs4632132
chr16	25743001	rs4787751
chr16	25743661	rs7187570
chr16	25744980	rs10431903
chr16	25745922	rs17774701
chr16	25747636	rs10852291
chr16	25747707	rs7203781
chr16	25748257	rs4302038
chr16	25748813	rs4787754
chr16	25749140	rs4787755
chr16	25749743	rs7193807
chr16	25750189	rs4310858
chr16	25751181	rs7199832
chr16	25751699	rs4787756
chr16	25752193	rs10852292
chr16	25757843	rs12149474
chr16	25758547	rs6497884
chr16	25759334	rs4787760
chr16	25761224	rs6497885
chr16	25761466	rs11640076
chr16	25761883	rs8049719
chr16	25763781	rs17625895
chr16	25763965	rs16975182
chr16	25764917	rs4287571
chr16	25765598	rs12325368
chr16	25766003	rs16975189
chr16	25767908	rs3935368
chr16	25768078	rs13331549
chr16	25768106	rs4624179
chr16	25768622	rs12445330
chr16	25769641	rs11074718
chr16	25770238	rs17704277
chr16	25770319	rs8045557
chr16	25772942	rs11074719
chr16	25773277	rs11862584
chr16	25773577	rs11074721
chr16	25773828	rs12443637
chr16	25775290	rs4238922
chr16	25775413	rs7195333
chr16	25775790	rs7190796
chr16	25779527	rs6416630
chr16	25781358	rs4555160
chr16	25781420	rs11074722
chr16	25784372	rs12596380
chr16	25785756	rs4319768
chr16	25794445	rs8061866
chr16	25794885	rs4787763
chr16	25796547	rs11861610
chr16	25797105	rs7498789
chr16	25798381	rs9933121
chr16	25800564	rs12149364
chr16	25802017	rs8056091
chr16	25802088	rs12919795
chr16	25803846	rs8047240
chr16	25804344	rs12930392
chr16	25805801	rs8048370
chr16	25809400	rs9929120
chr16	25811161	rs4309396
chr16	25812230	rs12103080
chr16	25816337	rs8047773
chr16	25818751	rs4447434
chr16	25822142	rs12373053
chr16	25827173	rs3803713
chr16	25827422	rs8061067
chr16	25832110	rs4365291
chr16	25832160	rs4289000
chr16	25837640	rs9923588
chr16	25838000	rs9924017
chr16	25838238	rs11646441
chr16	25838628	rs4511540
chr16	25839870	rs7205880
chr16	25839949	rs4787766
chr16	25841806	rs4467081
chr16	25843183	rs12149800
chr16	25843197	rs7203172
chr16	25843290	rs8061432
chr16	25846838	rs4130888
chr16	25847331	rs4488449
chr16	25848046	rs4496146
chr16	25852223	rs9928735
chr16	25854469	rs8057798
chr16	25856438	rs4603563
chr16	25857705	rs11074726
chr16	25859089	rs4787774
chr16	25859405	rs4305024
chr16	25859468	rs4369667
chr16	25859489	rs4578651
chr16	25860706	rs4491506
chr16	25861053	rs4381608
chr16	25862649	rs6497895
chr16	25862665	rs6497896
chr16	25862908	rs6650564
chr16	25864239	rs6650566
chr16	25866196	rs6497898
chr16	25867442	rs12922082
chr16	25869873	rs4467079
chr16	25870638	rs12708686
chr16	25871514	rs4238926
chr16	25875126	rs11640828
chr16	25876568	rs7193424
chr16	25877558	rs11859695
chr16	25878850	rs4438310
chr16	25878984	rs4441276
chr16	25880508	rs4435255
chr16	25883668	rs4787777
chr16	25884165	rs7193971
chr16	25886400	rs9933280
chr16	25888336	rs3934987
chr16	25889204	rs13334227
chr16	25889659	rs4787778
chr16	25890437	rs11641302
chr16	25890653	rs4787779
chr16	25891365	rs4592663
chr16	25893452	rs7195629
chr16	25893670	rs4417553
chr16	25895344	rs12447945
chr16	25896275	rs7204831
chr16	25897563	rs4075046
chr16	25898133	rs7193007
chr16	25898250	rs12446144
chr16	25899444	rs13336538
chr16	25899891	rs4548875
chr16	25900127	rs4362392
chr16	25901841	rs4787781
chr16	25902024	rs11644878
chr16	25902516	rs11640710
chr16	25902812	rs4787782
chr16	25905231	rs11862648
chr16	25905266	rs13380588
chr16	25909777	rs4787783
chr16	25912553	rs4238928
chr16	25915259	rs9923153
chr16	25921052	rs4331339
chr16	25921412	rs7196138
chr16	25921478	rs7200813
chr16	25922143	rs4533289
chr16	25923330	rs13334582
chr16	25923343	rs11639660
chr16	25923500	rs3924428
chr16	25923784	rs4286111
chr16	25924158	rs12149575
chr16	25930680	rs11074733
chr16	25933379	rs4303490
chr16	25933433	rs11647484
chr16	25934464	rs8062993
chr16	25936393	rs12933515
chr16	25938859	rs8055955
chr16	25943150	rs9937695
chr16	25943282	rs9937575
chr16	25945338	rs9923017
chr16	25945417	rs11641565
chr16	25945583	rs13331813
chr16	25946919	rs9933692
chr16	25948029	rs4074471
chr16	25949169	rs11643971
chr16	25949900	rs12920266
chr16	25950056	rs12919731
chr16	25951784	rs6497902
chr16	25952099	rs7500724
chr16	25952124	rs7201879
chr16	25954173	rs7193616
chr16	25955619	rs11648449
chr16	25955783	rs9938946
chr16	25957141	rs11642490
chr16	25958312	rs12446064
chr16	25958711	rs8049738
chr16	25958911	rs8050110
chr16	25960926	rs4131221
chr16	25961102	rs9928833
chr16	25961275	rs12931133
chr16	25962716	rs3923425
chr16	25963106	rs3923426
chr16	25963155	rs4238930
chr16	25963200	rs4471684
chr16	25964614	rs7205464
chr16	25964993	rs4522422
chr16	25966736	rs7184092
chr16	25968419	rs10400940
chr16	25969550	rs4564573
chr16	25970124	rs4787792
chr16	25972183	rs4430743
chr16	25974207	rs9930733
chr16	25976071	rs4318209
chr16	25976172	rs3923967
chr16	25978669	rs8063351
chr16	25979964	rs4787794
chr16	25980931	rs11074737
chr16	25981024	rs8054857
chr16	25982209	rs9302439
chr16	25982307	rs4076875
chr16	25982360	rs4335774
chr16	25983053	rs4638585
chr16	25984097	rs4073229
chr16	25984455	rs4430747
chr16	25986289	rs11074740
chr16	25986351	rs11645216
chr16	25986421	rs11645226
chr16	25989352	rs7191801
chr16	25989378	rs7191950
chr16	25990098	rs7196247
chr16	25990197	rs7196918
chr16	25998339	rs6497910
chr16	26001669	rs7499394
chr16	26007501	rs4412975
chr16	26009513	rs4569285
chr16	26010935	rs4787799
chr16	26014263	rs4346208
chr16	26014857	rs13330092
chr16	26015128	rs13330307
chr16	26016488	rs4633724
chr16	26017122	rs7190703
chr16	26021329	rs3925102
chr16	26040911	rs4559915
chr16	26043274	rs4787807
chr16	26044671	rs4075434
chr16	26051827	rs7199190
chr16	26059744	rs10221104
chr16	26063179	rs3803712
chr16	26070824	rs4787345
chr16	26071575	rs4363867
chr16	26073155	rs7198646
chr16	26073253	rs7200234
chr16	26073760	rs7204723
chr16	26073840	rs11648676
chr16	26074242	rs7205687
chr16	26074729	rs4787812
chr16	26076075	rs7206740
chr16	26078299	rs3924880
chr16	26080115	rs4362393
chr16	26081658	rs11074743
chr16	26081764	rs11074744
chr16	26083278	rs4787348
chr16	26087122	rs7199218
chr16	26087284	rs11074748
chr16	26088474	rs4332750
chr16	26088794	rs4520841
chr16	26089685	rs10852294
chr16	26090723	rs7200059
chr16	26090980	rs7200939
chr16	26091747	rs4390598
chr16	26100614	rs4404074
chr16	26102964	rs6497921
chr16	26104241	rs12596791
chr16	26104601	rs4534848
chr16	26105078	rs4372694
chr16	26105400	rs11862735
chr16	26105718	rs11862834
chr16	26106089	rs4517803
chr16	26107463	rs11867132
chr16	26109479	rs8045192
chr16	26110850	rs6497923
chr16	26113712	rs4286113
chr16	26116317	rs11641061
chr16	26118462	rs4129575
chr16	26118525	rs4129576
chr16	26118861	rs9937573
chr16	26119150	rs8059820
chr16	26119446	rs4550453
chr16	26119504	rs4614730
chr16	26119886	rs12934457
chr16	26119984	rs4541081
chr16	26120774	rs8050249
chr16	26120957	rs12596324
chr16	26121058	rs6497925
chr16	26121302	rs11640666
chr16	26121322	rs6497927
chr16	26121782	rs3809678
chr16	26122624	rs11643171
chr16	26126605	rs12924282
chr16	26128828	rs7185695
chr16	26130498	rs4544246
chr16	26131465	rs8062398
chr16	26131911	rs9939393
chr16	26133654	rs4480808
chr16	26136590	rs3803711
chr16	26140890	rs7206695
chr16	26142866	rs8054694
chr16	26147246	rs12598321
chr16	26148395	rs6497930
chr16	26155210	rs8053138
chr16	26159619	rs9933429
chr16	26160009	rs7192683
chr16	26160024	rs7192193
chr16	26163707	rs12599042
chr16	26166527	rs9938052
chr16	26169741	rs7199131
chr16	26176741	rs8046605
chr16	26182155	rs4488450
chr16	26182712	rs12923974
chr16	26186209	rs7190904
chr16	26190450	rs12919309
chr16	26190894	rs3112546
chr16	26192979	rs881895
chr16	26195674	rs3112545
chr16	26197421	rs11647694
chr16	26198709	rs17626112
chr16	26201126	rs6497933
chr16	26202445	rs3096416
chr16	26203247	rs12595965
chr16	26203871	rs17704408
chr16	26205295	rs1946288
chr16	26213329	rs3096418
chr16	26213391	rs1424216
chr16	26214369	rs7189572
chr16	26216879	rs17626152
chr16	26217528	rs763980
chr16	26223872	rs17704462
chr16	26227705	rs3112543
chr16	26227763	rs1895545
chr16	26231943	rs3096420
chr16	26231990	rs8061003
chr16	26232597	rs1424227
chr16	26237108	rs3112540
chr16	26240251	rs3112552
chr16	26241181	rs4411499
chr16	26246430	rs1424225
chr16	26249467	rs3096425
chr16	26251918	rs1424220
chr16	26252989	rs11074761
chr16	26253641	rs8044408
chr16	26255193	rs7192572
chr16	26259116	rs1541708
chr16	26266098	rs9807002
chr16	26268104	rs10521133
chr16	26268903	rs10521134
chr16	26270395	rs10521135
chr16	26271771	rs12102839
chr16	26273308	rs11646473
chr16	26274180	rs4552029
chr16	26275899	rs4555162
chr16	26276030	rs1991065
chr16	26276315	rs976127
chr16	26276373	rs4787355
chr16	26276745	rs12927624
chr16	26277492	rs12448753
chr16	26277929	rs17626362
chr16	26278032	rs4787821
chr16	26281685	rs1895551
chr16	26281963	rs1115083
chr16	26282068	rs9921576
chr16	26282231	rs9302441
chr16	26283165	rs7202159
chr16	26283574	rs9936519
chr16	26284932	rs982141
chr16	26284971	rs9939620
chr16	26285147	rs982140
chr16	26285741	rs9932663
chr16	26289201	rs1559457
chr16	26290139	rs12103262
chr16	26290801	rs724965
chr16	26290846	rs724966
chr16	26292926	rs17704680
chr16	26297341	rs1424223
chr16	26297359	rs7202074
chr16	26297383	rs1424222
chr16	26300227	rs9922614
chr16	26302226	rs8047639
chr16	26306222	rs7202957
chr16	26308585	rs2346474
chr16	26308818	rs4643323
chr16	26310765	rs990248
chr16	26311984	rs11074768
chr16	26312382	rs996831
chr16	26312547	rs1424230
chr16	26315280	rs4787365
chr16	26315823	rs720004
chr16	26319852	rs2113318
chr16	26324498	rs8048431
chr16	26327735	rs4787831
chr16	26333281	rs9940934
chr16	26336350	rs11074772
chr16	26336459	rs4787367
chr16	26340304	rs4787368
chr16	26341061	rs7202468
chr16	26341761	rs16975773
chr16	26341823	rs730015
chr16	26342730	rs1002403
chr16	26342786	rs889788
chr16	26344940	rs4349149
chr16	26345116	rs3940397
chr16	26345914	rs16975776
chr16	26346113	rs17503512
chr16	26346399	rs17503574
chr16	26346604	rs9888952
chr16	26346811	rs4787833
chr16	26347762	rs1364330
chr16	26347799	rs1820264
chr16	26349979	rs12708693
chr16	26350398	rs13339461
chr16	26356987	rs7193056
chr16	26358609	rs12102697
chr16	26364595	rs11641813
chr16	26364649	rs11647168
chr16	26368040	rs2097649
chr16	26371596	rs10852304
chr16	26372030	rs11074775
chr16	26375174	rs12932407
chr16	26378732	rs2881409
chr16	26380573	rs12928435
chr16	26386294	rs2214030
chr16	26393876	rs11643442
chr16	26396238	rs4419064
chr16	26399923	rs1029376
chr16	26404612	rs11641345
chr16	26414886	rs11648273
chr16	26416426	rs7200779
chr16	26435253	rs7196027
chr16	26435616	rs12929372
chr16	26439714	rs4787373
chr16	26440122	rs11074779
chr16	26441609	rs17582688
chr16	26442945	rs17504601
chr16	26443003	rs10492804
chr16	26443421	rs2023661
chr16	26447558	rs1858857
chr16	26448063	rs9922485
chr16	26448600	rs11074780
chr16	26454698	rs11644709
chr16	26454759	rs7188924
chr16	26460263	rs2106372
chr16	26462782	rs16975879
chr16	26462889	rs8064084
chr16	26463663	rs7350820
chr16	26477683	rs2214028
chr16	26477829	rs2188347
chr16	26479916	rs11640670
chr16	26484846	rs8048015
chr16	26489697	rs879162
chr16	26490349	rs17583225
chr16	26491071	rs8051398
chr16	26491197	rs8051570
chr16	26491369	rs16975889
chr16	26491900	rs17505182
chr16	26493208	rs7184330
chr16	26493371	rs7206138
chr16	26493460	rs1267725
chr16	26494285	rs8049868
chr16	26495208	rs1858860
chr16	26495865	rs8049171
chr16	26496290	rs8050334
chr16	26496789	rs8054737
chr16	26497644	rs1423087
chr16	26497745	rs4787842
chr16	26499711	rs2346996
chr16	26500136	rs12934128
chr16	26500153	rs1012651
chr16	26500225	rs1012650
chr16	26500553	rs12446827
chr16	26501368	rs11860903
chr16	26501872	rs7206275
chr16	26506204	rs8057918
chr16	26506390	rs16975928
chr16	26506942	rs11864624
chr16	26507918	rs1862500
chr16	26508073	rs7188213
chr16	26510954	rs1862504
chr16	26512173	rs8051634
chr16	26515029	rs10521136
chr16	26515298	rs8047316
chr16	26515950	rs1363761
chr16	26516778	rs4787846
chr16	26517261	rs6497951
chr16	26518091	rs8046467
chr16	26518118	rs17637747
chr16	26518401	rs6497953
chr16	26519200	rs2112840
chr16	26519590	rs4787847
chr16	26523525	rs9927531
chr16	26524627	rs8046117
chr16	26525476	rs11864006
chr16	26527091	rs12325315
chr16	26527893	rs12924567
chr16	26527978	rs9924390
chr16	26530055	rs9930121
chr16	26530774	rs982448
chr16	26530974	rs982449
chr16	26533291	rs2216664
chr16	26536616	rs4787850
chr16	26537699	rs4419065
chr16	26540871	rs17775831
chr16	26540987	rs8056759
chr16	26541014	rs12926763
chr16	26541058	rs17705164
chr16	26541235	rs8056864
chr16	26541261	rs17637903
chr16	26541458	rs17775878
chr16	26544782	rs4787378
chr16	26548291	rs11863159
chr16	26548980	rs1423086
chr16	26549127	rs16975995
chr16	26550050	rs1423084
chr16	26550557	rs1895385
chr16	26551982	rs237195
chr16	26552042	rs237196
chr16	26552286	rs13330489
chr16	26553246	rs7196309
chr16	26553659	rs1363765
chr16	26555468	rs237199
chr16	26556207	rs171064
chr16	26558238	rs11074788
chr16	26558290	rs11641237
chr16	26561419	rs1858880
chr16	26561621	rs4787380
chr16	26564978	rs2520117
chr16	26565758	rs2520120
chr16	26565981	rs2520121
chr16	26566889	rs2520123
chr16	26568049	rs1363766
chr16	26568520	rs2520126
chr16	26569810	rs2520127
chr16	26571781	rs2520129
chr16	26571871	rs1117616
chr16	26573495	rs2547416
chr16	26576172	rs11866811
chr16	26576550	rs2547426
chr16	26577835	rs17200257
chr16	26578891	rs12933023
chr16	26580013	rs8057306
chr16	26582283	rs10492805
chr16	26584073	rs237206
chr16	26584258	rs8060480
chr16	26584852	rs12928828
chr16	26591565	rs173147
chr16	26592091	rs182928
chr16	26592687	rs4426352
chr16	26597528	rs10153070
chr16	26598012	rs4603562
chr16	26602305	rs1363767
chr16	26606324	rs2347000
chr16	26606344	rs184666
chr16	26606545	rs12922235
chr16	26609614	rs918553
chr16	26610595	rs237157
chr16	26610848	rs10220980
chr16	26612656	rs6497955
chr16	26615437	rs12931897
chr16	26621307	rs237164
chr16	26624691	rs17795365
chr16	26626936	rs237128
chr16	26628393	rs237130
chr16	26629085	rs237131
chr16	26629654	rs12931713
chr16	26629949	rs237134
chr16	26630738	rs237135
chr16	26631138	rs237136
chr16	26633172	rs237139
chr16	26634711	rs237142
chr16	26634807	rs237143
chr16	26635055	rs237144
chr16	26638150	rs12162084
chr16	26639399	rs237151
chr16	26640608	rs237153
chr16	26645632	rs237168
chr16	26646576	rs17200345
chr16	26649109	rs237176
chr16	26649581	rs1862505
chr16	26651286	rs237179
chr16	26656345	rs4787860
chr16	26657733	rs182929
chr16	26659842	rs9928781
chr16	26660794	rs237190
chr16	26661485	rs237191
chr16	26667033	rs8051803
chr16	26667371	rs4787862
chr16	26670676	rs6497957
chr16	26672101	rs235807
chr16	26672190	rs10492806
chr16	26672763	rs235805
chr16	26672966	rs235802
chr16	26673759	rs9933694
chr16	26676128	rs977666
chr16	26680185	rs17795503
chr16	26684101	rs235799
chr16	26689159	rs209077
chr16	26690311	rs16976147
chr16	26690437	rs161148
chr16	26691258	rs224771
chr16	26691500	rs508243
chr16	26692356	rs321441
chr16	26692823	rs321440
chr16	26698219	rs321452
chr16	26701759	rs321448
chr16	26704020	rs321446
chr16	26705551	rs321444
chr16	26706681	rs12920638
chr16	26711028	rs1522441
chr16	26714201	rs4787384
chr16	26717998	rs4787866
chr16	26719235	rs321476
chr16	26719786	rs1811312
chr16	26720603	rs11074795
chr16	26723893	rs6497958
chr16	26723913	rs12444717
chr16	26724656	rs4787867
chr16	26724801	rs321463
chr16	26725599	rs182678
chr16	26727022	rs12448645
chr16	26729400	rs321460
chr16	26729908	rs716447
chr16	26731236	rs321474
chr16	26734055	rs321472
chr16	26734899	rs321471
chr16	26734962	rs13329965
chr16	26735673	rs186500
chr16	26740729	rs182679
chr16	26747086	rs9936440
chr16	26750645	rs4787871
chr16	26750871	rs722907
chr16	26750900	rs763584
chr16	26754164	rs8055622
chr16	26757859	rs9921777
chr16	26758445	rs1403134
chr16	26758807	rs2881599
chr16	26764147	rs4787873
chr16	26765152	rs1009288
chr16	26769142	rs2158036
chr16	26769762	rs17185067
chr16	26772914	rs9889183
chr16	26773208	rs51324
chr16	26773377	rs717666
chr16	26773393	rs17200484
chr16	26775630	rs11647759
chr16	26777397	rs1003830
chr16	26778378	rs9936792
chr16	26781181	rs211498
chr16	26781777	rs169820
chr16	26785322	rs8061566
chr16	26785974	rs990347
chr16	26785999	rs990346
chr16	26786884	rs7204636
chr16	26787274	rs211502
chr16	26787959	rs211504
chr16	26788402	rs493110
chr16	26788919	rs488477
chr16	26789247	rs211507
chr16	26789485	rs572357
chr16	26789958	rs2686737
chr16	26790033	rs321433
chr16	26791860	rs1522444
chr16	26792254	rs974474
chr16	26792362	rs974475
chr16	26793147	rs2549165
chr16	26793601	rs988045
chr16	26794463	rs4787389
chr16	26794545	rs7186723
chr16	26795155	rs474503
chr16	26796101	rs504937
chr16	26796802	rs2521685
chr16	26797123	rs568941
chr16	26797373	rs478578
chr16	26797574	rs651978
chr16	26797917	rs9941198
chr16	26798272	rs638422
chr16	26798474	rs17185137
chr16	26799083	rs518934
chr16	26799961	rs610327
chr16	26801065	rs17185165
chr16	26801980	rs17200575
chr16	26802022	rs1862686
chr16	26806805	rs1040287
chr16	26808406	rs17795616
chr16	26808427	rs1403130
chr16	26808562	rs8045131
chr16	26810964	rs9933496
chr16	26811590	rs4035281
chr16	26814620	rs11860305
chr16	26815457	rs150911
chr16	26816387	rs17200617
chr16	26816494	rs7194602
chr16	26816773	rs16976362
chr16	26817347	rs9925137
chr16	26818793	rs64493
chr16	26818851	rs192941
chr16	26818906	rs17795658
chr16	26819297	rs10400960
chr16	26824871	rs161163
chr16	26824988	rs17200687
chr16	26833405	rs161174
chr16	26833454	rs161175
chr16	26838541	rs161181
chr16	26842804	rs195867
chr16	26845781	rs195869
chr16	26848672	rs9888970
chr16	26850487	rs195883
chr16	26852274	rs195888
chr16	26853526	rs11074803
chr16	26854828	rs121196
chr16	26855182	rs12929196
chr16	26858356	rs2188776
chr16	26858575	rs2188777
chr16	26859441	rs11642027
chr16	26861423	rs6497965
chr16	26865514	rs757021
chr16	26866855	rs12446427
chr16	26868606	rs11642633
chr16	26871736	rs9925072
chr16	26872507	rs9927740
chr16	26873755	rs9921511
chr16	26874701	rs723875
chr16	26876544	rs16976410
chr16	26877032	rs2521669
chr16	26879829	rs16976417
chr16	26881550	rs11646589
chr16	26881893	rs2188774
chr16	26882765	rs11074806
chr16	26883955	rs2521676
chr16	26887321	rs11641078
chr16	26887745	rs2726045
chr16	26889225	rs9302446
chr16	26893003	rs6497969
chr16	26902628	rs2521678
chr16	26921721	rs7201940
chr16	26925841	rs8052382
chr16	26929026	rs9922975
chr16	26929850	rs11074808
chr16	26931918	rs8046736
chr16	26933529	rs4072945
chr16	26937509	rs17705438
chr16	26938339	rs9806926
chr16	26938475	rs9806952
chr16	26938513	rs4787393
chr16	26939057	rs9926782
chr16	26940011	rs9806983
chr16	26941575	rs12051010
chr16	26943546	rs7184068
chr16	26943699	rs4442819
chr16	26945780	rs12447746
chr16	26946375	rs11074811
chr16	26947479	rs9926165
chr16	26948656	rs4350575
chr16	26949936	rs4414500
chr16	26950631	rs12447485
chr16	26951675	rs4638587
chr16	26952854	rs4564570
chr16	26956030	rs4787394
chr16	26960465	rs16951983
chr16	26960772	rs17638206
chr16	26960784	rs16951988
chr16	26961084	rs17719531
chr16	26962817	rs4387610
chr16	26963686	rs4238945
chr16	26964643	rs11074815
chr16	26964773	rs12597901
chr16	26964828	rs12597906
chr16	26964897	rs17776288
chr16	26966797	rs7184943
chr16	26967527	rs4787888
chr16	26969010	rs4129952
chr16	26971334	rs4365292
chr16	26973044	rs6497978
chr16	26973276	rs4360943
chr16	26975333	rs4494544
chr16	26975406	rs4559911
chr16	26976678	rs10775282
chr16	26978024	rs4328446
chr16	26978132	rs4448946
chr16	26980750	rs7195544
chr16	26988052	rs10459781
chr16	26990242	rs7197597
chr16	26991567	rs16976469
chr16	26992611	rs9674367
chr16	26993457	rs6497984
chr16	26993521	rs6497985
chr16	26993740	rs4787891
chr16	26994134	rs8058203
chr16	26996731	rs11647226
chr16	26996786	rs11647263
chr16	26996885	rs9674123
chr16	26996903	rs8044651
chr16	26997400	rs7185906
chr16	26997447	rs16976481
chr16	26997746	rs11648641
chr16	26997993	rs11643890
chr16	26999441	rs3923051
chr16	27000351	rs16976487
chr16	27001169	rs8047648
chr16	27005180	rs9939545
chr16	27012100	rs908389
chr16	27013325	rs1515885
chr16	27015021	rs4787896
chr16	27015396	rs4787899
chr16	27015828	rs1040163
chr16	27016338	rs4787900
chr16	27017603	rs1515879
chr16	27019527	rs11074831
chr16	27020074	rs16976492
chr16	27020186	rs16976493
chr16	27020454	rs9933994
chr16	27020618	rs8052041
chr16	27022807	rs12600093
chr16	27023153	rs10521141
chr16	27026177	rs9928578
chr16	27027269	rs11647423
chr16	27029362	rs10852312
chr16	27030096	rs11860481
chr16	27030436	rs4787903
chr16	27032748	rs11074836
chr16	27036915	rs7206078
chr16	27037020	rs7206624
chr16	27042840	rs12927663
chr16	27045134	rs2203512
chr16	27045247	rs2203513
chr16	27045778	rs11641709
chr16	27047638	rs7197985
chr16	27050170	rs2176164
chr16	27051187	rs10083790
chr16	27057005	rs2037175
chr16	27060560	rs11865815
chr16	27061527	rs7184516
chr16	27063972	rs12926642
chr16	27064073	rs12927904
chr16	27064367	rs11643453
chr16	27064434	rs11648276
chr16	27064548	rs12931186
chr16	27064581	rs8061733
chr16	27064594	rs8062715
chr16	27064609	rs8061323
chr16	27068636	rs2280183
chr16	27068985	rs11823
chr16	27069589	rs1515881
chr16	27073605	rs11648974
chr16	27074711	rs11640212
chr16	27075073	rs16976549
chr16	27075347	rs4787912
chr16	27076294	rs11646703
chr16	27078598	rs17719914
chr16	27078990	rs11074843
chr16	27082053	rs9933782
chr16	27083950	rs885465
chr16	27085000	rs4787914
chr16	27085043	rs4787915
chr16	27088432	rs1554176
chr16	27090994	rs7201146
chr16	27097815	rs17638585
chr16	27098135	rs4787919
chr16	27099107	rs2347642
chr16	27099513	rs6497993
chr16	27102374	rs7193248
chr16	27103296	rs10451084
chr16	27113297	rs884418
chr16	27114390	rs17719975
chr16	27115138	rs2037174
chr16	27115188	rs2037173
chr16	27117347	rs1028135
chr16	27118834	rs10521142
chr16	27123666	rs9921605
chr16	27123776	rs12443684
chr16	27124352	rs1878091
chr16	27128407	rs17720036
chr16	27128508	rs4787923
chr16	27131295	rs7500641
chr16	27133778	rs12149646
chr16	27133813	rs1967529
chr16	27133901	rs11646628
chr16	27135963	rs1913895
chr16	27144758	rs4787930
chr16	27146291	rs2090297
chr16	27146474	rs2090296
chr16	27147551	rs12444461
chr16	27148488	rs11642703
chr16	27150313	rs4319771
chr16	27151970	rs869814
chr16	27152655	rs868440
chr16	27153173	rs16976567
chr16	27154511	rs16976568
chr16	27154975	rs16976570
chr16	27155145	rs17706010
chr16	27156160	rs16952011
chr16	27156800	rs12925084
chr16	27157712	rs4490008
chr16	27159897	rs7192795
chr16	27161427	rs1554173
chr16	27161668	rs1554172
chr16	27163308	rs1554171
chr16	27163824	rs17720149
chr16	27164696	rs4787409
chr16	27166992	rs6497998
chr16	27167053	rs12931458
chr16	27167280	rs986125
chr16	27167650	rs2138376
chr16	27168004	rs4258620
chr16	27168137	rs4281711
chr16	27168736	rs17706045
chr16	27170332	rs8060364
chr16	27170500	rs17638800
chr16	27171157	rs8045153
chr16	27171830	rs10048070
chr16	27172553	rs8054746
chr16	27173555	rs1878090
chr16	27174706	rs2347935
chr16	27176348	rs13331646
chr16	27177532	rs17720179
chr16	27179624	rs1533418
chr16	27181370	rs4427807
chr16	27181398	rs1980151
chr16	27182001	rs8057612
chr16	27191710	rs4787413
chr16	27193184	rs8048758
chr16	27195019	rs4787938
chr16	27195602	rs6498000
chr16	27197352	rs4569287
chr16	27199745	rs9652596
chr16	27202903	rs7196634
chr16	27203137	rs12051243
chr16	27204059	rs908382
chr16	27204445	rs1108029
chr16	27205918	rs6498001
chr16	27211489	rs8055597
chr16	27215116	rs8054431
chr16	27215541	rs8060160
chr16	27221112	rs9923178
chr16	27221562	rs1134367
chr16	27221697	rs9788909
chr16	27224774	rs7192633
chr16	27225082	rs2958
chr16	27231675	rs9939187
chr16	27233765	rs11641348
chr16	27235617	rs4493040
chr16	27237215	rs12445506
chr16	27237922	rs7186985
chr16	27238060	rs7186151
chr16	27239885	rs4787415
chr16	27243639	rs4553637
chr16	27244028	rs4410081
chr16	27244998	rs12934622
chr16	27248114	rs4787943
chr16	27248234	rs7359403
chr16	27249633	rs4468629
chr16	27251522	rs4414501
chr16	27255496	rs4787417
chr16	27255988	rs7189192
chr16	27259286	rs9940555
chr16	27265142	rs4399540
chr16	27265735	rs7195219
chr16	27268205	rs12102807
chr16	27285369	rs4547335
chr16	27289275	rs11074852
chr16	27291408	rs8056488
chr16	27302790	rs4238954
chr16	27304962	rs4523933
chr16	27305080	rs4547336
chr16	27307444	rs4787947
chr16	27310774	rs2057768
chr16	27320573	rs6498011
chr16	27329738	rs4787948
chr16	27335033	rs2283563
chr16	27339366	rs3024530
chr16	27341392	rs3024536
chr16	27342036	rs3024544
chr16	27343964	rs3024554
chr16	27344882	rs1805010
chr16	27345346	rs3024560
chr16	27346463	rs3024570
chr16	27346606	rs2234895
chr16	27346869	rs3024576
chr16	27347567	rs2239349
chr16	27348523	rs3024585
chr16	27352290	rs3024607
chr16	27352932	rs3024613
chr16	27353024	rs3024614
chr16	27353485	rs3024619
chr16	27354147	rs3024623
chr16	27354805	rs3024630
chr16	27355178	rs3024633
chr16	27356013	rs4787423
chr16	27359837	rs3024660
chr16	27360628	rs3024668
chr16	27362237	rs3024676
chr16	27362551	rs1805011
chr16	27362594	rs2234898
chr16	27362643	rs1805012
chr16	27362651	rs2234900
chr16	27362859	rs1805015
chr16	27363079	rs1801275
chr16	27363375	rs3024678
chr16	27363606	rs1805016
chr16	27363836	rs2074570
chr16	27364221	rs1049631
chr16	27364466	rs8832
chr16	27365589	rs3024685
chr16	27366928	rs4787956
chr16	27370391	rs16976728
chr16	27373410	rs4787426
chr16	27378090	rs7191188
chr16	27380303	rs6498015
chr16	27380467	rs6498016
chr16	27381621	rs2040788
chr16	27382270	rs9944340
chr16	27383537	rs6498017
chr16	27385140	rs722516
chr16	27385274	rs722517
chr16	27386677	rs1859308
chr16	27386773	rs1859306
chr16	27388135	rs982205
chr16	27388327	rs982204
chr16	27388665	rs4605171
chr16	27389572	rs7205704
chr16	27396312	rs7193779
chr16	27398761	rs11648218
chr16	27401093	rs8060368
chr16	27402245	rs2189521
chr16	27403018	rs12934152
chr16	27403057	rs6498021
chr16	27412180	rs7193869
chr16	27414415	rs179767
chr16	27417916	rs11074858
chr16	27423717	rs8061992
chr16	27424457	rs9930086
chr16	27426650	rs179762
chr16	27429370	rs3093298
chr16	27429962	rs179760
chr16	27431333	rs3093308
chr16	27431531	rs3091235
chr16	27432709	rs3093315
chr16	27432757	rs3093317
chr16	27434733	rs3093330
chr16	27437080	rs3093341
chr16	27441379	rs3093406
chr16	27443241	rs3093363
chr16	27443833	rs3093366
chr16	27444099	rs3093367
chr16	27446737	rs3093378
chr16	27447579	rs3093381
chr16	27449116	rs3093386
chr16	27449576	rs2285452
chr16	27449880	rs2239928
chr16	27450200	rs3093412
chr16	27452127	rs3093390
chr16	27455657	rs12444423
chr16	27456016	rs7184872
chr16	27457066	rs12920165
chr16	27460543	rs12922976
chr16	27462539	rs12932325
chr16	27462893	rs12445873
chr16	27463589	rs12919017
chr16	27465227	rs12925626
chr16	27467908	rs35913539
chr16	27468807	rs12919042
chr16	27471935	rs12933827
chr16	27475248	rs232056
chr16	27476873	rs232057
chr16	27483354	rs232062
chr16	27483556	rs4787963
chr16	27488712	rs232066
chr16	27491100	rs232068
chr16	27493565	rs11648096
chr16	27495504	rs232071
chr16	27499949	rs16976839
chr16	27502538	rs232073
chr16	27504031	rs232074
chr16	27504430	rs232075
chr16	27510094	rs232078
chr16	27511987	rs232079
chr16	27516491	rs232080
chr16	27525261	rs232085
chr16	27536785	rs10852319
chr16	27539133	rs1134711
chr16	27540016	rs4787965
chr16	27546428	rs7198785
chr16	27548579	rs2382868
chr16	27550263	rs4787969
chr16	27569768	rs8050273
chr16	27575759	rs756950
chr16	27576902	rs4787430
chr16	27579153	rs1005588
chr16	27580019	rs7199329
chr16	27580832	rs1468169
chr16	27581468	rs4787973
chr16	27581624	rs4787975
chr16	27583104	rs8055845
chr16	27593778	rs8046403
chr16	27594376	rs4787976
chr16	27600340	rs10492922
chr16	27602415	rs8062900
chr16	27602444	rs11074865
chr16	27606690	rs4787978
chr16	27608774	rs7192272
chr16	27622054	rs718965
chr16	27624519	rs16976907
chr16	27630928	rs233453
chr16	27636509	rs233457
chr16	27644527	rs233464
chr16	27645168	rs233465
chr16	27646930	rs11647826
chr16	27650260	rs233467
chr16	27653119	rs233468
chr16	27653264	rs233469
chr16	27655855	rs233471
chr16	27669668	rs12920717
chr16	27674010	rs9923875
chr16	27676064	rs9929666
chr16	27678847	rs1017575
chr16	27680320	rs12917951
chr16	27681514	rs12923861
chr16	27682048	rs8048175
chr16	27690810	rs12929558
chr16	27691449	rs12929432
chr16	27691929	rs12933703
chr16	27692714	rs9932616
chr16	27693825	rs12444933
chr16	27694220	rs12447703
chr16	27695000	rs9938748
chr16	27698803	rs12925331
chr16	27700967	rs963999
chr16	27701021	rs964000
chr16	27701088	rs964001
chr16	27701782	rs9923148
chr16	27702895	rs2008196
chr16	27706618	rs9922282
chr16	27708880	rs12930355
chr16	27708985	rs16976950
chr16	27710520	rs12919365
chr16	27722035	rs12102774
chr16	27722108	rs8043889
chr16	27725008	rs9929051
chr16	27725923	rs12918071
chr16	27729340	rs1871672
chr16	27730235	rs9938187
chr16	27732167	rs12922205
chr16	27740814	rs12447120
chr16	27741486	rs12923139
chr16	27741943	rs9927110
chr16	27745545	rs12448379
chr16	27745898	rs1149425
chr16	27746267	rs7191516
chr16	27749235	rs8048373
chr16	27749614	rs16976970
chr16	27751789	rs2289875
chr16	27758573	rs9934589
chr16	27759492	rs6498034
chr16	27764603	rs7205677
chr16	27766510	rs8043555
chr16	27769057	rs1038189
chr16	27769988	rs11644502
chr16	27770670	rs12922145
chr16	27773607	rs12919220
chr16	27774824	rs8053976
chr16	27775292	rs2287787
chr16	27777957	rs2287790
chr16	27778955	rs16976984
chr16	27782205	rs772859
chr16	27785442	rs13331518
chr16	27787488	rs17706237
chr16	27788116	rs705929
chr16	27788356	rs745604
chr16	27788419	rs733683
chr16	27793812	rs12447401
chr16	27794997	rs755295
chr16	27795073	rs755297
chr16	27795527	rs749755
chr16	27796172	rs1554089
chr16	27796314	rs2112790
chr16	27796544	rs1554091
chr16	27800055	rs719956
chr16	27801930	rs705915
chr16	27802162	rs705914
chr16	27802404	rs697504
chr16	27803579	rs9927634
chr16	27807930	rs1559167
chr16	27811072	rs8059523
chr16	27811191	rs4787991
chr16	27812080	rs1645333
chr16	27812288	rs11074880
chr16	27813510	rs6498038
chr16	27815739	rs1709783
chr16	27815769	rs1644610
chr16	27816060	rs1363749
chr16	27816537	rs4787993
chr16	27817430	rs938355
chr16	27818226	rs1644613
chr16	27818353	rs1645336
chr16	27820768	rs713547
chr16	27822786	rs1862455
chr16	27822976	rs772858
chr16	27822996	rs5007598
chr16	27823361	rs11645119
chr16	27823650	rs705912
chr16	27824849	rs9937641
chr16	27825372	rs8182215
chr16	27826451	rs16977003
chr16	27827533	rs772973
chr16	27827797	rs11639671
chr16	27830516	rs705927
chr16	27830716	rs705926
chr16	27831503	rs705925
chr16	27838659	rs1644617
chr16	27839299	rs1072594
chr16	27839893	rs1709795
chr16	27840390	rs1645348
chr16	27841246	rs933660
chr16	27841551	rs933662
chr16	27841898	rs2384812
chr16	27841974	rs11646943
chr16	27842753	rs11648338
chr16	27844318	rs772958
chr16	27848575	rs772968
chr16	27849490	rs1615164
chr16	27851683	rs9939540
chr16	27851814	rs12445740
chr16	27853438	rs10438534
chr16	27857772	rs6498039
chr16	27857842	rs6498040
chr16	27874760	rs12596480
chr16	27875852	rs734432
chr16	27876459	rs705922
chr16	27876670	rs11074885
chr16	27879149	rs6498044
chr16	27880152	rs1645362
chr16	27884061	rs9941065
chr16	27884827	rs17706614
chr16	27884897	rs11640626
chr16	27885937	rs1709763
chr16	27886895	rs12444493
chr16	27888079	rs4788003
chr16	27889862	rs1644585
chr16	27890176	rs1423045
chr16	27890966	rs12925538
chr16	27891437	rs1644589
chr16	27894365	rs11646124
chr16	27894873	rs705919
chr16	27895885	rs12448837
chr16	27897934	rs11644117
chr16	27900558	rs772867
chr16	27901517	rs705918
chr16	27903406	rs705917
chr16	27906848	rs6498047
chr16	27907865	rs7201219
chr16	27911170	rs12325314
chr16	27913291	rs16977047
chr16	27914917	rs7200594
chr16	27915513	rs2194165
chr16	27915832	rs7187021
chr16	27918859	rs2052544
chr16	27920258	rs1363748
chr16	27920351	rs12920838
chr16	27921249	rs11641724
chr16	27922082	rs4788006
chr16	27922477	rs12597568
chr16	27922712	rs2385008
chr16	27924946	rs933664
chr16	27929155	rs1862452
chr16	27929542	rs7192577
chr16	27930098	rs4788008
chr16	27930160	rs4787437
chr16	27930224	rs4788009
chr16	27932485	rs4787439
chr16	27932704	rs7194900
chr16	27933839	rs9927116
chr16	27934717	rs1010060
chr16	27935839	rs8060913
chr16	27936076	rs9932924
chr16	27936133	rs1549268
chr16	27936351	rs1549269
chr16	27937887	rs9923466
chr16	27938755	rs1862453
chr16	27945435	rs8051329
chr16	27946804	rs7193224
chr16	27951930	rs749115
chr16	27952028	rs749116
chr16	27953583	rs9933639
chr16	27955084	rs7199765
chr16	27956343	rs16977076
chr16	27957374	rs17587118
chr16	27958657	rs12920707
chr16	27960592	rs880380
chr16	27963097	rs2051742
chr16	27963166	rs2051743
chr16	27965698	rs4788018
chr16	27966898	rs763763
chr16	27967114	rs763764
chr16	27967397	rs9941164
chr16	27969181	rs12444993
chr16	27978114	rs8058165
chr16	27978872	rs6498053
chr16	27980043	rs1008408
chr16	27981307	rs8054996
chr16	27981546	rs8055822
chr16	27991900	rs4788025
chr16	27992215	rs8047185
chr16	27992537	rs7188624
chr16	27993588	rs7194733
chr16	27993622	rs4787441
chr16	27994979	rs1121813
chr16	27995565	rs4788029
chr16	27997217	rs7186121
chr16	27998895	rs7197877
chr16	28001933	rs2412091
chr16	28005920	rs756989
chr16	28007874	rs205367
chr16	28010290	rs17515974
chr16	28011735	rs11074888
chr16	28012440	rs205371
chr16	28027457	rs205381
chr16	28032176	rs398889
chr16	28032294	rs434202
chr16	28032451	rs1548454
chr16	28038253	rs205389
chr16	28038353	rs205390
chr16	28041642	rs205391
chr16	28043411	rs17516321
chr16	28043533	rs205393
chr16	28044401	rs205395
chr16	28049155	rs205403
chr16	28050660	rs47666
chr16	28051107	rs205407
chr16	28052627	rs205409
chr16	28053506	rs205412
chr16	28054032	rs205413
chr16	28054215	rs205414
chr16	28060632	rs7201505
chr16	28061519	rs739591
chr16	28061661	rs739592
chr16	28064339	rs81118
chr16	28065165	rs205421
chr16	28068478	rs205425
chr16	28071097	rs205428
chr16	28073674	rs205432
chr16	28077529	rs8182158
chr16	28087188	rs8057415
chr16	28090564	rs169524
chr16	28093208	rs205355
chr16	28097207	rs205356
chr16	28097421	rs205357
chr16	28099893	rs16939814
chr16	28105034	rs205360
chr16	28105772	rs17590103
chr16	28105790	rs205362
chr16	28108236	rs11863752
chr16	28108435	rs16939824
chr16	28108639	rs205363
chr16	28119645	rs189969
chr16	28121630	rs33048
chr16	28121831	rs39998
chr16	28125267	rs33045
chr16	28125927	rs39631
chr16	28128788	rs16939854
chr16	28132168	rs9930464
chr16	28138124	rs245733
chr16	28143438	rs11647191
chr16	28145133	rs16939880
chr16	28153588	rs12919673
chr16	28158223	rs12597515
chr16	28164087	rs715337
chr16	28195036	rs12102469
chr16	28197235	rs9925019
chr16	28203501	rs7198254
chr16	28204372	rs7204453
chr16	28205284	rs7498882
chr16	28205353	rs9927626
chr16	28207383	rs7189762
chr16	28208585	rs4787446
chr16	28210173	rs9926820
chr16	28231968	rs4075049
chr16	28233016	rs9921579
chr16	28235347	rs9938394
chr16	28239956	rs8057071
chr16	28240535	rs9939733
chr16	28252191	rs11860882
chr16	28252824	rs13338487
chr16	28252889	rs11861891
chr16	28253351	rs7204045
chr16	28253532	rs7205609
chr16	28254464	rs4787447
chr16	28254835	rs12596562
chr16	28255287	rs17639827
chr16	28257592	rs11861427
chr16	28261776	rs4788054
chr16	28263483	rs4255791
chr16	28264921	rs8058566
chr16	28271966	rs4788055
chr16	28272414	rs12446798
chr16	28277922	rs4635350
chr16	28282764	rs12447286
chr16	28289127	rs36019610
chr16	28290166	rs9939450
chr16	28293676	rs8052258
chr16	28295666	rs9889107
chr16	28295782	rs4788058
chr16	28296619	rs33957528
chr16	28298019	rs28520136
chr16	28306397	rs12445975
chr16	28307119	rs2650494
chr16	28311016	rs4787451
chr16	28312149	rs11863346
chr16	28314619	rs13338835
chr16	28315059	rs12448898
chr16	28316142	rs2726039
chr16	28322090	rs2650492
chr16	28325561	rs2726034
chr16	28326942	rs12444319
chr16	28473820	rs149299
chr16	28479196	rs151181
chr16	28483153	rs34837
chr16	28487970	rs34835
chr16	28491935	rs28612835
chr16	28492860	rs27741
chr16	28497126	rs40831
chr16	28499524	rs40837
chr16	28502082	rs181206
chr16	28503533	rs181209
chr16	28503907	rs17855750
chr16	28506388	rs26528
chr16	28506584	rs34833
chr16	28507775	rs153109
chr16	28513984	rs153107
chr16	28517302	rs153103
chr16	28521750	rs28698667
chr16	28528527	rs4788084
chr16	28532060	rs12446550
chr16	28538187	rs151227
chr16	28539346	rs3785354
chr16	28542787	rs1074631
chr16	28542827	rs1074629
chr16	28543378	rs2034874
chr16	28544079	rs4787457
chr16	28548042	rs4788079
chr16	28548252	rs4787456
chr16	28548660	rs4788078
chr16	28551705	rs151228
chr16	28554837	rs3859172
chr16	28557357	rs151320
chr16	28558684	rs4788076
chr16	28558729	rs13331691
chr16	28559709	rs193620
chr16	28563294	rs480400
chr16	28571894	rs151230
chr16	28573616	rs151229
chr16	28574806	rs7193402
chr16	28575994	rs193630
chr16	28576068	rs7186573
chr16	28578398	rs11641853
chr16	28580209	rs9924471
chr16	28582026	rs17707300
chr16	28582276	rs4788074
chr16	28583228	rs4788073
chr16	28584379	rs17640009
chr16	28585563	rs10521145
chr16	28588956	rs13336311
chr16	28588961	rs17639997
chr16	28590481	rs4149409
chr16	28591670	rs11401
chr16	28602644	rs11074907
chr16	28603480	rs13339053
chr16	28604387	rs11074904
chr16	28605344	rs4788069
chr16	28618867	rs7192559
chr16	28620264	rs1968752
chr16	28620700	rs2411453
chr16	28814284	rs2008514
chr16	28814728	rs28472312
chr16	28824884	rs4451951
chr16	28826194	rs8049439
chr16	28826585	rs8062405
chr16	28826752	rs12448482
chr16	28830456	rs12443881
chr16	28833930	rs12444171
chr16	28835925	rs12928404
chr16	28837347	rs12325113
chr16	28844406	rs4788099
chr16	28845498	rs8061877
chr16	28846324	rs7187776
chr16	28848481	rs9972693
chr16	28850413	rs9972768
chr16	28856483	rs4788101
chr16	28860645	rs7201929
chr16	28862077	rs4788102
chr16	28863801	rs7198606
chr16	28869881	rs8055982
chr16	28871920	rs7498665
chr16	28874338	rs7359397
chr16	28874610	rs11864107
chr16	28878165	rs3888190
chr16	28880144	rs8055138
chr16	28882250	rs7498555
chr16	28887472	rs6565259
chr16	28892335	rs6565261
chr16	28898301	rs12596913
chr16	28902466	rs7189927
chr16	28904112	rs2071342
chr16	28904206	rs10499
chr16	28906323	rs7188071
chr16	28910828	rs11646653
chr16	28922147	rs7185232
chr16	28925938	rs4072402
chr16	28925954	rs4072401
chr16	28933379	rs35979293
chr16	28938152	rs2070961
chr16	28938730	rs34763945
chr16	28939111	rs2070962
chr16	28943539	rs7203982
chr16	28947433	rs2081199
chr16	28951108	rs7201257
chr16	28956367	rs8047616
chr16	28958159	rs9937676
chr16	28963337	rs8044999
chr16	28965699	rs7500321
chr16	28969210	rs11150675
chr16	28969372	rs4788111
chr16	28970906	rs8060015
chr16	28973624	rs11642638
chr16	28975676	rs7184156
chr16	28976332	rs7189583
chr16	28976948	rs8045689
chr16	28978780	rs7187575
chr16	28981325	rs3922668
chr16	28981728	rs6565300
chr16	28983736	rs11859822
chr16	28983824	rs4788114
chr16	28986676	rs1131543
chr16	28987628	rs7202093
chr16	28990139	rs9929088
chr16	28999450	rs7498329
chr16	29008973	rs7201546
chr16	29014657	rs8045276
chr16	29017584	rs8052343
chr16	29025594	rs4077347
chr16	29030693	rs3935714
chr16	29032129	rs8053800
chr16	29090081	rs252272
chr16	29090527	rs252271
chr16	29112829	rs1641996
chr16	29117141	rs889683
chr16	29119678	rs12922496
chr16	29119699	rs1646175
chr16	29120900	rs1627862
chr16	29127071	rs1642011
chr16	29127700	rs1646084
chr16	29129367	rs1646129
chr16	29131719	rs1646122
chr16	29137244	rs1642026
chr16	29139978	rs1641908
chr16	29142728	rs1646112
chr16	29144159	rs11646140
chr16	29144684	rs166152
chr16	29148114	rs252496
chr16	29152705	rs252283
chr16	29156685	rs1364271
chr16	29159215	rs187553
chr16	29166842	rs252357
chr16	29167166	rs41453844
chr16	29169086	rs252355
chr16	29170858	rs252353
chr16	29170869	rs12933229
chr16	29171049	rs252352
chr16	29173377	rs252345
chr16	29175043	rs252343
chr16	29175257	rs252342
chr16	29176900	rs17779364
chr16	29181735	rs12926138
chr16	29182017	rs889688
chr16	29183094	rs252326
chr16	29187737	rs252321
chr16	29194075	rs16940818
chr16	29202805	rs252313
chr16	29209997	rs252308
chr16	29217345	rs153223
chr16	29221356	rs252299
chr16	29222722	rs252297
chr16	29230068	rs252246
chr16	29234781	rs194045
chr16	29239594	rs252480
chr16	29240540	rs153209
chr16	29252581	rs2370287
chr16	29252904	rs3851760
chr16	29268429	rs3851775
chr16	29269745	rs9929469
chr16	29271432	rs11150713
chr16	29271909	rs3844222
chr16	29272383	rs11150714
chr16	29275289	rs12930146
chr16	29276657	rs7188661
chr16	29286385	rs5029446
chr16	29288056	rs1872667
chr16	29291923	rs7204334
chr16	29304054	rs257884
chr16	29304558	rs7184953
chr16	29304771	rs767812
chr16	29315232	rs2171223
chr16	29315239	rs9929750
chr16	29315608	rs7500911
chr16	29317109	rs749809
chr16	29325806	rs3953219
chr16	29326337	rs2934463
chr16	29327206	rs11864451
chr16	29337756	rs4787478
chr16	29401182	rs257868
chr16	29421391	rs17835978
chr16	29569290	rs2161671
chr16	29584162	rs4541091
chr16	29627320	rs8048560
chr16	29636021	rs9926100
chr16	29641167	rs10871449
chr16	29642431	rs17842265
chr16	29644543	rs8054172
chr16	29644772	rs1364182
chr16	29649896	rs11859842
chr16	29655415	rs11150564
chr16	29656932	rs4788172
chr16	29661261	rs8062082
chr16	29661661	rs3764275
chr16	29661882	rs3764276
chr16	29662712	rs11574552
chr16	29663502	rs2071420
chr16	29671624	rs12447415
chr16	29672266	rs7195557
chr16	29679583	rs9933310
chr16	29679875	rs12596308
chr16	29681093	rs12599318
chr16	29681371	rs6565169
chr16	29687285	rs4563056
chr16	29687304	rs9922666
chr16	29687389	rs9923341
chr16	29692013	rs9940962
chr16	29695123	rs2303255
chr16	29700022	rs7195050
chr16	29738583	rs7193756
chr16	29743362	rs7205278
chr16	29764626	rs684286
chr16	29764672	rs613130
chr16	29769410	rs11648675
chr16	29779388	rs12933548
chr16	29809159	rs34286592
chr16	29815044	rs1045968
chr16	29815217	rs10204
chr16	29820296	rs12149514
chr16	29820817	rs9923649
chr16	29822167	rs1057451
chr16	29822393	rs1057452
chr16	29825787	rs9938630
chr16	29829904	rs4788186
chr16	29834364	rs4788187
chr16	29837096	rs13331733
chr16	29839384	rs13332078
chr16	29840417	rs2288043
chr16	29841539	rs3815824
chr16	29844761	rs35916172
chr16	29845995	rs4787480
chr16	29849364	rs28599680
chr16	29849542	rs4788188
chr16	29850126	rs3976455
chr16	29852848	rs7204252
chr16	29860409	rs35042042
chr16	29861040	rs3815822
chr16	29863614	rs889695
chr16	29863920	rs747973
chr16	29865980	rs12917823
chr16	29871169	rs12917712
chr16	29874126	rs4787483
chr16	29886072	rs8058919
chr16	29894561	rs13332660
chr16	29895225	rs4787484
chr16	29899404	rs7498372
chr16	29899939	rs7189550
chr16	29906713	rs1129700
chr16	29911667	rs8047140
chr16	29912189	rs4548895
chr16	29913584	rs7201384
chr16	29915150	rs11646118
chr16	29916381	rs10083738
chr16	29916794	rs11647753
chr16	29918407	rs8052502
chr16	29920578	rs4407079
chr16	29920743	rs4609871
chr16	29921370	rs9936474
chr16	29925333	rs12716972
chr16	29927499	rs4420550
chr16	29933511	rs12716974
chr16	29951031	rs7190185
chr16	29954175	rs11150576
chr16	29956694	rs7204797
chr16	29961369	rs4788201
chr16	29962846	rs6565173
chr16	29971640	rs9932702
chr16	29975204	rs11150577
chr16	29977028	rs4283241
chr16	29977620	rs4583255
chr16	29978418	rs11860782
chr16	29983897	rs4788204
chr16	29984482	rs4787488
chr16	29984559	rs4787489
chr16	29986879	rs4077410
chr16	29988167	rs10445105
chr16	29989009	rs11150579
chr16	29989580	rs3814881
chr16	29991755	rs9924686
chr16	29999719	rs12444124
chr16	30000297	rs12921996
chr16	30001745	rs12931955
chr16	30001945	rs4788209
chr16	30002136	rs8058765
chr16	30004016	rs4787491
chr16	30004244	rs4788211
chr16	30004701	rs12928610
chr16	30005656	rs12851
chr16	30006574	rs3814880
chr16	30007179	rs3935873
chr16	30007399	rs12921753
chr16	30008054	rs11863174
chr16	30011243	rs12933575
chr16	30011836	rs7191849
chr16	30015148	rs11649274
chr16	30016373	rs12444108
chr16	30018874	rs11642612
chr16	30019378	rs11150581
chr16	30022312	rs12325539
chr16	30023148	rs4788212
chr16	30023203	rs4788213
chr16	30024677	rs1129062
chr16	30028357	rs11150584
chr16	30030645	rs3814878
chr16	30031789	rs12446378
chr16	30033260	rs8043883
chr16	30034721	rs8054507
chr16	30038879	rs7190269
chr16	30043292	rs35478648
chr16	30045827	rs35105141
chr16	30049334	rs11642740
chr16	30061209	rs9928448
chr16	30069459	rs11860935
chr16	30070046	rs2071390
chr16	30078117	rs8049837
chr16	30081436	rs17842266
chr16	30082859	rs11861842
chr16	30083915	rs11644459
chr16	30084171	rs11863129
chr16	30090275	rs8060511
chr16	30091481	rs3809624
chr16	30100583	rs6565174
chr16	30102803	rs7205802
chr16	30107024	rs12444415
chr16	30108204	rs8061772
chr16	30118615	rs12922100
chr16	30119172	rs11865086
chr16	30124477	rs34564246
chr16	30129937	rs2005219
chr16	30135944	rs7201780
chr16	30143419	rs9924308
chr16	30145642	rs7204270
chr16	30154404	rs4787495
chr16	30161306	rs13331817
chr16	30163605	rs6565176
chr16	30166486	rs7202714
chr16	30176355	rs12373078
chr16	30181038	rs35089016
chr16	30336410	rs8051096
chr16	30352061	rs17839551
chr16	30352750	rs11862806
chr16	30353391	rs34391305
chr16	30353484	rs13330462
chr16	30354718	rs35480350
chr16	30357189	rs13335932
chr16	30363060	rs6565182
chr16	30363793	rs9926426
chr16	30365165	rs8049108
chr16	30365370	rs4500754
chr16	30365638	rs11646130
chr16	30369165	rs4238961
chr16	30371434	rs6565183
chr16	30373079	rs9928218
chr16	30374182	rs11863150
chr16	30374516	rs8050812
chr16	30374941	rs8046445
chr16	30377388	rs12446288
chr16	30381826	rs34518080
chr16	30382339	rs4787643
chr16	30382450	rs4788409
chr16	30392537	rs8060853
chr16	30395948	rs13333093
chr16	30397444	rs12921440
chr16	30398378	rs9936065
chr16	30404278	rs12929884
chr16	30406798	rs4787644
chr16	30409530	rs11150586
chr16	30412430	rs4232893
chr16	30419307	rs34261613
chr16	30420782	rs4465620
chr16	30427609	rs35598865
chr16	30427988	rs4788415
chr16	30439062	rs4788416
chr16	30440920	rs6565186
chr16	30444137	rs1133238
chr16	30446029	rs4787645
chr16	30448734	rs12443981
chr16	30455420	rs12599614
chr16	30455477	rs11150588
chr16	30463535	rs9934579
chr16	30471173	rs11150589
chr16	30471219	rs12598978
chr16	30479533	rs11862597
chr16	30480462	rs17839544
chr16	30481369	rs10871452
chr16	30481502	rs1064524
chr16	30481679	rs11574941
chr16	30482412	rs8060136
chr16	30482560	rs11150590
chr16	30484091	rs2285459
chr16	30489395	rs3087437
chr16	30489440	rs3087438
chr16	30494500	rs3087439
chr16	30495944	rs6565189
chr16	30499250	rs1557672
chr16	30502782	rs4341759
chr16	30505171	rs2073917
chr16	30506775	rs2230434
chr16	30509535	rs17790434
chr16	30510831	rs3087443
chr16	30513355	rs11574947
chr16	30516811	rs11647246
chr16	30516951	rs7196298
chr16	30517290	rs3764322
chr16	30520539	rs4243233
chr16	30527776	rs11645241
chr16	30529302	rs34453065
chr16	30535167	rs6565191
chr16	30542838	rs8050463
chr16	30548056	rs8044603
chr16	30553205	rs17839548
chr16	30558338	rs17790906
chr16	30558690	rs8056929
chr16	30560589	rs36063822
chr16	30579139	rs17839549
chr16	30581738	rs9934806
chr16	30595168	rs9924077
chr16	30606377	rs8063005
chr16	30615295	rs12918327
chr16	30624338	rs7186852
chr16	30631546	rs7197475
chr16	30633578	rs9925025
chr16	30660211	rs35629860
chr16	30661398	rs885107
chr16	30670495	rs11538957
chr16	30671055	rs1036696
chr16	30689537	rs13338946
chr16	30691834	rs7187359
chr16	30714927	rs8058578
chr16	30728598	rs2289442
chr16	30735501	rs7198250
chr16	30762284	rs3812999
chr16	30765700	rs34599648
chr16	30770621	rs11642466
chr16	30774503	rs11642862
chr16	30775606	rs3747486
chr16	30791978	rs11645175
chr16	30797742	rs8058961
chr16	30800448	rs4889509
chr16	30811726	rs4889490
chr16	30822000	rs8046001
chr16	30829556	rs7500719
chr16	30834813	rs11864054
chr16	30838921	rs11150596
chr16	30850814	rs4889614
chr16	30866223	rs4889630
chr16	30879217	rs12926295
chr16	30884224	rs4889651
chr16	30884392	rs4889653
chr16	30886135	rs11150599
chr16	30888914	rs3751871
chr16	30892358	rs9933843
chr16	30903243	rs8045936
chr16	30903305	rs1046276
chr16	30904808	rs1458201
chr16	30904912	rs8046707
chr16	30917649	rs12924903
chr16	30922754	rs3813020
chr16	30924760	rs35675346
chr16	30926478	rs8050588
chr16	30927490	rs12930545
chr16	30929010	rs11150600
chr16	30932667	rs12928852
chr16	30935185	rs10782002
chr16	30936251	rs7200879
chr16	30938194	rs11640534
chr16	30939031	rs7206511
chr16	30941881	rs1458202
chr16	30953987	rs11647243
chr16	30957268	rs4889599
chr16	30957740	rs11642733
chr16	30959420	rs2305884
chr16	30959620	rs1870293
chr16	30960489	rs2054213
chr16	30966478	rs11150601
chr16	30968497	rs11640961
chr16	30969581	rs897986
chr16	30970904	rs4889603
chr16	30972891	rs7204459
chr16	30974673	rs4889604
chr16	30975823	rs12931046
chr16	30978537	rs4889525
chr16	30987821	rs9938550
chr16	30988141	rs2305880
chr16	30991343	rs8062719
chr16	30991399	rs8060857
chr16	30992848	rs17855121
chr16	30993491	rs12445568
chr16	30998267	rs9788865
chr16	30999862	rs4889606
chr16	31002858	rs9926533
chr16	31005649	rs729482
chr16	31006233	rs7203999
chr16	31015106	rs4889609
chr16	31036758	rs10871454
chr16	31038712	rs732172
chr16	31042146	rs9939417
chr16	31045112	rs35468353
chr16	31046479	rs11862744
chr16	31046624	rs17839567
chr16	31066088	rs9927295
chr16	31068050	rs881929
chr16	31071754	rs7197717
chr16	31071922	rs2359674
chr16	31072003	rs6565217
chr16	31074149	rs2303222
chr16	31077026	rs749671
chr16	31082633	rs750952
chr16	31083206	rs2077633
chr16	31083850	rs11865038
chr16	31085555	rs4468641
chr16	31087690	rs11150606
chr16	31091000	rs7294
chr16	31092475	rs2359612
chr16	31093557	rs9934438
chr16	31093850	rs13336384
chr16	31094032	rs17708472
chr16	31094233	rs2884737
chr16	31096368	rs9923231
chr16	31106092	rs2032915
chr16	31110472	rs14235
chr16	31111250	rs889555
chr16	31113086	rs749767
chr16	31118621	rs1978487
chr16	31120293	rs4527034
chr16	31120929	rs11865499
chr16	31122128	rs1060506
chr16	31126391	rs889548
chr16	31129478	rs9936329
chr16	31130672	rs1549293
chr16	31130950	rs17855606
chr16	31133898	rs12597511
chr16	31135941	rs11645814
chr16	31136227	rs2855475
chr16	31152210	rs7190802
chr16	31154707	rs12102776
chr16	31159853	rs17708638
chr16	31179217	rs3764326
chr16	31182621	rs741810
chr16	31183958	rs1052352
chr16	31184784	rs2735393
chr16	31193241	rs16956408
chr16	31200111	rs17839573
chr16	31203577	rs8056505
chr16	31213200	rs35303352
chr16	31216587	rs2288005
chr16	31219142	rs7186832
chr16	31221116	rs9927298
chr16	31221168	rs12929077
chr16	31229650	rs12926702
chr16	31249101	rs889551
chr16	31252946	rs4889640
chr16	31256918	rs11645526
chr16	31257664	rs11641624
chr16	31258230	rs8057320
chr16	31259742	rs7193943
chr16	31261808	rs3764327
chr16	31268215	rs8048583
chr16	31269826	rs2359661
chr16	31270430	rs7499192
chr16	31287618	rs9937837
chr16	31288153	rs13338069
chr16	31290157	rs7190018
chr16	31291617	rs9938063
chr16	31299051	rs9888879
chr16	31301534	rs11645653
chr16	31301932	rs9888739
chr16	31306184	rs7499077
chr16	31312331	rs4889645
chr16	31315385	rs11860650
chr16	31318840	rs11641202
chr16	31322915	rs11150610
chr16	31325198	rs7206295
chr16	31325398	rs1143682
chr16	31325567	rs1143683
chr16	31329588	rs4077810
chr16	31329676	rs7193268
chr16	31331684	rs1143678
chr16	31332065	rs9933520
chr16	31332448	rs4597342
chr16	31333959	rs8060268
chr16	31336029	rs4506917
chr16	31336427	rs3925075
chr16	31336912	rs4075052
chr16	31337527	rs4608351
chr16	31337843	rs4261553
chr16	31346439	rs11150612
chr16	31350602	rs4522435
chr16	31352656	rs11574631
chr16	31353172	rs4548893
chr16	31353588	rs11863903
chr16	31354695	rs11150614
chr16	31355437	rs9938765
chr16	31356857	rs7190997
chr16	31357553	rs11574637
chr16	31358769	rs11150616
chr16	31365528	rs11150619
chr16	31366069	rs13332545
chr16	31375541	rs8052139
chr16	31381987	rs2929
chr16	31382223	rs9929832
chr16	31382858	rs1140195
chr16	31383401	rs11574647
chr16	31384257	rs7199585
chr16	31386479	rs9931651
chr16	31387145	rs17708876
chr16	31389039	rs9930811
chr16	31393181	rs2454907
chr16	31396207	rs2472050
chr16	31398790	rs9936992
chr16	31399627	rs2454909
chr16	31399864	rs2454908
chr16	31410096	rs11640148
chr16	31412499	rs4889544
chr16	31416357	rs8056122
chr16	31424356	rs4312323
chr16	31425611	rs4889657
chr16	31427849	rs12240
chr16	31438677	rs8045738
chr16	31439496	rs4889658
chr16	31440378	rs11643752
chr16	31452757	rs1135265
chr16	31459219	rs3813002
chr16	31465137	rs11150624
chr16	31467390	rs13337037
chr16	31467879	rs4889661
chr16	31471428	rs7188278
chr16	31472301	rs11646911
chr16	31477712	rs13143
chr16	31480661	rs11150626
chr16	31484552	rs9934336
chr16	31486560	rs3813008
chr16	31486700	rs3116150
chr16	31492430	rs4536493
chr16	31498495	rs11865835
chr16	31501765	rs3934739
chr16	31507027	rs6565237
chr16	31508674	rs11866003
chr16	31509955	rs4889545
chr16	31510013	rs4889546
chr16	31511792	rs7187900
chr16	31512605	rs9935222
chr16	31513364	rs8057401
chr16	31514453	rs8062220
chr16	31516499	rs4477723
chr16	31520773	rs4384614
chr16	31521949	rs7350862
chr16	31523177	rs4411513
chr16	31523342	rs6565242
chr16	31525098	rs4553646
chr16	31526334	rs7202020
chr16	31526483	rs13338939
chr16	31527661	rs4499252
chr16	31528709	rs10843
chr16	31529310	rs8048218
chr16	31530950	rs7201796
chr16	31531094	rs7206531
chr16	31533048	rs9923480
chr16	31534297	rs8056084
chr16	31542288	rs6565245
chr16	31547899	rs4564590
chr16	31552337	rs6565247
chr16	31557521	rs6565249
chr16	31565389	rs13333846
chr16	31566892	rs4482295
chr16	31568951	rs4889673
chr16	31591447	rs28572134
chr16	31592451	rs4479245
chr16	31597510	rs10871456
chr16	31601956	rs11865800
chr16	31603872	rs8046892
chr16	31604045	rs8051354
chr16	31617061	rs4402585
chr16	31618828	rs7206770
chr16	31621737	rs11865325
chr16	31622900	rs12149755
chr16	31628697	rs7190391
chr16	31640830	rs9927367
chr16	31645257	rs11867139
chr16	31648594	rs11866987
chr16	31649106	rs1534507
chr16	31653984	rs7204877
chr16	31654073	rs7186753
chr16	31677781	rs1881318
chr16	31680591	rs1528317
chr16	31682742	rs1881316
chr16	31683942	rs9674389
chr16	31685345	rs1406177
chr16	31695936	rs4632148
chr16	31699805	rs8062902
chr16	31704487	rs1468159
chr16	31704610	rs1468158
chr16	31706033	rs1406178
chr16	31708406	rs3751742
chr16	31709165	rs2359455
chr16	31710964	rs17839518
chr16	31711093	rs17839519
chr16	31713515	rs2884713
chr16	31715125	rs4889551
chr16	31717723	rs7197963
chr16	31719204	rs17519579
chr16	31720735	rs7359491
chr16	31726052	rs1304163
chr16	31732342	rs929209
chr16	31732608	rs929208
chr16	31746924	rs8048741
chr16	31750332	rs2359234
chr16	31753460	rs17839526
chr16	31758303	rs7192946
chr16	31758407	rs7187594
chr16	31759703	rs11862739
chr16	31761474	rs11862133
chr16	31768282	rs9936002
chr16	31771451	rs7498390
chr16	31786832	rs2359223
chr16	31790990	rs17839527
chr16	31792064	rs1034614
chr16	31793113	rs6565284
chr16	31801121	rs6565285
chr16	31802978	rs8060086
chr16	31806240	rs4889693
chr16	31807847	rs4889555
chr16	31809486	rs11640526
chr16	31821801	rs1232539
chr16	31831527	rs11150643
chr16	31834376	rs8048000
chr16	31847849	rs1995743
chr16	31849078	rs12447780
chr16	31849183	rs11150644
chr16	31853617	rs6565290
chr16	31867398	rs11150645
chr16	31870384	rs7200162
chr16	31877363	rs11641727
chr16	31880915	rs7203345
chr16	31881598	rs11645176
chr16	31885987	rs4889565
chr16	31890466	rs8059500
chr16	31894034	rs4889517
chr16	31894396	rs3843960
chr16	31895251	rs12446802
chr16	31896476	rs4889518
chr16	31896847	rs3861268
chr16	31907097	rs8048908
chr16	31915298	rs3850114
chr16	31917299	rs7197804
chr16	31918704	rs8056358
chr16	31924774	rs11150651
chr16	31925621	rs4889572
chr16	31926275	rs12444740
chr16	31931883	rs11150652
chr16	31932760	rs1506901
chr16	31935920	rs7500616
chr16	31936440	rs8064209
chr16	31946047	rs9941272
chr16	32126644	rs12927233
chr16	32363103	rs2089308
chr16	32593089	rs28537091
chr16	32637648	rs34105532
chr16	32868092	rs605357
chr16	34034043	rs9674439
chr16	34987328	rs8047974
chr16	35023794	rs6563884
chr16	35025434	rs12931636
chr16	35040768	rs11861828
chr16	35052676	rs12595889
chr16	35058956	rs7193958
chr16	35087092	rs4581708
chr16	35126609	rs11648801
chr16	35127847	rs188142
chr16	35155116	rs12596025
chr16	35193311	rs1872686
chr16	35201814	rs17711752
chr16	35204369	rs7186710
chr16	35281704	rs7196505
chr16	35363172	rs3853178
chr16	35372988	rs2160315
chr16	35396969	rs2004779
chr16	35451149	rs17786254
chr16	35452449	rs237997
chr16	35458794	rs8056602
chr16	35526596	rs171125
chr16	35545430	rs4887584
chr16	35562371	rs17841559
chr16	35569018	rs12929970
chr16	35571488	rs189378
chr16	35582091	rs12926980
chr16	35629854	rs4887603
chr16	35645580	rs1433753
chr16	35661890	rs12923277
chr16	35681763	rs2163977
chr16	35693865	rs12447240
chr16	35710856	rs4887606
chr16	35753491	rs11865764
chr16	35811680	rs7203265
chr16	35826644	rs11645488
chr16	35835155	rs11646602
chr16	35843737	rs4260065
chr16	35853760	rs12599426
chr16	35877214	rs12933929
chr16	35908421	rs12596272
chr16	35934461	rs1597128
chr16	35940068	rs11863937
chr16	46483689	rs4405571
chr16	46505480	rs9935841
chr16	46550186	rs1436434
chr16	46558096	rs12923667
chr16	46568907	rs12934443
chr16	46580683	rs12928618
chr16	46581450	rs1054722
chr16	46584633	rs4967247
chr16	46606783	rs7186662
chr16	46608097	rs17728589
chr16	46610991	rs35313904
chr16	46671590	rs36310
chr16	46679780	rs794279
chr16	46680617	rs700582
chr16	46689686	rs33994299
chr16	46695040	rs41187
chr16	46697501	rs34343511
chr16	46702351	rs370159
chr16	46709763	rs4141491
chr16	46726803	rs166161
chr16	46740087	rs28407821
chr16	46746355	rs36469
chr16	46750077	rs36471
chr16	46750308	rs10468399
chr16	46758969	rs40355
chr16	46763256	rs4401068
chr16	46770552	rs11247495
chr16	46797268	rs36481
chr16	46801028	rs10492855
chr16	46804607	rs8051017
chr16	46808873	rs17189741
chr16	46812751	rs2052236
chr16	46814116	rs808783
chr16	46814610	rs16948661
chr16	46818326	rs7187475
chr16	46822677	rs1651654
chr16	46834890	rs7197033
chr16	46841584	rs1641122
chr16	46842664	rs8053297
chr16	46849038	rs8044443
chr16	46854499	rs1978320
chr16	46855442	rs1009391
chr16	46856054	rs4967576
chr16	46876607	rs7197485
chr16	46876964	rs1869006
chr16	46880510	rs12930613
chr16	46890140	rs4967602
chr16	46893612	rs34454412
chr16	46899505	rs4966710
chr16	46907700	rs4967621
chr16	46908232	rs4966713
chr16	46909524	rs8044153
chr16	46911016	rs754043
chr16	46912406	rs11860484
chr16	46918119	rs734309
chr16	46930110	rs11540355
chr16	46938383	rs7186748
chr16	46951463	rs2341648
chr16	46962645	rs1362406
chr16	46967714	rs2034598
chr16	46969373	rs7189628
chr16	46970159	rs8054039
chr16	46974812	rs4967696
chr16	46983468	rs10459877
chr16	46983606	rs7202325
chr16	46984168	rs12445911
chr16	46988867	rs2058673
chr16	46997176	rs7193264
chr16	47013763	rs8060193
chr16	47017811	rs8058711
chr16	47026328	rs4967739
chr16	47026583	rs1978336
chr16	47035718	rs11640561
chr16	47040324	rs4967746
chr16	47043617	rs4577108
chr16	47049037	rs4966800
chr16	47060460	rs933512
chr16	47060939	rs933511
chr16	47065770	rs9328700
chr16	47075755	rs7192901
chr16	47076398	rs7193042
chr16	47082273	rs16952126
chr16	47082768	rs16952129
chr16	47083743	rs2231982
chr16	47083897	rs2231981
chr16	47088808	rs16952174
chr16	47089813	rs7188942
chr16	47090443	rs7186492
chr16	47094416	rs13330194
chr16	47112807	rs10518838
chr16	47115236	rs2880117
chr16	47116014	rs12934589
chr16	47116945	rs2078256
chr16	47119741	rs9926965
chr16	47122359	rs9922635
chr16	47124955	rs9328707
chr16	47129404	rs16952501
chr16	47133750	rs9936810
chr16	47137422	rs3095622
chr16	47138750	rs4386162
chr16	47139067	rs9935641
chr16	47140364	rs16952589
chr16	47145115	rs7184206
chr16	47153017	rs9928688
chr16	47158846	rs16952886
chr16	47162086	rs6598800
chr16	47166254	rs16953067
chr16	47175911	rs264329
chr16	47177321	rs7202975
chr16	47189507	rs9928466
chr16	47190782	rs1362567
chr16	47196567	rs264328
chr16	47204169	rs1018171
chr16	47205178	rs8055882
chr16	47217104	rs3095628
chr16	47227601	rs17738182
chr16	47236047	rs16953992
chr16	47242909	rs3095627
chr16	47242970	rs7200665
chr16	47250066	rs8063584
chr16	47255477	rs185529
chr16	47256860	rs34213592
chr16	47257104	rs13332800
chr16	47267081	rs13339406
chr16	47269724	rs174642
chr16	47269927	rs12928230
chr16	47282462	rs13333003
chr16	47288305	rs7200149
chr16	47296333	rs8053323
chr16	47299712	rs16955095
chr16	47303404	rs16955202
chr16	47313869	rs2058769
chr16	47323640	rs11862517
chr16	47329490	rs1541589
chr16	47331634	rs28450418
chr16	47345109	rs35514741
chr16	47357158	rs16956031
chr16	47361475	rs16956083
chr16	47365549	rs16956093
chr16	47376036	rs7185641
chr16	47377292	rs13332786
chr16	47383542	rs7197586
chr16	47384520	rs7202716
chr16	47390917	rs4966882
chr16	47399623	rs11865790
chr16	47402106	rs13339357
chr16	47405306	rs16945353
chr16	47427284	rs16945354
chr16	47428940	rs17811434
chr16	47432896	rs8046425
chr16	47433910	rs8052243
chr16	47444562	rs9932230
chr16	47445627	rs9922569
chr16	47450928	rs16945357
chr16	47452906	rs2111227
chr16	47454349	rs12930708
chr16	47457850	rs7204944
chr16	47461882	rs3809676
chr16	47462005	rs9328591
chr16	47469262	rs16945372
chr16	47475387	rs7200554
chr16	47477412	rs9328592
chr16	47487260	rs16945382
chr16	47492908	rs12931879
chr16	47496519	rs13334342
chr16	47501341	rs7185915
chr16	47503003	rs17738933
chr16	47504099	rs12149656
chr16	47510786	rs16945387
chr16	47535821	rs11862096
chr16	47549961	rs7194249
chr16	47561094	rs16945408
chr16	47566565	rs16945413
chr16	47571500	rs11863178
chr16	47578388	rs9935427
chr16	47579107	rs7199696
chr16	47586820	rs16945430
chr16	47592836	rs28597108
chr16	47596628	rs12445959
chr16	47619210	rs16945438
chr16	47622261	rs17739525
chr16	47624282	rs16945443
chr16	47627960	rs2880205
chr16	47628684	rs13330510
chr16	47657298	rs3785336
chr16	47660910	rs7195074
chr16	47662538	rs1200968
chr16	47687108	rs8052294
chr16	47694172	rs16945493
chr16	47695430	rs4966454
chr16	47695882	rs1015589
chr16	47701119	rs7202866
chr16	47707285	rs8046175
chr16	47708419	rs1011450
chr16	47708784	rs1551300
chr16	47710580	rs2054000
chr16	47714895	rs9328600
chr16	47720655	rs11247417
chr16	47727974	rs12595881
chr16	47729931	rs12927080
chr16	47736231	rs8044496
chr16	47744421	rs9929392
chr16	47751045	rs16945553
chr16	47753500	rs12920986
chr16	47763235	rs7202175
chr16	47767179	rs7199371
chr16	47783342	rs11645678
chr16	47785311	rs7202612
chr16	47785413	rs7202145
chr16	47786624	rs7186864
chr16	47795625	rs7185877
chr16	47800151	rs16945613
chr16	47806079	rs1031469
chr16	47806438	rs16945629
chr16	47806934	rs8063768
chr16	47816399	rs9932128
chr16	47819157	rs7203019
chr16	47819956	rs16945652
chr16	47826020	rs12924863
chr16	47827903	rs16945661
chr16	47829521	rs16945662
chr16	47845128	rs28853924
chr16	47850351	rs28539472
chr16	47851573	rs28496502
chr16	47858624	rs3903067
chr16	47862164	rs9934668
chr16	47863136	rs9927438
chr16	47870086	rs10492847
chr16	47870957	rs8052416
chr16	47875006	rs9931666
chr16	47888083	rs1985323
chr16	47892350	rs9938516
chr16	47895177	rs8054830
chr16	47904119	rs8053678
chr16	47907194	rs888339
chr16	47908631	rs9888888
chr16	47917876	rs6500387
chr16	47920920	rs8062495
chr16	47926005	rs10521034
chr16	47930055	rs9937514
chr16	47946356	rs16945716
chr16	47947843	rs7195967
chr16	47948375	rs8055303
chr16	47952246	rs929693
chr16	47963827	rs4785551
chr16	47998418	rs12149765
chr16	48025040	rs11640776
chr16	48027227	rs649510
chr16	48029844	rs17614940
chr16	48032839	rs519236
chr16	48033509	rs7189507
chr16	48035203	rs494116
chr16	48045223	rs520151
chr16	48047985	rs6500253
chr16	48066724	rs546791
chr16	48073910	rs11864016
chr16	48082963	rs1978351
chr16	48088671	rs7193955
chr16	48130866	rs12149826
chr16	48139470	rs8046826
chr16	48140648	rs16945869
chr16	48141324	rs16945874
chr16	48143151	rs8049005
chr16	48143422	rs8058522
chr16	48146171	rs8062222
chr16	48146199	rs16945894
chr16	48149388	rs8062641
chr16	48152462	rs11861127
chr16	48156474	rs6500338
chr16	48160112	rs957881
chr16	48163192	rs8050306
chr16	48165619	rs17743256
chr16	48167521	rs16945916
chr16	48168592	rs17821664
chr16	48176808	rs10163354
chr16	48183890	rs16945919
chr16	48187668	rs17743708
chr16	48192568	rs12443685
chr16	48193951	rs11866251
chr16	48200416	rs16945930
chr16	48202755	rs7206909
chr16	48208987	rs7194667
chr16	48210465	rs8051016
chr16	48210806	rs13334798
chr16	48211843	rs10521168
chr16	48213612	rs11866529
chr16	48215007	rs8047091
chr16	48216100	rs11863233
chr16	48216115	rs11863236
chr16	48219062	rs13335504
chr16	48220075	rs9939742
chr16	48221628	rs9941123
chr16	48222573	rs16945972
chr16	48222691	rs16945974
chr16	48224287	rs17822931
chr16	48226719	rs8056100
chr16	48230337	rs8043751
chr16	48230706	rs13336759
chr16	48231866	rs16945988
chr16	48232278	rs16945990
chr16	48232628	rs11859911
chr16	48232920	rs11865596
chr16	48234407	rs11861379
chr16	48235018	rs13336625
chr16	48235650	rs10521167
chr16	48236663	rs9932328
chr16	48237551	rs8043685
chr16	48237907	rs8054444
chr16	48238475	rs16946014
chr16	48243939	rs9940038
chr16	48244751	rs7187166
chr16	48246493	rs11076560
chr16	48272483	rs9926192
chr16	48274176	rs11076561
chr16	48278296	rs4528570
chr16	48280927	rs13331250
chr16	48284817	rs13336771
chr16	48291751	rs12102896
chr16	48302586	rs9302757
chr16	48306222	rs1386053
chr16	48318227	rs9933211
chr16	48324457	rs12446160
chr16	48327271	rs34135802
chr16	48336426	rs11641619
chr16	48338550	rs8046408
chr16	48341866	rs6500380
chr16	48343990	rs16946122
chr16	48344203	rs8055028
chr16	48346421	rs11076565
chr16	48350433	rs8051441
chr16	48350459	rs8055764
chr16	48352046	rs11552148
chr16	48355927	rs2129245
chr16	48356601	rs8053839
chr16	48356980	rs10221107
chr16	48357237	rs9302758
chr16	48360419	rs8054314
chr16	48360715	rs8190
chr16	48367068	rs9925772
chr16	48373275	rs28617382
chr16	48373774	rs11648245
chr16	48381700	rs6500385
chr16	48390562	rs17825174
chr16	48406719	rs10048092
chr16	48414175	rs9938490
chr16	48415260	rs17752448
chr16	48436335	rs16946181
chr16	48436804	rs8047729
chr16	48437314	rs9302759
chr16	48437419	rs9302760
chr16	48440351	rs7197521
chr16	48443182	rs17752673
chr16	48444985	rs8063703
chr16	48446024	rs11076566
chr16	48450619	rs10468296
chr16	48454616	rs7184700
chr16	48455476	rs12386020
chr16	48458950	rs8054696
chr16	48459810	rs11645438
chr16	48461763	rs11076568
chr16	48470453	rs2173715
chr16	48478198	rs9889065
chr16	48479050	rs1566466
chr16	48479070	rs1566467
chr16	48479124	rs9923273
chr16	48479913	rs2088753
chr16	48489532	rs8063059
chr16	48490251	rs8052026
chr16	48493083	rs9921402
chr16	48497260	rs2062553
chr16	48497497	rs2062554
chr16	48498649	rs4785521
chr16	48498835	rs11076569
chr16	48503510	rs1004704
chr16	48504025	rs17826113
chr16	48504900	rs1001872
chr16	48510350	rs1948713
chr16	48520338	rs9925138
chr16	48522662	rs9933187
chr16	48524007	rs9924078
chr16	48526404	rs2883475
chr16	48527030	rs8046716
chr16	48534197	rs6500393
chr16	48537352	rs9930199
chr16	48538906	rs1224
chr16	48539517	rs9941275
chr16	48540129	rs3743779
chr16	48540726	rs1039340
chr16	48544190	rs2047601
chr16	48551031	rs3817029
chr16	48553310	rs2291399
chr16	48554703	rs3785138
chr16	48555151	rs3826176
chr16	48556677	rs3826175
chr16	48568332	rs989070
chr16	48569281	rs9922734
chr16	48570185	rs8052640
chr16	48575244	rs4785523
chr16	48575484	rs3859121
chr16	48578450	rs9937568
chr16	48586030	rs4785524
chr16	48587491	rs6500395
chr16	48596023	rs8059905
chr16	48598567	rs11649236
chr16	48603267	rs2354580
chr16	48606114	rs9922356
chr16	48613106	rs1564979
chr16	48620164	rs1872656
chr16	48630770	rs7185541
chr16	48632064	rs4315324
chr16	48632589	rs7198145
chr16	48639075	rs7194570
chr16	48640386	rs1906047
chr16	48648923	rs8059819
chr16	48653443	rs6500402
chr16	48659431	rs12597569
chr16	48671631	rs7190106
chr16	48673389	rs1477133
chr16	48687632	rs16946440
chr16	48692912	rs1477135
chr16	48695472	rs12446683
chr16	48696811	rs1558817
chr16	48707311	rs4028684
chr16	48713522	rs11861256
chr16	48714604	rs3103015
chr16	48715139	rs4785251
chr16	48715624	rs1420722
chr16	48720580	rs1420720
chr16	48729414	rs7404238
chr16	48733613	rs11861584
chr16	48733692	rs1420719
chr16	48733820	rs1420718
chr16	48734335	rs11076579
chr16	48737470	rs11076582
chr16	48737557	rs11076583
chr16	48737677	rs1872693
chr16	48742457	rs10521176
chr16	48742662	rs10521177
chr16	48745867	rs17828898
chr16	48746194	rs3103009
chr16	48746541	rs11639684
chr16	48746557	rs11642591
chr16	48749162	rs11643104
chr16	48751911	rs12599325
chr16	48754975	rs6500410
chr16	48767788	rs2041922
chr16	48775848	rs2355308
chr16	48783796	rs6500414
chr16	48787629	rs2355311
chr16	48789104	rs1420716
chr16	48789151	rs1420715
chr16	48789780	rs10521178
chr16	48790188	rs11640211
chr16	48791593	rs1420713
chr16	48792670	rs1420710
chr16	48800414	rs1420702
chr16	48802053	rs1579257
chr16	48812259	rs6500417
chr16	48817297	rs1420597
chr16	48825152	rs1548926
chr16	48826164	rs1541586
chr16	48827019	rs4785548
chr16	48829611	rs3095657
chr16	48830412	rs4785550
chr16	48832510	rs11643759
chr16	48833302	rs9936285
chr16	48833637	rs12447345
chr16	48834814	rs16946580
chr16	48838167	rs1548931
chr16	48838435	rs1420593
chr16	48838825	rs1386085
chr16	48842555	rs6500419
chr16	48843720	rs1872694
chr16	48845411	rs4785552
chr16	48845548	rs12929787
chr16	48847518	rs6500420
chr16	48854361	rs7498265
chr16	48855266	rs3095653
chr16	48855383	rs3103008
chr16	48855589	rs3103007
chr16	48856273	rs11076597
chr16	48856564	rs12598215
chr16	48857710	rs3095652
chr16	48859198	rs1362587
chr16	48860135	rs3095646
chr16	48861514	rs6416781
chr16	48863364	rs11649016
chr16	48864197	rs3095638
chr16	48866026	rs874880
chr16	48866435	rs933548
chr16	48867837	rs12448471
chr16	48868556	rs7200082
chr16	48868623	rs7186883
chr16	48869413	rs4785259
chr16	48871229	rs730462
chr16	48872568	rs10521169
chr16	48873039	rs4785262
chr16	48876352	rs17830374
chr16	48876823	rs4785263
chr16	48885224	rs4785264
chr16	48892824	rs1362591
chr16	48893307	rs2058759
chr16	48895061	rs2355648
chr16	48898472	rs2216190
chr16	48904327	rs11076455
chr16	48907095	rs3944008
chr16	48919070	rs12930072
chr16	48920263	rs4785267
chr16	48923313	rs12448796
chr16	48928041	rs11865820
chr16	48929129	rs2160488
chr16	48933823	rs7189408
chr16	48934255	rs4785153
chr16	48941133	rs1990687
chr16	48941893	rs6500206
chr16	48942968	rs7190670
chr16	48944503	rs17763532
chr16	48945537	rs933542
chr16	48948087	rs933543
chr16	48950332	rs7186607
chr16	48954026	rs7189009
chr16	48961985	rs1420585
chr16	48964341	rs4785272
chr16	48969867	rs4785155
chr16	48971355	rs12599883
chr16	48971912	rs11859080
chr16	48975479	rs8053786
chr16	48977338	rs6500208
chr16	48980322	rs4785275
chr16	48982281	rs12148960
chr16	48982859	rs1548928
chr16	48983397	rs1548929
chr16	48985283	rs1972586
chr16	48988479	rs1592547
chr16	48989149	rs4785157
chr16	48994156	rs1861557
chr16	48995767	rs1420589
chr16	48995930	rs10852588
chr16	48998030	rs16946750
chr16	48999340	rs1420590
chr16	48999414	rs1362578
chr16	49004309	rs1075875
chr16	49005166	rs1558760
chr16	49005397	rs2908868
chr16	49007084	rs17764539
chr16	49008480	rs746048
chr16	49010331	rs755284
chr16	49011658	rs2160491
chr16	49014033	rs13332755
chr16	49014974	rs7203844
chr16	49015061	rs3095670
chr16	49015667	rs1420591
chr16	49017470	rs2908866
chr16	49021083	rs1894951
chr16	49023814	rs1345395
chr16	49028679	rs2080454
chr16	49035607	rs2908884
chr16	49037283	rs8050477
chr16	49041737	rs2908881
chr16	49044769	rs2160494
chr16	49047668	rs2908879
chr16	49049019	rs12928871
chr16	49051982	rs1420598
chr16	49054094	rs1861569
chr16	49054640	rs2908876
chr16	49055511	rs2908875
chr16	49058207	rs722396
chr16	49058208	rs722395
chr16	49061376	rs2908873
chr16	49063366	rs9938059
chr16	49065271	rs12926396
chr16	49066788	rs2908922
chr16	49066979	rs16946848
chr16	49068164	rs10744988
chr16	49078317	rs9930343
chr16	49079252	rs11859884
chr16	49079352	rs12446998
chr16	49079376	rs17765870
chr16	49081096	rs9972834
chr16	49081442	rs1420612
chr16	49081725	rs2967249
chr16	49082051	rs10521175
chr16	49083139	rs2908915
chr16	49083500	rs9635530
chr16	49084188	rs16946876
chr16	49085538	rs16946880
chr16	49087952	rs11859629
chr16	49089019	rs7499215
chr16	49089607	rs1345407
chr16	49090127	rs1345406
chr16	49090217	rs1345405
chr16	49090543	rs1420611
chr16	49093557	rs16946901
chr16	49093731	rs16946903
chr16	49096152	rs2967246
chr16	49096447	rs8052030
chr16	49096998	rs2967245
chr16	49097053	rs7197607
chr16	49098092	rs2908909
chr16	49100382	rs1558757
chr16	49100569	rs2908907
chr16	49102154	rs2883805
chr16	49105434	rs7194450
chr16	49110844	rs8056071
chr16	49112234	rs16946952
chr16	49117228	rs2024478
chr16	49120897	rs2967285
chr16	49121602	rs2908902
chr16	49121790	rs2967284
chr16	49122281	rs2967283
chr16	49122837	rs8059003
chr16	49123592	rs4785162
chr16	49124187	rs2967278
chr16	49126131	rs1397590
chr16	49128159	rs16946985
chr16	49129211	rs1510987
chr16	49130503	rs2908895
chr16	49130730	rs1510986
chr16	49131584	rs2941709
chr16	49132366	rs1345401
chr16	49133363	rs11644517
chr16	49133589	rs2967289
chr16	49137726	rs1355381
chr16	49138947	rs2967266
chr16	49139275	rs7185543
chr16	49140168	rs1397587
chr16	49146127	rs1355380
chr16	49146625	rs1510981
chr16	49147985	rs1543957
chr16	49148640	rs2941708
chr16	49152721	rs1582356
chr16	49167722	rs4602036
chr16	49169794	rs11076468
chr16	49171551	rs4785163
chr16	49172384	rs11649147
chr16	49172503	rs11642801
chr16	49176878	rs11076469
chr16	49181517	rs11648144
chr16	49185573	rs7187779
chr16	49191884	rs4536476
chr16	49194385	rs10852591
chr16	49194575	rs12918054
chr16	49194932	rs4547328
chr16	49197109	rs7197133
chr16	49198441	rs8056754
chr16	49198548	rs4417546
chr16	49203127	rs12920150
chr16	49203839	rs8063808
chr16	49216182	rs13334772
chr16	49221033	rs1816582
chr16	49221085	rs1816581
chr16	49221592	rs1898359
chr16	49223924	rs12599955
chr16	49225598	rs11647643
chr16	49227805	rs893177
chr16	49235710	rs1437112
chr16	49236477	rs1865958
chr16	49236756	rs10852592
chr16	49239354	rs11076477
chr16	49240077	rs194422
chr16	49244200	rs41192
chr16	49244609	rs41191
chr16	49245091	rs41190
chr16	49247177	rs41188
chr16	49248694	rs11647741
chr16	49251606	rs6500224
chr16	49261696	rs1510989
chr16	49267880	rs7188687
chr16	49268598	rs41204
chr16	49268915	rs1567522
chr16	49269490	rs41206
chr16	49269907	rs893175
chr16	49271536	rs1469906
chr16	49276048	rs41209
chr16	49278105	rs3743777
chr16	49278762	rs41210
chr16	49279214	rs3743776
chr16	49280452	rs11076478
chr16	49289909	rs41212
chr16	49290505	rs1858274
chr16	49290828	rs41214
chr16	49293170	rs9935379
chr16	49293360	rs17189506
chr16	49297229	rs17775330
chr16	49297518	rs1020053
chr16	49297617	rs1437109
chr16	49299378	rs874466
chr16	49301871	rs7198330
chr16	49304589	rs12598711
chr16	49309881	rs12922538
chr16	49310808	rs8052939
chr16	49310975	rs8052686
chr16	49314843	rs8055192
chr16	49322100	rs2356262
chr16	49324790	rs152709
chr16	49326447	rs152712
chr16	49326518	rs17190089
chr16	49327270	rs152713
chr16	49329601	rs27788
chr16	49330605	rs27791
chr16	49331023	rs27792
chr16	49331145	rs27864
chr16	49331750	rs27793
chr16	49332795	rs12931576
chr16	49334730	rs36508
chr16	49335743	rs28134
chr16	49337032	rs36510
chr16	49337962	rs36511
chr16	49338894	rs3213881
chr16	49340712	rs27822
chr16	49348920	rs7187060
chr16	49358057	rs8060115
chr16	49359007	rs12596388
chr16	49360365	rs8057939
chr16	49370009	rs8064039
chr16	49371813	rs484773
chr16	49378620	rs27813
chr16	49378697	rs27783
chr16	49379165	rs152653
chr16	49380325	rs194435
chr16	49386437	rs152646
chr16	49388177	rs2111245
chr16	49390357	rs149204
chr16	49395714	rs152671
chr16	49396318	rs27795
chr16	49397020	rs17197349
chr16	49397035	rs2287996
chr16	49397180	rs27797
chr16	49397348	rs1819869
chr16	49398913	rs2278026
chr16	49399015	rs4785287
chr16	49399616	rs27799
chr16	49401019	rs12598511
chr16	49402522	rs27806
chr16	49404129	rs27807
chr16	49408930	rs11862457
chr16	49409095	rs17197792
chr16	49410058	rs152655
chr16	49410835	rs152654
chr16	49410852	rs9928068
chr16	49412046	rs747762
chr16	49415827	rs7201124
chr16	49416136	rs2356265
chr16	49418176	rs16947390
chr16	49418247	rs4785289
chr16	49418706	rs4785291
chr16	49419965	rs4785170
chr16	49421321	rs2111247
chr16	49422380	rs27817
chr16	49425070	rs27815
chr16	49430040	rs16947433
chr16	49434756	rs4785299
chr16	49435223	rs918702
chr16	49435687	rs41346446
chr16	49438461	rs9938129
chr16	49444009	rs4785172
chr16	49446424	rs13334253
chr16	49454240	rs17788691
chr16	49455256	rs39662
chr16	49455483	rs4785306
chr16	49459216	rs9922209
chr16	49459592	rs7186041
chr16	49460970	rs4785173
chr16	49462405	rs4785174
chr16	49463054	rs8052208
chr16	49468092	rs8046133
chr16	49470255	rs4785310
chr16	49471354	rs12102286
chr16	49476165	rs9928263
chr16	49479038	rs579980
chr16	49481383	rs533227
chr16	49481517	rs534219
chr16	49481664	rs574388
chr16	49483075	rs518989
chr16	49486034	rs193915
chr16	49486306	rs193913
chr16	49486453	rs193912
chr16	49487291	rs193909
chr16	49487382	rs7189648
chr16	49487397	rs193908
chr16	49489544	rs193907
chr16	49494288	rs729805
chr16	49498805	rs10852596
chr16	49499473	rs9935871
chr16	49499841	rs2241257
chr16	49499885	rs2241258
chr16	49503154	rs7194384
chr16	49503199	rs7196550
chr16	49503428	rs7201926
chr16	49503786	rs16947530
chr16	49506182	rs1990725
chr16	49506324	rs9935548
chr16	49507778	rs12596987
chr16	49508017	rs1344528
chr16	49509268	rs9929500
chr16	49509625	rs8062059
chr16	49509700	rs17789450
chr16	49510329	rs8063279
chr16	49512445	rs6500230
chr16	49513586	rs16947542
chr16	49515675	rs8055775
chr16	49517835	rs9939835
chr16	49518208	rs9939556
chr16	49518471	rs7202029
chr16	49520467	rs7192776
chr16	49520969	rs12600232
chr16	49521281	rs12449235
chr16	49523571	rs2287314
chr16	49531350	rs1861659
chr16	49535631	rs12929839
chr16	49536102	rs2080637
chr16	49539937	rs6500231
chr16	49542337	rs1362629
chr16	49547296	rs7205107
chr16	49552153	rs8061885
chr16	49552816	rs4785319
chr16	49555375	rs4785322
chr16	49555484	rs12933502
chr16	49556523	rs9924026
chr16	49558360	rs11644876
chr16	49559256	rs746156
chr16	49559615	rs746158
chr16	49560508	rs11647781
chr16	49562118	rs4785323
chr16	49564351	rs7198698
chr16	49567857	rs16947618
chr16	49568529	rs12597210
chr16	49570518	rs1362631
chr16	49571619	rs10451128
chr16	49575292	rs1420679
chr16	49578869	rs9938824
chr16	49580127	rs7187662
chr16	49580607	rs12923113
chr16	49581210	rs9934406
chr16	49581246	rs12924091
chr16	49581476	rs12445189
chr16	49581627	rs4785325
chr16	49581676	rs4785326
chr16	49582530	rs9938973
chr16	49582947	rs9932213
chr16	49583149	rs16947647
chr16	49583944	rs1420681
chr16	49585952	rs11643079
chr16	49586718	rs16947659
chr16	49586776	rs7204390
chr16	49587049	rs1420682
chr16	49587077	rs1420683
chr16	49592085	rs9940828
chr16	49596191	rs9934292
chr16	49598068	rs16947671
chr16	49598118	rs16947676
chr16	49600729	rs9807005
chr16	49601221	rs1004867
chr16	49605904	rs2098421
chr16	49608948	rs716629
chr16	49609655	rs2080501
chr16	49610387	rs7203818
chr16	49617026	rs11076489
chr16	49622187	rs4490001
chr16	49624613	rs2080353
chr16	49625770	rs11866964
chr16	49629108	rs1861656
chr16	49629559	rs7196437
chr16	49632652	rs1420676
chr16	49635044	rs12919799
chr16	49636479	rs3803667
chr16	49637307	rs16947741
chr16	49637607	rs13336762
chr16	49638923	rs17195211
chr16	49641896	rs1861657
chr16	49642475	rs2356612
chr16	49643601	rs8043733
chr16	49645162	rs12444534
chr16	49648000	rs9630635
chr16	49649509	rs2541704
chr16	49650027	rs1861339
chr16	49650410	rs2540736
chr16	49651773	rs9940358
chr16	49652052	rs12933976
chr16	49652075	rs7184732
chr16	49653913	rs16947792
chr16	49654037	rs8050856
chr16	49655007	rs9938109
chr16	49655038	rs9302740
chr16	49655565	rs16947798
chr16	49657048	rs4785179
chr16	49657702	rs873793
chr16	49661419	rs7194614
chr16	49662868	rs999022
chr16	49665397	rs6500240
chr16	49665506	rs8054721
chr16	49669485	rs12924119
chr16	49670718	rs8057505
chr16	49674934	rs8062654
chr16	49678907	rs2883977
chr16	49679990	rs12934989
chr16	49683660	rs1990629
chr16	49686002	rs2216060
chr16	49686329	rs1477020
chr16	49693663	rs1477023
chr16	49694070	rs12447501
chr16	49699152	rs11076496
chr16	49703184	rs4785182
chr16	49705127	rs766985
chr16	49709428	rs9927179
chr16	49715036	rs16947879
chr16	49716648	rs12448972
chr16	49716879	rs17281813
chr16	49720674	rs12444753
chr16	49721964	rs4785333
chr16	49722242	rs9302741
chr16	49722548	rs4785185
chr16	49723306	rs4785186
chr16	49724683	rs6500244
chr16	49728010	rs1505112
chr16	49729956	rs12928191
chr16	49731037	rs2292155
chr16	49731222	rs2292156
chr16	49731826	rs7189968
chr16	49732423	rs6500245
chr16	49732861	rs4785187
chr16	49734135	rs10468291
chr16	49740844	rs7498127
chr16	49742931	rs9938225
chr16	49744236	rs6500249
chr16	49745544	rs4785338
chr16	49745628	rs4785339
chr16	49747096	rs7202513
chr16	49748928	rs2110828
chr16	49755944	rs6500252
chr16	49757615	rs9936954
chr16	49759777	rs7190489
chr16	49761966	rs7405208
chr16	49762370	rs7405268
chr16	49762623	rs10521192
chr16	49762920	rs7500906
chr16	49766407	rs16947955
chr16	49766927	rs2080352
chr16	49768169	rs7403948
chr16	49770591	rs12931268
chr16	49773811	rs4785345
chr16	49774706	rs4785347
chr16	49775652	rs7403957
chr16	49777522	rs1477025
chr16	49779755	rs7199979
chr16	49787590	rs1861335
chr16	49788516	rs12928289
chr16	49789029	rs12934314
chr16	49789328	rs2271063
chr16	49790986	rs6500257
chr16	49791571	rs7197190
chr16	49792388	rs7199484
chr16	49794494	rs11076499
chr16	49796293	rs8060157
chr16	49796730	rs12924415
chr16	49797655	rs9930152
chr16	49797677	rs9940645
chr16	49801798	rs11649602
chr16	49802360	rs750589
chr16	49805337	rs11649548
chr16	49805871	rs4785358
chr16	49807666	rs11647031
chr16	49810753	rs4074849
chr16	49814028	rs4076548
chr16	49830880	rs2047937
chr16	49832045	rs11646103
chr16	49832094	rs933558
chr16	49840422	rs11076503
chr16	49840765	rs933561
chr16	49843191	rs2160565
chr16	49846803	rs2242466
chr16	49851826	rs1362622
chr16	49862769	rs8058644
chr16	49863384	rs2356736
chr16	49864530	rs6500261
chr16	49864795	rs9927565
chr16	49869993	rs8047011
chr16	49877709	rs12709072
chr16	49879182	rs1814271
chr16	49879309	rs1814272
chr16	49880134	rs17284377
chr16	49880412	rs12934952
chr16	49882262	rs12922462
chr16	49882411	rs4785362
chr16	49887397	rs2080498
chr16	49887413	rs2080499
chr16	49887444	rs2080500
chr16	49892463	rs6500264
chr16	49893602	rs11076507
chr16	49893820	rs11076508
chr16	49894532	rs9934407
chr16	49898895	rs4785195
chr16	49900784	rs12447912
chr16	49907319	rs10521193
chr16	49909893	rs9944315
chr16	49912759	rs6500265
chr16	49912982	rs17212761
chr16	49914721	rs4785365
chr16	49917337	rs11648177
chr16	49921211	rs17841343
chr16	49922283	rs4785367
chr16	49924191	rs13335101
chr16	49924812	rs2058809
chr16	49924924	rs2058810
chr16	49926346	rs13334547
chr16	49927540	rs9941028
chr16	49928495	rs6500266
chr16	49931890	rs12446775
chr16	49936052	rs4785369
chr16	49938696	rs9937180
chr16	49946840	rs4785371
chr16	49947754	rs13331896
chr16	49948263	rs7191565
chr16	49949616	rs13339417
chr16	49955192	rs1894968
chr16	49964030	rs6500271
chr16	49964273	rs7188763
chr16	49965069	rs12922806
chr16	49966672	rs7201362
chr16	49967022	rs12449010
chr16	49969413	rs1861648
chr16	49974378	rs9935692
chr16	49976865	rs1477122
chr16	49980056	rs12597023
chr16	49981003	rs4489999
chr16	49984627	rs2004924
chr16	49994194	rs7204293
chr16	50000769	rs1187411
chr16	50001034	rs12445755
chr16	50004391	rs8050299
chr16	50011928	rs4638568
chr16	50015040	rs7204814
chr16	50025589	rs7194313
chr16	50028402	rs17213285
chr16	50028661	rs1362633
chr16	50028700	rs7201173
chr16	50028890	rs2884041
chr16	50035025	rs12709075
chr16	50035317	rs9927260
chr16	50037319	rs10852605
chr16	50038208	rs1420692
chr16	50039997	rs6500279
chr16	50051339	rs6416784
chr16	50055281	rs4785201
chr16	50056455	rs9936966
chr16	50057424	rs11649294
chr16	50058380	rs7186889
chr16	50060316	rs9932240
chr16	50060704	rs8048108
chr16	50065307	rs7193138
chr16	50065836	rs8052492
chr16	50065866	rs8051902
chr16	50069823	rs4785204
chr16	50072683	rs2287197
chr16	50073472	rs1861662
chr16	50079862	rs8051216
chr16	50080187	rs7191639
chr16	50083405	rs8047742
chr16	50084334	rs877639
chr16	50086982	rs2356837
chr16	50095543	rs2058813
chr16	50101630	rs1477128
chr16	50109033	rs8046148
chr16	50114497	rs6500288
chr16	50114597	rs7206735
chr16	50120902	rs6500291
chr16	50126583	rs12931417
chr16	50130138	rs4785386
chr16	50137427	rs7185189
chr16	50140772	rs3886584
chr16	50144425	rs6500294
chr16	50144613	rs8057633
chr16	50152358	rs11646815
chr16	50178656	rs9934562
chr16	50180936	rs7202583
chr16	50183698	rs7192973
chr16	50185538	rs6500298
chr16	50188182	rs7191151
chr16	50190472	rs8057842
chr16	50193979	rs1420687
chr16	50194075	rs1420686
chr16	50196005	rs16948304
chr16	50203702	rs17286761
chr16	50204027	rs4785205
chr16	50209463	rs11076522
chr16	50216322	rs11859225
chr16	50217679	rs3887556
chr16	50218102	rs9932844
chr16	50225572	rs4785393
chr16	50225665	rs4490002
chr16	50227170	rs9937905
chr16	50231907	rs4611456
chr16	50239636	rs4444336
chr16	50240540	rs9937930
chr16	50247760	rs4268746
chr16	50247786	rs4451936
chr16	50251483	rs3915617
chr16	50258073	rs11076529
chr16	50258432	rs1540620
chr16	50271177	rs9934026
chr16	50272445	rs7193434
chr16	50274269	rs11859543
chr16	50278591	rs8061808
chr16	50279173	rs4785401
chr16	50283905	rs1078151
chr16	50285980	rs3760012
chr16	50286084	rs3892156
chr16	50292302	rs9936021
chr16	50293528	rs2302712
chr16	50293683	rs2302715
chr16	50293925	rs9939322
chr16	50298262	rs7191958
chr16	50298539	rs728962
chr16	50301511	rs7186882
chr16	50302085	rs7193875
chr16	50306243	rs4785210
chr16	50306306	rs4785403
chr16	50307592	rs4785211
chr16	50308747	rs17289102
chr16	50311101	rs3826173
chr16	50314666	rs3813755
chr16	50316299	rs1872691
chr16	50316972	rs1064448
chr16	50317533	rs4785407
chr16	50321830	rs9922362
chr16	50322085	rs7184802
chr16	50325990	rs8046783
chr16	50327466	rs11644043
chr16	50327828	rs4785408
chr16	50328475	rs4785409
chr16	50329648	rs12325247
chr16	50330487	rs7205089
chr16	50331914	rs4467073
chr16	50337827	rs11644386
chr16	50339620	rs12596309
chr16	50342044	rs4643314
chr16	50344596	rs9930316
chr16	50350532	rs12932353
chr16	50351557	rs4785412
chr16	50355574	rs8047812
chr16	50357399	rs4555156
chr16	50362826	rs11646782
chr16	50369616	rs1548915
chr16	50379321	rs8060063
chr16	50381073	rs11076531
chr16	50381100	rs8052403
chr16	50383266	rs17289613
chr16	50385293	rs8054797
chr16	50386234	rs17289704
chr16	50386912	rs7186512
chr16	50389085	rs6500310
chr16	50391899	rs12918551
chr16	50392143	rs6500312
chr16	50393217	rs7499231
chr16	50393643	rs1990684
chr16	50393914	rs12102660
chr16	50395420	rs16948451
chr16	50399455	rs10438571
chr16	50401625	rs752426
chr16	50402483	rs7191218
chr16	50402612	rs11648136
chr16	50403119	rs4027481
chr16	50407268	rs9922376
chr16	50407297	rs731660
chr16	50409289	rs4369662
chr16	50409480	rs4344741
chr16	50409496	rs4598913
chr16	50410248	rs9922832
chr16	50414721	rs7195270
chr16	50416129	rs8059109
chr16	50417739	rs7204069
chr16	50419495	rs1592539
chr16	50421190	rs9929881
chr16	50424395	rs7197526
chr16	50424911	rs9941165
chr16	50426203	rs1872692
chr16	50427140	rs4785419
chr16	50429619	rs4785420
chr16	50435127	rs8047519
chr16	50438639	rs9940257
chr16	50439637	rs9933275
chr16	50439650	rs11076534
chr16	50440214	rs12447130
chr16	50440976	rs4511529
chr16	50445072	rs753111
chr16	50445460	rs1548914
chr16	50446883	rs4785424
chr16	50452064	rs7189496
chr16	50453928	rs8053660
chr16	50459519	rs4785426
chr16	50468933	rs1592538
chr16	50469469	rs7192812
chr16	50474190	rs6500315
chr16	50480586	rs8047853
chr16	50489283	rs8044151
chr16	50494571	rs11866594
chr16	50502915	rs12149258
chr16	50505412	rs2041786
chr16	50507635	rs4349140
chr16	50516830	rs1073268
chr16	50520685	rs12930566
chr16	50532059	rs1990623
chr16	50543201	rs41332949
chr16	50544538	rs11642187
chr16	50553682	rs11647532
chr16	50554065	rs4785434
chr16	50555332	rs4785217
chr16	50555675	rs13334982
chr16	50561435	rs17291318
chr16	50564887	rs4785437
chr16	50566966	rs2216054
chr16	50573089	rs882671
chr16	50574105	rs4785438
chr16	50583773	rs11641526
chr16	50592284	rs7204135
chr16	50593467	rs4785220
chr16	50597427	rs4785439
chr16	50600757	rs9930788
chr16	50608077	rs2357620
chr16	50608226	rs730055
chr16	50608543	rs746702
chr16	50615274	rs16948672
chr16	50615375	rs4785442
chr16	50627051	rs8047222
chr16	50627362	rs9673419
chr16	50628933	rs1558663
chr16	50631178	rs11640716
chr16	50634515	rs12913
chr16	50639740	rs749985
chr16	50642603	rs7199150
chr16	50643660	rs4486887
chr16	50644277	rs6500325
chr16	50653048	rs7186262
chr16	50653104	rs2066849
chr16	50653279	rs6500327
chr16	50653762	rs8050932
chr16	50658453	rs1109863
chr16	50660100	rs2357623
chr16	50663765	rs4785447
chr16	50675812	rs6596
chr16	50677423	rs1131716
chr16	50680118	rs7202124
chr16	50681068	rs2287195
chr16	50682137	rs4785223
chr16	50684436	rs8044354
chr16	50685192	rs9302752
chr16	50685763	rs1420685
chr16	50689163	rs1981760
chr16	50690878	rs4785448
chr16	50691282	rs7194886
chr16	50696535	rs4785224
chr16	50699463	rs2076753
chr16	50700122	rs2111234
chr16	50704069	rs8057341
chr16	50709420	rs11647841
chr16	50710713	rs2066842
chr16	50710777	rs5743271
chr16	50711288	rs2066843
chr16	50711672	rs1861759
chr16	50713793	rs17313265
chr16	50717264	rs751271
chr16	50717487	rs748855
chr16	50717876	rs1861758
chr16	50721798	rs10521209
chr16	50722970	rs2076756
chr16	50723365	rs5743291
chr16	50732216	rs3135499
chr16	50732975	rs3135500
chr16	50747891	rs8060598
chr16	50753236	rs3785142
chr16	50753572	rs7342715
chr16	50757339	rs3135503
chr16	50758357	rs4785450
chr16	50766736	rs9925070
chr16	50768804	rs11859674
chr16	50773868	rs1420872
chr16	50774815	rs6500331
chr16	50783308	rs9938976
chr16	50785999	rs2111435
chr16	50786167	rs17314544
chr16	50789053	rs4785226
chr16	50791548	rs11865799
chr16	50793607	rs2066852
chr16	50793690	rs2302759
chr16	50797345	rs3743781
chr16	50804036	rs17223592
chr16	50807884	rs9635531
chr16	50808166	rs4785452
chr16	50808286	rs4785227
chr16	50809498	rs16948851
chr16	50812251	rs12925755
chr16	50812921	rs2270395
chr16	50815003	rs4785228
chr16	50815062	rs12922698
chr16	50816936	rs2032688
chr16	50817415	rs12932365
chr16	50817918	rs17224078
chr16	50818521	rs2032687
chr16	50822931	rs8062570
chr16	50823782	rs1861760
chr16	50824433	rs16948896
chr16	50825017	rs1548993
chr16	50825144	rs1548992
chr16	50829818	rs4785460
chr16	50831638	rs6500336
chr16	50832149	rs9922324
chr16	50837165	rs16948906
chr16	50839084	rs4785229
chr16	50839792	rs16948923
chr16	50840844	rs1477174
chr16	50840915	rs1477173
chr16	50841469	rs4785461
chr16	50843477	rs2111436
chr16	50843551	rs12446055
chr16	50843847	rs1592638
chr16	50844110	rs8061605
chr16	50844370	rs1548991
chr16	50847275	rs1477172
chr16	50848900	rs11643967
chr16	50849143	rs11649409
chr16	50849564	rs11644952
chr16	50850511	rs8045724
chr16	50855269	rs8054450
chr16	50856141	rs6500340
chr16	50857432	rs6500343
chr16	50858394	rs12927486
chr16	50861263	rs1390762
chr16	50862320	rs12929266
chr16	50866400	rs7199660
chr16	50869418	rs10521212
chr16	50871099	rs1496647
chr16	50874894	rs7204685
chr16	50875417	rs7205812
chr16	50877120	rs16948985
chr16	50878035	rs16948994
chr16	50878850	rs9935279
chr16	50878890	rs16949000
chr16	50879666	rs11647703
chr16	50880501	rs9930980
chr16	50880874	rs2357933
chr16	50881222	rs4785464
chr16	50881903	rs16944836
chr16	50882553	rs2029923
chr16	50883934	rs2357934
chr16	50885690	rs1995066
chr16	50885872	rs6500345
chr16	50886696	rs8053438
chr16	50887101	rs12446199
chr16	50888209	rs1874494
chr16	50888683	rs4785465
chr16	50888875	rs13333062
chr16	50891632	rs7195078
chr16	50894003	rs7206599
chr16	50894666	rs1496642
chr16	50894944	rs1948558
chr16	50896043	rs1395604
chr16	50896605	rs12050971
chr16	50898011	rs1395603
chr16	50898673	rs8061762
chr16	50898868	rs1507047
chr16	50898886	rs1507048
chr16	50901289	rs4785468
chr16	50901531	rs9929432
chr16	50903618	rs1395605
chr16	50905156	rs1507051
chr16	50905524	rs17226741
chr16	50905837	rs9921554
chr16	50908124	rs729442
chr16	50908534	rs728868
chr16	50909040	rs9935368
chr16	50910187	rs11865742
chr16	50911245	rs12918191
chr16	50911469	rs6500347
chr16	50911633	rs12447155
chr16	50914195	rs4785479
chr16	50915250	rs17226979
chr16	50917462	rs4785480
chr16	50917973	rs2029921
chr16	50920909	rs4238819
chr16	50922261	rs11076543
chr16	50924214	rs724404
chr16	50926836	rs12595911
chr16	50927505	rs2357938
chr16	50929237	rs1872680
chr16	50933151	rs12446869
chr16	50933250	rs12596891
chr16	50934316	rs12447842
chr16	50936511	rs11076544
chr16	50937095	rs12598954
chr16	50939167	rs9935378
chr16	50939212	rs17227589
chr16	50944679	rs1876366
chr16	50947024	rs1354810
chr16	50952397	rs1564981
chr16	50959853	rs1872678
chr16	50965290	rs1528602
chr16	50967066	rs8059348
chr16	50972207	rs9929768
chr16	50973097	rs41505946
chr16	50973448	rs4423423
chr16	50973707	rs2129250
chr16	50978636	rs8046199
chr16	50979657	rs9927190
chr16	50981250	rs11076545
chr16	50981743	rs1976113
chr16	50982684	rs12599137
chr16	50987648	rs17248345
chr16	50987892	rs1566045
chr16	50988782	rs8054381
chr16	50992022	rs8050612
chr16	50992731	rs729090
chr16	50994173	rs12918168
chr16	50997965	rs12599586
chr16	50998004	rs11076546
chr16	51000709	rs12927329
chr16	51003098	rs1466763
chr16	51009638	rs1486418
chr16	51012177	rs903875
chr16	51014048	rs4785231
chr16	51016077	rs16949212
chr16	51016584	rs6416792
chr16	51021431	rs7404407
chr16	51024173	rs12596019
chr16	51025329	rs4785492
chr16	51025623	rs17327407
chr16	51027495	rs1848175
chr16	51028141	rs8055950
chr16	51030003	rs10521219
chr16	51030172	rs4785235
chr16	51030661	rs7193251
chr16	51031076	rs6500361
chr16	51031165	rs11648772
chr16	51033054	rs4785495
chr16	51034148	rs7191446
chr16	51036732	rs2111123
chr16	51038255	rs7206153
chr16	51039856	rs2111122
chr16	51041550	rs978556
chr16	51041916	rs7190564
chr16	51042332	rs903871
chr16	51042563	rs903872
chr16	51044360	rs1876365
chr16	51044481	rs2160485
chr16	51045249	rs1567152
chr16	51046303	rs12924003
chr16	51049251	rs4002339
chr16	51049725	rs8060595
chr16	51050414	rs11076547
chr16	51055896	rs7196034
chr16	51057307	rs956141
chr16	51059154	rs1852742
chr16	51059890	rs6500363
chr16	51060037	rs4293378
chr16	51060127	rs9929889
chr16	51062438	rs1496430
chr16	51063776	rs924131
chr16	51067585	rs10521220
chr16	51069431	rs1496432
chr16	51071344	rs17328614
chr16	51072298	rs4785498
chr16	51072948	rs17250080
chr16	51074123	rs12924387
chr16	51074390	rs8047320
chr16	51075581	rs11076551
chr16	51075728	rs9302755
chr16	51075813	rs9939412
chr16	51079426	rs1566043
chr16	51079663	rs1496437
chr16	51081455	rs8063701
chr16	51084372	rs13338233
chr16	51088507	rs7188941
chr16	51089890	rs7200613
chr16	51090398	rs10852612
chr16	51092821	rs11076554
chr16	51094621	rs8046131
chr16	51096222	rs7195127
chr16	51096248	rs10521221
chr16	51099291	rs747432
chr16	51099737	rs1528603
chr16	51101164	rs17329270
chr16	51102096	rs16949339
chr16	51102489	rs2193097
chr16	51102641	rs8061957
chr16	51103677	rs12102583
chr16	51104344	rs11646341
chr16	51105404	rs17250989
chr16	51105434	rs1826824
chr16	51113120	rs8047768
chr16	51121132	rs11076556
chr16	51124663	rs7185292
chr16	51124799	rs10521222
chr16	51128694	rs3909222
chr16	51129236	rs11649006
chr16	51129495	rs1007883
chr16	51131980	rs2111125
chr16	51138766	rs11645288
chr16	51139648	rs1965024
chr16	51147824	rs6416794
chr16	51153129	rs9938285
chr16	51154082	rs7501078
chr16	51154521	rs2052285
chr16	51156829	rs7205341
chr16	51158242	rs16949398
chr16	51160390	rs7500375
chr16	51163562	rs16949403
chr16	51166620	rs4785239
chr16	51167919	rs10852613
chr16	51169623	rs4785508
chr16	51171914	rs728536
chr16	51176584	rs2193098
chr16	51177684	rs1108343
chr16	51178864	rs4306507
chr16	51184222	rs933540
chr16	51186003	rs1548924
chr16	51190465	rs16949455
chr16	51192200	rs16949463
chr16	51192825	rs9673532
chr16	51197893	rs7193895
chr16	51200806	rs7188211
chr16	51202010	rs1420582
chr16	51202218	rs1420576
chr16	51202800	rs4134463
chr16	51203865	rs12925999
chr16	51205506	rs7499584
chr16	51211576	rs7185923
chr16	51211743	rs12917626
chr16	51214597	rs7500154
chr16	51214625	rs7501246
chr16	51214872	rs4605159
chr16	51220308	rs4503789
chr16	51224915	rs6416796
chr16	51225814	rs4445901
chr16	51231712	rs8059175
chr16	51235555	rs12597587
chr16	51236332	rs12599944
chr16	51242951	rs7189486
chr16	51245145	rs7500652
chr16	51245864	rs7500385
chr16	51245913	rs7500931
chr16	51255682	rs7185437
chr16	51255776	rs4416010
chr16	51259561	rs12929666
chr16	51263120	rs16949558
chr16	51266101	rs16949576
chr16	51270293	rs17337461
chr16	51270936	rs4643309
chr16	51271210	rs10521228
chr16	51271296	rs10521229
chr16	51273069	rs4435249
chr16	51275961	rs7189060
chr16	51278631	rs7200697
chr16	51279219	rs4439761
chr16	51280493	rs11863031
chr16	51282614	rs4784374
chr16	51284041	rs4627345
chr16	51286075	rs16949621
chr16	51286761	rs8050599
chr16	51289839	rs12929957
chr16	51290323	rs7202483
chr16	51292017	rs7205613
chr16	51295976	rs12933832
chr16	51296549	rs9937405
chr16	51296620	rs4131099
chr16	51297217	rs9926640
chr16	51298215	rs12708964
chr16	51301573	rs9931467
chr16	51302658	rs1395601
chr16	51303772	rs1395600
chr16	51304016	rs13337957
chr16	51308120	rs9933982
chr16	51309121	rs4784748
chr16	51310004	rs11642190
chr16	51313018	rs2729607
chr16	51318282	rs11647185
chr16	51318336	rs12599236
chr16	51319007	rs13337510
chr16	51323299	rs10521242
chr16	51323375	rs10521241
chr16	51323411	rs10521240
chr16	51323571	rs17338034
chr16	51324778	rs1151296
chr16	51327357	rs9783792
chr16	51328565	rs9938218
chr16	51328881	rs16949685
chr16	51328984	rs12448481
chr16	51336314	rs1345466
chr16	51339137	rs4011592
chr16	51340822	rs11076452
chr16	51341379	rs7201162
chr16	51345267	rs11075421
chr16	51349119	rs1420987
chr16	51349297	rs7499217
chr16	51351318	rs1420986
chr16	51352073	rs7206160
chr16	51353137	rs6498847
chr16	51353926	rs1420985
chr16	51359637	rs8053990
chr16	51363886	rs4784194
chr16	51366031	rs9938763
chr16	51367593	rs13335007
chr16	51370801	rs2216065
chr16	51370826	rs2216064
chr16	51374939	rs10521033
chr16	51375167	rs10521032
chr16	51382511	rs1420982
chr16	51382819	rs1071928
chr16	51384498	rs6499001
chr16	51388343	rs12929101
chr16	51388607	rs1420997
chr16	51388775	rs1420996
chr16	51391688	rs10852431
chr16	51395036	rs7189546
chr16	51398105	rs12325563
chr16	51398189	rs10521031
chr16	51399727	rs16949742
chr16	51400462	rs1362757
chr16	51402187	rs11640249
chr16	51402971	rs17616063
chr16	51406767	rs11640058
chr16	51407040	rs4784260
chr16	51408768	rs1948948
chr16	51410064	rs34600710
chr16	51412109	rs7188667
chr16	51412172	rs8062435
chr16	51412852	rs4238758
chr16	51415540	rs16949757
chr16	51415632	rs41318749
chr16	51417408	rs6499196
chr16	51417607	rs7200325
chr16	51417772	rs17616633
chr16	51420212	rs4784274
chr16	51424037	rs11649472
chr16	51426202	rs17616757
chr16	51426756	rs11645416
chr16	51426960	rs2063099
chr16	51429799	rs12445948
chr16	51431194	rs4783805
chr16	51432461	rs8050675
chr16	51434094	rs11649384
chr16	51434981	rs2017684
chr16	51435435	rs17532886
chr16	51439954	rs1544638
chr16	51445042	rs12920274
chr16	51446038	rs1073990
chr16	51446918	rs16949790
chr16	51448410	rs1345467
chr16	51454295	rs7187736
chr16	51457914	rs9921720
chr16	51460278	rs1110489
chr16	51461098	rs1110488
chr16	51461157	rs9889161
chr16	51461886	rs4784307
chr16	51465296	rs1109739
chr16	51465419	rs2379053
chr16	51465501	rs2379054
chr16	51466209	rs1080791
chr16	51470774	rs1420989
chr16	51472834	rs1592656
chr16	51477526	rs1420995
chr16	51491300	rs8046354
chr16	51491520	rs4783817
chr16	51493588	rs17617863
chr16	51497821	rs8047573
chr16	51501152	rs12448859
chr16	51502145	rs8046457
chr16	51504852	rs2075199
chr16	51506598	rs16949855
chr16	51506625	rs11076006
chr16	51508608	rs17618231
chr16	51511334	rs1391729
chr16	51514354	rs1498774
chr16	51524017	rs11076016
chr16	51524417	rs10852527
chr16	51524806	rs11642176
chr16	51527644	rs10492848
chr16	51528619	rs10521238
chr16	51530466	rs2466168
chr16	51531901	rs8053972
chr16	51532898	rs8062173
chr16	51533108	rs2257634
chr16	51533129	rs2648005
chr16	51533320	rs10521237
chr16	51535547	rs2720430
chr16	51537974	rs2720429
chr16	51538879	rs2647998
chr16	51543285	rs2647995
chr16	51544170	rs2647994
chr16	51545149	rs16949932
chr16	51545615	rs1995171
chr16	51551756	rs11646442
chr16	51552827	rs1111439
chr16	51555404	rs2647991
chr16	51556080	rs4783832
chr16	51556847	rs16949983
chr16	51559453	rs1072858
chr16	51560279	rs4784368
chr16	51562758	rs7194955
chr16	51563126	rs8062350
chr16	51564958	rs2173454
chr16	51569988	rs1111316
chr16	51570723	rs16950026
chr16	51571231	rs1909338
chr16	51572110	rs1353788
chr16	51572457	rs2030116
chr16	51576036	rs2030114
chr16	51576650	rs16950037
chr16	51578314	rs17340242
chr16	51578513	rs11643964
chr16	51584317	rs9940131
chr16	51586314	rs2720400
chr16	51587827	rs2221099
chr16	51589461	rs2720402
chr16	51589524	rs2647979
chr16	51590218	rs2647978
chr16	51591262	rs1948658
chr16	51592345	rs8060786
chr16	51594127	rs9925340
chr16	51595682	rs2647976
chr16	51595727	rs2647975
chr16	51597242	rs1498764
chr16	51600385	rs2720404
chr16	51603596	rs2011711
chr16	51603913	rs1118681
chr16	51606167	rs1391726
chr16	51617082	rs2647965
chr16	51621168	rs1498767
chr16	51622425	rs1948659
chr16	51624524	rs2647967
chr16	51625333	rs1498768
chr16	51629572	rs4784462
chr16	51631370	rs1909333
chr16	51632235	rs2647969
chr16	51632335	rs2647970
chr16	51634005	rs12931160
chr16	51634284	rs2647972
chr16	51642681	rs9934908
chr16	51644352	rs7204626
chr16	51644649	rs6499751
chr16	51644834	rs6499752
chr16	51644862	rs4254326
chr16	51649892	rs4503788
chr16	51649990	rs4347621
chr16	51650095	rs13335365
chr16	51651803	rs7190369
chr16	51652818	rs8044905
chr16	51658588	rs10468285
chr16	51659100	rs4457988
chr16	51659125	rs4275850
chr16	51661141	rs4784527
chr16	51661640	rs11644519
chr16	51663963	rs6499762
chr16	51664675	rs7191930
chr16	51665601	rs7193984
chr16	51666911	rs13335585
chr16	51670541	rs4784541
chr16	51676125	rs1563997
chr16	51677702	rs1563994
chr16	51678312	rs1125893
chr16	51679111	rs11076107
chr16	51680202	rs11859590
chr16	51681566	rs2615010
chr16	51686530	rs2615009
chr16	51688118	rs1461928
chr16	51691731	rs9933605
chr16	51697490	rs8059644
chr16	51700097	rs12595945
chr16	51700364	rs41503549
chr16	51702874	rs1080923
chr16	51706684	rs12932881
chr16	51707230	rs8049617
chr16	51707634	rs12931467
chr16	51709144	rs1870821
chr16	51711933	rs9925912
chr16	51714324	rs4606717
chr16	51715038	rs8061041
chr16	51717731	rs7203439
chr16	51718140	rs1585528
chr16	51720047	rs7194086
chr16	51726320	rs9925751
chr16	51727660	rs7193607
chr16	51728149	rs7202740
chr16	51730019	rs7184488
chr16	51731662	rs17342711
chr16	51731915	rs4784631
chr16	51733823	rs1564002
chr16	51734164	rs1564003
chr16	51736347	rs8043739
chr16	51736588	rs16950315
chr16	51737713	rs8045957
chr16	51738551	rs8055793
chr16	51739215	rs4296257
chr16	51740200	rs4784639
chr16	51740399	rs4784640
chr16	51740926	rs8051375
chr16	51749378	rs7202282
chr16	51749640	rs7184081
chr16	51750070	rs17349932
chr16	51750330	rs1118250
chr16	51750397	rs9673963
chr16	51751007	rs7191269
chr16	51753316	rs7203673
chr16	51754499	rs17258832
chr16	51755174	rs9941193
chr16	51756904	rs11645138
chr16	51759293	rs1982606
chr16	51762568	rs2291403
chr16	51764825	rs10521247
chr16	51767919	rs10163294
chr16	51768095	rs10163352
chr16	51769314	rs16950382
chr16	51769519	rs2892188
chr16	51770025	rs8063143
chr16	51770135	rs1110743
chr16	51773362	rs8049228
chr16	51776654	rs9924984
chr16	51776944	rs4784676
chr16	51779950	rs2169430
chr16	51783599	rs1125889
chr16	51784396	rs16950397
chr16	51785011	rs1841651
chr16	51786912	rs16944939
chr16	51787710	rs11639586
chr16	51788710	rs2126337
chr16	51792571	rs1110746
chr16	51794836	rs1564983
chr16	51797256	rs2386567
chr16	51797643	rs16950416
chr16	51800567	rs13337347
chr16	51804979	rs1461942
chr16	51810164	rs1125891
chr16	51813887	rs9935845
chr16	51814471	rs4783960
chr16	51821514	rs2892063
chr16	51832350	rs1486443
chr16	51832510	rs1486442
chr16	51838122	rs4545813
chr16	51841527	rs1486433
chr16	51844512	rs10521044
chr16	51849477	rs3912519
chr16	51849574	rs17185355
chr16	51855512	rs11649314
chr16	51858219	rs12599301
chr16	51858277	rs1486435
chr16	51860323	rs1119754
chr16	51863561	rs4141601
chr16	51863879	rs1111201
chr16	51864693	rs41498350
chr16	51865893	rs1110493
chr16	51865949	rs1486437
chr16	51866569	rs1080013
chr16	51868391	rs11643929
chr16	51869559	rs11076194
chr16	51869955	rs12598602
chr16	51873198	rs12447585
chr16	51874779	rs12923591
chr16	51875211	rs9938713
chr16	51879936	rs4784818
chr16	51881063	rs1110495
chr16	51884246	rs1110499
chr16	51885847	rs17185411
chr16	51888040	rs17200940
chr16	51892598	rs17795934
chr16	51895338	rs12447052
chr16	51899944	rs11645575
chr16	51902332	rs1126162
chr16	51903322	rs2386959
chr16	51906821	rs16950506
chr16	51908382	rs12928573
chr16	51910150	rs8054726
chr16	51912207	rs12932450
chr16	51913026	rs11861163
chr16	51915367	rs12923558
chr16	51917163	rs10492898
chr16	51921121	rs12927797
chr16	51921301	rs16950536
chr16	51921453	rs16950539
chr16	51923770	rs12930147
chr16	51924311	rs8045986
chr16	51925700	rs9925381
chr16	51927631	rs11076221
chr16	51936473	rs17185495
chr16	51936653	rs6499939
chr16	51937322	rs7186591
chr16	51939109	rs9923605
chr16	51940978	rs2386957
chr16	51944704	rs8043960
chr16	51947742	rs9923749
chr16	51948439	rs10521046
chr16	51950234	rs1071370
chr16	51951474	rs16950593
chr16	51956842	rs1119322
chr16	51958703	rs2192858
chr16	51959157	rs7187733
chr16	51959493	rs7201071
chr16	51959928	rs7188096
chr16	51961921	rs11641277
chr16	51961952	rs16950622
chr16	51962139	rs2110823
chr16	51962342	rs11863489
chr16	51962580	rs11863574
chr16	51963628	rs1119603
chr16	51963668	rs1119604
chr16	51964920	rs7186208
chr16	51966595	rs10163230
chr16	51966774	rs1420231
chr16	51969645	rs9932063
chr16	51971088	rs1110492
chr16	51972666	rs2160280
chr16	51973264	rs1362404
chr16	51975161	rs9935683
chr16	51980343	rs8061915
chr16	51981098	rs8058963
chr16	51983338	rs12929879
chr16	51983468	rs9933684
chr16	51983583	rs9925532
chr16	51983718	rs9925629
chr16	51985974	rs1833188
chr16	51987718	rs4784958
chr16	51988772	rs1833189
chr16	51990282	rs1345324
chr16	51992175	rs10492899
chr16	51993455	rs11076261
chr16	51999701	rs3848308
chr16	52001703	rs7203791
chr16	52003689	rs185266
chr16	52005291	rs2059232
chr16	52005298	rs1072123
chr16	52017390	rs33350
chr16	52022310	rs9923862
chr16	52022845	rs1861329
chr16	52023506	rs16950703
chr16	52023977	rs1477018
chr16	52024492	rs7198755
chr16	52027135	rs12149256
chr16	52028305	rs256595
chr16	52029000	rs256596
chr16	52032232	rs12928655
chr16	52032381	rs17185656
chr16	52038203	rs17257857
chr16	52045449	rs1582314
chr16	52047032	rs256588
chr16	52049779	rs1592477
chr16	52050510	rs1592480
chr16	52051681	rs1582317
chr16	52057438	rs1582319
chr16	52059637	rs1592485
chr16	52061199	rs1582320
chr16	52062506	rs1592487
chr16	52067699	rs1582321
chr16	52069025	rs12931290
chr16	52070299	rs1861327
chr16	52070340	rs1861326
chr16	52070512	rs1861324
chr16	52070835	rs42771
chr16	52071936	rs1592490
chr16	52072386	rs1582323
chr16	52072817	rs17201099
chr16	52073187	rs12447110
chr16	52074419	rs9635511
chr16	52078460	rs3743795
chr16	52088908	rs1582326
chr16	52091097	rs1592491
chr16	52092761	rs33336
chr16	52097543	rs17185768
chr16	52098051	rs12445989
chr16	52098636	rs2386570
chr16	52098764	rs11649361
chr16	52103884	rs8049647
chr16	52104889	rs12448033
chr16	52105052	rs11076351
chr16	52108426	rs7189322
chr16	52110650	rs4785068
chr16	52122838	rs9923370
chr16	52132795	rs1344490
chr16	52133125	rs12928425
chr16	52135843	rs4785094
chr16	52135902	rs1420269
chr16	52138278	rs11645663
chr16	52141534	rs1111475
chr16	52141988	rs4785098
chr16	52149686	rs12709055
chr16	52152817	rs4785102
chr16	52153791	rs12709058
chr16	52162929	rs3910446
chr16	52164129	rs1894899
chr16	52165106	rs1420264
chr16	52165498	rs1420263
chr16	52167815	rs1894900
chr16	52172748	rs10521256
chr16	52173220	rs2540765
chr16	52173857	rs2540764
chr16	52174544	rs11639631
chr16	52174697	rs2540763
chr16	52174866	rs11076396
chr16	52177353	rs3095538
chr16	52177526	rs3095565
chr16	52178099	rs2540759
chr16	52178212	rs11649329
chr16	52179592	rs8061839
chr16	52179770	rs1477012
chr16	52184240	rs8054155
chr16	52184760	rs2540688
chr16	52185851	rs17353227
chr16	52186030	rs1191205
chr16	52186193	rs2540692
chr16	52187298	rs1641354
chr16	52188141	rs3095563
chr16	52188891	rs3095531
chr16	52188956	rs3095562
chr16	52189192	rs16945003
chr16	52191078	rs1362382
chr16	52191483	rs2540693
chr16	52194833	rs2245948
chr16	52199488	rs2540695
chr16	52199534	rs1641353
chr16	52201232	rs1073749
chr16	52203451	rs7200614
chr16	52204682	rs4785133
chr16	52206647	rs1641365
chr16	52207694	rs3095533
chr16	52207849	rs1894878
chr16	52207871	rs1641364
chr16	52209032	rs17354016
chr16	52209577	rs16950935
chr16	52209609	rs12921894
chr16	52210446	rs2216052
chr16	52210530	rs8058391
chr16	52210723	rs1420202
chr16	52211056	rs1362385
chr16	52211093	rs12921318
chr16	52211357	rs7201636
chr16	52215015	rs12932608
chr16	52215565	rs10521260
chr16	52217395	rs2540742
chr16	52217830	rs3859116
chr16	52218949	rs3095547
chr16	52219268	rs9922794
chr16	52219953	rs11076446
chr16	52220044	rs3095536
chr16	52222536	rs12934095
chr16	52228179	rs1076081
chr16	52230719	rs9646281
chr16	52238695	rs3095543
chr16	52245207	rs1420210
chr16	52246778	rs1345316
chr16	52254786	rs2287071
chr16	52257092	rs11649692
chr16	52258027	rs1362376
chr16	52262268	rs17355010
chr16	52264270	rs2540701
chr16	52264421	rs12932031
chr16	52266152	rs1362377
chr16	52266343	rs10521261
chr16	52267140	rs1345311
chr16	52267266	rs12599310
chr16	52267910	rs1861315
chr16	52276615	rs6498798
chr16	52276650	rs13339280
chr16	52278720	rs10521263
chr16	52281340	rs1477015
chr16	52283898	rs16951015
chr16	52286430	rs11075433
chr16	52287059	rs1075801
chr16	52287494	rs2010842
chr16	52289283	rs1420198
chr16	52289387	rs7199099
chr16	52291764	rs16951027
chr16	52293355	rs1074734
chr16	52294631	rs9939334
chr16	52296604	rs8053169
chr16	52301860	rs1362379
chr16	52309007	rs8046731
chr16	52309336	rs1345312
chr16	52313907	rs4784165
chr16	52318200	rs16951056
chr16	52318275	rs13332407
chr16	52319385	rs12597728
chr16	52321856	rs17271636
chr16	52323863	rs1345315
chr16	52325558	rs12918945
chr16	52326273	rs11645791
chr16	52327919	rs7196579
chr16	52330063	rs12922116
chr16	52333655	rs7200621
chr16	52339786	rs12927817
chr16	52352544	rs1079926
chr16	52352597	rs1079927
chr16	52353526	rs4784178
chr16	52354965	rs11642716
chr16	52355400	rs1861561
chr16	52355906	rs7202238
chr16	52358571	rs12596936
chr16	52359484	rs11648686
chr16	52364357	rs12929756
chr16	52366806	rs2270355
chr16	52371170	rs11641385
chr16	52371478	rs11642562
chr16	52371609	rs9302550
chr16	52377343	rs1124408
chr16	52383634	rs12918944
chr16	52383810	rs12923700
chr16	52385186	rs3095663
chr16	52386923	rs3095664
chr16	52387756	rs42197
chr16	52388012	rs1125835
chr16	52388930	rs12444777
chr16	52390245	rs187680
chr16	52392945	rs9921890
chr16	52397300	rs1861527
chr16	52398481	rs1073497
chr16	52400040	rs194391
chr16	52402297	rs17535828
chr16	52402704	rs7191789
chr16	52403904	rs10521026
chr16	52405801	rs8048309
chr16	52407379	rs12932779
chr16	52407746	rs12932297
chr16	52408777	rs12921005
chr16	52408855	rs12920598
chr16	52410393	rs2024476
chr16	52410907	rs9938659
chr16	52413502	rs1345389
chr16	52417010	rs9940136
chr16	52419655	rs1420537
chr16	52420574	rs2387575
chr16	52421452	rs8052552
chr16	52423230	rs8049226
chr16	52423482	rs16951139
chr16	52425257	rs11075494
chr16	52429619	rs1111482
chr16	52429724	rs4784212
chr16	52429775	rs3095668
chr16	52429902	rs4784213
chr16	52430256	rs1107358
chr16	52430671	rs42483
chr16	52432269	rs1420540
chr16	52432772	rs17625566
chr16	52433197	rs12599671
chr16	52434324	rs2024477
chr16	52439207	rs8049149
chr16	52441376	rs1117705
chr16	52443355	rs2387576
chr16	52449535	rs3095611
chr16	52454795	rs1420546
chr16	52461808	rs9933242
chr16	52463364	rs11647305
chr16	52463960	rs16951186
chr16	52468212	rs12934759
chr16	52468406	rs2287144
chr16	52470825	rs1420547
chr16	52471233	rs10852413
chr16	52471920	rs4141496
chr16	52472260	rs1420548
chr16	52475464	rs8045897
chr16	52476543	rs16951206
chr16	52478544	rs1076479
chr16	52480715	rs11642868
chr16	52487444	rs1111480
chr16	52488537	rs43143
chr16	52488805	rs187679
chr16	52493491	rs7186907
chr16	52494935	rs9302555
chr16	52498443	rs1111481
chr16	52500255	rs8051542
chr16	52501898	rs4784220
chr16	52503614	rs4784221
chr16	52504128	rs17271951
chr16	52505685	rs9933638
chr16	52521830	rs8046979
chr16	52529714	rs1420533
chr16	52532542	rs2193094
chr16	52537057	rs11648477
chr16	52537524	rs4783780
chr16	52537621	rs3112581
chr16	52538920	rs9931232
chr16	52541995	rs4784223
chr16	52552429	rs3803662
chr16	52563932	rs4594251
chr16	52565046	rs3112574
chr16	52565276	rs4784227
chr16	52566535	rs3112572
chr16	52568012	rs3104747
chr16	52568447	rs3104748
chr16	52568577	rs3104750
chr16	52569116	rs3104751
chr16	52569221	rs3104752
chr16	52569999	rs3104753
chr16	52571184	rs3481
chr16	52572325	rs3104755
chr16	52575121	rs3104758
chr16	52575617	rs3104759
chr16	52578753	rs9708611
chr16	52579125	rs12935019
chr16	52584201	rs4784230
chr16	52585041	rs11645620
chr16	52586665	rs3112633
chr16	52590623	rs3104766
chr16	52590826	rs3104767
chr16	52591524	rs17292403
chr16	52591640	rs3112625
chr16	52591701	rs12920540
chr16	52595790	rs3104774
chr16	52597805	rs3112617
chr16	52598052	rs11075551
chr16	52599032	rs12929797
chr16	52599121	rs3112614
chr16	52601088	rs12922061
chr16	52601252	rs3112612
chr16	52602453	rs3104784
chr16	52602888	rs3104785
chr16	52603868	rs12597685
chr16	52604591	rs3104788
chr16	52612464	rs3104800
chr16	52619873	rs6498968
chr16	52620954	rs3104805
chr16	52623613	rs3104807
chr16	52625438	rs4377150
chr16	52629533	rs11862833
chr16	52629568	rs11866716
chr16	52630035	rs3104811
chr16	52630885	rs8050739
chr16	52632827	rs7187724
chr16	52636846	rs8048422
chr16	52637547	rs3104815
chr16	52637617	rs3112594
chr16	52637858	rs3104816
chr16	52639252	rs4288991
chr16	52639473	rs3104817
chr16	52641140	rs6498990
chr16	52641891	rs3104820
chr16	52642931	rs3104822
chr16	52645181	rs3104824
chr16	52645692	rs3112589
chr16	52645993	rs3104826
chr16	52647089	rs3112588
chr16	52647924	rs3112587
chr16	52648227	rs12324961
chr16	52648412	rs12597686
chr16	52649019	rs16951503
chr16	52650132	rs3112586
chr16	52650160	rs12920499
chr16	52651004	rs12927162
chr16	52653836	rs4530130
chr16	52654192	rs4511526
chr16	52656792	rs16951516
chr16	52658365	rs7186592
chr16	52661490	rs4783781
chr16	52668101	rs4500723
chr16	52668834	rs7194368
chr16	52670598	rs4132615
chr16	52670919	rs8063589
chr16	52672772	rs4627343
chr16	52672932	rs4386133
chr16	52676351	rs11865267
chr16	52678051	rs4238754
chr16	52678635	rs12932515
chr16	52678919	rs12708873
chr16	52681497	rs4784241
chr16	52681971	rs4464071
chr16	52683211	rs17294918
chr16	52683579	rs16951525
chr16	52685708	rs12925035
chr16	52691945	rs9924319
chr16	52700233	rs9921811
chr16	52704061	rs7191324
chr16	52705265	rs16951533
chr16	52708346	rs7206384
chr16	52708928	rs8044127
chr16	52709503	rs4783782
chr16	52710438	rs9934811
chr16	52712177	rs4238755
chr16	52714449	rs1420248
chr16	52717920	rs1420253
chr16	52722905	rs1990630
chr16	52733977	rs1077395
chr16	52734842	rs12446384
chr16	52735337	rs11075622
chr16	52738217	rs8058414
chr16	52742745	rs1362413
chr16	52743340	rs4784246
chr16	52743534	rs8049021
chr16	52744785	rs7499961
chr16	52748475	rs2387821
chr16	52749329	rs11075627
chr16	52759609	rs4784253
chr16	52762028	rs1111474
chr16	52765700	rs16951571
chr16	52765996	rs16951574
chr16	52766458	rs11649266
chr16	52767459	rs6499091
chr16	52768224	rs11642888
chr16	52768269	rs7196680
chr16	52769335	rs2387818
chr16	52769603	rs4377151
chr16	52772145	rs9923965
chr16	52776162	rs4238756
chr16	52776947	rs8045176
chr16	52777954	rs9926403
chr16	52779689	rs11644675
chr16	52781496	rs1362415
chr16	52783575	rs1894897
chr16	52783599	rs1894898
chr16	52784556	rs12446341
chr16	52785926	rs6499094
chr16	52787178	rs1833196
chr16	52787725	rs1420258
chr16	52790072	rs7190231
chr16	52794413	rs12599348
chr16	52797054	rs8044632
chr16	52797550	rs6499100
chr16	52799510	rs1579237
chr16	52817559	rs2110830
chr16	52819595	rs2024446
chr16	52820762	rs17298178
chr16	52821582	rs2024447
chr16	52822014	rs7202791
chr16	52823180	rs8060591
chr16	52836178	rs1894888
chr16	52836242	rs1894889
chr16	52837297	rs11641875
chr16	52842699	rs1420239
chr16	52843783	rs11864433
chr16	52852693	rs11640993
chr16	52852855	rs7188309
chr16	52856515	rs8049621
chr16	52856803	rs1579236
chr16	52857571	rs2020425
chr16	52860266	rs11642426
chr16	52862249	rs11643970
chr16	52865574	rs1111471
chr16	52872315	rs1113939
chr16	52873127	rs10521275
chr16	52877697	rs4461066
chr16	52878387	rs1344484
chr16	52878420	rs1344485
chr16	52880635	rs2216061
chr16	52880837	rs2192859
chr16	52881839	rs11647459
chr16	52881885	rs11647206
chr16	52882058	rs2387940
chr16	52885164	rs7201620
chr16	52885465	rs7190800
chr16	52885654	rs7184292
chr16	52885952	rs7186235
chr16	52887867	rs12930501
chr16	52889126	rs12919591
chr16	52890188	rs7192866
chr16	52892026	rs11643814
chr16	52892270	rs9302582
chr16	52894214	rs1362441
chr16	52895122	rs6499142
chr16	52898178	rs9934468
chr16	52902914	rs4783799
chr16	52905552	rs12149387
chr16	52909787	rs6499147
chr16	52911254	rs9928588
chr16	52911697	rs1345339
chr16	52912225	rs4784272
chr16	52912902	rs2387944
chr16	52916152	rs11645369
chr16	52920637	rs2387875
chr16	52920896	rs2387879
chr16	52927033	rs13353184
chr16	52932261	rs1477029
chr16	52936143	rs9932417
chr16	52937867	rs8050560
chr16	52940138	rs11859998
chr16	52941691	rs7199322
chr16	52942754	rs9922822
chr16	52943896	rs9933516
chr16	52943997	rs11863873
chr16	52948818	rs11866647
chr16	52949162	rs9302587
chr16	52950865	rs4784276
chr16	52951405	rs4329921
chr16	52951643	rs1990636
chr16	52952339	rs1420310
chr16	52953192	rs1978339
chr16	52953910	rs1558685
chr16	52955474	rs7189114
chr16	52956134	rs9783781
chr16	52956301	rs9302588
chr16	52963586	rs9930106
chr16	52963699	rs9940059
chr16	52963951	rs9930367
chr16	52964690	rs8044436
chr16	52968646	rs13335763
chr16	52976574	rs7203946
chr16	52980090	rs1582329
chr16	52982152	rs12925751
chr16	52984881	rs6499191
chr16	52986334	rs7190121
chr16	52986801	rs4985185
chr16	52987342	rs9937637
chr16	52988698	rs9940848
chr16	52990654	rs4378607
chr16	52991763	rs12932662
chr16	52992233	rs9926762
chr16	52994061	rs4784284
chr16	53001680	rs12149531
chr16	53002932	rs11644234
chr16	53003617	rs6499205
chr16	53003763	rs1990637
chr16	53004626	rs1420312
chr16	53012222	rs7499206
chr16	53012770	rs7185824
chr16	53013310	rs9925367
chr16	53014352	rs8062372
chr16	53014543	rs10153135
chr16	53020498	rs8051957
chr16	53020579	rs8050297
chr16	53023458	rs4784287
chr16	53023554	rs4783804
chr16	53026591	rs12597411
chr16	53032302	rs8058005
chr16	53033270	rs4002280
chr16	53033295	rs9925003
chr16	53036124	rs6499221
chr16	53036913	rs3931698
chr16	53038207	rs4002283
chr16	53039942	rs10852454
chr16	53044095	rs3743773
chr16	53044312	rs3852741
chr16	53049492	rs8057802
chr16	53049654	rs7198530
chr16	53053996	rs11641638
chr16	53059808	rs12919486
chr16	53063228	rs10153130
chr16	53066224	rs9937509
chr16	53066778	rs11649145
chr16	53076980	rs12917984
chr16	53080344	rs4784289
chr16	53085821	rs12708901
chr16	53086110	rs11860145
chr16	53091907	rs1108574
chr16	53092426	rs8050947
chr16	53094144	rs12599832
chr16	53096347	rs8058543
chr16	53097740	rs16951994
chr16	53098892	rs3852742
chr16	53101120	rs7199440
chr16	53104140	rs4784294
chr16	53111858	rs1362790
chr16	53119438	rs1981777
chr16	53120676	rs8049859
chr16	53132275	rs11075756
chr16	53150035	rs6499311
chr16	53155760	rs7203398
chr16	53157558	rs12597487
chr16	53158419	rs7204230
chr16	53162130	rs1073454
chr16	53164022	rs1421069
chr16	53166370	rs16952044
chr16	53169722	rs7191003
chr16	53172472	rs12149287
chr16	53177940	rs17302707
chr16	53179507	rs2388011
chr16	53192186	rs12596712
chr16	53193176	rs2388012
chr16	53198047	rs11075782
chr16	53198229	rs11075783
chr16	53199751	rs11861565
chr16	53201169	rs11075788
chr16	53204341	rs10521279
chr16	53213846	rs12599467
chr16	53220264	rs12596346
chr16	53226976	rs11860987
chr16	53230026	rs7189240
chr16	53237337	rs7189455
chr16	53244773	rs1558681
chr16	53250054	rs8052283
chr16	53254353	rs6499510
chr16	53257632	rs8052956
chr16	53263483	rs1420306
chr16	53266820	rs16952119
chr16	53268471	rs12933421
chr16	53280767	rs8058720
chr16	53282942	rs12598049
chr16	53283844	rs17303428
chr16	53287822	rs3815548
chr16	53289837	rs10852504
chr16	53291779	rs1894903
chr16	53292013	rs1894904
chr16	53292948	rs2287078
chr16	53293129	rs7188463
chr16	53294067	rs8057688
chr16	53299657	rs2287079
chr16	53300404	rs11865052
chr16	53307836	rs6499548
chr16	53310477	rs9788952
chr16	53314671	rs3803658
chr16	53315088	rs12596829
chr16	53316870	rs4784303
chr16	53318417	rs16952168
chr16	53319247	rs8063660
chr16	53321918	rs11075915
chr16	53324527	rs3743771
chr16	53328874	rs7203056
chr16	53329389	rs7191257
chr16	53329773	rs9932777
chr16	53337296	rs12933685
chr16	53343018	rs4456500
chr16	53343091	rs3095573
chr16	53343133	rs8051064
chr16	53357761	rs11640911
chr16	53360374	rs2908784
chr16	53361529	rs1833205
chr16	53362895	rs1833206
chr16	53367820	rs1833207
chr16	53370092	rs11860669
chr16	53372536	rs2908786
chr16	53373647	rs16952195
chr16	53373855	rs2908787
chr16	53374550	rs7187949
chr16	53375306	rs2041793
chr16	53375316	rs2041794
chr16	53375363	rs2908788
chr16	53378360	rs9922011
chr16	53378396	rs9935259
chr16	53378507	rs2908792
chr16	53378584	rs2908793
chr16	53378950	rs11640533
chr16	53379404	rs2908794
chr16	53380844	rs12930428
chr16	53381002	rs11866342
chr16	53381332	rs9930556
chr16	53382655	rs12051480
chr16	53382710	rs3095574
chr16	53385699	rs7196647
chr16	53387327	rs6499586
chr16	53395293	rs8045574
chr16	53395863	rs7203132
chr16	53396388	rs12444248
chr16	53403289	rs8056923
chr16	53406874	rs1420305
chr16	53415763	rs2160290
chr16	53428640	rs7199018
chr16	53437445	rs1074182
chr16	53440338	rs16952242
chr16	53441738	rs9921587
chr16	53447098	rs17800727
chr16	53450068	rs16952252
chr16	53453306	rs9941254
chr16	53456764	rs9929873
chr16	53460705	rs2024449
chr16	53462686	rs7204496
chr16	53464490	rs4784312
chr16	53470022	rs1131220
chr16	53470809	rs10748
chr16	53479121	rs8043918
chr16	53479143	rs8049033
chr16	53487086	rs8044091
chr16	53492639	rs9931702
chr16	53493869	rs9302648
chr16	53497403	rs1111486
chr16	53502433	rs7189819
chr16	53503511	rs3743772
chr16	53504245	rs3809634
chr16	53507186	rs3095635
chr16	53507478	rs3095634
chr16	53507566	rs3095633
chr16	53511081	rs3095571
chr16	53511888	rs3095631
chr16	53516230	rs17802269
chr16	53516986	rs17194040
chr16	53518270	rs7190220
chr16	53518294	rs17802341
chr16	53521312	rs8051156
chr16	53522178	rs11863156
chr16	53524238	rs1861556
chr16	53525818	rs17838423
chr16	53528480	rs4390585
chr16	53528683	rs10521294
chr16	53529205	rs9931018
chr16	53529332	rs10521296
chr16	53543607	rs9788828
chr16	53544801	rs16952304
chr16	53545946	rs2024472
chr16	53546830	rs12445553
chr16	53550911	rs7195082
chr16	53551009	rs7193898
chr16	53552273	rs4784317
chr16	53554152	rs8060020
chr16	53559959	rs12599436
chr16	53562454	rs12597881
chr16	53566098	rs7201826
chr16	53571304	rs12925553
chr16	53576139	rs2111121
chr16	53576536	rs16952330
chr16	53580834	rs12928335
chr16	53586573	rs2388230
chr16	53595068	rs8057965
chr16	53599149	rs6499631
chr16	53599169	rs6499632
chr16	53599283	rs6499633
chr16	53600383	rs1946155
chr16	53601339	rs3760008
chr16	53602088	rs4784320
chr16	53605526	rs3213758
chr16	53608912	rs9302649
chr16	53608948	rs17803830
chr16	53610333	rs8052792
chr16	53611482	rs2241179
chr16	53614056	rs9940797
chr16	53614570	rs9922369
chr16	53615256	rs8050354
chr16	53626954	rs13329973
chr16	53630685	rs1078620
chr16	53631425	rs1077352
chr16	53637842	rs2111119
chr16	53638443	rs7203525
chr16	53644517	rs12597471
chr16	53646283	rs16952410
chr16	53648873	rs12600091
chr16	53649037	rs2302677
chr16	53649673	rs17215517
chr16	53651827	rs9928935
chr16	53655975	rs8055188
chr16	53658287	rs7192060
chr16	53658326	rs12598634
chr16	53664764	rs5005161
chr16	53665091	rs4133017
chr16	53667452	rs12444305
chr16	53677359	rs16952450
chr16	53678223	rs1477199
chr16	53678716	rs1558903
chr16	53680182	rs28434124
chr16	53686983	rs8055834
chr16	53696690	rs12598253
chr16	53700309	rs1421092
chr16	53701471	rs7404301
chr16	53715057	rs12447481
chr16	53721234	rs7205986
chr16	53725211	rs4386132
chr16	53730937	rs4280233
chr16	53735381	rs7203521
chr16	53735765	rs6499640
chr16	53737671	rs16952482
chr16	53739135	rs4396532
chr16	53739973	rs9933611
chr16	53745093	rs2388256
chr16	53746190	rs7186637
chr16	53756490	rs1861868
chr16	53756850	rs17217144
chr16	53756994	rs1075440
chr16	53761724	rs13334933
chr16	53763145	rs16952517
chr16	53763606	rs6499643
chr16	53763653	rs4784323
chr16	53766475	rs12446228
chr16	53766656	rs9939973
chr16	53766842	rs9940128
chr16	53767042	rs1421085
chr16	53771053	rs10852521
chr16	53773852	rs17817288
chr16	53774346	rs1477196
chr16	53775335	rs1121980
chr16	53776774	rs7193144
chr16	53778612	rs16945088
chr16	53778702	rs8057044
chr16	53779455	rs17817449
chr16	53779586	rs8063946
chr16	53782363	rs8050136
chr16	53784548	rs3751812
chr16	53784796	rs3751813
chr16	53787395	rs12597786
chr16	53787703	rs7202116
chr16	53787950	rs7201850
chr16	53791326	rs9931164
chr16	53791576	rs9941349
chr16	53794840	rs7190492
chr16	53796553	rs9930506
chr16	53798904	rs2111650
chr16	53799693	rs7204609
chr16	53805223	rs8044769
chr16	53809621	rs6499646
chr16	53810667	rs17218700
chr16	53813014	rs9935403
chr16	53814649	rs1861867
chr16	53816167	rs11075994
chr16	53816258	rs1421090
chr16	53817392	rs9972717
chr16	53821688	rs17219084
chr16	53824112	rs11075996
chr16	53824671	rs2042032
chr16	53825000	rs11075997
chr16	53825246	rs7195539
chr16	53826569	rs3826169
chr16	53827112	rs8061518
chr16	53830488	rs7204916
chr16	53831214	rs10521308
chr16	53831789	rs10521307
chr16	53831818	rs16952570
chr16	53832063	rs9302652
chr16	53833547	rs2388405
chr16	53834404	rs16952577
chr16	53836894	rs17818824
chr16	53837894	rs17818902
chr16	53837991	rs17818920
chr16	53838130	rs1344501
chr16	53839191	rs17819033
chr16	53839516	rs17819063
chr16	53840489	rs6499651
chr16	53841104	rs2111115
chr16	53841572	rs8053367
chr16	53842532	rs7205009
chr16	53842630	rs7203883
chr16	53842654	rs7205213
chr16	53843680	rs6499653
chr16	53848459	rs8061228
chr16	53848745	rs12448529
chr16	53848947	rs11075999
chr16	53849540	rs2111114
chr16	53850201	rs2160481
chr16	53850492	rs10521306
chr16	53853530	rs13337591
chr16	53853826	rs12597422
chr16	53854527	rs7202620
chr16	53855538	rs16952592
chr16	53858061	rs8063241
chr16	53865651	rs9936768
chr16	53869777	rs7197983
chr16	53871244	rs8044353
chr16	53872187	rs8060649
chr16	53874691	rs8053707
chr16	53874745	rs10521304
chr16	53875273	rs10521303
chr16	53877858	rs1362571
chr16	53878554	rs8061239
chr16	53882596	rs1558756
chr16	53882967	rs9934504
chr16	53886754	rs1558755
chr16	53892878	rs17820875
chr16	53893411	rs11076008
chr16	53897528	rs13335343
chr16	53899635	rs1362570
chr16	53900060	rs1074903
chr16	53903720	rs2111112
chr16	53904138	rs9937234
chr16	53908232	rs8056040
chr16	53908372	rs4784330
chr16	53908893	rs12935710
chr16	53909327	rs12921721
chr16	53912589	rs7188162
chr16	53916004	rs9806929
chr16	53919034	rs1344503
chr16	53919207	rs12232391
chr16	53919233	rs7193851
chr16	53920086	rs8053966
chr16	53922140	rs16952649
chr16	53926453	rs12918495
chr16	53926615	rs12932428
chr16	53927442	rs4783826
chr16	53929151	rs11864972
chr16	53930914	rs8061397
chr16	53932151	rs9924072
chr16	53939895	rs7205426
chr16	53939983	rs7205617
chr16	53942750	rs12933996
chr16	53944934	rs16952662
chr16	53945428	rs11862232
chr16	53947509	rs9924877
chr16	53948837	rs7197239
chr16	53949568	rs7203181
chr16	53951361	rs12925189
chr16	53955761	rs16952686
chr16	53957041	rs17224310
chr16	53960555	rs1861555
chr16	53960702	rs11643535
chr16	53963390	rs12446047
chr16	53965018	rs17823199
chr16	53965726	rs17823223
chr16	53966880	rs1344502
chr16	53966995	rs1111483
chr16	53969571	rs7194907
chr16	53969893	rs8053888
chr16	53970899	rs9940629
chr16	53971251	rs9932411
chr16	53971577	rs7206456
chr16	53972305	rs2160305
chr16	53973910	rs7185783
chr16	53975416	rs9921255
chr16	53975589	rs8056299
chr16	53975633	rs9302654
chr16	53975776	rs4784335
chr16	53978367	rs11642776
chr16	53982540	rs17225435
chr16	53985774	rs12324955
chr16	53986233	rs1125392
chr16	53987097	rs8049235
chr16	53990354	rs4784337
chr16	53991260	rs8056199
chr16	53992769	rs6499661
chr16	53992827	rs6499662
chr16	53993581	rs1420571
chr16	53994059	rs12596210
chr16	53995320	rs12596862
chr16	53995392	rs11864881
chr16	53995616	rs11076013
chr16	53998362	rs16952756
chr16	53998650	rs8047473
chr16	53999163	rs11646488
chr16	53999173	rs7193917
chr16	53999223	rs7193938
chr16	53999336	rs7199716
chr16	53999933	rs1861356
chr16	54000233	rs7205987
chr16	54001029	rs13334214
chr16	54001040	rs16952770
chr16	54002331	rs13335453
chr16	54002440	rs7200972
chr16	54004059	rs4784338
chr16	54007004	rs9922370
chr16	54007867	rs1125338
chr16	54008129	rs8049988
chr16	54009602	rs17226942
chr16	54010603	rs1345390
chr16	54015241	rs2111118
chr16	54015293	rs17227068
chr16	54015340	rs2111116
chr16	54015753	rs8043737
chr16	54015855	rs1861554
chr16	54016737	rs7196211
chr16	54018973	rs10153154
chr16	54020349	rs1107356
chr16	54022247	rs7194243
chr16	54023837	rs4784346
chr16	54023859	rs17825567
chr16	54026293	rs7195994
chr16	54026682	rs2302674
chr16	54026971	rs7199433
chr16	54034209	rs2302673
chr16	54035553	rs860713
chr16	54040715	rs2192872
chr16	54041786	rs4784351
chr16	54048382	rs6499675
chr16	54048458	rs2689249
chr16	54049255	rs16952906
chr16	54052668	rs11076015
chr16	54053947	rs2540781
chr16	54055160	rs8062891
chr16	54056583	rs7187423
chr16	54056677	rs12447427
chr16	54057166	rs940214
chr16	54059269	rs856973
chr16	54060218	rs8049933
chr16	54061953	rs1558687
chr16	54063247	rs2689247
chr16	54063265	rs2689246
chr16	54065515	rs16952951
chr16	54065557	rs16952955
chr16	54066457	rs1108086
chr16	54066489	rs2540786
chr16	54066743	rs2075202
chr16	54067002	rs2075204
chr16	54067019	rs13338113
chr16	54067492	rs1107058
chr16	54067549	rs12600060
chr16	54068854	rs1420318
chr16	54072059	rs2540766
chr16	54073031	rs2540768
chr16	54074011	rs12149010
chr16	54074050	rs2540769
chr16	54074211	rs2665275
chr16	54074786	rs2665274
chr16	54079695	rs7199185
chr16	54080305	rs967515
chr16	54080617	rs708262
chr16	54080912	rs16953002
chr16	54081457	rs708258
chr16	54083599	rs3928987
chr16	54084523	rs1876942
chr16	54085980	rs1008400
chr16	54086418	rs10492872
chr16	54086472	rs11076017
chr16	54087835	rs697769
chr16	54089477	rs708254
chr16	54089505	rs708253
chr16	54089600	rs11863548
chr16	54091128	rs708250
chr16	54091621	rs7197992
chr16	54092705	rs2665272
chr16	54093967	rs2665271
chr16	54094514	rs17236708
chr16	54096258	rs16953047
chr16	54097141	rs708245
chr16	54097769	rs1071501
chr16	54099738	rs741300
chr16	54099888	rs12927155
chr16	54100890	rs12445828
chr16	54103347	rs2540775
chr16	54103768	rs6499676
chr16	54103950	rs2540776
chr16	54104068	rs2689264
chr16	54104652	rs2689269
chr16	54109923	rs16953065
chr16	54111013	rs708278
chr16	54117267	rs8053279
chr16	54118818	rs2072518
chr16	54121830	rs16953089
chr16	54126576	rs16953092
chr16	54132724	rs8063722
chr16	54134981	rs12924565
chr16	54140373	rs12598390
chr16	54141401	rs2542679
chr16	54141733	rs879679
chr16	54145998	rs1610237
chr16	54149334	rs8056784
chr16	54149847	rs7204541
chr16	54149972	rs872378
chr16	54150090	rs2015991
chr16	54151617	rs16953145
chr16	54153739	rs8054310
chr16	54153871	rs16953148
chr16	54155326	rs12934459
chr16	54156105	rs16953154
chr16	54161316	rs12448173
chr16	54162277	rs4530133
chr16	54166215	rs12926239
chr16	54166302	rs12447727
chr16	54172114	rs2542674
chr16	54172803	rs2542673
chr16	54174944	rs2689258
chr16	54175924	rs2542671
chr16	54176535	rs1013170
chr16	54179629	rs836994
chr16	54183445	rs1033043
chr16	54183808	rs1033046
chr16	54188473	rs2665282
chr16	54190645	rs2221745
chr16	54191889	rs1510174
chr16	54192443	rs836996
chr16	54193171	rs13338173
chr16	54195802	rs876592
chr16	54197338	rs2010410
chr16	54199314	rs2689267
chr16	54201469	rs1912414
chr16	54201528	rs1912413
chr16	54204096	rs10153048
chr16	54205789	rs836986
chr16	54206294	rs11640003
chr16	54208752	rs2665278
chr16	54208776	rs2665277
chr16	54209636	rs1397138
chr16	54209819	rs7198486
chr16	54210842	rs9921416
chr16	54211008	rs7188172
chr16	54214736	rs7196426
chr16	54216108	rs870566
chr16	54216200	rs870565
chr16	54217292	rs1876944
chr16	54217450	rs1876943
chr16	54217752	rs1543030
chr16	54218921	rs16953218
chr16	54219971	rs11863535
chr16	54221310	rs2102497
chr16	54221434	rs4783830
chr16	54222113	rs9930298
chr16	54226811	rs8057929
chr16	54231853	rs8060235
chr16	54234747	rs7194309
chr16	54238135	rs7191633
chr16	54238462	rs7191857
chr16	54239366	rs17174944
chr16	54240108	rs16953241
chr16	54240442	rs16953243
chr16	54240650	rs17253832
chr16	54242331	rs8052052
chr16	54242548	rs8058745
chr16	54245491	rs17254042
chr16	54246605	rs2302805
chr16	54247379	rs17175620
chr16	54250324	rs16953264
chr16	54252179	rs4423418
chr16	54252645	rs16953268
chr16	54255193	rs17254362
chr16	54265591	rs10521300
chr16	54266260	rs16953283
chr16	54268386	rs8061517
chr16	54272150	rs16953296
chr16	54275273	rs1112899
chr16	54276140	rs4461068
chr16	54279725	rs8053360
chr16	54280905	rs8059653
chr16	54286285	rs3751723
chr16	54288407	rs12445085
chr16	54289356	rs1868689
chr16	54293681	rs1868688
chr16	54294367	rs8056566
chr16	54294415	rs8057997
chr16	54294662	rs1868686
chr16	54297069	rs12929895
chr16	54300368	rs1079368
chr16	54307168	rs1530790
chr16	54307368	rs1530788
chr16	54307539	rs11639638
chr16	54309157	rs1562797
chr16	54309928	rs1004299
chr16	54311358	rs1530787
chr16	54311384	rs1004930
chr16	54313000	rs1012149
chr16	54313509	rs4784361
chr16	54315345	rs12930159
chr16	54315695	rs7199196
chr16	54316916	rs13329795
chr16	54317414	rs1108814
chr16	54317823	rs752173
chr16	54318378	rs729633
chr16	54321130	rs8046599
chr16	54321257	rs16953344
chr16	54321689	rs8056104
chr16	54321711	rs11861062
chr16	54323139	rs1543921
chr16	54325561	rs2122488
chr16	54325938	rs2388632
chr16	54328119	rs1376042
chr16	54328355	rs2218798
chr16	54328742	rs12933995
chr16	54328876	rs4784364
chr16	54329135	rs1868682
chr16	54331200	rs12149279
chr16	54331406	rs11076028
chr16	54331435	rs11076029
chr16	54331542	rs11076030
chr16	54331580	rs11076031
chr16	54333508	rs4783835
chr16	54334051	rs7202735
chr16	54334762	rs11859377
chr16	54335546	rs12325064
chr16	54342202	rs12599068
chr16	54344522	rs7188799
chr16	54349372	rs11076032
chr16	54350211	rs8055411
chr16	54350546	rs12102835
chr16	54351776	rs7188866
chr16	54351920	rs7206351
chr16	54353172	rs2216063
chr16	54353288	rs7205326
chr16	54354758	rs7191827
chr16	54355718	rs4146345
chr16	54356963	rs2160295
chr16	54357238	rs1344496
chr16	54362450	rs4784375
chr16	54363458	rs4641739
chr16	54363601	rs13337115
chr16	54368184	rs12448816
chr16	54369476	rs7206352
chr16	54372642	rs12445707
chr16	54373340	rs2388636
chr16	54373892	rs748815
chr16	54376535	rs12929759
chr16	54378967	rs12920871
chr16	54379818	rs8050506
chr16	54379867	rs12927537
chr16	54380372	rs4784376
chr16	54380531	rs12931564
chr16	54381790	rs11639567
chr16	54383227	rs16953451
chr16	54385389	rs12934316
chr16	54387913	rs17257349
chr16	54390018	rs2110837
chr16	54391059	rs1420294
chr16	54394494	rs1420297
chr16	54396751	rs4783840
chr16	54403018	rs7194372
chr16	54404342	rs7203944
chr16	54405610	rs1420303
chr16	54408733	rs8046193
chr16	54408966	rs16953500
chr16	54409174	rs13333140
chr16	54409311	rs16953503
chr16	54411416	rs12918795
chr16	54412356	rs7198453
chr16	54413896	rs12708945
chr16	54414054	rs1530793
chr16	54417805	rs7188174
chr16	54418434	rs12931418
chr16	54419134	rs12932446
chr16	54420064	rs4784379
chr16	54422713	rs4784380
chr16	54424238	rs9940750
chr16	54426244	rs7188106
chr16	54426430	rs10521310
chr16	54427873	rs17199152
chr16	54429801	rs9302659
chr16	54430242	rs7189062
chr16	54430424	rs9972796
chr16	54431879	rs7203807
chr16	54432357	rs12447708
chr16	54432562	rs10083801
chr16	54435419	rs7188897
chr16	54436261	rs4784383
chr16	54438149	rs4784384
chr16	54438871	rs1420284
chr16	54439160	rs1420285
chr16	54439319	rs4505317
chr16	54441806	rs12447268
chr16	54441851	rs12935838
chr16	54443815	rs17258995
chr16	54443969	rs1420288
chr16	54444318	rs12149455
chr16	54444471	rs16953539
chr16	54444961	rs8061161
chr16	54446126	rs9934708
chr16	54447680	rs9929651
chr16	54451334	rs9933123
chr16	54451766	rs16953561
chr16	54451921	rs4784390
chr16	54452047	rs4784391
chr16	54452509	rs12931301
chr16	54455881	rs2388639
chr16	54455898	rs2388640
chr16	54458055	rs12925931
chr16	54458271	rs12447674
chr16	54458737	rs11641877
chr16	54459530	rs17259245
chr16	54459920	rs12931565
chr16	54460512	rs9921518
chr16	54461874	rs11645959
chr16	54463942	rs4783845
chr16	54465033	rs4784394
chr16	54466804	rs17259378
chr16	54467375	rs11647078
chr16	54468036	rs10521311
chr16	54470041	rs11640012
chr16	54470107	rs17259551
chr16	54470508	rs17200147
chr16	54473555	rs17259705
chr16	54473932	rs2110835
chr16	54474862	rs11864170
chr16	54475014	rs12935167
chr16	54479357	rs17259865
chr16	54480211	rs12929998
chr16	54481483	rs2052270
chr16	54483570	rs733017
chr16	54485825	rs7195489
chr16	54486784	rs10521313
chr16	54486814	rs2110836
chr16	54487172	rs933516
chr16	54487705	rs933517
chr16	54487737	rs7184060
chr16	54488209	rs933518
chr16	54490313	rs1420290
chr16	54493384	rs12051408
chr16	54493472	rs716083
chr16	54493526	rs1362433
chr16	54495993	rs2178724
chr16	54496364	rs12920058
chr16	54498378	rs9929013
chr16	54498729	rs1362435
chr16	54503696	rs8060871
chr16	54508121	rs751214
chr16	54508943	rs8063474
chr16	54511067	rs16953604
chr16	54512692	rs4784399
chr16	54515273	rs6499694
chr16	54515726	rs9927359
chr16	54516257	rs1362437
chr16	54517813	rs4784404
chr16	54517890	rs8043730
chr16	54520877	rs11076044
chr16	54521849	rs933519
chr16	54522604	rs1420292
chr16	54524650	rs17201719
chr16	54525945	rs1908217
chr16	54526565	rs17201754
chr16	54529349	rs6499699
chr16	54529735	rs1209810
chr16	54529803	rs1690511
chr16	54529911	rs16953625
chr16	54530061	rs1212157
chr16	54536509	rs6499701
chr16	54536947	rs6499702
chr16	54539494	rs6499703
chr16	54542044	rs7203972
chr16	54544416	rs8059628
chr16	54546055	rs12921739
chr16	54547336	rs1209438
chr16	54549220	rs6499705
chr16	54553998	rs16953661
chr16	54555620	rs6499707
chr16	54555684	rs6499708
chr16	54556127	rs2178723
chr16	54556363	rs9931352
chr16	54556549	rs12930959
chr16	54558217	rs1874026
chr16	54559936	rs1532304
chr16	54560626	rs878981
chr16	54560858	rs878980
chr16	54562501	rs1201336
chr16	54563316	rs1211156
chr16	54563933	rs1186822
chr16	54563996	rs1186821
chr16	54564602	rs1186817
chr16	54565316	rs7198776
chr16	54565381	rs1186815
chr16	54566244	rs1186809
chr16	54566480	rs11645174
chr16	54569240	rs8045161
chr16	54570004	rs9940902
chr16	54570197	rs9889103
chr16	54571688	rs8051442
chr16	54578871	rs1209807
chr16	54579352	rs9933469
chr16	54581498	rs1882591
chr16	54583428	rs1151275
chr16	54586591	rs1151277
chr16	54586851	rs3912993
chr16	54588564	rs16953731
chr16	54589346	rs4588402
chr16	54591926	rs17263433
chr16	54592858	rs1493906
chr16	54593140	rs1151282
chr16	54593196	rs1493907
chr16	54593683	rs12444320
chr16	54593748	rs16953751
chr16	54595839	rs1151283
chr16	54595977	rs1151284
chr16	54596106	rs1186765
chr16	54598247	rs8053489
chr16	54600986	rs3912990
chr16	54602856	rs1861529
chr16	54602868	rs2388773
chr16	54612923	rs8060366
chr16	54617658	rs1493894
chr16	54621422	rs11863639
chr16	54622990	rs7205372
chr16	54625698	rs16953781
chr16	54631507	rs1493895
chr16	54633786	rs1493897
chr16	54636216	rs10163253
chr16	54637807	rs1548911
chr16	54639283	rs7187550
chr16	54642429	rs8046657
chr16	54643380	rs7193843
chr16	54643601	rs1861532
chr16	54646335	rs8053560
chr16	54647126	rs957250
chr16	54647492	rs16953806
chr16	54649890	rs3893264
chr16	54651286	rs17205188
chr16	54652512	rs8058116
chr16	54653770	rs1861535
chr16	54654325	rs16953831
chr16	54657361	rs4784409
chr16	54659443	rs6499711
chr16	54660606	rs8057360
chr16	54661261	rs6499712
chr16	54669746	rs1389525
chr16	54670831	rs1493893
chr16	54675298	rs11639521
chr16	54675702	rs13335338
chr16	54676985	rs6499714
chr16	54686551	rs1861528
chr16	54691584	rs9924623
chr16	54694025	rs17205999
chr16	54694749	rs9925202
chr16	54694997	rs1389529
chr16	54695039	rs9936600
chr16	54695579	rs17206116
chr16	54695610	rs16953856
chr16	54695774	rs1493902
chr16	54695831	rs1493901
chr16	54696854	rs1493899
chr16	54696952	rs7206354
chr16	54698323	rs11647205
chr16	54699089	rs17206396
chr16	54699834	rs1420562
chr16	54702899	rs17206528
chr16	54703547	rs2388807
chr16	54705909	rs7501412
chr16	54708606	rs12325243
chr16	54709206	rs7185496
chr16	54709485	rs1477085
chr16	54709526	rs11076050
chr16	54710698	rs12599216
chr16	54711356	rs9928941
chr16	54711465	rs12930416
chr16	54711698	rs1420553
chr16	54713842	rs7206791
chr16	54713928	rs9929251
chr16	54715355	rs1420555
chr16	54715721	rs11646434
chr16	54715817	rs11642904
chr16	54717306	rs10775329
chr16	54718293	rs750255
chr16	54718576	rs1861536
chr16	54718858	rs1861537
chr16	54718951	rs1861538
chr16	54719256	rs1861539
chr16	54720142	rs12928936
chr16	54720275	rs1420557
chr16	54721868	rs4784412
chr16	54722007	rs8063608
chr16	54727129	rs881763
chr16	54729068	rs12599532
chr16	54729991	rs11648973
chr16	54732740	rs8044801
chr16	54734481	rs4784413
chr16	54735954	rs4784414
chr16	54736320	rs4784415
chr16	54736903	rs10852532
chr16	54737566	rs1477075
chr16	54738158	rs8060423
chr16	54738204	rs8043892
chr16	54738259	rs8060238
chr16	54740571	rs8050079
chr16	54741430	rs16953935
chr16	54742691	rs1548912
chr16	54743162	rs12598597
chr16	54744315	rs878144
chr16	54746458	rs7499390
chr16	54750389	rs1477084
chr16	54756889	rs4622506
chr16	54757979	rs12933556
chr16	54759884	rs4257585
chr16	54760189	rs4440156
chr16	54760809	rs4784421
chr16	54762498	rs7198507
chr16	54763431	rs7184109
chr16	54764399	rs11646607
chr16	54764766	rs12599071
chr16	54778421	rs4595798
chr16	54779607	rs12446602
chr16	54779889	rs4784423
chr16	54782331	rs9924986
chr16	54785556	rs9934435
chr16	54785589	rs9924618
chr16	54785958	rs6499718
chr16	54793873	rs11076057
chr16	54793994	rs6499719
chr16	54801673	rs11076058
chr16	54804513	rs4784426
chr16	54804855	rs4784428
chr16	54808162	rs11647804
chr16	54812471	rs10852533
chr16	54813470	rs12051467
chr16	54814002	rs13333651
chr16	54816804	rs11076059
chr16	54817829	rs4410070
chr16	54820554	rs7203670
chr16	54821902	rs4561463
chr16	54822759	rs4435250
chr16	54823688	rs4353477
chr16	54825820	rs4784429
chr16	54826337	rs7202225
chr16	54828949	rs4131945
chr16	54839890	rs4297673
chr16	54846813	rs4423419
chr16	54848633	rs11859037
chr16	54849134	rs12932315
chr16	54849451	rs7205001
chr16	54849709	rs7206282
chr16	54851990	rs7194842
chr16	54852921	rs7191841
chr16	54854009	rs4555155
chr16	54854858	rs4322657
chr16	54855552	rs4493037
chr16	54856105	rs4267301
chr16	54857492	rs4567705
chr16	54872983	rs9932117
chr16	54876072	rs9940226
chr16	54879951	rs3924359
chr16	54903330	rs8047686
chr16	54914945	rs11076060
chr16	54922522	rs7198163
chr16	54926407	rs11643696
chr16	54930014	rs7203657
chr16	54935523	rs4784435
chr16	54940112	rs8063280
chr16	54940771	rs8052903
chr16	54942584	rs8045838
chr16	54947764	rs8054521
chr16	54949327	rs8060558
chr16	54949465	rs10459806
chr16	54952227	rs3885882
chr16	54953662	rs8054030
chr16	54955736	rs10468282
chr16	54963089	rs4238770
chr16	54965031	rs4783859
chr16	54965454	rs5025710
chr16	54967530	rs4589549
chr16	54970614	rs4238771
chr16	54971409	rs4783860
chr16	54974341	rs11647194
chr16	54977192	rs4784442
chr16	54980129	rs11644542
chr16	54984988	rs11076062
chr16	54987835	rs4784448
chr16	54989482	rs4587973
chr16	54991944	rs11076063
chr16	54994636	rs6499736
chr16	54997642	rs12149449
chr16	54999782	rs11076064
chr16	55000186	rs9939303
chr16	55000290	rs4784450
chr16	55000781	rs8060082
chr16	55001312	rs7185563
chr16	55001632	rs4784454
chr16	55001776	rs8045224
chr16	55002047	rs4130820
chr16	55002135	rs4421976
chr16	55002337	rs7203554
chr16	55005233	rs7199838
chr16	55006526	rs4238773
chr16	55007071	rs6499739
chr16	55009755	rs4622507
chr16	55010947	rs11863915
chr16	55012570	rs12444175
chr16	55013058	rs4238774
chr16	55014614	rs4288990
chr16	55020213	rs11860863
chr16	55020932	rs4238775
chr16	55027709	rs13331158
chr16	55033544	rs923220
chr16	55035449	rs4783863
chr16	55035487	rs4783864
chr16	55035781	rs4783865
chr16	55035864	rs4784463
chr16	55037576	rs17208312
chr16	55038071	rs8050357
chr16	55038095	rs17208368
chr16	55039929	rs4784465
chr16	55040576	rs11645360
chr16	55041168	rs11076066
chr16	55042692	rs12445941
chr16	55044333	rs12708948
chr16	55044755	rs8055853
chr16	55045387	rs4783866
chr16	55046144	rs7359482
chr16	55046172	rs4784467
chr16	55048246	rs4783867
chr16	55050833	rs725885
chr16	55052294	rs11645715
chr16	55052398	rs883992
chr16	55053088	rs11859799
chr16	55054313	rs6499743
chr16	55054676	rs1386266
chr16	55056333	rs4784468
chr16	55058229	rs8060118
chr16	55059104	rs4784473
chr16	55059506	rs11859743
chr16	55059902	rs11859652
chr16	55060086	rs12444201
chr16	55062492	rs4784474
chr16	55063736	rs12446032
chr16	55064704	rs2129366
chr16	55064921	rs9935052
chr16	55065303	rs2397357
chr16	55067464	rs11644307
chr16	55069787	rs1352189
chr16	55069813	rs9926816
chr16	55070174	rs1352191
chr16	55070550	rs11866097
chr16	55075979	rs2101388
chr16	55076030	rs7198804
chr16	55076125	rs7197624
chr16	55076335	rs7204658
chr16	55083640	rs8050248
chr16	55084886	rs13333707
chr16	55087915	rs6499746
chr16	55088315	rs1825731
chr16	55088509	rs1825730
chr16	55088674	rs2397375
chr16	55089150	rs16954241
chr16	55090612	rs7197773
chr16	55093172	rs16954261
chr16	55093279	rs12918462
chr16	55094285	rs9921884
chr16	55095898	rs13331483
chr16	55096420	rs2035606
chr16	55097927	rs1027021
chr16	55099328	rs6499747
chr16	55102993	rs16954273
chr16	55103743	rs1027019
chr16	55104126	rs8045342
chr16	55104804	rs1386264
chr16	55105153	rs16954281
chr16	55105571	rs7197813
chr16	55108941	rs4783874
chr16	55109037	rs4784481
chr16	55110283	rs16954293
chr16	55112607	rs11640233
chr16	55114210	rs936873
chr16	55115133	rs4784483
chr16	55115722	rs8061923
chr16	55115890	rs8064070
chr16	55116594	rs4784485
chr16	55117439	rs4784489
chr16	55117672	rs4784490
chr16	55117842	rs2220297
chr16	55119024	rs11076074
chr16	55119349	rs11640298
chr16	55119903	rs11640550
chr16	55119927	rs11640557
chr16	55120798	rs13332154
chr16	55122593	rs4783879
chr16	55123767	rs4270172
chr16	55124785	rs901447
chr16	55125673	rs1486741
chr16	55127544	rs8060698
chr16	55131470	rs1386260
chr16	55131495	rs12917822
chr16	55132009	rs8064192
chr16	55133082	rs1386259
chr16	55136584	rs9941331
chr16	55137962	rs9936750
chr16	55139039	rs17210961
chr16	55139182	rs17210989
chr16	55140030	rs4783882
chr16	55142194	rs12932067
chr16	55144248	rs1486736
chr16	55144887	rs4784498
chr16	55145732	rs11647940
chr16	55146180	rs1486735
chr16	55146350	rs16954400
chr16	55147649	rs745112
chr16	55148766	rs11642104
chr16	55148769	rs17277212
chr16	55149989	rs1463632
chr16	55150962	rs13380628
chr16	55152151	rs11076078
chr16	55153079	rs1486731
chr16	55154208	rs12600142
chr16	55155844	rs16954412
chr16	55157185	rs12597549
chr16	55157878	rs11647470
chr16	55158368	rs6499749
chr16	55158631	rs4784500
chr16	55158719	rs4783883
chr16	55160412	rs1552426
chr16	55161907	rs12929336
chr16	55163330	rs8056056
chr16	55164841	rs1486743
chr16	55165232	rs4784501
chr16	55165306	rs4784502
chr16	55165586	rs7187108
chr16	55167101	rs8054239
chr16	55168469	rs1156819
chr16	55169361	rs11646402
chr16	55172661	rs11076081
chr16	55172844	rs11643287
chr16	55174439	rs1948073
chr16	55177638	rs7186131
chr16	55177722	rs2200537
chr16	55180181	rs728571
chr16	55183220	rs2631524
chr16	55184950	rs2589001
chr16	55187768	rs1486742
chr16	55189234	rs2589010
chr16	55191171	rs2631522
chr16	55193022	rs9944361
chr16	55194952	rs2631520
chr16	55197129	rs2589004
chr16	55197532	rs1386255
chr16	55197828	rs12932559
chr16	55197956	rs1486734
chr16	55197995	rs1486733
chr16	55198983	rs2631517
chr16	55199605	rs6499750
chr16	55199722	rs12924662
chr16	55199768	rs12926302
chr16	55204452	rs2631531
chr16	55204896	rs2588996
chr16	55205130	rs2631530
chr16	55205177	rs2631529
chr16	55205320	rs2171262
chr16	55205858	rs2171261
chr16	55206149	rs936878
chr16	55206984	rs2631526
chr16	55210002	rs16954506
chr16	55211125	rs17291845
chr16	55212120	rs4341738
chr16	55212325	rs2397359
chr16	55212343	rs4290468
chr16	55212391	rs12918335
chr16	55212815	rs12920083
chr16	55213088	rs2003304
chr16	55216014	rs7204223
chr16	55217054	rs9933405
chr16	55217966	rs4302028
chr16	55219211	rs7204268
chr16	55219878	rs2397376
chr16	55220617	rs9924769
chr16	55221279	rs2001970
chr16	55222194	rs2397379
chr16	55226476	rs12928035
chr16	55227488	rs12933593
chr16	55230785	rs9928598
chr16	55232595	rs11076087
chr16	55232872	rs258590
chr16	55235301	rs8058660
chr16	55236081	rs12445524
chr16	55236101	rs258596
chr16	55236782	rs16954541
chr16	55238188	rs258599
chr16	55239044	rs893261
chr16	55240798	rs30953
chr16	55242044	rs12923058
chr16	55244158	rs8059961
chr16	55244512	rs12920152
chr16	55244687	rs30958
chr16	55245299	rs30960
chr16	55245421	rs13333249
chr16	55246793	rs30962
chr16	55248659	rs4784508
chr16	55251763	rs1862855
chr16	55253305	rs11647006
chr16	55254862	rs187726
chr16	55256656	rs7184435
chr16	55257232	rs16954609
chr16	55257838	rs8049521
chr16	55258461	rs16954610
chr16	55259283	rs30969
chr16	55267642	rs30977
chr16	55267975	rs30978
chr16	55268359	rs4567706
chr16	55268772	rs920219
chr16	55268943	rs1862856
chr16	55271238	rs4784511
chr16	55271663	rs1075072
chr16	55272384	rs1437448
chr16	55273038	rs7197241
chr16	55273081	rs11076091
chr16	55273137	rs9927194
chr16	55273177	rs893265
chr16	55274038	rs8045188
chr16	55275348	rs2397442
chr16	55275476	rs7197650
chr16	55275928	rs9936301
chr16	55276538	rs9938848
chr16	55277059	rs4784513
chr16	55277382	rs16954658
chr16	55277694	rs1816615
chr16	55279167	rs7188523
chr16	55279627	rs1816616
chr16	55280198	rs991057
chr16	55281421	rs1347666
chr16	55281924	rs30922
chr16	55282766	rs30924
chr16	55284193	rs7198157
chr16	55284650	rs30930
chr16	55285877	rs12919110
chr16	55286405	rs1862858
chr16	55286589	rs30935
chr16	55289793	rs30939
chr16	55290182	rs733140
chr16	55290855	rs30941
chr16	55291013	rs30942
chr16	55291210	rs748005
chr16	55292579	rs10775331
chr16	55292892	rs11860394
chr16	55295349	rs16954719
chr16	55295689	rs31042
chr16	55296464	rs16954730
chr16	55300122	rs31045
chr16	55300239	rs8056978
chr16	55300871	rs31046
chr16	55305865	rs714507
chr16	55309653	rs12928690
chr16	55313557	rs31059
chr16	55315669	rs31061
chr16	55315925	rs893263
chr16	55316689	rs31064
chr16	55317195	rs31065
chr16	55317511	rs31066
chr16	55317610	rs6499756
chr16	55318110	rs2042447
chr16	55319603	rs31070
chr16	55322785	rs4784523
chr16	55323258	rs31074
chr16	55323326	rs31075
chr16	55327581	rs31082
chr16	55330547	rs2008953
chr16	55333318	rs31095
chr16	55334723	rs31097
chr16	55336042	rs1020065
chr16	55340397	rs31104
chr16	55341811	rs31105
chr16	55344593	rs31110
chr16	55345292	rs16954875
chr16	55347259	rs31118
chr16	55355611	rs258586
chr16	55367038	rs1370387
chr16	55367184	rs16954899
chr16	55367421	rs360774
chr16	55370843	rs13337095
chr16	55370928	rs13336815
chr16	55371085	rs9936395
chr16	55371537	rs7198395
chr16	55371749	rs7198786
chr16	55371801	rs7197593
chr16	55372809	rs7192762
chr16	55374918	rs30913
chr16	55375527	rs30907
chr16	55375938	rs7191568
chr16	55376357	rs7196813
chr16	55377214	rs7201006
chr16	55377385	rs7202806
chr16	55377453	rs7202859
chr16	55377694	rs7203423
chr16	55383307	rs30905
chr16	55383505	rs30904
chr16	55390215	rs12918370
chr16	55391471	rs17232065
chr16	55391588	rs9924563
chr16	55395222	rs9933802
chr16	55401915	rs243852
chr16	55402839	rs10153222
chr16	55402901	rs7199709
chr16	55402987	rs7199873
chr16	55406692	rs7197377
chr16	55408968	rs11640811
chr16	55409075	rs877336
chr16	55410935	rs893260
chr16	55411431	rs9921970
chr16	55412108	rs9924658
chr16	55412852	rs3886934
chr16	55413912	rs151779
chr16	55415837	rs2397445
chr16	55418471	rs9926841
chr16	55421752	rs2397446
chr16	55422028	rs16955060
chr16	55422070	rs8050537
chr16	55422923	rs9302667
chr16	55423444	rs4783891
chr16	55427286	rs1437248
chr16	55427847	rs1345319
chr16	55427879	rs1345320
chr16	55429290	rs16955080
chr16	55430810	rs11646699
chr16	55430923	rs11643166
chr16	55431632	rs1420227
chr16	55432862	rs2576562
chr16	55433721	rs12931375
chr16	55435492	rs7190378
chr16	55437062	rs2576561
chr16	55438034	rs8045690
chr16	55438171	rs17299191
chr16	55438639	rs2540707
chr16	55439016	rs2397449
chr16	55439880	rs4783894
chr16	55439970	rs2540709
chr16	55440355	rs715013
chr16	55441217	rs1833185
chr16	55441824	rs11644688
chr16	55441921	rs2576554
chr16	55443096	rs2576548
chr16	55444134	rs1558670
chr16	55444614	rs2576545
chr16	55444644	rs2540718
chr16	55445775	rs10521324
chr16	55446040	rs2576542
chr16	55446498	rs2576538
chr16	55447199	rs2540726
chr16	55447309	rs10521323
chr16	55447637	rs1437245
chr16	55451261	rs1420228
chr16	55451845	rs17241017
chr16	55455004	rs9924912
chr16	55455996	rs1816594
chr16	55456177	rs11643666
chr16	55457137	rs17300655
chr16	55457390	rs7184310
chr16	55457615	rs2110820
chr16	55458015	rs7187536
chr16	55458897	rs9936365
chr16	55460520	rs837531
chr16	55462617	rs1816595
chr16	55462716	rs837537
chr16	55464137	rs12924764
chr16	55464747	rs11643163
chr16	55466500	rs837543
chr16	55467426	rs12373036
chr16	55468464	rs11859163
chr16	55468984	rs893226
chr16	55470609	rs1005913
chr16	55471128	rs1347653
chr16	55471416	rs16955194
chr16	55475122	rs11644561
chr16	55475988	rs243867
chr16	55476083	rs7189232
chr16	55476547	rs11643630
chr16	55477625	rs243866
chr16	55477894	rs243865
chr16	55478410	rs243864
chr16	55483250	rs1477017
chr16	55483320	rs865094
chr16	55484698	rs17301608
chr16	55484965	rs11646643
chr16	55485695	rs1053605
chr16	55487813	rs9302671
chr16	55489099	rs9928731
chr16	55489793	rs243849
chr16	55490086	rs243847
chr16	55492575	rs243845
chr16	55493386	rs243843
chr16	55493510	rs243842
chr16	55493770	rs183112
chr16	55493979	rs1992116
chr16	55494247	rs243840
chr16	55495499	rs243839
chr16	55496389	rs9923304
chr16	55498546	rs2287076
chr16	55499358	rs11639960
chr16	55500324	rs243836
chr16	55502710	rs243835
chr16	55502775	rs243834
chr16	55505601	rs17860019
chr16	55505702	rs7201
chr16	55507128	rs1861320
chr16	55508767	rs9922534
chr16	55510637	rs8054459
chr16	55515485	rs8053806
chr16	55516578	rs1583585
chr16	55524818	rs1558666
chr16	55527168	rs13337274
chr16	55528554	rs837550
chr16	55529104	rs9928922
chr16	55530885	rs4402561
chr16	55531835	rs9930245
chr16	55533800	rs13339550
chr16	55534733	rs2192855
chr16	55537651	rs10521321
chr16	55537913	rs1362400
chr16	55539409	rs4238780
chr16	55539698	rs16955364
chr16	55542249	rs10521320
chr16	55544544	rs8059138
chr16	55545524	rs10521319
chr16	55545904	rs9932991
chr16	55549638	rs2287072
chr16	55551487	rs1501995
chr16	55552608	rs1393257
chr16	55555553	rs1501997
chr16	55557920	rs194168
chr16	55558002	rs13335416
chr16	55558249	rs7189685
chr16	55560899	rs2216058
chr16	55562377	rs1501999
chr16	55565658	rs1502000
chr16	55566122	rs1502002
chr16	55566382	rs8049240
chr16	55567476	rs1502003
chr16	55569276	rs3785163
chr16	55569314	rs3785162
chr16	55569556	rs168822
chr16	55571564	rs11647464
chr16	55578365	rs883180
chr16	55579610	rs1502007
chr16	55583290	rs12933746
chr16	55584755	rs16955473
chr16	55585662	rs16955475
chr16	55586336	rs12445818
chr16	55589168	rs8050810
chr16	55592349	rs1393260
chr16	55597596	rs10468286
chr16	55605542	rs8045820
chr16	55605628	rs8050433
chr16	55607701	rs4625714
chr16	55615350	rs9788921
chr16	55621626	rs9933776
chr16	55622443	rs1502009
chr16	55625565	rs8058879
chr16	55625860	rs6499769
chr16	55626068	rs6499770
chr16	55629888	rs2088926
chr16	55630847	rs4578642
chr16	55635769	rs8045391
chr16	55636194	rs11076110
chr16	55638479	rs4783897
chr16	55638629	rs7205176
chr16	55640316	rs7200199
chr16	55640408	rs40612
chr16	55641118	rs882038
chr16	55641608	rs7184467
chr16	55643134	rs7189485
chr16	55643865	rs1465350
chr16	55649087	rs11645905
chr16	55649465	rs4500724
chr16	55649770	rs4404067
chr16	55651306	rs4784551
chr16	55653153	rs4238784
chr16	55653300	rs4783899
chr16	55655632	rs168924
chr16	55656513	rs2242446
chr16	55659378	rs36030
chr16	55660371	rs17307096
chr16	55661194	rs3785143
chr16	55664052	rs2062723
chr16	55664115	rs1532701
chr16	55664598	rs17307291
chr16	55668794	rs41154
chr16	55668868	rs36027
chr16	55669099	rs17841329
chr16	55669136	rs13333066
chr16	55669586	rs1805065
chr16	55670130	rs187715
chr16	55670883	rs36026
chr16	55672479	rs36024
chr16	55672587	rs187714
chr16	55673342	rs36023
chr16	55679176	rs36020
chr16	55679874	rs16955591
chr16	55682638	rs3785152
chr16	55682928	rs40147
chr16	55683165	rs1814270
chr16	55684608	rs41153
chr16	55686546	rs10521329
chr16	55686647	rs1861646
chr16	55688478	rs3785155
chr16	55688938	rs1345429
chr16	55690030	rs11862589
chr16	55690540	rs879522
chr16	55690852	rs4564560
chr16	55691629	rs36013
chr16	55692063	rs5564
chr16	55692550	rs47958
chr16	55695212	rs2279805
chr16	55695924	rs3785157
chr16	55696212	rs5568
chr16	55697132	rs36011
chr16	55697663	rs1566652
chr16	55697823	rs8047672
chr16	55697923	rs5569
chr16	55698708	rs36009
chr16	55699677	rs1800887
chr16	55702000	rs2242447
chr16	55702615	rs15534
chr16	55703744	rs42460
chr16	55703779	rs7194256
chr16	55704428	rs12149310
chr16	55706143	rs36006
chr16	55706271	rs36005
chr16	55707544	rs16955708
chr16	55707589	rs12929956
chr16	55709855	rs7188230
chr16	55710592	rs171798
chr16	55713034	rs1948773
chr16	55718812	rs2397775
chr16	55724929	rs8052177
chr16	55725106	rs13333562
chr16	55725955	rs6499775
chr16	55729962	rs2134253
chr16	55731994	rs258097
chr16	55732433	rs8045220
chr16	55733013	rs4106010
chr16	55733166	rs9938863
chr16	55734728	rs4580160
chr16	55736717	rs12925175
chr16	55740516	rs12926148
chr16	55742573	rs4784563
chr16	55742879	rs4784564
chr16	55744322	rs11862079
chr16	55744380	rs13338546
chr16	55744843	rs6499781
chr16	55744924	rs9939593
chr16	55746914	rs6499782
chr16	55747846	rs4316748
chr16	55747873	rs17841334
chr16	55748226	rs8057912
chr16	55748372	rs8059401
chr16	55749012	rs12443715
chr16	55749794	rs1807210
chr16	55755658	rs8047963
chr16	55756974	rs8055528
chr16	55759367	rs11861118
chr16	55759925	rs1974708
chr16	55760389	rs7199731
chr16	55761039	rs7187684
chr16	55764458	rs28709073
chr16	55781103	rs28540833
chr16	55783445	rs28496801
chr16	55808492	rs8192950
chr16	55808729	rs28709456
chr16	55811439	rs1968753
chr16	55819147	rs1814268
chr16	55822805	rs4122238
chr16	55824516	rs1833248
chr16	55830540	rs28631692
chr16	55833327	rs7498748
chr16	55833669	rs3859101
chr16	55837223	rs35918553
chr16	55839497	rs4783907
chr16	55839920	rs3859103
chr16	55840471	rs4783908
chr16	55841934	rs4783909
chr16	55842401	rs6499789
chr16	55842834	rs1420216
chr16	55842897	rs1420215
chr16	55845205	rs13333135
chr16	55846568	rs11860456
chr16	55846727	rs11865638
chr16	55846913	rs11076120
chr16	55846942	rs11076121
chr16	55846962	rs11076122
chr16	55849603	rs7498560
chr16	55849706	rs2160276
chr16	55849813	rs12447097
chr16	55849849	rs7186875
chr16	55849971	rs4309387
chr16	55850371	rs1894880
chr16	55850658	rs1585144
chr16	55850711	rs1585145
chr16	55851087	rs13332555
chr16	55852750	rs4783914
chr16	55853372	rs1819829
chr16	55855087	rs1833182
chr16	55855654	rs6416762
chr16	55855818	rs7499945
chr16	55857001	rs11076123
chr16	55858488	rs4260057
chr16	55861373	rs12446482
chr16	55861853	rs6499792
chr16	55862349	rs8049600
chr16	55865791	rs11076128
chr16	55866403	rs6499795
chr16	55866455	rs7187404
chr16	55867372	rs7403998
chr16	55869045	rs7499570
chr16	55869092	rs10852545
chr16	55869397	rs6499797
chr16	55872151	rs12599795
chr16	55872463	rs16955839
chr16	55872575	rs8056747
chr16	55873316	rs17318582
chr16	55873899	rs2397965
chr16	55875251	rs7194945
chr16	55875644	rs12918059
chr16	55876892	rs2253971
chr16	55880763	rs12926907
chr16	55882689	rs3909214
chr16	55885766	rs8054926
chr16	55886747	rs3848303
chr16	55888429	rs6499799
chr16	55888517	rs4784604
chr16	55896606	rs1870038
chr16	55897571	rs1362395
chr16	55898109	rs8053467
chr16	55900247	rs13339005
chr16	55902162	rs12325083
chr16	55902225	rs12325467
chr16	55904226	rs7205550
chr16	55905826	rs17319026
chr16	55906528	rs6416767
chr16	55910097	rs8045055
chr16	55911191	rs1990625
chr16	55912410	rs12918315
chr16	55912807	rs8047745
chr16	55914428	rs12932971
chr16	55915365	rs8047859
chr16	55917004	rs2397966
chr16	55918107	rs12446518
chr16	55930756	rs8063874
chr16	55931003	rs9922897
chr16	55938070	rs6499806
chr16	55941786	rs1362394
chr16	55943663	rs6499809
chr16	55945592	rs6416768
chr16	55947464	rs7199506
chr16	55948831	rs6499811
chr16	55951668	rs7195911
chr16	55954596	rs6499812
chr16	55957271	rs7202209
chr16	55957653	rs6499813
chr16	55960931	rs11866301
chr16	55966276	rs17267934
chr16	55966522	rs16955957
chr16	55969263	rs8057875
chr16	55969331	rs9931242
chr16	55970156	rs13338539
chr16	55970866	rs7204997
chr16	55971555	rs7188041
chr16	55972196	rs1949072
chr16	55972331	rs13338967
chr16	55973046	rs1588414
chr16	55974525	rs7191478
chr16	55978056	rs7195568
chr16	55979096	rs17321196
chr16	55995653	rs8053433
chr16	56003081	rs12449030
chr16	56005295	rs4784621
chr16	56005398	rs1397151
chr16	56005895	rs12918366
chr16	56005974	rs10153233
chr16	56006132	rs4784622
chr16	56007278	rs4783923
chr16	56009257	rs12932558
chr16	56009423	rs11645036
chr16	56010633	rs4783925
chr16	56015844	rs13336016
chr16	56016409	rs12928806
chr16	56022363	rs17269270
chr16	56026758	rs11076139
chr16	56027323	rs12446945
chr16	56028806	rs12925857
chr16	56031289	rs2397967
chr16	56031359	rs11647427
chr16	56031848	rs1420566
chr16	56038995	rs4784623
chr16	56040433	rs7189905
chr16	56043223	rs2111110
chr16	56043855	rs12149061
chr16	56047482	rs17322692
chr16	56048006	rs16956075
chr16	56049056	rs7205096
chr16	56049426	rs9923763
chr16	56050599	rs8047921
chr16	56051691	rs12927815
chr16	56051986	rs9937702
chr16	56054034	rs4784628
chr16	56056516	rs7198661
chr16	56056726	rs6499818
chr16	56056851	rs7194447
chr16	56057052	rs8053317
chr16	56061142	rs4784632
chr16	56064160	rs1510192
chr16	56064467	rs1397148
chr16	56066612	rs1510189
chr16	56068846	rs16956086
chr16	56081152	rs4784636
chr16	56086940	rs1510188
chr16	56095991	rs12597179
chr16	56098762	rs2008084
chr16	56100424	rs2111111
chr16	56109611	rs2280021
chr16	56110012	rs1355271
chr16	56110391	rs7188730
chr16	56111137	rs1510186
chr16	56112455	rs1376204
chr16	56116665	rs1477089
chr16	56124806	rs9929277
chr16	56132675	rs995948
chr16	56138867	rs8055487
chr16	56142129	rs8054031
chr16	56144150	rs8050235
chr16	56144995	rs1450732
chr16	56146559	rs6499825
chr16	56154515	rs1190654
chr16	56161964	rs1151258
chr16	56164184	rs1010050
chr16	56164426	rs8060308
chr16	56165460	rs11641551
chr16	56166464	rs1562817
chr16	56174331	rs7187026
chr16	56174498	rs2443047
chr16	56180571	rs1668322
chr16	56182024	rs1734197
chr16	56189980	rs4784642
chr16	56196566	rs1190765
chr16	56196784	rs1210083
chr16	56207558	rs1026710
chr16	56207586	rs16956159
chr16	56208231	rs1871201
chr16	56208565	rs12708960
chr16	56211482	rs2061782
chr16	56215862	rs16956168
chr16	56222044	rs10521336
chr16	56222740	rs11644870
chr16	56227517	rs11076146
chr16	56228994	rs8053370
chr16	56231493	rs929872
chr16	56239620	rs16956194
chr16	56239974	rs1382362
chr16	56240589	rs4783932
chr16	56241833	rs11642265
chr16	56247842	rs9923472
chr16	56249339	rs876620
chr16	56249436	rs1809348
chr16	56249622	rs876619
chr16	56255696	rs9923469
chr16	56258447	rs1424006
chr16	56258914	rs2032924
chr16	56262880	rs1993885
chr16	56268331	rs12920828
chr16	56272728	rs4784650
chr16	56274519	rs12600108
chr16	56277862	rs4784651
chr16	56281447	rs2587878
chr16	56283433	rs7201872
chr16	56286523	rs17281013
chr16	56287207	rs899239
chr16	56289320	rs8043572
chr16	56293832	rs2278656
chr16	56295255	rs3790095
chr16	56296920	rs9937815
chr16	56306184	rs2587885
chr16	56308147	rs922445
chr16	56311465	rs17281761
chr16	56313560	rs2587888
chr16	56317795	rs2126986
chr16	56318942	rs2398144
chr16	56318993	rs899236
chr16	56320167	rs899234
chr16	56321862	rs1108656
chr16	56321909	rs1108657
chr16	56327645	rs16956343
chr16	56328813	rs2241952
chr16	56331443	rs17282194
chr16	56334057	rs2550298
chr16	56334777	rs1065375
chr16	56335253	rs2587891
chr16	56338549	rs13338253
chr16	56339310	rs2617841
chr16	56339396	rs12930151
chr16	56341584	rs4783935
chr16	56343133	rs4783937
chr16	56343836	rs1799917
chr16	56344699	rs2241953
chr16	56345066	rs2241954
chr16	56345859	rs3790109
chr16	56346658	rs3811360
chr16	56347171	rs3790111
chr16	56347285	rs3790112
chr16	56347365	rs7206796
chr16	56350808	rs3790113
chr16	56353088	rs4784659
chr16	56353376	rs899228
chr16	56353557	rs899227
chr16	56354132	rs3790116
chr16	56355778	rs11076153
chr16	56359020	rs2550302
chr16	56360123	rs869205
chr16	56361698	rs2550303
chr16	56362574	rs4924
chr16	56363241	rs2617846
chr16	56364459	rs731119
chr16	56365923	rs2617848
chr16	56366935	rs2241956
chr16	56367382	rs2241957
chr16	56369987	rs2587866
chr16	56371875	rs9933064
chr16	56373014	rs2587869
chr16	56378614	rs2587871
chr16	56383135	rs2440467
chr16	56383621	rs2432541
chr16	56385716	rs2432540
chr16	56386682	rs2440468
chr16	56387515	rs2432538
chr16	56400830	rs2550309
chr16	56407341	rs2966206
chr16	56408154	rs4238787
chr16	56410527	rs7203090
chr16	56412087	rs7187883
chr16	56412700	rs2966205
chr16	56420069	rs6499837
chr16	56420199	rs12325384
chr16	56422670	rs7200888
chr16	56424575	rs2920706
chr16	56428088	rs4784667
chr16	56430605	rs9937484
chr16	56431513	rs8059717
chr16	56433654	rs7192780
chr16	56434649	rs8056687
chr16	56435099	rs12443600
chr16	56437498	rs7189122
chr16	56447370	rs4784669
chr16	56450908	rs8060037
chr16	56451883	rs7184422
chr16	56451959	rs4556786
chr16	56452336	rs11640819
chr16	56456637	rs11644679
chr16	56460159	rs34793257
chr16	56464599	rs4784670
chr16	56464800	rs7188330
chr16	56467894	rs2288055
chr16	56469504	rs12444921
chr16	56471861	rs16968331
chr16	56476387	rs14306
chr16	56476689	rs7198524
chr16	56477154	rs10438565
chr16	56477333	rs3228
chr16	56477824	rs4783941
chr16	56478857	rs918784
chr16	56485185	rs2288056
chr16	56485511	rs8062526
chr16	56486102	rs12596017
chr16	56495428	rs12447395
chr16	56503281	rs1559452
chr16	56509646	rs9937444
chr16	56511263	rs11373
chr16	56514865	rs2288058
chr16	56520206	rs17841923
chr16	56520797	rs7184983
chr16	56524269	rs12918376
chr16	56526794	rs8048568
chr16	56527582	rs370151
chr16	56531032	rs16959389
chr16	56533192	rs8044810
chr16	56535016	rs600390
chr16	56539385	rs435651
chr16	56541084	rs4783944
chr16	56541739	rs421859
chr16	56542147	rs7191207
chr16	56542157	rs16959558
chr16	56542478	rs9935360
chr16	56542696	rs6499839
chr16	56542894	rs7192369
chr16	56544206	rs11076156
chr16	56544380	rs374725
chr16	56544650	rs9940638
chr16	56547133	rs672024
chr16	56547631	rs1469142
chr16	56548501	rs16959627
chr16	56548636	rs12926323
chr16	56549130	rs282225
chr16	56549143	rs114502
chr16	56549604	rs1012075
chr16	56549814	rs9926335
chr16	56550785	rs282226
chr16	56551581	rs176061
chr16	56553924	rs9937368
chr16	56554569	rs16959681
chr16	56555947	rs12445477
chr16	56559072	rs16959693
chr16	56560587	rs4784683
chr16	56562495	rs1909750
chr16	56563515	rs2113315
chr16	56563694	rs16959711
chr16	56563724	rs1566441
chr16	56564029	rs282234
chr16	56564703	rs1875227
chr16	56564992	rs2071005
chr16	56567808	rs666636
chr16	56567810	rs666647
chr16	56568440	rs669293
chr16	56568704	rs396230
chr16	56568759	rs762604
chr16	56568886	rs11643815
chr16	56569326	rs405536
chr16	56570418	rs4784684
chr16	56573091	rs11645011
chr16	56573944	rs1011223
chr16	56576703	rs10492886
chr16	56578100	rs604639
chr16	56578790	rs1909749
chr16	56580608	rs410155
chr16	56584487	rs6499843
chr16	56585156	rs7186103
chr16	56588230	rs4784688
chr16	56590167	rs11644094
chr16	56592857	rs9938618
chr16	56592984	rs4784690
chr16	56597022	rs12444489
chr16	56597647	rs4784693
chr16	56601066	rs9926184
chr16	56601189	rs8052106
chr16	56601840	rs4784695
chr16	56605322	rs2161737
chr16	56607691	rs10852550
chr16	56608037	rs35395489
chr16	56610353	rs11642055
chr16	56615725	rs8055724
chr16	56616562	rs12934166
chr16	56617689	rs904773
chr16	56624259	rs7187209
chr16	56626994	rs708274
chr16	56630778	rs7191800
chr16	56633873	rs9936741
chr16	56637108	rs7196890
chr16	56637784	rs1846692
chr16	56639231	rs11076160
chr16	56639236	rs11076161
chr16	56639378	rs7190725
chr16	56639498	rs8049883
chr16	56639584	rs8056289
chr16	56640239	rs904776
chr16	56640946	rs1001362
chr16	56644953	rs8044719
chr16	56646445	rs1610211
chr16	56649714	rs7189840
chr16	56649999	rs1875232
chr16	56650081	rs7197489
chr16	56651168	rs7198427
chr16	56652330	rs2070839
chr16	56652558	rs12051311
chr16	56652792	rs1875233
chr16	56652940	rs8047981
chr16	56653726	rs6499850
chr16	56655441	rs7193812
chr16	56655994	rs924469
chr16	56656270	rs12232396
chr16	56656946	rs8044791
chr16	56658306	rs2291956
chr16	56659349	rs2291957
chr16	56660318	rs11076162
chr16	56660463	rs12708962
chr16	56661634	rs12447986
chr16	56661903	rs11640949
chr16	56662639	rs11647796
chr16	56663179	rs7194895
chr16	56663669	rs4784706
chr16	56663826	rs1587478
chr16	56663886	rs1587479
chr16	56665589	rs1875230
chr16	56666055	rs3859113
chr16	56667915	rs12448654
chr16	56670213	rs2062545
chr16	56671957	rs2011186
chr16	56680608	rs4531729
chr16	56681950	rs1599933
chr16	56683070	rs2301234
chr16	56685245	rs4783952
chr16	56685492	rs11076164
chr16	56687958	rs12598600
chr16	56688660	rs13336936
chr16	56690898	rs4784714
chr16	56691261	rs8064100
chr16	56696698	rs12596236
chr16	56697300	rs9923307
chr16	56698213	rs4784718
chr16	56698299	rs13332276
chr16	56701870	rs12928598
chr16	56703098	rs12934069
chr16	56703299	rs7186602
chr16	56705214	rs4538013
chr16	56708448	rs4783954
chr16	56708834	rs4238789
chr16	56716082	rs7196117
chr16	56723904	rs4783955
chr16	56726527	rs12149031
chr16	56730563	rs4784726
chr16	56731314	rs8049693
chr16	56732919	rs4783956
chr16	56738245	rs7184359
chr16	56744155	rs7193072
chr16	56749569	rs4238790
chr16	56751478	rs7202364
chr16	56753195	rs4784727
chr16	56759434	rs12599585
chr16	56761025	rs4346201
chr16	56774700	rs4371151
chr16	56777549	rs9928890
chr16	56778388	rs13329802
chr16	56784635	rs6499852
chr16	56785259	rs6416772
chr16	56786728	rs7500207
chr16	56790271	rs2164514
chr16	56791754	rs10852553
chr16	56797924	rs16962114
chr16	56798390	rs9927884
chr16	56801800	rs8051691
chr16	56806259	rs7187512
chr16	56806416	rs10221121
chr16	56812892	rs16962399
chr16	56814017	rs1347590
chr16	56815584	rs1529929
chr16	56816611	rs13338782
chr16	56818399	rs1561138
chr16	56818910	rs1561139
chr16	56829115	rs3816116
chr16	56830486	rs1561140
chr16	56830706	rs4461062
chr16	56831337	rs4784730
chr16	56832284	rs2241770
chr16	56833892	rs7184439
chr16	56834788	rs1347591
chr16	56838912	rs3764266
chr16	56839583	rs1138295
chr16	56839877	rs16962767
chr16	56839928	rs2304477
chr16	56849526	rs8044753
chr16	56850012	rs735144
chr16	56854094	rs8054731
chr16	56856988	rs1529930
chr16	56860192	rs12933363
chr16	56865094	rs4784733
chr16	56865596	rs999662
chr16	56865628	rs2304478
chr16	56867019	rs13306673
chr16	56871520	rs4329913
chr16	56872714	rs2229209
chr16	56878991	rs2289119
chr16	56883033	rs8043560
chr16	56883257	rs8063406
chr16	56884041	rs2304483
chr16	56887057	rs5803
chr16	56887128	rs8056861
chr16	56890248	rs3764264
chr16	56891982	rs2304482
chr16	56892283	rs13306677
chr16	56894304	rs12445698
chr16	56896436	rs8046857
chr16	56896638	rs8061631
chr16	56897792	rs7187932
chr16	56899607	rs11643718
chr16	56901208	rs6499858
chr16	56902407	rs12708965
chr16	56902546	rs2289117
chr16	56903943	rs12449275
chr16	56904104	rs12446689
chr16	56904222	rs17367381
chr16	56904332	rs12708966
chr16	56904610	rs2289114
chr16	56905568	rs7188995
chr16	56905634	rs11644728
chr16	56905882	rs8044243
chr16	56906057	rs11640308
chr16	56906216	rs8049280
chr16	56906601	rs3794650
chr16	56908797	rs7204044
chr16	56909629	rs11645870
chr16	56910875	rs2099107
chr16	56911627	rs2010501
chr16	56912285	rs2399594
chr16	56912892	rs711746
chr16	56913610	rs5805
chr16	56914336	rs37030
chr16	56915256	rs37029
chr16	56916222	rs37026
chr16	56917364	rs28168
chr16	56918186	rs9921780
chr16	56924889	rs863706
chr16	56931795	rs3764263
chr16	56934127	rs7204290
chr16	56935236	rs2217332
chr16	56936291	rs8044804
chr16	56938801	rs2562126
chr16	56939423	rs2133783
chr16	56939549	rs247609
chr16	56943986	rs2518054
chr16	56946996	rs173537
chr16	56947328	rs247611
chr16	56950851	rs247615
chr16	56951227	rs9989419
chr16	56956804	rs247617
chr16	56958105	rs6499863
chr16	56959412	rs3764261
chr16	56960280	rs12447924
chr16	56960982	rs4783961
chr16	56961126	rs4783962
chr16	56961324	rs1800775
chr16	56963321	rs1864163
chr16	56965346	rs7203984
chr16	56968492	rs12597002
chr16	56970977	rs7205804
chr16	56971389	rs1532625
chr16	56971567	rs1532624
chr16	56971638	rs12708974
chr16	56972678	rs7499892
chr16	56973280	rs9930761
chr16	56973441	rs5883
chr16	56973539	rs289714
chr16	56977273	rs4784744
chr16	56977331	rs12720898
chr16	56978024	rs891144
chr16	56978467	rs12708980
chr16	56981633	rs1800774
chr16	56982180	rs5882
chr16	56983090	rs9923854
chr16	56983407	rs1800777
chr16	56983750	rs1801706
chr16	56984190	rs289744
chr16	56985480	rs12720917
chr16	56985620	rs289745
chr16	56987521	rs12934552
chr16	56990026	rs289747
chr16	56990750	rs1566439
chr16	56995443	rs289734
chr16	56995650	rs289735
chr16	56997298	rs289736
chr16	56997899	rs17369578
chr16	56998230	rs289737
chr16	56998549	rs7198642
chr16	56999695	rs291042
chr16	57000733	rs1991515
chr16	57001463	rs821466
chr16	57003952	rs17369768
chr16	57003991	rs289707
chr16	57004250	rs289708
chr16	57008367	rs7196436
chr16	57009000	rs1651663
chr16	57013252	rs16965037
chr16	57013387	rs16965039
chr16	57014795	rs12928552
chr16	57016436	rs17370142
chr16	57016929	rs16942394
chr16	57017242	rs11642606
chr16	57017589	rs13330423
chr16	57018072	rs16965070
chr16	57018989	rs12446867
chr16	57020104	rs2052880
chr16	57021502	rs12373120
chr16	57021802	rs891140
chr16	57022456	rs16965086
chr16	57022551	rs1651665
chr16	57022662	rs4784751
chr16	57023282	rs12444396
chr16	57024670	rs821470
chr16	57025075	rs1549669
chr16	57025087	rs11644171
chr16	57025572	rs16965150
chr16	57026301	rs9938543
chr16	57026441	rs28438857
chr16	57027277	rs291040
chr16	57031209	rs16965220
chr16	57031644	rs289754
chr16	57034448	rs4783966
chr16	57035738	rs1684578
chr16	57036253	rs1651668
chr16	57037297	rs9926871
chr16	57037463	rs1672866
chr16	57037668	rs9936269
chr16	57038051	rs4784754
chr16	57038092	rs4783968
chr16	57040539	rs289726
chr16	57041268	rs7192652
chr16	57041341	rs158481
chr16	57043064	rs289728
chr16	57046616	rs289723
chr16	57048454	rs12448377
chr16	57048854	rs7199577
chr16	57051635	rs821469
chr16	57055218	rs1167512
chr16	57058065	rs7206703
chr16	57058494	rs1627144
chr16	57061817	rs3751711
chr16	57061863	rs3751710
chr16	57065778	rs12599479
chr16	57067428	rs7190199
chr16	57069667	rs289710
chr16	57071927	rs711753
chr16	57072128	rs708271
chr16	57074909	rs1011130
chr16	57075592	rs37481
chr16	57076723	rs10500405
chr16	57077090	rs41383
chr16	57077320	rs11864231
chr16	57078953	rs8056429
chr16	57079952	rs11639875
chr16	57079977	rs150366
chr16	57081070	rs154044
chr16	57081362	rs154043
chr16	57082124	rs150348
chr16	57082546	rs3751705
chr16	57082907	rs43216
chr16	57083493	rs27193
chr16	57083604	rs27192
chr16	57084824	rs11643175
chr16	57089081	rs172336
chr16	57089236	rs7184935
chr16	57090469	rs171571
chr16	57091454	rs289721
chr16	57091484	rs289722
chr16	57094476	rs8056241
chr16	57100426	rs7204489
chr16	57102295	rs4784766
chr16	57107399	rs12596944
chr16	57107754	rs4783972
chr16	57113610	rs2305700
chr16	57114143	rs9932757
chr16	57115733	rs2305699
chr16	57116066	rs291053
chr16	57116594	rs158619
chr16	57117884	rs8058512
chr16	57117942	rs8058541
chr16	57120635	rs1545614
chr16	57123123	rs2216758
chr16	57123294	rs2305696
chr16	57125336	rs4784771
chr16	57125490	rs4784772
chr16	57128744	rs1895515
chr16	57131051	rs9921622
chr16	57132066	rs16966632
chr16	57133268	rs16966647
chr16	57134320	rs4784775
chr16	57137485	rs2305691
chr16	57138421	rs735046
chr16	57138717	rs889558
chr16	57141193	rs7188495
chr16	57146246	rs2279407
chr16	57147222	rs2291406
chr16	57149012	rs17372662
chr16	57149813	rs4784779
chr16	57151849	rs17372800
chr16	57156226	rs12596338
chr16	57160876	rs12599485
chr16	57163937	rs4783980
chr16	57167498	rs12443669
chr16	57172725	rs3751702
chr16	57178738	rs767505
chr16	57179854	rs6499868
chr16	57185135	rs16967424
chr16	57186104	rs7186799
chr16	57186833	rs11076181
chr16	57186977	rs12596783
chr16	57187953	rs7197204
chr16	57192564	rs6499869
chr16	57193044	rs6499871
chr16	57193101	rs17313871
chr16	57194096	rs17373185
chr16	57199125	rs7190847
chr16	57207258	rs17313981
chr16	57213742	rs11859493
chr16	57214567	rs715040
chr16	57221451	rs7206038
chr16	57223049	rs958148
chr16	57225023	rs16967855
chr16	57227234	rs11643790
chr16	57232542	rs16967938
chr16	57236077	rs12597799
chr16	57241121	rs16968135
chr16	57242290	rs17373793
chr16	57244656	rs7189659
chr16	57245048	rs7191091
chr16	57249173	rs2046532
chr16	57249818	rs7198865
chr16	57253077	rs9843
chr16	57259073	rs7202498
chr16	57259370	rs8058985
chr16	57263552	rs8046668
chr16	57265684	rs11642528
chr16	57267200	rs12445552
chr16	57268037	rs11645505
chr16	57269282	rs11640439
chr16	57272444	rs7189049
chr16	57277299	rs4558409
chr16	57277900	rs4293366
chr16	57280560	rs11645089
chr16	57280738	rs9921996
chr16	57281022	rs7189707
chr16	57281121	rs9922349
chr16	57283318	rs7196206
chr16	57284962	rs12922657
chr16	57285382	rs7203922
chr16	57285567	rs7202742
chr16	57287450	rs12926631
chr16	57290158	rs8044834
chr16	57292357	rs4353475
chr16	57297539	rs4566154
chr16	57301778	rs12708986
chr16	57307236	rs1787781
chr16	57307687	rs1645893
chr16	57313281	rs16969211
chr16	57315434	rs948705
chr16	57315837	rs4552015
chr16	57317181	rs1273585
chr16	57319976	rs12925029
chr16	57320022	rs1645890
chr16	57327434	rs1117361
chr16	57334266	rs591940
chr16	57341355	rs11864646
chr16	57347044	rs654974
chr16	57348257	rs9925562
chr16	57349494	rs4784797
chr16	57352654	rs223881
chr16	57358077	rs3760071
chr16	57358821	rs4359426
chr16	57360950	rs223819
chr16	57361576	rs11643837
chr16	57361752	rs170359
chr16	57364038	rs170360
chr16	57366699	rs72301
chr16	57369588	rs223812
chr16	57372943	rs183419
chr16	57373734	rs668100
chr16	57373899	rs682082
chr16	57376022	rs170364
chr16	57383222	rs4151117
chr16	57384770	rs8323
chr16	57384813	rs8102
chr16	57385075	rs2239354
chr16	57385374	rs614230
chr16	57388607	rs11859006
chr16	57389831	rs609950
chr16	57389946	rs8063316
chr16	57399429	rs801506
chr16	57402241	rs223892
chr16	57405128	rs223894
chr16	57406984	rs223895
chr16	57407495	rs4784805
chr16	57409056	rs9302690
chr16	57410090	rs16956811
chr16	57410651	rs223898
chr16	57410664	rs223899
chr16	57410797	rs886434
chr16	57411464	rs223900
chr16	57413502	rs223828
chr16	57418253	rs188872
chr16	57423359	rs223841
chr16	57426581	rs223848
chr16	57427105	rs648742
chr16	57427812	rs190108
chr16	57432627	rs639132
chr16	57432637	rs667380
chr16	57434496	rs16957051
chr16	57441059	rs588430
chr16	57446162	rs507229
chr16	57446980	rs223859
chr16	57449278	rs509704
chr16	57451005	rs223863
chr16	57452701	rs686402
chr16	57453934	rs172782
chr16	57461080	rs223869
chr16	57461114	rs223870
chr16	57462582	rs178601
chr16	57465553	rs1114157
chr16	57465929	rs223839
chr16	57465990	rs4937
chr16	57469014	rs2239355
chr16	57469301	rs601194
chr16	57469418	rs2161647
chr16	57469448	rs170365
chr16	57469861	rs223874
chr16	57472889	rs184401
chr16	57473003	rs223875
chr16	57475252	rs223877
chr16	57477030	rs3785335
chr16	57477713	rs598486
chr16	57478454	rs496772
chr16	57482890	rs663133
chr16	57486778	rs3760067
chr16	57487362	rs604965
chr16	57494034	rs637718
chr16	57497721	rs8054916
chr16	57502292	rs4784812
chr16	57504428	rs13334329
chr16	57504782	rs12448418
chr16	57505599	rs17546208
chr16	57505785	rs11076193
chr16	57508627	rs9926794
chr16	57509261	rs9934434
chr16	57509510	rs8052435
chr16	57511413	rs9935251
chr16	57512234	rs9922763
chr16	57513474	rs867142
chr16	57514832	rs4784813
chr16	57527942	rs8055133
chr16	57528308	rs12917875
chr16	57528511	rs8045906
chr16	57529759	rs8052123
chr16	57531557	rs11862192
chr16	57531862	rs4784817
chr16	57533712	rs739816
chr16	57535535	rs6499882
chr16	57541485	rs1004911
chr16	57541900	rs8050345
chr16	57546489	rs4783996
chr16	57546566	rs4783997
chr16	57549299	rs4784827
chr16	57552323	rs7185200
chr16	57553722	rs8060347
chr16	57554022	rs4783998
chr16	57556768	rs7203634
chr16	57558004	rs7187785
chr16	57558073	rs7187831
chr16	57559178	rs6499884
chr16	57559945	rs11862448
chr16	57560769	rs1016996
chr16	57562087	rs1004363
chr16	57562640	rs1859259
chr16	57567880	rs9937918
chr16	57571257	rs8057310
chr16	57576511	rs12934339
chr16	57576920	rs2279875
chr16	57577111	rs2279876
chr16	57577944	rs2279878
chr16	57578709	rs2279879
chr16	57583693	rs7197345
chr16	57588610	rs8053762
chr16	57588868	rs13332410
chr16	57591318	rs12920292
chr16	57592999	rs12599812
chr16	57594659	rs1450353
chr16	57594915	rs1349335
chr16	57597459	rs8058898
chr16	57598624	rs11076196
chr16	57601105	rs8050713
chr16	57602393	rs8062400
chr16	57602766	rs11859308
chr16	57605125	rs16964218
chr16	57606139	rs12930009
chr16	57606640	rs12708990
chr16	57606731	rs12934531
chr16	57606941	rs2044787
chr16	57607365	rs9927812
chr16	57611595	rs7204900
chr16	57612592	rs7189881
chr16	57613521	rs16958302
chr16	57613795	rs7197368
chr16	57618073	rs4783999
chr16	57621569	rs11864795
chr16	57621880	rs8049176
chr16	57622607	rs12929360
chr16	57626434	rs1109836
chr16	57626609	rs4238794
chr16	57626796	rs8047279
chr16	57627159	rs6499903
chr16	57627687	rs13337484
chr16	57627867	rs11643952
chr16	57629707	rs12148986
chr16	57630046	rs17378109
chr16	57630193	rs882938
chr16	57630321	rs2001203
chr16	57632444	rs6499904
chr16	57633208	rs16958462
chr16	57634816	rs12103178
chr16	57634844	rs1982395
chr16	57635143	rs1868677
chr16	57637035	rs1466134
chr16	57637912	rs17325622
chr16	57637994	rs3916059
chr16	57638274	rs12446402
chr16	57641526	rs10468288
chr16	57642509	rs935740
chr16	57642989	rs17325839
chr16	57643129	rs12596607
chr16	57643187	rs2404691
chr16	57643587	rs3785324
chr16	57643661	rs3785326
chr16	57643786	rs3785327
chr16	57643973	rs935743
chr16	57647942	rs935746
chr16	57648363	rs733464
chr16	57648593	rs733462
chr16	57655893	rs1801255
chr16	57655971	rs1376041
chr16	57656694	rs11866912
chr16	57657353	rs2305309
chr16	57658544	rs11866053
chr16	57659143	rs16958674
chr16	57659586	rs17379472
chr16	57661598	rs2290176
chr16	57661692	rs2290177
chr16	57662435	rs4784838
chr16	57663883	rs1823479
chr16	57665019	rs3180467
chr16	57665101	rs11645934
chr16	57666109	rs9806793
chr16	57666557	rs8045257
chr16	57667338	rs11076198
chr16	57668561	rs7205731
chr16	57668793	rs7201400
chr16	57668981	rs17240911
chr16	57669192	rs10852556
chr16	57669440	rs16958708
chr16	57672671	rs9930732
chr16	57673920	rs7186179
chr16	57674571	rs4784842
chr16	57677651	rs736570
chr16	57682912	rs2006660
chr16	57684910	rs727215
chr16	57686576	rs1463235
chr16	57686698	rs1965228
chr16	57686885	rs2290179
chr16	57687215	rs2896940
chr16	57687234	rs1965229
chr16	57688040	rs8051301
chr16	57688416	rs12444859
chr16	57689165	rs1064326
chr16	57689267	rs1064327
chr16	57689285	rs1064328
chr16	57689840	rs9939524
chr16	57690166	rs9929288
chr16	57695519	rs7204155
chr16	57695664	rs2923131
chr16	57701610	rs3743926
chr16	57704828	rs7194271
chr16	57707434	rs12933056
chr16	57714251	rs8054495
chr16	57714847	rs7201144
chr16	57714933	rs9922246
chr16	57714969	rs7202070
chr16	57715537	rs2404688
chr16	57715692	rs2404689
chr16	57716735	rs17240931
chr16	57719904	rs2923138
chr16	57720218	rs2923139
chr16	57720356	rs2923140
chr16	57722357	rs2923142
chr16	57722731	rs3809611
chr16	57723362	rs3809609
chr16	57724820	rs2923144
chr16	57725932	rs4784008
chr16	57726599	rs2965771
chr16	57728489	rs2923147
chr16	57735221	rs3809608
chr16	57736554	rs2965777
chr16	57737214	rs1061546
chr16	57738943	rs2923153
chr16	57741920	rs8061033
chr16	57743751	rs8052863
chr16	57744576	rs2967152
chr16	57746244	rs2967154
chr16	57746468	rs13332223
chr16	57747704	rs2965796
chr16	57747852	rs7198505
chr16	57748160	rs7206136
chr16	57751191	rs3803594
chr16	57752454	rs12447041
chr16	57752605	rs2965797
chr16	57752799	rs2965798
chr16	57753115	rs12922275
chr16	57757008	rs6994
chr16	57759609	rs12929142
chr16	57759683	rs12934801
chr16	57761482	rs2967172
chr16	57765736	rs12445947
chr16	57765980	rs2965793
chr16	57767438	rs10852557
chr16	57770937	rs2967167
chr16	57771264	rs2967165
chr16	57773154	rs2965787
chr16	57774259	rs16959373
chr16	57776178	rs2967162
chr16	57776406	rs4784010
chr16	57781577	rs4784858
chr16	57782197	rs12935285
chr16	57785023	rs8058401
chr16	57785106	rs1862808
chr16	57786197	rs1559405
chr16	57787072	rs11076204
chr16	57788355	rs1559404
chr16	57795454	rs877074
chr16	57798591	rs8061387
chr16	57805619	rs729331
chr16	57812939	rs4255775
chr16	57813972	rs2081248
chr16	57816701	rs7200390
chr16	57816902	rs41484850
chr16	57817024	rs7199658
chr16	57817670	rs1582594
chr16	57818915	rs1002456
chr16	57819180	rs874503
chr16	57822204	rs2967139
chr16	57823555	rs4784864
chr16	57825077	rs2911347
chr16	57826429	rs12149502
chr16	57827745	rs10852558
chr16	57827819	rs2967137
chr16	57830187	rs2911346
chr16	57832787	rs16959398
chr16	57835188	rs2967134
chr16	57839638	rs451359
chr16	57852358	rs8060399
chr16	57854888	rs247062
chr16	57859657	rs1017241
chr16	57863722	rs247068
chr16	57867222	rs1544953
chr16	57868711	rs17411006
chr16	57871272	rs366589
chr16	57872223	rs838583
chr16	57873191	rs486356
chr16	57875750	rs16959429
chr16	57877360	rs247034
chr16	57878400	rs12598051
chr16	57878775	rs247032
chr16	57880901	rs11642564
chr16	57881503	rs1940
chr16	57882014	rs247044
chr16	57882220	rs35469689
chr16	57882872	rs9934916
chr16	57883328	rs165999
chr16	57884863	rs185037
chr16	57885130	rs11643127
chr16	57886557	rs7198149
chr16	57887062	rs3784891
chr16	57887212	rs2033250
chr16	57887588	rs691656
chr16	57887652	rs2033249
chr16	57887848	rs11076207
chr16	57887939	rs11867123
chr16	57888180	rs11864445
chr16	57889044	rs247037
chr16	57892267	rs8046202
chr16	57892943	rs16959476
chr16	57893053	rs9928234
chr16	57893432	rs16959477
chr16	57894643	rs4784018
chr16	57898154	rs13331889
chr16	57899050	rs10451122
chr16	57899162	rs17240973
chr16	57901181	rs190319
chr16	57903884	rs2303785
chr16	57904305	rs419828
chr16	57904851	rs17821412
chr16	57908962	rs437947
chr16	57909413	rs438712
chr16	57909803	rs442619
chr16	57913276	rs8049463
chr16	57914146	rs515155
chr16	57914639	rs4555144
chr16	57915320	rs10459809
chr16	57915347	rs483053
chr16	57916153	rs376270
chr16	57917081	rs3991716
chr16	57917490	rs3991715
chr16	57917517	rs691490
chr16	57918966	rs489106
chr16	57919410	rs691483
chr16	57919476	rs2303784
chr16	57920364	rs166000
chr16	57920621	rs17241022
chr16	57921196	rs16959513
chr16	57921709	rs9922949
chr16	57921912	rs3784900
chr16	57922327	rs7184838
chr16	57923312	rs12927214
chr16	57924255	rs3784901
chr16	57926380	rs7199303
chr16	57926595	rs691897
chr16	57928158	rs375728
chr16	57933288	rs1108645
chr16	57933314	rs247052
chr16	57936961	rs6499924
chr16	57938017	rs16959567
chr16	57941311	rs8052097
chr16	57943243	rs7206208
chr16	57946398	rs16959572
chr16	57949133	rs152141
chr16	57949807	rs152142
chr16	57949999	rs9888790
chr16	57954429	rs152139
chr16	57954582	rs7350847
chr16	57957413	rs503686
chr16	57960331	rs2405011
chr16	57963028	rs17821448
chr16	57963056	rs13336595
chr16	57964441	rs3859043
chr16	57964936	rs7185852
chr16	57965616	rs12929493
chr16	57966259	rs3859044
chr16	57966810	rs11644617
chr16	57968025	rs2405130
chr16	57970275	rs11649190
chr16	57972365	rs3888264
chr16	57972385	rs3888265
chr16	57974738	rs11076211
chr16	57975349	rs7189329
chr16	57977546	rs4583232
chr16	57985492	rs9934227
chr16	57986263	rs2405128
chr16	57988232	rs12600304
chr16	57988721	rs8044657
chr16	57989545	rs16959623
chr16	57990436	rs8055820
chr16	57991010	rs1991514
chr16	57993073	rs4784877
chr16	57993561	rs16959626
chr16	57994956	rs9083
chr16	57995042	rs1055273
chr16	57996149	rs3743553
chr16	57996288	rs3743554
chr16	57998582	rs3743558
chr16	58001525	rs3743559
chr16	58002443	rs3743560
chr16	58013869	rs16959637
chr16	58015665	rs1428814
chr16	58017274	rs4784022
chr16	58019257	rs3743562
chr16	58019826	rs4784883
chr16	58023441	rs3759953
chr16	58023723	rs2060573
chr16	58024549	rs3759955
chr16	58024560	rs3759956
chr16	58029609	rs11648508
chr16	58031720	rs4784887
chr16	58038666	rs1436426
chr16	58039941	rs2304489
chr16	58040306	rs2304488
chr16	58041378	rs12447804
chr16	58046105	rs11076213
chr16	58047006	rs2241773
chr16	58047890	rs9926547
chr16	58051978	rs12929002
chr16	58055120	rs4468605
chr16	58056674	rs8058147
chr16	58063453	rs9926693
chr16	58066304	rs12597233
chr16	58070760	rs12443623
chr16	58071773	rs6499933
chr16	58076345	rs11649467
chr16	58077169	rs12324998
chr16	58077529	rs11647309
chr16	58080236	rs12920639
chr16	58081332	rs7189728
chr16	58098591	rs1550140
chr16	58100384	rs8060825
chr16	58109349	rs10445026
chr16	58109488	rs9931166
chr16	58111681	rs9937047
chr16	58115178	rs3817070
chr16	58115193	rs3817069
chr16	58117039	rs2270919
chr16	58120386	rs6499936
chr16	58127070	rs10445014
chr16	58129192	rs3743574
chr16	58129575	rs988766
chr16	58132826	rs249447
chr16	58134469	rs12051246
chr16	58136519	rs4541067
chr16	58138699	rs1006438
chr16	58141430	rs1344575
chr16	58144692	rs11860708
chr16	58147660	rs11641695
chr16	58152096	rs16959717
chr16	58152617	rs185116
chr16	58156820	rs8056544
chr16	58158062	rs37357
chr16	58160422	rs4784901
chr16	58161022	rs37358
chr16	58162257	rs6499937
chr16	58162832	rs7185886
chr16	58165052	rs37363
chr16	58165299	rs2242445
chr16	58165766	rs2242444
chr16	58167069	rs2292028
chr16	58167945	rs1875525
chr16	58168203	rs1875522
chr16	58171101	rs2731753
chr16	58172922	rs2550354
chr16	58173299	rs1393203
chr16	58183836	rs2731752
chr16	58184072	rs3743579
chr16	58190386	rs2550360
chr16	58192220	rs2731757
chr16	58193140	rs2550362
chr16	58194079	rs2550363
chr16	58194160	rs16959786
chr16	58194797	rs2550364
chr16	58195444	rs8056660
chr16	58195531	rs2550365
chr16	58200052	rs2731740
chr16	58200231	rs7196068
chr16	58200552	rs2432552
chr16	58200863	rs1834021
chr16	58202258	rs2731739
chr16	58205594	rs11076222
chr16	58211340	rs16959812
chr16	58212442	rs16959814
chr16	58213469	rs2731743
chr16	58213619	rs11076225
chr16	58213683	rs2550366
chr16	58218939	rs2550370
chr16	58219407	rs2259741
chr16	58219556	rs2731783
chr16	58220826	rs2731780
chr16	58222005	rs2432555
chr16	58222466	rs2550380
chr16	58224192	rs2259512
chr16	58225563	rs2731773
chr16	58228088	rs2731770
chr16	58230508	rs1820235
chr16	58232308	rs11640553
chr16	58233568	rs2550333
chr16	58234532	rs12918570
chr16	58235296	rs11641349
chr16	58237418	rs2731766
chr16	58241881	rs1834016
chr16	58245340	rs2257931
chr16	58246174	rs2731763
chr16	58248290	rs11860326
chr16	58249377	rs3759959
chr16	58251284	rs2731761
chr16	58251299	rs1974876
chr16	58255055	rs11076229
chr16	58255903	rs16959980
chr16	58261294	rs12708994
chr16	58261988	rs11076234
chr16	58264015	rs4784909
chr16	58264567	rs4784910
chr16	58264839	rs9937285
chr16	58267925	rs8061107
chr16	58268136	rs11644149
chr16	58273338	rs1834018
chr16	58276512	rs8060113
chr16	58279286	rs7200791
chr16	58279902	rs4784915
chr16	58280044	rs17241091
chr16	58280529	rs2241414
chr16	58280694	rs1052276
chr16	58281147	rs16960027
chr16	58281221	rs16960029
chr16	58281677	rs16960032
chr16	58281727	rs16960035
chr16	58282724	rs3743581
chr16	58282963	rs3826096
chr16	58284700	rs3815803
chr16	58285188	rs9923981
chr16	58285279	rs1820236
chr16	58285294	rs1820237
chr16	58286307	rs4784916
chr16	58286940	rs8048836
chr16	58287316	rs8047708
chr16	58288947	rs11644244
chr16	58292706	rs6499946
chr16	58293742	rs2288012
chr16	58293838	rs2288013
chr16	58293870	rs2288014
chr16	58294041	rs2288015
chr16	58325026	rs12599463
chr16	58325293	rs729334
chr16	58325926	rs729318
chr16	58327380	rs4784922
chr16	58333493	rs9302698
chr16	58334196	rs4784924
chr16	58336933	rs4595792
chr16	58345708	rs8052855
chr16	58346128	rs7195107
chr16	58348654	rs8049643
chr16	58349207	rs8051896
chr16	58351479	rs3924873
chr16	58351561	rs7188436
chr16	58351907	rs17241119
chr16	58356927	rs8046528
chr16	58364191	rs7186010
chr16	58369939	rs8055228
chr16	58370600	rs7197148
chr16	58370973	rs16960143
chr16	58372660	rs7185970
chr16	58377713	rs1424072
chr16	58380260	rs17241126
chr16	58387412	rs34696101
chr16	58391064	rs8048037
chr16	58392115	rs9940564
chr16	58392278	rs3743565
chr16	58398790	rs8063438
chr16	58402032	rs9940751
chr16	58405286	rs13333770
chr16	58406666	rs4784929
chr16	58406939	rs4784930
chr16	58409421	rs12935127
chr16	58409571	rs4784931
chr16	58409587	rs8055026
chr16	58410750	rs4784933
chr16	58410945	rs12443709
chr16	58412628	rs11647234
chr16	58413434	rs8058736
chr16	58413486	rs8058872
chr16	58417274	rs13335699
chr16	58420940	rs9935201
chr16	58423603	rs7186531
chr16	58425134	rs1895522
chr16	58427072	rs9937397
chr16	58428723	rs1424077
chr16	58429106	rs7190478
chr16	58430436	rs2042400
chr16	58430534	rs9937365
chr16	58433949	rs4784938
chr16	58434307	rs4784939
chr16	58436171	rs3890513
chr16	58436523	rs8057901
chr16	58437315	rs9940062
chr16	58438917	rs1559388
chr16	58443471	rs1862802
chr16	58444427	rs7184189
chr16	58448134	rs4784039
chr16	58450723	rs11076240
chr16	58450830	rs11644036
chr16	58452000	rs4784950
chr16	58455693	rs1025067
chr16	58456538	rs11863680
chr16	58459525	rs16960166
chr16	58468306	rs13333449
chr16	58471471	rs16960170
chr16	58471967	rs16960173
chr16	58475247	rs11076243
chr16	58476415	rs11862356
chr16	58479909	rs4784044
chr16	58483184	rs8053127
chr16	58485669	rs7206434
chr16	58486592	rs11644906
chr16	58487186	rs8044982
chr16	58494071	rs2550428
chr16	58495711	rs4356470
chr16	58497937	rs9788945
chr16	58498799	rs17241140
chr16	58499805	rs2432560
chr16	58502720	rs4784045
chr16	58506627	rs2271948
chr16	58506971	rs17821543
chr16	58507085	rs2271947
chr16	58508997	rs867583
chr16	58509427	rs42944
chr16	58511522	rs42945
chr16	58511881	rs3743566
chr16	58512393	rs1058132
chr16	58515110	rs3809596
chr16	58516580	rs3743567
chr16	58518324	rs2280397
chr16	58519260	rs37035
chr16	58519444	rs37036
chr16	58519873	rs3200575
chr16	58522832	rs6499961
chr16	58523438	rs11644694
chr16	58525085	rs37054
chr16	58529934	rs168671
chr16	58530960	rs37059
chr16	58532400	rs37060
chr16	58537285	rs2243463
chr16	58540042	rs246195
chr16	58543234	rs28307
chr16	58543517	rs41260
chr16	58545370	rs246258
chr16	58546309	rs2241570
chr16	58546615	rs246197
chr16	58546830	rs12597580
chr16	58550071	rs1549607
chr16	58550868	rs7199856
chr16	58552095	rs11863865
chr16	58553833	rs11866002
chr16	58555208	rs1568399
chr16	58558374	rs41445346
chr16	58559618	rs7201946
chr16	58565623	rs8062746
chr16	58566321	rs8044451
chr16	58570257	rs2090727
chr16	58574532	rs8054895
chr16	58576733	rs2139580
chr16	58576846	rs6499962
chr16	58579527	rs9926577
chr16	58581319	rs12596169
chr16	58583080	rs17854029
chr16	58586981	rs950843
chr16	58587138	rs950844
chr16	58590190	rs1863985
chr16	58592630	rs12931051
chr16	58595564	rs7206882
chr16	58596510	rs8049393
chr16	58602967	rs7205071
chr16	58612119	rs12598497
chr16	58619934	rs8058781
chr16	58626486	rs151815
chr16	58630161	rs27097
chr16	58632808	rs863433
chr16	58634662	rs149428
chr16	58634940	rs16960332
chr16	58638859	rs12447862
chr16	58653164	rs6499963
chr16	58654972	rs8058982
chr16	58659360	rs8052090
chr16	58663882	rs8061077
chr16	58664003	rs30823
chr16	58664913	rs1075567
chr16	58666448	rs12696
chr16	58666923	rs4784965
chr16	58670062	rs9923128
chr16	58670957	rs9806843
chr16	58677628	rs2280399
chr16	58679717	rs11641633
chr16	58679894	rs7191331
chr16	58680318	rs7193482
chr16	58680599	rs7198514
chr16	58681178	rs4784966
chr16	58681490	rs7187598
chr16	58681712	rs11640977
chr16	58685026	rs8058969
chr16	58685243	rs154469
chr16	58685356	rs9933063
chr16	58688254	rs6499967
chr16	58690589	rs11076254
chr16	58693776	rs4784971
chr16	58694011	rs4784972
chr16	58694519	rs8050549
chr16	58694918	rs9972775
chr16	58700303	rs6499969
chr16	58702746	rs154435
chr16	58704294	rs982848
chr16	58707463	rs6993
chr16	58707946	rs7202491
chr16	58709550	rs30842
chr16	58711437	rs30839
chr16	58711942	rs30837
chr16	58712114	rs1646256
chr16	58713755	rs4784975
chr16	58716254	rs2304490
chr16	58716939	rs8060056
chr16	58718562	rs11076256
chr16	58719857	rs10500407
chr16	58721272	rs257630
chr16	58723427	rs257633
chr16	58723494	rs257634
chr16	58724442	rs183757
chr16	58727997	rs257620
chr16	58728407	rs185397
chr16	58730683	rs257616
chr16	58732383	rs863944
chr16	58734058	rs6499971
chr16	58735115	rs1657179
chr16	58735300	rs1657178
chr16	58737332	rs7197245
chr16	58738275	rs4238801
chr16	58738559	rs4575523
chr16	58739433	rs1616798
chr16	58742120	rs4784977
chr16	58742410	rs4784054
chr16	58743292	rs1646268
chr16	58747148	rs1615326
chr16	58749772	rs8054414
chr16	58749860	rs11076259
chr16	58750235	rs1646279
chr16	58752651	rs1646286
chr16	58753491	rs1624301
chr16	58767205	rs4474671
chr16	58767371	rs4485354
chr16	58768957	rs11076262
chr16	58769607	rs7206052
chr16	58770077	rs4393564
chr16	58770330	rs6499976
chr16	58770461	rs1595181
chr16	58770477	rs7194216
chr16	58773132	rs12600201
chr16	58773169	rs12600206
chr16	58773638	rs6499977
chr16	58773978	rs8046154
chr16	58774115	rs8045828
chr16	58787631	rs7185424
chr16	58792627	rs12599931
chr16	58794889	rs7185513
chr16	58795886	rs12709013
chr16	58797825	rs2118019
chr16	58798855	rs8057892
chr16	58800315	rs8062792
chr16	58802094	rs2086206
chr16	58802860	rs7200720
chr16	58803955	rs11640205
chr16	58805876	rs12447151
chr16	58806951	rs6499982
chr16	58806980	rs7192619
chr16	58812947	rs11076272
chr16	58813313	rs11641090
chr16	58813775	rs16960546
chr16	58815667	rs9926182
chr16	58820132	rs7199076
chr16	58821160	rs7203562
chr16	58821768	rs10083735
chr16	58821912	rs10083736
chr16	58824135	rs4784987
chr16	58830410	rs6416775
chr16	58831118	rs11646417
chr16	58833951	rs8045775
chr16	58834087	rs12921983
chr16	58837375	rs9937012
chr16	58842641	rs1471457
chr16	58844128	rs9936020
chr16	58844717	rs13338289
chr16	58850271	rs11646521
chr16	58852548	rs16960563
chr16	58852627	rs9932019
chr16	58854119	rs9935959
chr16	58859685	rs970169
chr16	58859929	rs970168
chr16	58861935	rs716802
chr16	58862370	rs9923622
chr16	58864281	rs4784991
chr16	58867087	rs9935162
chr16	58868617	rs6499988
chr16	58871500	rs12599248
chr16	58879946	rs11646347
chr16	58880160	rs11640898
chr16	58884402	rs1531581
chr16	58884452	rs16960614
chr16	58884477	rs11076276
chr16	58884534	rs9937648
chr16	58885209	rs8061883
chr16	58887034	rs9928528
chr16	58887126	rs9939788
chr16	58887584	rs2045949
chr16	58888288	rs16942497
chr16	58888511	rs983395
chr16	58889163	rs13336248
chr16	58891228	rs7185980
chr16	58891522	rs3859046
chr16	58893325	rs11076277
chr16	58901192	rs8047756
chr16	58901986	rs11076279
chr16	58902657	rs9929429
chr16	58903305	rs12933209
chr16	58908162	rs1020977
chr16	58908172	rs1020978
chr16	58911780	rs7201692
chr16	58913874	rs9925672
chr16	58922230	rs13335945
chr16	58922576	rs1437176
chr16	58927676	rs16960630
chr16	58929241	rs4785000
chr16	58929716	rs9930651
chr16	58933208	rs12931857
chr16	58935607	rs8049224
chr16	58936983	rs7191883
chr16	58939276	rs16960640
chr16	58939333	rs9921589
chr16	58940027	rs12923292
chr16	58940063	rs12927800
chr16	58940967	rs1992113
chr16	58944346	rs1865968
chr16	58944817	rs7196073
chr16	58945970	rs16960653
chr16	58950424	rs4785004
chr16	58950833	rs10500408
chr16	58951374	rs961141
chr16	58952300	rs1437169
chr16	58953804	rs16960664
chr16	58958230	rs16960671
chr16	58958288	rs12446483
chr16	58958588	rs16960677
chr16	58959387	rs1545114
chr16	58959953	rs9972804
chr16	58961527	rs2083027
chr16	58961561	rs1871301
chr16	58962550	rs1370251
chr16	58965931	rs4785010
chr16	58966387	rs1437194
chr16	58967688	rs11864534
chr16	58969107	rs7194392
chr16	58969350	rs7196146
chr16	58971123	rs4785011
chr16	58974213	rs8062999
chr16	58975187	rs9673327
chr16	58975255	rs16960705
chr16	58976424	rs8048761
chr16	58976597	rs4404061
chr16	58976874	rs9927197
chr16	58986207	rs8050562
chr16	58986538	rs8055101
chr16	58987492	rs7203978
chr16	58988485	rs1595296
chr16	58996596	rs7205211
chr16	59001240	rs1437188
chr16	59005195	rs7194417
chr16	59005204	rs1370260
chr16	59006456	rs7188913
chr16	59007329	rs7189288
chr16	59007457	rs1898365
chr16	59008724	rs4785017
chr16	59009310	rs16960770
chr16	59009967	rs11864161
chr16	59010687	rs16960775
chr16	59011868	rs8055989
chr16	59020505	rs17241313
chr16	59028546	rs1816586
chr16	59030992	rs16960801
chr16	59032900	rs980887
chr16	59036712	rs990813
chr16	59041348	rs991370
chr16	59042523	rs9806814
chr16	59044433	rs11865218
chr16	59046483	rs7403953
chr16	59047349	rs3887037
chr16	59048021	rs893195
chr16	59051510	rs1550180
chr16	59051753	rs11861586
chr16	59054083	rs874309
chr16	59056191	rs12444537
chr16	59060391	rs1898363
chr16	59061802	rs7187710
chr16	59062498	rs4506888
chr16	59062997	rs7194518
chr16	59064072	rs4133362
chr16	59064256	rs4133363
chr16	59064381	rs4133364
chr16	59079728	rs12924323
chr16	59082602	rs4277333
chr16	59085701	rs10221112
chr16	59088644	rs11076300
chr16	59094419	rs12933370
chr16	59095440	rs7196275
chr16	59095788	rs7201991
chr16	59108693	rs12373112
chr16	59114038	rs4238802
chr16	59116270	rs12928605
chr16	59116567	rs4430727
chr16	59122530	rs16960867
chr16	59132139	rs11641540
chr16	59134472	rs8049612
chr16	59137335	rs4430729
chr16	59143635	rs4462578
chr16	59145951	rs8044658
chr16	59147671	rs6500018
chr16	59153764	rs16960887
chr16	59156377	rs4335761
chr16	59156433	rs12927245
chr16	59158934	rs7205196
chr16	59164012	rs7194050
chr16	59164810	rs4238804
chr16	59164883	rs4785024
chr16	59165257	rs4238805
chr16	59166880	rs8059657
chr16	59167464	rs9934713
chr16	59169372	rs8051529
chr16	59170070	rs7203567
chr16	59170394	rs9941209
chr16	59170858	rs12595905
chr16	59171109	rs11076305
chr16	59173866	rs9939720
chr16	59174004	rs9939250
chr16	59174524	rs8062660
chr16	59174809	rs8044276
chr16	59177321	rs4591134
chr16	59177553	rs10500411
chr16	59179849	rs4511520
chr16	59181705	rs4371141
chr16	59188367	rs11076306
chr16	59188502	rs11076307
chr16	59189162	rs4238807
chr16	59189183	rs4303477
chr16	59190921	rs13333116
chr16	59191839	rs4072094
chr16	59192946	rs13335924
chr16	59193850	rs11641717
chr16	59194688	rs4544229
chr16	59199274	rs6500024
chr16	59204403	rs11639585
chr16	59207414	rs12925511
chr16	59207526	rs8049025
chr16	59214758	rs4313803
chr16	59218224	rs9929414
chr16	59219493	rs7187664
chr16	59224862	rs7199744
chr16	59225868	rs9926952
chr16	59236757	rs1820257
chr16	59236926	rs1820258
chr16	59237684	rs1834059
chr16	59238149	rs1834060
chr16	59242113	rs1834063
chr16	59245821	rs6500028
chr16	59254423	rs4415999
chr16	59254442	rs8047312
chr16	59255189	rs16960931
chr16	59258227	rs4426343
chr16	59264254	rs1593149
chr16	59268850	rs9934151
chr16	59271512	rs10492914
chr16	59272716	rs12596774
chr16	59276838	rs6500030
chr16	59276929	rs17185893
chr16	59280885	rs1582600
chr16	59287922	rs1117306
chr16	59289121	rs11649592
chr16	59291422	rs7198887
chr16	59295287	rs1593146
chr16	59297382	rs1978488
chr16	59297998	rs2036807
chr16	59300137	rs10521054
chr16	59301380	rs4784075
chr16	59303694	rs3958621
chr16	59304065	rs11865643
chr16	59307392	rs1834058
chr16	59318302	rs9927205
chr16	59319138	rs2098731
chr16	59319490	rs17185953
chr16	59320548	rs10431930
chr16	59329169	rs17185988
chr16	59330289	rs17258178
chr16	59339851	rs1582588
chr16	59340303	rs7202693
chr16	59343946	rs1423971
chr16	59347529	rs7186765
chr16	59347691	rs17258206
chr16	59348743	rs925336
chr16	59351928	rs925337
chr16	59354785	rs1423977
chr16	59358116	rs9939608
chr16	59358243	rs29861
chr16	59360890	rs17258247
chr16	59369150	rs17186051
chr16	59374438	rs725517
chr16	59379085	rs8052111
chr16	59382807	rs12929202
chr16	59384575	rs4784077
chr16	59387417	rs9926226
chr16	59390078	rs9931903
chr16	59392628	rs2860041
chr16	59393010	rs8062158
chr16	59393333	rs7187187
chr16	59397964	rs11076318
chr16	59398128	rs10775341
chr16	59399587	rs6500035
chr16	59400138	rs8051036
chr16	59400646	rs17796316
chr16	59411783	rs7189911
chr16	59414363	rs1580380
chr16	59418341	rs1482248
chr16	59419382	rs13334061
chr16	59423669	rs4785039
chr16	59424711	rs989292
chr16	59425077	rs12927552
chr16	59430127	rs2048320
chr16	59430941	rs12445629
chr16	59432286	rs17258338
chr16	59441857	rs7194652
chr16	59442275	rs2062113
chr16	59455239	rs9922896
chr16	59455531	rs9972761
chr16	59461571	rs11861466
chr16	59472138	rs11640514
chr16	59472207	rs11644079
chr16	59474234	rs2897489
chr16	59478106	rs13330653
chr16	59480450	rs17201476
chr16	59487669	rs2897488
chr16	59487891	rs16961113
chr16	59490698	rs1351575
chr16	59494449	rs17796406
chr16	59495761	rs12598492
chr16	59496520	rs1384213
chr16	59498321	rs1905107
chr16	59499617	rs11860099
chr16	59500241	rs9935430
chr16	59504534	rs4785047
chr16	59507169	rs8057882
chr16	59508133	rs11076322
chr16	59508279	rs13335185
chr16	59508384	rs17186260
chr16	59508851	rs9925390
chr16	59509435	rs12709027
chr16	59510784	rs1384215
chr16	59510861	rs1384216
chr16	59514595	rs2406765
chr16	59514923	rs12709030
chr16	59525386	rs6500042
chr16	59527769	rs41360449
chr16	59527783	rs16961159
chr16	59527883	rs4628958
chr16	59531366	rs41530550
chr16	59532242	rs7203083
chr16	59533512	rs7191772
chr16	59533968	rs7192595
chr16	59534819	rs2221746
chr16	59535372	rs7199806
chr16	59537769	rs11863562
chr16	59538725	rs2202949
chr16	59540593	rs12446321
chr16	59542582	rs2406764
chr16	59544657	rs8063487
chr16	59544917	rs13380644
chr16	59547872	rs954303
chr16	59550456	rs9939961
chr16	59551609	rs7190675
chr16	59552251	rs9888768
chr16	59553070	rs7192390
chr16	59553661	rs8056271
chr16	59553741	rs17258526
chr16	59553754	rs8056444
chr16	59555067	rs8063464
chr16	59558021	rs1482246
chr16	59558412	rs9927322
chr16	59558447	rs9927335
chr16	59567913	rs6500043
chr16	59568276	rs7198362
chr16	59571746	rs1482243
chr16	59572368	rs17796496
chr16	59574579	rs8054889
chr16	59574708	rs8055877
chr16	59575888	rs9936381
chr16	59577739	rs9888799
chr16	59580768	rs1482260
chr16	59583267	rs6500046
chr16	59583840	rs17258603
chr16	59588184	rs31980
chr16	59590793	rs882854
chr16	59597305	rs31986
chr16	59597638	rs31983
chr16	59597922	rs31982
chr16	59604489	rs173759
chr16	59604555	rs170181
chr16	59604875	rs312135
chr16	59607166	rs9921279
chr16	59608508	rs9933491
chr16	59608582	rs4633709
chr16	59609224	rs9934111
chr16	59609548	rs9302715
chr16	59609650	rs10492918
chr16	59612293	rs2202010
chr16	59613037	rs6500047
chr16	59615875	rs252704
chr16	59620525	rs1476307
chr16	59620948	rs10492919
chr16	59624859	rs1818071
chr16	59630887	rs32002
chr16	59635045	rs41070
chr16	59636252	rs2202950
chr16	59637967	rs2221747
chr16	59638888	rs34363904
chr16	59639871	rs7193500
chr16	59641983	rs423114
chr16	59644050	rs1846687
chr16	59645101	rs13334551
chr16	59648406	rs4368157
chr16	59652205	rs2088741
chr16	59653393	rs4280228
chr16	59655340	rs924465
chr16	59655524	rs924463
chr16	59657236	rs1500284
chr16	59658722	rs16961233
chr16	59661389	rs4456497
chr16	59662598	rs16961241
chr16	59663115	rs2406550
chr16	59668304	rs10454703
chr16	59671951	rs1392499
chr16	59672344	rs1392497
chr16	59673963	rs2173706
chr16	59678014	rs11640566
chr16	59683227	rs7196043
chr16	59683270	rs11076326
chr16	59684291	rs12445507
chr16	59684334	rs12445511
chr16	59684579	rs16961290
chr16	59684853	rs1392490
chr16	59687160	rs2897521
chr16	59688578	rs8052931
chr16	59688768	rs8053280
chr16	59688845	rs8051651
chr16	59689673	rs9928799
chr16	59691152	rs9925011
chr16	59691375	rs9932904
chr16	59691864	rs16961303
chr16	59692377	rs981666
chr16	59693135	rs8054794
chr16	59693620	rs1500278
chr16	59693877	rs1500279
chr16	59696833	rs988495
chr16	59698938	rs11648945
chr16	59699929	rs12921587
chr16	59704246	rs7189924
chr16	59705569	rs11076334
chr16	59711698	rs1566435
chr16	59711730	rs1500292
chr16	59713838	rs4374165
chr16	59714257	rs4300640
chr16	59714400	rs16961327
chr16	59714711	rs12596185
chr16	59716791	rs1500289
chr16	59719712	rs1157017
chr16	59722663	rs1604117
chr16	59726763	rs11641246
chr16	59727788	rs965916
chr16	59728764	rs13339064
chr16	59730168	rs7185890
chr16	59733058	rs12935434
chr16	59738319	rs1039330
chr16	59739490	rs7192894
chr16	59742353	rs4784090
chr16	59742437	rs16961358
chr16	59752116	rs3743706
chr16	59752653	rs1500288
chr16	59753666	rs1392502
chr16	59756719	rs7200721
chr16	59757345	rs4785061
chr16	59757688	rs1822932
chr16	59759274	rs1445465
chr16	59766392	rs985341
chr16	59771000	rs2897430
chr16	59771032	rs920969
chr16	59771143	rs920970
chr16	59771863	rs4146352
chr16	59780930	rs1373879
chr16	59782287	rs8062258
chr16	59782905	rs8047336
chr16	59785152	rs1120595
chr16	59787601	rs9922620
chr16	59794595	rs1445451
chr16	59794766	rs1445452
chr16	59794977	rs9922169
chr16	59796933	rs1947080
chr16	59801056	rs1445454
chr16	59801183	rs1348665
chr16	59801522	rs1445455
chr16	59808797	rs1579829
chr16	59817415	rs4784092
chr16	59820816	rs1373880
chr16	59825088	rs4785071
chr16	59825221	rs11076347
chr16	59829915	rs1445462
chr16	59829989	rs7501414
chr16	59830683	rs12922709
chr16	59838937	rs11076350
chr16	59843027	rs1445460
chr16	59843402	rs1596728
chr16	59844144	rs1445458
chr16	59845817	rs4146351
chr16	59847614	rs8057177
chr16	59847755	rs8057395
chr16	59848776	rs12598252
chr16	59849210	rs11644940
chr16	59849429	rs1550787
chr16	59849627	rs4416004
chr16	59849987	rs7189282
chr16	59850120	rs7189493
chr16	59850716	rs1550790
chr16	59851833	rs4785074
chr16	59852279	rs1023810
chr16	59854266	rs1445456
chr16	59856794	rs8056650
chr16	59865225	rs1867612
chr16	59873527	rs8058553
chr16	59877359	rs9936690
chr16	59877709	rs10500413
chr16	59880446	rs11864428
chr16	59882061	rs9940330
chr16	59882337	rs9932887
chr16	59886405	rs11862350
chr16	59905950	rs8045733
chr16	59906284	rs16961543
chr16	59912422	rs9940595
chr16	59919671	rs9927305
chr16	59930028	rs12449087
chr16	59933662	rs1012273
chr16	59939557	rs7206091
chr16	59949065	rs11644431
chr16	59951161	rs1014459
chr16	59955894	rs4785077
chr16	59965298	rs1155035
chr16	59968539	rs2077024
chr16	59968562	rs2077025
chr16	59971025	rs8182111
chr16	59971189	rs9933654
chr16	59973777	rs4785081
chr16	59987405	rs7197381
chr16	59988262	rs2216750
chr16	59995069	rs2640799
chr16	59996420	rs2194307
chr16	59997040	rs2640798
chr16	59997919	rs2549692
chr16	59999866	rs2640797
chr16	60002453	rs12444948
chr16	60008779	rs245638
chr16	60015532	rs7197901
chr16	60023447	rs8049321
chr16	60023991	rs245620
chr16	60031175	rs2550192
chr16	60031638	rs2161655
chr16	60033159	rs12445527
chr16	60035366	rs2194310
chr16	60039596	rs245613
chr16	60041261	rs245614
chr16	60042329	rs11866386
chr16	60045258	rs1035538
chr16	60048702	rs36540
chr16	60053426	rs36546
chr16	60058184	rs36547
chr16	60061475	rs36553
chr16	60069017	rs2550188
chr16	60071814	rs2582584
chr16	60074988	rs2194302
chr16	60091881	rs2582597
chr16	60099292	rs1115095
chr16	60101794	rs11076363
chr16	60102350	rs1423946
chr16	60105237	rs1364194
chr16	60111032	rs5005767
chr16	60112239	rs1423953
chr16	60114512	rs4785096
chr16	60114910	rs1541691
chr16	60124268	rs1423954
chr16	60124526	rs1423955
chr16	60127998	rs7192533
chr16	60135042	rs2194299
chr16	60138126	rs1816112
chr16	60142553	rs9928885
chr16	60147303	rs3843709
chr16	60154373	rs929854
chr16	60157678	rs750935
chr16	60158548	rs7202269
chr16	60163761	rs6500096
chr16	60170299	rs1364196
chr16	60173418	rs1423961
chr16	60174271	rs6500099
chr16	60175399	rs8044976
chr16	60176340	rs11076365
chr16	60176792	rs6500101
chr16	60179817	rs11644803
chr16	60182543	rs7197438
chr16	60184411	rs3848264
chr16	60185290	rs2407053
chr16	60185930	rs3848265
chr16	60186102	rs12444374
chr16	60187237	rs7192941
chr16	60187691	rs6500105
chr16	60187709	rs6500106
chr16	60189071	rs7189617
chr16	60193214	rs12598588
chr16	60193882	rs11865210
chr16	60194224	rs8053038
chr16	60199544	rs10431932
chr16	60199880	rs10431914
chr16	60201123	rs216957
chr16	60203469	rs9937716
chr16	60205538	rs216946
chr16	60207445	rs216944
chr16	60209920	rs7204050
chr16	60210011	rs12923165
chr16	60211592	rs17241543
chr16	60214238	rs10500429
chr16	60217635	rs2165347
chr16	60220884	rs12709049
chr16	60223769	rs11642195
chr16	60225332	rs6500110
chr16	60225365	rs7200980
chr16	60232728	rs11642278
chr16	60237235	rs1545208
chr16	60237946	rs8056087
chr16	60243338	rs11649056
chr16	60247084	rs1450367
chr16	60253034	rs7197372
chr16	60254530	rs7204862
chr16	60255987	rs8062998
chr16	60260232	rs1550498
chr16	60260424	rs11859851
chr16	60262544	rs11639964
chr16	60268144	rs2165345
chr16	60270776	rs9939722
chr16	60270983	rs1376049
chr16	60273595	rs12930389
chr16	60275679	rs11643431
chr16	60280585	rs9932085
chr16	60280752	rs9932186
chr16	60283143	rs11648499
chr16	60285195	rs11865452
chr16	60287986	rs12928792
chr16	60298577	rs1376046
chr16	60304959	rs10500428
chr16	60306649	rs10500427
chr16	60312574	rs9926416
chr16	60316942	rs1465892
chr16	60319183	rs993388
chr16	60321167	rs12447951
chr16	60321924	rs7197884
chr16	60325672	rs11860580
chr16	60326007	rs17241648
chr16	60327141	rs9302723
chr16	60328328	rs8062938
chr16	60328531	rs12918885
chr16	60329299	rs930444
chr16	60331949	rs930443
chr16	60333036	rs12925638
chr16	60336424	rs8057562
chr16	60337467	rs1376047
chr16	60340357	rs13339392
chr16	60342259	rs1155406
chr16	60342569	rs1155405
chr16	60343424	rs935751
chr16	60343511	rs935753
chr16	60343587	rs935754
chr16	60345639	rs1450357
chr16	60346566	rs10500425
chr16	60346972	rs11866759
chr16	60349286	rs1450358
chr16	60352389	rs1901114
chr16	60353701	rs9930703
chr16	60354456	rs8061688
chr16	60355498	rs8046971
chr16	60355877	rs1349339
chr16	60355989	rs1450360
chr16	60356119	rs1450361
chr16	60361443	rs8050990
chr16	60362322	rs1466137
chr16	60367415	rs11648148
chr16	60368438	rs17821987
chr16	60368481	rs2198021
chr16	60369573	rs7192598
chr16	60372032	rs4548847
chr16	60372670	rs1947261
chr16	60372959	rs17241676
chr16	60376534	rs16962021
chr16	60376910	rs16962023
chr16	60378427	rs12923401
chr16	60380457	rs16962026
chr16	60381483	rs1183259
chr16	60382759	rs8053113
chr16	60385316	rs16962034
chr16	60388390	rs11861629
chr16	60389334	rs16962035
chr16	60393381	rs9302724
chr16	60393536	rs9888985
chr16	60396056	rs10500421
chr16	60398889	rs1423897
chr16	60400232	rs7193334
chr16	60404502	rs6500119
chr16	60408824	rs12051058
chr16	60410231	rs1364149
chr16	60410634	rs11076377
chr16	60412360	rs13331876
chr16	60412411	rs4785109
chr16	60413266	rs2407318
chr16	60415467	rs2407319
chr16	60415582	rs1364150
chr16	60415886	rs6500127
chr16	60420371	rs4784108
chr16	60421165	rs1559364
chr16	60422929	rs1364152
chr16	60424188	rs12923422
chr16	60424483	rs12923331
chr16	60426461	rs1423902
chr16	60426856	rs1423903
chr16	60428432	rs1862745
chr16	60428454	rs1862746
chr16	60429506	rs16962069
chr16	60432455	rs1423904
chr16	60433743	rs13338732
chr16	60437389	rs12921812
chr16	60439872	rs8062487
chr16	60443237	rs1423908
chr16	60450063	rs11076382
chr16	60454371	rs9940222
chr16	60460350	rs1364153
chr16	60460441	rs1423909
chr16	60462434	rs9938230
chr16	60465803	rs10445030
chr16	60470896	rs9937364
chr16	60476727	rs16962092
chr16	60477578	rs1030259
chr16	60479163	rs11076384
chr16	60480427	rs1473204
chr16	60480502	rs1473203
chr16	60480672	rs12446320
chr16	60482906	rs16962104
chr16	60482930	rs12932292
chr16	60482990	rs1345855
chr16	60483030	rs1345856
chr16	60483646	rs12448583
chr16	60483736	rs2407371
chr16	60485062	rs17241739
chr16	60485181	rs2161663
chr16	60485398	rs2043595
chr16	60485806	rs9930207
chr16	60486686	rs7185535
chr16	60492607	rs12600134
chr16	60497294	rs12445117
chr16	60501800	rs9932943
chr16	60504634	rs12709060
chr16	60505404	rs8059080
chr16	60510524	rs11861875
chr16	60511856	rs11076389
chr16	60520306	rs11076391
chr16	60530184	rs13332874
chr16	60531754	rs1833981
chr16	60532168	rs7498367
chr16	60533175	rs1019541
chr16	60540490	rs9927943
chr16	60541170	rs8060700
chr16	60541348	rs1364145
chr16	60543296	rs1530795
chr16	60545456	rs10500418
chr16	60548610	rs17822077
chr16	60549035	rs17241760
chr16	60549334	rs1597468
chr16	60553300	rs1595139
chr16	60553432	rs1595138
chr16	60553469	rs12599144
chr16	60554464	rs12932295
chr16	60557674	rs1369790
chr16	60560584	rs12922279
chr16	60561703	rs718510
chr16	60564706	rs9746438
chr16	60567227	rs1436044
chr16	60571057	rs9936526
chr16	60571282	rs9927466
chr16	60572993	rs8049412
chr16	60573665	rs11641235
chr16	60575574	rs4785119
chr16	60575647	rs1993020
chr16	60581551	rs1347532
chr16	60581694	rs1347531
chr16	60583287	rs12926957
chr16	60584144	rs1436046
chr16	60587546	rs11860620
chr16	60590261	rs1347535
chr16	60593148	rs8056946
chr16	60594532	rs8044054
chr16	60597934	rs12449198
chr16	60598653	rs1561084
chr16	60605339	rs2099521
chr16	60612199	rs2043592
chr16	60615175	rs11649643
chr16	60616119	rs16962361
chr16	60616239	rs17822102
chr16	60618535	rs2060664
chr16	60620260	rs9941110
chr16	60620561	rs17248156
chr16	60621402	rs2217892
chr16	60621744	rs2196453
chr16	60626942	rs8050802
chr16	60631193	rs7194802
chr16	60631229	rs12597229
chr16	60631754	rs11643833
chr16	60636166	rs11646830
chr16	60637930	rs12149591
chr16	60644281	rs1019540
chr16	60645698	rs13336308
chr16	60650156	rs9939381
chr16	60653083	rs12709063
chr16	60654894	rs1862742
chr16	60659284	rs1423882
chr16	60662223	rs11648202
chr16	60662936	rs1030253
chr16	60662965	rs1030252
chr16	60670018	rs9923495
chr16	60675622	rs13336526
chr16	60676720	rs1344573
chr16	60677305	rs1364139
chr16	60679463	rs8047380
chr16	60681764	rs12596564
chr16	60682101	rs9302725
chr16	60686206	rs9302726
chr16	60686396	rs8057268
chr16	60687234	rs12922947
chr16	60694289	rs4536464
chr16	60695152	rs7188240
chr16	60695753	rs7204068
chr16	60696638	rs2059250
chr16	60697627	rs6500140
chr16	60699699	rs17822114
chr16	60700351	rs1423885
chr16	60705174	rs1423889
chr16	60709788	rs7193234
chr16	60713911	rs1423891
chr16	60713987	rs16962499
chr16	60715427	rs2897685
chr16	60716024	rs9928411
chr16	60716300	rs9939229
chr16	60720841	rs7184474
chr16	60722807	rs16962509
chr16	60722963	rs1423893
chr16	60724748	rs7187279
chr16	60725389	rs1364143
chr16	60725606	rs17248198
chr16	60726646	rs12922381
chr16	60729042	rs7185077
chr16	60730615	rs8051092
chr16	60730725	rs13336893
chr16	60730863	rs6500144
chr16	60731496	rs7193316
chr16	60733005	rs9931909
chr16	60733707	rs1423894
chr16	60734103	rs12050996
chr16	60734151	rs12051029
chr16	60736122	rs9927555
chr16	60740289	rs3848269
chr16	60741296	rs8057229
chr16	60747208	rs8052964
chr16	60750367	rs1364320
chr16	60756633	rs17248239
chr16	60757487	rs11076411
chr16	60759004	rs1981886
chr16	60762537	rs12929441
chr16	60764313	rs1424203
chr16	60769412	rs1364322
chr16	60771922	rs8055244
chr16	60772768	rs13334604
chr16	60773083	rs8061506
chr16	60773471	rs12595877
chr16	60774296	rs2194325
chr16	60778597	rs985975
chr16	60781115	rs8057223
chr16	60788213	rs8046125
chr16	60789187	rs16962587
chr16	60790217	rs10500431
chr16	60790782	rs7188142
chr16	60792123	rs1424205
chr16	60792742	rs715262
chr16	60795943	rs12934303
chr16	60799161	rs7201354
chr16	60803106	rs11076418
chr16	60810087	rs2161662
chr16	60810326	rs1364324
chr16	60810539	rs763591
chr16	60810804	rs715181
chr16	60811580	rs1424206
chr16	60812346	rs6500150
chr16	60815939	rs1424208
chr16	60816052	rs11076421
chr16	60818006	rs16962610
chr16	60822761	rs8058710
chr16	60823751	rs1364328
chr16	60823966	rs1424209
chr16	60824636	rs4785135
chr16	60835147	rs1160278
chr16	60836559	rs2194349
chr16	60836689	rs8052823
chr16	60840525	rs8051784
chr16	60842647	rs17822235
chr16	60844104	rs8051898
chr16	60844707	rs8057002
chr16	60845447	rs16962646
chr16	60847931	rs9939293
chr16	60855998	rs12928670
chr16	60856408	rs2113316
chr16	60867510	rs11859662
chr16	60868919	rs8055281
chr16	60873768	rs1424268
chr16	60880161	rs7190623
chr16	60881910	rs8059025
chr16	60884088	rs1424199
chr16	60888601	rs7188689
chr16	60888679	rs7190875
chr16	60889183	rs8055069
chr16	60893421	rs8051908
chr16	60897447	rs8046246
chr16	60897769	rs8048983
chr16	60902168	rs2407617
chr16	60903664	rs1424271
chr16	60903958	rs1820269
chr16	60906175	rs7185418
chr16	60908573	rs9939059
chr16	60914047	rs7193227
chr16	60916687	rs1003158
chr16	60919112	rs1364355
chr16	60924798	rs8062389
chr16	60928749	rs17248372
chr16	60928910	rs7197935
chr16	60930181	rs1424273
chr16	60930726	rs17822283
chr16	60934051	rs1345905
chr16	60935706	rs7185776
chr16	60945164	rs1500349
chr16	60945705	rs10500437
chr16	60945907	rs4785141
chr16	60946922	rs17822317
chr16	60951675	rs10500438
chr16	60952105	rs3874517
chr16	60958502	rs1500348
chr16	60962796	rs7190186
chr16	60971664	rs7192957
chr16	60975903	rs10500439
chr16	60981773	rs996091
chr16	60982775	rs8063879
chr16	60983907	rs986348
chr16	60986582	rs12448545
chr16	60986644	rs6500165
chr16	60986700	rs11076442
chr16	60988265	rs1895557
chr16	60989181	rs16962836
chr16	60989688	rs6500167
chr16	60991057	rs11648878
chr16	60992169	rs1469147
chr16	60992682	rs9925294
chr16	60993280	rs1986179
chr16	60994052	rs16962842
chr16	60994769	rs16962845
chr16	60994949	rs9921482
chr16	60995093	rs16962850
chr16	60995233	rs9921742
chr16	60995688	rs965322
chr16	60995868	rs1364350
chr16	60996660	rs1846699
chr16	60997785	rs12924693
chr16	60999665	rs4785144
chr16	61000608	rs1319690
chr16	61000803	rs1834108
chr16	61000827	rs1834109
chr16	61006287	rs4146206
chr16	61008918	rs1862859
chr16	61011488	rs11076445
chr16	61012845	rs1846697
chr16	61021323	rs931716
chr16	61022916	rs16962920
chr16	61027486	rs1909766
chr16	61027790	rs8047093
chr16	61031703	rs1500358
chr16	61035437	rs12599038
chr16	61036526	rs11863847
chr16	61036955	rs12444719
chr16	61039289	rs1392535
chr16	61043131	rs1500356
chr16	61048467	rs7195151
chr16	61056135	rs1827220
chr16	61056601	rs12448305
chr16	61058854	rs4146207
chr16	61060711	rs16962972
chr16	61060834	rs16962976
chr16	61060898	rs16962980
chr16	61062612	rs7194678
chr16	61067492	rs4785146
chr16	61067856	rs12922654
chr16	61073760	rs12935144
chr16	61073854	rs16962985
chr16	61073987	rs8045920
chr16	61075120	rs12923268
chr16	61075161	rs1500351
chr16	61076523	rs11076449
chr16	61082826	rs16962992
chr16	61083159	rs985184
chr16	61083529	rs2133804
chr16	61084320	rs1843749
chr16	61085466	rs2631806
chr16	61085552	rs2639893
chr16	61085799	rs2639892
chr16	61085827	rs2639891
chr16	61085869	rs12596505
chr16	61087077	rs2650673
chr16	61089223	rs2639890
chr16	61089243	rs2639889
chr16	61089804	rs1812551
chr16	61090294	rs11861317
chr16	61096468	rs13334680
chr16	61097173	rs9933717
chr16	61100334	rs12919786
chr16	61101009	rs1386348
chr16	61106625	rs11860279
chr16	61110878	rs12447734
chr16	61113450	rs7205616
chr16	61113702	rs7187849
chr16	61114746	rs2407755
chr16	61116084	rs9937579
chr16	61125481	rs7203422
chr16	61131266	rs12446828
chr16	61136051	rs11644457
chr16	61144375	rs12928123
chr16	61144658	rs13337080
chr16	61148438	rs9929283
chr16	61148606	rs9938549
chr16	61177842	rs1510177
chr16	61209908	rs12919643
chr16	61217692	rs12932576
chr16	61230722	rs9921415
chr16	61249862	rs2036801
chr16	61257935	rs16963175
chr16	61270284	rs16963190
chr16	61285302	rs1423742
chr16	61305474	rs17822510
chr16	61316912	rs1374072
chr16	61326273	rs11075411
chr16	61333920	rs16963276
chr16	61340038	rs8052390
chr16	61340648	rs7199445
chr16	61383347	rs11639870
chr16	61392014	rs1016902
chr16	61413406	rs13329984
chr16	61414212	rs16963337
chr16	61415506	rs1020390
chr16	61418650	rs1470465
chr16	61419705	rs1900186
chr16	61427308	rs11644632
chr16	61427469	rs11644712
chr16	61430051	rs7184230
chr16	61431217	rs7190982
chr16	61433243	rs12930401
chr16	61434285	rs13334744
chr16	61435752	rs16963387
chr16	61441598	rs12930697
chr16	61445110	rs1037109
chr16	61450120	rs723805
chr16	61457515	rs1446014
chr16	61468820	rs8058057
chr16	61474682	rs12446850
chr16	61481642	rs2897798
chr16	61487000	rs17822558
chr16	61489606	rs11860558
chr16	61498561	rs11075417
chr16	61499413	rs7199434
chr16	61502327	rs2407903
chr16	61509802	rs17248695
chr16	61514436	rs17822576
chr16	61516479	rs11075419
chr16	61517373	rs17822582
chr16	61523720	rs17248723
chr16	61524447	rs16963494
chr16	61526757	rs7185050
chr16	61528759	rs2407904
chr16	61528777	rs2897802
chr16	61533643	rs11862576
chr16	61545286	rs2407907
chr16	61545679	rs7184753
chr16	61548286	rs12926260
chr16	61548974	rs1319990
chr16	61550760	rs10500444
chr16	61560706	rs4784126
chr16	61561412	rs7203466
chr16	61563398	rs2407909
chr16	61564809	rs4410067
chr16	61564830	rs1319109
chr16	61566736	rs2407912
chr16	61567690	rs2897803
chr16	61568022	rs11645085
chr16	61570686	rs16963596
chr16	61575885	rs7186317
chr16	61576315	rs4784130
chr16	61576323	rs11866809
chr16	61576795	rs11640187
chr16	61578527	rs7198829
chr16	61578939	rs7204375
chr16	61579053	rs7204405
chr16	61580440	rs2407921
chr16	61581744	rs7200440
chr16	61582958	rs4784135
chr16	61586756	rs11646955
chr16	61589574	rs2407893
chr16	61589662	rs2407894
chr16	61591097	rs8060035
chr16	61592530	rs12051194
chr16	61594725	rs11075423
chr16	61595362	rs4146353
chr16	61596306	rs8058822
chr16	61597010	rs16963642
chr16	61601494	rs4783761
chr16	61601607	rs16963653
chr16	61603241	rs1343857
chr16	61605371	rs12446701
chr16	61606587	rs11859424
chr16	61608357	rs8057914
chr16	61609312	rs4784140
chr16	61616561	rs1078753
chr16	61617857	rs12599827
chr16	61619347	rs16963678
chr16	61625455	rs4340323
chr16	61633745	rs7206898
chr16	61635008	rs6498802
chr16	61635533	rs6498803
chr16	61638035	rs11075428
chr16	61640199	rs16963728
chr16	61648991	rs4784146
chr16	61650544	rs4357937
chr16	61651226	rs4427786
chr16	61652377	rs5002375
chr16	61652495	rs4131634
chr16	61652944	rs4581688
chr16	61653797	rs16963768
chr16	61655365	rs8054635
chr16	61660274	rs4360928
chr16	61668171	rs11863254
chr16	61668433	rs4438299
chr16	61678507	rs11641508
chr16	61678777	rs11642726
chr16	61679489	rs4416006
chr16	61679877	rs11862752
chr16	61682478	rs10500450
chr16	61687979	rs12103220
chr16	61690440	rs4261531
chr16	61691618	rs16963837
chr16	61692300	rs4315319
chr16	61694668	rs9302538
chr16	61699296	rs9924841
chr16	61701140	rs4476168
chr16	61705037	rs16963868
chr16	61705866	rs11643658
chr16	61705985	rs4784152
chr16	61706013	rs11648690
chr16	61706857	rs8047976
chr16	61709172	rs8061580
chr16	61710917	rs8052159
chr16	61714724	rs4784154
chr16	61715001	rs4784155
chr16	61716987	rs4628957
chr16	61723633	rs4783763
chr16	61727514	rs11862141
chr16	61728371	rs16963882
chr16	61729637	rs16963887
chr16	61730067	rs8060241
chr16	61732708	rs17248940
chr16	61735635	rs4485351
chr16	61737357	rs8048692
chr16	61739176	rs17248947
chr16	61744191	rs8048207
chr16	61746654	rs4131786
chr16	61746702	rs4494526
chr16	61752921	rs17248982
chr16	61754062	rs7187101
chr16	61758759	rs4567699
chr16	61759560	rs7187701
chr16	61766964	rs6498807
chr16	61767365	rs16963935
chr16	61767867	rs4497675
chr16	61779071	rs9926466
chr16	61780477	rs1436379
chr16	61790619	rs12925150
chr16	61792538	rs16963958
chr16	61800802	rs11648416
chr16	61814611	rs6498810
chr16	61815050	rs13336134
chr16	61815076	rs13330883
chr16	61816389	rs1865808
chr16	61818130	rs1369918
chr16	61825251	rs3743513
chr16	61829122	rs11640872
chr16	61829861	rs1436377
chr16	61836558	rs7204387
chr16	61838475	rs10500458
chr16	61844677	rs1369923
chr16	61849497	rs11075440
chr16	61850045	rs1821723
chr16	61853465	rs4784166
chr16	61865238	rs1344864
chr16	61867005	rs1369922
chr16	61868819	rs9635515
chr16	61869302	rs4784167
chr16	61870983	rs1355266
chr16	61872340	rs7189354
chr16	61878023	rs12149022
chr16	61878591	rs17822894
chr16	61884313	rs8044799
chr16	61889687	rs6498812
chr16	61894415	rs9302539
chr16	61895169	rs1510158
chr16	61895252	rs11647140
chr16	61897770	rs16942581
chr16	61898776	rs1355264
chr16	61899497	rs11863799
chr16	61900416	rs1397127
chr16	61900678	rs12448255
chr16	61900695	rs11075445
chr16	61908103	rs925326
chr16	61911744	rs1436380
chr16	61913726	rs17379848
chr16	61916011	rs16964071
chr16	61932393	rs7188068
chr16	61932799	rs1162202
chr16	61933567	rs12599346
chr16	61934401	rs8058677
chr16	61942641	rs6498815
chr16	61943545	rs3784847
chr16	61950388	rs7204089
chr16	61961952	rs8058728
chr16	61962137	rs10451107
chr16	61962379	rs2175239
chr16	61965258	rs9925860
chr16	61967345	rs8057668
chr16	61969052	rs11075447
chr16	61973940	rs1510165
chr16	61975579	rs16964118
chr16	61976007	rs1397133
chr16	61983509	rs8058174
chr16	61986976	rs11863646
chr16	61987118	rs16964136
chr16	61989712	rs16964142
chr16	61991896	rs1304648
chr16	61995261	rs16964149
chr16	62004292	rs12926192
chr16	62005008	rs4784170
chr16	62005374	rs4238744
chr16	62006065	rs16964164
chr16	62007323	rs16964168
chr16	62013558	rs16964171
chr16	62014015	rs2048318
chr16	62014335	rs10153223
chr16	62018678	rs12929572
chr16	62019156	rs968627
chr16	62020761	rs1397132
chr16	62020885	rs1397131
chr16	62022631	rs6498818
chr16	62023024	rs10735131
chr16	62024152	rs8049450
chr16	62025995	rs12443972
chr16	62027066	rs11641766
chr16	62034435	rs12927313
chr16	62036040	rs8057338
chr16	62040758	rs7498344
chr16	62041234	rs12446238
chr16	62041380	rs12446244
chr16	62041632	rs11075451
chr16	62042007	rs9933092
chr16	62045298	rs7498886
chr16	62047130	rs12162090
chr16	62049211	rs7195131
chr16	62053788	rs6498825
chr16	62066307	rs8050940
chr16	62070894	rs9936202
chr16	62082621	rs7196235
chr16	62088390	rs9925201
chr16	62094311	rs8049329
chr16	62095952	rs11639889
chr16	62097722	rs9938191
chr16	62097881	rs6498829
chr16	62098031	rs9708499
chr16	62102345	rs6498832
chr16	62103568	rs9924310
chr16	62104207	rs6498834
chr16	62107688	rs8046579
chr16	62108806	rs2068276
chr16	62111223	rs9929646
chr16	62114109	rs7500962
chr16	62118528	rs7499818
chr16	62125518	rs9934716
chr16	62127331	rs11646902
chr16	62129335	rs6498837
chr16	62131446	rs11075457
chr16	62137691	rs3923575
chr16	62141164	rs7206906
chr16	62144662	rs4633740
chr16	62146286	rs11864696
chr16	62148696	rs9933487
chr16	62148947	rs8052194
chr16	62149233	rs4580183
chr16	62155773	rs4353493
chr16	62158800	rs4620978
chr16	62160272	rs9930063
chr16	62169985	rs9888777
chr16	62169998	rs16964300
chr16	62171274	rs4366723
chr16	62173446	rs4545840
chr16	62179402	rs16964317
chr16	62180775	rs4369691
chr16	62180790	rs4520859
chr16	62188390	rs11645947
chr16	62188876	rs16964337
chr16	62195044	rs11075463
chr16	62197459	rs12596513
chr16	62198361	rs4553650
chr16	62200262	rs12598455
chr16	62201796	rs7203280
chr16	62202568	rs2966020
chr16	62205350	rs4581717
chr16	62206358	rs6498840
chr16	62208316	rs6498842
chr16	62214262	rs2965974
chr16	62218114	rs4581718
chr16	62223444	rs11861733
chr16	62225701	rs12449237
chr16	62226492	rs17332670
chr16	62228079	rs12445127
chr16	62228141	rs11861272
chr16	62228170	rs4784177
chr16	62231144	rs16964398
chr16	62240937	rs9989379
chr16	62241440	rs11866433
chr16	62243688	rs11865329
chr16	62246816	rs13336872
chr16	62246972	rs4297696
chr16	62247065	rs4467100
chr16	62248127	rs9806981
chr16	62249917	rs9806820
chr16	62250351	rs4784179
chr16	62251460	rs16964413
chr16	62254863	rs4555172
chr16	62255908	rs12599390
chr16	62260631	rs4458015
chr16	62261303	rs4129416
chr16	62261892	rs8051621
chr16	62262491	rs4485393
chr16	62267979	rs7198613
chr16	62268593	rs7203018
chr16	62269380	rs8063416
chr16	62270416	rs12918987
chr16	62270931	rs12922557
chr16	62271627	rs8057941
chr16	62272483	rs4617882
chr16	62272963	rs10500466
chr16	62274838	rs4784180
chr16	62274951	rs9302544
chr16	62275351	rs11860730
chr16	62276502	rs4238747
chr16	62278613	rs10445016
chr16	62279432	rs17334722
chr16	62280363	rs12596563
chr16	62284789	rs11865949
chr16	62285257	rs13333695
chr16	62288068	rs7189621
chr16	62288870	rs11864523
chr16	62291328	rs1834078
chr16	62293007	rs7198828
chr16	62294615	rs7188209
chr16	62298568	rs17335618
chr16	62302550	rs10500464
chr16	62302987	rs16964535
chr16	62305751	rs9302545
chr16	62307902	rs8061991
chr16	62312050	rs9929738
chr16	62312087	rs2408109
chr16	62312430	rs8044889
chr16	62312575	rs4784181
chr16	62313323	rs7192220
chr16	62314294	rs964933
chr16	62315239	rs1834076
chr16	62317300	rs10500463
chr16	62319224	rs2059295
chr16	62321347	rs4784182
chr16	62322351	rs1974898
chr16	62326564	rs13339104
chr16	62330866	rs2408108
chr16	62335279	rs1974896
chr16	62338587	rs2042441
chr16	62343249	rs11645366
chr16	62346935	rs9935024
chr16	62348633	rs12598067
chr16	62353345	rs10500461
chr16	62353811	rs17421791
chr16	62354440	rs2408106
chr16	62354780	rs11647822
chr16	62356607	rs16964587
chr16	62359166	rs7194729
chr16	62360429	rs1304364
chr16	62362331	rs995148
chr16	62363585	rs16964597
chr16	62364271	rs1834072
chr16	62366028	rs2408105
chr16	62370479	rs16964602
chr16	62376720	rs2007973
chr16	62380710	rs6498852
chr16	62383634	rs16964613
chr16	62385836	rs16964615
chr16	62386122	rs8057123
chr16	62386230	rs12925496
chr16	62387284	rs16964618
chr16	62389806	rs12051103
chr16	62392647	rs12925410
chr16	62394105	rs4784190
chr16	62395302	rs10431916
chr16	62399273	rs12448328
chr16	62403591	rs8046622
chr16	62404760	rs12923689
chr16	62405842	rs17423077
chr16	62408327	rs8062247
chr16	62411947	rs4331354
chr16	62418283	rs4783772
chr16	62418927	rs1303746
chr16	62420138	rs1834090
chr16	62422196	rs9972636
chr16	62422411	rs1834089
chr16	62422577	rs1834088
chr16	62422596	rs1834087
chr16	62423101	rs2059293
chr16	62425289	rs7187336
chr16	62426113	rs9938742
chr16	62426565	rs9939153
chr16	62429340	rs9927340
chr16	62431360	rs12102926
chr16	62434900	rs1987478
chr16	62444740	rs1834080
chr16	62446024	rs4346220
chr16	62448680	rs12051178
chr16	62450596	rs1834079
chr16	62453185	rs1834077
chr16	62458066	rs11644025
chr16	62465170	rs12449171
chr16	62475815	rs11859141
chr16	62476363	rs4784195
chr16	62487191	rs12051444
chr16	62494675	rs12449006
chr16	62497864	rs8051716
chr16	62501279	rs12598341
chr16	62501339	rs1394551
chr16	62502272	rs1394553
chr16	62519984	rs367207
chr16	62520704	rs364345
chr16	62529002	rs288601
chr16	62529344	rs288600
chr16	62533968	rs288592
chr16	62536337	rs16964792
chr16	62539374	rs3011238
chr16	62540562	rs2938719
chr16	62543722	rs288579
chr16	62543964	rs1424026
chr16	62545690	rs3011236
chr16	62545842	rs2938720
chr16	62546273	rs3011235
chr16	62550866	rs2938723
chr16	62551758	rs2911293
chr16	62566885	rs288646
chr16	62567007	rs288647
chr16	62572534	rs288649
chr16	62576413	rs446915
chr16	62582089	rs9927171
chr16	62583165	rs7498362
chr16	62583313	rs4265819
chr16	62586163	rs12598820
chr16	62589730	rs2911298
chr16	62589864	rs2911299
chr16	62590478	rs2911301
chr16	62594806	rs1364230
chr16	62594871	rs1364229
chr16	62597289	rs3011245
chr16	62597309	rs3011246
chr16	62597387	rs7186695
chr16	62597414	rs2938729
chr16	62598369	rs7192064
chr16	62599203	rs2911305
chr16	62599292	rs2131402
chr16	62603573	rs2911309
chr16	62603836	rs8063898
chr16	62605195	rs2911313
chr16	62608077	rs8056689
chr16	62608942	rs2911283
chr16	62609216	rs1364240
chr16	62610264	rs434747
chr16	62612639	rs625215
chr16	62613006	rs397599
chr16	62614167	rs642081
chr16	62615315	rs364931
chr16	62615388	rs3011249
chr16	62616087	rs1424028
chr16	62617662	rs399573
chr16	62623033	rs1544811
chr16	62626408	rs2933553
chr16	62628400	rs396679
chr16	62628421	rs8050764
chr16	62628703	rs3011252
chr16	62632586	rs7199262
chr16	62632608	rs2911286
chr16	62633348	rs7201164
chr16	62638708	rs288604
chr16	62639423	rs288605
chr16	62640138	rs13335144
chr16	62640154	rs288607
chr16	62640471	rs16965001
chr16	62641652	rs9937424
chr16	62642856	rs288614
chr16	62642933	rs288615
chr16	62647012	rs288628
chr16	62647708	rs599214
chr16	62649828	rs389954
chr16	62651092	rs1027277
chr16	62654927	rs288631
chr16	62657187	rs288637
chr16	62657473	rs288638
chr16	62657840	rs288639
chr16	62665063	rs12599850
chr16	62665211	rs9806871
chr16	62665918	rs8058267
chr16	62668222	rs2408165
chr16	62675247	rs11639809
chr16	62678726	rs1117513
chr16	62678892	rs12929587
chr16	62680059	rs16965057
chr16	62680656	rs997101
chr16	62685408	rs12925969
chr16	62686567	rs12596759
chr16	62689803	rs11075486
chr16	62697270	rs6498868
chr16	62706997	rs4603574
chr16	62713926	rs4784207
chr16	62715486	rs4405569
chr16	62715589	rs12443846
chr16	62721874	rs4784208
chr16	62731090	rs7186853
chr16	62736073	rs12445827
chr16	62741067	rs1428825
chr16	62741215	rs2914496
chr16	62741863	rs2962442
chr16	62742099	rs7500302
chr16	62744458	rs17428476
chr16	62750065	rs2860547
chr16	62750093	rs2408351
chr16	62750989	rs16965105
chr16	62758607	rs17350656
chr16	62764948	rs2962462
chr16	62765137	rs2408347
chr16	62765272	rs1896765
chr16	62766677	rs8060929
chr16	62768247	rs974873
chr16	62768461	rs8048343
chr16	62770509	rs12927967
chr16	62773036	rs9934894
chr16	62773497	rs2408345
chr16	62782020	rs2962469
chr16	62785335	rs2962471
chr16	62797539	rs4350588
chr16	62798114	rs11867003
chr16	62813828	rs12446268
chr16	62818887	rs2962080
chr16	62820681	rs2962459
chr16	62821316	rs2962460
chr16	62823018	rs2962464
chr16	62824954	rs2962447
chr16	62829187	rs2962445
chr16	62832409	rs1549664
chr16	62832585	rs991078
chr16	62832953	rs1544954
chr16	62837817	rs7193666
chr16	62838616	rs10500468
chr16	62839290	rs1366537
chr16	62843160	rs9928180
chr16	62849454	rs17352457
chr16	62852536	rs1366539
chr16	62853054	rs12445310
chr16	62856617	rs16965261
chr16	62856944	rs12923340
chr16	62859411	rs2911315
chr16	62861861	rs1124499
chr16	62867319	rs1972731
chr16	62868068	rs1820785
chr16	62870118	rs1428831
chr16	62870476	rs12102560
chr16	62875980	rs17353186
chr16	62880866	rs2914481
chr16	62884828	rs11863795
chr16	62889809	rs2962428
chr16	62891521	rs2962429
chr16	62897557	rs2962453
chr16	62902749	rs2914486
chr16	62903154	rs8052993
chr16	62903324	rs2962454
chr16	62905493	rs2914488
chr16	62915059	rs1160166
chr16	62919850	rs1477390
chr16	62920642	rs12923894
chr16	62925976	rs12922811
chr16	62934653	rs2216760
chr16	62936203	rs1424034
chr16	62941699	rs12598906
chr16	62942736	rs366931
chr16	62946398	rs30863
chr16	62953163	rs30873
chr16	62953974	rs17547375
chr16	62955186	rs30876
chr16	62957635	rs39596
chr16	62960279	rs43172
chr16	62962550	rs1424035
chr16	62965569	rs30882
chr16	62965579	rs9932908
chr16	62966272	rs40279
chr16	62966386	rs11645800
chr16	62970526	rs30888
chr16	62970751	rs16965394
chr16	62976414	rs30893
chr16	62985276	rs11075492
chr16	62986162	rs2040781
chr16	62988107	rs648929
chr16	62988576	rs368182
chr16	62989277	rs7501375
chr16	62989713	rs585417
chr16	62990236	rs588037
chr16	62990310	rs588116
chr16	62990529	rs8048515
chr16	62999155	rs957063
chr16	63005785	rs153359
chr16	63006528	rs153358
chr16	63006897	rs153356
chr16	63009826	rs153353
chr16	63011478	rs1510215
chr16	63013759	rs30895
chr16	63013930	rs12445774
chr16	63014339	rs11643685
chr16	63019654	rs16965451
chr16	63020273	rs7498814
chr16	63022900	rs511048
chr16	63024928	rs42262
chr16	63027904	rs40973
chr16	63028628	rs153350
chr16	63028696	rs153349
chr16	63032203	rs8045620
chr16	63032628	rs13335480
chr16	63033401	rs153346
chr16	63037283	rs1397120
chr16	63042506	rs16965488
chr16	63045415	rs153331
chr16	63053302	rs153341
chr16	63058165	rs197171
chr16	63059030	rs10500471
chr16	63059091	rs12929407
chr16	63059106	rs7203144
chr16	63060778	rs975795
chr16	63062914	rs8063250
chr16	63063756	rs12919361
chr16	63064409	rs1605960
chr16	63069105	rs1397159
chr16	63069679	rs8051889
chr16	63072321	rs12597780
chr16	63074628	rs9937828
chr16	63076747	rs4949072
chr16	63077571	rs169129
chr16	63081424	rs198015
chr16	63085645	rs1510213
chr16	63086441	rs198008
chr16	63086741	rs198007
chr16	63087176	rs169130
chr16	63093751	rs41322953
chr16	63093942	rs16965622
chr16	63097045	rs9925669
chr16	63097359	rs198017
chr16	63098056	rs17202303
chr16	63104670	rs81492
chr16	63108033	rs182063
chr16	63113523	rs2136667
chr16	63113559	rs198033
chr16	63115609	rs198035
chr16	63116016	rs2107337
chr16	63128340	rs198024
chr16	63128700	rs198025
chr16	63132046	rs169133
chr16	63132069	rs13333728
chr16	63135496	rs198030
chr16	63139355	rs1012831
chr16	63139576	rs1704554
chr16	63141406	rs2840126
chr16	63142173	rs2055846
chr16	63147083	rs12597322
chr16	63155407	rs12917884
chr16	63157354	rs7188296
chr16	63159995	rs8043700
chr16	63164869	rs2158355
chr16	63168481	rs8060756
chr16	63173625	rs4329932
chr16	63174505	rs3890713
chr16	63174588	rs3890711
chr16	63175106	rs7202761
chr16	63175669	rs4949112
chr16	63177186	rs4949077
chr16	63183957	rs1436413
chr16	63185264	rs8045963
chr16	63186324	rs7204338
chr16	63187230	rs7187734
chr16	63191313	rs10852411
chr16	63191971	rs16965679
chr16	63192935	rs17361350
chr16	63193383	rs17361434
chr16	63195037	rs1865826
chr16	63196579	rs12232425
chr16	63202950	rs737619
chr16	63203337	rs12598204
chr16	63205320	rs11865502
chr16	63207313	rs12597345
chr16	63207434	rs12930214
chr16	63213224	rs12596625
chr16	63213583	rs12597153
chr16	63214865	rs2099535
chr16	63231871	rs9938986
chr16	63238983	rs8051256
chr16	63241300	rs12597783
chr16	63243165	rs7195484
chr16	63247861	rs11862130
chr16	63248176	rs1898227
chr16	63253645	rs7404896
chr16	63263541	rs12162035
chr16	63268335	rs4473210
chr16	63269119	rs4534868
chr16	63269405	rs4395093
chr16	63270626	rs4245626
chr16	63276366	rs7194601
chr16	63276586	rs11641803
chr16	63281791	rs11644288
chr16	63282370	rs13339343
chr16	63290119	rs6498896
chr16	63292614	rs12926742
chr16	63300340	rs219586
chr16	63304377	rs1461207
chr16	63305766	rs160529
chr16	63308299	rs160527
chr16	63310828	rs17549676
chr16	63310859	rs16965820
chr16	63313620	rs16965821
chr16	63315536	rs219570
chr16	63317993	rs8049061
chr16	63318880	rs16965834
chr16	63323502	rs160536
chr16	63328474	rs16965863
chr16	63328656	rs10492845
chr16	63330620	rs219605
chr16	63334353	rs219600
chr16	63341900	rs219594
chr16	63341938	rs219593
chr16	63345322	rs1013352
chr16	63349225	rs429666
chr16	63350112	rs12922390
chr16	63357499	rs12931823
chr16	63357805	rs150732
chr16	63360005	rs150635
chr16	63362102	rs1347579
chr16	63363900	rs150730
chr16	63367393	rs150728
chr16	63369038	rs150724
chr16	63379715	rs17550893
chr16	63379917	rs1992071
chr16	63383184	rs9922113
chr16	63384875	rs1012248
chr16	63386485	rs714372
chr16	63387268	rs12931606
chr16	63388042	rs2106885
chr16	63394876	rs8047994
chr16	63401134	rs1381110
chr16	63402404	rs1008220
chr16	63404169	rs150747
chr16	63406347	rs2319131
chr16	63411994	rs1369915
chr16	63412626	rs7189013
chr16	63414766	rs150745
chr16	63423951	rs150742
chr16	63424002	rs16965999
chr16	63426076	rs219568
chr16	63428270	rs10500473
chr16	63432743	rs11861943
chr16	63433182	rs9939561
chr16	63436823	rs9924669
chr16	63442420	rs8044825
chr16	63464249	rs1347578
chr16	63471427	rs2196496
chr16	63480528	rs9302552
chr16	63486314	rs9925466
chr16	63486872	rs1364158
chr16	63488040	rs1364161
chr16	63493914	rs1364163
chr16	63497403	rs1423921
chr16	63500011	rs7185153
chr16	63508197	rs1364165
chr16	63514666	rs12102582
chr16	63522562	rs8048948
chr16	63524616	rs717293
chr16	63525560	rs9940867
chr16	63530175	rs7206664
chr16	63531655	rs981882
chr16	63533828	rs7186057
chr16	63536346	rs13329951
chr16	63537385	rs1423925
chr16	63539214	rs1158460
chr16	63539472	rs8045334
chr16	63539610	rs9932227
chr16	63539944	rs2042390
chr16	63540437	rs11075507
chr16	63544558	rs8053855
chr16	63545879	rs2966017
chr16	63546668	rs9933793
chr16	63552586	rs1812486
chr16	63554638	rs11865197
chr16	63556158	rs11864280
chr16	63559278	rs2966009
chr16	63559750	rs2911176
chr16	63559887	rs2966008
chr16	63560283	rs2911177
chr16	63561679	rs2965970
chr16	63562485	rs16966207
chr16	63563356	rs2911181
chr16	63568431	rs1158538
chr16	63569677	rs6498907
chr16	63570124	rs918704
chr16	63570187	rs918705
chr16	63570247	rs1423929
chr16	63570418	rs2319353
chr16	63573244	rs1559374
chr16	63575802	rs9930891
chr16	63575941	rs9930983
chr16	63577694	rs1364156
chr16	63580016	rs2911161
chr16	63585450	rs2965985
chr16	63587831	rs2911167
chr16	63588432	rs2965977
chr16	63588791	rs9921957
chr16	63590089	rs2966012
chr16	63590386	rs2966013
chr16	63591705	rs1423915
chr16	63596256	rs1895512
chr16	63599924	rs6498908
chr16	63601676	rs9923747
chr16	63602494	rs2965999
chr16	63602836	rs2911168
chr16	63603041	rs2966021
chr16	63606476	rs10500475
chr16	63613094	rs1345861
chr16	63622064	rs2911170
chr16	63623386	rs2911174
chr16	63627734	rs6498910
chr16	63628178	rs4949131
chr16	63629368	rs4577103
chr16	63631298	rs1901392
chr16	63639128	rs7205517
chr16	63642322	rs4949133
chr16	63645431	rs1123925
chr16	63646462	rs12448930
chr16	63655698	rs17380409
chr16	63656285	rs16966285
chr16	63657228	rs1839854
chr16	63660160	rs12708853
chr16	63664369	rs1823658
chr16	63667853	rs4353494
chr16	63670431	rs7203355
chr16	63673681	rs9939422
chr16	63679216	rs10500460
chr16	63680438	rs11644627
chr16	63681655	rs11647141
chr16	63681756	rs2123002
chr16	63681930	rs4949080
chr16	63683573	rs935814
chr16	63684145	rs7190898
chr16	63685041	rs12444638
chr16	63695187	rs11075515
chr16	63699639	rs11865519
chr16	63702652	rs8057710
chr16	63704711	rs12598203
chr16	63707099	rs8051045
chr16	63708254	rs12925231
chr16	63708288	rs8056247
chr16	63708515	rs8056179
chr16	63711042	rs1376737
chr16	63715567	rs12920107
chr16	63718434	rs16966464
chr16	63719646	rs6498920
chr16	63720261	rs4949141
chr16	63720900	rs9926921
chr16	63721179	rs1451759
chr16	63724301	rs7198575
chr16	63727556	rs7206653
chr16	63728443	rs11645042
chr16	63728661	rs7194950
chr16	63732777	rs1451751
chr16	63733603	rs7204388
chr16	63733962	rs9928764
chr16	63735328	rs9302554
chr16	63735911	rs1376735
chr16	63736180	rs4949146
chr16	63736539	rs4949147
chr16	63737071	rs16966503
chr16	63742983	rs722730
chr16	63744596	rs2167474
chr16	63747149	rs11075517
chr16	63747727	rs9934842
chr16	63749652	rs12103381
chr16	63750761	rs7191753
chr16	63751069	rs9933176
chr16	63751415	rs1975673
chr16	63752959	rs12149802
chr16	63753452	rs1947320
chr16	63753496	rs1947321
chr16	63758043	rs7500939
chr16	63758084	rs7500912
chr16	63765026	rs8060376
chr16	63765127	rs8060557
chr16	63767633	rs8047478
chr16	63768670	rs16966555
chr16	63769589	rs4949081
chr16	63769657	rs17468086
chr16	63772709	rs4949150
chr16	63779851	rs258158
chr16	63779869	rs258159
chr16	63780910	rs258160
chr16	63783253	rs42871
chr16	63785388	rs12444480
chr16	63788175	rs35575
chr16	63789774	rs35574
chr16	63791436	rs1346558
chr16	63793425	rs10500477
chr16	63793636	rs35572
chr16	63798800	rs12922460
chr16	63804010	rs28797
chr16	63804041	rs35565
chr16	63809465	rs413201
chr16	63822470	rs322575
chr16	63827367	rs56387
chr16	63833227	rs167726
chr16	63836131	rs322613
chr16	63841449	rs322609
chr16	63847788	rs322602
chr16	63850952	rs16966640
chr16	63851836	rs4949082
chr16	63852067	rs322598
chr16	63853099	rs7203039
chr16	63853968	rs12935776
chr16	63855119	rs1461182
chr16	63858888	rs17385192
chr16	63858981	rs322586
chr16	63859154	rs322587
chr16	63861723	rs322590
chr16	63862176	rs322591
chr16	63864058	rs9933804
chr16	63869149	rs322594
chr16	63870790	rs11075521
chr16	63877559	rs322581
chr16	63878769	rs322580
chr16	63882194	rs16966697
chr16	63882483	rs9925696
chr16	63884567	rs322579
chr16	63885752	rs1366515
chr16	63889589	rs2199355
chr16	63890287	rs12920423
chr16	63891033	rs12444654
chr16	63895200	rs322567
chr16	63897753	rs322566
chr16	63901782	rs322569
chr16	63901982	rs4608360
chr16	63904956	rs8044266
chr16	63909886	rs16966727
chr16	63912692	rs322562
chr16	63914525	rs366666
chr16	63915047	rs538843
chr16	63915200	rs375862
chr16	63921543	rs1381102
chr16	63925325	rs16966746
chr16	63928652	rs2169310
chr16	63929646	rs11075524
chr16	63929935	rs8056081
chr16	63934542	rs12929289
chr16	63934961	rs8044397
chr16	63937793	rs10500479
chr16	63944800	rs1436419
chr16	63945601	rs9936734
chr16	63947367	rs9940235
chr16	63949031	rs12926674
chr16	63953317	rs1898228
chr16	63954379	rs6498931
chr16	63954652	rs11863783
chr16	63956232	rs10500480
chr16	63957970	rs9935956
chr16	63960008	rs9989402
chr16	63960276	rs9989364
chr16	63963111	rs1461186
chr16	63965480	rs16966786
chr16	63969996	rs16966789
chr16	63971623	rs1350795
chr16	63974493	rs1461184
chr16	63981307	rs17472766
chr16	63983225	rs11865482
chr16	63984623	rs876142
chr16	63992056	rs16966840
chr16	63993244	rs8045106
chr16	63993638	rs10500486
chr16	63998466	rs2319575
chr16	64002066	rs13339401
chr16	64002693	rs9923112
chr16	64010536	rs9928626
chr16	64016869	rs1529925
chr16	64017159	rs755702
chr16	64029820	rs1836872
chr16	64030382	rs1836870
chr16	64033051	rs16966881
chr16	64033434	rs1369929
chr16	64034085	rs1836868
chr16	64034100	rs16966889
chr16	64034828	rs724051
chr16	64036014	rs16966896
chr16	64038582	rs12444551
chr16	64038954	rs12444627
chr16	64039890	rs16966907
chr16	64041792	rs7499402
chr16	64041842	rs17474196
chr16	64047909	rs12708858
chr16	64049047	rs1865828
chr16	64049233	rs2319719
chr16	64050886	rs1369928
chr16	64051525	rs11075530
chr16	64061909	rs16966932
chr16	64063452	rs16966937
chr16	64064831	rs7197292
chr16	64073143	rs2319723
chr16	64076725	rs9938874
chr16	64077287	rs8063383
chr16	64079951	rs17474977
chr16	64082366	rs12598590
chr16	64084865	rs16966992
chr16	64085355	rs16966995
chr16	64085622	rs9928913
chr16	64086531	rs2053209
chr16	64086661	rs12596120
chr16	64087525	rs17475408
chr16	64088939	rs16967005
chr16	64090885	rs12596363
chr16	64091320	rs10500488
chr16	64092397	rs1458576
chr16	64093861	rs16967017
chr16	64099269	rs16967049
chr16	64100152	rs4641763
chr16	64105228	rs2319724
chr16	64113185	rs2098721
chr16	64118024	rs12598958
chr16	64120065	rs7186598
chr16	64120402	rs12600272
chr16	64122787	rs7205829
chr16	64123913	rs2042360
chr16	64126827	rs13380512
chr16	64133081	rs7192142
chr16	64136433	rs17476905
chr16	64137180	rs9302558
chr16	64137279	rs7205676
chr16	64137744	rs1991030
chr16	64138899	rs1559331
chr16	64141031	rs12446107
chr16	64141605	rs2085602
chr16	64151126	rs994909
chr16	64151847	rs12446691
chr16	64156392	rs3826116
chr16	64158179	rs12447297
chr16	64163013	rs9928176
chr16	64174077	rs6498937
chr16	64179502	rs1423752
chr16	64180725	rs1833937
chr16	64182122	rs4575548
chr16	64187114	rs9931309
chr16	64192298	rs7197943
chr16	64193682	rs12446279
chr16	64200257	rs17399883
chr16	64200550	rs2085603
chr16	64201120	rs8056847
chr16	64205798	rs186437
chr16	64212490	rs318201
chr16	64216153	rs17478764
chr16	64216366	rs318204
chr16	64216405	rs8062385
chr16	64216514	rs318203
chr16	64217584	rs16967187
chr16	64217786	rs9933709
chr16	64220652	rs12443824
chr16	64223510	rs318220
chr16	64224173	rs2926143
chr16	64225321	rs318217
chr16	64225597	rs318215
chr16	64230338	rs318211
chr16	64239189	rs17401214
chr16	64240668	rs665981
chr16	64242473	rs2926138
chr16	64247705	rs7184164
chr16	64248022	rs2926134
chr16	64253370	rs1903014
chr16	64256190	rs2967192
chr16	64257473	rs2926129
chr16	64258586	rs2926123
chr16	64258825	rs2926121
chr16	64258982	rs2926120
chr16	64263270	rs2917688
chr16	64268047	rs10500496
chr16	64268493	rs2917702
chr16	64272891	rs1350508
chr16	64290112	rs9938408
chr16	64291472	rs7189597
chr16	64292628	rs9934855
chr16	64293163	rs9926510
chr16	64297219	rs11640402
chr16	64300077	rs9931408
chr16	64300382	rs10500498
chr16	64304915	rs11865066
chr16	64305190	rs2917705
chr16	64306468	rs8052463
chr16	64313408	rs1437145
chr16	64319578	rs1437143
chr16	64325445	rs12920359
chr16	64325514	rs2860267
chr16	64325722	rs17482584
chr16	64328190	rs17482646
chr16	64330705	rs1541694
chr16	64331457	rs982671
chr16	64331915	rs9937079
chr16	64332592	rs2917709
chr16	64335595	rs10500500
chr16	64338708	rs1074651
chr16	64346933	rs889612
chr16	64348913	rs16967367
chr16	64352953	rs1036484
chr16	64354745	rs8060879
chr16	64355687	rs2113245
chr16	64356243	rs17552487
chr16	64360237	rs16967387
chr16	64360316	rs12448245
chr16	64361749	rs1437163
chr16	64362262	rs16967392
chr16	64363619	rs716079
chr16	64366849	rs11639835
chr16	64370017	rs9888979
chr16	64372860	rs1347645
chr16	64378041	rs12448361
chr16	64379386	rs1370247
chr16	64380365	rs1437160
chr16	64381579	rs7201673
chr16	64381655	rs7206190
chr16	64385606	rs918732
chr16	64386427	rs1370243
chr16	64387321	rs4444361
chr16	64387354	rs4528594
chr16	64388490	rs9931897
chr16	64391415	rs2113247
chr16	64394296	rs9939457
chr16	64399128	rs1012447
chr16	64400472	rs2161691
chr16	64400658	rs8051272
chr16	64400868	rs1437156
chr16	64400949	rs4359464
chr16	64405273	rs8054941
chr16	64406554	rs1437155
chr16	64408557	rs7204924
chr16	64410351	rs16967456
chr16	64415301	rs16967461
chr16	64417780	rs17640916
chr16	64418151	rs8047835
chr16	64419714	rs11647520
chr16	64419954	rs11642791
chr16	64420123	rs11642838
chr16	64425678	rs1437138
chr16	64426961	rs17560727
chr16	64429251	rs11642913
chr16	64429452	rs11642923
chr16	64435261	rs11646730
chr16	64435766	rs1370249
chr16	64441210	rs17561170
chr16	64442998	rs7498994
chr16	64445866	rs17561386
chr16	64447043	rs9972785
chr16	64447519	rs12447462
chr16	64449018	rs12600158
chr16	64450958	rs17561749
chr16	64451587	rs971622
chr16	64451617	rs17642079
chr16	64453502	rs17561853
chr16	64453812	rs17642254
chr16	64455067	rs9937505
chr16	64456039	rs11860525
chr16	64458678	rs2194332
chr16	64459089	rs2319846
chr16	64459623	rs9934214
chr16	64462754	rs11860355
chr16	64465140	rs918731
chr16	64465338	rs11862937
chr16	64471748	rs16967522
chr16	64473720	rs12149934
chr16	64474720	rs9923551
chr16	64474762	rs9302565
chr16	64476705	rs17643139
chr16	64477214	rs13336370
chr16	64477369	rs17643212
chr16	64478264	rs17563153
chr16	64478357	rs9937754
chr16	64478924	rs17563260
chr16	64480170	rs11640542
chr16	64481497	rs9936857
chr16	64483067	rs17483222
chr16	64483585	rs16967543
chr16	64483690	rs4245620
chr16	64484432	rs11646406
chr16	64484759	rs12447992
chr16	64485183	rs17405026
chr16	64485892	rs4589568
chr16	64487642	rs11075542
chr16	64488490	rs4949096
chr16	64489017	rs17483735
chr16	64492904	rs9924423
chr16	64503201	rs7501077
chr16	64505218	rs9806816
chr16	64518259	rs16967568
chr16	64519430	rs4638602
chr16	64520684	rs16967597
chr16	64520737	rs17405586
chr16	64528107	rs11640863
chr16	64529206	rs13332608
chr16	64532471	rs16967621
chr16	64544874	rs4949100
chr16	64548290	rs16967667
chr16	64548348	rs10400982
chr16	64548708	rs8063674
chr16	64549363	rs8043884
chr16	64549383	rs41394046
chr16	64549734	rs8048470
chr16	64557900	rs8045301
chr16	64560685	rs9928490
chr16	64564259	rs4536497
chr16	64572874	rs12448075
chr16	64574627	rs4303504
chr16	64576393	rs4318229
chr16	64576610	rs4325587
chr16	64580504	rs4622530
chr16	64584762	rs12103090
chr16	64585776	rs4497715
chr16	64586098	rs16967739
chr16	64592790	rs11646138
chr16	64600490	rs4500748
chr16	64602234	rs4578668
chr16	64602610	rs16967757
chr16	64608732	rs16967766
chr16	64617288	rs4553652
chr16	64625945	rs6498952
chr16	64626635	rs12448317
chr16	64632918	rs4380072
chr16	64635223	rs13335802
chr16	64637514	rs4371172
chr16	64647558	rs9933415
chr16	64654004	rs4258637
chr16	64659125	rs4497714
chr16	64663328	rs2966030
chr16	64666465	rs2966031
chr16	64667163	rs1859313
chr16	64672030	rs2905927
chr16	64674669	rs974187
chr16	64682948	rs9940346
chr16	64688412	rs4967863
chr16	64695342	rs1024480
chr16	64695840	rs10459802
chr16	64696886	rs7184774
chr16	64701413	rs8046893
chr16	64701463	rs1304340
chr16	64705322	rs231031
chr16	64706413	rs7185804
chr16	64707094	rs7191655
chr16	64708935	rs116558
chr16	64711830	rs231035
chr16	64714338	rs1423987
chr16	64714566	rs1423988
chr16	64723531	rs231045
chr16	64726634	rs231050
chr16	64726893	rs231051
chr16	64726938	rs10852418
chr16	64728523	rs231053
chr16	64731367	rs231059
chr16	64733040	rs142058
chr16	64734044	rs231066
chr16	64735873	rs231073
chr16	64741166	rs231082
chr16	64746257	rs231091
chr16	64746454	rs231092
chr16	64752316	rs231105
chr16	64758041	rs231108
chr16	64758396	rs12930508
chr16	64762236	rs231109
chr16	64762280	rs7185558
chr16	64762339	rs231110
chr16	64763310	rs231111
chr16	64772768	rs8055356
chr16	64773552	rs17487665
chr16	64779955	rs17487769
chr16	64780195	rs961291
chr16	64780341	rs17487804
chr16	64782161	rs11075549
chr16	64785903	rs17494421
chr16	64787351	rs17494512
chr16	64787448	rs1424000
chr16	64789053	rs2874148
chr16	64789469	rs1364218
chr16	64791569	rs16967877
chr16	64791830	rs1862769
chr16	64791863	rs17410049
chr16	64792106	rs1862770
chr16	64793507	rs1424002
chr16	64793581	rs1424003
chr16	64794639	rs1345870
chr16	64795249	rs8061149
chr16	64795664	rs8056792
chr16	64801924	rs1423985
chr16	64807048	rs6498962
chr16	64813637	rs12933211
chr16	64813854	rs12446489
chr16	64813883	rs12446430
chr16	64817827	rs9927459
chr16	64823937	rs9924680
chr16	64825158	rs2320072
chr16	64828359	rs2032922
chr16	64828750	rs7194168
chr16	64829858	rs12149743
chr16	64836756	rs8048849
chr16	64836931	rs889584
chr16	64837624	rs2874150
chr16	64838529	rs965866
chr16	64842774	rs1005822
chr16	64843797	rs1011366
chr16	64843886	rs12446464
chr16	64846706	rs16967942
chr16	64849561	rs4967856
chr16	64852030	rs4369701
chr16	64852919	rs4967857
chr16	64853451	rs1423992
chr16	64858655	rs2113229
chr16	64862877	rs16967965
chr16	64863200	rs13329873
chr16	64863752	rs1364214
chr16	64863966	rs1364215
chr16	64864254	rs9924120
chr16	64866712	rs8059830
chr16	64871611	rs12597748
chr16	64875566	rs1864148
chr16	64880752	rs9921813
chr16	64882745	rs1428764
chr16	64886573	rs10500504
chr16	64886867	rs1560192
chr16	64892030	rs12708865
chr16	64894126	rs8054211
chr16	64895121	rs16967999
chr16	64897263	rs16968001
chr16	64897478	rs16968004
chr16	64901530	rs7184863
chr16	64903346	rs11646481
chr16	64905225	rs11866836
chr16	64905921	rs1366514
chr16	64906251	rs7205343
chr16	64908553	rs16968051
chr16	64911069	rs6498964
chr16	64913272	rs16968076
chr16	64916051	rs7189660
chr16	64916090	rs7188339
chr16	64918638	rs16968101
chr16	64920449	rs4967877
chr16	64921302	rs1390641
chr16	64922510	rs388039
chr16	64922995	rs462318
chr16	64923111	rs1835075
chr16	64924739	rs429065
chr16	64924769	rs4625747
chr16	64928745	rs436044
chr16	64930330	rs463625
chr16	64931214	rs11075560
chr16	64931328	rs412474
chr16	64936440	rs185394
chr16	64938044	rs3891307
chr16	64938261	rs35171
chr16	64940609	rs35167
chr16	64941245	rs35165
chr16	64941298	rs35164
chr16	64943950	rs17500088
chr16	64945286	rs35148
chr16	64946915	rs35147
chr16	64949978	rs35146
chr16	64952330	rs35143
chr16	64953634	rs16968223
chr16	64956284	rs1402020
chr16	64956868	rs35140
chr16	64963110	rs257341
chr16	64968688	rs4967866
chr16	64970593	rs11647164
chr16	64971492	rs3785315
chr16	64973224	rs35229
chr16	64975983	rs2195431
chr16	64978493	rs2331446
chr16	64980962	rs40116
chr16	64981006	rs40115
chr16	64987254	rs35201
chr16	64987641	rs35200
chr16	64987682	rs909003
chr16	64988211	rs28216
chr16	64988674	rs35199
chr16	64989678	rs35198
chr16	64991349	rs35197
chr16	64991755	rs35196
chr16	64991815	rs35195
chr16	64991946	rs35194
chr16	64992357	rs16942787
chr16	64997435	rs1554401
chr16	64998032	rs35191
chr16	65001376	rs35186
chr16	65002138	rs35184
chr16	65006425	rs3760056
chr16	65007218	rs35181
chr16	65008503	rs11640810
chr16	65009141	rs9935608
chr16	65016489	rs35176
chr16	65017218	rs1607697
chr16	65017738	rs257490
chr16	65021039	rs257338
chr16	65022047	rs11647738
chr16	65023420	rs12708869
chr16	65024488	rs7192855
chr16	65026914	rs878359
chr16	65029726	rs1520229
chr16	65031470	rs12708870
chr16	65033093	rs8051995
chr16	65037020	rs1079008
chr16	65038636	rs2280396
chr16	65042741	rs1520231
chr16	65050401	rs6498970
chr16	65054489	rs1520233
chr16	65054901	rs12598268
chr16	65055620	rs12443990
chr16	65059476	rs7204729
chr16	65059943	rs7498801
chr16	65062654	rs7206144
chr16	65064424	rs8049948
chr16	65065620	rs8056507
chr16	65070439	rs2088285
chr16	65074017	rs12925656
chr16	65076009	rs4967886
chr16	65078887	rs16968430
chr16	65081854	rs16968437
chr16	65082336	rs1532418
chr16	65085528	rs1879261
chr16	65086964	rs7499071
chr16	65087071	rs10500507
chr16	65089851	rs1040271
chr16	65095229	rs16968465
chr16	65096151	rs16968466
chr16	65096366	rs1915117
chr16	65098872	rs7404112
chr16	65099714	rs1006857
chr16	65102579	rs17432264
chr16	65103191	rs12232421
chr16	65103411	rs17510660
chr16	65104687	rs7203623
chr16	65104792	rs17510737
chr16	65105070	rs16968497
chr16	65105493	rs12931204
chr16	65106401	rs1520237
chr16	65106569	rs1402018
chr16	65106592	rs11861237
chr16	65108435	rs2877427
chr16	65115077	rs7189108
chr16	65116189	rs7498210
chr16	65126265	rs7192110
chr16	65131825	rs11643705
chr16	65134184	rs7197708
chr16	65134597	rs6498985
chr16	65135214	rs4078332
chr16	65136987	rs3890768
chr16	65137806	rs7190182
chr16	65143571	rs7199614
chr16	65145208	rs6498986
chr16	65145279	rs12918618
chr16	65145289	rs12918764
chr16	65148052	rs11075565
chr16	65148161	rs12446448
chr16	65148655	rs11641070
chr16	65148765	rs11645823
chr16	65151366	rs7185024
chr16	65154173	rs6498988
chr16	65154404	rs7205753
chr16	65156316	rs12932858
chr16	65156999	rs4473187
chr16	65157057	rs12324948
chr16	65157199	rs7189217
chr16	65157937	rs1364086
chr16	65159488	rs7202519
chr16	65160875	rs1423789
chr16	65165653	rs1075350
chr16	65168925	rs12935628
chr16	65169513	rs1030248
chr16	65170387	rs8052274
chr16	65175102	rs10500514
chr16	65176088	rs17433660
chr16	65176882	rs8061424
chr16	65177505	rs7206260
chr16	65178292	rs11859242
chr16	65179246	rs2113176
chr16	65179503	rs1423780
chr16	65180200	rs11647408
chr16	65180564	rs16968653
chr16	65180647	rs980783
chr16	65181046	rs891209
chr16	65181200	rs1423783
chr16	65182338	rs16968667
chr16	65182778	rs17434542
chr16	65184784	rs11644282
chr16	65185051	rs2042366
chr16	65185251	rs1423785
chr16	65186336	rs1469119
chr16	65188574	rs12924591
chr16	65189133	rs10500510
chr16	65189269	rs8059958
chr16	65189448	rs8060608
chr16	65191785	rs1423788
chr16	65191925	rs1423786
chr16	65196384	rs11859675
chr16	65197307	rs11646613
chr16	65204042	rs9934585
chr16	65204159	rs9934740
chr16	65205340	rs1862707
chr16	65205773	rs9924920
chr16	65210070	rs8059698
chr16	65210439	rs1154572
chr16	65211617	rs17526065
chr16	65214020	rs10500523
chr16	65218770	rs16968715
chr16	65219505	rs1423794
chr16	65221248	rs7191805
chr16	65223863	rs4377158
chr16	65223988	rs7189335
chr16	65225170	rs9934772
chr16	65227184	rs10500522
chr16	65227508	rs11864736
chr16	65227686	rs1946272
chr16	65234895	rs7202080
chr16	65235374	rs9937705
chr16	65240530	rs1423791
chr16	65243981	rs13332945
chr16	65245483	rs1508212
chr16	65247816	rs16968753
chr16	65247843	rs7184122
chr16	65251125	rs889447
chr16	65252967	rs7194801
chr16	65255340	rs1423797
chr16	65257485	rs10500521
chr16	65259079	rs8056267
chr16	65268391	rs8057793
chr16	65268937	rs12931539
chr16	65270801	rs1423774
chr16	65271607	rs10500517
chr16	65272359	rs1423773
chr16	65272547	rs9302570
chr16	65273248	rs4785819
chr16	65273832	rs9923346
chr16	65274118	rs1423772
chr16	65279030	rs11640327
chr16	65281272	rs10500516
chr16	65281900	rs8045789
chr16	65282483	rs16968811
chr16	65288761	rs12926364
chr16	65289846	rs7203963
chr16	65290475	rs16968841
chr16	65293925	rs727628
chr16	65294096	rs2113177
chr16	65302697	rs1494759
chr16	65304608	rs16968878
chr16	65305961	rs2216746
chr16	65309631	rs1548140
chr16	65319811	rs1469120
chr16	65328830	rs7188860
chr16	65335251	rs4785821
chr16	65341341	rs8046952
chr16	65341859	rs8052940
chr16	65348930	rs12447331
chr16	65353334	rs1559348
chr16	65355671	rs9939071
chr16	65363379	rs3913028
chr16	65363457	rs9939648
chr16	65367267	rs702116
chr16	65369318	rs861749
chr16	65369448	rs8047510
chr16	65370641	rs818385
chr16	65371757	rs9929092
chr16	65372805	rs818386
chr16	65380246	rs2059243
chr16	65382308	rs861750
chr16	65386346	rs1389917
chr16	65386770	rs1364105
chr16	65387803	rs2549649
chr16	65389102	rs952842
chr16	65394231	rs818380
chr16	65395880	rs818381
chr16	65396485	rs818382
chr16	65399332	rs2549654
chr16	65399408	rs2549655
chr16	65401237	rs818416
chr16	65401996	rs861017
chr16	65402627	rs818418
chr16	65404370	rs9935341
chr16	65407788	rs41487147
chr16	65409057	rs698724
chr16	65411569	rs818383
chr16	65413557	rs17530296
chr16	65414856	rs10500520
chr16	65420132	rs17530421
chr16	65426707	rs698730
chr16	65427014	rs10500519
chr16	65428384	rs818414
chr16	65428955	rs17439904
chr16	65429288	rs16969048
chr16	65429379	rs818413
chr16	65429557	rs702114
chr16	65429606	rs16969049
chr16	65429807	rs698731
chr16	65429852	rs702113
chr16	65430122	rs16969054
chr16	65430413	rs16969057
chr16	65431161	rs698732
chr16	65432206	rs12149358
chr16	65438024	rs818408
chr16	65443286	rs818406
chr16	65445834	rs818401
chr16	65447554	rs818400
chr16	65448586	rs13335651
chr16	65448644	rs818398
chr16	65448984	rs818397
chr16	65455042	rs4785828
chr16	65457350	rs9888747
chr16	65458207	rs8053476
chr16	65458392	rs8053525
chr16	65460721	rs9302573
chr16	65462416	rs9935666
chr16	65463203	rs10153129
chr16	65466813	rs13380684
chr16	65468248	rs7202122
chr16	65468547	rs9939833
chr16	65470485	rs8055646
chr16	65471348	rs7198937
chr16	65474873	rs1862724
chr16	65475965	rs16969098
chr16	65479088	rs1593094
chr16	65480562	rs1423830
chr16	65482210	rs8048931
chr16	65483190	rs17531434
chr16	65485664	rs8062409
chr16	65488635	rs874725
chr16	65489020	rs8058455
chr16	65489583	rs8063546
chr16	65489673	rs8044377
chr16	65489696	rs6499002
chr16	65490449	rs4785789
chr16	65491550	rs11864572
chr16	65495413	rs12445760
chr16	65502717	rs1423828
chr16	65504114	rs12923267
chr16	65506271	rs1423826
chr16	65506519	rs13332782
chr16	65506896	rs11642811
chr16	65507178	rs9927847
chr16	65508390	rs11859091
chr16	65512377	rs2911129
chr16	65512429	rs4785833
chr16	65514515	rs2911122
chr16	65515659	rs951379
chr16	65516641	rs1559347
chr16	65521513	rs1109175
chr16	65523704	rs929863
chr16	65524970	rs2966198
chr16	65526865	rs1364107
chr16	65527539	rs1423834
chr16	65528562	rs1862725
chr16	65536368	rs6499006
chr16	65537754	rs4294817
chr16	65537793	rs4470145
chr16	65538112	rs7187758
chr16	65539932	rs9936054
chr16	65543462	rs3096276
chr16	65550627	rs11862010
chr16	65557563	rs11640244
chr16	65561736	rs12447283
chr16	65562058	rs4785835
chr16	65562799	rs4327050
chr16	65563597	rs11649061
chr16	65563826	rs4310854
chr16	65563925	rs4603559
chr16	65564595	rs6499008
chr16	65569366	rs8043948
chr16	65573628	rs13330916
chr16	65573652	rs12446920
chr16	65574441	rs9924115
chr16	65574671	rs4238836
chr16	65575801	rs4785838
chr16	65576855	rs4785839
chr16	65578489	rs11075586
chr16	65580046	rs10775299
chr16	65583584	rs11642137
chr16	65585816	rs7201916
chr16	65589479	rs7203867
chr16	65599375	rs8044752
chr16	65601499	rs6499011
chr16	65606531	rs6499012
chr16	65612222	rs9921106
chr16	65613216	rs9923736
chr16	65621799	rs6499014
chr16	65625548	rs1887424
chr16	65626590	rs4324130
chr16	65637921	rs4785844
chr16	65642830	rs4442810
chr16	65645545	rs11640368
chr16	65647052	rs13332139
chr16	65655227	rs1111732
chr16	65656502	rs17442559
chr16	65658578	rs1327486
chr16	65659630	rs1111734
chr16	65661448	rs1359839
chr16	65662254	rs17539871
chr16	65665837	rs16969231
chr16	65667687	rs13336643
chr16	65673459	rs7190133
chr16	65681222	rs12599568
chr16	65685371	rs2045924
chr16	65687021	rs7206405
chr16	65687715	rs17443522
chr16	65688177	rs6499030
chr16	65699013	rs1077177
chr16	65699564	rs17606970
chr16	65703606	rs7189670
chr16	65708476	rs6499033
chr16	65716849	rs17675333
chr16	65717029	rs2768592
chr16	65719147	rs567959
chr16	65723415	rs564210
chr16	65725234	rs684825
chr16	65729904	rs1110530
chr16	65730699	rs1120987
chr16	65732566	rs1074889
chr16	65733165	rs17675533
chr16	65733313	rs2061786
chr16	65733416	rs475479
chr16	65733950	rs12919399
chr16	65737037	rs8057899
chr16	65738966	rs4785847
chr16	65741267	rs4267307
chr16	65744782	rs4785849
chr16	65745600	rs17675610
chr16	65748115	rs8061363
chr16	65748575	rs9930311
chr16	65749038	rs6499034
chr16	65753261	rs1073617
chr16	65753982	rs1966963
chr16	65756027	rs4785850
chr16	65756095	rs4785792
chr16	65756429	rs17607454
chr16	65757425	rs11075592
chr16	65757549	rs11644692
chr16	65757624	rs11644732
chr16	65757774	rs11639525
chr16	65761300	rs8044962
chr16	65761826	rs16942825
chr16	65767373	rs12919176
chr16	65767496	rs1966501
chr16	65767795	rs1966503
chr16	65767906	rs1111224
chr16	65768172	rs7195999
chr16	65770051	rs10153150
chr16	65770149	rs410941
chr16	65770593	rs465039
chr16	65771706	rs7198021
chr16	65774927	rs457270
chr16	65775141	rs461785
chr16	65775637	rs17675813
chr16	65776024	rs462716
chr16	65779399	rs12598089
chr16	65779525	rs9933032
chr16	65779633	rs8052497
chr16	65779667	rs374970
chr16	65780912	rs560996
chr16	65781165	rs1816119
chr16	65781770	rs9939127
chr16	65783824	rs463646
chr16	65785658	rs4785855
chr16	65786321	rs7198701
chr16	65787690	rs459950
chr16	65787896	rs67302
chr16	65794203	rs95510
chr16	65795700	rs8063640
chr16	65795713	rs39564
chr16	65801210	rs433309
chr16	65807259	rs4785862
chr16	65810892	rs1974888
chr16	65811258	rs17608046
chr16	65812013	rs27590
chr16	65816030	rs8055944
chr16	65817487	rs27120
chr16	65822540	rs153679
chr16	65823226	rs27616
chr16	65823481	rs28098
chr16	65823714	rs12599653
chr16	65829119	rs4785864
chr16	65831011	rs8050542
chr16	65831594	rs4238837
chr16	65832043	rs698447
chr16	65834341	rs2222757
chr16	65838654	rs12162046
chr16	65840462	rs153677
chr16	65843790	rs7196830
chr16	65845544	rs1110528
chr16	65845842	rs9921273
chr16	65847351	rs27337
chr16	65847477	rs27848
chr16	65847624	rs27615
chr16	65849509	rs8049279
chr16	65850136	rs1071454
chr16	65850832	rs1493886
chr16	65852550	rs468482
chr16	65855773	rs12924063
chr16	65857944	rs9635520
chr16	65860109	rs468621
chr16	65860163	rs12373039
chr16	65860886	rs11866366
chr16	65861461	rs1126179
chr16	65862453	rs9673844
chr16	65862936	rs153676
chr16	65863113	rs149194
chr16	65863419	rs153675
chr16	65863945	rs153674
chr16	65865033	rs166213
chr16	65867234	rs17676532
chr16	65868399	rs4531732
chr16	65868575	rs12445094
chr16	65868613	rs17608497
chr16	65869047	rs17697705
chr16	65869807	rs2032909
chr16	65869903	rs4785796
chr16	65869963	rs13338783
chr16	65871084	rs10500528
chr16	65871104	rs17676610
chr16	65871120	rs10500529
chr16	65872676	rs1423719
chr16	65874659	rs8062968
chr16	65876455	rs254352
chr16	65877274	rs1493881
chr16	65878175	rs9302576
chr16	65878665	rs9940258
chr16	65878823	rs192263
chr16	65879428	rs254369
chr16	65880351	rs9923366
chr16	65881448	rs8057936
chr16	65881655	rs9302577
chr16	65882122	rs11648213
chr16	65883303	rs7188225
chr16	65883754	rs402987
chr16	65888420	rs7187030
chr16	65888760	rs254355
chr16	65888893	rs254356
chr16	65889119	rs372657
chr16	65889413	rs173840
chr16	65889524	rs183718
chr16	65890016	rs10500531
chr16	65890466	rs4785871
chr16	65893433	rs1845384
chr16	65894250	rs441335
chr16	65894794	rs4785873
chr16	65894867	rs4785874
chr16	65895244	rs11075598
chr16	65898430	rs42463
chr16	65901535	rs37157
chr16	65902122	rs37160
chr16	65904077	rs386626
chr16	65904503	rs12930287
chr16	65904706	rs406233
chr16	65904733	rs7205244
chr16	65905271	rs63340
chr16	65905338	rs63339
chr16	65905772	rs8047165
chr16	65905786	rs8046721
chr16	65905900	rs594585
chr16	65906697	rs385488
chr16	65906771	rs11864495
chr16	65907879	rs1094921
chr16	65908929	rs1124555
chr16	65909747	rs254371
chr16	65912565	rs9931226
chr16	65912594	rs37162
chr16	65917869	rs17765499
chr16	65920569	rs1094928
chr16	65921213	rs4785878
chr16	65922362	rs406765
chr16	65923436	rs447279
chr16	65924125	rs1094932
chr16	65924719	rs372693
chr16	65924817	rs432824
chr16	65926025	rs427043
chr16	65931981	rs383384
chr16	65932418	rs1103967
chr16	65932526	rs1103775
chr16	65933189	rs423810
chr16	65935948	rs1099312
chr16	65936583	rs1094972
chr16	65936825	rs1094973
chr16	65938915	rs1103969
chr16	65945117	rs4785883
chr16	65945935	rs166210
chr16	65946886	rs254348
chr16	65949544	rs17765606
chr16	65950173	rs254364
chr16	65951027	rs16969587
chr16	65951473	rs254363
chr16	65951996	rs4785798
chr16	65953064	rs7186427
chr16	65953301	rs7186848
chr16	65954331	rs16969589
chr16	65958404	rs2343882
chr16	65959951	rs4785884
chr16	65960181	rs9925047
chr16	65961153	rs8061355
chr16	65962685	rs7193163
chr16	65964712	rs4785885
chr16	65965857	rs17765677
chr16	65967311	rs7187088
chr16	65967842	rs3896008
chr16	65969253	rs8056590
chr16	65976061	rs3912984
chr16	65980644	rs9934193
chr16	65984569	rs11075608
chr16	65987526	rs3912986
chr16	65987569	rs3912985
chr16	65988060	rs7184357
chr16	65988142	rs3843725
chr16	65988639	rs3848341
chr16	65991584	rs17698101
chr16	65991814	rs1125998
chr16	65992250	rs2880827
chr16	65992883	rs17698113
chr16	65993853	rs11075609
chr16	65993871	rs7199809
chr16	65994274	rs9927059
chr16	65994444	rs8059809
chr16	65994585	rs8052896
chr16	65995854	rs9937589
chr16	65996014	rs11642497
chr16	65996135	rs8059459
chr16	65998834	rs1110522
chr16	65999129	rs7197825
chr16	66000466	rs17677513
chr16	66002241	rs1862665
chr16	66002619	rs1862668
chr16	66004070	rs8044076
chr16	66005089	rs9972707
chr16	66007898	rs1108481
chr16	66010002	rs7190355
chr16	66011142	rs1111217
chr16	66013457	rs11649437
chr16	66014102	rs3848342
chr16	66015728	rs9933571
chr16	66016494	rs13332442
chr16	66017015	rs17765854
chr16	66017092	rs17698251
chr16	66019498	rs12051352
chr16	66020304	rs13331742
chr16	66021493	rs11644123
chr16	66023282	rs12923341
chr16	66026097	rs1862670
chr16	66027047	rs2880828
chr16	66028478	rs11075614
chr16	66028576	rs11075615
chr16	66030244	rs9928958
chr16	66030481	rs9940969
chr16	66030738	rs1110524
chr16	66032089	rs2161627
chr16	66032134	rs1559306
chr16	66032587	rs1559308
chr16	66032905	rs9926661
chr16	66033518	rs6499059
chr16	66033739	rs1111220
chr16	66034113	rs1862671
chr16	66034871	rs11647790
chr16	66035598	rs6499060
chr16	66036693	rs11640392
chr16	66039461	rs1118007
chr16	66040422	rs11075616
chr16	66041043	rs9924834
chr16	66042532	rs17766071
chr16	66043909	rs7191438
chr16	66049219	rs2194278
chr16	66049508	rs2194279
chr16	66049747	rs2194280
chr16	66050884	rs1111223
chr16	66051123	rs12922526
chr16	66051170	rs3943926
chr16	66052177	rs1116185
chr16	66056524	rs11864855
chr16	66057172	rs11647072
chr16	66057613	rs17616245
chr16	66057989	rs12931030
chr16	66058655	rs1121926
chr16	66061838	rs7184941
chr16	66062577	rs4238838
chr16	66063310	rs16969708
chr16	66064748	rs11640559
chr16	66065199	rs1862674
chr16	66067496	rs4785890
chr16	66068948	rs11646308
chr16	66070384	rs7204568
chr16	66070939	rs1559303
chr16	66071133	rs17616367
chr16	66071860	rs4628974
chr16	66081173	rs13335969
chr16	66081422	rs1114686
chr16	66081688	rs1080383
chr16	66082809	rs7205951
chr16	66088030	rs12931996
chr16	66088413	rs12931803
chr16	66091759	rs12932657
chr16	66092953	rs7191006
chr16	66096853	rs166236
chr16	66097339	rs9302578
chr16	66098312	rs12446628
chr16	66098717	rs8053639
chr16	66100698	rs12933660
chr16	66104107	rs9939579
chr16	66104246	rs1110521
chr16	66104498	rs11075620
chr16	66106042	rs16969752
chr16	66106656	rs12918939
chr16	66109278	rs1205769
chr16	66110241	rs12598065
chr16	66112802	rs255190
chr16	66116633	rs11864826
chr16	66116703	rs11864858
chr16	66116827	rs11864887
chr16	66117000	rs10500535
chr16	66118759	rs255189
chr16	66118898	rs9302579
chr16	66120284	rs1364089
chr16	66121178	rs8060523
chr16	66121738	rs1205773
chr16	66121850	rs13333888
chr16	66122223	rs1125845
chr16	66124251	rs7199238
chr16	66125137	rs8051838
chr16	66125163	rs1308841
chr16	66125186	rs8051967
chr16	66125795	rs13332162
chr16	66128326	rs255205
chr16	66128551	rs12598790
chr16	66128661	rs255204
chr16	66129164	rs255199
chr16	66130462	rs4424912
chr16	66130596	rs16862
chr16	66134152	rs7206660
chr16	66134417	rs16969837
chr16	66135302	rs1110532
chr16	66135990	rs1124823
chr16	66136682	rs13330032
chr16	66138751	rs13380550
chr16	66140004	rs10431920
chr16	66140661	rs1111413
chr16	66141258	rs7194103
chr16	66142534	rs17678647
chr16	66144090	rs1122700
chr16	66144147	rs440517
chr16	66144238	rs23840
chr16	66147550	rs7195549
chr16	66147623	rs7359413
chr16	66148755	rs173088
chr16	66149766	rs7184883
chr16	66149828	rs180299
chr16	66150194	rs235092
chr16	66153658	rs8046844
chr16	66155766	rs2526717
chr16	66157775	rs412373
chr16	66161959	rs112429
chr16	66162112	rs190189
chr16	66165993	rs121891
chr16	66166385	rs736656
chr16	66166404	rs736655
chr16	66168831	rs235081
chr16	66168866	rs235082
chr16	66169107	rs235083
chr16	66170222	rs235087
chr16	66172874	rs2189783
chr16	66175904	rs235111
chr16	66178119	rs235113
chr16	66178602	rs235115
chr16	66182241	rs9935964
chr16	66182533	rs235117
chr16	66186095	rs12598326
chr16	66186372	rs235105
chr16	66190677	rs446170
chr16	66191109	rs11642135
chr16	66193972	rs235128
chr16	66195314	rs4785807
chr16	66196448	rs7500307
chr16	66196705	rs235130
chr16	66200393	rs235132
chr16	66202212	rs17766789
chr16	66205094	rs235135
chr16	66206532	rs235136
chr16	66208473	rs235138
chr16	66209957	rs235142
chr16	66218713	rs235107
chr16	66219875	rs2549491
chr16	66228148	rs235118
chr16	66228991	rs56364
chr16	66231822	rs235119
chr16	66233740	rs235122
chr16	66234517	rs235123
chr16	66235992	rs2057827
chr16	66236729	rs235125
chr16	66240988	rs163416
chr16	66241358	rs163417
chr16	66243943	rs151338
chr16	66244346	rs9921235
chr16	66244870	rs233509
chr16	66248253	rs233520
chr16	66250677	rs233522
chr16	66250876	rs233523
chr16	66251383	rs233525
chr16	66258915	rs7205336
chr16	66259054	rs233533
chr16	66260687	rs233536
chr16	66260861	rs233537
chr16	66260901	rs233538
chr16	66261276	rs233539
chr16	66261357	rs233540
chr16	66262656	rs6499068
chr16	66263149	rs8045565
chr16	66265815	rs233546
chr16	66272773	rs4785813
chr16	66281503	rs2107628
chr16	66290145	rs7189512
chr16	66293410	rs233551
chr16	66295665	rs8051622
chr16	66296067	rs233552
chr16	66297448	rs4785815
chr16	66300387	rs7197043
chr16	66300898	rs13337908
chr16	66301075	rs7203134
chr16	66306827	rs1865974
chr16	66313392	rs8059293
chr16	66316690	rs1110471
chr16	66318492	rs2097857
chr16	66321132	rs11860313
chr16	66321293	rs4785817
chr16	66321878	rs7201316
chr16	66322816	rs12933381
chr16	66326915	rs233557
chr16	66326926	rs2344574
chr16	66328559	rs9931587
chr16	66330810	rs9927963
chr16	66330850	rs9937567
chr16	66332651	rs1437198
chr16	66337041	rs1347647
chr16	66337853	rs1437200
chr16	66339212	rs7197577
chr16	66339801	rs7203339
chr16	66343505	rs233560
chr16	66344037	rs11866430
chr16	66344849	rs11863931
chr16	66346089	rs6499072
chr16	66349456	rs4783644
chr16	66350168	rs6499074
chr16	66350879	rs1865975
chr16	66351854	rs12920982
chr16	66352808	rs7198762
chr16	66353493	rs6499075
chr16	66354882	rs9783760
chr16	66354931	rs9783759
chr16	66357846	rs11864674
chr16	66360377	rs1110647
chr16	66361641	rs1123494
chr16	66362972	rs12597663
chr16	66365030	rs9940044
chr16	66366573	rs11860610
chr16	66368612	rs10852432
chr16	66369297	rs11644739
chr16	66373878	rs1077318
chr16	66374128	rs1076019
chr16	66378826	rs7404629
chr16	66379247	rs2344564
chr16	66379292	rs7499886
chr16	66381889	rs7404339
chr16	66385765	rs2344565
chr16	66386102	rs6499078
chr16	66386982	rs1130844
chr16	66388604	rs12929526
chr16	66390332	rs2304527
chr16	66391273	rs11640843
chr16	66392685	rs1865977
chr16	66398478	rs16956504
chr16	66398520	rs1049970
chr16	66400072	rs12923018
chr16	66400377	rs2880989
chr16	66408503	rs2289149
chr16	66408596	rs2289150
chr16	66408978	rs9788905
chr16	66414231	rs4247350
chr16	66416970	rs12919440
chr16	66417314	rs8050957
chr16	66418131	rs12925055
chr16	66419862	rs8045810
chr16	66422296	rs41431848
chr16	66422451	rs2344997
chr16	66422991	rs11643524
chr16	66423204	rs7185033
chr16	66423750	rs1837024
chr16	66424141	rs1972835
chr16	66424432	rs719941
chr16	66424956	rs3855650
chr16	66434609	rs893198
chr16	66438602	rs7194892
chr16	66441712	rs11645280
chr16	66443041	rs7198295
chr16	66445549	rs7196165
chr16	66446526	rs7203133
chr16	66449903	rs9926387
chr16	66451639	rs7404200
chr16	66452671	rs9934752
chr16	66453022	rs11075634
chr16	66453303	rs11646672
chr16	66456691	rs4783595
chr16	66459275	rs4783597
chr16	66460271	rs10431922
chr16	66460501	rs4783598
chr16	66461778	rs9925162
chr16	66465722	rs11639725
chr16	66469148	rs1008053
chr16	66476250	rs8056099
chr16	66481059	rs3743709
chr16	66481217	rs37166
chr16	66483423	rs40191
chr16	66490848	rs37167
chr16	66493956	rs16956585
chr16	66509054	rs3743711
chr16	66509747	rs3743712
chr16	66511203	rs880530
chr16	66512079	rs16956600
chr16	66515377	rs16956609
chr16	66520684	rs41377345
chr16	66523515	rs13334391
chr16	66528397	rs755717
chr16	66531589	rs2288399
chr16	66535280	rs3826161
chr16	66537518	rs28171
chr16	66538925	rs662089
chr16	66549125	rs3743713
chr16	66551435	rs2002907
chr16	66552856	rs2232725
chr16	66554867	rs37178
chr16	66555937	rs3785087
chr16	66556669	rs12449200
chr16	66557826	rs9933115
chr16	66558976	rs7199632
chr16	66565807	rs2232727
chr16	66565870	rs2232728
chr16	66566576	rs7193473
chr16	66568129	rs4783568
chr16	66569368	rs10500537
chr16	66570701	rs4783569
chr16	66572052	rs4783678
chr16	66572094	rs4783679
chr16	66572998	rs11867053
chr16	66573285	rs896086
chr16	66574587	rs7187854
chr16	66580105	rs2290182
chr16	66588308	rs2305312
chr16	66590535	rs13329766
chr16	66598482	rs12448207
chr16	66604342	rs35320143
chr16	66604901	rs3743718
chr16	66609055	rs16956806
chr16	66611445	rs355939
chr16	66611946	rs355941
chr16	66612084	rs165055
chr16	66612796	rs3743721
chr16	66616816	rs355942
chr16	66618110	rs355943
chr16	66618342	rs355944
chr16	66620823	rs355946
chr16	66622244	rs355947
chr16	66622571	rs355948
chr16	66623568	rs355949
chr16	66625121	rs355950
chr16	66625546	rs355951
chr16	66625915	rs165207
chr16	66632734	rs355974
chr16	66634966	rs17767429
chr16	66636074	rs17699807
chr16	66636748	rs355971
chr16	66637699	rs17767453
chr16	66638154	rs48573
chr16	66639280	rs8051710
chr16	66639465	rs165209
chr16	66643458	rs165203
chr16	66643558	rs165204
chr16	66644319	rs165205
chr16	66646140	rs355975
chr16	66648009	rs355966
chr16	66648393	rs165057
chr16	66650127	rs355965
chr16	66650321	rs355964
chr16	66651265	rs355962
chr16	66654200	rs355959
chr16	66659469	rs355956
chr16	66660940	rs165056
chr16	66661010	rs355955
chr16	66662239	rs3743724
chr16	66662551	rs355954
chr16	66667525	rs355977
chr16	66668795	rs355976
chr16	66670116	rs355978
chr16	66672649	rs4258603
chr16	66673940	rs7191030
chr16	66674578	rs882657
chr16	66675783	rs8051519
chr16	66676701	rs355930
chr16	66677318	rs4559898
chr16	66678466	rs355929
chr16	66679198	rs355926
chr16	66689829	rs11865834
chr16	66703576	rs355919
chr16	66704936	rs355918
chr16	66706169	rs583003
chr16	66711976	rs4783729
chr16	66714709	rs11075640
chr16	66715003	rs754217
chr16	66716137	rs9926649
chr16	66718700	rs7196093
chr16	66719753	rs11075641
chr16	66724300	rs12600097
chr16	66725551	rs6499096
chr16	66725779	rs2305311
chr16	66726073	rs2305310
chr16	66728944	rs12599882
chr16	66729473	rs2122492
chr16	66730407	rs7188714
chr16	66730775	rs2068942
chr16	66730906	rs2067040
chr16	66731682	rs3785089
chr16	66733010	rs8043912
chr16	66737707	rs7204805
chr16	66739397	rs9921803
chr16	66746045	rs8050332
chr16	66750884	rs4349137
chr16	66752464	rs12708878
chr16	66758381	rs363155
chr16	66758811	rs363156
chr16	66759001	rs363180
chr16	66764855	rs16956926
chr16	66769194	rs363184
chr16	66778894	rs363162
chr16	66788563	rs363164
chr16	66793142	rs1548538
chr16	66793944	rs8061930
chr16	66795040	rs4783736
chr16	66799602	rs3026082
chr16	66804514	rs543419
chr16	66808292	rs363167
chr16	66810047	rs363206
chr16	66811784	rs16957004
chr16	66812392	rs7184782
chr16	66817321	rs9889170
chr16	66821744	rs363175
chr16	66827090	rs13330121
chr16	66828063	rs152164
chr16	66829044	rs3026089
chr16	66832730	rs422945
chr16	66847963	rs36685
chr16	66849216	rs185042
chr16	66852656	rs152168
chr16	66852678	rs7187695
chr16	66857678	rs16957058
chr16	66858421	rs444373
chr16	66859050	rs1392372
chr16	66860753	rs3026093
chr16	66866898	rs456787
chr16	66872744	rs9928300
chr16	66872968	rs187431
chr16	66874316	rs7187601
chr16	66875127	rs462502
chr16	66876182	rs7190459
chr16	66878649	rs152173
chr16	66878803	rs149156
chr16	66881543	rs17700154
chr16	66882460	rs6499103
chr16	66886549	rs11861556
chr16	66887046	rs10153119
chr16	66900250	rs3843712
chr16	66901873	rs8055285
chr16	66904465	rs7188268
chr16	66905630	rs7187623
chr16	66905835	rs7188181
chr16	66906845	rs11860435
chr16	66913460	rs8048423
chr16	66914227	rs2271023
chr16	66917880	rs2271025
chr16	66919606	rs3889075
chr16	66921531	rs3743725
chr16	66922544	rs4783744
chr16	66924068	rs7203638
chr16	66928508	rs7194513
chr16	66929505	rs7202523
chr16	66932896	rs3890213
chr16	66933756	rs11075645
chr16	66937354	rs11568311
chr16	66938643	rs28382816
chr16	66939478	rs8045523
chr16	66941292	rs11568310
chr16	66943531	rs3848286
chr16	66944874	rs28382829
chr16	66949091	rs3848287
chr16	66952003	rs6499106
chr16	66958790	rs12446736
chr16	66965467	rs13336470
chr16	66972639	rs16957110
chr16	66974011	rs17617940
chr16	66976846	rs11645675
chr16	66979181	rs8063817
chr16	66994096	rs4783748
chr16	66994105	rs28571100
chr16	67001616	rs11860308
chr16	67006432	rs3848290
chr16	67013429	rs8047360
chr16	67013572	rs8050375
chr16	67018144	rs7185839
chr16	67029596	rs8061800
chr16	67038431	rs7200287
chr16	67047469	rs8050887
chr16	67047789	rs8056803
chr16	67058576	rs12598154
chr16	67065821	rs16957144
chr16	67071246	rs2031005
chr16	67077145	rs8050312
chr16	67078050	rs12926574
chr16	67089938	rs35190484
chr16	67094245	rs13332075
chr16	67097698	rs9932319
chr16	67100199	rs9927827
chr16	67101451	rs6499112
chr16	67102043	rs12598615
chr16	67110392	rs1881466
chr16	67110464	rs1881465
chr16	67113107	rs17618203
chr16	67113335	rs6499114
chr16	67136529	rs12597880
chr16	67137959	rs1152084
chr16	67140459	rs8047207
chr16	67144650	rs16957204
chr16	67145881	rs35449178
chr16	67146268	rs7184692
chr16	67148096	rs9033
chr16	67153308	rs13312735
chr16	67153892	rs12918121
chr16	67154540	rs13312727
chr16	67156071	rs13312726
chr16	67157812	rs8060496
chr16	67174030	rs2233455
chr16	67174059	rs2233456
chr16	67175352	rs8057598
chr16	67180020	rs13339140
chr16	67181417	rs7192639
chr16	67186554	rs868213
chr16	67189900	rs2346676
chr16	67191598	rs3729639
chr16	67191944	rs3730390
chr16	67192502	rs3730393
chr16	67194225	rs3730397
chr16	67195583	rs3730403
chr16	67196519	rs3730406
chr16	67198457	rs9932087
chr16	67198781	rs11700
chr16	67199363	rs12923138
chr16	67200231	rs8058861
chr16	67207379	rs12051247
chr16	67213541	rs13338846
chr16	67214928	rs13338688
chr16	67216323	rs8049470
chr16	67220516	rs7193713
chr16	67225664	rs7196793
chr16	67225760	rs7196989
chr16	67227622	rs3852699
chr16	67231457	rs6499118
chr16	67232714	rs28730536
chr16	67233376	rs4783585
chr16	67237203	rs13330273
chr16	67237955	rs3852700
chr16	67238474	rs16957265
chr16	67247759	rs8050731
chr16	67248331	rs12922483
chr16	67256252	rs9931407
chr16	67261117	rs12447443
chr16	67269455	rs8050508
chr16	67271012	rs1061356
chr16	67271610	rs7186310
chr16	67277864	rs8050745
chr16	67282331	rs11860295
chr16	67282697	rs7200919
chr16	67284339	rs8044843
chr16	67286320	rs3868142
chr16	67287017	rs785029
chr16	67289761	rs9922130
chr16	67294550	rs3868143
chr16	67301066	rs16957304
chr16	67304594	rs10852437
chr16	67317795	rs9925727
chr16	67324913	rs4783754
chr16	67344309	rs2885477
chr16	67353914	rs16942883
chr16	67356545	rs11859352
chr16	67357715	rs8055190
chr16	67358124	rs10500541
chr16	67358988	rs9928183
chr16	67360638	rs16957358
chr16	67364466	rs9922615
chr16	67368685	rs8047080
chr16	67372873	rs16957374
chr16	67375277	rs8052655
chr16	67375867	rs16957378
chr16	67376680	rs7205526
chr16	67383100	rs6499127
chr16	67384695	rs16957407
chr16	67385054	rs16957415
chr16	67386700	rs12920590
chr16	67387895	rs2242140
chr16	67390036	rs1053612
chr16	67390219	rs11552319
chr16	67390790	rs8053264
chr16	67392837	rs16957426
chr16	67395692	rs7191318
chr16	67397901	rs9938631
chr16	67402955	rs2059237
chr16	67405636	rs6499128
chr16	67406486	rs8059722
chr16	67412134	rs8052687
chr16	67425406	rs28473376
chr16	67435830	rs5479
chr16	67442669	rs8056260
chr16	67444348	rs2279023
chr16	67445073	rs9922624
chr16	67454974	rs1471142
chr16	67455954	rs16957447
chr16	67457668	rs749242
chr16	67464477	rs16957456
chr16	67465811	rs3892816
chr16	67469904	rs35430428
chr16	67472212	rs8063771
chr16	67472344	rs8044652
chr16	67481409	rs13338993
chr16	67483042	rs5030980
chr16	67483276	rs34123523
chr16	67486220	rs13338499
chr16	67490121	rs13334182
chr16	67505007	rs9933102
chr16	67505119	rs9933206
chr16	67515843	rs2089402
chr16	67519135	rs34928216
chr16	67521436	rs34697097
chr16	67526710	rs7196853
chr16	67539393	rs9924509
chr16	67544493	rs1210978
chr16	67547980	rs13334205
chr16	67553378	rs8054369
chr16	67571891	rs7203742
chr16	67574084	rs34523198
chr16	67583283	rs28711261
chr16	67589431	rs35960937
chr16	67593377	rs8061001
chr16	67593732	rs17686899
chr16	67601848	rs28421035
chr16	67617976	rs16957489
chr16	67621230	rs7191281
chr16	67632192	rs36008260
chr16	67637901	rs6499137
chr16	67642066	rs34012739
chr16	67648677	rs9972635
chr16	67655154	rs7195415
chr16	67655849	rs7200950
chr16	67657612	rs14920
chr16	67657765	rs6979
chr16	67660685	rs28521023
chr16	67662462	rs35356834
chr16	67665831	rs7185559
chr16	67666045	rs7187476
chr16	67674994	rs12449157
chr16	67675359	rs34895002
chr16	67680657	rs7202185
chr16	67693166	rs12927959
chr16	67724875	rs4474673
chr16	67733998	rs8051632
chr16	67746926	rs9925393
chr16	67748227	rs28563117
chr16	67762412	rs8051587
chr16	67763231	rs6499141
chr16	67764102	rs16957524
chr16	67772448	rs28580313
chr16	67772622	rs7206896
chr16	67778027	rs9928374
chr16	67780962	rs8058835
chr16	67786627	rs7204679
chr16	67790492	rs11861657
chr16	67793344	rs8057184
chr16	67799268	rs9928531
chr16	67800682	rs17619927
chr16	67807226	rs7199443
chr16	67814612	rs8051653
chr16	67816797	rs35316276
chr16	67827598	rs34693072
chr16	67829548	rs3743733
chr16	67831170	rs8052287
chr16	67831384	rs8052191
chr16	67833836	rs11558534
chr16	67838348	rs13333317
chr16	67840361	rs6499143
chr16	67845497	rs3809630
chr16	67845924	rs1113232
chr16	67849029	rs28679372
chr16	67850716	rs7198357
chr16	67857171	rs12930280
chr16	67860779	rs7184707
chr16	67863584	rs1124324
chr16	67867440	rs13334918
chr16	67868167	rs2271293
chr16	67871504	rs11553287
chr16	67875247	rs34132524
chr16	67877614	rs8060686
chr16	67877971	rs8061384
chr16	67880333	rs28578193
chr16	67884055	rs34607252
chr16	67888439	rs10468274
chr16	67893221	rs7196789
chr16	67893794	rs34298659
chr16	67894139	rs16942887
chr16	67895698	rs6499145
chr16	67900822	rs16957590
chr16	67912453	rs16957597
chr16	67916710	rs12599580
chr16	67926202	rs16957606
chr16	67929381	rs8059824
chr16	67933975	rs7187289
chr16	67935628	rs14178
chr16	67936796	rs1127725
chr16	67940050	rs5923
chr16	67943479	rs1109166
chr16	67947993	rs7200210
chr16	67951803	rs2292318
chr16	67958261	rs7185536
chr16	67959740	rs3785098
chr16	67965752	rs16957664
chr16	67974776	rs8061362
chr16	67977157	rs2271296
chr16	67977964	rs16957670
chr16	67978946	rs255048
chr16	67979443	rs11643888
chr16	67979568	rs255049
chr16	67983453	rs255054
chr16	67987775	rs1124323
chr16	67990947	rs10500542
chr16	67991092	rs255052
chr16	67999636	rs7204974
chr16	68002763	rs8059305
chr16	68004860	rs11075664
chr16	68005406	rs7204192
chr16	68005947	rs16957696
chr16	68023193	rs237831
chr16	68034724	rs12448227
chr16	68036871	rs11075665
chr16	68039931	rs7190079
chr16	68047343	rs34147411
chr16	68048624	rs12445533
chr16	68052202	rs7201591
chr16	68065918	rs7201742
chr16	68066043	rs7200986
chr16	68070246	rs8061788
chr16	68070519	rs2285910
chr16	68071571	rs6499157
chr16	68079970	rs7188085
chr16	68082115	rs2107369
chr16	68084141	rs9922594
chr16	68084408	rs3785109
chr16	68088969	rs4494530
chr16	68091413	rs237834
chr16	68093375	rs1074143
chr16	68097829	rs9932251
chr16	68098206	rs7192187
chr16	68102719	rs8058690
chr16	68116624	rs12447640
chr16	68118132	rs12599880
chr16	68118254	rs7205935
chr16	68120959	rs2418736
chr16	68121218	rs12445396
chr16	68126386	rs3815173
chr16	68133618	rs12597573
chr16	68147274	rs9922165
chr16	68151257	rs7193701
chr16	68155437	rs8044995
chr16	68168844	rs4359427
chr16	68175969	rs8044014
chr16	68176262	rs8044558
chr16	68184433	rs7190307
chr16	68186066	rs9932414
chr16	68190679	rs7199588
chr16	68191612	rs12598
chr16	68193877	rs1125332
chr16	68205557	rs6499162
chr16	68207705	rs7195172
chr16	68209583	rs6499163
chr16	68211482	rs2418735
chr16	68214704	rs1073632
chr16	68219105	rs13339471
chr16	68222736	rs9931987
chr16	68224949	rs12598630
chr16	68226180	rs8056649
chr16	68229055	rs11043
chr16	68234933	rs8057119
chr16	68239804	rs7186829
chr16	68239992	rs7187202
chr16	68241613	rs7197756
chr16	68246414	rs3826164
chr16	68246990	rs1971546
chr16	68248174	rs12444188
chr16	68251944	rs1975802
chr16	68255080	rs2290700
chr16	68256297	rs12446418
chr16	68259417	rs3743739
chr16	68261695	rs2863981
chr16	68263325	rs9888986
chr16	68263686	rs9888796
chr16	68269507	rs9933029
chr16	68273544	rs9935025
chr16	68276409	rs4783552
chr16	68283158	rs10852440
chr16	68283733	rs3961283
chr16	68287956	rs2305811
chr16	68292297	rs6499165
chr16	68293014	rs6499166
chr16	68296094	rs9788810
chr16	68297987	rs2863979
chr16	68298844	rs1127773
chr16	68301489	rs11350
chr16	68302989	rs11860071
chr16	68304045	rs11548855
chr16	68310066	rs2863978
chr16	68310793	rs3803650
chr16	68311133	rs3743742
chr16	68311788	rs13336173
chr16	68320080	rs7190070
chr16	68322516	rs4783618
chr16	68325377	rs4783619
chr16	68328906	rs2290698
chr16	68329278	rs1111571
chr16	68331254	rs3961282
chr16	68332052	rs4783553
chr16	68335310	rs3785113
chr16	68338670	rs3785115
chr16	68340051	rs9928605
chr16	68342667	rs6499172
chr16	68343945	rs9889191
chr16	68345957	rs8058517
chr16	68347613	rs7190134
chr16	68350033	rs8061122
chr16	68350107	rs4783554
chr16	68350136	rs11075672
chr16	68352678	rs3785123
chr16	68352851	rs2035869
chr16	68353593	rs1868159
chr16	68364529	rs1465467
chr16	68365021	rs1868158
chr16	68367474	rs3785129
chr16	68367837	rs1124585
chr16	68368783	rs9931501
chr16	68370042	rs4783557
chr16	68370063	rs4783558
chr16	68370522	rs11075673
chr16	68376044	rs4783624
chr16	68378125	rs1122720
chr16	68379957	rs8060896
chr16	68381343	rs9930867
chr16	68389603	rs8046501
chr16	68394186	rs8051517
chr16	68394423	rs8050499
chr16	68399142	rs1364344
chr16	68400980	rs12599487
chr16	68401122	rs9937560
chr16	68401301	rs11647934
chr16	68402003	rs8045344
chr16	68402251	rs11649335
chr16	68404718	rs1107177
chr16	68406229	rs9936766
chr16	68409003	rs12444616
chr16	68412908	rs7200772
chr16	68418997	rs11648294
chr16	68421728	rs1562480
chr16	68426312	rs1125848
chr16	68426512	rs1963362
chr16	68429718	rs4783631
chr16	68433740	rs2166769
chr16	68434755	rs4783633
chr16	68439559	rs1303939
chr16	68440717	rs1574668
chr16	68440918	rs2018053
chr16	68440954	rs918788
chr16	68442853	rs12599226
chr16	68444022	rs918787
chr16	68452919	rs3843711
chr16	68453009	rs3848273
chr16	68454315	rs7206404
chr16	68463552	rs12917815
chr16	68469300	rs1107074
chr16	68471884	rs7184977
chr16	68472849	rs4783636
chr16	68479484	rs17621696
chr16	68481305	rs17689022
chr16	68489433	rs1541709
chr16	68490405	rs889792
chr16	68496986	rs1467952
chr16	68501324	rs7201944
chr16	68502202	rs3909546
chr16	68504709	rs7191333
chr16	68508219	rs8047712
chr16	68509926	rs4567700
chr16	68512214	rs7191855
chr16	68512569	rs696587
chr16	68514692	rs696584
chr16	68525634	rs820799
chr16	68532884	rs8048966
chr16	68535742	rs12925177
chr16	68539161	rs1170445
chr16	68539384	rs1170444
chr16	68540042	rs1182968
chr16	68540475	rs1182967
chr16	68547574	rs11075683
chr16	68556707	rs1645928
chr16	68557327	rs1728785
chr16	68557447	rs1645929
chr16	68557712	rs16958106
chr16	68562405	rs1728790
chr16	68562498	rs1615609
chr16	68562872	rs11648314
chr16	68564104	rs1177648
chr16	68566448	rs17689437
chr16	68566537	rs3203684
chr16	68566952	rs7118
chr16	68567382	rs7499785
chr16	68569895	rs1170426
chr16	68591350	rs698728
chr16	68591532	rs11075685
chr16	68601433	rs1170421
chr16	68605435	rs2862780
chr16	68622021	rs11075688
chr16	68631352	rs11075691
chr16	68636168	rs11641611
chr16	68637476	rs4783658
chr16	68640885	rs6499188
chr16	68644843	rs11644435
chr16	68647889	rs11075692
chr16	68652002	rs1886700
chr16	68656688	rs11643840
chr16	68664250	rs1111722
chr16	68664558	rs1111721
chr16	68664983	rs1111720
chr16	68667588	rs3114396
chr16	68673030	rs3114398
chr16	68673410	rs6499192
chr16	68675456	rs3118230
chr16	68676262	rs3118229
chr16	68676834	rs3118228
chr16	68678827	rs8049247
chr16	68679827	rs2296409
chr16	68679920	rs2296408
chr16	68682276	rs1886697
chr16	68684847	rs2281850
chr16	68686567	rs4783665
chr16	68686994	rs3114403
chr16	68687437	rs2296406
chr16	68687567	rs2296405
chr16	68691880	rs2274239
chr16	68693166	rs6499193
chr16	68693227	rs7201437
chr16	68694708	rs3785133
chr16	68695073	rs3785135
chr16	68695209	rs8060790
chr16	68695882	rs17715450
chr16	68697462	rs11075696
chr16	68697903	rs3114408
chr16	68698554	rs1886699
chr16	68699074	rs3118235
chr16	68700688	rs3114411
chr16	68702389	rs2902323
chr16	68706286	rs9934038
chr16	68711938	rs7186693
chr16	68715760	rs8059194
chr16	68720409	rs4500718
chr16	68725318	rs4783566
chr16	68730609	rs9989407
chr16	68737131	rs16260
chr16	68738778	rs3912073
chr16	68739957	rs7196495
chr16	68740009	rs7196661
chr16	68740265	rs2902185
chr16	68740380	rs11865026
chr16	68745093	rs1078621
chr16	68745790	rs13335476
chr16	68756599	rs13333528
chr16	68761471	rs9941051
chr16	68766726	rs11640099
chr16	68767174	rs4783676
chr16	68768379	rs8056538
chr16	68769033	rs12930371
chr16	68780923	rs12597188
chr16	68783536	rs2059254
chr16	68784342	rs7199991
chr16	68785711	rs9925923
chr16	68787043	rs9929218
chr16	68788576	rs8049967
chr16	68790105	rs4076177
chr16	68795118	rs12599393
chr16	68798847	rs1075959
chr16	68799040	rs1862748
chr16	68805360	rs10431923
chr16	68805390	rs7186053
chr16	68805399	rs10431924
chr16	68806685	rs4783573
chr16	68808992	rs7188750
chr16	68811064	rs8059139
chr16	68813681	rs8056633
chr16	68816880	rs3785076
chr16	68819768	rs4783689
chr16	68823386	rs2276330
chr16	68823538	rs1801552
chr16	68826795	rs13330170
chr16	68827961	rs9925080
chr16	68828001	rs9925161
chr16	68828694	rs8061932
chr16	68829012	rs9927789
chr16	68829411	rs2276329
chr16	68834619	rs13689
chr16	68835546	rs8045438
chr16	68839783	rs12447341
chr16	68847592	rs7202333
chr16	68850452	rs17690607
chr16	68851136	rs9937080
chr16	68851490	rs6499203
chr16	68851535	rs6499204
chr16	68859878	rs17690624
chr16	68860050	rs4597312
chr16	68867381	rs17623268
chr16	68870478	rs17623281
chr16	68871541	rs11864025
chr16	68876152	rs6499207
chr16	68885656	rs7198088
chr16	68894249	rs17690758
chr16	68898194	rs1477407
chr16	68899422	rs7202289
chr16	68916245	rs8056018
chr16	68919406	rs34379411
chr16	68922722	rs10500546
chr16	68926151	rs9938842
chr16	68927079	rs10500547
chr16	68927122	rs9921421
chr16	68929846	rs34037364
chr16	68931010	rs6499209
chr16	68937156	rs8054930
chr16	68942562	rs2113278
chr16	68949902	rs9922505
chr16	68955002	rs16958507
chr16	68959156	rs7192757
chr16	68966685	rs193968
chr16	68972447	rs7198408
chr16	68972894	rs7202398
chr16	68973943	rs3743677
chr16	68992350	rs13330043
chr16	69008958	rs166118
chr16	69012842	rs9930810
chr16	69017305	rs251108
chr16	69019295	rs9933071
chr16	69024710	rs9934572
chr16	69025313	rs13336574
chr16	69028976	rs16958580
chr16	69033635	rs32853
chr16	69034437	rs32854
chr16	69035355	rs41321251
chr16	69042718	rs1114931
chr16	69045049	rs12929269
chr16	69048914	rs8062856
chr16	69050275	rs11075703
chr16	69057315	rs11075704
chr16	69065765	rs9332431
chr16	69065987	rs16958594
chr16	69069086	rs12325454
chr16	69078495	rs6499215
chr16	69081746	rs8059496
chr16	69082778	rs8044158
chr16	69087418	rs9673498
chr16	69091066	rs7203264
chr16	69091680	rs9940290
chr16	69101146	rs8047014
chr16	69109578	rs2232227
chr16	69109674	rs2232228
chr16	69109913	rs2232229
chr16	69111573	rs3785079
chr16	69125630	rs8057931
chr16	69136024	rs9940899
chr16	69136665	rs3815821
chr16	69138756	rs13338247
chr16	69140238	rs10500548
chr16	69140819	rs13331125
chr16	69143365	rs2288036
chr16	69153274	rs35015253
chr16	69154209	rs2288039
chr16	69157517	rs13332128
chr16	69169554	rs17624199
chr16	69170331	rs13338194
chr16	69171751	rs12920476
chr16	69171919	rs12149547
chr16	69172550	rs7193489
chr16	69176758	rs8049057
chr16	69181776	rs11075708
chr16	69182508	rs9302598
chr16	69182897	rs9302599
chr16	69186720	rs3087677
chr16	69190712	rs1424114
chr16	69193713	rs4544231
chr16	69194949	rs9933019
chr16	69195230	rs9889045
chr16	69197349	rs12708893
chr16	69199633	rs33964663
chr16	69201460	rs11644226
chr16	69204261	rs9938937
chr16	69215417	rs12373116
chr16	69220810	rs28409143
chr16	69224601	rs7192863
chr16	69228836	rs13331198
chr16	69231997	rs16958697
chr16	69233306	rs8057271
chr16	69235249	rs17691707
chr16	69239068	rs2310818
chr16	69243170	rs12933098
chr16	69251430	rs35076456
chr16	69251934	rs11641316
chr16	69254112	rs17691749
chr16	69258319	rs17624400
chr16	69260867	rs16958711
chr16	69270040	rs17624424
chr16	69276233	rs153047
chr16	69289934	rs7190822
chr16	69291239	rs1541979
chr16	69291377	rs9935533
chr16	69295687	rs28545584
chr16	69303188	rs8053471
chr16	69303500	rs12708895
chr16	69303671	rs8058805
chr16	69307878	rs246129
chr16	69309458	rs8058523
chr16	69313796	rs8044794
chr16	69315835	rs153050
chr16	69316132	rs3817030
chr16	69319684	rs16958736
chr16	69321060	rs1127231
chr16	69321603	rs11647864
chr16	69321770	rs3852689
chr16	69323503	rs16958751
chr16	69325013	rs12258
chr16	69333482	rs9924894
chr16	69334093	rs877534
chr16	69336355	rs715162
chr16	69342783	rs1048818
chr16	69343596	rs11649369
chr16	69343650	rs153060
chr16	69344170	rs9930284
chr16	69347866	rs16958777
chr16	69348292	rs7191614
chr16	69350956	rs7187579
chr16	69361309	rs34295116
chr16	69361531	rs251796
chr16	69362682	rs9939870
chr16	69363490	rs153045
chr16	69364450	rs3743669
chr16	69368034	rs3785073
chr16	69373083	rs3785074
chr16	69374012	rs166134
chr16	69375920	rs35808095
chr16	69385491	rs34415214
chr16	69390596	rs12922774
chr16	69401507	rs8061222
chr16	69407155	rs8044057
chr16	69410563	rs4783704
chr16	69410664	rs4783705
chr16	69412416	rs153053
chr16	69412623	rs153052
chr16	69420831	rs8053043
chr16	69421625	rs728546
chr16	69424290	rs9783747
chr16	69424345	rs9783749
chr16	69424466	rs246143
chr16	69424876	rs1619397
chr16	69425688	rs246141
chr16	69427464	rs13337337
chr16	69432372	rs9930728
chr16	69436716	rs246145
chr16	69440614	rs246134
chr16	69441925	rs719620
chr16	69443282	rs246136
chr16	69444352	rs9929547
chr16	69444623	rs246138
chr16	69448354	rs11644951
chr16	69456651	rs12443696
chr16	69459594	rs12934124
chr16	69459730	rs11867084
chr16	69460376	rs7187262
chr16	69461278	rs4783708
chr16	69463300	rs12149862
chr16	69463907	rs11075721
chr16	69465828	rs3743670
chr16	69467079	rs8055929
chr16	69470326	rs8053238
chr16	69474516	rs11646887
chr16	69475603	rs11641710
chr16	69477440	rs12445855
chr16	69479932	rs12929706
chr16	69482265	rs8051177
chr16	69485102	rs34229004
chr16	69488285	rs8055535
chr16	69489378	rs12445536
chr16	69491794	rs8057189
chr16	69495886	rs12446774
chr16	69496486	rs13330891
chr16	69496854	rs12447578
chr16	69498180	rs4783709
chr16	69498514	rs12445849
chr16	69499966	rs10445010
chr16	69500733	rs16958932
chr16	69508473	rs744972
chr16	69513838	rs4783718
chr16	69514885	rs7200764
chr16	69520978	rs12921716
chr16	69521344	rs2311381
chr16	69522812	rs889398
chr16	69523193	rs9929720
chr16	69525793	rs4783720
chr16	69529939	rs13330951
chr16	69529987	rs7193778
chr16	69530461	rs7194753
chr16	69530594	rs7200935
chr16	69538989	rs12923231
chr16	69542991	rs9302604
chr16	69547769	rs8045705
chr16	69548009	rs4783722
chr16	69548145	rs6499230
chr16	69552325	rs17296283
chr16	69553218	rs17230557
chr16	69553309	rs9925037
chr16	69554669	rs1364063
chr16	69556463	rs1549287
chr16	69571446	rs12599391
chr16	69572558	rs2161630
chr16	69588859	rs244418
chr16	69593188	rs17231138
chr16	69593890	rs16958970
chr16	69596950	rs12447326
chr16	69599612	rs11640319
chr16	69606314	rs33063
chr16	69606941	rs17297088
chr16	69606964	rs3848278
chr16	69609450	rs17297207
chr16	69610146	rs9936464
chr16	69612219	rs11639947
chr16	69614592	rs7198242
chr16	69614750	rs8055756
chr16	69616361	rs17231474
chr16	69616619	rs11075730
chr16	69617798	rs16958997
chr16	69620887	rs8049728
chr16	69624093	rs244420
chr16	69629468	rs7187634
chr16	69629616	rs244417
chr16	69632780	rs244415
chr16	69633036	rs6499238
chr16	69633067	rs10500551
chr16	69634649	rs9921652
chr16	69635524	rs7191292
chr16	69642183	rs2361838
chr16	69646318	rs9924271
chr16	69653009	rs6499240
chr16	69654510	rs9788837
chr16	69655217	rs920191
chr16	69655447	rs2304526
chr16	69661686	rs16959025
chr16	69670439	rs7192380
chr16	69670835	rs1437137
chr16	69671218	rs9924953
chr16	69674795	rs9921045
chr16	69684790	rs13336317
chr16	69685069	rs9934681
chr16	69687061	rs3169315
chr16	69687471	rs9888993
chr16	69687512	rs9889219
chr16	69690317	rs1064825
chr16	69690320	rs3826153
chr16	69690562	rs17232663
chr16	69695891	rs12595869
chr16	69696523	rs1437134
chr16	69696652	rs3826154
chr16	69699106	rs16959059
chr16	69699557	rs7359336
chr16	69699762	rs7359387
chr16	69700660	rs11641233
chr16	69702948	rs12232410
chr16	69704005	rs1043470
chr16	69709857	rs10517
chr16	69711242	rs1800566
chr16	69718470	rs689453
chr16	69723925	rs1437135
chr16	69725060	rs2917670
chr16	69725317	rs2917669
chr16	69727273	rs689457
chr16	69729875	rs2917667
chr16	69730509	rs1469908
chr16	69732388	rs2917682
chr16	69738011	rs2965749
chr16	69741597	rs17299478
chr16	69748774	rs6499249
chr16	69752189	rs8045682
chr16	69753255	rs4985518
chr16	69754205	rs4442796
chr16	69767494	rs11075734
chr16	69769540	rs4247109
chr16	69775095	rs7186296
chr16	69778655	rs4985527
chr16	69788777	rs12596679
chr16	69796425	rs6499255
chr16	69798202	rs4275849
chr16	69798344	rs4341733
chr16	69799009	rs8063219
chr16	69799760	rs6499257
chr16	69803562	rs4985418
chr16	69821358	rs2937127
chr16	69821408	rs2937126
chr16	69830772	rs6499260
chr16	69834440	rs2088747
chr16	69836506	rs2937121
chr16	69838501	rs7206585
chr16	69840089	rs2291959
chr16	69840295	rs2291960
chr16	69840806	rs8059645
chr16	69842261	rs9940315
chr16	69844258	rs3790088
chr16	69853107	rs9922223
chr16	69853817	rs3790085
chr16	69854182	rs12019048
chr16	69861383	rs3790083
chr16	69867981	rs1500337
chr16	69869278	rs7204326
chr16	69873542	rs3790076
chr16	69873945	rs2047597
chr16	69883837	rs6499270
chr16	69884866	rs7191376
chr16	69889430	rs7196842
chr16	69895234	rs7200005
chr16	69901730	rs8056707
chr16	69905287	rs8043925
chr16	69911238	rs4985452
chr16	69911629	rs2362643
chr16	69914594	rs4985377
chr16	69916753	rs904810
chr16	69917388	rs904809
chr16	69918754	rs4985456
chr16	69925320	rs2270838
chr16	69929452	rs1566452
chr16	69934298	rs8048678
chr16	69934464	rs8048590
chr16	69936097	rs2270842
chr16	69936426	rs1983016
chr16	69938062	rs3762177
chr16	69939394	rs2270844
chr16	69939922	rs3748389
chr16	69940545	rs3748388
chr16	69940643	rs3748387
chr16	69940756	rs3748386
chr16	69941457	rs1052429
chr16	69976555	rs3206834
chr16	70011845	rs929843
chr16	70011846	rs11648231
chr16	70017008	rs933696
chr16	70023965	rs5014388
chr16	70030086	rs4985388
chr16	70054894	rs11075753
chr16	70058839	rs9922176
chr16	70070999	rs1833931
chr16	70072296	rs4985392
chr16	70076087	rs4985488
chr16	70081616	rs998109
chr16	70090445	rs41329948
chr16	70102302	rs1808417
chr16	70102965	rs2549066
chr16	70105639	rs16964335
chr16	70219303	rs4985520
chr16	70251998	rs4985407
chr16	70253274	rs4081753
chr16	70269677	rs2070203
chr16	70275334	rs12149660
chr16	70289223	rs34087264
chr16	70299851	rs16970606
chr16	70318498	rs35567919
chr16	70325081	rs3790072
chr16	70335006	rs12325419
chr16	70348276	rs7192268
chr16	70349335	rs4985525
chr16	70359853	rs7189474
chr16	70361484	rs1134074
chr16	70366954	rs8058224
chr16	70367492	rs8059245
chr16	70379334	rs11642006
chr16	70388328	rs4985526
chr16	70405202	rs9934440
chr16	70408505	rs936994
chr16	70416836	rs34109485
chr16	70430915	rs11647932
chr16	70440031	rs8062183
chr16	70455014	rs17882961
chr16	70460978	rs17879275
chr16	70468590	rs12445830
chr16	70473004	rs7192865
chr16	70478446	rs17886060
chr16	70480925	rs7919
chr16	70482206	rs12447090
chr16	70485880	rs9929354
chr16	70494321	rs722579
chr16	70497463	rs2303792
chr16	70503426	rs8052125
chr16	70505846	rs9936225
chr16	70512331	rs3762171
chr16	70512493	rs7193228
chr16	70513090	rs17573579
chr16	70514394	rs3931036
chr16	70514684	rs8057610
chr16	70524136	rs2288491
chr16	70525645	rs8049641
chr16	70526458	rs8051506
chr16	70529368	rs11075766
chr16	70534338	rs12925729
chr16	70539693	rs7201750
chr16	70541478	rs11075767
chr16	70547574	rs11648402
chr16	70550355	rs11075770
chr16	70555876	rs4985533
chr16	70557954	rs8053436
chr16	70561035	rs4436771
chr16	70568588	rs12597401
chr16	70569317	rs4985534
chr16	70572614	rs7190039
chr16	70575084	rs11645214
chr16	70575949	rs2168606
chr16	70576320	rs7198317
chr16	70580105	rs16970335
chr16	70584387	rs11643373
chr16	70590580	rs6499323
chr16	70593325	rs8063029
chr16	70596406	rs8049475
chr16	70596951	rs7197333
chr16	70603092	rs1006985
chr16	70603901	rs9924487
chr16	70605182	rs1456954
chr16	70605211	rs1463436
chr16	70606040	rs11641905
chr16	70608534	rs11075773
chr16	70612310	rs12149517
chr16	70628420	rs8061329
chr16	70632507	rs11866403
chr16	70632819	rs6499328
chr16	70635389	rs16970406
chr16	70640998	rs8064220
chr16	70642631	rs9934599
chr16	70642776	rs9925191
chr16	70643882	rs6499330
chr16	70645482	rs12919296
chr16	70645749	rs12923636
chr16	70647588	rs11865804
chr16	70648791	rs2168608
chr16	70649275	rs9933834
chr16	70656263	rs4985555
chr16	70660097	rs4985556
chr16	70662464	rs3752785
chr16	70666311	rs11639579
chr16	70666809	rs2864755
chr16	70667377	rs6499333
chr16	70671071	rs4985557
chr16	70676646	rs11647479
chr16	70678646	rs3813908
chr16	70680531	rs11075778
chr16	70682839	rs7194558
chr16	70689037	rs4985416
chr16	70689411	rs11075779
chr16	70690022	rs11075780
chr16	70690098	rs11648765
chr16	70690529	rs4985560
chr16	70691238	rs3826272
chr16	70691912	rs936297
chr16	70694574	rs3785425
chr16	70697399	rs2242126
chr16	70697425	rs9924014
chr16	70699235	rs4985563
chr16	70699389	rs11649341
chr16	70702849	rs11649476
chr16	70703203	rs8048078
chr16	70706804	rs8059238
chr16	70708633	rs11640251
chr16	70709122	rs3813909
chr16	70710316	rs16970442
chr16	70711113	rs936304
chr16	70714505	rs1551526
chr16	70714794	rs9924460
chr16	70716067	rs11642770
chr16	70716094	rs11642775
chr16	70717009	rs4985421
chr16	70718236	rs17307409
chr16	70721241	rs17307464
chr16	70722163	rs7196032
chr16	70723652	rs7185187
chr16	70724003	rs16970455
chr16	70724396	rs16970459
chr16	70724952	rs7203578
chr16	70726090	rs4985423
chr16	70727741	rs13332334
chr16	70731244	rs2290614
chr16	70732475	rs3743988
chr16	70737376	rs3785422
chr16	70738284	rs12449025
chr16	70741552	rs875858
chr16	70742679	rs2902830
chr16	70745241	rs2305688
chr16	70746189	rs6499335
chr16	70749019	rs734147
chr16	70751294	rs17248914
chr16	70752729	rs936305
chr16	70752877	rs7194091
chr16	70756928	rs7185921
chr16	70758014	rs16970513
chr16	70760128	rs12930674
chr16	70762612	rs2305689
chr16	70770840	rs1551528
chr16	70771446	rs12924064
chr16	70772771	rs4985364
chr16	70784856	rs2271047
chr16	70789602	rs8061200
chr16	70789730	rs8060947
chr16	70791080	rs4985367
chr16	70799502	rs8063716
chr16	70800046	rs9931380
chr16	70801495	rs11864614
chr16	70806587	rs8052615
chr16	70944459	rs2456141
chr16	71036795	rs10852481
chr16	71059722	rs9935325
chr16	71172933	rs1859088
chr16	71179694	rs7187402
chr16	71183336	rs9930115
chr16	71185792	rs2015813
chr16	71189305	rs757106
chr16	71190372	rs12447448
chr16	71190778	rs2883938
chr16	71191410	rs446245
chr16	71191662	rs1424137
chr16	71193425	rs1559420
chr16	71195186	rs235990
chr16	71200510	rs9928164
chr16	71201000	rs235986
chr16	71201086	rs2042423
chr16	71201783	rs1424136
chr16	71208159	rs2077663
chr16	71210372	rs8047583
chr16	71210995	rs1364279
chr16	71215443	rs235987
chr16	71216363	rs1424134
chr16	71217892	rs236009
chr16	71218254	rs6499490
chr16	71220134	rs3094454
chr16	71220630	rs12448046
chr16	71221038	rs236008
chr16	71222809	rs2098746
chr16	71225034	rs236006
chr16	71226748	rs9939194
chr16	71231815	rs7193051
chr16	71244113	rs2042421
chr16	71244565	rs1018910
chr16	71244786	rs236004
chr16	71245630	rs767647
chr16	71247455	rs236000
chr16	71249597	rs2883935
chr16	71250290	rs235997
chr16	71251117	rs8063629
chr16	71252773	rs1002252
chr16	71254786	rs3096372
chr16	71258269	rs235991
chr16	71263241	rs236016
chr16	71264810	rs109556
chr16	71265331	rs184647
chr16	71266956	rs6499492
chr16	71276794	rs3094450
chr16	71279938	rs8057700
chr16	71280194	rs9936354
chr16	71280625	rs443889
chr16	71281175	rs11648802
chr16	71281757	rs11645087
chr16	71282909	rs6499496
chr16	71284098	rs3096381
chr16	71284674	rs3803704
chr16	71285636	rs3826247
chr16	71285743	rs3096380
chr16	71285987	rs12599703
chr16	71289124	rs2303257
chr16	71296216	rs16970994
chr16	71296396	rs3096378
chr16	71296703	rs12924136
chr16	71296951	rs7195330
chr16	71297825	rs4570853
chr16	71298031	rs16971009
chr16	71302264	rs9928505
chr16	71309013	rs8052756
chr16	71309494	rs9924119
chr16	71315595	rs1424144
chr16	71319816	rs11643673
chr16	71320101	rs1862816
chr16	71321332	rs11075884
chr16	71322232	rs2356417
chr16	71325034	rs2098747
chr16	71325046	rs4268752
chr16	71325396	rs11643408
chr16	71325697	rs1465463
chr16	71326712	rs3743950
chr16	71326994	rs2303256
chr16	71327558	rs1345890
chr16	71327969	rs1424142
chr16	71327983	rs1345889
chr16	71328148	rs9927680
chr16	71338090	rs713532
chr16	71338580	rs918757
chr16	71339145	rs3826248
chr16	71339327	rs3803702
chr16	71340395	rs9936567
chr16	71341559	rs1424140
chr16	71344398	rs2356414
chr16	71346417	rs4633725
chr16	71347976	rs12933065
chr16	71350981	rs8061894
chr16	71355279	rs8054321
chr16	71355885	rs4788541
chr16	71357267	rs9940507
chr16	71358159	rs889704
chr16	71361992	rs7196399
chr16	71362232	rs6499507
chr16	71362269	rs9934519
chr16	71362387	rs6499508
chr16	71369180	rs12599948
chr16	71369332	rs6499512
chr16	71370877	rs6499513
chr16	71373627	rs7191938
chr16	71374384	rs3935259
chr16	71374572	rs12444419
chr16	71374624	rs8046337
chr16	71375037	rs6499515
chr16	71381603	rs9940728
chr16	71383860	rs12597011
chr16	71385199	rs12925159
chr16	71385327	rs12925320
chr16	71385692	rs4327058
chr16	71391923	rs12103005
chr16	71396021	rs12373064
chr16	71396850	rs4488452
chr16	71401015	rs11641403
chr16	71401347	rs7500119
chr16	71402496	rs7203957
chr16	71405146	rs12102284
chr16	71406816	rs12927445
chr16	71406853	rs891124
chr16	71408513	rs1030483
chr16	71410638	rs10500555
chr16	71412953	rs16972292
chr16	71413367	rs12922830
chr16	71418703	rs12444714
chr16	71424396	rs4363868
chr16	71424735	rs7202340
chr16	71425243	rs12930148
chr16	71426469	rs2033251
chr16	71426680	rs11645598
chr16	71429699	rs12918320
chr16	71434048	rs4258624
chr16	71438801	rs8049040
chr16	71444814	rs16972808
chr16	71444985	rs11866859
chr16	71445989	rs732318
chr16	71446336	rs9934109
chr16	71452202	rs9940485
chr16	71453303	rs2070832
chr16	71454868	rs8051974
chr16	71456313	rs1609869
chr16	71461621	rs8051212
chr16	71464015	rs2303788
chr16	71467371	rs16973112
chr16	71468580	rs8056735
chr16	71471400	rs2052873
chr16	71473080	rs8044168
chr16	71474598	rs16973190
chr16	71475685	rs2288487
chr16	71475876	rs10500557
chr16	71479131	rs2288486
chr16	71480735	rs4788805
chr16	71485709	rs9936249
chr16	71489148	rs3813743
chr16	71490640	rs7187165
chr16	71490729	rs7187354
chr16	71492817	rs9936265
chr16	71498025	rs9935426
chr16	71499598	rs11866164
chr16	71500950	rs16973260
chr16	71502583	rs7202953
chr16	71503647	rs16973266
chr16	71507323	rs7199026
chr16	71507738	rs9928243
chr16	71511585	rs7202662
chr16	71511728	rs7184543
chr16	71515004	rs9933680
chr16	71516950	rs13333985
chr16	71517238	rs8044561
chr16	71517618	rs10500558
chr16	71518354	rs16973286
chr16	71525067	rs4149497
chr16	71525218	rs4149498
chr16	71531679	rs9926110
chr16	71536510	rs4149499
chr16	71539644	rs310334
chr16	71539915	rs7194638
chr16	71545808	rs12919417
chr16	71549752	rs12447033
chr16	71550430	rs2432524
chr16	71556608	rs7203606
chr16	71562102	rs172649
chr16	71566074	rs8063455
chr16	71566634	rs3794689
chr16	71570009	rs172650
chr16	71573481	rs2432520
chr16	71575461	rs2247603
chr16	71578443	rs3829537
chr16	71578666	rs11862798
chr16	71581710	rs4788808
chr16	71581917	rs4788809
chr16	71587734	rs4788810
chr16	71588304	rs7188406
chr16	71590439	rs11861513
chr16	71591306	rs4788811
chr16	71594371	rs11648240
chr16	71600641	rs4788547
chr16	71607492	rs4788817
chr16	71612622	rs7190257
chr16	71614396	rs6499526
chr16	71615513	rs7193549
chr16	71621132	rs12446005
chr16	71621458	rs4788548
chr16	71622758	rs11646524
chr16	71624691	rs34680964
chr16	71626407	rs4788821
chr16	71629801	rs17354693
chr16	71632215	rs979789
chr16	71634897	rs7206470
chr16	71635721	rs1345868
chr16	71638859	rs6499528
chr16	71644760	rs3752681
chr16	71645029	rs8203
chr16	71645301	rs1058747
chr16	71646099	rs7188675
chr16	71647250	rs10500560
chr16	71655074	rs2052584
chr16	71663849	rs1035545
chr16	71667345	rs1423983
chr16	71669072	rs11075895
chr16	71669533	rs2032918
chr16	71670319	rs11862723
chr16	71672005	rs12924650
chr16	71675264	rs3925658
chr16	71681228	rs12447672
chr16	71682621	rs7186890
chr16	71683311	rs17355804
chr16	71683481	rs8048057
chr16	71684463	rs7195059
chr16	71686620	rs4788550
chr16	71690187	rs4788828
chr16	71690466	rs12448022
chr16	71695922	rs8062188
chr16	71710936	rs7198645
chr16	71713018	rs17356316
chr16	71716922	rs7201754
chr16	71718254	rs12446333
chr16	71719011	rs11859729
chr16	71721949	rs11639902
chr16	71725461	rs9925228
chr16	71725659	rs7202288
chr16	71726708	rs918721
chr16	71727085	rs1392487
chr16	71727158	rs9921270
chr16	71728382	rs6499538
chr16	71731513	rs11539980
chr16	71733758	rs4788551
chr16	71734597	rs2278031
chr16	71739287	rs904763
chr16	71741177	rs11646748
chr16	71742241	rs951453
chr16	71746696	rs2270831
chr16	71747199	rs11859903
chr16	71748541	rs2270830
chr16	71756770	rs12447856
chr16	71756909	rs11075901
chr16	71757895	rs9939455
chr16	71763088	rs8052152
chr16	71766142	rs12928939
chr16	71767039	rs9929840
chr16	71767059	rs9940707
chr16	71770011	rs8062441
chr16	71770071	rs8062477
chr16	71778393	rs2133773
chr16	71782996	rs11075904
chr16	71787474	rs4788558
chr16	71789214	rs11645475
chr16	71790811	rs7202840
chr16	71799429	rs2334877
chr16	71803574	rs7203231
chr16	71815056	rs4788559
chr16	71816729	rs11861296
chr16	71828230	rs9932707
chr16	71834265	rs8044004
chr16	71835617	rs8044335
chr16	71835629	rs8044342
chr16	71844063	rs8050993
chr16	71853478	rs16973477
chr16	71855526	rs3751818
chr16	71857959	rs4788564
chr16	71859595	rs4788567
chr16	71863341	rs1981874
chr16	71864023	rs2335714
chr16	71864576	rs7198834
chr16	71865286	rs8052358
chr16	71865683	rs11642001
chr16	71867004	rs4538017
chr16	71867745	rs17357420
chr16	71868239	rs2288031
chr16	71872694	rs2335712
chr16	71879122	rs4788568
chr16	71883155	rs2288029
chr16	71894947	rs11075908
chr16	71895956	rs13332180
chr16	71897316	rs4788449
chr16	71900202	rs4788576
chr16	71902830	rs11075910
chr16	71909406	rs12445564
chr16	71913831	rs4528577
chr16	71917942	rs4788579
chr16	71919119	rs7188591
chr16	71921497	rs4788450
chr16	71924149	rs7197486
chr16	71928003	rs3751820
chr16	71929283	rs7195988
chr16	71930902	rs9940234
chr16	71931293	rs16973500
chr16	71931822	rs952160
chr16	71933696	rs8063324
chr16	71933880	rs12445641
chr16	71934188	rs12149307
chr16	71935594	rs11865456
chr16	71938506	rs8057124
chr16	71947471	rs8050058
chr16	71949765	rs1549292
chr16	71953047	rs7204708
chr16	71953096	rs12708919
chr16	71954829	rs2303220
chr16	71957236	rs12925901
chr16	71959739	rs4788585
chr16	71962392	rs16973520
chr16	71967211	rs9928413
chr16	71967237	rs4788587
chr16	71968409	rs11644740
chr16	71973333	rs7197967
chr16	71973500	rs9925415
chr16	71977282	rs1559401
chr16	71977294	rs1559400
chr16	71977362	rs1559399
chr16	71978173	rs8053841
chr16	71979640	rs9302633
chr16	71981507	rs8056712
chr16	71984518	rs10492825
chr16	71986235	rs12708923
chr16	71986395	rs4788590
chr16	71986424	rs4788591
chr16	71988063	rs12051425
chr16	71988142	rs9938025
chr16	71988166	rs889545
chr16	71988224	rs9928317
chr16	71989042	rs4788592
chr16	71991178	rs12927205
chr16	71991530	rs7204798
chr16	71991632	rs7205297
chr16	71993712	rs17664900
chr16	71995404	rs7191717
chr16	71996175	rs7198936
chr16	71996681	rs9938539
chr16	71997961	rs1035559
chr16	72001183	rs7185601
chr16	72001460	rs7186207
chr16	72002678	rs7195958
chr16	72003307	rs4788454
chr16	72004464	rs929866
chr16	72005706	rs1820248
chr16	72006133	rs9929256
chr16	72008783	rs3213422
chr16	72009140	rs4788597
chr16	72011287	rs2878404
chr16	72012312	rs8057016
chr16	72012406	rs8058214
chr16	72014181	rs4788600
chr16	72014433	rs3764310
chr16	72014733	rs8062895
chr16	72015313	rs7184117
chr16	72016581	rs11864453
chr16	72023383	rs2288002
chr16	72025370	rs2287998
chr16	72032173	rs2550868
chr16	72041442	rs9932951
chr16	72045008	rs1424241
chr16	72046106	rs8182213
chr16	72048755	rs6499557
chr16	72049419	rs7200854
chr16	72054381	rs5467
chr16	72054432	rs5468
chr16	72055841	rs2070937
chr16	72060449	rs5475
chr16	72066881	rs7201643
chr16	72067266	rs7203821
chr16	72074194	rs2000999
chr16	72080103	rs217181
chr16	72082568	rs8059437
chr16	72083852	rs152837
chr16	72084425	rs9941087
chr16	72084981	rs12325171
chr16	72088564	rs10492813
chr16	72088866	rs12932845
chr16	72089987	rs152828
chr16	72090596	rs2303285
chr16	72091834	rs3764312
chr16	72092615	rs10492814
chr16	72093179	rs3764314
chr16	72096226	rs11554764
chr16	72096657	rs9926927
chr16	72096916	rs1050362
chr16	72098149	rs17590101
chr16	72098814	rs2072142
chr16	72101115	rs1050363
chr16	72102870	rs2074627
chr16	72103328	rs12708928
chr16	72103662	rs2240243
chr16	72104213	rs12325142
chr16	72105285	rs2074626
chr16	72105497	rs150617
chr16	72108173	rs8051882
chr16	72108212	rs3815192
chr16	72109515	rs17666927
chr16	72110275	rs9302635
chr16	72110385	rs2241412
chr16	72110594	rs2241411
chr16	72111505	rs30433
chr16	72112671	rs6680
chr16	72112767	rs17666993
chr16	72113287	rs30432
chr16	72113767	rs6499560
chr16	72118856	rs8044555
chr16	72119034	rs7184169
chr16	72120288	rs8050238
chr16	72120610	rs4788460
chr16	72120783	rs4788605
chr16	72122943	rs16973716
chr16	72123485	rs4788606
chr16	72124178	rs8052408
chr16	72128203	rs8044868
chr16	72128956	rs6499562
chr16	72129795	rs10492815
chr16	72138401	rs11640722
chr16	72141257	rs4238964
chr16	72141921	rs3902135
chr16	72149321	rs7198572
chr16	72150730	rs217180
chr16	72151102	rs3852784
chr16	72154784	rs12928732
chr16	72154929	rs4788614
chr16	72159137	rs11648622
chr16	72160426	rs3844425
chr16	72167220	rs3909541
chr16	72169293	rs217176
chr16	72173056	rs7192848
chr16	72175620	rs9936642
chr16	72176151	rs7201225
chr16	72176966	rs17604349
chr16	72177753	rs12920842
chr16	72179417	rs12926250
chr16	72180377	rs11643192
chr16	72180714	rs11075924
chr16	72183214	rs7202323
chr16	72187558	rs3852786
chr16	72188085	rs17604676
chr16	72190436	rs12918956
chr16	72191675	rs12928056
chr16	72191887	rs3852788
chr16	72195633	rs11645898
chr16	72196795	rs9936784
chr16	72198863	rs16970692
chr16	72200573	rs9937351
chr16	72203057	rs2023929
chr16	72203636	rs12447857
chr16	72209725	rs8060878
chr16	72214189	rs8043723
chr16	72215231	rs8060484
chr16	72216318	rs7187517
chr16	72216652	rs17668523
chr16	72217175	rs12920967
chr16	72218038	rs16970718
chr16	72218853	rs9938506
chr16	72223641	rs17668674
chr16	72224382	rs10492817
chr16	72225992	rs16970725
chr16	72226147	rs811049
chr16	72226794	rs811047
chr16	72236811	rs9939692
chr16	72242925	rs7200263
chr16	72245953	rs4788620
chr16	72249248	rs4238965
chr16	72256516	rs17669033
chr16	72257833	rs11646048
chr16	72261215	rs9922883
chr16	72262549	rs16970748
chr16	72263807	rs16970751
chr16	72269866	rs8051509
chr16	72271016	rs4536484
chr16	72275117	rs16970769
chr16	72277927	rs9940976
chr16	72278828	rs12921986
chr16	72278873	rs16970775
chr16	72280353	rs13332557
chr16	72280721	rs13333771
chr16	72288477	rs2059248
chr16	72292476	rs1437195
chr16	72295611	rs2194316
chr16	72296057	rs10492819
chr16	72299677	rs1837020
chr16	72300471	rs1946768
chr16	72300639	rs1946767
chr16	72307843	rs9889208
chr16	72308381	rs8046891
chr16	72317898	rs726887
chr16	72321240	rs16970828
chr16	72323000	rs8063013
chr16	72329816	rs34522712
chr16	72336713	rs9937973
chr16	72336957	rs9938153
chr16	72347084	rs16970850
chr16	72347561	rs17607347
chr16	72347658	rs9930344
chr16	72350480	rs11861074
chr16	72355331	rs7198449
chr16	72363741	rs4788632
chr16	72368382	rs10492820
chr16	72372429	rs806733
chr16	72375057	rs806732
chr16	72380806	rs806735
chr16	72388190	rs8052117
chr16	72392549	rs806747
chr16	72393061	rs11075927
chr16	72394550	rs806745
chr16	72399050	rs806742
chr16	72403842	rs806739
chr16	72405734	rs17676691
chr16	72415504	rs169849
chr16	72417466	rs8046375
chr16	72419080	rs16970908
chr16	72428850	rs11862324
chr16	72430158	rs1429070
chr16	72435564	rs212165
chr16	72436984	rs4788469
chr16	72437085	rs10492822
chr16	72438094	rs16970929
chr16	72462782	rs9630625
chr16	72468332	rs8057278
chr16	72475561	rs12598598
chr16	72476857	rs16970967
chr16	72483115	rs212167
chr16	72493348	rs212175
chr16	72498463	rs17609347
chr16	72506640	rs212173
chr16	72510548	rs17609544
chr16	72510926	rs12325151
chr16	72511222	rs17609577
chr16	72513482	rs13335806
chr16	72535567	rs2905697
chr16	72558410	rs2860346
chr16	72559334	rs1429072
chr16	72560488	rs10500568
chr16	72569177	rs16971037
chr16	72571687	rs2967237
chr16	72578949	rs8046749
chr16	72591999	rs999698
chr16	72601775	rs2163068
chr16	72609244	rs7189331
chr16	72610145	rs11646282
chr16	72612050	rs1560278
chr16	72613407	rs17287903
chr16	72619427	rs12924285
chr16	72620427	rs13333122
chr16	72623632	rs7205109
chr16	72654751	rs8048832
chr16	72671252	rs8050315
chr16	72681778	rs7204350
chr16	72681807	rs9939154
chr16	72689714	rs9926530
chr16	72703578	rs1429430
chr16	72705466	rs17288954
chr16	72713203	rs8047850
chr16	72721002	rs4788477
chr16	72722202	rs10500569
chr16	72723537	rs8059738
chr16	72723985	rs9927487
chr16	72751404	rs292936
chr16	72765988	rs16971289
chr16	72766668	rs8044476
chr16	72793859	rs699444
chr16	72794504	rs2229286
chr16	72804781	rs12929452
chr16	72811850	rs9972835
chr16	72823645	rs8058014
chr16	72832148	rs7195234
chr16	72845761	rs740177
chr16	72846827	rs4788665
chr16	72853284	rs7185166
chr16	72853873	rs7190633
chr16	72853927	rs4461079
chr16	72855295	rs8046332
chr16	72857999	rs12445722
chr16	72860941	rs9937452
chr16	72862795	rs8050431
chr16	72864449	rs1476646
chr16	72864873	rs9888808
chr16	72864965	rs9889054
chr16	72865778	rs7201079
chr16	72873159	rs7500397
chr16	72876504	rs7190473
chr16	72881186	rs4788671
chr16	72881337	rs7404577
chr16	72882474	rs3812982
chr16	72883702	rs6499594
chr16	72892083	rs9940310
chr16	72893634	rs9925261
chr16	72895029	rs2157787
chr16	72897186	rs16971384
chr16	72899156	rs12599119
chr16	72899905	rs12597280
chr16	72901302	rs6499596
chr16	72901787	rs4788480
chr16	72902671	rs4788481
chr16	72903180	rs4788482
chr16	72903709	rs7205502
chr16	72907536	rs7198066
chr16	72908525	rs17618144
chr16	72909005	rs1858803
chr16	72910437	rs1008275
chr16	72910908	rs17680397
chr16	72911221	rs9923980
chr16	72911805	rs13332465
chr16	72915540	rs9922718
chr16	72916403	rs4788673
chr16	72916569	rs4788676
chr16	72918392	rs4788677
chr16	72922409	rs4788678
chr16	72922645	rs4788679
chr16	72924533	rs6499598
chr16	72925068	rs12922127
chr16	72925517	rs12926748
chr16	72926331	rs9936884
chr16	72926943	rs9929737
chr16	72933464	rs756719
chr16	72938191	rs8055870
chr16	72940554	rs4788681
chr16	72941193	rs16971424
chr16	72942033	rs724185
chr16	72942280	rs16971426
chr16	72945164	rs12599412
chr16	72945343	rs16971428
chr16	72945475	rs6499600
chr16	72947041	rs17680796
chr16	72947331	rs6499601
chr16	72948050	rs13336412
chr16	72950441	rs12149946
chr16	72950696	rs2213978
chr16	72950769	rs2228200
chr16	72956654	rs2106258
chr16	72957387	rs2157786
chr16	72960520	rs7404992
chr16	72962097	rs756718
chr16	72962263	rs756717
chr16	72962914	rs7190009
chr16	72963084	rs7190256
chr16	72963848	rs4788683
chr16	72964337	rs8055406
chr16	72965791	rs11075952
chr16	72965866	rs11075953
chr16	72968058	rs9921395
chr16	72969820	rs9937546
chr16	72970533	rs12445932
chr16	72970638	rs12445917
chr16	72974071	rs16971447
chr16	72975799	rs10852516
chr16	72977678	rs9934475
chr16	72978265	rs11075954
chr16	72978786	rs2040508
chr16	72979583	rs9930445
chr16	72979734	rs4788684
chr16	72980847	rs11640395
chr16	72982244	rs16971464
chr16	72982869	rs17681554
chr16	72983219	rs4788489
chr16	72983785	rs16971471
chr16	72984696	rs16971472
chr16	72985105	rs16971474
chr16	72985661	rs1858801
chr16	72986217	rs11640106
chr16	72987195	rs6416746
chr16	72987913	rs9927735
chr16	72988374	rs17692597
chr16	72988868	rs4788686
chr16	72989688	rs2040507
chr16	72990377	rs1858800
chr16	72993924	rs16971481
chr16	72994350	rs2068360
chr16	72995022	rs756720
chr16	72995261	rs7193343
chr16	72998566	rs6499604
chr16	72999574	rs4556810
chr16	72999970	rs11075958
chr16	73001039	rs12445992
chr16	73002734	rs8056528
chr16	73008652	rs719353
chr16	73009030	rs719354
chr16	73009348	rs8060855
chr16	73017721	rs2106261
chr16	73017919	rs7204419
chr16	73019680	rs11863932
chr16	73020895	rs8058775
chr16	73025260	rs4499262
chr16	73025830	rs1548374
chr16	73025962	rs1548373
chr16	73031757	rs4788692
chr16	73034616	rs12373097
chr16	73034779	rs879324
chr16	73035078	rs8057081
chr16	73035989	rs12932445
chr16	73036411	rs4788696
chr16	73037738	rs8053389
chr16	73039390	rs8060701
chr16	73039909	rs9940321
chr16	73040002	rs3743977
chr16	73041193	rs16971543
chr16	73043675	rs728646
chr16	73045313	rs11641701
chr16	73045784	rs7204751
chr16	73053595	rs4788697
chr16	73056140	rs8048267
chr16	73063764	rs8052905
chr16	73064057	rs739414
chr16	73064791	rs6499607
chr16	73068557	rs8051826
chr16	73079654	rs6416750
chr16	73083398	rs16971564
chr16	73089517	rs8049731
chr16	73091332	rs9926271
chr16	73094247	rs1183965
chr16	73096210	rs9925320
chr16	73097671	rs9940161
chr16	73098940	rs11640435
chr16	73100332	rs1080481
chr16	73102559	rs17693924
chr16	73103705	rs4788699
chr16	73104025	rs4788700
chr16	73105988	rs11642914
chr16	73106425	rs8061978
chr16	73106854	rs8045933
chr16	73108719	rs4278773
chr16	73110432	rs7184508
chr16	73111532	rs8054288
chr16	73113585	rs12597935
chr16	73114756	rs9928752
chr16	73115708	rs7187519
chr16	73116470	rs13329908
chr16	73116698	rs11075965
chr16	73117505	rs17621111
chr16	73118975	rs9940468
chr16	73119521	rs4307972
chr16	73119962	rs12444072
chr16	73120150	rs11075967
chr16	73126071	rs8054028
chr16	73128108	rs13380780
chr16	73128173	rs12449103
chr16	73128888	rs12444053
chr16	73129082	rs9933750
chr16	73131345	rs4788704
chr16	73139306	rs6499616
chr16	73139912	rs13338699
chr16	73143326	rs9673570
chr16	73144142	rs4511564
chr16	73147975	rs11863839
chr16	73149440	rs4451977
chr16	73149541	rs4318234
chr16	73151179	rs7190071
chr16	73152972	rs4788705
chr16	73157810	rs4788706
chr16	73162760	rs4788495
chr16	73163340	rs11075971
chr16	73166634	rs9936439
chr16	73167348	rs7202562
chr16	73168652	rs4503824
chr16	73168976	rs12324964
chr16	73179325	rs6499618
chr16	73180299	rs8062728
chr16	73181050	rs9921381
chr16	73183702	rs8043589
chr16	73185878	rs4539625
chr16	73186872	rs7193833
chr16	73188802	rs9939492
chr16	73191379	rs8055077
chr16	73193829	rs11640460
chr16	73199933	rs7198049
chr16	73201781	rs12934670
chr16	73214578	rs7203017
chr16	73216912	rs4075332
chr16	73222916	rs7498310
chr16	73228281	rs9930134
chr16	73229609	rs8054577
chr16	73239045	rs6499622
chr16	73245440	rs8052484
chr16	73245938	rs8057442
chr16	73254656	rs12919367
chr16	73256034	rs7404068
chr16	73263706	rs13329971
chr16	73265359	rs12924462
chr16	73265574	rs7498434
chr16	73266178	rs12600230
chr16	73266510	rs9929806
chr16	73267403	rs7203768
chr16	73269314	rs6420387
chr16	73269430	rs11642259
chr16	73272125	rs8046816
chr16	73272450	rs7190347
chr16	73275305	rs6564251
chr16	73275923	rs6420389
chr16	73276847	rs12102390
chr16	73282221	rs4132874
chr16	73283658	rs7501148
chr16	73286410	rs7189557
chr16	73289060	rs1423732
chr16	73290068	rs6564370
chr16	73290175	rs6564372
chr16	73291441	rs7194274
chr16	73291950	rs7195261
chr16	73296612	rs12050955
chr16	73296680	rs12051252
chr16	73297509	rs1423730
chr16	73297575	rs16971687
chr16	73298488	rs13330978
chr16	73299143	rs7202852
chr16	73299260	rs7188797
chr16	73300436	rs11649596
chr16	73300842	rs13333948
chr16	73301117	rs8051614
chr16	73301413	rs6564489
chr16	73303444	rs16943839
chr16	73304438	rs16971690
chr16	73304507	rs16971691
chr16	73305793	rs12149571
chr16	73307071	rs9931789
chr16	73307130	rs889403
chr16	73307210	rs9923546
chr16	73312028	rs6564632
chr16	73312135	rs6564635
chr16	73312485	rs7189366
chr16	73313248	rs4573956
chr16	73313701	rs12917927
chr16	73314435	rs7199250
chr16	73320321	rs2161701
chr16	73320593	rs11150226
chr16	73322568	rs7205486
chr16	73322615	rs4011585
chr16	73323049	rs4011587
chr16	73324798	rs11150263
chr16	73325791	rs11866721
chr16	73326911	rs1423729
chr16	73328688	rs4888646
chr16	73334673	rs6564865
chr16	73335287	rs11150387
chr16	73338599	rs963303
chr16	73338808	rs963304
chr16	73339792	rs11150412
chr16	73339900	rs12596659
chr16	73340050	rs7197413
chr16	73341423	rs3900250
chr16	73344175	rs7184929
chr16	73345035	rs12923103
chr16	73345923	rs16971745
chr16	73347807	rs10500554
chr16	73350294	rs734067
chr16	73356385	rs8051795
chr16	73356403	rs8056907
chr16	73357243	rs6563925
chr16	73359052	rs9923748
chr16	73359422	rs10781974
chr16	73359549	rs9923643
chr16	73359647	rs9940028
chr16	73359673	rs17291082
chr16	73359934	rs9932243
chr16	73360716	rs4889197
chr16	73363741	rs7189063
chr16	73364750	rs16971820
chr16	73365915	rs2059263
chr16	73366651	rs9931094
chr16	73367305	rs6564058
chr16	73368389	rs4888149
chr16	73368431	rs4888152
chr16	73372403	rs7189531
chr16	73372697	rs9928063
chr16	73373724	rs7200738
chr16	73374414	rs1001722
chr16	73374775	rs12149821
chr16	73374885	rs8054563
chr16	73376084	rs7198826
chr16	73377447	rs12920575
chr16	73377471	rs9940859
chr16	73378313	rs11860677
chr16	73379572	rs12920726
chr16	73379844	rs12921190
chr16	73379979	rs7205892
chr16	73380034	rs12921495
chr16	73380181	rs9930880
chr16	73380580	rs1423734
chr16	73381333	rs2113268
chr16	73381363	rs2113267
chr16	73384531	rs7203059
chr16	73384604	rs6564143
chr16	73384970	rs11648080
chr16	73385828	rs8063372
chr16	73386531	rs13337910
chr16	73387102	rs8052830
chr16	73388501	rs16971898
chr16	73389303	rs1477403
chr16	73391861	rs8060963
chr16	73391873	rs12446661
chr16	73392008	rs3954312
chr16	73393457	rs9930881
chr16	73395011	rs7188767
chr16	73396108	rs11642077
chr16	73396169	rs11646191
chr16	73396561	rs12927703
chr16	73399193	rs9922767
chr16	73402314	rs11859832
chr16	73405456	rs9934948
chr16	73406054	rs8044997
chr16	73406253	rs34046694
chr16	73406872	rs12102451
chr16	73410889	rs7189175
chr16	73411136	rs7203412
chr16	73411310	rs4888252
chr16	73417282	rs12599734
chr16	73418940	rs2161675
chr16	73419454	rs992734
chr16	73419785	rs4888261
chr16	73420742	rs12924196
chr16	73420973	rs1055164
chr16	73421119	rs1055165
chr16	73421932	rs17372690
chr16	73422791	rs11645128
chr16	73423478	rs929873
chr16	73424023	rs7189261
chr16	73424935	rs16971945
chr16	73426173	rs6564189
chr16	73427258	rs1978489
chr16	73427591	rs996220
chr16	73428260	rs11149790
chr16	73428430	rs1364065
chr16	73428559	rs16971956
chr16	73428587	rs1364064
chr16	73432055	rs12446380
chr16	73432639	rs17373662
chr16	73432846	rs12930291
chr16	73432980	rs12918898
chr16	73433834	rs1423727
chr16	73434017	rs1423726
chr16	73434276	rs8051200
chr16	73435159	rs16971961
chr16	73435556	rs4888286
chr16	73435577	rs7201617
chr16	73435746	rs7201998
chr16	73437851	rs11649534
chr16	73443226	rs9788947
chr16	73444582	rs4888304
chr16	73445662	rs1424009
chr16	73451206	rs8047267
chr16	73455134	rs12925165
chr16	73457025	rs1559381
chr16	73461762	rs9888988
chr16	73465030	rs10871310
chr16	73465095	rs6564255
chr16	73466901	rs1345872
chr16	73467340	rs1364223
chr16	73467637	rs12446956
chr16	73469995	rs4888346
chr16	73470311	rs4887804
chr16	73472364	rs4888352
chr16	73474852	rs1862773
chr16	73476465	rs1424011
chr16	73479663	rs1862778
chr16	73482401	rs9933944
chr16	73485152	rs11863313
chr16	73485709	rs4888373
chr16	73486561	rs8062545
chr16	73490273	rs8053178
chr16	73490397	rs825844
chr16	73491338	rs825842
chr16	73493034	rs705890
chr16	73494525	rs16972035
chr16	73495081	rs2432543
chr16	73495393	rs16972039
chr16	73495861	rs6564272
chr16	73501355	rs4887826
chr16	73502184	rs825850
chr16	73502322	rs825851
chr16	73502601	rs825852
chr16	73505482	rs11648088
chr16	73505649	rs825837
chr16	73506066	rs12923860
chr16	73507390	rs7195237
chr16	73508861	rs825836
chr16	73509057	rs16972061
chr16	73510358	rs9938355
chr16	73511124	rs825832
chr16	73511712	rs825829
chr16	73511740	rs825828
chr16	73511956	rs9931395
chr16	73516444	rs2380337
chr16	73518601	rs8046139
chr16	73518744	rs2432544
chr16	73518800	rs2432545
chr16	73518908	rs8062205
chr16	73521211	rs16972092
chr16	73521904	rs825860
chr16	73522104	rs825859
chr16	73522325	rs825858
chr16	73523163	rs825857
chr16	73525284	rs860380
chr16	73525458	rs10500572
chr16	73527099	rs4888447
chr16	73528692	rs11643638
chr16	73529064	rs1095396
chr16	73529689	rs4887838
chr16	73529743	rs12919567
chr16	73531400	rs2432547
chr16	73533577	rs12925509
chr16	73533650	rs2459557
chr16	73536608	rs825838
chr16	73536652	rs8048167
chr16	73541221	rs7201333
chr16	73542902	rs16972157
chr16	73545182	rs1568142
chr16	73547159	rs7191888
chr16	73549452	rs11648365
chr16	73549587	rs11648454
chr16	73550631	rs1517176
chr16	73552867	rs956065
chr16	73553437	rs7203906
chr16	73553909	rs7196605
chr16	73556815	rs825692
chr16	73560320	rs705891
chr16	73560504	rs705893
chr16	73561819	rs825688
chr16	73566673	rs825702
chr16	73568691	rs705894
chr16	73569027	rs862227
chr16	73571525	rs12716810
chr16	73572383	rs825678
chr16	73575957	rs825684
chr16	73576541	rs12597434
chr16	73577027	rs825686
chr16	73578221	rs825687
chr16	73578370	rs3111346
chr16	73580792	rs2380340
chr16	73583100	rs7189538
chr16	73586806	rs11865107
chr16	73594868	rs9923688
chr16	73598310	rs8058406
chr16	73600286	rs11149919
chr16	73603732	rs8054782
chr16	73605544	rs2127737
chr16	73608700	rs11864287
chr16	73608991	rs975746
chr16	73610565	rs4888520
chr16	73610845	rs8044303
chr16	73613709	rs1471536
chr16	73615607	rs1160615
chr16	73616954	rs4887870
chr16	73617203	rs4243126
chr16	73619147	rs11149935
chr16	73627967	rs922646
chr16	73630849	rs8063166
chr16	73634078	rs13332574
chr16	73636435	rs12919756
chr16	73639435	rs1383359
chr16	73640317	rs1383361
chr16	73642389	rs12149845
chr16	73642843	rs1480570
chr16	73645767	rs8059171
chr16	73651911	rs1904831
chr16	73655900	rs11642050
chr16	73659093	rs7192182
chr16	73659537	rs987885
chr16	73662180	rs4888588
chr16	73662374	rs12596350
chr16	73667884	rs8055947
chr16	73668268	rs2199898
chr16	73670127	rs983685
chr16	73670372	rs1480566
chr16	73670563	rs17377346
chr16	73670755	rs4888601
chr16	73671772	rs4243135
chr16	73671881	rs4243136
chr16	73672949	rs1480567
chr16	73674625	rs716271
chr16	73674990	rs716270
chr16	73676576	rs8056272
chr16	73678193	rs8063337
chr16	73678335	rs8059199
chr16	73679784	rs764255
chr16	73684469	rs1026817
chr16	73689754	rs8055965
chr16	73690335	rs7203717
chr16	73690782	rs7190511
chr16	73691321	rs974562
chr16	73691753	rs974563
chr16	73691949	rs9935126
chr16	73692111	rs8047721
chr16	73692972	rs7194648
chr16	73694721	rs12920607
chr16	73696010	rs12102385
chr16	73697212	rs8054209
chr16	73698410	rs2127740
chr16	73698704	rs1383362
chr16	73699389	rs1383363
chr16	73701243	rs7204574
chr16	73703474	rs7184882
chr16	73705589	rs11648520
chr16	73706563	rs4888636
chr16	73706886	rs4888637
chr16	73708337	rs4243139
chr16	73711455	rs1873725
chr16	73714871	rs4888649
chr16	73714995	rs8061111
chr16	73715255	rs9888962
chr16	73717335	rs8043636
chr16	73717521	rs11647915
chr16	73717831	rs9923521
chr16	73718979	rs12927636
chr16	73719083	rs16972369
chr16	73719134	rs7206578
chr16	73720435	rs2639304
chr16	73720754	rs2639305
chr16	73723157	rs2639307
chr16	73723998	rs2639311
chr16	73724564	rs2639317
chr16	73724623	rs12443917
chr16	73726243	rs6564490
chr16	73726403	rs6564491
chr16	73728439	rs2639313
chr16	73728472	rs2729609
chr16	73728658	rs1038864
chr16	73730901	rs16972410
chr16	73735075	rs328349
chr16	73735777	rs179184
chr16	73736736	rs16972423
chr16	73738222	rs16972424
chr16	73739604	rs4888688
chr16	73739827	rs13332962
chr16	73740422	rs1492564
chr16	73740956	rs9933173
chr16	73741889	rs1122322
chr16	73743658	rs367823
chr16	73743914	rs388379
chr16	73744525	rs386465
chr16	73748132	rs8057964
chr16	73748295	rs439530
chr16	73748697	rs417940
chr16	73749851	rs1352974
chr16	73750231	rs328333
chr16	73750823	rs16972457
chr16	73751962	rs328338
chr16	73752033	rs328339
chr16	73752139	rs328340
chr16	73754122	rs12447507
chr16	73754467	rs12447239
chr16	73754577	rs11641995
chr16	73755255	rs7192167
chr16	73755291	rs992507
chr16	73757311	rs10500573
chr16	73757589	rs2019811
chr16	73757961	rs729432
chr16	73758295	rs729430
chr16	73763109	rs328370
chr16	73764640	rs172919
chr16	73765293	rs328368
chr16	73765898	rs6564532
chr16	73765908	rs328367
chr16	73766730	rs1388900
chr16	73768065	rs4387626
chr16	73768281	rs420675
chr16	73768490	rs16972537
chr16	73770056	rs170594
chr16	73770423	rs328355
chr16	73770802	rs16972539
chr16	73770899	rs328357
chr16	73771310	rs1511924
chr16	73772540	rs328358
chr16	73772653	rs328359
chr16	73773168	rs328361
chr16	73774683	rs13333515
chr16	73775971	rs13338214
chr16	73776029	rs400223
chr16	73779167	rs2386717
chr16	73779712	rs432037
chr16	73782135	rs328331
chr16	73782423	rs744350
chr16	73783935	rs12447336
chr16	73786306	rs328328
chr16	73787906	rs8063430
chr16	73788655	rs2639323
chr16	73789797	rs17329095
chr16	73793345	rs1492565
chr16	73794458	rs737672
chr16	73795064	rs4888799
chr16	73795212	rs369868
chr16	73795371	rs427576
chr16	73797343	rs16972586
chr16	73797617	rs565955
chr16	73798286	rs410109
chr16	73799865	rs328399
chr16	73801800	rs328395
chr16	73804268	rs328389
chr16	73805897	rs328384
chr16	73809432	rs179181
chr16	73809907	rs328317
chr16	73813907	rs1873724
chr16	73814534	rs2019175
chr16	73816821	rs7499118
chr16	73817443	rs328345
chr16	73817546	rs328346
chr16	73817792	rs328347
chr16	73819195	rs328348
chr16	73821824	rs753808
chr16	73822008	rs875270
chr16	73822680	rs1078346
chr16	73824057	rs328321
chr16	73830763	rs328365
chr16	73833103	rs425594
chr16	73841887	rs328319
chr16	73843009	rs328374
chr16	73848748	rs17331301
chr16	73851250	rs1877354
chr16	73853016	rs11647521
chr16	73854698	rs2729613
chr16	73855565	rs10500575
chr16	73859174	rs4888917
chr16	73860123	rs17331662
chr16	73860416	rs16972698
chr16	73860577	rs17390992
chr16	73865453	rs2892190
chr16	73866653	rs16972701
chr16	73867058	rs6564665
chr16	73868138	rs8048310
chr16	73874160	rs13335367
chr16	73875751	rs11647652
chr16	73880913	rs17391167
chr16	73882211	rs1973619
chr16	73884177	rs9940311
chr16	73896374	rs9673361
chr16	73897631	rs12932508
chr16	73898691	rs12446725
chr16	73899017	rs17332447
chr16	73900261	rs4343313
chr16	73907819	rs7204990
chr16	73937409	rs7194996
chr16	73942231	rs4402595
chr16	73947108	rs12051297
chr16	73952872	rs2663157
chr16	73959153	rs2663158
chr16	73962674	rs2189610
chr16	73962708	rs2189609
chr16	73967639	rs2248882
chr16	73971125	rs2663145
chr16	73973257	rs2663146
chr16	73974643	rs2526071
chr16	73976403	rs9932434
chr16	73983527	rs7191369
chr16	73983770	rs2387082
chr16	73986345	rs1071990
chr16	73993349	rs2716566
chr16	73998328	rs2716569
chr16	74003055	rs2526067
chr16	74003938	rs2526066
chr16	74007822	rs2526063
chr16	74011780	rs916985
chr16	74018428	rs2526061
chr16	74018566	rs2526060
chr16	74018657	rs2526059
chr16	74020770	rs2526058
chr16	74024547	rs2526057
chr16	74025466	rs2526055
chr16	74025872	rs929298
chr16	74026386	rs6564809
chr16	74028197	rs9934601
chr16	74028304	rs2716591
chr16	74028345	rs6564810
chr16	74028437	rs9928459
chr16	74029381	rs4888108
chr16	74029433	rs7184514
chr16	74036733	rs2716555
chr16	74037308	rs2716554
chr16	74039733	rs11642698
chr16	74041473	rs12934360
chr16	74042353	rs2716601
chr16	74042748	rs11647029
chr16	74043420	rs2716598
chr16	74043836	rs12919941
chr16	74044036	rs12920224
chr16	74045220	rs2716596
chr16	74045470	rs4889215
chr16	74047427	rs4888114
chr16	74051954	rs7190649
chr16	74053915	rs2716579
chr16	74054192	rs2387084
chr16	74054574	rs766410
chr16	74055183	rs9932030
chr16	74055586	rs2526045
chr16	74057162	rs12599594
chr16	74057221	rs12445942
chr16	74063367	rs2716606
chr16	74064108	rs2716605
chr16	74065075	rs8051876
chr16	74070318	rs8056551
chr16	74073302	rs12149894
chr16	74073878	rs2526039
chr16	74073941	rs7186818
chr16	74074995	rs7500512
chr16	74075925	rs9935622
chr16	74082828	rs2526038
chr16	74090596	rs6564902
chr16	74091011	rs765172
chr16	74091932	rs12149853
chr16	74092453	rs10871418
chr16	74093384	rs2387085
chr16	74094290	rs971963
chr16	74097029	rs12598046
chr16	74097086	rs11640269
chr16	74100412	rs7184896
chr16	74106214	rs2107459
chr16	74106612	rs10871421
chr16	74114266	rs7500477
chr16	74115033	rs1125804
chr16	74116584	rs7184412
chr16	74117837	rs6564929
chr16	74119372	rs8043540
chr16	74120576	rs12443910
chr16	74123557	rs6564941
chr16	74125248	rs11150428
chr16	74125594	rs9927376
chr16	74128652	rs7404213
chr16	74135422	rs2716562
chr16	74135757	rs2716563
chr16	74139280	rs2107460
chr16	74141880	rs2550460
chr16	74142302	rs13334241
chr16	74142813	rs7187327
chr16	74143177	rs8052228
chr16	74143496	rs6564984
chr16	74146029	rs2550461
chr16	74146218	rs2550462
chr16	74152868	rs2550465
chr16	74155815	rs200286
chr16	74157214	rs2550466
chr16	74159507	rs12931901
chr16	74163292	rs9928066
chr16	74165688	rs9938838
chr16	74165921	rs7197309
chr16	74166000	rs7184625
chr16	74166018	rs7184641
chr16	74166500	rs7190082
chr16	74166852	rs13334020
chr16	74169421	rs4889460
chr16	74170043	rs7200523
chr16	74170252	rs7196103
chr16	74172163	rs7200699
chr16	74175255	rs4456532
chr16	74182344	rs7203003
chr16	74185064	rs12925126
chr16	74186090	rs12922491
chr16	74192322	rs807293
chr16	74195254	rs200281
chr16	74199821	rs200264
chr16	74204722	rs11647670
chr16	74205870	rs2301848
chr16	74207006	rs7192735
chr16	74207204	rs9935195
chr16	74214890	rs7200946
chr16	74216354	rs4889484
chr16	74219469	rs10431982
chr16	74229120	rs9923299
chr16	74229485	rs8045581
chr16	74236637	rs13334448
chr16	74243062	rs4888211
chr16	74243945	rs755859
chr16	74246674	rs12102785
chr16	74252678	rs17334975
chr16	74252747	rs7192613
chr16	74253678	rs9935986
chr16	74254464	rs16973134
chr16	74256742	rs929878
chr16	74266635	rs11641366
chr16	74267578	rs9673539
chr16	74268828	rs918736
chr16	74269992	rs12325114
chr16	74270966	rs1424083
chr16	74280582	rs9929390
chr16	74289544	rs7201205
chr16	74290964	rs10500585
chr16	74291233	rs12921488
chr16	74292331	rs11648762
chr16	74296021	rs3760054
chr16	74301306	rs17336700
chr16	74303138	rs1195629
chr16	74306533	rs1195630
chr16	74308004	rs1195631
chr16	74312615	rs9927929
chr16	74315145	rs12596957
chr16	74321215	rs9923084
chr16	74327031	rs4888213
chr16	74346075	rs12931518
chr16	74431616	rs11648326
chr16	74432521	rs6564097
chr16	74433062	rs13339629
chr16	74433795	rs11641117
chr16	74435223	rs8063458
chr16	74437522	rs11649338
chr16	74438686	rs12444150
chr16	74438798	rs10871290
chr16	74439944	rs9939012
chr16	74441292	rs3844218
chr16	74441593	rs9921991
chr16	74446519	rs9930260
chr16	74446762	rs3851728
chr16	74447429	rs16943885
chr16	74448155	rs13359
chr16	74448490	rs17338280
chr16	74449601	rs4888238
chr16	74451631	rs3851729
chr16	74451890	rs3851731
chr16	74456631	rs3760055
chr16	74456891	rs12446054
chr16	74457526	rs4888240
chr16	74457677	rs2288053
chr16	74457835	rs2288054
chr16	74464500	rs3826239
chr16	74464730	rs4888242
chr16	74465691	rs2303275
chr16	74466847	rs12598791
chr16	74468705	rs11639812
chr16	74470107	rs2303279
chr16	74474804	rs3815826
chr16	74479886	rs4888245
chr16	74480064	rs918782
chr16	74481179	rs12443505
chr16	74482391	rs2216772
chr16	74482510	rs2161731
chr16	74483257	rs2303281
chr16	74483454	rs2098754
chr16	74486397	rs1469140
chr16	74487539	rs1469139
chr16	74490214	rs4888246
chr16	74492277	rs4635371
chr16	74493720	rs12446095
chr16	74500906	rs7195930
chr16	74501005	rs7190577
chr16	74502402	rs11644298
chr16	74502929	rs13339161
chr16	74503693	rs4887772
chr16	74506199	rs7189123
chr16	74506263	rs7189809
chr16	74508069	rs11648868
chr16	74544212	rs8053369
chr16	74546157	rs2078330
chr16	74549248	rs4888253
chr16	74551880	rs12448026
chr16	74558585	rs7359422
chr16	74560697	rs7203452
chr16	74561751	rs4888254
chr16	74567369	rs7185026
chr16	74570943	rs3935784
chr16	74574063	rs4888256
chr16	74575279	rs8045848
chr16	74578938	rs9921249
chr16	74581526	rs8058437
chr16	74586109	rs8053084
chr16	74587231	rs6564145
chr16	74592442	rs7193423
chr16	74593813	rs8058034
chr16	74594732	rs7193508
chr16	74601734	rs4887776
chr16	74603738	rs9932831
chr16	74603923	rs4887777
chr16	74604261	rs4887778
chr16	74606488	rs4438331
chr16	74607744	rs12932141
chr16	74608641	rs7205258
chr16	74613897	rs4887779
chr16	74615677	rs7194143
chr16	74618464	rs9927073
chr16	74620575	rs11866601
chr16	74623523	rs7204804
chr16	74627261	rs8050262
chr16	74628699	rs11149759
chr16	74630845	rs7193541
chr16	74636560	rs4888262
chr16	74638303	rs9938833
chr16	74645346	rs8047350
chr16	74649839	rs4888265
chr16	74651691	rs6564154
chr16	74652268	rs9923145
chr16	74652792	rs8050624
chr16	74655050	rs7191665
chr16	74657366	rs8062783
chr16	74658555	rs4243108
chr16	74660160	rs7201320
chr16	74661181	rs8058922
chr16	74663523	rs8055784
chr16	74664818	rs7342732
chr16	74665395	rs9931225
chr16	74667462	rs4402594
chr16	74668356	rs4448975
chr16	74668532	rs4395097
chr16	74672063	rs8998
chr16	74672838	rs4072222
chr16	74673139	rs9929483
chr16	74675308	rs11862413
chr16	74675839	rs7184423
chr16	74676830	rs7196369
chr16	74679156	rs6564159
chr16	74680114	rs11640974
chr16	74686569	rs9928238
chr16	74688978	rs12598704
chr16	74689809	rs4265826
chr16	74691035	rs10871295
chr16	74701250	rs9932977
chr16	74701544	rs2057803
chr16	74701797	rs2057805
chr16	74702222	rs2097840
chr16	74702773	rs2158456
chr16	74702963	rs12445854
chr16	74707070	rs11646445
chr16	74707593	rs11647680
chr16	74708625	rs7203189
chr16	74709838	rs7187229
chr16	74711030	rs7194055
chr16	74712505	rs28579687
chr16	74712899	rs4247497
chr16	74716453	rs11554620
chr16	74716507	rs2301865
chr16	74719181	rs2074629
chr16	74721613	rs886548
chr16	74722032	rs12919626
chr16	74723085	rs2240244
chr16	74723820	rs4247498
chr16	74725086	rs2240245
chr16	74728570	rs6564162
chr16	74730895	rs2240246
chr16	74731456	rs2240247
chr16	74732279	rs6564163
chr16	74734914	rs1076251
chr16	74736201	rs11645307
chr16	74736778	rs2240251
chr16	74736807	rs2240252
chr16	74737469	rs9937139
chr16	74738900	rs2240255
chr16	74738953	rs2240256
chr16	74742273	rs11643479
chr16	74744108	rs4999690
chr16	74749500	rs4985360
chr16	74752004	rs7185697
chr16	74752203	rs4488477
chr16	74753777	rs10871296
chr16	74758961	rs11640870
chr16	74759818	rs6564166
chr16	74762820	rs6564168
chr16	74763095	rs4888283
chr16	74763239	rs4888284
chr16	74767412	rs7187614
chr16	74771770	rs933335
chr16	74773594	rs8060979
chr16	74774527	rs929881
chr16	74778778	rs4556811
chr16	74786173	rs241371
chr16	74795475	rs1013978
chr16	74796446	rs8060911
chr16	74798058	rs7188641
chr16	74801316	rs2113274
chr16	74803805	rs4888287
chr16	74805622	rs11149768
chr16	74812148	rs6564172
chr16	74813034	rs9931439
chr16	74817014	rs8054840
chr16	74823654	rs4887786
chr16	74826658	rs16947526
chr16	74827014	rs17762472
chr16	74827037	rs12935766
chr16	74827197	rs6564173
chr16	74834620	rs11648451
chr16	74835455	rs7202659
chr16	74839615	rs725710
chr16	74839676	rs725709
chr16	74840029	rs7190905
chr16	74840624	rs9925233
chr16	74842048	rs9941191
chr16	74842714	rs4328467
chr16	74844058	rs7189084
chr16	74845096	rs6564175
chr16	74846622	rs12445106
chr16	74850172	rs6564177
chr16	74850199	rs11643354
chr16	74850275	rs7191946
chr16	74850760	rs2869846
chr16	74851668	rs16948315
chr16	74851822	rs17684088
chr16	74854656	rs12934578
chr16	74855186	rs7205159
chr16	74855808	rs8047195
chr16	74860417	rs7202281
chr16	74861978	rs13339653
chr16	74863350	rs12447968
chr16	74872216	rs8049101
chr16	74872631	rs12051108
chr16	74873426	rs16948766
chr16	74873444	rs13338894
chr16	74873493	rs933724
chr16	74873542	rs9932176
chr16	74874541	rs2870148
chr16	74876217	rs17762713
chr16	74884887	rs2098743
chr16	74886293	rs14308
chr16	74886476	rs4888305
chr16	74887548	rs2288041
chr16	74888585	rs11644822
chr16	74888959	rs8044050
chr16	74892622	rs11149776
chr16	74893049	rs11149777
chr16	74894410	rs11864349
chr16	74899862	rs10514387
chr16	74900284	rs10514388
chr16	74900381	rs10514389
chr16	74901334	rs7342703
chr16	74901702	rs9926494
chr16	74902133	rs2059266
chr16	74903745	rs9939371
chr16	74903930	rs9930270
chr16	74904185	rs9930498
chr16	74904505	rs9927384
chr16	74904845	rs12929664
chr16	74904959	rs2869880
chr16	74905822	rs2904226
chr16	74907424	rs4887790
chr16	74909362	rs2303254
chr16	74910675	rs1469130
chr16	74916298	rs16950254
chr16	74916388	rs17673200
chr16	74916571	rs17763066
chr16	74919242	rs16950325
chr16	74920999	rs7203058
chr16	74930566	rs4887794
chr16	74932844	rs9937106
chr16	74933921	rs8043624
chr16	74942162	rs8059903
chr16	74943972	rs11149785
chr16	74944720	rs2042415
chr16	74955442	rs951575
chr16	74955590	rs2011533
chr16	74956106	rs1943064
chr16	74956163	rs1943063
chr16	74957966	rs4888320
chr16	74963294	rs8044498
chr16	74965719	rs4888324
chr16	74971299	rs7186699
chr16	74974450	rs4888327
chr16	74978559	rs9646309
chr16	74985172	rs3814875
chr16	74991650	rs11149788
chr16	74996831	rs6564193
chr16	74999399	rs8053898
chr16	75002535	rs8051077
chr16	75011727	rs1954956
chr16	75021620	rs4887801
chr16	75025708	rs11149792
chr16	75026105	rs9936032
chr16	75039913	rs8045908
chr16	75042840	rs9928718
chr16	75042975	rs9928828
chr16	75047653	rs4243109
chr16	75049799	rs9934268
chr16	75053687	rs4613095
chr16	75054541	rs12931084
chr16	75054882	rs8058376
chr16	75057069	rs11149794
chr16	75060886	rs6564200
chr16	75061797	rs6564201
chr16	75069054	rs9936747
chr16	75074777	rs4888336
chr16	75075226	rs4356504
chr16	75075273	rs17605046
chr16	75075628	rs4887802
chr16	75076920	rs8063168
chr16	75081805	rs878891
chr16	75083347	rs4307975
chr16	75088954	rs7201936
chr16	75089596	rs4888340
chr16	75090096	rs4447456
chr16	75093005	rs7501201
chr16	75102988	rs12599058
chr16	75104039	rs9938411
chr16	75105508	rs11149797
chr16	75107162	rs989925
chr16	75110367	rs15819
chr16	75110399	rs1043503
chr16	75111640	rs11648082
chr16	75116377	rs730168
chr16	75118928	rs1820217
chr16	75119076	rs1579333
chr16	75127407	rs1423877
chr16	75131077	rs12445816
chr16	75133681	rs7195303
chr16	75138442	rs9927029
chr16	75146616	rs7190094
chr16	75151866	rs9939124
chr16	75152163	rs9939401
chr16	75152372	rs12445986
chr16	75153391	rs6564213
chr16	75154291	rs11149802
chr16	75154521	rs10871302
chr16	75164571	rs9930932
chr16	75166098	rs2325828
chr16	75166189	rs6564214
chr16	75167162	rs6564215
chr16	75167364	rs11643063
chr16	75168341	rs11645602
chr16	75168382	rs9931007
chr16	75168832	rs10514390
chr16	75169037	rs4427834
chr16	75169100	rs12716783
chr16	75170384	rs764551
chr16	75170427	rs12930876
chr16	75170545	rs12935567
chr16	75170820	rs10514391
chr16	75171004	rs7199871
chr16	75171243	rs7205215
chr16	75171866	rs7206003
chr16	75172541	rs12923789
chr16	75173199	rs1555445864
chr16	75173674	rs1555445885
chr16	75180214	rs12932959
chr16	75186111	rs7205074
chr16	75186365	rs9921632
chr16	75189593	rs10871304
chr16	75190835	rs4479268
chr16	75191073	rs6564221
chr16	75191124	rs11643004
chr16	75194071	rs2904419
chr16	75194085	rs8047896
chr16	75196165	rs11149807
chr16	75196740	rs1019537
chr16	75196841	rs1019539
chr16	75197771	rs889511
chr16	75198388	rs10514392
chr16	75202256	rs8047814
chr16	75204205	rs4737
chr16	75208831	rs9928736
chr16	75212521	rs9927309
chr16	75213347	rs7202877
chr16	75217401	rs889515
chr16	75218408	rs8056797
chr16	75218429	rs8056814
chr16	75218628	rs4243110
chr16	75221231	rs11864719
chr16	75221319	rs8051363
chr16	75222353	rs8057145
chr16	75222462	rs8045196
chr16	75228527	rs12924999
chr16	75229763	rs7190458
chr16	75231821	rs8062565
chr16	75232709	rs9934251
chr16	75232943	rs11641289
chr16	75235636	rs3743613
chr16	75240384	rs2870471
chr16	75241333	rs36097424
chr16	75242397	rs7195938
chr16	75243582	rs4887810
chr16	75244897	rs1035540
chr16	75247060	rs3743614
chr16	75248066	rs1862737
chr16	75256353	rs1469121
chr16	75258222	rs4888367
chr16	75260313	rs4261573
chr16	75260691	rs4493083
chr16	75261741	rs13337397
chr16	75262349	rs8052310
chr16	75267707	rs9319482
chr16	75272504	rs999675
chr16	75275001	rs6564245
chr16	75280940	rs10781976
chr16	75282176	rs729109
chr16	75284748	rs1559339
chr16	75286929	rs4243111
chr16	75293503	rs9921330
chr16	75293813	rs11552522
chr16	75294410	rs11640018
chr16	75294612	rs1010632
chr16	75298143	rs4888378
chr16	75304957	rs3743607
chr16	75305233	rs7192981
chr16	75305397	rs11641943
chr16	75308948	rs10871308
chr16	75309034	rs10781977
chr16	75313792	rs4888380
chr16	75324309	rs1017239
chr16	75326198	rs8046109
chr16	75326836	rs8050662
chr16	75331042	rs8053632
chr16	75338022	rs3851734
chr16	75343852	rs9928744
chr16	75344035	rs9319484
chr16	75344516	rs9972714
chr16	75354833	rs8050059
chr16	75356634	rs9934007
chr16	75358039	rs35263058
chr16	75359454	rs17696696
chr16	75362071	rs7192448
chr16	75362478	rs2059257
chr16	75368463	rs8044442
chr16	75381443	rs1549306
chr16	75381877	rs4146809
chr16	75388303	rs8048816
chr16	75390212	rs766522
chr16	75390256	rs766521
chr16	75391655	rs4638613
chr16	75397886	rs166012
chr16	75400248	rs166013
chr16	75400660	rs8056345
chr16	75405234	rs247427
chr16	75411777	rs1109342
chr16	75418636	rs2650408
chr16	75428815	rs11149832
chr16	75432798	rs12917651
chr16	75436379	rs13337069
chr16	75436678	rs4888422
chr16	75439434	rs9926453
chr16	75441806	rs7206780
chr16	75445255	rs2161684
chr16	75446399	rs7186825
chr16	75446710	rs42471
chr16	75447317	rs451589
chr16	75447873	rs2242405
chr16	75449166	rs12933281
chr16	75450343	rs247446
chr16	75452750	rs247447
chr16	75453860	rs8046416
chr16	75458344	rs6564261
chr16	75458808	rs8057084
chr16	75462088	rs1424013
chr16	75471148	rs37602
chr16	75472695	rs977987
chr16	75477075	rs4888432
chr16	75486019	rs100912
chr16	75486763	rs247444
chr16	75487132	rs247445
chr16	75493626	rs2550902
chr16	75494613	rs2550904
chr16	75497612	rs2650411
chr16	75497871	rs2903032
chr16	75505538	rs2550893
chr16	75505987	rs2550892
chr16	75514182	rs2738799
chr16	75515987	rs7197382
chr16	75522940	rs2472200
chr16	75524585	rs3851741
chr16	75526518	rs8046977
chr16	75527297	rs8046531
chr16	75529432	rs3826107
chr16	75529848	rs8048818
chr16	75530389	rs3784932
chr16	75531522	rs2641806
chr16	75531756	rs17606758
chr16	75532981	rs3736377
chr16	75535366	rs2641804
chr16	75535841	rs3784934
chr16	75535906	rs2641803
chr16	75537351	rs2641801
chr16	75538025	rs2550886
chr16	75538114	rs2550887
chr16	75539986	rs2242407
chr16	75540132	rs2242406
chr16	75540526	rs2550911
chr16	75540831	rs4149501
chr16	75541512	rs7202717
chr16	75543017	rs2738808
chr16	75543661	rs7199936
chr16	75547171	rs2641809
chr16	75547184	rs2738793
chr16	75549601	rs12595883
chr16	75554068	rs8061183
chr16	75559185	rs10468346
chr16	75561020	rs964632
chr16	75563238	rs12599322
chr16	75568899	rs11149841
chr16	75570027	rs6564267
chr16	75572316	rs3743603
chr16	75574688	rs12598094
chr16	75579176	rs11645180
chr16	75580374	rs4887833
chr16	75583275	rs9934159
chr16	75589095	rs8051241
chr16	75589742	rs7196038
chr16	75591202	rs16940362
chr16	75606464	rs3863448
chr16	75612678	rs3743599
chr16	75612787	rs3743598
chr16	75615377	rs11149843
chr16	75621028	rs16940961
chr16	75621151	rs1874022
chr16	75622502	rs16941008
chr16	75625951	rs963820
chr16	75626261	rs5010692
chr16	75626469	rs41331045
chr16	75626909	rs1979717
chr16	75628322	rs8051771
chr16	75628985	rs41505349
chr16	75630999	rs16941287
chr16	75631121	rs7189895
chr16	75631596	rs16941301
chr16	75633893	rs2289063
chr16	75634056	rs6564270
chr16	75640055	rs16941516
chr16	75640790	rs8053257
chr16	75643129	rs3784929
chr16	75647244	rs2233805
chr16	75647801	rs920037
chr16	75652248	rs7186790
chr16	75653163	rs7195089
chr16	75655623	rs7193066
chr16	75656381	rs4888444
chr16	75657079	rs11556641
chr16	75657754	rs11639771
chr16	75659066	rs16942032
chr16	75662608	rs11860980
chr16	75677006	rs920036
chr16	75684032	rs2865802
chr16	75689440	rs9939638
chr16	75691042	rs7201040
chr16	75692238	rs10871314
chr16	75694363	rs7198138
chr16	75694470	rs17697324
chr16	75694821	rs7199230
chr16	75701441	rs7192453
chr16	75706351	rs1030264
chr16	75714293	rs882263
chr16	75717715	rs6564274
chr16	75731145	rs7192740
chr16	75732190	rs4888452
chr16	75749033	rs8053219
chr16	75749219	rs2161698
chr16	75754942	rs1991053
chr16	75760105	rs12445123
chr16	75761128	rs16943274
chr16	75763063	rs16943285
chr16	75766129	rs1477401
chr16	75769317	rs12446035
chr16	75772565	rs1424093
chr16	75786645	rs7202210
chr16	75788257	rs9921061
chr16	75788698	rs9922846
chr16	75789814	rs7199044
chr16	75801788	rs4887839
chr16	75803454	rs16943976
chr16	75804698	rs3096362
chr16	75806731	rs17765038
chr16	75807596	rs9927143
chr16	75814390	rs16943556
chr16	75819489	rs16943557
chr16	75819728	rs16943558
chr16	75838000	rs12597128
chr16	75838566	rs8058108
chr16	75848161	rs4887840
chr16	75863641	rs7192895
chr16	75864743	rs4262972
chr16	75864816	rs8047559
chr16	75869598	rs11149861
chr16	75870616	rs9921522
chr16	75870814	rs7188432
chr16	75880408	rs9927069
chr16	75884715	rs9921561
chr16	75885681	rs4516259
chr16	75888272	rs4586452
chr16	75894447	rs7194360
chr16	75894712	rs7190063
chr16	75895816	rs12325130
chr16	75901127	rs13330112
chr16	75902928	rs12928076
chr16	75904365	rs12935456
chr16	75908998	rs7501326
chr16	75913426	rs7184592
chr16	75913463	rs7185987
chr16	75915291	rs3974871
chr16	75916534	rs13333708
chr16	75917093	rs8052537
chr16	75917672	rs2036206
chr16	75919974	rs8055387
chr16	75921207	rs12102700
chr16	75922076	rs13334488
chr16	75923908	rs13332693
chr16	75925669	rs17608215
chr16	75925846	rs1566184
chr16	75926149	rs9927640
chr16	75927979	rs6564296
chr16	75928024	rs8044375
chr16	75940995	rs12447346
chr16	75949808	rs12599634
chr16	75951163	rs953348
chr16	75951319	rs1391411
chr16	75957140	rs1948631
chr16	75960300	rs7189235
chr16	75962058	rs1498059
chr16	75963452	rs3925322
chr16	75963938	rs1018096
chr16	75964556	rs958490
chr16	75964758	rs12599234
chr16	75972014	rs4608363
chr16	75975430	rs17765278
chr16	75975883	rs17676550
chr16	75976700	rs6564298
chr16	75977744	rs2866261
chr16	75978181	rs870890
chr16	75978291	rs904263
chr16	75980490	rs10514400
chr16	75980833	rs17765320
chr16	75984498	rs11649423
chr16	75984957	rs1353690
chr16	75985888	rs7185108
chr16	75987202	rs9926707
chr16	75987611	rs8055817
chr16	75987671	rs8057728
chr16	75987800	rs8057412
chr16	75988538	rs1909110
chr16	75988592	rs1909109
chr16	75989548	rs17676795
chr16	75989566	rs17765393
chr16	75989599	rs10514398
chr16	75992783	rs1391408
chr16	75994775	rs35763384
chr16	75994966	rs16943764
chr16	75995033	rs11647278
chr16	75995274	rs11647358
chr16	75997839	rs1566183
chr16	75999279	rs16943768
chr16	76001365	rs11864176
chr16	76002365	rs17765530
chr16	76002805	rs6564299
chr16	76003966	rs8056924
chr16	76004366	rs1498064
chr16	76008409	rs17609120
chr16	76009616	rs1498053
chr16	76010313	rs1498054
chr16	76011411	rs16943791
chr16	76011522	rs10514397
chr16	76017295	rs4887845
chr16	76019499	rs1909106
chr16	76021588	rs1498056
chr16	76022061	rs17698077
chr16	76022636	rs16943825
chr16	76028344	rs174002
chr16	76035231	rs1423867
chr16	76038085	rs11149863
chr16	76042216	rs575583
chr16	76043396	rs160964
chr16	76045719	rs160960
chr16	76045823	rs160959
chr16	76047124	rs160954
chr16	76047492	rs150888
chr16	76048709	rs7205220
chr16	76050016	rs187709
chr16	76050645	rs160952
chr16	76056302	rs2454141
chr16	76061037	rs9937270
chr16	76062155	rs16943855
chr16	76062186	rs2432614
chr16	76062884	rs2866267
chr16	76063824	rs380730
chr16	76064851	rs368262
chr16	76064971	rs368679
chr16	76065561	rs432885
chr16	76065991	rs174000
chr16	76068628	rs190477
chr16	76071274	rs419958
chr16	76073566	rs160950
chr16	76077836	rs6564307
chr16	76079636	rs1895498
chr16	76082165	rs977045
chr16	76091412	rs364635
chr16	76095724	rs1423860
chr16	76096313	rs2903235
chr16	76096857	rs1423858
chr16	76096907	rs9939102
chr16	76100030	rs12185206
chr16	76105803	rs11648313
chr16	76106189	rs11149870
chr16	76106228	rs2432608
chr16	76106599	rs2432416
chr16	76107444	rs2278055
chr16	76109880	rs257821
chr16	76113878	rs1547992
chr16	76115506	rs7189202
chr16	76117563	rs8053596
chr16	76117691	rs257831
chr16	76118272	rs11648269
chr16	76121879	rs12600018
chr16	76121912	rs12595999
chr16	76125021	rs9922334
chr16	76125133	rs9933460
chr16	76125253	rs29868
chr16	76129095	rs4888477
chr16	76129151	rs1345851
chr16	76129285	rs4888478
chr16	76130978	rs12597900
chr16	76135545	rs724246
chr16	76135833	rs2288061
chr16	76135969	rs2288060
chr16	76136198	rs2288059
chr16	76136500	rs11646015
chr16	76136585	rs16943890
chr16	76137566	rs918690
chr16	76138389	rs1816107
chr16	76140290	rs1364132
chr16	76153094	rs11641350
chr16	76153772	rs9924994
chr16	76154427	rs11866152
chr16	76154599	rs12930149
chr16	76157639	rs1019531
chr16	76161707	rs16943919
chr16	76163136	rs12923102
chr16	76166548	rs10871321
chr16	76169384	rs257827
chr16	76175214	rs8049504
chr16	76177588	rs13330987
chr16	76179599	rs194453
chr16	76179855	rs16943941
chr16	76180091	rs2042378
chr16	76180125	rs16943946
chr16	76180596	rs16943950
chr16	76180695	rs2068767
chr16	76180876	rs2068766
chr16	76181261	rs16943958
chr16	76189332	rs12600067
chr16	76189784	rs11863922
chr16	76191151	rs12926989
chr16	76193586	rs41503154
chr16	76194008	rs41342148
chr16	76196880	rs8055313
chr16	76199501	rs12447696
chr16	76200286	rs41362653
chr16	76201128	rs12597760
chr16	76201347	rs12599976
chr16	76201366	rs12597800
chr16	76201812	rs3851752
chr16	76201965	rs3902005
chr16	76202164	rs11863642
chr16	76202656	rs41515248
chr16	76202889	rs4888484
chr16	76202914	rs4888485
chr16	76206082	rs8061174
chr16	76207101	rs41363750
chr16	76207515	rs2194294
chr16	76210780	rs962165
chr16	76213594	rs11866636
chr16	76214512	rs2161638
chr16	76215599	rs11644607
chr16	76217377	rs16943998
chr16	76218244	rs2866619
chr16	76218490	rs8059365
chr16	76219094	rs2866621
chr16	76219107	rs2866622
chr16	76219152	rs17639473
chr16	76220443	rs17559027
chr16	76220920	rs1984752
chr16	76227263	rs41531747
chr16	76227309	rs16944012
chr16	76227778	rs16943988
chr16	76227910	rs8059198
chr16	76230627	rs7500315
chr16	76231384	rs4888488
chr16	76234621	rs7189026
chr16	76235062	rs11861749
chr16	76235895	rs1544950
chr16	76236075	rs1544949
chr16	76236245	rs4614753
chr16	76237670	rs7186960
chr16	76238719	rs16944062
chr16	76241095	rs8044379
chr16	76241549	rs12596723
chr16	76242276	rs17560124
chr16	76243997	rs11149884
chr16	76246945	rs11645867
chr16	76247168	rs8048124
chr16	76255817	rs7202343
chr16	76257723	rs11149888
chr16	76259194	rs8062038
chr16	76259496	rs10492882
chr16	76261700	rs7195047
chr16	76275183	rs1559330
chr16	76276723	rs6564312
chr16	76287008	rs7185337
chr16	76287663	rs7189785
chr16	76288638	rs1549662
chr16	76290464	rs9923061
chr16	76291959	rs12325100
chr16	76292135	rs12929147
chr16	76296448	rs9319493
chr16	76300776	rs929853
chr16	76301925	rs7202977
chr16	76302712	rs1428759
chr16	76303502	rs17647391
chr16	76305763	rs9944363
chr16	76307008	rs9939043
chr16	76307609	rs1428758
chr16	76310112	rs13339334
chr16	76312096	rs6564315
chr16	76315100	rs2052866
chr16	76315514	rs16944202
chr16	76316908	rs2866710
chr16	76328116	rs6564323
chr16	76328297	rs13333703
chr16	76330280	rs8053796
chr16	76331934	rs8058722
chr16	76332598	rs8044400
chr16	76333016	rs1035532
chr16	76333289	rs1549660
chr16	76334817	rs8046953
chr16	76339082	rs9924992
chr16	76340541	rs13339408
chr16	76341636	rs12325009
chr16	76347094	rs17698989
chr16	76349640	rs1346557
chr16	76351977	rs9937260
chr16	76355237	rs17766740
chr16	76355544	rs2866712
chr16	76356674	rs2866714
chr16	76356909	rs16944299
chr16	76357346	rs4595825
chr16	76357395	rs4528602
chr16	76359844	rs17699214
chr16	76367088	rs17617031
chr16	76367221	rs12930160
chr16	76368289	rs12935373
chr16	76368901	rs12716807
chr16	76369497	rs7187266
chr16	76370160	rs1428753
chr16	76370659	rs7193350
chr16	76371619	rs17766904
chr16	76373056	rs17699285
chr16	76375135	rs17766945
chr16	76375632	rs8050346
chr16	76377331	rs12918149
chr16	76377428	rs17766957
chr16	76377579	rs17766975
chr16	76378420	rs8047462
chr16	76379010	rs12596399
chr16	76379860	rs9937490
chr16	76384814	rs9319496
chr16	76385217	rs9319497
chr16	76385417	rs3851755
chr16	76392323	rs1159415
chr16	76392537	rs4300675
chr16	76392852	rs1506836
chr16	76393470	rs4325597
chr16	76396630	rs1506840
chr16	76398501	rs4887855
chr16	76399530	rs10871322
chr16	76400007	rs981231
chr16	76400968	rs1303874
chr16	76404108	rs7189200
chr16	76405278	rs1506829
chr16	76405902	rs12925884
chr16	76406938	rs4888497
chr16	76409059	rs5021012
chr16	76409277	rs1506833
chr16	76410456	rs4315362
chr16	76411942	rs968537
chr16	76414305	rs8056627
chr16	76414860	rs7499417
chr16	76416091	rs4261575
chr16	76419146	rs4597351
chr16	76419213	rs4262973
chr16	76419852	rs12934194
chr16	76423889	rs7203921
chr16	76424341	rs8043542
chr16	76426077	rs1395484
chr16	76426242	rs1876274
chr16	76427376	rs7192076
chr16	76428641	rs7185647
chr16	76428685	rs7203668
chr16	76429358	rs9923525
chr16	76429792	rs9923721
chr16	76430453	rs11647091
chr16	76431249	rs4427835
chr16	76432072	rs4888504
chr16	76432673	rs4433831
chr16	76433079	rs4442847
chr16	76438202	rs1506819
chr16	76438572	rs4888505
chr16	76438706	rs4887862
chr16	76438786	rs4888508
chr16	76441737	rs2174685
chr16	76442263	rs7186058
chr16	76445051	rs1506834
chr16	76445652	rs1395487
chr16	76446030	rs4257232
chr16	76446359	rs6564338
chr16	76449013	rs3947083
chr16	76450979	rs1039683
chr16	76454350	rs7204642
chr16	76454726	rs12444499
chr16	76456870	rs8060483
chr16	76459244	rs8058474
chr16	76459286	rs8053362
chr16	76463807	rs9930154
chr16	76465578	rs1466971
chr16	76466068	rs4389168
chr16	76467712	rs1002975
chr16	76471700	rs4888512
chr16	76471954	rs4243121
chr16	76472054	rs1506841
chr16	76472093	rs1506842
chr16	76475340	rs11149905
chr16	76475703	rs1911240
chr16	76478682	rs12921856
chr16	76481744	rs12918695
chr16	76482755	rs2063061
chr16	76487339	rs4423447
chr16	76487630	rs9923842
chr16	76488522	rs7193963
chr16	76489535	rs7200386
chr16	76489895	rs7201030
chr16	76490041	rs16944472
chr16	76490215	rs4374193
chr16	76490397	rs4605191
chr16	76490652	rs8043773
chr16	76491381	rs7206446
chr16	76492531	rs4888517
chr16	76492942	rs2340274
chr16	76493158	rs2340275
chr16	76493811	rs17617549
chr16	76494233	rs16944480
chr16	76494833	rs17767471
chr16	76495203	rs1567114
chr16	76496240	rs4533311
chr16	76496298	rs17767530
chr16	76496311	rs4368185
chr16	76497030	rs10153185
chr16	76498495	rs12932943
chr16	76500546	rs12925823
chr16	76502180	rs9938832
chr16	76510861	rs1506826
chr16	76513367	rs7190810
chr16	76513732	rs7200930
chr16	76516585	rs6564346
chr16	76518434	rs1827956
chr16	76518944	rs4566193
chr16	76520590	rs12596018
chr16	76524553	rs8054609
chr16	76525106	rs4313828
chr16	76530535	rs8048453
chr16	76532020	rs4393596
chr16	76532260	rs4485401
chr16	76533561	rs4490031
chr16	76534952	rs4533312
chr16	76542765	rs8046642
chr16	76542832	rs12924274
chr16	76543012	rs8048301
chr16	76546802	rs7204023
chr16	76547705	rs6564350
chr16	76553251	rs9938561
chr16	76553305	rs7202925
chr16	76553434	rs7184958
chr16	76558416	rs7196722
chr16	76558736	rs12599021
chr16	76559437	rs12598039
chr16	76562949	rs4617895
chr16	76562961	rs4506930
chr16	76563237	rs11149913
chr16	76564060	rs7200451
chr16	76565325	rs4539627
chr16	76571856	rs12599583
chr16	76573738	rs7186700
chr16	76573991	rs4243125
chr16	76576639	rs11149914
chr16	76576798	rs7194038
chr16	76578853	rs8048863
chr16	76583799	rs12926306
chr16	76584018	rs7500366
chr16	76585067	rs7194823
chr16	76585125	rs9923951
chr16	76587343	rs12449188
chr16	76590566	rs8062497
chr16	76592234	rs7187784
chr16	76595763	rs7201297
chr16	76595781	rs7185429
chr16	76602066	rs7196955
chr16	76606806	rs4369705
chr16	76616646	rs11149915
chr16	76627386	rs8045298
chr16	76632716	rs4553656
chr16	76638983	rs12443677
chr16	76640102	rs7359370
chr16	76645277	rs4888527
chr16	76648156	rs4888528
chr16	76648366	rs12444168
chr16	76655996	rs11861185
chr16	76665272	rs8054353
chr16	76674520	rs8058163
chr16	76676190	rs8050735
chr16	76679454	rs11860119
chr16	76688603	rs8047051
chr16	76689156	rs8050006
chr16	76697412	rs8043566
chr16	76701352	rs4887872
chr16	76708130	rs6564356
chr16	76716223	rs8057477
chr16	76721807	rs8045348
chr16	76727831	rs4888536
chr16	76728036	rs11864950
chr16	76732643	rs12051460
chr16	76734281	rs11859550
chr16	76740942	rs4486936
chr16	76741021	rs4337315
chr16	76741584	rs7199260
chr16	76743767	rs12599067
chr16	76744114	rs11864727
chr16	76750790	rs4888542
chr16	76752910	rs4076864
chr16	76755927	rs12599160
chr16	76756136	rs12599727
chr16	76764575	rs4888543
chr16	76765083	rs13380704
chr16	76772535	rs11865787
chr16	76773757	rs4591169
chr16	76780250	rs12599224
chr16	76784266	rs3924497
chr16	76784572	rs4592690
chr16	76785421	rs8049365
chr16	76786335	rs7192137
chr16	76791746	rs4888551
chr16	76798151	rs4887875
chr16	76804564	rs4243130
chr16	76808202	rs10083806
chr16	76810258	rs7192798
chr16	76819498	rs4888558
chr16	76828336	rs11865542
chr16	76828911	rs11149928
chr16	76831225	rs6564371
chr16	76831383	rs11149929
chr16	76835840	rs8063580
chr16	76839884	rs8044339
chr16	76841326	rs12926398
chr16	76844965	rs13330107
chr16	76845099	rs1390901
chr16	76847728	rs13380603
chr16	76849669	rs1546183
chr16	76850760	rs950629
chr16	76854379	rs7196352
chr16	76855074	rs12385989
chr16	76855593	rs16944763
chr16	76856229	rs17679567
chr16	76860090	rs4527032
chr16	76860256	rs2173099
chr16	76865806	rs1021593
chr16	76866531	rs4513114
chr16	76867181	rs1542825
chr16	76867407	rs1542824
chr16	76867421	rs11646916
chr16	76867960	rs1390893
chr16	76869156	rs1995081
chr16	76871133	rs1948580
chr16	76871211	rs1948579
chr16	76871257	rs1948578
chr16	76871411	rs9924808
chr16	76871898	rs9934367
chr16	76872921	rs12928705
chr16	76873168	rs1390905
chr16	76873713	rs8060344
chr16	76875264	rs1390903
chr16	76876148	rs4611480
chr16	76876793	rs7193425
chr16	76877683	rs1982953
chr16	76878666	rs1948575
chr16	76878974	rs4520847
chr16	76879616	rs7405353
chr16	76879983	rs1390892
chr16	76880280	rs13330298
chr16	76881115	rs12596685
chr16	76881599	rs12929999
chr16	76884349	rs11149932
chr16	76886122	rs4441289
chr16	76889372	rs10431976
chr16	76892281	rs1532442
chr16	76894940	rs4887882
chr16	76901253	rs1496961
chr16	76901283	rs12598279
chr16	76901413	rs1496960
chr16	76908903	rs2029962
chr16	76910460	rs1390907
chr16	76911849	rs8055572
chr16	76912629	rs1039119
chr16	76915517	rs1580765
chr16	76919799	rs10163405
chr16	76920109	rs1874531
chr16	76920151	rs1874532
chr16	76920214	rs12927154
chr16	76920390	rs1874536
chr16	76920452	rs1874537
chr16	76924424	rs1039118
chr16	76927950	rs3736338
chr16	76928713	rs10438620
chr16	76929819	rs1496959
chr16	76930176	rs10438621
chr16	76930263	rs7200915
chr16	76932466	rs1390898
chr16	76932689	rs1390899
chr16	76935179	rs12935504
chr16	76935701	rs1982955
chr16	76935963	rs12934757
chr16	76937289	rs8047653
chr16	76941352	rs17617830
chr16	76942397	rs17617842
chr16	76944194	rs7187822
chr16	76944210	rs17767926
chr16	76944798	rs12598288
chr16	76945504	rs17617897
chr16	76949699	rs7192074
chr16	76949872	rs1393433
chr16	76950291	rs1393432
chr16	76952586	rs7188444
chr16	76955522	rs7192227
chr16	76956477	rs1496955
chr16	76957193	rs9937243
chr16	76957212	rs11642105
chr16	76957383	rs2134337
chr16	76957696	rs6420398
chr16	76959527	rs4430756
chr16	76964567	rs4888580
chr16	76969776	rs17617959
chr16	76970882	rs12922189
chr16	76971290	rs17617965
chr16	76971846	rs17617978
chr16	76972131	rs12923303
chr16	76973540	rs1995082
chr16	76976390	rs9941287
chr16	76978320	rs12445091
chr16	76979340	rs2629915
chr16	76980217	rs283986
chr16	76982383	rs10431977
chr16	76982610	rs283991
chr16	76985190	rs3843959
chr16	76993610	rs284003
chr16	76993789	rs10514405
chr16	76997282	rs284007
chr16	76997428	rs17680016
chr16	76997608	rs7184877
chr16	77000559	rs7203528
chr16	77001017	rs1472389
chr16	77001093	rs284011
chr16	77002218	rs17700680
chr16	77002765	rs17700692
chr16	77004055	rs8059625
chr16	77004256	rs678792
chr16	77005568	rs17700722
chr16	77006087	rs16945085
chr16	77008060	rs16945090
chr16	77008127	rs10871328
chr16	77009581	rs10514407
chr16	77009780	rs8061371
chr16	77011500	rs16945111
chr16	77011672	rs11149938
chr16	77012403	rs284928
chr16	77012576	rs9929146
chr16	77013519	rs7206200
chr16	77014152	rs17768446
chr16	77016397	rs2220233
chr16	77018144	rs9921826
chr16	77018321	rs7199368
chr16	77019516	rs9319502
chr16	77019881	rs2200442
chr16	77020369	rs1845941
chr16	77021537	rs923154
chr16	77022005	rs646435
chr16	77023065	rs631658
chr16	77025275	rs1502444
chr16	77025465	rs1872510
chr16	77026396	rs11642771
chr16	77027080	rs4888586
chr16	77028468	rs9972817
chr16	77028968	rs284940
chr16	77029250	rs1875582
chr16	77029529	rs11642912
chr16	77030587	rs9972728
chr16	77034672	rs4888587
chr16	77037648	rs4088757
chr16	77038424	rs1843454
chr16	77040480	rs1502431
chr16	77041702	rs285004
chr16	77043392	rs285006
chr16	77044745	rs176187
chr16	77046906	rs9926219
chr16	77047492	rs657741
chr16	77053204	rs1502433
chr16	77060019	rs285014
chr16	77060703	rs11149955
chr16	77061147	rs11647352
chr16	77061401	rs11642814
chr16	77063231	rs17701089
chr16	77063374	rs12921650
chr16	77065553	rs285019
chr16	77066192	rs285026
chr16	77067035	rs285027
chr16	77067939	rs1485793
chr16	77069240	rs682517
chr16	77073142	rs633316
chr16	77076544	rs284935
chr16	77077378	rs284938
chr16	77077679	rs284939
chr16	77077992	rs1385749
chr16	77078322	rs2020432
chr16	77078667	rs285001
chr16	77080602	rs1580454
chr16	77083979	rs6564385
chr16	77084267	rs1827442
chr16	77087644	rs284992
chr16	77088898	rs1393430
chr16	77089035	rs10514408
chr16	77089320	rs964282
chr16	77091205	rs9929566
chr16	77096442	rs7404856
chr16	77099041	rs284989
chr16	77099068	rs284988
chr16	77099194	rs284987
chr16	77100384	rs6564386
chr16	77101674	rs924656
chr16	77101786	rs284982
chr16	77104023	rs7500253
chr16	77104549	rs679169
chr16	77104688	rs6564387
chr16	77106241	rs11643521
chr16	77109726	rs12600205
chr16	77112903	rs7198241
chr16	77115023	rs284976
chr16	77115581	rs6564392
chr16	77115937	rs6564393
chr16	77118104	rs1393427
chr16	77118437	rs1393429
chr16	77119039	rs7405328
chr16	77121820	rs11149963
chr16	77122875	rs12446878
chr16	77126729	rs8056764
chr16	77127652	rs7342699
chr16	77129111	rs9937191
chr16	77129173	rs9935039
chr16	77133721	rs28564718
chr16	77135207	rs1825595
chr16	77135324	rs1825597
chr16	77137493	rs9934057
chr16	77138120	rs8182133
chr16	77143045	rs3936542
chr16	77143231	rs4243134
chr16	77143840	rs4555168
chr16	77144715	rs13334086
chr16	77145403	rs9940339
chr16	77145463	rs9922157
chr16	77145714	rs4561479
chr16	77145947	rs4569298
chr16	77154462	rs11643500
chr16	77156176	rs6564396
chr16	77156913	rs11149968
chr16	77157642	rs8059197
chr16	77163736	rs12051024
chr16	77167588	rs12448944
chr16	77168804	rs8046951
chr16	77172060	rs3890714
chr16	77172665	rs7498760
chr16	77177442	rs10871331
chr16	77180046	rs7202338
chr16	77185661	rs6564404
chr16	77187782	rs7201284
chr16	77188969	rs7185297
chr16	77190683	rs2161715
chr16	77190759	rs3743759
chr16	77190812	rs2232494
chr16	77190930	rs2232497
chr16	77190966	rs2278045
chr16	77190992	rs2232498
chr16	77193283	rs2241416
chr16	77194045	rs3743762
chr16	77194068	rs3743763
chr16	77194969	rs2232504
chr16	77195760	rs2303259
chr16	77198038	rs2232509
chr16	77199271	rs11640619
chr16	77202367	rs1129680
chr16	77202806	rs12925016
chr16	77204086	rs4888608
chr16	77204147	rs11865641
chr16	77210015	rs12448895
chr16	77213409	rs8061864
chr16	77213509	rs6564410
chr16	77214217	rs7203467
chr16	77216502	rs8048285
chr16	77219838	rs4312321
chr16	77220069	rs5027712
chr16	77220548	rs4888610
chr16	77220589	rs4888611
chr16	77221383	rs8052509
chr16	77221838	rs13338146
chr16	77223736	rs7187205
chr16	77224695	rs9922281
chr16	77227255	rs12599598
chr16	77228461	rs7186803
chr16	77228997	rs8045096
chr16	77229389	rs17769233
chr16	77229820	rs17769245
chr16	77231669	rs7204495
chr16	77231777	rs6564416
chr16	77235038	rs1025318
chr16	77238685	rs4887899
chr16	77243108	rs9674287
chr16	77243393	rs9673558
chr16	77246355	rs7501191
chr16	77248101	rs13337994
chr16	77250116	rs1946282
chr16	77251762	rs11648367
chr16	77260352	rs13335140
chr16	77261933	rs9927552
chr16	77262369	rs7201960
chr16	77263296	rs2162957
chr16	77263670	rs1594049
chr16	77263750	rs1594050
chr16	77268547	rs12443701
chr16	77269914	rs2077814
chr16	77271875	rs1549668
chr16	77275138	rs990674
chr16	77276599	rs2343047
chr16	77276911	rs7201773
chr16	77277395	rs17701900
chr16	77277415	rs7202055
chr16	77277969	rs2115427
chr16	77278863	rs17712821
chr16	77279055	rs12930139
chr16	77279984	rs17712826
chr16	77281219	rs12918088
chr16	77282126	rs2081254
chr16	77282363	rs16945428
chr16	77282890	rs747734
chr16	77283149	rs3743754
chr16	77283407	rs3743753
chr16	77283694	rs889706
chr16	77284555	rs1834051
chr16	77284674	rs1820253
chr16	77285972	rs17712938
chr16	77286002	rs12934894
chr16	77286618	rs12925274
chr16	77286661	rs4888617
chr16	77286708	rs12921392
chr16	77288049	rs4887902
chr16	77288357	rs17712956
chr16	77288412	rs17769706
chr16	77288602	rs17769712
chr16	77292600	rs9932232
chr16	77292827	rs16945464
chr16	77293329	rs4888618
chr16	77293845	rs7190825
chr16	77294366	rs10871333
chr16	77294998	rs12935229
chr16	77295093	rs12935394
chr16	77295744	rs7192208
chr16	77298415	rs17619826
chr16	77300978	rs2033253
chr16	77301508	rs17619850
chr16	77301759	rs17687192
chr16	77302032	rs1025315
chr16	77302449	rs11640579
chr16	77302529	rs17713119
chr16	77302582	rs17769870
chr16	77302987	rs9319508
chr16	77303698	rs10514410
chr16	77304154	rs13337289
chr16	77304940	rs16945491
chr16	77305050	rs7186987
chr16	77305303	rs17687231
chr16	77305691	rs17713161
chr16	77306184	rs8053462
chr16	77306597	rs8058933
chr16	77307436	rs954044
chr16	77308625	rs10514412
chr16	77310308	rs274534
chr16	77310379	rs274536
chr16	77311073	rs274537
chr16	77311750	rs2650911
chr16	77311787	rs17770036
chr16	77311914	rs17770042
chr16	77311954	rs965382
chr16	77312177	rs1428842
chr16	77313645	rs2562122
chr16	77315305	rs1019800
chr16	77315756	rs2562125
chr16	77318008	rs11866007
chr16	77320076	rs9930984
chr16	77320665	rs9746317
chr16	77321394	rs274520
chr16	77323237	rs13338913
chr16	77324067	rs8044883
chr16	77324572	rs8059032
chr16	77325082	rs8061205
chr16	77327641	rs1428848
chr16	77332691	rs6564427
chr16	77332763	rs2650891
chr16	77336241	rs11149981
chr16	77336743	rs8063520
chr16	77339142	rs6564429
chr16	77339226	rs8049128
chr16	77339290	rs6564430
chr16	77339364	rs6564431
chr16	77339906	rs2562109
chr16	77341285	rs2562108
chr16	77343670	rs11643269
chr16	77343757	rs274538
chr16	77346575	rs274539
chr16	77347984	rs1529496
chr16	77349883	rs166673
chr16	77351318	rs1428836
chr16	77354600	rs12599131
chr16	77355105	rs10514414
chr16	77355865	rs8058333
chr16	77356059	rs8059275
chr16	77356231	rs10514415
chr16	77356553	rs10514416
chr16	77357375	rs2562112
chr16	77359983	rs891137
chr16	77362393	rs7192938
chr16	77362534	rs2650905
chr16	77362938	rs6564434
chr16	77363270	rs2246607
chr16	77364184	rs1948719
chr16	77366185	rs8044972
chr16	77367648	rs11643211
chr16	77367787	rs2434895
chr16	77369257	rs1948717
chr16	77371777	rs2115418
chr16	77372834	rs7205945
chr16	77373181	rs16945559
chr16	77375078	rs1549666
chr16	77375189	rs2173750
chr16	77377684	rs274525
chr16	77382961	rs13338254
chr16	77383132	rs16945565
chr16	77384065	rs7199573
chr16	77385328	rs12932499
chr16	77385344	rs2454935
chr16	77386770	rs17688054
chr16	77387154	rs274540
chr16	77387336	rs41339645
chr16	77388699	rs274542
chr16	77393818	rs11859065
chr16	77393872	rs11864477
chr16	77393990	rs9934527
chr16	77394892	rs11862322
chr16	77395075	rs16945612
chr16	77395708	rs11149983
chr16	77395907	rs12596244
chr16	77396613	rs10445082
chr16	77396679	rs17620846
chr16	77402386	rs1346563
chr16	77403024	rs4888626
chr16	77405214	rs12050948
chr16	77405715	rs12447781
chr16	77407463	rs11149987
chr16	77407916	rs11149988
chr16	77409271	rs8053681
chr16	77409556	rs11647255
chr16	77409989	rs8052719
chr16	77410612	rs12933386
chr16	77410716	rs1978628
chr16	77410865	rs12933828
chr16	77414766	rs17621123
chr16	77414849	rs17688457
chr16	77415059	rs8051254
chr16	77415535	rs1428840
chr16	77416156	rs8059111
chr16	77416975	rs12443792
chr16	77417037	rs10781984
chr16	77417586	rs11149989
chr16	77418313	rs10781985
chr16	77418330	rs10781986
chr16	77418538	rs11149991
chr16	77420295	rs12934271
chr16	77420339	rs12934409
chr16	77420691	rs768503
chr16	77421824	rs17688543
chr16	77422347	rs12599182
chr16	77422862	rs10871336
chr16	77422892	rs1366548
chr16	77423169	rs17621255
chr16	77427259	rs3921741
chr16	77428484	rs1366547
chr16	77428515	rs1366546
chr16	77428701	rs1428849
chr16	77430010	rs11860106
chr16	77430405	rs12927898
chr16	77433389	rs1493889
chr16	77435352	rs749754
chr16	77439825	rs7195757
chr16	77441550	rs1317683
chr16	77447442	rs4888633
chr16	77447486	rs12444447
chr16	77449374	rs12448442
chr16	77450688	rs7185964
chr16	77450979	rs17771308
chr16	77451360	rs11642084
chr16	77456178	rs7199469
chr16	77456952	rs12918718
chr16	77458489	rs17688919
chr16	77458596	rs10514417
chr16	77461847	rs11646796
chr16	77462285	rs6564443
chr16	77464332	rs41436746
chr16	77468289	rs1826601
chr16	77469099	rs7202702
chr16	77470626	rs1389520
chr16	77471140	rs4888635
chr16	77471236	rs1493890
chr16	77472544	rs2199534
chr16	77474031	rs12444559
chr16	77477224	rs1026648
chr16	77478406	rs10871338
chr16	77482320	rs17771451
chr16	77482366	rs277514
chr16	77483546	rs2343701
chr16	77483683	rs722176
chr16	77483940	rs722174
chr16	77485009	rs17771469
chr16	77487195	rs1385321
chr16	77488838	rs17771505
chr16	77489014	rs17621854
chr16	77490055	rs277515
chr16	77490480	rs11640192
chr16	77490877	rs12924763
chr16	77491184	rs17689185
chr16	77492173	rs6564446
chr16	77492438	rs277516
chr16	77492576	rs8060393
chr16	77492933	rs8061081
chr16	77493530	rs4144677
chr16	77496056	rs16944061
chr16	77496677	rs12447320
chr16	77496933	rs12928513
chr16	77498124	rs282958
chr16	77498937	rs11649002
chr16	77499179	rs2343704
chr16	77499628	rs282957
chr16	77499813	rs4888639
chr16	77499875	rs4887909
chr16	77500706	rs11641815
chr16	77501746	rs10514418
chr16	77502632	rs1389521
chr16	77503491	rs17714896
chr16	77503596	rs13336130
chr16	77503804	rs7194124
chr16	77503887	rs7187385
chr16	77508526	rs1385320
chr16	77510508	rs16945803
chr16	77511185	rs1493892
chr16	77512733	rs12716830
chr16	77515980	rs10514419
chr16	77520570	rs1389522
chr16	77521936	rs9934835
chr16	77524780	rs8057501
chr16	77531005	rs7192903
chr16	77532162	rs6564447
chr16	77535908	rs17622313
chr16	77536208	rs12716839
chr16	77536452	rs277522
chr16	77536601	rs9937992
chr16	77536793	rs1493888
chr16	77537947	rs4888645
chr16	77538715	rs1389513
chr16	77538740	rs16945879
chr16	77539058	rs1826598
chr16	77539297	rs6564448
chr16	77539565	rs1841799
chr16	77539616	rs6564449
chr16	77540123	rs7193624
chr16	77542360	rs9319510
chr16	77542706	rs9788816
chr16	77542895	rs2641790
chr16	77543286	rs204957
chr16	77543518	rs282969
chr16	77546205	rs9319511
chr16	77546881	rs7204177
chr16	77554310	rs12050909
chr16	77555671	rs370256
chr16	77556232	rs282988
chr16	77556817	rs12448886
chr16	77557751	rs282993
chr16	77557919	rs282994
chr16	77557956	rs282995
chr16	77560404	rs282999
chr16	77560855	rs204959
chr16	77560921	rs376997
chr16	77561112	rs283002
chr16	77561204	rs8062464
chr16	77561388	rs283003
chr16	77561438	rs283004
chr16	77562422	rs280857
chr16	77562900	rs8054059
chr16	77563460	rs157318
chr16	77563865	rs280858
chr16	77564728	rs17622441
chr16	77565227	rs7197951
chr16	77565832	rs17622470
chr16	77567439	rs280862
chr16	77568542	rs373509
chr16	77568611	rs377693
chr16	77568816	rs376435
chr16	77569328	rs415745
chr16	77569645	rs17622522
chr16	77570294	rs426340
chr16	77571548	rs9926916
chr16	77573375	rs9921366
chr16	77574413	rs7187879
chr16	77575039	rs280853
chr16	77576368	rs17715487
chr16	77578618	rs2344143
chr16	77578998	rs2344144
chr16	77579710	rs2170955
chr16	77580824	rs428800
chr16	77581160	rs6564452
chr16	77581809	rs439312
chr16	77581834	rs389977
chr16	77582392	rs7188063
chr16	77583134	rs669303
chr16	77584291	rs409408
chr16	77584904	rs453078
chr16	77584976	rs9927133
chr16	77585323	rs383449
chr16	77585359	rs10514420
chr16	77585636	rs1110689
chr16	77585877	rs1809054
chr16	77585965	rs408052
chr16	77586162	rs393951
chr16	77587594	rs8043604
chr16	77587704	rs8045050
chr16	77589103	rs12925765
chr16	77589787	rs442780
chr16	77589883	rs13333218
chr16	77590516	rs449781
chr16	77591881	rs280851
chr16	77592963	rs204089
chr16	77593406	rs17715841
chr16	77594003	rs1077789
chr16	77594388	rs157469
chr16	77596211	rs17623128
chr16	77596483	rs12596869
chr16	77596868	rs1449207
chr16	77596976	rs17715935
chr16	77597623	rs183997
chr16	77602814	rs280882
chr16	77603195	rs7186410
chr16	77603232	rs9806807
chr16	77603610	rs4888652
chr16	77605287	rs1449206
chr16	77605945	rs416187
chr16	77606335	rs13336488
chr16	77607073	rs9939762
chr16	77607302	rs10514421
chr16	77609049	rs10514422
chr16	77609499	rs12185160
chr16	77609524	rs280872
chr16	77610101	rs185789
chr16	77611418	rs17772802
chr16	77613176	rs7193915
chr16	77614703	rs399389
chr16	77617251	rs1117411
chr16	77619337	rs280867
chr16	77619950	rs280866
chr16	77621083	rs1449203
chr16	77623223	rs1597295
chr16	77624203	rs7200951
chr16	77624350	rs280877
chr16	77624425	rs13339098
chr16	77626700	rs9319514
chr16	77630071	rs4627373
chr16	77630913	rs1449210
chr16	77634287	rs3891920
chr16	77636260	rs446663
chr16	77637284	rs11648988
chr16	77637739	rs393565
chr16	77638145	rs11640127
chr16	77638384	rs11644042
chr16	77639700	rs280846
chr16	77641266	rs280849
chr16	77643729	rs380844
chr16	77645913	rs166875
chr16	77646748	rs282949
chr16	77646853	rs12446847
chr16	77649261	rs17772912
chr16	77649289	rs2344149
chr16	77649367	rs2880777
chr16	77649748	rs1449208
chr16	77650632	rs7203274
chr16	77651793	rs17772954
chr16	77652478	rs16946235
chr16	77653635	rs6564462
chr16	77653788	rs13339044
chr16	77654554	rs8046934
chr16	77656299	rs7193503
chr16	77660194	rs10163466
chr16	77661354	rs1597296
chr16	77663853	rs7205655
chr16	77665181	rs2880779
chr16	77665503	rs4888659
chr16	77666018	rs7200612
chr16	77668743	rs1111278
chr16	77668907	rs11150009
chr16	77669591	rs2880780
chr16	77669814	rs4887915
chr16	77671371	rs12444317
chr16	77671631	rs11150010
chr16	77671759	rs11648830
chr16	77673678	rs17773019
chr16	77674980	rs11649428
chr16	77675024	rs4888660
chr16	77675861	rs16946276
chr16	77676721	rs10514426
chr16	77676827	rs8051539
chr16	77677207	rs7193406
chr16	77677267	rs6564465
chr16	77679218	rs8062738
chr16	77679245	rs8062748
chr16	77679300	rs12596600
chr16	77680201	rs11150011
chr16	77680308	rs11150012
chr16	77680388	rs7342714
chr16	77684258	rs7198627
chr16	77684634	rs9923845
chr16	77686572	rs17691408
chr16	77686993	rs11648601
chr16	77694338	rs160207
chr16	77696795	rs160204
chr16	77697006	rs160202
chr16	77697821	rs160199
chr16	77698383	rs11150014
chr16	77699425	rs308938
chr16	77699681	rs308936
chr16	77701577	rs4887918
chr16	77703961	rs2880781
chr16	77704264	rs12598523
chr16	77704985	rs4887920
chr16	77705093	rs8045081
chr16	77705317	rs17691683
chr16	77707683	rs7198636
chr16	77708185	rs9928464
chr16	77708249	rs7205441
chr16	77708318	rs7198592
chr16	77709070	rs17624394
chr16	77709280	rs10871341
chr16	77709661	rs1868466
chr16	77709740	rs1868467
chr16	77709861	rs1868468
chr16	77710776	rs17691767
chr16	77711453	rs4567733
chr16	77711698	rs9939604
chr16	77711815	rs12448977
chr16	77718311	rs7184635
chr16	77721582	rs11863999
chr16	77722225	rs9924012
chr16	77724589	rs7192861
chr16	77724725	rs7195262
chr16	77724789	rs7194625
chr16	77724805	rs7200176
chr16	77725239	rs3743756
chr16	77727469	rs7189238
chr16	77727501	rs7191256
chr16	77728190	rs17773475
chr16	77729358	rs9931184
chr16	77731157	rs7194039
chr16	77732387	rs4888666
chr16	77732681	rs8059056
chr16	77732743	rs308929
chr16	77732945	rs8058941
chr16	77732955	rs308928
chr16	77733594	rs16946398
chr16	77733602	rs17773517
chr16	77733632	rs12919747
chr16	77734943	rs308927
chr16	77735750	rs186305
chr16	77735937	rs308925
chr16	77737755	rs11643016
chr16	77738102	rs17716830
chr16	77741562	rs11648791
chr16	77741775	rs16946429
chr16	77742754	rs11646710
chr16	77742856	rs3935513
chr16	77744570	rs9788890
chr16	77746523	rs12930831
chr16	77748778	rs4888669
chr16	77749611	rs4888670
chr16	77749683	rs4888671
chr16	77750112	rs9927857
chr16	77752324	rs7187573
chr16	77753008	rs4134051
chr16	77753044	rs9935901
chr16	77753118	rs2914457
chr16	77753338	rs2914458
chr16	77753412	rs2966033
chr16	77753962	rs12932161
chr16	77755600	rs9934990
chr16	77755891	rs12447687
chr16	77756070	rs11646750
chr16	77762551	rs9935394
chr16	77763352	rs4567735
chr16	77764156	rs4545824
chr16	77764552	rs8051323
chr16	77765411	rs6564470
chr16	77766565	rs7188215
chr16	77767333	rs7205639
chr16	77767381	rs2914453
chr16	77767899	rs2914452
chr16	77767917	rs8049477
chr16	77768535	rs4134028
chr16	77768918	rs6564475
chr16	77770622	rs17773725
chr16	77771724	rs17702942
chr16	77774407	rs7205198
chr16	77774808	rs3915787
chr16	77776794	rs17717006
chr16	77776822	rs8048451
chr16	77779591	rs16946466
chr16	77782131	rs4888683
chr16	77782181	rs8058797
chr16	77782307	rs4888684
chr16	77785544	rs12447457
chr16	77786697	rs17773900
chr16	77787373	rs2966075
chr16	77791551	rs2966072
chr16	77793362	rs11150015
chr16	77793452	rs17703121
chr16	77793676	rs6564478
chr16	77795376	rs17717184
chr16	77796565	rs11863306
chr16	77796710	rs13330130
chr16	77797737	rs2914450
chr16	77797979	rs2914451
chr16	77798292	rs12149606
chr16	77799980	rs10514428
chr16	77800485	rs2966070
chr16	77801512	rs4362399
chr16	77801774	rs2914449
chr16	77801871	rs4888687
chr16	77803354	rs11648930
chr16	77804799	rs9929727
chr16	77805332	rs2966063
chr16	77807133	rs16946521
chr16	77807619	rs12597201
chr16	77807738	rs17774068
chr16	77807774	rs2966062
chr16	77808149	rs8055855
chr16	77809313	rs2914446
chr16	77811434	rs17625041
chr16	77811768	rs2966058
chr16	77813386	rs2914443
chr16	77813716	rs2966055
chr16	77815145	rs4372704
chr16	77817069	rs2966053
chr16	77817102	rs2966052
chr16	77818367	rs12919268
chr16	77819296	rs8048132
chr16	77820437	rs17717415
chr16	77820951	rs3909916
chr16	77821663	rs2966047
chr16	77822423	rs4474697
chr16	77822692	rs4552039
chr16	77823273	rs17717463
chr16	77824214	rs2966045
chr16	77827013	rs8062165
chr16	77829905	rs2966040
chr16	77830368	rs12598105
chr16	77831751	rs1609913
chr16	77832918	rs10781989
chr16	77833245	rs10514429
chr16	77833311	rs10514430
chr16	77833972	rs17774286
chr16	77836455	rs10445056
chr16	77836622	rs16946589
chr16	77836728	rs17625404
chr16	77837211	rs1585689
chr16	77837320	rs1582976
chr16	77837600	rs9938116
chr16	77838501	rs11866968
chr16	77840331	rs1125270
chr16	77840940	rs8052795
chr16	77840960	rs8052195
chr16	77842978	rs254772
chr16	77843754	rs254769
chr16	77844223	rs183721
chr16	77845760	rs173855
chr16	77846987	rs406888
chr16	77847076	rs7198967
chr16	77848068	rs16946645
chr16	77849477	rs254775
chr16	77852351	rs11645152
chr16	77852845	rs8048673
chr16	77852938	rs13336766
chr16	77854369	rs1947771
chr16	77856090	rs12447349
chr16	77856309	rs9925458
chr16	77856788	rs1080941
chr16	77859383	rs1896792
chr16	77862124	rs4510022
chr16	77862725	rs404962
chr16	77863453	rs8052397
chr16	77867247	rs12918636
chr16	77868967	rs13337159
chr16	77869011	rs13333735
chr16	77869183	rs11865457
chr16	77869892	rs11150019
chr16	77870495	rs7204845
chr16	77871761	rs376490
chr16	77872401	rs12596840
chr16	77875795	rs9933953
chr16	77876012	rs11863454
chr16	77876521	rs3751765
chr16	77877786	rs6564480
chr16	77878946	rs3751766
chr16	77879069	rs3751767
chr16	77883074	rs12443587
chr16	77883764	rs11647294
chr16	77883969	rs16946737
chr16	77884904	rs1864228
chr16	77885087	rs12924014
chr16	77887609	rs1366659
chr16	77888877	rs2344920
chr16	77889172	rs442307
chr16	77892092	rs11644674
chr16	77892210	rs375457
chr16	77892233	rs440488
chr16	77892292	rs397404
chr16	77894135	rs369727
chr16	77895079	rs11150026
chr16	77896627	rs423974
chr16	77898791	rs1077876
chr16	77899776	rs16946774
chr16	77901584	rs7189833
chr16	77902143	rs17718275
chr16	77905089	rs16946785
chr16	77905596	rs8062644
chr16	77906171	rs1366660
chr16	77906637	rs10514431
chr16	77906813	rs4887923
chr16	77907243	rs387469
chr16	77907660	rs7200115
chr16	77910756	rs437626
chr16	77912729	rs451653
chr16	77913823	rs610243
chr16	77914294	rs389643
chr16	77918702	rs16946793
chr16	77921523	rs1110752
chr16	77922760	rs16946825
chr16	77923748	rs17775218
chr16	77925178	rs1126047
chr16	77925391	rs17704618
chr16	77925795	rs372627
chr16	77926994	rs16946861
chr16	77929223	rs17775259
chr16	77929591	rs12445901
chr16	77929601	rs1429067
chr16	77929815	rs8058686
chr16	77930577	rs8063517
chr16	77931120	rs11645365
chr16	77932025	rs9937770
chr16	77932541	rs409427
chr16	77933905	rs7201803
chr16	77934107	rs387138
chr16	77934211	rs625108
chr16	77935484	rs12921874
chr16	77937782	rs7195268
chr16	77938286	rs5007200
chr16	77938893	rs3886360
chr16	77939097	rs3886126
chr16	77939229	rs3886125
chr16	77939751	rs9924879
chr16	77941389	rs17718665
chr16	77942419	rs436035
chr16	77943727	rs7188354
chr16	77944170	rs7189161
chr16	77945211	rs8062679
chr16	77946173	rs2435077
chr16	77947689	rs1109541
chr16	77948458	rs374458
chr16	77949591	rs371422
chr16	77953243	rs596034
chr16	77954263	rs173857
chr16	77955037	rs33967759
chr16	77955877	rs1429059
chr16	77956322	rs423254
chr16	77958349	rs450550
chr16	77958423	rs436432
chr16	77958791	rs7184321
chr16	77958826	rs7184458
chr16	77960856	rs446695
chr16	77961198	rs391578
chr16	77963812	rs445971
chr16	77964407	rs7193514
chr16	77965165	rs619805
chr16	77966498	rs4144523
chr16	77966511	rs4888701
chr16	77966804	rs592133
chr16	77967116	rs429629
chr16	77968355	rs437557
chr16	77971636	rs111366
chr16	77975067	rs373929
chr16	77976053	rs416461
chr16	77976377	rs8062335
chr16	77976550	rs444846
chr16	77977662	rs3751769
chr16	77978176	rs435730
chr16	77979314	rs429536
chr16	77979489	rs16946927
chr16	77981545	rs17775590
chr16	77981566	rs409818
chr16	77981636	rs12447991
chr16	77981700	rs412606
chr16	77982505	rs403055
chr16	77983154	rs430046
chr16	77983486	rs377212
chr16	77983583	rs431828
chr16	77984145	rs7192324
chr16	77986647	rs7192427
chr16	77986958	rs254820
chr16	77988026	rs1126045
chr16	77988852	rs4888712
chr16	77988933	rs4887928
chr16	77989409	rs17705051
chr16	77990656	rs12149227
chr16	77991092	rs6564494
chr16	77991181	rs423956
chr16	77991303	rs640605
chr16	77991597	rs8060873
chr16	77991636	rs8061022
chr16	77993132	rs10514436
chr16	77995223	rs2042988
chr16	77995289	rs373612
chr16	77996354	rs4605176
chr16	77997177	rs407042
chr16	77997203	rs454170
chr16	77997767	rs17705146
chr16	77998237	rs3109097
chr16	77998407	rs390780
chr16	77998698	rs4312316
chr16	77999311	rs1677305
chr16	78002273	rs11865467
chr16	78002294	rs4888718
chr16	78002826	rs11150031
chr16	78002905	rs8058458
chr16	78002970	rs11642543
chr16	78003996	rs11150032
chr16	78005230	rs4888719
chr16	78008259	rs4888720
chr16	78011903	rs1882596
chr16	78013920	rs17776016
chr16	78014089	rs2471892
chr16	78015063	rs2707612
chr16	78016322	rs2707608
chr16	78016424	rs12597064
chr16	78020956	rs2707604
chr16	78022044	rs2735400
chr16	78023077	rs2075737
chr16	78023206	rs2735401
chr16	78026370	rs2262658
chr16	78028262	rs2075738
chr16	78029167	rs7190832
chr16	78029246	rs7192416
chr16	78030836	rs2072663
chr16	78031242	rs1922608
chr16	78031591	rs2072665
chr16	78031609	rs2293779
chr16	78035067	rs1955389
chr16	78036103	rs2344495
chr16	78037610	rs4309408
chr16	78043533	rs7190752
chr16	78046521	rs4888731
chr16	78052373	rs8061908
chr16	78052499	rs8044195
chr16	78053833	rs9926583
chr16	78055479	rs1922605
chr16	78056905	rs2178726
chr16	78057529	rs9938043
chr16	78058281	rs1922604
chr16	78058601	rs2222896
chr16	78061878	rs3935502
chr16	78062621	rs9932133
chr16	78065560	rs2204894
chr16	78066787	rs1882595
chr16	78067475	rs4324138
chr16	78069276	rs6564507
chr16	78072651	rs1922615
chr16	78073579	rs16947075
chr16	78074077	rs1950157
chr16	78076162	rs7201557
chr16	78078366	rs1922617
chr16	78078388	rs2344926
chr16	78080242	rs7187484
chr16	78081059	rs4887934
chr16	78081298	rs11641213
chr16	78081611	rs12927327
chr16	78081726	rs16947095
chr16	78081777	rs16947096
chr16	78083383	rs7184271
chr16	78083979	rs16947101
chr16	78090023	rs1862692
chr16	78090819	rs12932941
chr16	78094417	rs1073111
chr16	78096009	rs11642209
chr16	78098377	rs10220974
chr16	78099774	rs11545028
chr16	78100558	rs4887935
chr16	78100706	rs4887936
chr16	78102517	rs7192129
chr16	78102685	rs7197900
chr16	78106105	rs11649069
chr16	78107367	rs8045450
chr16	78109424	rs2287973
chr16	78109710	rs2287972
chr16	78117849	rs16947129
chr16	78122191	rs8060519
chr16	78124458	rs2042356
chr16	78125135	rs1076514
chr16	78125380	rs16947165
chr16	78126565	rs8057015
chr16	78129357	rs9319519
chr16	78130338	rs11644207
chr16	78130908	rs7203218
chr16	78131017	rs12934734
chr16	78133761	rs12716848
chr16	78134009	rs13338697
chr16	78134033	rs13333314
chr16	78136361	rs1074964
chr16	78137411	rs9933156
chr16	78140155	rs8062483
chr16	78146868	rs3764299
chr16	78148089	rs11648121
chr16	78149716	rs17650116
chr16	78149829	rs8047454
chr16	78149917	rs8048266
chr16	78152617	rs16947188
chr16	78153157	rs1079573
chr16	78153483	rs16947192
chr16	78154841	rs12716852
chr16	78154903	rs12716853
chr16	78155401	rs8059793
chr16	78156321	rs7190335
chr16	78157873	rs1922618
chr16	78161996	rs12932880
chr16	78163390	rs719743
chr16	78163587	rs12923935
chr16	78164014	rs4359451
chr16	78164339	rs2303190
chr16	78164605	rs12325408
chr16	78164636	rs2113163
chr16	78165148	rs11645631
chr16	78166381	rs4887941
chr16	78167856	rs11150047
chr16	78168056	rs2113160
chr16	78169325	rs16947208
chr16	78170437	rs17572291
chr16	78171169	rs7201414
chr16	78171278	rs11644126
chr16	78171665	rs11859448
chr16	78172659	rs17572451
chr16	78173045	rs16947220
chr16	78173057	rs11641394
chr16	78174779	rs8051687
chr16	78175172	rs11643308
chr16	78175766	rs7501067
chr16	78176454	rs12600238
chr16	78177869	rs10521025
chr16	78179858	rs885734
chr16	78179988	rs16947239
chr16	78181055	rs4887942
chr16	78182012	rs12599158
chr16	78183310	rs4888757
chr16	78184119	rs17573298
chr16	78187742	rs13337616
chr16	78187821	rs10521024
chr16	78188828	rs2345442
chr16	78189092	rs4888761
chr16	78190289	rs889422
chr16	78191351	rs6564515
chr16	78198082	rs889420
chr16	78198488	rs889418
chr16	78199501	rs7192037
chr16	78202151	rs7190387
chr16	78202174	rs12924899
chr16	78209487	rs7500549
chr16	78211623	rs12925637
chr16	78212281	rs2194292
chr16	78216158	rs9922503
chr16	78216569	rs13336080
chr16	78217069	rs9934479
chr16	78217719	rs17652533
chr16	78220179	rs4888764
chr16	78220353	rs2067714
chr16	78220835	rs3764293
chr16	78222783	rs8061900
chr16	78223911	rs7188086
chr16	78224913	rs2059238
chr16	78225384	rs4888765
chr16	78228924	rs7187715
chr16	78230783	rs10221047
chr16	78231526	rs12918190
chr16	78231939	rs9319520
chr16	78233200	rs9935796
chr16	78236181	rs16947307
chr16	78237169	rs8063113
chr16	78239133	rs11642674
chr16	78239382	rs11649150
chr16	78244040	rs7187665
chr16	78246279	rs8048681
chr16	78246548	rs4888769
chr16	78246750	rs8047321
chr16	78248390	rs7197099
chr16	78249864	rs1079192
chr16	78249951	rs1079191
chr16	78250915	rs4334310
chr16	78251581	rs4377167
chr16	78252383	rs4888770
chr16	78257956	rs7193919
chr16	78258461	rs9938892
chr16	78261901	rs7196681
chr16	78266294	rs7189213
chr16	78266474	rs7194052
chr16	78268502	rs12923794
chr16	78269369	rs4508428
chr16	78272322	rs6564520
chr16	78275043	rs9926888
chr16	78277876	rs4243149
chr16	78281056	rs12446496
chr16	78282369	rs11150053
chr16	78283568	rs4888773
chr16	78284451	rs12933289
chr16	78285521	rs4887950
chr16	78285737	rs12446017
chr16	78286756	rs4427816
chr16	78289633	rs9941255
chr16	78290706	rs9937030
chr16	78291067	rs4888775
chr16	78291114	rs4888776
chr16	78291648	rs12929418
chr16	78292312	rs4267317
chr16	78294995	rs9933589
chr16	78297662	rs7199997
chr16	78298277	rs12596093
chr16	78298824	rs9922494
chr16	78303040	rs8051705
chr16	78303138	rs736918
chr16	78304611	rs13336101
chr16	78304867	rs2077576
chr16	78306960	rs4313817
chr16	78309793	rs9927661
chr16	78309841	rs12930845
chr16	78310039	rs12931154
chr16	78310146	rs6564523
chr16	78310221	rs7204400
chr16	78310548	rs4447442
chr16	78311538	rs4074541
chr16	78312211	rs13332536
chr16	78312778	rs13337194
chr16	78313319	rs4887952
chr16	78313841	rs7199623
chr16	78317938	rs9936264
chr16	78318007	rs9635572
chr16	78318860	rs11866209
chr16	78319904	rs9921686
chr16	78322765	rs9922483
chr16	78326766	rs7192196
chr16	78327252	rs10871349
chr16	78331230	rs3924959
chr16	78333917	rs8052110
chr16	78335793	rs9937072
chr16	78337105	rs4493047
chr16	78337601	rs4036024
chr16	78337711	rs4036025
chr16	78351611	rs6564529
chr16	78353407	rs9930559
chr16	78353970	rs4530154
chr16	78356555	rs8064138
chr16	78357320	rs8044888
chr16	78357481	rs12598990
chr16	78357856	rs4522432
chr16	78364808	rs9939675
chr16	78365369	rs7201630
chr16	78367460	rs11649509
chr16	78368105	rs12917864
chr16	78368231	rs7199969
chr16	78368552	rs4459554
chr16	78368970	rs12918436
chr16	78369011	rs4258629
chr16	78369156	rs12446391
chr16	78369249	rs12149458
chr16	78369688	rs9933609
chr16	78372626	rs11639904
chr16	78372674	rs4328452
chr16	78373166	rs11150069
chr16	78373556	rs13337989
chr16	78373670	rs13338044
chr16	78375283	rs12373085
chr16	78377856	rs9934452
chr16	78379999	rs4243156
chr16	78381651	rs7186569
chr16	78381741	rs7184686
chr16	78382551	rs4128517
chr16	78383033	rs7198580
chr16	78383447	rs9928827
chr16	78383813	rs8055871
chr16	78383914	rs8062393
chr16	78386061	rs11643855
chr16	78386985	rs12446823
chr16	78389013	rs7203071
chr16	78389029	rs7197571
chr16	78389558	rs9933134
chr16	78390633	rs12922097
chr16	78390934	rs4502225
chr16	78391327	rs9923470
chr16	78391893	rs7199370
chr16	78391965	rs7192626
chr16	78392171	rs7193001
chr16	78395152	rs8060244
chr16	78396222	rs11640261
chr16	78396805	rs6564538
chr16	78396943	rs4609864
chr16	78396978	rs9938424
chr16	78397380	rs7198400
chr16	78397588	rs13332961
chr16	78398595	rs11150075
chr16	78402711	rs7184628
chr16	78405202	rs9923888
chr16	78405699	rs8051395
chr16	78412705	rs4516239
chr16	78416155	rs10438628
chr16	78420625	rs6564542
chr16	78424720	rs6564553
chr16	78425449	rs4129721
chr16	78425637	rs9921967
chr16	78428954	rs6564556
chr16	78429421	rs6564558
chr16	78429615	rs6564559
chr16	78432807	rs11150078
chr16	78432861	rs3764342
chr16	78435272	rs8051477
chr16	78436821	rs1977025
chr16	78439533	rs7200731
chr16	78441540	rs11863844
chr16	78443651	rs7199023
chr16	78445175	rs7193100
chr16	78448245	rs7189823
chr16	78450277	rs7204203
chr16	78451738	rs11860831
chr16	78453980	rs12051258
chr16	78454408	rs12051039
chr16	78457416	rs16947560
chr16	78458963	rs10514437
chr16	78459033	rs2738645
chr16	78460804	rs1397931
chr16	78461464	rs2667629
chr16	78461646	rs2244985
chr16	78462979	rs2667657
chr16	78463296	rs2738657
chr16	78463826	rs2738658
chr16	78464043	rs2738661
chr16	78464681	rs2941934
chr16	78465260	rs17719626
chr16	78465560	rs2738663
chr16	78465573	rs2738664
chr16	78465989	rs2738665
chr16	78466668	rs2738668
chr16	78467048	rs2738669
chr16	78467570	rs17776445
chr16	78467906	rs2667539
chr16	78468079	rs2667543
chr16	78468492	rs2667545
chr16	78468772	rs2667547
chr16	78469172	rs2738675
chr16	78469651	rs9933282
chr16	78470048	rs2247099
chr16	78470141	rs2247102
chr16	78470339	rs12598729
chr16	78471101	rs2738679
chr16	78472009	rs2667552
chr16	78472051	rs16947620
chr16	78474168	rs7195680
chr16	78474404	rs9937755
chr16	78475182	rs16947641
chr16	78475460	rs13336293
chr16	78475550	rs2137090
chr16	78478140	rs2667555
chr16	78478643	rs9936255
chr16	78479294	rs2667557
chr16	78480171	rs2667558
chr16	78480591	rs2667561
chr16	78480686	rs11643648
chr16	78481234	rs16947662
chr16	78481261	rs2667562
chr16	78483130	rs2738690
chr16	78483480	rs2667569
chr16	78484257	rs2667573
chr16	78484960	rs2738694
chr16	78485014	rs2738696
chr16	78485792	rs1540757
chr16	78485883	rs2667577
chr16	78486148	rs2738697
chr16	78487442	rs2667579
chr16	78488287	rs2738704
chr16	78488716	rs2738706
chr16	78489009	rs10871351
chr16	78489467	rs2738708
chr16	78490109	rs2738709
chr16	78490202	rs2738710
chr16	78490283	rs16947719
chr16	78490433	rs16947728
chr16	78491915	rs12716855
chr16	78492530	rs8055841
chr16	78493107	rs2738716
chr16	78493767	rs4888810
chr16	78494779	rs2738723
chr16	78495482	rs9931978
chr16	78496021	rs2738724
chr16	78496460	rs2667586
chr16	78496988	rs2667589
chr16	78497735	rs3419
chr16	78499460	rs17639042
chr16	78500089	rs9923737
chr16	78500926	rs2738736
chr16	78502800	rs11150082
chr16	78503249	rs12443611
chr16	78503368	rs16919
chr16	78503577	rs12928065
chr16	78504458	rs1397927
chr16	78505473	rs7190170
chr16	78506485	rs8054925
chr16	78506529	rs8055733
chr16	78507458	rs1882958
chr16	78510145	rs2738740
chr16	78510551	rs4257220
chr16	78511089	rs11643787
chr16	78511451	rs1465099
chr16	78512087	rs1540763
chr16	78512328	rs1111683
chr16	78512912	rs2458031
chr16	78513821	rs7195479
chr16	78514413	rs2667608
chr16	78514677	rs2667609
chr16	78516098	rs17706673
chr16	78516951	rs2667611
chr16	78517420	rs16947885
chr16	78518039	rs11641340
chr16	78518599	rs8058087
chr16	78518631	rs17720649
chr16	78519057	rs4319778
chr16	78520321	rs16947913
chr16	78522745	rs2941954
chr16	78523102	rs9928512
chr16	78523700	rs9930467
chr16	78525027	rs9938829
chr16	78525983	rs2978632
chr16	78526097	rs3106331
chr16	78526130	rs2667614
chr16	78526161	rs16947980
chr16	78526619	rs2738745
chr16	78527219	rs2667617
chr16	78529935	rs11645676
chr16	78530333	rs2859641
chr16	78530544	rs8051498
chr16	78531109	rs2257074
chr16	78532904	rs2859642
chr16	78533197	rs11150085
chr16	78534373	rs2738498
chr16	78534533	rs2667627
chr16	78535173	rs2738501
chr16	78535624	rs16948022
chr16	78536818	rs2246452
chr16	78537853	rs2859644
chr16	78538457	rs9635580
chr16	78538645	rs1105314
chr16	78538712	rs1105313
chr16	78539128	rs17777700
chr16	78539163	rs11640955
chr16	78539946	rs16948039
chr16	78540066	rs1877286
chr16	78540779	rs9989362
chr16	78542210	rs12598440
chr16	78543401	rs12925567
chr16	78543685	rs2667646
chr16	78547241	rs2667648
chr16	78547266	rs2667649
chr16	78547309	rs2667650
chr16	78549360	rs10514438
chr16	78550719	rs7206168
chr16	78551701	rs1567589
chr16	78551759	rs16948068
chr16	78552428	rs17707259
chr16	78552610	rs16948069
chr16	78552634	rs1877273
chr16	78553908	rs17640021
chr16	78554635	rs2458029
chr16	78554674	rs8047751
chr16	78557028	rs7203676
chr16	78557656	rs9923592
chr16	78560274	rs3915620
chr16	78561363	rs11640157
chr16	78562710	rs2859627
chr16	78563301	rs12930179
chr16	78563418	rs16948096
chr16	78564958	rs9928690
chr16	78566858	rs16948100
chr16	78567809	rs11642089
chr16	78570934	rs3853362
chr16	78573355	rs2346007
chr16	78573452	rs2346008
chr16	78579796	rs11641830
chr16	78580554	rs9938843
chr16	78580611	rs7197903
chr16	78581133	rs9928840
chr16	78584034	rs4578663
chr16	78584524	rs8048608
chr16	78587476	rs11150090
chr16	78588736	rs17778125
chr16	78588791	rs16948137
chr16	78588990	rs11862167
chr16	78590110	rs7200682
chr16	78591173	rs16948156
chr16	78593532	rs7184757
chr16	78593686	rs7185001
chr16	78595423	rs2738545
chr16	78596922	rs17640520
chr16	78597897	rs2859631
chr16	78601296	rs1828518
chr16	78601798	rs2667542
chr16	78607843	rs1126185
chr16	78608909	rs2548879
chr16	78612307	rs2738555
chr16	78615101	rs12599563
chr16	78616923	rs3866638
chr16	78619625	rs2738560
chr16	78620922	rs2548876
chr16	78623141	rs4887970
chr16	78623688	rs2550604
chr16	78623840	rs17640605
chr16	78623930	rs2738571
chr16	78624496	rs2548861
chr16	78627286	rs2738576
chr16	78627477	rs2738577
chr16	78629013	rs7200698
chr16	78631911	rs2550613
chr16	78632255	rs1981881
chr16	78633949	rs1079323
chr16	78633994	rs1110519
chr16	78634311	rs12716856
chr16	78638440	rs3854985
chr16	78638701	rs2550620
chr16	78641634	rs2550621
chr16	78643135	rs17708094
chr16	78643242	rs1107455
chr16	78644830	rs2550626
chr16	78644923	rs2548873
chr16	78645148	rs2738586
chr16	78645166	rs7189040
chr16	78645234	rs7190546
chr16	78645636	rs2738587
chr16	78647221	rs2161620
chr16	78647406	rs10514440
chr16	78648060	rs8046010
chr16	78648139	rs2548843
chr16	78650432	rs1574442
chr16	78654247	rs2113120
chr16	78657389	rs1125671
chr16	78659861	rs2550634
chr16	78660798	rs10514441
chr16	78662360	rs1109876
chr16	78664341	rs8043910
chr16	78666777	rs17708261
chr16	78667092	rs1364295
chr16	78667914	rs4499247
chr16	78668510	rs16948273
chr16	78668759	rs2548836
chr16	78670302	rs1077963
chr16	78670422	rs16948286
chr16	78671129	rs2081174
chr16	78671504	rs17722185
chr16	78672084	rs8054120
chr16	78672928	rs2194340
chr16	78674801	rs17795223
chr16	78677345	rs6564575
chr16	78677693	rs8062753
chr16	78678720	rs1125852
chr16	78679629	rs2550655
chr16	78680360	rs2550656
chr16	78680670	rs11150094
chr16	78681510	rs17722281
chr16	78681689	rs2738622
chr16	78681707	rs9929802
chr16	78682844	rs12149564
chr16	78683692	rs7193282
chr16	78683775	rs9935613
chr16	78683872	rs7198497
chr16	78684055	rs2738627
chr16	78684072	rs7193360
chr16	78684130	rs12926298
chr16	78684698	rs16948307
chr16	78685302	rs3751881
chr16	78685517	rs3751882
chr16	78686619	rs2738631
chr16	78687864	rs7185340
chr16	78689202	rs8049306
chr16	78690808	rs4887973
chr16	78690900	rs6564576
chr16	78691117	rs6564577
chr16	78693074	rs7195153
chr16	78695165	rs4888826
chr16	78695727	rs10514442
chr16	78697552	rs4887974
chr16	78700014	rs1110556
chr16	78705360	rs8062505
chr16	78706741	rs1862824
chr16	78706783	rs1862825
chr16	78708842	rs7206203
chr16	78715444	rs6564580
chr16	78716991	rs13330253
chr16	78717336	rs8059714
chr16	78719368	rs2042433
chr16	78720790	rs4888831
chr16	78721453	rs7187364
chr16	78722431	rs9925569
chr16	78724082	rs1991015
chr16	78727036	rs7191486
chr16	78727467	rs1477417
chr16	78728925	rs1110560
chr16	78730200	rs8047442
chr16	78730914	rs16948383
chr16	78732509	rs8059324
chr16	78733919	rs9933169
chr16	78734414	rs16948387
chr16	78735891	rs9925796
chr16	78738685	rs1364290
chr16	78739056	rs16948408
chr16	78739204	rs16948413
chr16	78739377	rs16948419
chr16	78742978	rs12447026
chr16	78747949	rs1114693
chr16	78750336	rs7196702
chr16	78751666	rs4888839
chr16	78752889	rs12599398
chr16	78753994	rs4887979
chr16	78755425	rs1108736
chr16	78756868	rs7199110
chr16	78758591	rs3743683
chr16	78761988	rs10514443
chr16	78763515	rs1110554
chr16	78764190	rs11643459
chr16	78764470	rs7198511
chr16	78764712	rs7194114
chr16	78764863	rs7199337
chr16	78764927	rs7199518
chr16	78766285	rs7199640
chr16	78768219	rs4887981
chr16	78768798	rs9938250
chr16	78769224	rs17709176
chr16	78769592	rs7201295
chr16	78771303	rs2161719
chr16	78773337	rs7199334
chr16	78773359	rs7206356
chr16	78773437	rs7205435
chr16	78773873	rs17709200
chr16	78773946	rs16944118
chr16	78774486	rs9929519
chr16	78774615	rs9928973
chr16	78775227	rs17642004
chr16	78777078	rs4887985
chr16	78779085	rs10514446
chr16	78779823	rs1477411
chr16	78780177	rs1477413
chr16	78780488	rs4887986
chr16	78780557	rs4887987
chr16	78782524	rs9922434
chr16	78783332	rs9932331
chr16	78784425	rs7190803
chr16	78785036	rs12926134
chr16	78785209	rs16948473
chr16	78785330	rs12921046
chr16	78788672	rs2550593
chr16	78789534	rs2737305
chr16	78789837	rs7195449
chr16	78789885	rs2737304
chr16	78791242	rs17723058
chr16	78791427	rs2550595
chr16	78791930	rs2550597
chr16	78793469	rs7196279
chr16	78793968	rs1110559
chr16	78794472	rs1110558
chr16	78794648	rs9936415
chr16	78795596	rs9939233
chr16	78796518	rs9932188
chr16	78797633	rs2737295
chr16	78797690	rs6564588
chr16	78799427	rs1118735
chr16	78799555	rs2216730
chr16	78799761	rs2737292
chr16	78800535	rs11860793
chr16	78800727	rs11863800
chr16	78803133	rs9931801
chr16	78803846	rs3817671
chr16	78803875	rs2293902
chr16	78805459	rs6564592
chr16	78805720	rs8049121
chr16	78805938	rs1123882
chr16	78806848	rs6564594
chr16	78807169	rs4145519
chr16	78808196	rs1554974
chr16	78808451	rs6564595
chr16	78808539	rs1124595
chr16	78808759	rs2293896
chr16	78808881	rs1124596
chr16	78809972	rs9923322
chr16	78810045	rs9936644
chr16	78810087	rs3946180
chr16	78810933	rs8052915
chr16	78814197	rs1530
chr16	78814834	rs6564596
chr16	78815478	rs7404312
chr16	78818785	rs12445110
chr16	78820173	rs12928190
chr16	78820331	rs7196220
chr16	78820590	rs7201888
chr16	78820631	rs7199947
chr16	78820974	rs12446194
chr16	78821664	rs1126341
chr16	78822683	rs6420407
chr16	78823149	rs7191005
chr16	78823402	rs2037961
chr16	78824663	rs7193003
chr16	78824746	rs1072247
chr16	78824996	rs1073923
chr16	78825233	rs9936829
chr16	78825337	rs9929243
chr16	78825693	rs12930924
chr16	78825763	rs12918472
chr16	78826851	rs7184196
chr16	78826883	rs6564600
chr16	78827049	rs7184580
chr16	78827118	rs7184760
chr16	78827377	rs8043939
chr16	78827459	rs8048851
chr16	78827890	rs8048957
chr16	78828465	rs6564603
chr16	78828488	rs11150104
chr16	78829718	rs1079635
chr16	78829916	rs9941131
chr16	78830802	rs7186325
chr16	78830876	rs7192067
chr16	78831853	rs8051656
chr16	78831993	rs6564605
chr16	78833942	rs1554983
chr16	78833982	rs7501417
chr16	78834212	rs1554981
chr16	78834371	rs1126340
chr16	78835563	rs4888854
chr16	78835585	rs8048649
chr16	78835648	rs4888855
chr16	78836075	rs7185014
chr16	78836129	rs1124807
chr16	78836343	rs12920972
chr16	78837057	rs8050944
chr16	78837158	rs13332126
chr16	78837532	rs8060300
chr16	78838962	rs11649397
chr16	78840372	rs7194133
chr16	78840595	rs12599878
chr16	78840660	rs11150106
chr16	78840843	rs7194700
chr16	78841456	rs4888857
chr16	78841796	rs4888858
chr16	78841943	rs4888860
chr16	78842030	rs7405423
chr16	78843404	rs4888864
chr16	78843521	rs4888865
chr16	78843721	rs6420411
chr16	78844572	rs8063932
chr16	78844613	rs1543296
chr16	78848319	rs7501409
chr16	78849221	rs7190122
chr16	78850257	rs11643930
chr16	78850469	rs4145518
chr16	78851285	rs8060856
chr16	78851632	rs12149540
chr16	78851667	rs11150107
chr16	78854349	rs1125814
chr16	78854490	rs6564609
chr16	78857127	rs12935055
chr16	78857793	rs4888867
chr16	78857814	rs4888868
chr16	78863484	rs8054190
chr16	78863609	rs2737290
chr16	78863689	rs2737289
chr16	78863845	rs7197238
chr16	78865441	rs12448371
chr16	78865510	rs12445635
chr16	78866630	rs2075831
chr16	78867020	rs2075829
chr16	78867243	rs6420412
chr16	78867760	rs2737288
chr16	78867826	rs2178952
chr16	78867872	rs6564613
chr16	78868427	rs7194588
chr16	78868704	rs9926713
chr16	78868784	rs8051859
chr16	78870526	rs2737281
chr16	78870913	rs2737280
chr16	78871353	rs2737278
chr16	78871606	rs2134995
chr16	78874483	rs17633136
chr16	78876099	rs1079638
chr16	78876944	rs1106616
chr16	78877204	rs10492911
chr16	78877429	rs2656630
chr16	78877439	rs1394572
chr16	78879218	rs16948711
chr16	78879418	rs2656621
chr16	78879490	rs2656620
chr16	78879564	rs2656619
chr16	78880103	rs9923225
chr16	78881757	rs7404729
chr16	78882263	rs4435265
chr16	78882942	rs8061768
chr16	78884699	rs12918342
chr16	78887166	rs4887991
chr16	78887208	rs10492910
chr16	78889177	rs10492909
chr16	78889771	rs10451160
chr16	78889928	rs12926355
chr16	78891908	rs11639940
chr16	78892098	rs11639743
chr16	78892832	rs11646646
chr16	78893346	rs8050494
chr16	78893835	rs8054699
chr16	78895561	rs2174403
chr16	78896633	rs9931349
chr16	78897123	rs12449222
chr16	78897411	rs12716862
chr16	78897782	rs11150110
chr16	78897925	rs8047431
chr16	78898481	rs7192392
chr16	78898517	rs9939235
chr16	78899041	rs9939686
chr16	78900618	rs13331535
chr16	78901833	rs11864605
chr16	78902209	rs16948787
chr16	78905761	rs16948799
chr16	78906850	rs11861377
chr16	78906890	rs8053244
chr16	78907874	rs954811
chr16	78908704	rs1604953
chr16	78909370	rs17707630
chr16	78909766	rs7184151
chr16	78912527	rs7500900
chr16	78912690	rs16948856
chr16	78915344	rs7206265
chr16	78916104	rs12923991
chr16	78916357	rs16948912
chr16	78916559	rs1394567
chr16	78916844	rs1394568
chr16	78917156	rs8055573
chr16	78917229	rs2221434
chr16	78918542	rs9923451
chr16	78920119	rs7192452
chr16	78920778	rs2881483
chr16	78921222	rs9929790
chr16	78921561	rs1018159
chr16	78924580	rs1510218
chr16	78926426	rs11645638
chr16	78927310	rs2134993
chr16	78928102	rs8052474
chr16	78929871	rs982784
chr16	78931291	rs11859772
chr16	78931391	rs9932323
chr16	78932300	rs12924818
chr16	78933038	rs4888881
chr16	78936154	rs7206663
chr16	78936217	rs17505656
chr16	78939098	rs7203016
chr16	78939932	rs12596126
chr16	78941206	rs13337252
chr16	78941487	rs13332931
chr16	78941774	rs13333056
chr16	78942154	rs13333229
chr16	78943758	rs6564626
chr16	78944380	rs7195069
chr16	78945591	rs4888884
chr16	78945618	rs9935088
chr16	78945663	rs11646571
chr16	78945850	rs4888885
chr16	78946504	rs7499860
chr16	78948438	rs4887995
chr16	78948543	rs7184656
chr16	78949014	rs7185469
chr16	78949943	rs11150117
chr16	78950239	rs1995549
chr16	78950853	rs7198076
chr16	78951143	rs8063186
chr16	78951176	rs11648482
chr16	78955452	rs16949032
chr16	78956038	rs12444278
chr16	78957094	rs17635971
chr16	78957146	rs11150119
chr16	78958544	rs12446617
chr16	78958582	rs11641434
chr16	78958645	rs10871358
chr16	78962578	rs9923762
chr16	78962953	rs7189021
chr16	78963159	rs7189419
chr16	78963716	rs8052880
chr16	78965747	rs12929249
chr16	78968000	rs16944152
chr16	78968044	rs2047927
chr16	78970332	rs12716865
chr16	78970586	rs1467067
chr16	78970900	rs11860206
chr16	78971854	rs1110894
chr16	78972593	rs4888896
chr16	78972739	rs4887997
chr16	78972966	rs10492908
chr16	78974328	rs11150123
chr16	78974370	rs11150124
chr16	78974884	rs8060634
chr16	78975571	rs12935510
chr16	78975849	rs9930281
chr16	78975952	rs9930939
chr16	78976969	rs1875940
chr16	78977276	rs7186745
chr16	78977427	rs4888000
chr16	78978087	rs1566884
chr16	78978927	rs4888900
chr16	78979135	rs4888001
chr16	78979690	rs924870
chr16	78982511	rs3751834
chr16	78983160	rs965384
chr16	78984269	rs4620969
chr16	78984748	rs17637309
chr16	78985356	rs16949152
chr16	78986635	rs4888901
chr16	78986883	rs9926344
chr16	78986998	rs8052309
chr16	78987178	rs9939910
chr16	78987713	rs12933151
chr16	78991169	rs8055351
chr16	78991698	rs10492907
chr16	78992602	rs11864328
chr16	78993232	rs4888910
chr16	78995210	rs4888911
chr16	78995677	rs17637675
chr16	78998885	rs17643319
chr16	78999525	rs9941213
chr16	79001510	rs10492906
chr16	79001847	rs10492905
chr16	79002839	rs12929415
chr16	79003425	rs9932250
chr16	79003887	rs1109934
chr16	79004083	rs11866798
chr16	79004134	rs2006902
chr16	79005703	rs11644322
chr16	79006988	rs12598700
chr16	79007670	rs9935794
chr16	79008656	rs8056452
chr16	79008877	rs889745
chr16	79009054	rs12103272
chr16	79009343	rs13338622
chr16	79009354	rs2113307
chr16	79009830	rs1862842
chr16	79010752	rs2550731
chr16	79011095	rs2550730
chr16	79013404	rs2656659
chr16	79013571	rs11645605
chr16	79014079	rs2550725
chr16	79015080	rs16949214
chr16	79015280	rs2550724
chr16	79015383	rs9921664
chr16	79015444	rs12447246
chr16	79016219	rs16949222
chr16	79017805	rs2161727
chr16	79017949	rs12932339
chr16	79018100	rs2113305
chr16	79019713	rs16949240
chr16	79020015	rs2656653
chr16	79020098	rs16949243
chr16	79020123	rs2550717
chr16	79022859	rs8047597
chr16	79023001	rs2550711
chr16	79023247	rs2550710
chr16	79023563	rs16949262
chr16	79025103	rs1808447
chr16	79025272	rs16949269
chr16	79026330	rs7196645
chr16	79027346	rs2550702
chr16	79027632	rs2656649
chr16	79027704	rs11645630
chr16	79027865	rs16949276
chr16	79028594	rs17712680
chr16	79028821	rs2656647
chr16	79028857	rs16949286
chr16	79028962	rs2656646
chr16	79029259	rs2550698
chr16	79029906	rs2656645
chr16	79032439	rs12445245
chr16	79033843	rs2102280
chr16	79034420	rs1120114
chr16	79034909	rs8055815
chr16	79035464	rs2550692
chr16	79036556	rs16949326
chr16	79036790	rs16949332
chr16	79038095	rs988371
chr16	79038240	rs988372
chr16	79039055	rs2550689
chr16	79039168	rs1397158
chr16	79039524	rs17713676
chr16	79040132	rs2656614
chr16	79040605	rs905780
chr16	79041414	rs2247465
chr16	79041528	rs16949366
chr16	79042585	rs2656612
chr16	79042809	rs2202423
chr16	79042913	rs2194344
chr16	79043261	rs1110898
chr16	79043643	rs2250443
chr16	79044278	rs8046508
chr16	79045762	rs2656609
chr16	79046207	rs16949396
chr16	79046611	rs17646636
chr16	79047214	rs2656667
chr16	79047305	rs2656665
chr16	79050650	rs2656662
chr16	79050813	rs11648133
chr16	79051592	rs2550685
chr16	79051651	rs2656661
chr16	79052872	rs2550679
chr16	79052900	rs5021355
chr16	79053842	rs2550676
chr16	79053859	rs8052586
chr16	79055972	rs1121404
chr16	79057261	rs9319534
chr16	79057732	rs11643445
chr16	79057870	rs2113304
chr16	79057950	rs10492903
chr16	79058186	rs9921688
chr16	79058551	rs2347086
chr16	79058806	rs2347088
chr16	79059162	rs9972753
chr16	79059420	rs12102460
chr16	79061951	rs9940608
chr16	79064322	rs7193437
chr16	79066157	rs17647978
chr16	79068216	rs17726834
chr16	79068926	rs9925128
chr16	79070725	rs9930132
chr16	79071143	rs7204158
chr16	79073602	rs12446495
chr16	79074148	rs7206237
chr16	79074210	rs6564638
chr16	79074457	rs7194361
chr16	79075043	rs9937803
chr16	79075856	rs12600154
chr16	79075945	rs11150133
chr16	79076699	rs12149527
chr16	79077937	rs12926028
chr16	79078300	rs17648647
chr16	79078553	rs6564639
chr16	79078770	rs6564640
chr16	79078940	rs7198971
chr16	79079372	rs6564642
chr16	79080175	rs7205886
chr16	79080587	rs1080511
chr16	79082064	rs17727546
chr16	79082982	rs7199945
chr16	79083511	rs7189602
chr16	79085172	rs13339155
chr16	79087938	rs4888923
chr16	79089679	rs17727687
chr16	79092653	rs4888924
chr16	79092773	rs4888925
chr16	79094148	rs11865264
chr16	79096677	rs9931714
chr16	79096993	rs9939718
chr16	79097496	rs6564645
chr16	79097841	rs8062989
chr16	79098016	rs8048899
chr16	79098442	rs8049291
chr16	79102242	rs7193279
chr16	79107773	rs9925697
chr16	79110086	rs12716868
chr16	79110959	rs2278051
chr16	79111485	rs2278050
chr16	79113028	rs1424104
chr16	79113570	rs7206890
chr16	79114968	rs7185485
chr16	79115726	rs7184581
chr16	79115745	rs7191506
chr16	79117354	rs7192197
chr16	79118290	rs8056641
chr16	79121854	rs11649247
chr16	79122020	rs9940536
chr16	79122325	rs2005036
chr16	79123028	rs2002640
chr16	79123319	rs8044667
chr16	79123857	rs16949592
chr16	79124285	rs11647295
chr16	79124554	rs10492901
chr16	79124751	rs10492900
chr16	79124801	rs8045079
chr16	79124917	rs16949610
chr16	79124928	rs8047289
chr16	79125371	rs16949622
chr16	79127945	rs7498200
chr16	79130135	rs12599773
chr16	79130555	rs11866970
chr16	79130923	rs9646321
chr16	79130954	rs9646322
chr16	79131466	rs13331974
chr16	79132507	rs2042437
chr16	79134048	rs1424110
chr16	79137240	rs1111230
chr16	79138059	rs1424112
chr16	79138168	rs1424113
chr16	79138784	rs11647886
chr16	79139851	rs1981883
chr16	79141514	rs7193539
chr16	79142440	rs7200634
chr16	79142627	rs7200334
chr16	79143396	rs12449066
chr16	79144798	rs7184952
chr16	79145775	rs8050239
chr16	79147154	rs7191617
chr16	79148387	rs8056647
chr16	79148486	rs12050992
chr16	79149455	rs9924268
chr16	79149511	rs8046140
chr16	79150563	rs8053895
chr16	79150607	rs8052122
chr16	79151299	rs4459555
chr16	79151496	rs7201082
chr16	79152299	rs1117007
chr16	79153485	rs8048811
chr16	79154651	rs12919104
chr16	79155637	rs11859454
chr16	79155805	rs11864641
chr16	79155883	rs11859281
chr16	79157183	rs16949733
chr16	79157832	rs11861871
chr16	79160241	rs6564651
chr16	79162892	rs12443833
chr16	79163407	rs8045067
chr16	79164061	rs11860411
chr16	79165213	rs1110544
chr16	79165475	rs1110543
chr16	79165997	rs8051649
chr16	79166011	rs8051054
chr16	79166111	rs9972794
chr16	79166517	rs11150140
chr16	79167282	rs17656178
chr16	79169293	rs1116525
chr16	79171946	rs16949762
chr16	79173054	rs8055765
chr16	79176633	rs4511552
chr16	79176650	rs1963839
chr16	79176806	rs2011184
chr16	79177722	rs12444578
chr16	79180217	rs12935684
chr16	79180375	rs3751832
chr16	79181188	rs1834037
chr16	79181607	rs11860626
chr16	79182896	rs1424106
chr16	79185686	rs16949819
chr16	79185763	rs17730134
chr16	79186656	rs6564654
chr16	79187995	rs1108663
chr16	79188390	rs446684
chr16	79188496	rs1108207
chr16	79189239	rs16949846
chr16	79190570	rs434342
chr16	79191637	rs377651
chr16	79192095	rs386497
chr16	79193523	rs415738
chr16	79193671	rs7189876
chr16	79194046	rs434395
chr16	79194154	rs441083
chr16	79194239	rs2010020
chr16	79194353	rs414723
chr16	79195568	rs12445467
chr16	79195926	rs382888
chr16	79196418	rs16949893
chr16	79197534	rs12449105
chr16	79198549	rs383673
chr16	79199492	rs16949908
chr16	79200690	rs424074
chr16	79201048	rs59344
chr16	79201107	rs1074223
chr16	79201907	rs454120
chr16	79202670	rs400497
chr16	79202933	rs441004
chr16	79203011	rs369487
chr16	79203613	rs1813526
chr16	79203690	rs870
chr16	79203862	rs2016545
chr16	79204004	rs12935369
chr16	79204463	rs7197664
chr16	79204788	rs11861007
chr16	79204957	rs12927043
chr16	79205069	rs442608
chr16	79205475	rs417711
chr16	79205929	rs17642520
chr16	79205967	rs17796342
chr16	79206539	rs384228
chr16	79207857	rs403632
chr16	79208547	rs407083
chr16	79208873	rs450829
chr16	79209910	rs413263
chr16	79209946	rs12449081
chr16	79211568	rs384216
chr16	79211923	rs383362
chr16	79212064	rs2288033
chr16	79212181	rs2288032
chr16	79212426	rs12828
chr16	79212638	rs391870
chr16	79213165	rs395050
chr16	79213591	rs401994
chr16	79215445	rs17642789
chr16	79217612	rs17723632
chr16	79218427	rs270421
chr16	79218754	rs270422
chr16	79219096	rs270425
chr16	79230019	rs270420
chr16	79233532	rs693764
chr16	79234387	rs376059
chr16	79234569	rs406783
chr16	79234989	rs427400
chr16	79235962	rs8062601
chr16	79236651	rs401477
chr16	79237652	rs9924583
chr16	79237918	rs7190137
chr16	79239416	rs12448739
chr16	79240072	rs12449083
chr16	79240207	rs12446298
chr16	79240342	rs12446340
chr16	79241358	rs12447735
chr16	79246401	rs9922579
chr16	79247878	rs378660
chr16	79248330	rs425664
chr16	79248359	rs369308
chr16	79250411	rs11864308
chr16	79253623	rs11860413
chr16	79253651	rs8047301
chr16	79254337	rs9937891
chr16	79255776	rs13335710
chr16	79256587	rs12447158
chr16	79257909	rs437620
chr16	79257923	rs13332170
chr16	79258295	rs402026
chr16	79259185	rs270443
chr16	79259986	rs8044129
chr16	79261073	rs270439
chr16	79263214	rs10514448
chr16	79263300	rs10514449
chr16	79263618	rs270434
chr16	79264914	rs6564656
chr16	79265145	rs270433
chr16	79265378	rs8063798
chr16	79265945	rs192411
chr16	79267140	rs17654027
chr16	79267257	rs12928973
chr16	79268288	rs389386
chr16	79269266	rs9922330
chr16	79269813	rs17710426
chr16	79270864	rs6564658
chr16	79271680	rs17796919
chr16	79274343	rs8054305
chr16	79274610	rs16950110
chr16	79274634	rs12596576
chr16	79277235	rs1355170
chr16	79277512	rs4888943
chr16	79277755	rs4888944
chr16	79278186	rs9806921
chr16	79278249	rs9806910
chr16	79279121	rs906796
chr16	79281163	rs1876761
chr16	79282000	rs7194743
chr16	79282401	rs10871360
chr16	79282918	rs8054578
chr16	79283306	rs8059724
chr16	79284126	rs7201035
chr16	79284769	rs2347571
chr16	79286589	rs8050901
chr16	79287620	rs12444785
chr16	79289528	rs11641107
chr16	79289632	rs8062282
chr16	79290330	rs17724291
chr16	79299176	rs1467038
chr16	79299862	rs1533039
chr16	79301336	rs9927953
chr16	79301426	rs9930698
chr16	79301454	rs11150149
chr16	79302750	rs1396702
chr16	79303420	rs17797339
chr16	79304545	rs9924169
chr16	79305634	rs11150150
chr16	79305900	rs8054083
chr16	79307184	rs17797375
chr16	79307678	rs11863601
chr16	79308057	rs17797399
chr16	79311795	rs9934640
chr16	79312379	rs17797430
chr16	79312785	rs17710897
chr16	79313143	rs11642715
chr16	79313332	rs4888950
chr16	79313932	rs1110916
chr16	79314271	rs16950193
chr16	79314381	rs17797448
chr16	79315586	rs11150152
chr16	79315636	rs8061298
chr16	79315845	rs8061628
chr16	79316307	rs17724508
chr16	79316903	rs12596374
chr16	79317975	rs16950213
chr16	79318377	rs16950218
chr16	79319415	rs8063785
chr16	79319522	rs6564659
chr16	79320002	rs8043805
chr16	79320237	rs11150154
chr16	79320653	rs4888016
chr16	79321198	rs7189133
chr16	79322621	rs17797562
chr16	79322838	rs16944185
chr16	79323215	rs12232464
chr16	79323335	rs7202377
chr16	79324225	rs12444231
chr16	79324579	rs7203824
chr16	79326520	rs17724641
chr16	79326906	rs9927057
chr16	79327304	rs1876763
chr16	79327878	rs2136351
chr16	79328056	rs9939416
chr16	79328514	rs2221705
chr16	79328902	rs4408557
chr16	79328927	rs1122059
chr16	79329182	rs1121985
chr16	79329917	rs7191820
chr16	79330782	rs17654848
chr16	79331488	rs17711247
chr16	79332276	rs8046650
chr16	79332700	rs9933705
chr16	79332957	rs11645982
chr16	79334030	rs6564661
chr16	79337115	rs7202399
chr16	79343465	rs10514451
chr16	79343627	rs10514452
chr16	79344739	rs8059875
chr16	79345121	rs10514454
chr16	79345830	rs11645542
chr16	79347131	rs4888953
chr16	79347789	rs1472939
chr16	79348012	rs7198888
chr16	79350204	rs11863312
chr16	79353726	rs2136348
chr16	79353975	rs4888955
chr16	79354312	rs8045027
chr16	79355573	rs17724884
chr16	79356271	rs12933185
chr16	79357989	rs4302047
chr16	79359106	rs11642974
chr16	79359210	rs2068174
chr16	79359667	rs4427818
chr16	79362939	rs4423432
chr16	79364650	rs4888957
chr16	79369743	rs4581714
chr16	79371393	rs4340338
chr16	79373021	rs17797882
chr16	79379213	rs11150157
chr16	79379772	rs4390610
chr16	79382666	rs7192960
chr16	79384406	rs12716875
chr16	79387940	rs12444602
chr16	79390240	rs13334895
chr16	79393982	rs4888964
chr16	79400130	rs4888967
chr16	79400803	rs8054398
chr16	79403043	rs4372705
chr16	79403312	rs4243170
chr16	79405138	rs17711743
chr16	79405477	rs4888024
chr16	79405642	rs7499241
chr16	79407421	rs12444393
chr16	79409463	rs3923792
chr16	79410426	rs4888974
chr16	79410947	rs4888027
chr16	79411123	rs8061404
chr16	79411244	rs17798093
chr16	79411278	rs17711827
chr16	79412266	rs4888975
chr16	79414881	rs16950383
chr16	79417269	rs11859724
chr16	79417305	rs11864863
chr16	79419159	rs4243173
chr16	79422600	rs9939535
chr16	79422919	rs8059522
chr16	79422960	rs17655622
chr16	79426301	rs3923760
chr16	79426329	rs3923759
chr16	79426632	rs10871363
chr16	79426670	rs10871364
chr16	79426729	rs8050970
chr16	79427270	rs9935781
chr16	79427398	rs11150161
chr16	79427418	rs7197961
chr16	79427552	rs8057019
chr16	79429768	rs16950422
chr16	79429984	rs12444457
chr16	79431665	rs4888977
chr16	79431916	rs13333910
chr16	79432659	rs12444044
chr16	79433215	rs12920268
chr16	79433806	rs7191732
chr16	79436785	rs4471692
chr16	79437817	rs7206380
chr16	79438957	rs7190849
chr16	79441120	rs4888981
chr16	79441842	rs4888031
chr16	79443586	rs12325586
chr16	79446526	rs4243175
chr16	79450594	rs11645514
chr16	79454177	rs8044838
chr16	79458366	rs1862720
chr16	79458840	rs6564672
chr16	79458933	rs9926937
chr16	79460396	rs7203539
chr16	79461861	rs12930954
chr16	79463916	rs16950489
chr16	79465689	rs2549516
chr16	79470598	rs4407072
chr16	79470842	rs889474
chr16	79471760	rs10514456
chr16	79472104	rs10514457
chr16	79473242	rs11644929
chr16	79475437	rs4888984
chr16	79476012	rs8051451
chr16	79478644	rs1423812
chr16	79479201	rs11150167
chr16	79480258	rs2067709
chr16	79484512	rs1862718
chr16	79485736	rs7199071
chr16	79486579	rs4888033
chr16	79486656	rs4888034
chr16	79487426	rs11150169
chr16	79488776	rs11150170
chr16	79490803	rs2720433
chr16	79491262	rs2549503
chr16	79491482	rs2549504
chr16	79492272	rs4341757
chr16	79492403	rs2432363
chr16	79494274	rs8064150
chr16	79494755	rs9921755
chr16	79499389	rs4325575
chr16	79513623	rs2720445
chr16	79516830	rs2549513
chr16	79518113	rs4261550
chr16	79519336	rs2549515
chr16	79520098	rs41463547
chr16	79521588	rs41528147
chr16	79523123	rs4888998
chr16	79527837	rs7197384
chr16	79528244	rs10514459
chr16	79529100	rs2059241
chr16	79530084	rs9936252
chr16	79531268	rs1423818
chr16	79532012	rs1364097
chr16	79532046	rs1345849
chr16	79532144	rs1364096
chr16	79532438	rs8061745
chr16	79532688	rs2113181
chr16	79532957	rs2347948
chr16	79533316	rs4538026
chr16	79533893	rs821237
chr16	79535913	rs16950541
chr16	79536241	rs821232
chr16	79537166	rs17677378
chr16	79537425	rs250133
chr16	79538336	rs17750157
chr16	79538525	rs12926874
chr16	79538593	rs17677551
chr16	79539854	rs190369
chr16	79541126	rs737558
chr16	79543637	rs16950573
chr16	79544362	rs250135
chr16	79546990	rs11150175
chr16	79547464	rs10514460
chr16	79547699	rs16950598
chr16	79548477	rs8053822
chr16	79548779	rs16950612
chr16	79548901	rs404694
chr16	79549718	rs388127
chr16	79549918	rs381864
chr16	79550486	rs376068
chr16	79551124	rs7498403
chr16	79552844	rs12598123
chr16	79554723	rs250157
chr16	79555930	rs12149767
chr16	79557382	rs250151
chr16	79557896	rs250149
chr16	79558000	rs250148
chr16	79558075	rs250147
chr16	79558123	rs9923971
chr16	79560512	rs173645
chr16	79561659	rs6564677
chr16	79562064	rs6564679
chr16	79562540	rs250166
chr16	79562835	rs12928988
chr16	79563178	rs11648191
chr16	79564385	rs7187192
chr16	79564502	rs30428
chr16	79564963	rs17678811
chr16	79565360	rs12932040
chr16	79565817	rs30427
chr16	79566879	rs16950694
chr16	79567747	rs17757084
chr16	79568027	rs30425
chr16	79569796	rs821225
chr16	79569893	rs423805
chr16	79571377	rs386687
chr16	79571648	rs3784926
chr16	79571686	rs3784925
chr16	79573292	rs425628
chr16	79574511	rs450674
chr16	79574604	rs12443665
chr16	79576439	rs4888037
chr16	79577069	rs1559341
chr16	79578224	rs30387
chr16	79580219	rs30388
chr16	79581703	rs16950734
chr16	79582484	rs8048274
chr16	79583832	rs30401
chr16	79585672	rs30402
chr16	79587126	rs11858998
chr16	79587921	rs30405
chr16	79589188	rs30406
chr16	79593385	rs30408
chr16	79594284	rs2287974
chr16	79595363	rs3743597
chr16	79602919	rs1423815
chr16	79604181	rs42399
chr16	79604224	rs9926690
chr16	79607032	rs8055339
chr16	79607412	rs12597382
chr16	79607466	rs8059614
chr16	79608952	rs8045611
chr16	79612092	rs889472
chr16	79613056	rs17686166
chr16	79614847	rs7189280
chr16	79615497	rs7196953
chr16	79617396	rs422965
chr16	79618644	rs386965
chr16	79619184	rs368994
chr16	79619911	rs7200065
chr16	79620069	rs7206046
chr16	79620236	rs422021
chr16	79621175	rs410059
chr16	79621437	rs374295
chr16	79621766	rs17686548
chr16	79622776	rs16950850
chr16	79623449	rs250145
chr16	79628015	rs4889002
chr16	79633118	rs12935153
chr16	79636427	rs728929
chr16	79637444	rs1364341
chr16	79638389	rs11150179
chr16	79639508	rs12051063
chr16	79640575	rs7196770
chr16	79641356	rs12932212
chr16	79643230	rs1424237
chr16	79644452	rs4889006
chr16	79644474	rs4889007
chr16	79645472	rs8055105
chr16	79646516	rs10514464
chr16	79647470	rs10514466
chr16	79648854	rs1424233
chr16	79649553	rs9921354
chr16	79650058	rs12932599
chr16	79651400	rs6564684
chr16	79653106	rs889791
chr16	79654593	rs16950919
chr16	79656273	rs16950922
chr16	79656377	rs17760357
chr16	79657080	rs878864
chr16	79657421	rs7184694
chr16	79658771	rs11150186
chr16	79659625	rs4889008
chr16	79660160	rs9928791
chr16	79660523	rs12922149
chr16	79662921	rs7195737
chr16	79664043	rs7200357
chr16	79664192	rs2348182
chr16	79666070	rs1364339
chr16	79667177	rs4889011
chr16	79667679	rs16950971
chr16	79667690	rs4889013
chr16	79668062	rs8050879
chr16	79668474	rs16950982
chr16	79669932	rs4243177
chr16	79670255	rs8048539
chr16	79670515	rs11150187
chr16	79671018	rs8047723
chr16	79672509	rs7500666
chr16	79672854	rs1424231
chr16	79675004	rs9940742
chr16	79676131	rs9923437
chr16	79676584	rs16951013
chr16	79682305	rs12447125
chr16	79682436	rs7186420
chr16	79688528	rs16951023
chr16	79690034	rs7197147
chr16	79693883	rs7342775
chr16	79694675	rs16951029
chr16	79695134	rs8055173
chr16	79697302	rs6564691
chr16	79700330	rs11150189
chr16	79701090	rs7188445
chr16	79701150	rs7189954
chr16	79701756	rs8052812
chr16	79704528	rs11866972
chr16	79704616	rs16951102
chr16	79704637	rs11863995
chr16	79704728	rs11867049
chr16	79704937	rs9941279
chr16	79705020	rs9319543
chr16	79706352	rs12923295
chr16	79706456	rs12925930
chr16	79707334	rs10871375
chr16	79707672	rs11150192
chr16	79708544	rs17767281
chr16	79708965	rs11150193
chr16	79709453	rs16951117
chr16	79709779	rs12325149
chr16	79710504	rs17767383
chr16	79710651	rs17767419
chr16	79711089	rs9928324
chr16	79711416	rs4480821
chr16	79711590	rs17767491
chr16	79713988	rs4329928
chr16	79714299	rs16951122
chr16	79715444	rs3813581
chr16	79715456	rs3813582
chr16	79716078	rs17767904
chr16	79716615	rs4404082
chr16	79716968	rs4496158
chr16	79721183	rs3813583
chr16	79723530	rs9931917
chr16	79725619	rs4468636
chr16	79728170	rs8056945
chr16	79729150	rs11648369
chr16	79731549	rs12932883
chr16	79735893	rs11640827
chr16	79736167	rs11646174
chr16	79738169	rs3813578
chr16	79739394	rs4889018
chr16	79742789	rs11150194
chr16	79742844	rs11150195
chr16	79743412	rs12444136
chr16	79743720	rs11150196
chr16	79745656	rs4435267
chr16	79748348	rs11150198
chr16	79749992	rs11861737
chr16	79750380	rs4547344
chr16	79750431	rs4257219
chr16	79750729	rs4411509
chr16	79752913	rs8053535
chr16	79753045	rs8053230
chr16	79753519	rs16951266
chr16	79757065	rs6564697
chr16	79757706	rs16951299
chr16	79757774	rs16951301
chr16	79757991	rs9922033
chr16	79758473	rs9923844
chr16	79758912	rs16951310
chr16	79759364	rs16951312
chr16	79759869	rs9927594
chr16	79759886	rs9927598
chr16	79760812	rs16951320
chr16	79761224	rs8060038
chr16	79761629	rs6564700
chr16	79763359	rs4603571
chr16	79763733	rs13338235
chr16	79764424	rs9939090
chr16	79764906	rs8052982
chr16	79765200	rs7200600
chr16	79766700	rs4614737
chr16	79766765	rs4372706
chr16	79766865	rs7190102
chr16	79766878	rs4319782
chr16	79766982	rs7190298
chr16	79767264	rs6564704
chr16	79768449	rs13337701
chr16	79768507	rs13338008
chr16	79768766	rs16951359
chr16	79769084	rs4567731
chr16	79769997	rs4506911
chr16	79773492	rs7188879
chr16	79774218	rs4889026
chr16	79775758	rs12443838
chr16	79779047	rs7188113
chr16	79779333	rs4889027
chr16	79779542	rs16951367
chr16	79780065	rs16951369
chr16	79781182	rs16951379
chr16	79781794	rs4243181
chr16	79782286	rs4505340
chr16	79782297	rs16951383
chr16	79782350	rs4243182
chr16	79782450	rs16951385
chr16	79782843	rs11639999
chr16	79783215	rs16951388
chr16	79783268	rs16951389
chr16	79785890	rs4889028
chr16	79787758	rs12919529
chr16	79788310	rs4622525
chr16	79789907	rs9938074
chr16	79790332	rs11150199
chr16	79794878	rs4243183
chr16	79797431	rs4889032
chr16	79798860	rs1134715
chr16	79800364	rs4889035
chr16	79801531	rs4299168
chr16	79802379	rs11150206
chr16	79804414	rs11640405
chr16	79805497	rs8044109
chr16	79807608	rs11643120
chr16	79809139	rs6564708
chr16	79812072	rs11649168
chr16	79813245	rs8043824
chr16	79815448	rs9935322
chr16	79819370	rs11646777
chr16	79819524	rs11642615
chr16	79824730	rs4888050
chr16	79826460	rs9922228
chr16	79826617	rs9931561
chr16	79826875	rs11150222
chr16	79833589	rs8063424
chr16	79834602	rs3924889
chr16	79838023	rs8061789
chr16	79838562	rs9921272
chr16	79838789	rs9921449
chr16	79839408	rs11644568
chr16	79840286	rs4591156
chr16	79843347	rs9933396
chr16	79843699	rs7191528
chr16	79843743	rs9925226
chr16	79844673	rs16951505
chr16	79845556	rs4307960
chr16	79847489	rs13329842
chr16	79847753	rs11649677
chr16	79848353	rs7184534
chr16	79848872	rs16951534
chr16	79849953	rs11649129
chr16	79851204	rs9941040
chr16	79856062	rs11150225
chr16	79859840	rs9939391
chr16	79860197	rs4073001
chr16	79861067	rs7206752
chr16	79862928	rs4329930
chr16	79863694	rs9937477
chr16	79863756	rs7202646
chr16	79865830	rs8062047
chr16	79866768	rs11863270
chr16	79868321	rs4267316
chr16	79868640	rs4473202
chr16	79870450	rs13336562
chr16	79872309	rs13338370
chr16	79872504	rs12102675
chr16	79876568	rs13337624
chr16	79881012	rs4889041
chr16	79882476	rs9941162
chr16	79882727	rs8047619
chr16	79883405	rs9934804
chr16	79885801	rs7191612
chr16	79886028	rs9935635
chr16	79886575	rs9928156
chr16	79887976	rs9788962
chr16	79889413	rs7188674
chr16	79890960	rs11649114
chr16	79892237	rs11645023
chr16	79892885	rs11646334
chr16	79892972	rs13336393
chr16	79894289	rs11644400
chr16	79894495	rs11646999
chr16	79896750	rs11150227
chr16	79897698	rs4077450
chr16	79902692	rs4325578
chr16	79902894	rs4274451
chr16	79903304	rs7197544
chr16	79905152	rs11648875
chr16	79905607	rs7205649
chr16	79907675	rs6564712
chr16	79908665	rs8058927
chr16	79909187	rs9930729
chr16	79909841	rs7185008
chr16	79909976	rs7187277
chr16	79911949	rs8062671
chr16	79912218	rs9931748
chr16	79913365	rs16951666
chr16	79913741	rs7189172
chr16	79915451	rs7195655
chr16	79918325	rs4130728
chr16	79918465	rs11150229
chr16	79922229	rs11150230
chr16	79927433	rs4889046
chr16	79931592	rs4264404
chr16	79933427	rs4132185
chr16	79935202	rs4506913
chr16	79935226	rs16951680
chr16	79937144	rs10514472
chr16	79938628	rs9930219
chr16	79938950	rs9940998
chr16	79939051	rs8060741
chr16	79939545	rs8050088
chr16	79939642	rs13335346
chr16	79939998	rs16951706
chr16	79940412	rs4281728
chr16	79942325	rs4888055
chr16	79942748	rs16951716
chr16	79944337	rs4627367
chr16	79945191	rs4888057
chr16	79945495	rs4888058
chr16	79945816	rs4889048
chr16	79946513	rs4555167
chr16	79946986	rs4271604
chr16	79947232	rs4243188
chr16	79947733	rs4889049
chr16	79952323	rs16951740
chr16	79953381	rs4436791
chr16	79957119	rs4461087
chr16	79957278	rs11647638
chr16	79957795	rs10514475
chr16	79958980	rs8045969
chr16	79959330	rs4243191
chr16	79959610	rs4889058
chr16	79959696	rs16951782
chr16	79959895	rs4243192
chr16	79959989	rs11150233
chr16	79960303	rs4603572
chr16	79963367	rs11150235
chr16	79963436	rs8051754
chr16	79963686	rs11150236
chr16	79969625	rs4889060
chr16	79970876	rs4430760
chr16	79971745	rs4545829
chr16	79972070	rs7190907
chr16	79972098	rs16951842
chr16	79973590	rs5029360
chr16	79975408	rs4474699
chr16	79979213	rs16951897
chr16	79980109	rs16951906
chr16	79985135	rs9788812
chr16	79985285	rs11640073
chr16	79989177	rs4889064
chr16	79989568	rs7192124
chr16	79989592	rs7190101
chr16	79989944	rs10514476
chr16	79989972	rs12926895
chr16	79990003	rs9319546
chr16	79990942	rs10514477
chr16	79991130	rs10514478
chr16	79991469	rs10514479
chr16	79998207	rs11645885
chr16	79998634	rs4888064
chr16	80000306	rs4505341
chr16	80001835	rs4490014
chr16	80002487	rs11647839
chr16	80002697	rs4073089
chr16	80004090	rs4556797
chr16	80004562	rs4426363
chr16	80004818	rs4439776
chr16	80008909	rs8063712
chr16	80011701	rs6564724
chr16	80012872	rs4493049
chr16	80016373	rs4889066
chr16	80016764	rs11642717
chr16	80017517	rs9319548
chr16	80018034	rs9940390
chr16	80018407	rs12449111
chr16	80019869	rs12444808
chr16	80020966	rs11648597
chr16	80021090	rs8057476
chr16	80021107	rs8055616
chr16	80022071	rs11640960
chr16	80022511	rs7193198
chr16	80022877	rs9924369
chr16	80023414	rs4392090
chr16	80023475	rs4465618
chr16	80023906	rs7193465
chr16	80025274	rs9937844
chr16	80026324	rs4889068
chr16	80029172	rs4402582
chr16	80029783	rs12716881
chr16	80029848	rs13333795
chr16	80031473	rs8046585
chr16	80034502	rs12597421
chr16	80035562	rs4533299
chr16	80036018	rs4365299
chr16	80037561	rs4889071
chr16	80038762	rs4889077
chr16	80041499	rs7196219
chr16	80043211	rs4134366
chr16	80044216	rs4427815
chr16	80046537	rs12597198
chr16	80051509	rs28499095
chr16	80051530	rs9921252
chr16	80052382	rs4243200
chr16	80056074	rs4286117
chr16	80057471	rs4441292
chr16	80060017	rs8050142
chr16	80062935	rs6564728
chr16	80064352	rs7192753
chr16	80066415	rs8059251
chr16	80068736	rs1478507
chr16	80069901	rs4889091
chr16	80071413	rs7205178
chr16	80074934	rs4888069
chr16	80076563	rs8049829
chr16	80076603	rs16952268
chr16	80077245	rs7187382
chr16	80078084	rs9926033
chr16	80080200	rs3764337
chr16	80083977	rs4889093
chr16	80085607	rs7185080
chr16	80092946	rs16952305
chr16	80093429	rs16952309
chr16	80096890	rs2199645
chr16	80097620	rs10514480
chr16	80098047	rs10871382
chr16	80098679	rs1478511
chr16	80099794	rs2126997
chr16	80104237	rs7201995
chr16	80106028	rs7202466
chr16	80108317	rs2169805
chr16	80108663	rs2219778
chr16	80110543	rs4888070
chr16	80112083	rs11150245
chr16	80112141	rs11647773
chr16	80112886	rs4889102
chr16	80113675	rs4888073
chr16	80115617	rs1072830
chr16	80118030	rs10514482
chr16	80118383	rs2017957
chr16	80120609	rs16952449
chr16	80120623	rs9940069
chr16	80120860	rs9938103
chr16	80121286	rs1351152
chr16	80121940	rs16952455
chr16	80122778	rs11860810
chr16	80123066	rs6564734
chr16	80123127	rs1110763
chr16	80123929	rs16952464
chr16	80124894	rs16952470
chr16	80125332	rs2016206
chr16	80125662	rs2016178
chr16	80125807	rs16952477
chr16	80126119	rs7195551
chr16	80126317	rs4889107
chr16	80128229	rs10514484
chr16	80128710	rs1842021
chr16	80128753	rs10514485
chr16	80128998	rs1478503
chr16	80129703	rs12051440
chr16	80129912	rs10514486
chr16	80130738	rs4145109
chr16	80131219	rs16952510
chr16	80131537	rs4889108
chr16	80132780	rs8057357
chr16	80136196	rs6564738
chr16	80142611	rs6564741
chr16	80143442	rs10871383
chr16	80143759	rs17726892
chr16	80150598	rs2007682
chr16	80151469	rs16952537
chr16	80154440	rs7200669
chr16	80154719	rs7201283
chr16	80155162	rs3823
chr16	80155533	rs8043982
chr16	80155590	rs8049125
chr16	80157924	rs12102710
chr16	80157943	rs12103219
chr16	80158561	rs8045952
chr16	80159055	rs9921356
chr16	80160323	rs12928265
chr16	80162723	rs12102352
chr16	80163984	rs11641861
chr16	80164338	rs7192068
chr16	80164756	rs6564743
chr16	80166088	rs7193739
chr16	80166750	rs2126993
chr16	80167277	rs1862698
chr16	80167547	rs9673176
chr16	80168907	rs7189918
chr16	80168953	rs11150248
chr16	80169643	rs11861602
chr16	80169985	rs11643917
chr16	80170066	rs11647537
chr16	80170427	rs16944269
chr16	80170463	rs17728096
chr16	80172029	rs11859573
chr16	80174260	rs6564744
chr16	80175546	rs2169806
chr16	80177947	rs9935498
chr16	80178884	rs8060188
chr16	80179094	rs11642712
chr16	80180410	rs8060663
chr16	80184009	rs1904185
chr16	80185981	rs16952595
chr16	80186598	rs17796160
chr16	80188989	rs8046518
chr16	80189266	rs12918347
chr16	80190213	rs16952612
chr16	80193358	rs7186149
chr16	80193731	rs7499082
chr16	80196327	rs12927869
chr16	80198165	rs1904189
chr16	80198847	rs4889119
chr16	80199244	rs10083792
chr16	80200311	rs4889120
chr16	80200367	rs16952630
chr16	80201871	rs7191109
chr16	80203829	rs1564220
chr16	80206432	rs1564219
chr16	80209115	rs10048094
chr16	80209868	rs11649576
chr16	80210017	rs11644383
chr16	80212053	rs1842025
chr16	80212491	rs7197361
chr16	80212746	rs1478508
chr16	80213013	rs11648758
chr16	80213535	rs9889013
chr16	80217368	rs10514490
chr16	80217574	rs8060494
chr16	80217859	rs11644348
chr16	80218607	rs13339499
chr16	80218974	rs7204357
chr16	80219040	rs16952668
chr16	80226269	rs11648459
chr16	80230175	rs11643923
chr16	80231390	rs8060563
chr16	80231528	rs9932933
chr16	80231939	rs8050061
chr16	80233502	rs9938674
chr16	80233864	rs7359442
chr16	80234423	rs1518603
chr16	80235576	rs1996531
chr16	80236416	rs2139108
chr16	80245997	rs4528587
chr16	80250660	rs11150253
chr16	80253283	rs9924980
chr16	80253356	rs9922968
chr16	80255848	rs7204966
chr16	80257264	rs11864202
chr16	80258456	rs7200683
chr16	80259248	rs7500444
chr16	80260790	rs4889126
chr16	80261560	rs4889128
chr16	80261573	rs4889129
chr16	80266104	rs11647606
chr16	80266378	rs1878823
chr16	80266781	rs11648985
chr16	80269233	rs11150256
chr16	80271654	rs11859036
chr16	80276142	rs7197047
chr16	80279207	rs12448004
chr16	80279674	rs11643117
chr16	80281366	rs10514491
chr16	80281409	rs9319551
chr16	80282401	rs7196147
chr16	80282678	rs11647761
chr16	80284693	rs1518604
chr16	80284997	rs875081
chr16	80286159	rs1401202
chr16	80290905	rs11150260
chr16	80291372	rs11150261
chr16	80291582	rs11150262
chr16	80291649	rs10871385
chr16	80295669	rs4396547
chr16	80297214	rs9940082
chr16	80298669	rs11150267
chr16	80298709	rs11645030
chr16	80299044	rs7185715
chr16	80299363	rs7187041
chr16	80299693	rs11646502
chr16	80300113	rs16952816
chr16	80300263	rs7193250
chr16	80300310	rs7193273
chr16	80300669	rs2086810
chr16	80300803	rs2102858
chr16	80300936	rs11150268
chr16	80301031	rs2626653
chr16	80301356	rs11150269
chr16	80301675	rs12917698
chr16	80302036	rs2139107
chr16	80303266	rs7189799
chr16	80303736	rs1401197
chr16	80303968	rs2679292
chr16	80304817	rs2626636
chr16	80304980	rs1994183
chr16	80305348	rs2139106
chr16	80305407	rs2139105
chr16	80305988	rs9927976
chr16	80306001	rs9937948
chr16	80306656	rs4889131
chr16	80307128	rs2654459
chr16	80307218	rs2679288
chr16	80310651	rs7206097
chr16	80313354	rs8055798
chr16	80314334	rs1878817
chr16	80314393	rs1878818
chr16	80314495	rs1878819
chr16	80314903	rs9927484
chr16	80315642	rs7202149
chr16	80318298	rs2654454
chr16	80319129	rs1356578
chr16	80320220	rs7206316
chr16	80321440	rs2626651
chr16	80321471	rs2679309
chr16	80321932	rs1401204
chr16	80321966	rs1401205
chr16	80323151	rs2654457
chr16	80323556	rs4888082
chr16	80323849	rs8046333
chr16	80323975	rs1829385
chr16	80324115	rs1829386
chr16	80326329	rs10514492
chr16	80327647	rs6564754
chr16	80327905	rs1401207
chr16	80329280	rs2626628
chr16	80330370	rs1829381
chr16	80330714	rs16952969
chr16	80333537	rs2679301
chr16	80335189	rs11861593
chr16	80335372	rs2626640
chr16	80335410	rs11646667
chr16	80337205	rs4889136
chr16	80338418	rs4889137
chr16	80340414	rs2679314
chr16	80340447	rs2654466
chr16	80340576	rs4889138
chr16	80340726	rs2679313
chr16	80342125	rs2654467
chr16	80344307	rs3107212
chr16	80345833	rs2654468
chr16	80346901	rs10514493
chr16	80347723	rs9935968
chr16	80349930	rs1518606
chr16	80352418	rs11644170
chr16	80353122	rs17739271
chr16	80353593	rs12444213
chr16	80353659	rs8044516
chr16	80353774	rs6564755
chr16	80357011	rs13335400
chr16	80357291	rs4888086
chr16	80358609	rs7203829
chr16	80359002	rs12931638
chr16	80362067	rs820805
chr16	80362344	rs13332924
chr16	80363028	rs16953111
chr16	80363414	rs17812818
chr16	80363519	rs9932637
chr16	80365068	rs9931203
chr16	80365069	rs9933411
chr16	80365658	rs13330837
chr16	80369399	rs12443973
chr16	80371395	rs2881978
chr16	80374364	rs1484027
chr16	80380182	rs8055002
chr16	80380434	rs1384996
chr16	80381040	rs9923533
chr16	80381065	rs4889143
chr16	80381433	rs9925843
chr16	80381862	rs1484031
chr16	80381993	rs1484032
chr16	80382193	rs10514495
chr16	80383148	rs7195258
chr16	80384205	rs12448708
chr16	80385975	rs7185017
chr16	80386455	rs12446859
chr16	80388008	rs9935388
chr16	80389518	rs7205103
chr16	80389826	rs1156096
chr16	80390281	rs13335193
chr16	80390487	rs12599282
chr16	80391008	rs1106156
chr16	80391806	rs2170828
chr16	80392394	rs7196055
chr16	80393546	rs10459868
chr16	80396835	rs7193865
chr16	80400594	rs2170823
chr16	80402552	rs4889146
chr16	80403103	rs9936000
chr16	80406404	rs1110789
chr16	80407239	rs1126264
chr16	80407523	rs12920118
chr16	80415343	rs11642541
chr16	80421699	rs7193156
chr16	80422300	rs4410097
chr16	80422506	rs10514496
chr16	80422546	rs8057483
chr16	80422787	rs10514497
chr16	80422836	rs16953272
chr16	80424621	rs16953281
chr16	80425654	rs16953285
chr16	80428140	rs1540610
chr16	80428455	rs9972739
chr16	80428706	rs1484028
chr16	80429063	rs11641210
chr16	80429502	rs12598715
chr16	80435602	rs12599299
chr16	80438210	rs7190365
chr16	80439121	rs11641380
chr16	80440720	rs2210
chr16	80441796	rs1812521
chr16	80442093	rs1540611
chr16	80442285	rs1540613
chr16	80443469	rs1120213
chr16	80444039	rs7206050
chr16	80444382	rs7206700
chr16	80444509	rs12051481
chr16	80445307	rs4889147
chr16	80446799	rs7190676
chr16	80447380	rs6564759
chr16	80450914	rs9924043
chr16	80452144	rs9937686
chr16	80452625	rs9929618
chr16	80456234	rs7206532
chr16	80457421	rs9934131
chr16	80458531	rs7194714
chr16	80458735	rs9319552
chr16	80458781	rs12325491
chr16	80458928	rs2129041
chr16	80459808	rs11150282
chr16	80460477	rs4889149
chr16	80463704	rs4581712
chr16	80464197	rs7189522
chr16	80464589	rs4243201
chr16	80465013	rs4888091
chr16	80465343	rs11648986
chr16	80465395	rs8060747
chr16	80465853	rs8044957
chr16	80466622	rs4552040
chr16	80468130	rs11150283
chr16	80468653	rs12934420
chr16	80469524	rs4398122
chr16	80469608	rs11863941
chr16	80472862	rs9922377
chr16	80473296	rs4130517
chr16	80473724	rs12444636
chr16	80474158	rs7190076
chr16	80479133	rs10514501
chr16	80481021	rs8058847
chr16	80484693	rs4538029
chr16	80485982	rs10871386
chr16	80488525	rs4473203
chr16	80491472	rs7192257
chr16	80491813	rs12448525
chr16	80492063	rs4889153
chr16	80492573	rs4491514
chr16	80495338	rs4491515
chr16	80497618	rs4468638
chr16	80499739	rs16953527
chr16	80501318	rs16953530
chr16	80501561	rs11863371
chr16	80506147	rs11861154
chr16	80512286	rs11860804
chr16	80512600	rs34423425
chr16	80515095	rs4359453
chr16	80515261	rs4533300
chr16	80515361	rs4522433
chr16	80517701	rs4496160
chr16	80519158	rs11862807
chr16	80519845	rs11866620
chr16	80520006	rs7203024
chr16	80521051	rs11150290
chr16	80527806	rs4392091
chr16	80529798	rs8047198
chr16	80534676	rs4577099
chr16	80536344	rs9928594
chr16	80539067	rs11150295
chr16	80539328	rs4458005
chr16	80539403	rs4889160
chr16	80540023	rs10871390
chr16	80541812	rs10781994
chr16	80547104	rs9932143
chr16	80547650	rs6564762
chr16	80547683	rs6564763
chr16	80547734	rs6564764
chr16	80548077	rs7190759
chr16	80549600	rs11866734
chr16	80550445	rs8182107
chr16	80551182	rs9933884
chr16	80557473	rs7188110
chr16	80557644	rs7187808
chr16	80559333	rs8052782
chr16	80561280	rs12443848
chr16	80561605	rs4517810
chr16	80561932	rs12444563
chr16	80562016	rs12448344
chr16	80567065	rs966671
chr16	80571538	rs4534859
chr16	80577901	rs7186068
chr16	80578162	rs11866835
chr16	80580518	rs7204803
chr16	80580923	rs7199965
chr16	80583576	rs4547350
chr16	80583684	rs1466181
chr16	80583716	rs1466182
chr16	80583796	rs1466183
chr16	80586714	rs9923392
chr16	80589365	rs1452501
chr16	80589409	rs1452502
chr16	80592777	rs7202869
chr16	80597524	rs8053414
chr16	80598393	rs10395
chr16	80598689	rs1985288
chr16	80603118	rs8063688
chr16	80605743	rs2060860
chr16	80606381	rs7191157
chr16	80607143	rs6564769
chr16	80607609	rs6420415
chr16	80608009	rs9940301
chr16	80609620	rs11866077
chr16	80610060	rs4613079
chr16	80610476	rs7404848
chr16	80611272	rs17823453
chr16	80611404	rs10468364
chr16	80613487	rs2316184
chr16	80613653	rs896625
chr16	80615933	rs8056731
chr16	80616871	rs13330920
chr16	80616908	rs13329835
chr16	80617212	rs17750740
chr16	80618886	rs881083
chr16	80619424	rs4889168
chr16	80620736	rs4889169
chr16	80621986	rs12448290
chr16	80623069	rs9927571
chr16	80623647	rs4889171
chr16	80623807	rs4889172
chr16	80624927	rs7198953
chr16	80624973	rs2123280
chr16	80625337	rs8057859
chr16	80627501	rs4889173
chr16	80628027	rs12933466
chr16	80628698	rs7201458
chr16	80630374	rs4889176
chr16	80637244	rs4889180
chr16	80653745	rs9930141
chr16	80654260	rs4889190
chr16	80666425	rs2873084
chr16	80671502	rs896629
chr16	80672254	rs896628
chr16	80673494	rs11150300
chr16	80679364	rs2316151
chr16	80682235	rs930743
chr16	80682560	rs930744
chr16	80683562	rs12447921
chr16	80684982	rs8049284
chr16	80687180	rs10514506
chr16	80687741	rs12444723
chr16	80688659	rs6564782
chr16	80689713	rs896630
chr16	80693857	rs7202548
chr16	80700901	rs10871395
chr16	80703745	rs2012766
chr16	80705054	rs7204905
chr16	80708830	rs3114391
chr16	80709491	rs8054268
chr16	80711878	rs41472047
chr16	80713116	rs8047401
chr16	80713860	rs729936
chr16	80714971	rs17826509
chr16	80715363	rs11641447
chr16	80718396	rs8046061
chr16	80719579	rs1011097
chr16	80720490	rs4580175
chr16	80720860	rs11644898
chr16	80722718	rs7200532
chr16	80722839	rs1115000
chr16	80725327	rs11648230
chr16	80725763	rs13339101
chr16	80726228	rs10514508
chr16	80732301	rs11644231
chr16	80733629	rs8044056
chr16	80734830	rs7187075
chr16	80735670	rs7498627
chr16	80736173	rs2289356
chr16	80737203	rs11150310
chr16	80739528	rs7190322
chr16	80741397	rs8055305
chr16	80745434	rs11647695
chr16	80745666	rs12149186
chr16	80746470	rs7199769
chr16	80747455	rs9932033
chr16	80750495	rs13335857
chr16	80754355	rs11649471
chr16	80754412	rs7185227
chr16	80754426	rs7192313
chr16	80755665	rs8052236
chr16	80757422	rs9922187
chr16	80760050	rs9937691
chr16	80762217	rs10871396
chr16	80762497	rs11150312
chr16	80766759	rs16953976
chr16	80768151	rs13337161
chr16	80769220	rs8055721
chr16	80770093	rs13331075
chr16	80773715	rs17755647
chr16	80778040	rs3096279
chr16	80778873	rs9921063
chr16	80779269	rs9922010
chr16	80779799	rs3098599
chr16	80783761	rs1981869
chr16	80784531	rs7192327
chr16	80784779	rs17761499
chr16	80785075	rs16954013
chr16	80787668	rs7204972
chr16	80788683	rs16954027
chr16	80788852	rs10445094
chr16	80789678	rs3096280
chr16	80790257	rs3114385
chr16	80791309	rs1820213
chr16	80791909	rs1423855
chr16	80796916	rs2580315
chr16	80800715	rs11645677
chr16	80800844	rs41338245
chr16	80806643	rs6564792
chr16	80807612	rs2580312
chr16	80808034	rs12446476
chr16	80809161	rs16954060
chr16	80809805	rs12444274
chr16	80810451	rs8053834
chr16	80812311	rs11643914
chr16	80813457	rs8048893
chr16	80814744	rs8046852
chr16	80815670	rs12448585
chr16	80821743	rs2580317
chr16	80824246	rs8058425
chr16	80831340	rs2549722
chr16	80832565	rs11862501
chr16	80834007	rs16954120
chr16	80837673	rs16954124
chr16	80841366	rs2549714
chr16	80846464	rs8057212
chr16	80848892	rs2549708
chr16	80848915	rs16954135
chr16	80852471	rs12926856
chr16	80852970	rs2549776
chr16	80854103	rs11150318
chr16	80854128	rs11150319
chr16	80855495	rs2549773
chr16	80857371	rs2549772
chr16	80857994	rs7187833
chr16	80858586	rs2432414
chr16	80858923	rs2549771
chr16	80858961	rs16954158
chr16	80859913	rs2549769
chr16	80861111	rs10445062
chr16	80870340	rs4889210
chr16	80870362	rs6564794
chr16	80870512	rs1833973
chr16	80876254	rs2549756
chr16	80876296	rs2549904
chr16	80876641	rs4889213
chr16	80879591	rs7186658
chr16	80879772	rs2549908
chr16	80880049	rs4889214
chr16	80881332	rs12928785
chr16	80883984	rs9935116
chr16	80884404	rs12924427
chr16	80885771	rs9925502
chr16	80889701	rs1981866
chr16	80889872	rs1981867
chr16	80891003	rs10221177
chr16	80891366	rs9932711
chr16	80891841	rs16954215
chr16	80891884	rs16954219
chr16	80892969	rs7190119
chr16	80893116	rs9938324
chr16	80893815	rs12449175
chr16	80894540	rs17657399
chr16	80894611	rs9926123
chr16	80895099	rs4889218
chr16	80897202	rs7189152
chr16	80897297	rs889518
chr16	80897313	rs889519
chr16	80898451	rs11861190
chr16	80900916	rs7191668
chr16	80900962	rs9923415
chr16	80901179	rs9933447
chr16	80901418	rs9925811
chr16	80902630	rs12446361
chr16	80903648	rs7187651
chr16	80904169	rs11150327
chr16	80904936	rs11150328
chr16	80905793	rs16954266
chr16	80905951	rs4889221
chr16	80907706	rs7197199
chr16	80910298	rs12447868
chr16	80910771	rs965295
chr16	80911641	rs7205092
chr16	80912836	rs9931478
chr16	80913997	rs2161297
chr16	80914099	rs1981868
chr16	80914172	rs10431972
chr16	80917222	rs7198711
chr16	80917248	rs7199467
chr16	80917409	rs7198978
chr16	80918816	rs8052289
chr16	80919154	rs7187344
chr16	80921496	rs16954298
chr16	80921660	rs12918862
chr16	80921792	rs12920127
chr16	80924545	rs4888116
chr16	80927763	rs2161295
chr16	80930234	rs12446053
chr16	80930509	rs7185654
chr16	80935777	rs11863536
chr16	80936430	rs7188127
chr16	80938382	rs8054657
chr16	80941643	rs7199318
chr16	80945189	rs11150329
chr16	80950570	rs8058311
chr16	80950658	rs8063497
chr16	80952704	rs16954348
chr16	80953433	rs718956
chr16	80955962	rs9924198
chr16	80959837	rs8056592
chr16	80963995	rs2194324
chr16	80968018	rs8047733
chr16	80970410	rs7202141
chr16	80972245	rs874054
chr16	80974865	rs12930202
chr16	80976002	rs2303214
chr16	80976945	rs16954366
chr16	80977049	rs16954368
chr16	80977716	rs16954370
chr16	80978406	rs9937731
chr16	80981955	rs2549822
chr16	80982953	rs12918103
chr16	80986788	rs16954399
chr16	80988939	rs2549834
chr16	80989967	rs2549841
chr16	80993034	rs2549854
chr16	80993353	rs2549857
chr16	80993537	rs2549860
chr16	80994080	rs9939934
chr16	80995194	rs2911150
chr16	80995944	rs1469123
chr16	81000044	rs12932976
chr16	81001472	rs2602443
chr16	81001928	rs2970080
chr16	81001937	rs8049565
chr16	81002719	rs2602411
chr16	81003066	rs2602413
chr16	81008323	rs3759935
chr16	81009600	rs2602424
chr16	81011342	rs12448368
chr16	81011571	rs9925780
chr16	81016078	rs9934957
chr16	81016195	rs12928638
chr16	81017598	rs11866803
chr16	81020692	rs10492892
chr16	81022506	rs9921914
chr16	81022836	rs3743503
chr16	81023230	rs3826048
chr16	81027156	rs1549288
chr16	81028222	rs2549887
chr16	81031097	rs1048194
chr16	81031454	rs12456
chr16	81037092	rs2602431
chr16	81040555	rs16954505
chr16	81041195	rs2970077
chr16	81042597	rs2278021
chr16	81043216	rs2278022
chr16	81043365	rs17849653
chr16	81044310	rs2257378
chr16	81046036	rs13185
chr16	81046076	rs13861
chr16	81046761	rs2549891
chr16	81048229	rs2602401
chr16	81052725	rs2602402
chr16	81053883	rs12927239
chr16	81053924	rs9926366
chr16	81061187	rs12929250
chr16	81061346	rs10459872
chr16	81061486	rs7198494
chr16	81061758	rs804885
chr16	81062934	rs804889
chr16	81066108	rs804895
chr16	81068406	rs12921900
chr16	81070596	rs12443549
chr16	81073339	rs804904
chr16	81074891	rs4889225
chr16	81077402	rs9925943
chr16	81077571	rs9933184
chr16	81077831	rs9926174
chr16	81078531	rs935942
chr16	81080552	rs16954582
chr16	81080578	rs10514513
chr16	81081220	rs4324141
chr16	81081668	rs10514514
chr16	81081968	rs12445303
chr16	81082082	rs8177959
chr16	81082252	rs1414
chr16	81087540	rs7200400
chr16	81087748	rs8177906
chr16	81089256	rs8043855
chr16	81090547	rs8177878
chr16	81093866	rs11866124
chr16	81094601	rs6420421
chr16	81094625	rs12444974
chr16	81096889	rs8059692
chr16	81106035	rs2316730
chr16	81106550	rs4454990
chr16	81106921	rs11150340
chr16	81108652	rs1869348
chr16	81109904	rs4888121
chr16	81112070	rs8059153
chr16	81112550	rs8054893
chr16	81116954	rs11647428
chr16	81117558	rs8053191
chr16	81120843	rs12933918
chr16	81123388	rs3803570
chr16	81123719	rs4889241
chr16	81123748	rs16954698
chr16	81123780	rs8050204
chr16	81123916	rs4889242
chr16	81125832	rs9745992
chr16	81126035	rs12932682
chr16	81126176	rs7200569
chr16	81126887	rs8059530
chr16	81127402	rs12920229
chr16	81127429	rs8060549
chr16	81127478	rs11648956
chr16	81127690	rs17184291
chr16	81128132	rs2084959
chr16	81128159	rs16954729
chr16	81128911	rs11860703
chr16	81130738	rs1530959
chr16	81130855	rs1530960
chr16	81131588	rs9930947
chr16	81133709	rs3826050
chr16	81133737	rs11150346
chr16	81134033	rs11645009
chr16	81136651	rs16954751
chr16	81136694	rs7204299
chr16	81136786	rs7185427
chr16	81137136	rs11863750
chr16	81138030	rs16954755
chr16	81139425	rs4889243
chr16	81139531	rs12918619
chr16	81139588	rs4889244
chr16	81139856	rs16954763
chr16	81147575	rs7194509
chr16	81147818	rs12103301
chr16	81147831	rs12102728
chr16	81148012	rs4889247
chr16	81148036	rs9929253
chr16	81148178	rs9921748
chr16	81148264	rs9921827
chr16	81148552	rs9929066
chr16	81149661	rs8044870
chr16	81153416	rs8051667
chr16	81155905	rs1563073
chr16	81155978	rs7190949
chr16	81157008	rs1453324
chr16	81157103	rs1453323
chr16	81157185	rs9936302
chr16	81159067	rs4889254
chr16	81160489	rs1123636
chr16	81160923	rs11647564
chr16	81161307	rs11642802
chr16	81161577	rs2123623
chr16	81162012	rs8043708
chr16	81164542	rs16954787
chr16	81164701	rs10400943
chr16	81165824	rs12925622
chr16	81165915	rs12931217
chr16	81165967	rs12927442
chr16	81165995	rs12599110
chr16	81166619	rs7194973
chr16	81167024	rs7198127
chr16	81167046	rs11150354
chr16	81167156	rs11150355
chr16	81170277	rs9927671
chr16	81170331	rs7196623
chr16	81170476	rs12934430
chr16	81170567	rs11648241
chr16	81170583	rs1901819
chr16	81170818	rs11640279
chr16	81171740	rs12919940
chr16	81171985	rs11641758
chr16	81172137	rs7191962
chr16	81172755	rs11646663
chr16	81172795	rs1377462
chr16	81173096	rs1377464
chr16	81173134	rs11647129
chr16	81173699	rs11647348
chr16	81173730	rs11150360
chr16	81174443	rs745210
chr16	81174570	rs11150361
chr16	81174598	rs11150362
chr16	81174910	rs12596941
chr16	81175429	rs935932
chr16	81175629	rs935933
chr16	81175642	rs1869349
chr16	81175910	rs12931726
chr16	81176110	rs873693
chr16	81176542	rs16954815
chr16	81176687	rs4889256
chr16	81177891	rs9935113
chr16	81177943	rs9934605
chr16	81178464	rs2317116
chr16	81179071	rs1530961
chr16	81179773	rs4889261
chr16	81180648	rs8046796
chr16	81184062	rs8043984
chr16	81185307	rs8058917
chr16	81185582	rs13339342
chr16	81186418	rs9935756
chr16	81189067	rs4889271
chr16	81189691	rs9931907
chr16	81190041	rs8046301
chr16	81190629	rs12716909
chr16	81196736	rs4076583
chr16	81196839	rs4076584
chr16	81198670	rs7205673
chr16	81198959	rs7194871
chr16	81198985	rs9937169
chr16	81200009	rs4889274
chr16	81202911	rs4889275
chr16	81203368	rs12925874
chr16	81203609	rs12926354
chr16	81205085	rs7192688
chr16	81205145	rs7194222
chr16	81205213	rs7194394
chr16	81205284	rs7194443
chr16	81208480	rs7499175
chr16	81208497	rs6420424
chr16	81208589	rs6564838
chr16	81209032	rs4888128
chr16	81209113	rs6564842
chr16	81209200	rs4889283
chr16	81209343	rs4888131
chr16	81210897	rs12596232
chr16	81212088	rs8051027
chr16	81213166	rs12918929
chr16	81213509	rs8059604
chr16	81215111	rs12933806
chr16	81215140	rs8060294
chr16	81215330	rs8044334
chr16	81220154	rs9924371
chr16	81220312	rs9924530
chr16	81220850	rs10871407
chr16	81220931	rs10871408
chr16	81221013	rs10871409
chr16	81222257	rs8058196
chr16	81225291	rs11645428
chr16	81230572	rs10048138
chr16	81230992	rs6564851
chr16	81238124	rs11641677
chr16	81241796	rs6564854
chr16	81241811	rs6564855
chr16	81241865	rs6564856
chr16	81243127	rs11643312
chr16	81243246	rs4889291
chr16	81244179	rs7205123
chr16	81244355	rs6564859
chr16	81244533	rs6564860
chr16	81244660	rs6564862
chr16	81247095	rs7192178
chr16	81257000	rs8046134
chr16	81261288	rs6564863
chr16	81262297	rs7500996
chr16	81267966	rs7202895
chr16	81270154	rs4889294
chr16	81273979	rs9937350
chr16	81276132	rs7499777
chr16	81277342	rs4889298
chr16	81279361	rs7194812
chr16	81280776	rs7188650
chr16	81280891	rs7501331
chr16	81282928	rs11865869
chr16	81285277	rs3803651
chr16	81285833	rs12449108
chr16	81287693	rs11647597
chr16	81292633	rs12932003
chr16	81297492	rs7196470
chr16	81299963	rs918775
chr16	81300031	rs918776
chr16	81301057	rs4889302
chr16	81301191	rs11639552
chr16	81301476	rs17186765
chr16	81301498	rs11859133
chr16	81302751	rs7188923
chr16	81307758	rs9889027
chr16	81312812	rs9926795
chr16	81313784	rs3809632
chr16	81314791	rs12599564
chr16	81317492	rs12447403
chr16	81323820	rs11150385
chr16	81324559	rs9888791
chr16	81324822	rs11639818
chr16	81325164	rs6564868
chr16	81326220	rs2216768
chr16	81328529	rs7203686
chr16	81329724	rs7196981
chr16	81331592	rs12149852
chr16	81331737	rs8062704
chr16	81332369	rs11641053
chr16	81333666	rs1035572
chr16	81335299	rs11647874
chr16	81335904	rs17774216
chr16	81337751	rs4889307
chr16	81338346	rs2216770
chr16	81338889	rs7191409
chr16	81339120	rs6564869
chr16	81347541	rs6564871
chr16	81348662	rs1981884
chr16	81351071	rs12103052
chr16	81351517	rs9935105
chr16	81353494	rs17189030
chr16	81353599	rs67333
chr16	81353655	rs9921359
chr16	81354122	rs729181
chr16	81355097	rs1564116
chr16	81359085	rs6564872
chr16	81362083	rs12597835
chr16	81362682	rs12448327
chr16	81364199	rs9935709
chr16	81364713	rs9930065
chr16	81364915	rs4889313
chr16	81365030	rs2608555
chr16	81366471	rs1037973
chr16	81367138	rs8057691
chr16	81367210	rs8051575
chr16	81370318	rs310031
chr16	81371578	rs310032
chr16	81377831	rs16955203
chr16	81377890	rs16955210
chr16	81378563	rs12920236
chr16	81378984	rs41484544
chr16	81379254	rs16955221
chr16	81379784	rs2290949
chr16	81380094	rs2290948
chr16	81382086	rs16955238
chr16	81382264	rs11640759
chr16	81383761	rs7200991
chr16	81386584	rs16955259
chr16	81387470	rs310020
chr16	81387852	rs4386128
chr16	81387879	rs182559
chr16	81387985	rs2859567
chr16	81388372	rs310022
chr16	81389006	rs310024
chr16	81389321	rs11643220
chr16	81389346	rs8062805
chr16	81389375	rs310025
chr16	81391500	rs17700694
chr16	81392069	rs2615699
chr16	81392141	rs12929630
chr16	81392253	rs2615697
chr16	81392742	rs2550746
chr16	81392786	rs2911438
chr16	81392821	rs9940158
chr16	81393878	rs2550739
chr16	81394830	rs12935010
chr16	81395232	rs2446085
chr16	81396214	rs8046794
chr16	81398088	rs2927313
chr16	81398108	rs2447471
chr16	81399465	rs12924670
chr16	81399515	rs12920856
chr16	81401071	rs3852705
chr16	81401772	rs1975909
chr16	81403592	rs2550736
chr16	81404750	rs10220955
chr16	81409097	rs12929969
chr16	81409208	rs2608574
chr16	81409689	rs2608576
chr16	81410897	rs11867078
chr16	81411212	rs2608578
chr16	81411252	rs2254250
chr16	81416132	rs9889186
chr16	81424054	rs8044853
chr16	81425810	rs8051009
chr16	81427364	rs2550766
chr16	81427717	rs12930800
chr16	81432959	rs12920507
chr16	81433290	rs8046850
chr16	81434146	rs866339
chr16	81435485	rs11860316
chr16	81436413	rs9927153
chr16	81438049	rs310011
chr16	81438195	rs12920983
chr16	81438629	rs2098753
chr16	81440106	rs310007
chr16	81442327	rs1563655
chr16	81447513	rs9923364
chr16	81448920	rs16955356
chr16	81452341	rs12597836
chr16	81452671	rs874834
chr16	81454753	rs11642383
chr16	81455288	rs11865203
chr16	81456325	rs4888146
chr16	81457144	rs12596138
chr16	81458706	rs9940384
chr16	81459950	rs16955383
chr16	81463297	rs12599890
chr16	81463893	rs17197603
chr16	81464102	rs2317240
chr16	81464178	rs16955396
chr16	81464202	rs898963
chr16	81464347	rs898962
chr16	81464691	rs8044403
chr16	81465692	rs8060726
chr16	81469798	rs2927299
chr16	81469935	rs12596482
chr16	81470272	rs12596548
chr16	81470872	rs2966122
chr16	81471791	rs9928937
chr16	81473428	rs2927335
chr16	81475028	rs16955417
chr16	81475371	rs2927334
chr16	81475674	rs2927333
chr16	81475688	rs2927332
chr16	81476550	rs12926550
chr16	81477094	rs1471379
chr16	81477137	rs10493891
chr16	81478201	rs2966079
chr16	81479031	rs1471152
chr16	81479216	rs2927324
chr16	81480561	rs11865840
chr16	81480900	rs2927322
chr16	81481145	rs9932863
chr16	81481164	rs2927321
chr16	81482351	rs11859878
chr16	81483029	rs2966085
chr16	81483514	rs16955433
chr16	81483820	rs12149827
chr16	81486161	rs2317241
chr16	81488676	rs2926003
chr16	81492032	rs12445748
chr16	81492122	rs2926004
chr16	81495814	rs2966090
chr16	81496993	rs7192108
chr16	81501185	rs2925979
chr16	81503047	rs4889327
chr16	81505015	rs2966093
chr16	81505237	rs12920728
chr16	81507982	rs8063007
chr16	81514082	rs8182218
chr16	81515141	rs11865332
chr16	81515320	rs11862343
chr16	81515522	rs8053235
chr16	81516103	rs2966097
chr16	81516843	rs2966099
chr16	81517877	rs3803655
chr16	81517901	rs3803656
chr16	81522317	rs4889329
chr16	81522510	rs12597170
chr16	81523580	rs13338891
chr16	81524401	rs2925990
chr16	81526101	rs4889332
chr16	81527024	rs2925988
chr16	81527391	rs12445567
chr16	81530261	rs17777603
chr16	81533949	rs2925980
chr16	81534087	rs13336426
chr16	81534459	rs13333159
chr16	81535668	rs16955523
chr16	81536261	rs9925488
chr16	81537995	rs876672
chr16	81538120	rs876673
chr16	81538374	rs1870924
chr16	81540027	rs2168798
chr16	81541930	rs2966112
chr16	81542758	rs4889336
chr16	81545828	rs9319570
chr16	81546124	rs10514517
chr16	81546222	rs10514518
chr16	81546318	rs12932885
chr16	81546483	rs12448684
chr16	81551468	rs11641025
chr16	81554537	rs7205651
chr16	81556378	rs4243206
chr16	81556576	rs4254321
chr16	81557891	rs6564889
chr16	81559329	rs2966115
chr16	81561350	rs2911275
chr16	81561581	rs2911276
chr16	81561800	rs12929809
chr16	81562765	rs2966121
chr16	81563568	rs997218
chr16	81564352	rs7203816
chr16	81565666	rs2966117
chr16	81565762	rs2966116
chr16	81565999	rs2911278
chr16	81567171	rs4889340
chr16	81568607	rs12930850
chr16	81568659	rs12929303
chr16	81568671	rs2287114
chr16	81568765	rs2287112
chr16	81568894	rs11649004
chr16	81569076	rs11644375
chr16	81569630	rs8045875
chr16	81569795	rs8045100
chr16	81570014	rs12925980
chr16	81570166	rs8044524
chr16	81570651	rs4888156
chr16	81570933	rs11648317
chr16	81571954	rs7198940
chr16	81575064	rs4632124
chr16	81575693	rs8045614
chr16	81578936	rs6564890
chr16	81581074	rs12599865
chr16	81581265	rs9932038
chr16	81581764	rs12443555
chr16	81583116	rs8054441
chr16	81583923	rs13332707
chr16	81586358	rs9929106
chr16	81586398	rs16955590
chr16	81587817	rs8047876
chr16	81588271	rs16955597
chr16	81591234	rs4503787
chr16	81592632	rs12447774
chr16	81599164	rs6564894
chr16	81599512	rs4889348
chr16	81601638	rs6564896
chr16	81602725	rs7205559
chr16	81602938	rs4889351
chr16	81605304	rs4506892
chr16	81605585	rs7185203
chr16	81605997	rs7190477
chr16	81606197	rs6564898
chr16	81606577	rs7192328
chr16	81607847	rs7203914
chr16	81608802	rs4888158
chr16	81610684	rs9927231
chr16	81610888	rs16955656
chr16	81613289	rs4888159
chr16	81615849	rs11150394
chr16	81617356	rs4611450
chr16	81618717	rs12927866
chr16	81619488	rs9939954
chr16	81619883	rs7206411
chr16	81620238	rs4074144
chr16	81624947	rs17201098
chr16	81625059	rs7197860
chr16	81625478	rs10153053
chr16	81625662	rs3924153
chr16	81628842	rs4889355
chr16	81630188	rs7184768
chr16	81631447	rs4265801
chr16	81631784	rs6564904
chr16	81631797	rs6564905
chr16	81632931	rs4888160
chr16	81634593	rs7189890
chr16	81639745	rs16955705
chr16	81642128	rs7205166
chr16	81643109	rs12447549
chr16	81643843	rs7201632
chr16	81644444	rs16955713
chr16	81645546	rs4889356
chr16	81649867	rs7500611
chr16	81655360	rs4243208
chr16	81656486	rs4243209
chr16	81657207	rs8061723
chr16	81658024	rs11640649
chr16	81661245	rs4548853
chr16	81662850	rs8052820
chr16	81665482	rs3935338
chr16	81666358	rs4889360
chr16	81667203	rs1128658
chr16	81670256	rs11150398
chr16	81670510	rs8063999
chr16	81673647	rs11644382
chr16	81674184	rs4889362
chr16	81677378	rs9972695
chr16	81679219	rs4334286
chr16	81682941	rs1017238
chr16	81683275	rs11647444
chr16	81692979	rs11642818
chr16	81694476	rs2012502
chr16	81694587	rs4888165
chr16	81695376	rs753108
chr16	81695503	rs2873480
chr16	81696776	rs9933631
chr16	81697204	rs7186510
chr16	81697628	rs16955751
chr16	81698651	rs765413
chr16	81698753	rs765414
chr16	81698903	rs1820233
chr16	81699663	rs4889369
chr16	81701272	rs3751858
chr16	81701407	rs3751859
chr16	81702719	rs4888167
chr16	81703142	rs10454070
chr16	81706184	rs3808613
chr16	81707345	rs2052587
chr16	81707858	rs889582
chr16	81711492	rs1128432
chr16	81711949	rs11150401
chr16	81713753	rs7193974
chr16	81713997	rs4889373
chr16	81723647	rs4329917
chr16	81729134	rs12932714
chr16	81731854	rs11648079
chr16	81731872	rs11649222
chr16	81732026	rs8055045
chr16	81738133	rs8059445
chr16	81738205	rs8058370
chr16	81739604	rs12444183
chr16	81739622	rs12444778
chr16	81739639	rs12444186
chr16	81741193	rs12446319
chr16	81742671	rs10871420
chr16	81743384	rs13337444
chr16	81744886	rs4888173
chr16	81746960	rs4603553
chr16	81761447	rs8063120
chr16	81763653	rs3935576
chr16	81764765	rs9937704
chr16	81766280	rs10445097
chr16	81771367	rs4328435
chr16	81774628	rs6564915
chr16	81776595	rs4260051
chr16	81778447	rs4494535
chr16	81778787	rs4401042
chr16	81779948	rs4254322
chr16	81780739	rs4398100
chr16	81781457	rs4888174
chr16	81783128	rs8045964
chr16	81783417	rs7192802
chr16	81783634	rs4580153
chr16	81785255	rs4580154
chr16	81786911	rs4243211
chr16	81787598	rs4584816
chr16	81787926	rs8043845
chr16	81789102	rs11864983
chr16	81790700	rs9941266
chr16	81791449	rs12598194
chr16	81795414	rs12448334
chr16	81795452	rs9938212
chr16	81796870	rs4889384
chr16	81800708	rs12447311
chr16	81801372	rs11647603
chr16	81804241	rs11640578
chr16	81805179	rs4889387
chr16	81806517	rs12599264
chr16	81810408	rs4889393
chr16	81811040	rs11150414
chr16	81811086	rs9937223
chr16	81817172	rs4243216
chr16	81817311	rs4456499
chr16	81818702	rs6420427
chr16	81824567	rs4405545
chr16	81825942	rs9940492
chr16	81827104	rs9933031
chr16	81827778	rs7499275
chr16	81828969	rs8061623
chr16	81829988	rs11150416
chr16	81831630	rs7194131
chr16	81833615	rs8043706
chr16	81837098	rs6564925
chr16	81837364	rs12445050
chr16	81840216	rs4325546
chr16	81840309	rs7350826
chr16	81841878	rs13334419
chr16	81842674	rs8043593
chr16	81844876	rs8182116
chr16	81846169	rs9673682
chr16	81847357	rs11644053
chr16	81847642	rs12919270
chr16	81848347	rs11150417
chr16	81849829	rs4889411
chr16	81850242	rs4888179
chr16	81851034	rs7202205
chr16	81853936	rs4072683
chr16	81855240	rs7192115
chr16	81855269	rs7192266
chr16	81855300	rs7185362
chr16	81856277	rs4074445
chr16	81858693	rs4888181
chr16	81859308	rs12596639
chr16	81861140	rs11640294
chr16	81861269	rs11643875
chr16	81861306	rs11640363
chr16	81867023	rs4243218
chr16	81867248	rs3935877
chr16	81869385	rs4889419
chr16	81869738	rs4889422
chr16	81870195	rs7342694
chr16	81871690	rs4997772
chr16	81871804	rs4997771
chr16	81872629	rs7199578
chr16	81873161	rs12716922
chr16	81873876	rs4888184
chr16	81874147	rs7184247
chr16	81875623	rs9932652
chr16	81875660	rs9932716
chr16	81876375	rs3935743
chr16	81877580	rs7197601
chr16	81878673	rs11644436
chr16	81878856	rs11640696
chr16	81879378	rs8062633
chr16	81880395	rs12927930
chr16	81880978	rs11865395
chr16	81882054	rs12446070
chr16	81882183	rs9674313
chr16	81883033	rs8063355
chr16	81883494	rs6564928
chr16	81885861	rs4133125
chr16	81885924	rs4133124
chr16	81886925	rs8055576
chr16	81888204	rs4414487
chr16	81890449	rs4889425
chr16	81890509	rs4889426
chr16	81891389	rs4889428
chr16	81891832	rs4889429
chr16	81898560	rs4889432
chr16	81902237	rs4889436
chr16	81904109	rs4305012
chr16	81904162	rs11860342
chr16	81905632	rs4264387
chr16	81907262	rs11641776
chr16	81909090	rs11859107
chr16	81909788	rs4369658
chr16	81912866	rs4243223
chr16	81913109	rs4306504
chr16	81915680	rs11864701
chr16	81916173	rs11865090
chr16	81919219	rs12448055
chr16	81921572	rs3922849
chr16	81921693	rs13331678
chr16	81921762	rs12596249
chr16	81923904	rs7203619
chr16	81924568	rs9938623
chr16	81926347	rs7201045
chr16	81926595	rs8063604
chr16	81926760	rs12446596
chr16	81927397	rs3813010
chr16	81928268	rs4889442
chr16	81930013	rs4888190
chr16	81930199	rs6564940
chr16	81930399	rs3923153
chr16	81931372	rs7187863
chr16	81932442	rs7499440
chr16	81932590	rs7500286
chr16	81935243	rs12598402
chr16	81935831	rs8043619
chr16	81936748	rs16956011
chr16	81936754	rs3934954
chr16	81936802	rs3934956
chr16	81936890	rs4073828
chr16	81937333	rs3936112
chr16	81937365	rs4077853
chr16	81937798	rs1071644
chr16	81937977	rs4258608
chr16	81938052	rs4611451
chr16	81938072	rs4369659
chr16	81938365	rs4888191
chr16	81938663	rs16956020
chr16	81939297	rs12918369
chr16	81939837	rs11150425
chr16	81939869	rs4405546
chr16	81941149	rs4889444
chr16	81941460	rs10514519
chr16	81942075	rs4078270
chr16	81942287	rs11862662
chr16	81942359	rs16956034
chr16	81942572	rs16956040
chr16	81943759	rs4611452
chr16	81943767	rs17203310
chr16	81944865	rs4508413
chr16	81945447	rs12716928
chr16	81945520	rs12921780
chr16	81946414	rs8056564
chr16	81946833	rs8055043
chr16	81947135	rs4284633
chr16	81947571	rs4312298
chr16	81948043	rs4243225
chr16	81948062	rs4603554
chr16	81948237	rs7205376
chr16	81948381	rs8063813
chr16	81948886	rs4889447
chr16	81949174	rs9934788
chr16	81949433	rs8053418
chr16	81949494	rs8047356
chr16	81950832	rs4888197
chr16	81951990	rs4889448
chr16	81953291	rs9928191
chr16	81953622	rs9938232
chr16	81955530	rs4888198
chr16	81955879	rs17793122
chr16	81959301	rs4286103
chr16	81960369	rs4243226
chr16	81965801	rs9938764
chr16	81965908	rs9938835
chr16	81966415	rs4888201
chr16	81968499	rs4580155
chr16	81974402	rs4580157
chr16	81987941	rs9646328
chr16	81988521	rs9933660
chr16	81991346	rs7205983
chr16	81993794	rs16956140
chr16	81994477	rs4243227
chr16	81997129	rs16956155
chr16	81997672	rs9933207
chr16	81997843	rs11443
chr16	81998376	rs9926701
chr16	81999417	rs11861598
chr16	82000007	rs16956174
chr16	82000205	rs11542462
chr16	82002044	rs17799706
chr16	82007831	rs4889450
chr16	82017510	rs6564958
chr16	82019894	rs4404064
chr16	82021132	rs8058561
chr16	82031233	rs4291899
chr16	82035292	rs4445895
chr16	82041712	rs11648233
chr16	82045486	rs6564961
chr16	82051993	rs4243229
chr16	82062265	rs11150437
chr16	82063468	rs4889453
chr16	82068684	rs8191138
chr16	82072694	rs2966245
chr16	82079586	rs2955159
chr16	82079866	rs2042429
chr16	82081136	rs2966244
chr16	82081543	rs9889094
chr16	82084159	rs10514523
chr16	82084457	rs9788807
chr16	82085167	rs723012
chr16	82085495	rs1364287
chr16	82086587	rs6564962
chr16	82091749	rs2955153
chr16	82091945	rs1017243
chr16	82092390	rs2966249
chr16	82094489	rs1364286
chr16	82094817	rs4888202
chr16	82095172	rs2955162
chr16	82095747	rs1424151
chr16	82098208	rs8191245
chr16	82099387	rs996752
chr16	82101906	rs10514525
chr16	82102649	rs1364284
chr16	82102961	rs3887358
chr16	82103618	rs989018
chr16	82103750	rs11649253
chr16	82103820	rs10514526
chr16	82104037	rs10514527
chr16	82104601	rs1157100
chr16	82106956	rs9923501
chr16	82109504	rs6564966
chr16	82110082	rs10514529
chr16	82110254	rs10514530
chr16	82111443	rs12149621
chr16	82111700	rs9929929
chr16	82112545	rs6420430
chr16	82113024	rs889710
chr16	82114799	rs7405231
chr16	82114846	rs41417347
chr16	82116688	rs967955
chr16	82118581	rs2873506
chr16	82119105	rs11639926
chr16	82119253	rs4243230
chr16	82120090	rs4888203
chr16	82121014	rs12929465
chr16	82131578	rs12921771
chr16	82131709	rs8046076
chr16	82131801	rs8052512
chr16	82131972	rs8047857
chr16	82133588	rs6564982
chr16	82134414	rs9940865
chr16	82134629	rs11647519
chr16	82135224	rs17804602
chr16	82135780	rs4889467
chr16	82136826	rs8050864
chr16	82136912	rs13330853
chr16	82136978	rs4530129
chr16	82137083	rs2098749
chr16	82137167	rs2081256
chr16	82137762	rs11150443
chr16	82138114	rs41534745
chr16	82147977	rs12448672
chr16	82148406	rs1056654
chr16	82148499	rs1056629
chr16	82148624	rs3751862
chr16	82148749	rs3751865
chr16	82151368	rs2303268
chr16	82151507	rs2303267
chr16	82151715	rs7203990
chr16	82152516	rs16956576
chr16	82153624	rs11643324
chr16	82153662	rs6564988
chr16	82153706	rs3829542
chr16	82154568	rs7202019
chr16	82159891	rs11647563
chr16	82160585	rs12445041
chr16	82161237	rs7196909
chr16	82161408	rs7202258
chr16	82162797	rs6564990
chr16	82163203	rs12102917
chr16	82163284	rs12598637
chr16	82163759	rs8050837
chr16	82164278	rs2303266
chr16	82166498	rs2967355
chr16	82166514	rs12597171
chr16	82166671	rs12597534
chr16	82166732	rs10514532
chr16	82168013	rs7205534
chr16	82170106	rs2303264
chr16	82170137	rs1134847
chr16	82170153	rs2303262
chr16	82172853	rs2967370
chr16	82172881	rs3829552
chr16	82175612	rs16956613
chr16	82179706	rs2967379
chr16	82180194	rs7205603
chr16	82182911	rs918759
chr16	82183017	rs918760
chr16	82188023	rs2911407
chr16	82189672	rs16956644
chr16	82189829	rs16956648
chr16	82189880	rs1424153
chr16	82192280	rs1424152
chr16	82193112	rs1364288
chr16	82193313	rs2967388
chr16	82194471	rs2042426
chr16	82196787	rs2967391
chr16	82197210	rs2967392
chr16	82198064	rs2967393
chr16	82201698	rs2967399
chr16	82202452	rs1424158
chr16	82207836	rs8054927
chr16	82213015	rs12446685
chr16	82217287	rs13333463
chr16	82218398	rs1967095
chr16	82219076	rs2967408
chr16	82221823	rs11862388
chr16	82223137	rs1979649
chr16	82223762	rs2932814
chr16	82223946	rs2967340
chr16	82223989	rs2967339
chr16	82226132	rs2317884
chr16	82226261	rs902542
chr16	82228951	rs2967337
chr16	82229852	rs7196191
chr16	82230330	rs1844725
chr16	82233357	rs16956778
chr16	82233932	rs1027213
chr16	82239547	rs2967334
chr16	82239944	rs1011433
chr16	82240660	rs7187181
chr16	82241982	rs2932810
chr16	82242272	rs2967328
chr16	82242688	rs1107860
chr16	82247385	rs1844723
chr16	82248412	rs12102745
chr16	82248486	rs12599930
chr16	82249572	rs8045985
chr16	82249994	rs4782712
chr16	82250451	rs4782713
chr16	82253568	rs6565006
chr16	82253905	rs2873561
chr16	82256118	rs7205794
chr16	82256312	rs4371145
chr16	82258361	rs7195040
chr16	82258631	rs9930179
chr16	82260971	rs9925148
chr16	82262407	rs6565010
chr16	82262766	rs6565011
chr16	82264843	rs2873562
chr16	82265629	rs8049212
chr16	82267442	rs4782727
chr16	82269211	rs7187937
chr16	82269607	rs16956940
chr16	82269961	rs2967321
chr16	82270119	rs2967320
chr16	82270130	rs2967319
chr16	82270172	rs2932819
chr16	82272361	rs2967316
chr16	82272738	rs2932821
chr16	82272946	rs9924628
chr16	82274314	rs1826242
chr16	82279345	rs12445024
chr16	82281594	rs2967306
chr16	82283594	rs16956973
chr16	82284440	rs10514535
chr16	82287116	rs2317833
chr16	82287479	rs8049624
chr16	82289098	rs2932825
chr16	82289608	rs11859332
chr16	82290116	rs9933410
chr16	82290608	rs2317835
chr16	82290782	rs2317836
chr16	82291138	rs2317837
chr16	82291925	rs11150448
chr16	82292633	rs3859075
chr16	82293200	rs11863065
chr16	82295275	rs16957024
chr16	82301297	rs2906805
chr16	82301396	rs2906804
chr16	82310795	rs11859553
chr16	82311978	rs2906802
chr16	82313142	rs977768
chr16	82313551	rs8061501
chr16	82315639	rs2906801
chr16	82321149	rs2967364
chr16	82325172	rs2317840
chr16	82326084	rs745256
chr16	82333481	rs9935462
chr16	82337485	rs13329833
chr16	82339719	rs11643285
chr16	82343267	rs2317841
chr16	82344439	rs1844719
chr16	82346348	rs4082514
chr16	82351131	rs9924989
chr16	82354750	rs8055486
chr16	82356979	rs9933085
chr16	82357476	rs7193669
chr16	82357822	rs9935817
chr16	82360672	rs10514536
chr16	82361925	rs16957126
chr16	82362429	rs1826240
chr16	82364643	rs8060331
chr16	82365192	rs11867047
chr16	82366153	rs9934649
chr16	82367450	rs9937851
chr16	82368773	rs902531
chr16	82369177	rs16957153
chr16	82369198	rs9925104
chr16	82369846	rs1844710
chr16	82370604	rs8055205
chr16	82371288	rs9938090
chr16	82371591	rs11866995
chr16	82371769	rs9940506
chr16	82372537	rs8061503
chr16	82373727	rs902537
chr16	82375268	rs4476170
chr16	82377878	rs8043793
chr16	82381146	rs4782563
chr16	82381472	rs2317847
chr16	82382736	rs9936489
chr16	82385868	rs7185882
chr16	82386769	rs9932820
chr16	82387119	rs4627337
chr16	82387314	rs4468610
chr16	82387410	rs4547324
chr16	82388011	rs8052684
chr16	82388410	rs8051567
chr16	82394887	rs9933650
chr16	82394938	rs1844711
chr16	82395090	rs1844712
chr16	82395461	rs4782872
chr16	82397398	rs6565013
chr16	82398089	rs1019959
chr16	82398725	rs1962868
chr16	82399403	rs929877
chr16	82402628	rs12596243
chr16	82404454	rs3843714
chr16	82405406	rs3843715
chr16	82405879	rs3843718
chr16	82406085	rs9936929
chr16	82406109	rs11643910
chr16	82409854	rs8055161
chr16	82412030	rs3909532
chr16	82414082	rs3909534
chr16	82414249	rs7202694
chr16	82414504	rs7202575
chr16	82417554	rs1025065
chr16	82420567	rs6565016
chr16	82421138	rs6565018
chr16	82422214	rs11649273
chr16	82422227	rs11642875
chr16	82423013	rs1364244
chr16	82423030	rs1364245
chr16	82423102	rs1364246
chr16	82424013	rs1424049
chr16	82424128	rs7187223
chr16	82426067	rs8047238
chr16	82426417	rs1424050
chr16	82426584	rs2317971
chr16	82427124	rs12927083
chr16	82428164	rs7199749
chr16	82436322	rs4782622
chr16	82437671	rs11864743
chr16	82439498	rs12447900
chr16	82440219	rs17817309
chr16	82440896	rs11150465
chr16	82442539	rs1424052
chr16	82442756	rs1424054
chr16	82444821	rs12933781
chr16	82445019	rs12716944
chr16	82445043	rs12928681
chr16	82445542	rs16957368
chr16	82446183	rs2081243
chr16	82446424	rs2113256
chr16	82448344	rs9889106
chr16	82448853	rs1424055
chr16	82450104	rs4783018
chr16	82451102	rs767018
chr16	82451246	rs16957404
chr16	82451429	rs767017
chr16	82452083	rs8059719
chr16	82454504	rs16957435
chr16	82455391	rs4782642
chr16	82455520	rs4782643
chr16	82455879	rs4783035
chr16	82456692	rs1424057
chr16	82456941	rs1025528
chr16	82456980	rs17239924
chr16	82457661	rs12929701
chr16	82459674	rs882689
chr16	82459750	rs748653
chr16	82460141	rs1862797
chr16	82460948	rs9923305
chr16	82461150	rs11150466
chr16	82461246	rs11864530
chr16	82461277	rs34618032
chr16	82462152	rs17818706
chr16	82464442	rs1865228
chr16	82474445	rs11861057
chr16	82478967	rs1424060
chr16	82479453	rs16957495
chr16	82479788	rs1078162
chr16	82482368	rs4783095
chr16	82485623	rs1991867
chr16	82487458	rs1865227
chr16	82487925	rs10871427
chr16	82488082	rs12598984
chr16	82488600	rs889626
chr16	82489811	rs7203953
chr16	82490673	rs1424063
chr16	82491775	rs7199504
chr16	82491783	rs16957529
chr16	82491925	rs7194177
chr16	82492552	rs4783112
chr16	82493676	rs17241197
chr16	82495763	rs1424064
chr16	82495870	rs1424065
chr16	82495980	rs1424066
chr16	82496171	rs9935853
chr16	82496422	rs4782685
chr16	82500098	rs4783119
chr16	82502651	rs1865229
chr16	82502763	rs1477396
chr16	82502870	rs1529770
chr16	82502937	rs12598592
chr16	82504559	rs16957560
chr16	82504572	rs11645339
chr16	82506856	rs11862439
chr16	82507182	rs11866434
chr16	82508704	rs8182119
chr16	82514472	rs16957568
chr16	82515680	rs3936367
chr16	82516943	rs3848296
chr16	82517121	rs8044364
chr16	82519184	rs10514541
chr16	82520548	rs17820141
chr16	82521277	rs9924037
chr16	82521476	rs9936860
chr16	82522675	rs11862358
chr16	82522819	rs11866532
chr16	82522875	rs8058456
chr16	82523016	rs3843720
chr16	82523697	rs11150469
chr16	82524722	rs3848297
chr16	82525216	rs12935100
chr16	82528097	rs7198864
chr16	82528501	rs1433598
chr16	82528628	rs1433597
chr16	82528741	rs17242561
chr16	82528850	rs9931462
chr16	82529949	rs1560824
chr16	82530642	rs9936386
chr16	82533799	rs17820877
chr16	82533843	rs9924799
chr16	82534365	rs766291
chr16	82535947	rs3865177
chr16	82535997	rs17242968
chr16	82536768	rs9931472
chr16	82537144	rs6565032
chr16	82539427	rs9937823
chr16	82539928	rs1433142
chr16	82540489	rs7202927
chr16	82542308	rs8046910
chr16	82543980	rs7197907
chr16	82544134	rs4783216
chr16	82544442	rs17243500
chr16	82544610	rs872746
chr16	82544750	rs872745
chr16	82545929	rs8063737
chr16	82546206	rs8059895
chr16	82546248	rs8058011
chr16	82546339	rs8060066
chr16	82546952	rs3865178
chr16	82547266	rs8044521
chr16	82547378	rs4362380
chr16	82548227	rs10514543
chr16	82548306	rs12599108
chr16	82549020	rs9938341
chr16	82549259	rs7196562
chr16	82549505	rs4783222
chr16	82550114	rs7204173
chr16	82551856	rs11861209
chr16	82559164	rs7201898
chr16	82559222	rs10438633
chr16	82559932	rs7202245
chr16	82559955	rs7202949
chr16	82560357	rs16957704
chr16	82560778	rs4783227
chr16	82561501	rs6565039
chr16	82562957	rs11866293
chr16	82567398	rs7191353
chr16	82567900	rs11865956
chr16	82568478	rs17244777
chr16	82568599	rs7498304
chr16	82568701	rs3910220
chr16	82569131	rs7186479
chr16	82569304	rs4091230
chr16	82569472	rs7203088
chr16	82570035	rs11645851
chr16	82570147	rs3852710
chr16	82570377	rs3844407
chr16	82571906	rs12598271
chr16	82573552	rs7184682
chr16	82573573	rs755373
chr16	82574386	rs6565043
chr16	82575927	rs16957747
chr16	82576017	rs10514544
chr16	82576112	rs4782717
chr16	82579000	rs9806818
chr16	82579722	rs3852716
chr16	82579883	rs17245633
chr16	82580196	rs3852717
chr16	82582136	rs9925015
chr16	82582699	rs3910216
chr16	82583031	rs3852718
chr16	82583396	rs3886465
chr16	82583573	rs7196805
chr16	82583774	rs3910214
chr16	82584999	rs25452
chr16	82586934	rs10514545
chr16	82587200	rs10514546
chr16	82588535	rs4783229
chr16	82588678	rs3933578
chr16	82592100	rs11865200
chr16	82592153	rs16957806
chr16	82592377	rs9888846
chr16	82593078	rs8062160
chr16	82593129	rs8055843
chr16	82594347	rs8063330
chr16	82594578	rs8062734
chr16	82594640	rs8058318
chr16	82595424	rs745519
chr16	82596230	rs7185064
chr16	82598067	rs3865181
chr16	82600448	rs8047615
chr16	82602746	rs11859016
chr16	82602831	rs11859278
chr16	82603324	rs12920329
chr16	82603723	rs3865182
chr16	82604955	rs2318177
chr16	82605995	rs3865183
chr16	82610125	rs13332623
chr16	82610257	rs16957852
chr16	82612178	rs17247500
chr16	82612287	rs17175173
chr16	82612489	rs3852724
chr16	82612547	rs12596316
chr16	82612563	rs3852725
chr16	82612728	rs3844412
chr16	82613367	rs3865186
chr16	82615604	rs16957861
chr16	82616585	rs2873647
chr16	82617680	rs7187173
chr16	82620430	rs17260630
chr16	82622189	rs4445897
chr16	82622296	rs12925602
chr16	82622555	rs7193788
chr16	82622820	rs736718
chr16	82623040	rs736719
chr16	82623199	rs1541928
chr16	82623390	rs4782721
chr16	82625123	rs6565051
chr16	82626328	rs12443878
chr16	82628663	rs4783244
chr16	82634066	rs8047711
chr16	82634771	rs3852728
chr16	82634929	rs3852729
chr16	82636644	rs16957913
chr16	82636883	rs9652693
chr16	82636934	rs12599599
chr16	82637031	rs12597537
chr16	82637804	rs8045889
chr16	82638429	rs12449223
chr16	82638560	rs4782722
chr16	82638722	rs12922394
chr16	82639805	rs3910232
chr16	82640236	rs17261378
chr16	82642261	rs16957935
chr16	82642318	rs11645359
chr16	82642537	rs12446731
chr16	82643141	rs12444786
chr16	82643201	rs7196725
chr16	82644197	rs16957949
chr16	82644618	rs1433157
chr16	82645292	rs12716948
chr16	82645873	rs12931356
chr16	82646665	rs7205401
chr16	82646771	rs6565052
chr16	82646786	rs7187680
chr16	82646921	rs17176567
chr16	82648239	rs3844413
chr16	82648383	rs3844415
chr16	82648661	rs3910229
chr16	82648882	rs3910227
chr16	82648935	rs6565053
chr16	82648996	rs3910225
chr16	82651258	rs11864085
chr16	82652506	rs3852732
chr16	82653765	rs8046437
chr16	82654192	rs17177428
chr16	82657959	rs3910222
chr16	82658630	rs12597057
chr16	82659207	rs8057927
chr16	82661397	rs8049308
chr16	82662531	rs8050316
chr16	82662681	rs8055256
chr16	82662745	rs17262787
chr16	82663650	rs12446203
chr16	82663699	rs12444015
chr16	82664343	rs8045995
chr16	82665065	rs8057403
chr16	82665321	rs4783250
chr16	82666121	rs11646011
chr16	82667663	rs4782725
chr16	82667728	rs4782726
chr16	82668585	rs12931866
chr16	82669950	rs3844416
chr16	82670086	rs3893934
chr16	82670105	rs3852734
chr16	82670240	rs10514550
chr16	82670477	rs10451170
chr16	82670976	rs6565056
chr16	82672166	rs8056521
chr16	82672521	rs7198915
chr16	82672962	rs12934902
chr16	82673743	rs9936363
chr16	82674132	rs4783256
chr16	82675652	rs1870846
chr16	82675765	rs3859082
chr16	82676367	rs8054295
chr16	82677213	rs16958145
chr16	82677251	rs16958148
chr16	82677264	rs1564029
chr16	82677760	rs10514554
chr16	82677899	rs17179209
chr16	82678427	rs6565059
chr16	82678710	rs10514555
chr16	82679404	rs3844418
chr16	82679946	rs3852738
chr16	82680269	rs4081995
chr16	82682633	rs8048202
chr16	82684079	rs7194409
chr16	82684425	rs8055389
chr16	82685106	rs12599112
chr16	82686231	rs8060937
chr16	82687101	rs16958275
chr16	82687819	rs11640875
chr16	82689693	rs13334902
chr16	82690487	rs12932203
chr16	82690635	rs16958305
chr16	82692121	rs13336758
chr16	82692879	rs7195110
chr16	82693142	rs11861528
chr16	82693382	rs16958318
chr16	82693813	rs9930490
chr16	82698199	rs1015972
chr16	82704561	rs9930854
chr16	82707651	rs10514564
chr16	82712745	rs7188430
chr16	82713276	rs1564022
chr16	82715769	rs16958338
chr16	82718259	rs1381510
chr16	82718327	rs8046873
chr16	82719226	rs9936126
chr16	82721463	rs11639865
chr16	82724822	rs13334499
chr16	82724856	rs16958347
chr16	82725709	rs1870843
chr16	82726897	rs11150491
chr16	82730481	rs6565062
chr16	82732002	rs11647888
chr16	82734963	rs6565063
chr16	82735893	rs7194615
chr16	82736426	rs1462035
chr16	82736667	rs16958392
chr16	82737470	rs10514560
chr16	82738035	rs12103370
chr16	82738871	rs17273696
chr16	82739263	rs16958428
chr16	82741502	rs12932668
chr16	82742629	rs13332390
chr16	82742707	rs12598803
chr16	82743084	rs16958449
chr16	82743191	rs11646321
chr16	82743719	rs4783262
chr16	82744292	rs12928133
chr16	82747151	rs17274597
chr16	82747818	rs16958474
chr16	82748594	rs17183490
chr16	82748982	rs1000078
chr16	82751338	rs1350888
chr16	82752435	rs4395067
chr16	82753448	rs8056064
chr16	82753782	rs2169447
chr16	82754795	rs735923
chr16	82754905	rs735922
chr16	82755296	rs2875709
chr16	82755484	rs4783263
chr16	82756441	rs4783265
chr16	82757246	rs4783266
chr16	82758864	rs1870847
chr16	82764713	rs2325687
chr16	82765165	rs1016713
chr16	82765678	rs11648993
chr16	82766343	rs12449008
chr16	82766763	rs11640522
chr16	82767783	rs726122
chr16	82768287	rs11642218
chr16	82771779	rs7201067
chr16	82774684	rs12933997
chr16	82776681	rs922302
chr16	82778761	rs8043851
chr16	82778949	rs17276565
chr16	82779168	rs17276586
chr16	82779248	rs12924657
chr16	82779354	rs12920400
chr16	82780398	rs7189966
chr16	82781425	rs8061163
chr16	82782692	rs16958616
chr16	82782870	rs16958619
chr16	82783401	rs11646019
chr16	82783646	rs11646849
chr16	82783658	rs11642248
chr16	82783701	rs11643292
chr16	82784280	rs4783271
chr16	82785511	rs17192152
chr16	82785526	rs6565064
chr16	82785742	rs12927102
chr16	82787261	rs12934135
chr16	82787423	rs12933198
chr16	82788147	rs7186123
chr16	82788386	rs16958644
chr16	82788408	rs7184633
chr16	82789026	rs1870849
chr16	82789107	rs8051326
chr16	82789422	rs12447750
chr16	82789435	rs8051842
chr16	82789819	rs8056579
chr16	82789947	rs6565065
chr16	82793339	rs4783276
chr16	82794058	rs2875710
chr16	82794532	rs10514566
chr16	82794760	rs12929663
chr16	82795796	rs4783277
chr16	82795916	rs4782731
chr16	82796388	rs1462034
chr16	82796516	rs11644588
chr16	82797900	rs17278385
chr16	82798309	rs8057014
chr16	82799126	rs8057489
chr16	82799344	rs4598906
chr16	82800222	rs11860282
chr16	82800422	rs9932137
chr16	82802281	rs1381499
chr16	82803101	rs2199430
chr16	82803243	rs1155005
chr16	82803852	rs2100853
chr16	82804356	rs2318184
chr16	82809562	rs9319574
chr16	82810336	rs2169452
chr16	82812073	rs1564023
chr16	82813176	rs9889056
chr16	82814382	rs12716953
chr16	82816862	rs4783285
chr16	82818691	rs4782733
chr16	82821289	rs725514
chr16	82821448	rs1381504
chr16	82821744	rs2549147
chr16	82822408	rs2549161
chr16	82823681	rs1381505
chr16	82824416	rs9940524
chr16	82824539	rs2549146
chr16	82826644	rs2549151
chr16	82828209	rs10492859
chr16	82829050	rs2549156
chr16	82829258	rs2615137
chr16	82829335	rs1903620
chr16	82829678	rs1903623
chr16	82830055	rs759831
chr16	82830642	rs2549159
chr16	82830704	rs16958724
chr16	82830802	rs2549160
chr16	82830861	rs2156
chr16	82831148	rs4783289
chr16	82831175	rs1982608
chr16	82831209	rs1982609
chr16	82831307	rs7498941
chr16	82831331	rs2615126
chr16	82831622	rs1155970
chr16	82831641	rs1155971
chr16	82831874	rs1155972
chr16	82832180	rs9936998
chr16	82833638	rs12920406
chr16	82834150	rs9933518
chr16	82834533	rs2615127
chr16	82835387	rs2615128
chr16	82835697	rs11150496
chr16	82835947	rs2549138
chr16	82837745	rs918657
chr16	82838164	rs2061628
chr16	82838687	rs9934411
chr16	82839173	rs9934819
chr16	82840808	rs9940251
chr16	82840907	rs7202042
chr16	82841457	rs2549141
chr16	82843614	rs1947715
chr16	82847489	rs9930233
chr16	82849733	rs4299147
chr16	82852528	rs192598
chr16	82853707	rs286676
chr16	82854026	rs166980
chr16	82855687	rs286680
chr16	82857465	rs286687
chr16	82857484	rs12933503
chr16	82857956	rs17673125
chr16	82858291	rs17740895
chr16	82859706	rs12597819
chr16	82860192	rs17740967
chr16	82860913	rs12934446
chr16	82861212	rs2194285
chr16	82861474	rs11645687
chr16	82862195	rs17673376
chr16	82862204	rs16958779
chr16	82862793	rs11647182
chr16	82863038	rs12596959
chr16	82863244	rs16958782
chr16	82863289	rs16958785
chr16	82863666	rs961283
chr16	82867068	rs10492863
chr16	82867131	rs11150504
chr16	82867381	rs11150505
chr16	82868096	rs4782736
chr16	82871387	rs17741493
chr16	82871941	rs8051136
chr16	82872937	rs4513093
chr16	82873491	rs7184056
chr16	82874256	rs9921828
chr16	82876394	rs11864015
chr16	82877084	rs7192135
chr16	82878237	rs11150508
chr16	82878629	rs11649390
chr16	82878769	rs17674039
chr16	82878966	rs9933935
chr16	82879051	rs16958804
chr16	82883077	rs2059230
chr16	82884247	rs929848
chr16	82884766	rs1559310
chr16	82886085	rs4783293
chr16	82886856	rs918660
chr16	82887132	rs918661
chr16	82887271	rs4485358
chr16	82888975	rs12928678
chr16	82889417	rs4783295
chr16	82890076	rs7201829
chr16	82890183	rs9937259
chr16	82891080	rs12933472
chr16	82891347	rs16958823
chr16	82891916	rs7186665
chr16	82891944	rs16958826
chr16	82892333	rs7187447
chr16	82892639	rs2216739
chr16	82893762	rs1862681
chr16	82893895	rs1862682
chr16	82896006	rs11150517
chr16	82896123	rs11150518
chr16	82896712	rs4783296
chr16	82897141	rs3859084
chr16	82899296	rs16958834
chr16	82900276	rs16958838
chr16	82900702	rs11150519
chr16	82902066	rs17674675
chr16	82902438	rs9319578
chr16	82904295	rs17674776
chr16	82905728	rs6565077
chr16	82905768	rs6565078
chr16	82907006	rs12596930
chr16	82907499	rs17742566
chr16	82912076	rs7184177
chr16	82912643	rs9924636
chr16	82913637	rs7190538
chr16	82914426	rs7197619
chr16	82914868	rs9922544
chr16	82915805	rs4783300
chr16	82916897	rs1991027
chr16	82917574	rs11150522
chr16	82922615	rs12102479
chr16	82922858	rs17743051
chr16	82924558	rs8050643
chr16	82924593	rs8050659
chr16	82924837	rs9319579
chr16	82925832	rs995506
chr16	82926634	rs6565080
chr16	82928505	rs6565081
chr16	82930941	rs6565084
chr16	82931460	rs7499431
chr16	82931749	rs9319580
chr16	82937005	rs721631
chr16	82937343	rs13332255
chr16	82941023	rs918655
chr16	82941244	rs918656
chr16	82942536	rs1991023
chr16	82944011	rs12447446
chr16	82944022	rs7189754
chr16	82944244	rs7190176
chr16	82945503	rs10492865
chr16	82949396	rs6565088
chr16	82949428	rs6565089
chr16	82950968	rs11866755
chr16	82953583	rs741591
chr16	82954267	rs11639621
chr16	82954420	rs11648843
chr16	82955372	rs11150526
chr16	82956325	rs7191791
chr16	82959224	rs11861198
chr16	82959653	rs11642381
chr16	82959718	rs9926684
chr16	82960525	rs12597778
chr16	82961962	rs11150527
chr16	82962169	rs12324975
chr16	82962600	rs12923390
chr16	82964248	rs12929479
chr16	82965334	rs16958963
chr16	82967493	rs8064211
chr16	82967531	rs8062451
chr16	82967743	rs8046196
chr16	82968089	rs11646439
chr16	82968365	rs7499660
chr16	82971015	rs4782739
chr16	82971592	rs17744760
chr16	82972103	rs1108698
chr16	82972455	rs17744784
chr16	82973844	rs16958988
chr16	82974587	rs3859086
chr16	82975274	rs13313558
chr16	82976108	rs17744917
chr16	82979237	rs8059783
chr16	82981059	rs6565096
chr16	82981129	rs17682789
chr16	82981430	rs17745108
chr16	82982045	rs4782742
chr16	82982816	rs8063602
chr16	82982911	rs8061907
chr16	82983321	rs8063818
chr16	82983980	rs16959005
chr16	82984834	rs16959008
chr16	82985295	rs16959010
chr16	82986142	rs10492869
chr16	82986923	rs7404645
chr16	82987224	rs10492871
chr16	82987824	rs8061888
chr16	82990315	rs4783304
chr16	82999221	rs7499717
chr16	82999273	rs7499751
chr16	83002103	rs12925978
chr16	83005377	rs6565099
chr16	83006040	rs11644965
chr16	83007241	rs7190148
chr16	83008028	rs11647879
chr16	83008587	rs9939677
chr16	83009333	rs7203988
chr16	83011060	rs12925746
chr16	83012185	rs7500448
chr16	83015202	rs10871443
chr16	83016713	rs8053759
chr16	83019308	rs4471667
chr16	83024052	rs5000155
chr16	83026159	rs4389131
chr16	83026308	rs8057717
chr16	83026692	rs8060673
chr16	83027806	rs7498488
chr16	83029417	rs4591132
chr16	83029699	rs7206381
chr16	83031798	rs9888896
chr16	83032059	rs6565105
chr16	83032299	rs7197530
chr16	83033720	rs12934355
chr16	83036026	rs4329910
chr16	83036104	rs4473177
chr16	83036865	rs11641414
chr16	83037541	rs11150533
chr16	83038009	rs11642883
chr16	83038498	rs8053971
chr16	83043029	rs4783307
chr16	83043137	rs4523912
chr16	83043931	rs4783309
chr16	83044753	rs4528558
chr16	83044859	rs4519324
chr16	83044976	rs4294808
chr16	83046897	rs7196834
chr16	83048874	rs9788896
chr16	83050526	rs4378601
chr16	83050685	rs6565107
chr16	83051118	rs4783311
chr16	83052913	rs8048962
chr16	83053112	rs4315313
chr16	83053361	rs11150535
chr16	83053382	rs12103074
chr16	83054908	rs4783313
chr16	83056000	rs4783317
chr16	83057858	rs8044036
chr16	83058264	rs7500599
chr16	83058525	rs4275838
chr16	83058625	rs4783318
chr16	83060329	rs7191342
chr16	83061065	rs7204370
chr16	83061254	rs7199681
chr16	83062150	rs10871444
chr16	83062915	rs8046389
chr16	83066102	rs7196826
chr16	83066203	rs12929084
chr16	83068467	rs8045680
chr16	83068872	rs6565110
chr16	83069397	rs4783319
chr16	83069628	rs7198852
chr16	83070450	rs8058531
chr16	83071419	rs11863364
chr16	83071801	rs11864323
chr16	83072140	rs11864653
chr16	83074041	rs6565113
chr16	83075503	rs8061985
chr16	83075654	rs12446149
chr16	83077712	rs7192356
chr16	83078391	rs7499448
chr16	83079391	rs9932437
chr16	83080068	rs7190151
chr16	83080428	rs4548846
chr16	83080562	rs6565114
chr16	83083412	rs6565115
chr16	83083756	rs7187677
chr16	83083778	rs7192553
chr16	83084117	rs4238726
chr16	83085478	rs11645153
chr16	83085986	rs7187580
chr16	83086309	rs11641315
chr16	83086435	rs9935137
chr16	83087005	rs6565116
chr16	83087945	rs7201707
chr16	83087979	rs4595788
chr16	83088520	rs9930517
chr16	83088943	rs8049830
chr16	83089223	rs12920161
chr16	83092765	rs8045987
chr16	83094153	rs12716959
chr16	83094239	rs12933133
chr16	83094443	rs12928063
chr16	83094509	rs12929239
chr16	83095577	rs12928030
chr16	83095614	rs11647458
chr16	83095994	rs4641734
chr16	83096402	rs6565119
chr16	83100654	rs7187957
chr16	83100852	rs4395062
chr16	83101084	rs12149089
chr16	83101898	rs4411488
chr16	83102011	rs12924791
chr16	83102792	rs12933369
chr16	83102873	rs12929690
chr16	83103621	rs11150538
chr16	83103734	rs8060436
chr16	83105185	rs9928314
chr16	83105228	rs12929782
chr16	83105719	rs9941339
chr16	83105748	rs12935267
chr16	83106600	rs6565125
chr16	83106638	rs6565126
chr16	83106663	rs7192647
chr16	83106724	rs7187117
chr16	83107072	rs17194176
chr16	83107501	rs17194225
chr16	83108252	rs12716962
chr16	83108414	rs11643729
chr16	83109091	rs16959291
chr16	83109129	rs17194449
chr16	83109613	rs9932351
chr16	83109840	rs9922131
chr16	83109848	rs9922134
chr16	83111245	rs7196583
chr16	83111745	rs4508407
chr16	83112936	rs17194777
chr16	83113034	rs17279864
chr16	83113079	rs9930312
chr16	83113320	rs9931092
chr16	83113574	rs4530122
chr16	83114677	rs7203162
chr16	83115081	rs4075464
chr16	83115320	rs4075465
chr16	83115722	rs7188901
chr16	83118543	rs4783324
chr16	83118656	rs6565127
chr16	83119198	rs9932446
chr16	83119242	rs11863669
chr16	83120417	rs11150541
chr16	83121180	rs7198517
chr16	83121479	rs8056041
chr16	83122118	rs4782749
chr16	83125745	rs7196370
chr16	83126229	rs4627328
chr16	83129073	rs7193688
chr16	83130931	rs8063107
chr16	83131092	rs8063435
chr16	83131422	rs12918421
chr16	83131590	rs7194173
chr16	83131981	rs4783330
chr16	83134527	rs4783331
chr16	83135171	rs8056019
chr16	83136812	rs16959371
chr16	83138557	rs7200240
chr16	83139438	rs6565130
chr16	83140033	rs7189619
chr16	83142082	rs12597394
chr16	83142105	rs6565133
chr16	83143727	rs11150543
chr16	83145544	rs16959444
chr16	83145627	rs6565135
chr16	83145752	rs6565137
chr16	83146540	rs16959458
chr16	83146609	rs8053417
chr16	83147121	rs4365277
chr16	83147252	rs13339002
chr16	83147927	rs8059249
chr16	83149590	rs12597311
chr16	83154667	rs7203576
chr16	83155352	rs13339361
chr16	83157477	rs7194491
chr16	83159657	rs6565143
chr16	83162159	rs7186111
chr16	83162346	rs9933360
chr16	83162838	rs4341727
chr16	83163265	rs12103103
chr16	83163722	rs7198010
chr16	83163896	rs6565145
chr16	83164054	rs8050581
chr16	83166499	rs9889120
chr16	83168288	rs4633704
chr16	83173466	rs8054149
chr16	83174827	rs9937714
chr16	83175412	rs4404057
chr16	83177919	rs4238732
chr16	83178793	rs8055236
chr16	83180875	rs7188594
chr16	83183654	rs9931994
chr16	83183883	rs8049648
chr16	83183976	rs9932877
chr16	83184011	rs9932287
chr16	83184085	rs9932362
chr16	83185496	rs9931447
chr16	83187580	rs9921224
chr16	83189216	rs8048495
chr16	83189429	rs8044348
chr16	83190485	rs33950473
chr16	83192114	rs12448939
chr16	83192150	rs11150545
chr16	83192695	rs12716963
chr16	83193056	rs28515664
chr16	83193409	rs8046479
chr16	83194061	rs12103261
chr16	83195613	rs7192278
chr16	83198448	rs6565152
chr16	83198518	rs6565153
chr16	83198607	rs17675933
chr16	83200154	rs7198281
chr16	83202801	rs9928871
chr16	83203901	rs7200869
chr16	83204090	rs16959761
chr16	83204146	rs16959765
chr16	83205169	rs4783332
chr16	83206235	rs4782753
chr16	83206583	rs8063708
chr16	83206834	rs8045311
chr16	83208051	rs16959808
chr16	83209671	rs8060801
chr16	83210659	rs4783335
chr16	83217219	rs4077621
chr16	83220068	rs11646150
chr16	83220154	rs11150550
chr16	83220756	rs11647463
chr16	83222668	rs8045006
chr16	83223163	rs7185229
chr16	83223700	rs889730
chr16	83224412	rs8182163
chr16	83225285	rs17749270
chr16	83225562	rs750145
chr16	83225648	rs750146
chr16	83226451	rs889723
chr16	83226676	rs2113296
chr16	83227158	rs889722
chr16	83228493	rs8045365
chr16	83228992	rs1424187
chr16	83231452	rs4782756
chr16	83231507	rs12917991
chr16	83233065	rs17749638
chr16	83233314	rs7195057
chr16	83233593	rs6565156
chr16	83235614	rs12933790
chr16	83236109	rs1424171
chr16	83236644	rs11150555
chr16	83236936	rs11150556
chr16	83236977	rs7184058
chr16	83237012	rs7186143
chr16	83237131	rs7186350
chr16	83237606	rs11150557
chr16	83237838	rs11860907
chr16	83239154	rs12931408
chr16	83239190	rs1895535
chr16	83242561	rs11643432
chr16	83243605	rs12924378
chr16	83244063	rs11150559
chr16	83246486	rs4421965
chr16	83246631	rs7192206
chr16	83246839	rs2194341
chr16	83246873	rs7191373
chr16	83247702	rs2113292
chr16	83247763	rs8055902
chr16	83248102	rs8056448
chr16	83249806	rs17677749
chr16	83250733	rs10514585
chr16	83250800	rs8053948
chr16	83250949	rs4782525
chr16	83251229	rs8054668
chr16	83251348	rs12716970
chr16	83251863	rs16959914
chr16	83253163	rs12596191
chr16	83253678	rs10514584
chr16	83253827	rs889724
chr16	83253975	rs889725
chr16	83255382	rs717840
chr16	83255712	rs10514583
chr16	83255878	rs8053104
chr16	83256344	rs7195392
chr16	83256412	rs17756260
chr16	83258092	rs17756292
chr16	83259200	rs17678195
chr16	83259509	rs12921178
chr16	83259818	rs17756443
chr16	83259926	rs16959961
chr16	83260448	rs7198542
chr16	83260523	rs2113294
chr16	83261201	rs16959991
chr16	83262133	rs17678609
chr16	83263656	rs16960006
chr16	83263834	rs1364311
chr16	83264875	rs1364315
chr16	83266788	rs16960025
chr16	83267598	rs12920637
chr16	83268420	rs16960036
chr16	83269542	rs1862830
chr16	83269827	rs716879
chr16	83270745	rs17757350
chr16	83271138	rs17679225
chr16	83271367	rs11639558
chr16	83271618	rs12444181
chr16	83271811	rs8052584
chr16	83272336	rs16960064
chr16	83272966	rs8182199
chr16	83273650	rs12325208
chr16	83273680	rs41500144
chr16	83273944	rs17679500
chr16	83274173	rs12102767
chr16	83274396	rs17679617
chr16	83274842	rs1559437
chr16	83274954	rs1559438
chr16	83277251	rs12921363
chr16	83277373	rs2042434
chr16	83278770	rs11643201
chr16	83278784	rs17758005
chr16	83282381	rs12929079
chr16	83283019	rs1424184
chr16	83283229	rs8044880
chr16	83284124	rs9332462
chr16	83285135	rs882597
chr16	83285391	rs17195859
chr16	83285727	rs2216767
chr16	83286277	rs17195894
chr16	83286924	rs889727
chr16	83288255	rs880913
chr16	83288853	rs754965
chr16	83290029	rs1862831
chr16	83290112	rs8056050
chr16	83291160	rs11861712
chr16	83291643	rs17196062
chr16	83292454	rs11644424
chr16	83292958	rs1862832
chr16	83293409	rs1125244
chr16	83294557	rs2875784
chr16	83296374	rs7201419
chr16	83296886	rs1424188
chr16	83297005	rs1424189
chr16	83299400	rs16960194
chr16	83302701	rs2042435
chr16	83305840	rs11149556
chr16	83307231	rs7193727
chr16	83308341	rs724952
chr16	83308629	rs723919
chr16	83308696	rs763727
chr16	83308784	rs723920
chr16	83308892	rs2325934
chr16	83310110	rs1019567
chr16	83312972	rs9940179
chr16	83313074	rs747674
chr16	83315219	rs1035569
chr16	83315793	rs7194029
chr16	83319657	rs10514581
chr16	83322403	rs16960234
chr16	83324683	rs6563897
chr16	83325171	rs6563898
chr16	83327170	rs9940464
chr16	83332779	rs4782771
chr16	83333517	rs1364298
chr16	83339191	rs16960250
chr16	83340212	rs10514575
chr16	83340358	rs10514574
chr16	83341653	rs17211336
chr16	83341740	rs918766
chr16	83341936	rs17211371
chr16	83342138	rs13337699
chr16	83343596	rs11640016
chr16	83344311	rs1895534
chr16	83345659	rs9932999
chr16	83346132	rs17211581
chr16	83350163	rs1364301
chr16	83351513	rs12930957
chr16	83355087	rs9930051
chr16	83355111	rs9929924
chr16	83357683	rs9938206
chr16	83357875	rs9938320
chr16	83359697	rs1424169
chr16	83363132	rs16960303
chr16	83363682	rs17284390
chr16	83369338	rs4782779
chr16	83369442	rs4782780
chr16	83374913	rs1125292
chr16	83375112	rs1125293
chr16	83375493	rs3859037
chr16	83378141	rs1552556
chr16	83380413	rs7188833
chr16	83380793	rs12922599
chr16	83381958	rs4782784
chr16	83383572	rs11639762
chr16	83384068	rs12050931
chr16	83385369	rs889712
chr16	83385734	rs889713
chr16	83387576	rs9319441
chr16	83388056	rs16960333
chr16	83389246	rs6563901
chr16	83389792	rs16960334
chr16	83389930	rs8052595
chr16	83390045	rs6563903
chr16	83390659	rs7200009
chr16	83390768	rs1424176
chr16	83391698	rs4482275
chr16	83393431	rs11645425
chr16	83393574	rs7196323
chr16	83393677	rs918764
chr16	83395368	rs8051624
chr16	83395379	rs8052043
chr16	83395406	rs8051646
chr16	83396444	rs7199848
chr16	83396649	rs3736240
chr16	83397702	rs2306906
chr16	83398595	rs12924031
chr16	83398893	rs16960354
chr16	83399218	rs16960361
chr16	83404789	rs11647148
chr16	83405739	rs11149563
chr16	83407156	rs8049267
chr16	83407422	rs11149564
chr16	83407797	rs17213769
chr16	83408697	rs12929342
chr16	83409465	rs734888
chr16	83411122	rs12921805
chr16	83411683	rs11865085
chr16	83411780	rs11865044
chr16	83412542	rs12599334
chr16	83412699	rs17286565
chr16	83413422	rs11149567
chr16	83414325	rs12919362
chr16	83416489	rs11640711
chr16	83416974	rs17286900
chr16	83417357	rs17214677
chr16	83417434	rs1364309
chr16	83418001	rs9319442
chr16	83418356	rs9674268
chr16	83418772	rs12449238
chr16	83419518	rs17287186
chr16	83420246	rs10514573
chr16	83422210	rs10514571
chr16	83423407	rs4782534
chr16	83423509	rs2325874
chr16	83423986	rs1489313
chr16	83426320	rs2035709
chr16	83427247	rs1586592
chr16	83427948	rs1873143
chr16	83428854	rs4782789
chr16	83429000	rs4782791
chr16	83429086	rs4782792
chr16	83431639	rs1027126
chr16	83432433	rs12922399
chr16	83433786	rs12149286
chr16	83436664	rs12148952
chr16	83439249	rs12929721
chr16	83439508	rs11861812
chr16	83439994	rs4782793
chr16	83440866	rs720202
chr16	83441498	rs10514570
chr16	83441822	rs8057221
chr16	83442499	rs10514569
chr16	83442920	rs1109545
chr16	83447618	rs17288766
chr16	83449495	rs7189706
chr16	83449913	rs7193606
chr16	83453711	rs8054845
chr16	83453866	rs17216786
chr16	83453989	rs8056372
chr16	83457169	rs11646484
chr16	83457661	rs4782795
chr16	83457774	rs4782796
chr16	83458397	rs17217021
chr16	83460356	rs7194439
chr16	83461283	rs11149571
chr16	83462352	rs9646307
chr16	83462986	rs2325836
chr16	83465045	rs8050667
chr16	83465561	rs11860430
chr16	83469385	rs12922569
chr16	83472018	rs931408
chr16	83473425	rs17685517
chr16	83473661	rs17685535
chr16	83474557	rs12165001
chr16	83474832	rs9925903
chr16	83475088	rs931407
chr16	83475299	rs931406
chr16	83476129	rs17685702
chr16	83476860	rs9921164
chr16	83477411	rs12919501
chr16	83477637	rs1489310
chr16	83480966	rs17685927
chr16	83481087	rs17758635
chr16	83482145	rs13336833
chr16	83482705	rs17758787
chr16	83482881	rs7203798
chr16	83484111	rs11149572
chr16	83484136	rs17686362
chr16	83484805	rs923419
chr16	83484881	rs7205325
chr16	83485684	rs7188893
chr16	83486473	rs2306907
chr16	83487838	rs7203064
chr16	83488373	rs17759207
chr16	83488950	rs8044754
chr16	83489121	rs17686577
chr16	83489940	rs12444050
chr16	83490886	rs10871274
chr16	83493987	rs7195409
chr16	83494417	rs1387370
chr16	83501938	rs12919255
chr16	83502885	rs7196277
chr16	83504565	rs4782805
chr16	83506100	rs4238689
chr16	83507241	rs7189644
chr16	83508621	rs4782541
chr16	83510153	rs8044081
chr16	83510199	rs3999
chr16	83514921	rs4476163
chr16	83516022	rs4075554
chr16	83516215	rs4075942
chr16	83519193	rs4782543
chr16	83519838	rs4444330
chr16	83519976	rs4291893
chr16	83520535	rs9923206
chr16	83521508	rs4074375
chr16	83521920	rs4074373
chr16	83522445	rs4468601
chr16	83522633	rs4412964
chr16	83523373	rs4613053
chr16	83524024	rs4380043
chr16	83524300	rs8054191
chr16	83525197	rs7190289
chr16	83528261	rs7187172
chr16	83528457	rs11149574
chr16	83528608	rs11640777
chr16	83530006	rs4782812
chr16	83530162	rs6563924
chr16	83531137	rs7206005
chr16	83531255	rs11648776
chr16	83532326	rs7190015
chr16	83532424	rs7190681
chr16	83534213	rs7203215
chr16	83534441	rs11861722
chr16	83534829	rs7197473
chr16	83535000	rs10871275
chr16	83536182	rs4782814
chr16	83536276	rs4238691
chr16	83538287	rs11640984
chr16	83538632	rs12444964
chr16	83541069	rs7191147
chr16	83543503	rs9928980
chr16	83545876	rs11644769
chr16	83546593	rs9934005
chr16	83546655	rs10871276
chr16	83546759	rs11149577
chr16	83548460	rs12448273
chr16	83548986	rs11644289
chr16	83549717	rs8050381
chr16	83550320	rs12921461
chr16	83551519	rs4513088
chr16	83551771	rs8061801
chr16	83554349	rs12598842
chr16	83555884	rs9930750
chr16	83556867	rs4782816
chr16	83558410	rs9937126
chr16	83559158	rs4238696
chr16	83561625	rs8061502
chr16	83561754	rs12929735
chr16	83562748	rs4401039
chr16	83563495	rs4371139
chr16	83565027	rs12443545
chr16	83565248	rs12918351
chr16	83566163	rs6563933
chr16	83566792	rs7201194
chr16	83568679	rs11645264
chr16	83568728	rs8050973
chr16	83569172	rs8050595
chr16	83571660	rs11649622
chr16	83578538	rs7193753
chr16	83580172	rs9928829
chr16	83580867	rs4477688
chr16	83581896	rs8053692
chr16	83582127	rs8054307
chr16	83582251	rs8054505
chr16	83582457	rs8055016
chr16	83582476	rs8056015
chr16	83582987	rs4782822
chr16	83583973	rs11149581
chr16	83586805	rs4548845
chr16	83586864	rs7499397
chr16	83587029	rs3934664
chr16	83587254	rs4550432
chr16	83587468	rs12923174
chr16	83588362	rs7200573
chr16	83590073	rs11859453
chr16	83591871	rs8060601
chr16	83591958	rs8060632
chr16	83592483	rs16960938
chr16	83592615	rs7186194
chr16	83593010	rs12598036
chr16	83593215	rs9930727
chr16	83593279	rs9930794
chr16	83594975	rs12595914
chr16	83595981	rs11860213
chr16	83598825	rs2067860
chr16	83599820	rs17687469
chr16	83600864	rs8182217
chr16	83603196	rs1833965
chr16	83605377	rs8055119
chr16	83605594	rs7201413
chr16	83605706	rs8059833
chr16	83605730	rs6563943
chr16	83606363	rs8061055
chr16	83607901	rs11149582
chr16	83607971	rs12922237
chr16	83609798	rs9928439
chr16	83610120	rs12445758
chr16	83610185	rs12445729
chr16	83610385	rs16961009
chr16	83614980	rs9938638
chr16	83615071	rs9938720
chr16	83616905	rs1035533
chr16	83618052	rs8059160
chr16	83618080	rs16961043
chr16	83619297	rs9939760
chr16	83621201	rs7196669
chr16	83621351	rs7198263
chr16	83622432	rs17688046
chr16	83623041	rs6563948
chr16	83625265	rs7188563
chr16	83625405	rs6563954
chr16	83627861	rs11862535
chr16	83628678	rs2059246
chr16	83628688	rs16961072
chr16	83629456	rs4558403
chr16	83629750	rs9935086
chr16	83629946	rs16961095
chr16	83630621	rs722939
chr16	83630696	rs722938
chr16	83630976	rs9938291
chr16	83630977	rs9938215
chr16	83631037	rs17688628
chr16	83631629	rs12449138
chr16	83631664	rs12449206
chr16	83643686	rs16961122
chr16	83644698	rs8060190
chr16	83644908	rs8060711
chr16	83645024	rs10514591
chr16	83648070	rs1833964
chr16	83648201	rs1833963
chr16	83649731	rs12716742
chr16	83650006	rs16961167
chr16	83650340	rs11859365
chr16	83652203	rs17689171
chr16	83652394	rs7203252
chr16	83653864	rs11149592
chr16	83654040	rs8051748
chr16	83654472	rs16961182
chr16	83655538	rs11865946
chr16	83656645	rs8050158
chr16	83660707	rs1364114
chr16	83662092	rs10781971
chr16	83662527	rs11149593
chr16	83663091	rs9929976
chr16	83663821	rs11149598
chr16	83665101	rs9940706
chr16	83670784	rs7203175
chr16	83671764	rs1437129
chr16	83672214	rs1017234
chr16	83672860	rs6563962
chr16	83674478	rs11642219
chr16	83674936	rs17689723
chr16	83675961	rs8058363
chr16	83676061	rs8058532
chr16	83676818	rs8063679
chr16	83677064	rs3784942
chr16	83677457	rs11644204
chr16	83677764	rs11149599
chr16	83679483	rs7197777
chr16	83680327	rs731258
chr16	83684458	rs12932980
chr16	83688347	rs1423846
chr16	83691287	rs6563969
chr16	83691766	rs7200481
chr16	83692135	rs8058954
chr16	83692305	rs8059763
chr16	83694116	rs17768694
chr16	83694228	rs12446894
chr16	83698986	rs8048066
chr16	83699389	rs1035535
chr16	83700584	rs16961350
chr16	83701044	rs3784950
chr16	83701525	rs11861962
chr16	83702465	rs9940922
chr16	83703737	rs7198252
chr16	83703834	rs12926992
chr16	83704067	rs12926331
chr16	83704346	rs13380527
chr16	83704370	rs13380526
chr16	83704836	rs10514594
chr16	83705994	rs8058020
chr16	83706463	rs7201416
chr16	83706521	rs1364120
chr16	83706531	rs1364119
chr16	83706562	rs7205784
chr16	83707394	rs8043996
chr16	83707639	rs424280
chr16	83708125	rs7190410
chr16	83708147	rs441354
chr16	83708286	rs7190768
chr16	83708440	rs377797
chr16	83709941	rs368774
chr16	83711118	rs426583
chr16	83712370	rs9924248
chr16	83713367	rs7200376
chr16	83714245	rs254326
chr16	83714871	rs17697259
chr16	83715044	rs17697326
chr16	83715347	rs3784956
chr16	83717379	rs17770088
chr16	83717918	rs17770142
chr16	83721523	rs3826119
chr16	83721815	rs1550177
chr16	83721876	rs12927653
chr16	83722412	rs1035536
chr16	83722610	rs1035537
chr16	83722633	rs4782554
chr16	83722807	rs254315
chr16	83723544	rs374476
chr16	83723723	rs3784962
chr16	83724951	rs416874
chr16	83725340	rs4782837
chr16	83725484	rs419382
chr16	83726323	rs1645840
chr16	83726903	rs2549175
chr16	83728208	rs1622321
chr16	83728396	rs413469
chr16	83728501	rs7206133
chr16	83729461	rs427585
chr16	83729855	rs422455
chr16	83730535	rs10514596
chr16	83730610	rs446490
chr16	83733139	rs451434
chr16	83733167	rs3826122
chr16	83733231	rs7192329
chr16	83733507	rs447813
chr16	83733769	rs389592
chr16	83736121	rs391794
chr16	83737248	rs401443
chr16	83738105	rs13335487
chr16	83738257	rs432307
chr16	83738338	rs9932947
chr16	83740409	rs412284
chr16	83740760	rs4782841
chr16	83741249	rs12934964
chr16	83741747	rs382145
chr16	83743507	rs17699108
chr16	83744152	rs404619
chr16	83744171	rs364960
chr16	83744333	rs3784985
chr16	83745465	rs3784990
chr16	83745614	rs366556
chr16	83746076	rs17699377
chr16	83747176	rs10781973
chr16	83747999	rs16961631
chr16	83748697	rs173839
chr16	83748835	rs254345
chr16	83748912	rs735675
chr16	83749017	rs735674
chr16	83749187	rs4782555
chr16	83749345	rs254346
chr16	83749388	rs16961669
chr16	83749510	rs254347
chr16	83749642	rs1645841
chr16	83749662	rs183717
chr16	83749800	rs16961677
chr16	83749885	rs1645844
chr16	83751543	rs11641114
chr16	83751707	rs734021
chr16	83751912	rs448717
chr16	83752154	rs10514597
chr16	83752354	rs2326023
chr16	83752667	rs1423840
chr16	83753225	rs418518
chr16	83753790	rs514995
chr16	83754912	rs440064
chr16	83757660	rs11864540
chr16	83759127	rs6563976
chr16	83759413	rs7203154
chr16	83759549	rs2326024
chr16	83760390	rs7187281
chr16	83760491	rs254340
chr16	83764103	rs254334
chr16	83765976	rs889494
chr16	83766074	rs2008055
chr16	83766115	rs889492
chr16	83769777	rs707235
chr16	83771099	rs403070
chr16	83771536	rs10514598
chr16	83772285	rs17700757
chr16	83772348	rs17700786
chr16	83775151	rs455617
chr16	83775569	rs9935377
chr16	83776208	rs461134
chr16	83776312	rs7198623
chr16	83776857	rs12448501
chr16	83777279	rs247403
chr16	83777598	rs247402
chr16	83778035	rs247400
chr16	83778742	rs185051
chr16	83779689	rs1981860
chr16	83781253	rs16961746
chr16	83781982	rs2113148
chr16	83783223	rs153654
chr16	83783414	rs1048612
chr16	83783890	rs1061492
chr16	83783914	rs185050
chr16	83784029	rs16961757
chr16	83786294	rs692612
chr16	83786421	rs692603
chr16	83787164	rs9931969
chr16	83788013	rs13336343
chr16	83788167	rs16961788
chr16	83788207	rs466873
chr16	83788733	rs16961799
chr16	83788999	rs462407
chr16	83789032	rs16961807
chr16	83789794	rs554540
chr16	83790015	rs13334579
chr16	83790239	rs13339297
chr16	83790906	rs10514600
chr16	83792029	rs8058334
chr16	83792053	rs3096359
chr16	83792080	rs3096242
chr16	83794848	rs464557
chr16	83795524	rs3743621
chr16	83796200	rs17707862
chr16	83796694	rs460796
chr16	83797084	rs7197423
chr16	83798158	rs9928133
chr16	83799521	rs17780828
chr16	83800084	rs456699
chr16	83802006	rs12933432
chr16	83802151	rs254343
chr16	83803127	rs8049546
chr16	83803924	rs33131
chr16	83805081	rs33129
chr16	83805690	rs8056042
chr16	83807287	rs11643607
chr16	83807556	rs41103
chr16	83812593	rs4522
chr16	83813732	rs8061248
chr16	83815218	rs33128
chr16	83817468	rs33125
chr16	83818595	rs33123
chr16	83819424	rs40007
chr16	83819481	rs9937964
chr16	83819490	rs42295
chr16	83820991	rs33120
chr16	83821502	rs8051762
chr16	83822144	rs7199193
chr16	83824184	rs247407
chr16	83824471	rs247405
chr16	83825268	rs8044204
chr16	83827178	rs8056675
chr16	83827316	rs8055964
chr16	83827326	rs152213
chr16	83827713	rs153658
chr16	83827735	rs6563983
chr16	83828220	rs8061401
chr16	83828886	rs11862889
chr16	83829031	rs11862993
chr16	83830329	rs9933995
chr16	83830853	rs40004
chr16	83832303	rs16961910
chr16	83836171	rs33095
chr16	83837167	rs707229
chr16	83839259	rs423694
chr16	83841499	rs12934111
chr16	83843386	rs824544
chr16	83845050	rs9925984
chr16	83848921	rs391114
chr16	83850142	rs401764
chr16	83850383	rs93131
chr16	83851709	rs369861
chr16	83853319	rs1469112
chr16	83854091	rs7189126
chr16	83855023	rs16961973
chr16	83855128	rs104127
chr16	83855218	rs1000710
chr16	83856103	rs406303
chr16	83857280	rs450204
chr16	83858402	rs430849
chr16	83858691	rs434625
chr16	83858738	rs426694
chr16	83858902	rs425807
chr16	83859183	rs375810
chr16	83860093	rs824580
chr16	83861058	rs438477
chr16	83862148	rs399047
chr16	83862522	rs1123075
chr16	83862630	rs8060814
chr16	83862794	rs409861
chr16	83870336	rs12446955
chr16	83875436	rs8049513
chr16	83876901	rs17783087
chr16	83877951	rs4782854
chr16	83878931	rs12716744
chr16	83880588	rs16962119
chr16	83885585	rs11149606
chr16	83886118	rs2225
chr16	83889946	rs9674320
chr16	83890152	rs432223
chr16	83893114	rs247389
chr16	83893301	rs16962148
chr16	83893634	rs7186171
chr16	83897933	rs3809622
chr16	83902891	rs9931691
chr16	83904594	rs16962164
chr16	83904958	rs1974881
chr16	83907796	rs11649200
chr16	83907901	rs2278035
chr16	83908121	rs2278037
chr16	83908216	rs2278038
chr16	83911864	rs4640171
chr16	83912511	rs4386124
chr16	83915901	rs1127382
chr16	83921780	rs3743624
chr16	83927392	rs11641198
chr16	83930245	rs13335611
chr16	83932641	rs889635
chr16	83932831	rs12051537
chr16	83933864	rs9923900
chr16	83934710	rs9931455
chr16	83935200	rs9922459
chr16	83937637	rs16962277
chr16	83940461	rs8058168
chr16	83943955	rs4782858
chr16	83945996	rs253136
chr16	83946032	rs9927959
chr16	83946386	rs9928306
chr16	83946424	rs11149611
chr16	83947645	rs2245222
chr16	83948855	rs4782863
chr16	83949065	rs2432561
chr16	83949466	rs4782865
chr16	83951520	rs4782866
chr16	83952647	rs12929378
chr16	83956389	rs824399
chr16	83956484	rs3759964
chr16	83958479	rs2665302
chr16	83960338	rs2550441
chr16	83960964	rs2136662
chr16	83961645	rs907037
chr16	83966212	rs4782574
chr16	83966533	rs185226
chr16	83971648	rs2250811
chr16	83971946	rs3803645
chr16	83975797	rs2247470
chr16	83975847	rs2247469
chr16	83976539	rs8053461
chr16	83977345	rs13337670
chr16	83978374	rs925332
chr16	83978499	rs925331
chr16	83980958	rs12102668
chr16	83981935	rs8046618
chr16	83982539	rs7188550
chr16	83982701	rs13335756
chr16	83982758	rs7194613
chr16	83988042	rs8050660
chr16	83988977	rs16962420
chr16	83992994	rs41453147
chr16	83993979	rs11862578
chr16	83994483	rs2292325
chr16	83994518	rs2292326
chr16	83995067	rs4782575
chr16	83995534	rs9928616
chr16	83995951	rs7342695
chr16	83996684	rs16962458
chr16	83997047	rs2292327
chr16	83997350	rs8052260
chr16	83997830	rs17723598
chr16	83997877	rs12926503
chr16	83998418	rs7201492
chr16	83999746	rs1472994
chr16	84001017	rs2292330
chr16	84001509	rs4997524
chr16	84001926	rs2271300
chr16	84001989	rs2271302
chr16	84002314	rs5012585
chr16	84002622	rs2280027
chr16	84002689	rs8044745
chr16	84002720	rs3881
chr16	84003076	rs8045339
chr16	84004255	rs9944299
chr16	84004904	rs8047833
chr16	84005144	rs1876963
chr16	84008053	rs17724230
chr16	84008711	rs6563991
chr16	84010961	rs1533077
chr16	84012500	rs9931086
chr16	84013110	rs11864146
chr16	84014368	rs7200988
chr16	84014717	rs7194792
chr16	84014793	rs12444331
chr16	84014935	rs6563993
chr16	84018536	rs9923716
chr16	84018725	rs12447570
chr16	84019430	rs7200174
chr16	84022293	rs2875853
chr16	84023351	rs9783761
chr16	84023531	rs4782873
chr16	84028193	rs8057907
chr16	84029815	rs4782578
chr16	84030110	rs12919122
chr16	84030642	rs7194933
chr16	84030777	rs7195538
chr16	84030884	rs7195745
chr16	84033965	rs9922943
chr16	84035020	rs11149616
chr16	84035789	rs9933734
chr16	84036163	rs11860327
chr16	84036633	rs8057543
chr16	84037220	rs2326160
chr16	84039073	rs11640130
chr16	84039448	rs4782879
chr16	84041761	rs13339646
chr16	84041958	rs1105355
chr16	84042984	rs12921817
chr16	84043045	rs12922113
chr16	84043861	rs17787138
chr16	84044843	rs11640940
chr16	84045615	rs6563994
chr16	84046213	rs13332704
chr16	84046304	rs8061066
chr16	84046919	rs11149619
chr16	84047164	rs11644047
chr16	84047288	rs11643984
chr16	84048858	rs4782886
chr16	84049179	rs8057673
chr16	84050522	rs869217
chr16	84053533	rs2089722
chr16	84054421	rs2280026
chr16	84054442	rs11607
chr16	84055840	rs7199441
chr16	84056914	rs7206438
chr16	84057293	rs3785011
chr16	84057683	rs868596
chr16	84058861	rs2280025
chr16	84059457	rs2280024
chr16	84059782	rs11149621
chr16	84060092	rs4782888
chr16	84061260	rs999783
chr16	84062525	rs7193888
chr16	84063700	rs2280022
chr16	84065010	rs10445073
chr16	84067023	rs7190835
chr16	84068270	rs3817151
chr16	84070873	rs1980011
chr16	84072101	rs11642644
chr16	84075046	rs2875855
chr16	84076392	rs2175248
chr16	84077338	rs11149623
chr16	84078854	rs8048792
chr16	84081674	rs3826139
chr16	84081878	rs3743631
chr16	84087051	rs2875857
chr16	84087113	rs8063994
chr16	84088837	rs884492
chr16	84088992	rs16962778
chr16	84091665	rs8050801
chr16	84092530	rs16962799
chr16	84092753	rs11149625
chr16	84095327	rs12448070
chr16	84098100	rs11647035
chr16	84098928	rs4782584
chr16	84099835	rs17726874
chr16	84100854	rs12923284
chr16	84101888	rs907045
chr16	84102190	rs4782892
chr16	84102790	rs3785026
chr16	84103017	rs3785028
chr16	84106984	rs12926279
chr16	84110507	rs9924434
chr16	84113256	rs12596367
chr16	84116773	rs7205363
chr16	84120240	rs7202704
chr16	84121084	rs8045610
chr16	84123150	rs3817155
chr16	84123454	rs1058438
chr16	84124003	rs3817152
chr16	84132015	rs4082806
chr16	84133158	rs17794837
chr16	84136019	rs9932838
chr16	84136867	rs3809619
chr16	84137154	rs3809618
chr16	84141622	rs7184373
chr16	84142165	rs1364256
chr16	84144242	rs12926924
chr16	84147418	rs16962873
chr16	84147438	rs8063919
chr16	84151194	rs6563999
chr16	84159384	rs7196387
chr16	84159955	rs10514603
chr16	84160351	rs8059478
chr16	84168968	rs4782898
chr16	84169016	rs4782589
chr16	84170006	rs17856705
chr16	84170333	rs11644164
chr16	84172779	rs1035558
chr16	84174426	rs3803643
chr16	84174729	rs3826151
chr16	84176132	rs2288020
chr16	84177859	rs2288024
chr16	84177877	rs8692
chr16	84178112	rs1056616
chr16	84178363	rs3208968
chr16	84178425	rs1056611
chr16	84178502	rs3197188
chr16	84179104	rs4150176
chr16	84179322	rs3743642
chr16	84180046	rs4150168
chr16	84180078	rs4150167
chr16	84180359	rs2278043
chr16	84180630	rs4150161
chr16	84181527	rs4150149
chr16	84181784	rs2230127
chr16	84182086	rs2303237
chr16	84182979	rs4150139
chr16	84183000	rs4150138
chr16	84184277	rs4150130
chr16	84184396	rs4150129
chr16	84185345	rs4150125
chr16	84186042	rs4150119
chr16	84186224	rs3785037
chr16	84186243	rs4150116
chr16	84186726	rs4150115
chr16	84187217	rs4150114
chr16	84187479	rs3759975
chr16	84187537	rs3759976
chr16	84187619	rs3759978
chr16	84188356	rs2081247
chr16	84189755	rs4993306
chr16	84190716	rs2875859
chr16	84192073	rs8049634
chr16	84192380	rs8050617
chr16	84194299	rs13333300
chr16	84194593	rs11864937
chr16	84195953	rs2303238
chr16	84196629	rs16962986
chr16	84196770	rs2303242
chr16	84197508	rs11645274
chr16	84197827	rs2326171
chr16	84197918	rs2326172
chr16	84198122	rs4414480
chr16	84199012	rs4782901
chr16	84199742	rs7185078
chr16	84199930	rs7185137
chr16	84200540	rs8045919
chr16	84200625	rs8051159
chr16	84202505	rs7199485
chr16	84205832	rs8048412
chr16	84206498	rs244887
chr16	84207001	rs2161724
chr16	84209187	rs244885
chr16	84211620	rs8062904
chr16	84211790	rs8063197
chr16	84214498	rs16963035
chr16	84215151	rs40254
chr16	84216962	rs4782592
chr16	84218527	rs7188337
chr16	84219423	rs39555
chr16	84220197	rs7201078
chr16	84220681	rs39553
chr16	84220778	rs39552
chr16	84221205	rs39551
chr16	84221240	rs39550
chr16	84221846	rs16963074
chr16	84222163	rs12920249
chr16	84223013	rs17736370
chr16	84223126	rs7197070
chr16	84224205	rs2042408
chr16	84224547	rs12447573
chr16	84225105	rs244875
chr16	84225633	rs4782593
chr16	84225660	rs12930710
chr16	84226095	rs11648537
chr16	84226547	rs517731
chr16	84226582	rs12917774
chr16	84228025	rs483566
chr16	84229800	rs10221182
chr16	84233403	rs16963089
chr16	84234177	rs173433
chr16	84235005	rs1862835
chr16	84236150	rs244810
chr16	84236775	rs244811
chr16	84236870	rs11646443
chr16	84237137	rs3803641
chr16	84237552	rs3803640
chr16	84238970	rs244819
chr16	84239615	rs193461
chr16	84239826	rs244818
chr16	84240799	rs746080
chr16	84240828	rs734710
chr16	84243867	rs12103024
chr16	84245458	rs8050573
chr16	84245645	rs8054603
chr16	84248776	rs173430
chr16	84249243	rs173431
chr16	84249692	rs244797
chr16	84251757	rs11639900
chr16	84252171	rs390112
chr16	84252243	rs422842
chr16	84252256	rs7190826
chr16	84253066	rs506334
chr16	84253538	rs12447769
chr16	84255318	rs4782601
chr16	84256077	rs1559395
chr16	84256225	rs1559397
chr16	84257287	rs12445217
chr16	84258961	rs7190437
chr16	84259029	rs7190491
chr16	84260561	rs437218
chr16	84261447	rs447111
chr16	84261480	rs433900
chr16	84262337	rs388192
chr16	84262378	rs402546
chr16	84262828	rs7193075
chr16	84262970	rs446933
chr16	84263056	rs447039
chr16	84265019	rs244856
chr16	84266167	rs244853
chr16	84267312	rs11649239
chr16	84267395	rs11644456
chr16	84267822	rs244851
chr16	84268268	rs244849
chr16	84270393	rs244845
chr16	84270703	rs12446360
chr16	84271068	rs244844
chr16	84271610	rs12598746
chr16	84272680	rs16963214
chr16	84273481	rs1345893
chr16	84274470	rs11649215
chr16	84274514	rs16963223
chr16	84276091	rs4782603
chr16	84277249	rs4782910
chr16	84277909	rs4782604
chr16	84277957	rs11647178
chr16	84278096	rs8057852
chr16	84278351	rs173434
chr16	84278963	rs7205718
chr16	84280381	rs244868
chr16	84280592	rs244866
chr16	84280701	rs8053930
chr16	84280844	rs11149636
chr16	84282675	rs11644041
chr16	84282817	rs8045212
chr16	84282918	rs39539
chr16	84283360	rs16963273
chr16	84285943	rs39546
chr16	84286183	rs39547
chr16	84287168	rs11865624
chr16	84287390	rs12445179
chr16	84288737	rs244858
chr16	84288940	rs11645140
chr16	84289702	rs384690
chr16	84291942	rs425422
chr16	84292406	rs12600299
chr16	84292464	rs444804
chr16	84294888	rs400345
chr16	84296556	rs1862806
chr16	84298994	rs2042436
chr16	84302309	rs244836
chr16	84302536	rs244837
chr16	84302971	rs12599383
chr16	84303657	rs244839
chr16	84305578	rs4782918
chr16	84306286	rs2326206
chr16	84306305	rs2326207
chr16	84307271	rs8051893
chr16	84307290	rs8051764
chr16	84310663	rs424043
chr16	84311081	rs381107
chr16	84311818	rs13337979
chr16	84313480	rs388905
chr16	84315324	rs7188212
chr16	84316396	rs244791
chr16	84318183	rs4782606
chr16	84318222	rs187372
chr16	84318346	rs11643870
chr16	84320059	rs8055494
chr16	84320511	rs17812265
chr16	84322572	rs244785
chr16	84324780	rs375287
chr16	84326449	rs244783
chr16	84326857	rs12933194
chr16	84326927	rs12933084
chr16	84327056	rs12933776
chr16	84327636	rs17739607
chr16	84327729	rs3826144
chr16	84328041	rs3785057
chr16	84328306	rs11149640
chr16	84328363	rs11149641
chr16	84329384	rs16963448
chr16	84330038	rs432666
chr16	84331583	rs17812824
chr16	84332505	rs4782922
chr16	84332527	rs244822
chr16	84333183	rs13337562
chr16	84337224	rs12102416
chr16	84339110	rs8063097
chr16	84342009	rs8061054
chr16	84342100	rs7202106
chr16	84342459	rs8060518
chr16	84346305	rs1023627
chr16	84347947	rs7206131
chr16	84348937	rs12919513
chr16	84350200	rs4356466
chr16	84350720	rs4782612
chr16	84353168	rs3966772
chr16	84357052	rs11149647
chr16	84357821	rs12102682
chr16	84359336	rs7189533
chr16	84359390	rs7189400
chr16	84359593	rs7194554
chr16	84359738	rs7194783
chr16	84362668	rs11640169
chr16	84367244	rs8063863
chr16	84369221	rs7197847
chr16	84369961	rs7202571
chr16	84374152	rs11648651
chr16	84374845	rs4782936
chr16	84378250	rs958577
chr16	84378422	rs13336802
chr16	84380320	rs16963542
chr16	84381903	rs12445007
chr16	84384639	rs12933433
chr16	84384651	rs12933274
chr16	84387654	rs7205535
chr16	84388384	rs2326254
chr16	84388523	rs4782945
chr16	84388556	rs4782946
chr16	84389209	rs11863271
chr16	84389428	rs8048576
chr16	84389454	rs7189221
chr16	84391608	rs12448765
chr16	84392893	rs8049966
chr16	84393268	rs4782947
chr16	84394686	rs11645513
chr16	84397175	rs9929758
chr16	84397270	rs9788948
chr16	84399428	rs922450
chr16	84399697	rs2061789
chr16	84401623	rs2326255
chr16	84403617	rs1119141
chr16	84406475	rs34756715
chr16	84408004	rs1609478
chr16	84408094	rs11646620
chr16	84408383	rs9935544
chr16	84411085	rs16963588
chr16	84411129	rs34905428
chr16	84411388	rs8052881
chr16	84411831	rs247820
chr16	84413348	rs12102757
chr16	84413451	rs247811
chr16	84413469	rs17814267
chr16	84414399	rs11149652
chr16	84414812	rs17741422
chr16	84415015	rs12446219
chr16	84415555	rs3743651
chr16	84415600	rs3826145
chr16	84416618	rs247808
chr16	84417485	rs12149164
chr16	84417549	rs11643072
chr16	84419746	rs12922606
chr16	84419815	rs247813
chr16	84420147	rs8053211
chr16	84421157	rs17741623
chr16	84422175	rs3943846
chr16	84422355	rs2288573
chr16	84423036	rs247814
chr16	84423099	rs185063
chr16	84423657	rs11864982
chr16	84424708	rs247804
chr16	84425042	rs8051403
chr16	84425951	rs247805
chr16	84426972	rs16973771
chr16	84427320	rs8063973
chr16	84429583	rs8059665
chr16	84429919	rs962877
chr16	84430247	rs962878
chr16	84430850	rs8044994
chr16	84430862	rs247842
chr16	84431334	rs12934526
chr16	84431560	rs4782624
chr16	84435546	rs442134
chr16	84435705	rs2914819
chr16	84437953	rs2061788
chr16	84438036	rs429790
chr16	84438873	rs247907
chr16	84439366	rs247905
chr16	84440379	rs4782626
chr16	84440531	rs4782966
chr16	84440878	rs2303853
chr16	84441008	rs2303852
chr16	84441429	rs11640901
chr16	84442416	rs2288582
chr16	84442618	rs2288581
chr16	84442728	rs2288578
chr16	84442946	rs247896
chr16	84443240	rs12445933
chr16	84445661	rs247893
chr16	84445975	rs16973813
chr16	84446014	rs16973814
chr16	84446667	rs247892
chr16	84448953	rs2278299
chr16	84449742	rs247888
chr16	84451386	rs3826149
chr16	84451458	rs12929064
chr16	84452143	rs12149888
chr16	84453450	rs247884
chr16	84454216	rs171577
chr16	84454567	rs747718
chr16	84455324	rs8064169
chr16	84455427	rs17815700
chr16	84458648	rs4782969
chr16	84458953	rs919422
chr16	84459077	rs693552
chr16	84460669	rs2241640
chr16	84460844	rs381467
chr16	84461237	rs691229
chr16	84461618	rs369750
chr16	84462164	rs2241639
chr16	84462219	rs12448746
chr16	84462448	rs416236
chr16	84462534	rs2241636
chr16	84462609	rs416330
chr16	84462764	rs445001
chr16	84462883	rs3743660
chr16	84463061	rs3743661
chr16	84463458	rs691818
chr16	84463563	rs891258
chr16	84463580	rs2241634
chr16	84463974	rs2241633
chr16	84464082	rs2241632
chr16	84464239	rs429313
chr16	84464266	rs3859034
chr16	84465175	rs531846
chr16	84466054	rs416563
chr16	84467285	rs11643494
chr16	84470981	rs394533
chr16	84474211	rs390208
chr16	84474270	rs385518
chr16	84475790	rs12445639
chr16	84476046	rs13333440
chr16	84476094	rs399943
chr16	84476358	rs4782977
chr16	84476385	rs1132430
chr16	84476649	rs10086
chr16	84477654	rs16973913
chr16	84477879	rs390892
chr16	84478972	rs1044874
chr16	84479693	rs422598
chr16	84479750	rs4993376
chr16	84480455	rs2288574
chr16	84480735	rs444170
chr16	84482246	rs451957
chr16	84482703	rs433293
chr16	84484234	rs416476
chr16	84485046	rs9630644
chr16	84486474	rs397038
chr16	84486686	rs3743667
chr16	84486719	rs431389
chr16	84489261	rs422918
chr16	84489478	rs1864267
chr16	84490184	rs428032
chr16	84492337	rs403225
chr16	84493415	rs394035
chr16	84498717	rs452613
chr16	84499142	rs12596454
chr16	84499539	rs12923106
chr16	84500091	rs6564046
chr16	84500760	rs567637
chr16	84501190	rs11643825
chr16	84502460	rs6564047
chr16	84503087	rs434690
chr16	84503299	rs394001
chr16	84503384	rs394293
chr16	84504010	rs13338047
chr16	84504351	rs433630
chr16	84504866	rs431551
chr16	84505428	rs8057636
chr16	84506132	rs556634
chr16	84508874	rs9937245
chr16	84509355	rs193702
chr16	84510878	rs7192675
chr16	84510932	rs4782990
chr16	84510967	rs2435179
chr16	84511002	rs7191339
chr16	84511467	rs247852
chr16	84512067	rs247850
chr16	84512481	rs247849
chr16	84514235	rs1465594
chr16	84514394	rs6564053
chr16	84516364	rs16974016
chr16	84516556	rs12923411
chr16	84516846	rs12596608
chr16	84517447	rs12596739
chr16	84517572	rs4782633
chr16	84517741	rs12597205
chr16	84517773	rs1991538
chr16	84518797	rs4782993
chr16	84519600	rs4782996
chr16	84519901	rs4782998
chr16	84520279	rs7194530
chr16	84521713	rs11866096
chr16	84523711	rs11641157
chr16	84524384	rs16974049
chr16	84524533	rs187444
chr16	84524557	rs4783001
chr16	84526879	rs4783002
chr16	84528353	rs405569
chr16	84529418	rs693849
chr16	84531772	rs12919062
chr16	84532371	rs12051269
chr16	84533417	rs390212
chr16	84534755	rs922449
chr16	84535495	rs417190
chr16	84538363	rs378138
chr16	84538647	rs4783005
chr16	84539638	rs386031
chr16	84540052	rs387349
chr16	84541005	rs408022
chr16	84541996	rs8056021
chr16	84542217	rs449171
chr16	84542290	rs12447843
chr16	84544387	rs8047793
chr16	84544635	rs371915
chr16	84546472	rs11859410
chr16	84546925	rs8055365
chr16	84546945	rs8054073
chr16	84547250	rs9924738
chr16	84548162	rs247832
chr16	84549359	rs247826
chr16	84549627	rs8050818
chr16	84550121	rs247825
chr16	84550717	rs187445
chr16	84550851	rs4783016
chr16	84552526	rs2326282
chr16	84553643	rs6564059
chr16	84553870	rs11641197
chr16	84554354	rs2013847
chr16	84556619	rs11646141
chr16	84557170	rs13336427
chr16	84558650	rs1366754
chr16	84558721	rs2967879
chr16	84559787	rs12919746
chr16	84561748	rs247878
chr16	84561843	rs8061519
chr16	84562652	rs13339424
chr16	84564290	rs247872
chr16	84564446	rs247870
chr16	84565924	rs7458
chr16	84566364	rs13521
chr16	84566665	rs1046623
chr16	84566989	rs12929880
chr16	84568844	rs8050366
chr16	84569438	rs2099132
chr16	84569477	rs11640701
chr16	84571810	rs2967841
chr16	84573344	rs1560250
chr16	84574978	rs4782638
chr16	84575741	rs2966316
chr16	84575953	rs2967843
chr16	84577279	rs2967844
chr16	84579799	rs2967846
chr16	84581331	rs16974200
chr16	84582551	rs2914830
chr16	84582619	rs17597460
chr16	84582670	rs2967849
chr16	84583279	rs12325555
chr16	84586390	rs7188531
chr16	84587450	rs12051025
chr16	84589470	rs1469479
chr16	84589796	rs2967858
chr16	84589878	rs1429264
chr16	84589910	rs2288583
chr16	84590919	rs4783024
chr16	84592224	rs4783026
chr16	84592648	rs8046153
chr16	84595703	rs2914837
chr16	84596447	rs2914840
chr16	84597662	rs2018540
chr16	84597764	rs2925064
chr16	84599830	rs12051056
chr16	84600829	rs7204697
chr16	84601994	rs2967875
chr16	84602118	rs2967874
chr16	84602179	rs3111577
chr16	84602883	rs2326340
chr16	84603175	rs12149601
chr16	84603197	rs12149123
chr16	84604423	rs1808568
chr16	84604584	rs2052904
chr16	84604886	rs17827188
chr16	84605018	rs4782641
chr16	84607023	rs1366752
chr16	84607681	rs16974272
chr16	84608299	rs2925049
chr16	84608977	rs2925050
chr16	84610087	rs2966318
chr16	84610986	rs2925051
chr16	84611880	rs17827507
chr16	84614385	rs2967871
chr16	84616921	rs2966305
chr16	84619038	rs16974292
chr16	84621329	rs2925055
chr16	84621445	rs2925056
chr16	84623505	rs2967866
chr16	84623747	rs2966301
chr16	84631321	rs2550415
chr16	84633022	rs2246760
chr16	84633879	rs12599377
chr16	84634486	rs2925048
chr16	84634953	rs2326344
chr16	84635287	rs8055398
chr16	84637304	rs2550423
chr16	84637367	rs2550424
chr16	84637403	rs9930875
chr16	84637788	rs889615
chr16	84637790	rs1078739
chr16	84638357	rs889618
chr16	84639929	rs1978492
chr16	84640592	rs1105995
chr16	84642616	rs2604950
chr16	84649597	rs2550412
chr16	84650111	rs7190856
chr16	84657438	rs3751762
chr16	84658217	rs12444911
chr16	84660069	rs2303230
chr16	84660273	rs9319452
chr16	84661884	rs12928590
chr16	84662779	rs7184873
chr16	84663978	rs873856
chr16	84664282	rs11555907
chr16	84664306	rs3803625
chr16	84664504	rs16974367
chr16	84665126	rs867425
chr16	84665202	rs883135
chr16	84665538	rs889613
chr16	84668106	rs7185089
chr16	84668187	rs4783043
chr16	84668375	rs7184123
chr16	84670361	rs12596786
chr16	84671063	rs16974398
chr16	84682893	rs8059611
chr16	84683108	rs8058583
chr16	84684617	rs4782651
chr16	84687795	rs12925758
chr16	84689258	rs7205940
chr16	84690650	rs16944618
chr16	84690689	rs17829520
chr16	84691284	rs7195507
chr16	84697224	rs9936719
chr16	84698962	rs7191081
chr16	84701475	rs4783054
chr16	84704479	rs41451547
chr16	84707543	rs8045120
chr16	84707737	rs3764286
chr16	84709224	rs7197496
chr16	84709272	rs7197843
chr16	84711144	rs6564068
chr16	84712039	rs16974422
chr16	84714290	rs1541699
chr16	84716989	rs1862794
chr16	84717888	rs16974436
chr16	84721292	rs12149617
chr16	84721358	rs16974449
chr16	84722051	rs8060744
chr16	84722219	rs7202154
chr16	84723235	rs12600094
chr16	84729230	rs8048989
chr16	84733364	rs958309
chr16	84734629	rs964453
chr16	84735418	rs41386649
chr16	84737437	rs3829554
chr16	84737570	rs17763304
chr16	84740019	rs12149780
chr16	84740189	rs12149794
chr16	84740514	rs4510001
chr16	84740830	rs744839
chr16	84740846	rs7498516
chr16	84741080	rs744838
chr16	84742465	rs11641007
chr16	84745156	rs4553618
chr16	84745642	rs7185949
chr16	84747301	rs11149680
chr16	84748904	rs16974515
chr16	84749159	rs9928495
chr16	84749648	rs12232414
chr16	84750052	rs16974538
chr16	84750684	rs12922556
chr16	84751597	rs8058755
chr16	84751772	rs17831494
chr16	84752066	rs4783057
chr16	84752644	rs6564074
chr16	84752741	rs6564075
chr16	84756303	rs16974564
chr16	84756765	rs17764342
chr16	84758685	rs41327444
chr16	84759655	rs3764333
chr16	84759742	rs3764331
chr16	84761026	rs1541698
chr16	84761238	rs1541696
chr16	84762997	rs12932018
chr16	84766813	rs6564076
chr16	84768145	rs2641688
chr16	84768566	rs11149681
chr16	84769017	rs774294
chr16	84769085	rs774295
chr16	84769282	rs774296
chr16	84773655	rs244562
chr16	84775294	rs774299
chr16	84778355	rs774306
chr16	84780547	rs8060725
chr16	84783830	rs12597526
chr16	84784145	rs12597561
chr16	84786344	rs40136
chr16	84789248	rs17764993
chr16	84789355	rs16974619
chr16	84790040	rs35558
chr16	84791373	rs41145
chr16	84794150	rs4783061
chr16	84794317	rs35563
chr16	84795276	rs193446
chr16	84795861	rs8049757
chr16	84800330	rs2641693
chr16	84800778	rs7201597
chr16	84806348	rs8057431
chr16	84806617	rs17184445
chr16	84807147	rs6564078
chr16	84807277	rs6564079
chr16	84809371	rs4572384
chr16	84810290	rs1532301
chr16	84812375	rs7192411
chr16	84812645	rs962682
chr16	84813234	rs4783072
chr16	84813641	rs11149686
chr16	84815494	rs8058664
chr16	84817248	rs10871288
chr16	84819090	rs28372679
chr16	84820639	rs6564080
chr16	84821910	rs1874014
chr16	84822357	rs8057998
chr16	84823638	rs17111
chr16	84823946	rs1021478
chr16	84828128	rs7204018
chr16	84832814	rs9932059
chr16	84833396	rs8051428
chr16	84835705	rs4783083
chr16	84836296	rs17766265
chr16	84836428	rs1466716
chr16	84837803	rs8047416
chr16	84842676	rs12102503
chr16	84843926	rs1874015
chr16	84845680	rs12931881
chr16	84845718	rs12051168
chr16	84845858	rs12051468
chr16	84849496	rs8061351
chr16	84850466	rs4782673
chr16	84850510	rs4783090
chr16	84851531	rs11645819
chr16	84851900	rs2641696
chr16	84852424	rs2641698
chr16	84853638	rs2646129
chr16	84854689	rs4782674
chr16	84854704	rs4782675
chr16	84854935	rs2646127
chr16	84856330	rs6564083
chr16	84858481	rs2087994
chr16	84860675	rs1587272
chr16	84860745	rs4293363
chr16	84861037	rs4261526
chr16	84863055	rs9938473
chr16	84863647	rs903190
chr16	84864127	rs1874622
chr16	84867131	rs4783092
chr16	84868747	rs4782676
chr16	84869111	rs2326398
chr16	84870122	rs4782677
chr16	84871936	rs2934491
chr16	84873844	rs2968143
chr16	84874236	rs2934485
chr16	84878725	rs1809784
chr16	84884386	rs16974822
chr16	84886352	rs774206
chr16	84889131	rs767049
chr16	84889253	rs767050
chr16	84889641	rs2934477
chr16	84891388	rs2641666
chr16	84892020	rs2646114
chr16	84893201	rs2934475
chr16	84895125	rs12051490
chr16	84900412	rs8051912
chr16	84901396	rs2934471
chr16	84904244	rs2646112
chr16	84905315	rs2934468
chr16	84906427	rs7197751
chr16	84906566	rs3803630
chr16	84906873	rs1874008
chr16	84907374	rs2641670
chr16	84907458	rs2646108
chr16	84907723	rs4783099
chr16	84908212	rs3751758
chr16	84909613	rs1391103
chr16	84910404	rs1874626
chr16	84910535	rs1874625
chr16	84910575	rs1874624
chr16	84910899	rs10221162
chr16	84911532	rs11866530
chr16	84911573	rs903194
chr16	84914071	rs2087987
chr16	84916864	rs876481
chr16	84919147	rs11149693
chr16	84919337	rs16974931
chr16	84919498	rs2641674
chr16	84919539	rs2646133
chr16	84921945	rs12599043
chr16	84922726	rs8060961
chr16	84924412	rs7188498
chr16	84925090	rs2646110
chr16	84926336	rs11863425
chr16	84926698	rs1874628
chr16	84927670	rs12928583
chr16	84928512	rs2646141
chr16	84929498	rs12449140
chr16	84931374	rs1027330
chr16	84933483	rs12918754
chr16	84937817	rs2934467
chr16	84938031	rs2968161
chr16	84938957	rs16974980
chr16	84939314	rs17189009
chr16	84941737	rs2132849
chr16	84942438	rs9922066
chr16	84944391	rs4783101
chr16	84944442	rs4783102
chr16	84944732	rs965803
chr16	84947244	rs7188426
chr16	84948368	rs8054554
chr16	84949629	rs11862286
chr16	84949821	rs12932741
chr16	84950004	rs17189576
chr16	84950744	rs17189653
chr16	84952685	rs4260045
chr16	84953108	rs8061778
chr16	84954073	rs2326458
chr16	84954341	rs9941239
chr16	84954505	rs8047191
chr16	84954615	rs8054976
chr16	84962052	rs2326459
chr16	84962841	rs4783107
chr16	84964269	rs12600202
chr16	84966620	rs4783108
chr16	84966880	rs4783109
chr16	84968255	rs4783110
chr16	84968406	rs1566461
chr16	84969704	rs7189664
chr16	84971062	rs751339
chr16	84974355	rs9933785
chr16	84975039	rs3203781
chr16	84975685	rs3203780
chr16	84975857	rs3210967
chr16	84975946	rs9934780
chr16	84977874	rs8045409
chr16	84978016	rs8044638
chr16	84979063	rs7192876
chr16	84979651	rs9935170
chr16	84981935	rs16975086
chr16	84983369	rs1566460
chr16	84984345	rs16975088
chr16	84984717	rs3930432
chr16	84985325	rs1566458
chr16	84986009	rs16975090
chr16	84987368	rs1982967
chr16	84988377	rs7193192
chr16	84990249	rs931713
chr16	84992655	rs11149705
chr16	84994746	rs16975110
chr16	84995078	rs3848249
chr16	84995857	rs3751747
chr16	85000511	rs7192417
chr16	85004459	rs7499539
chr16	85005253	rs9921417
chr16	85005342	rs9921436
chr16	85010601	rs1875247
chr16	85012087	rs11867115
chr16	85017129	rs11649265
chr16	85017837	rs2132848
chr16	85018048	rs1318275
chr16	85020074	rs16975122
chr16	85020607	rs16975123
chr16	85022550	rs9936836
chr16	85023601	rs4782686
chr16	85025962	rs1875246
chr16	85030860	rs11860489
chr16	85031479	rs7499978
chr16	85032144	rs12448463
chr16	85037520	rs7201736
chr16	85039056	rs13335460
chr16	85040808	rs6564098
chr16	85041529	rs9319454
chr16	85042138	rs1392526
chr16	85045975	rs12599502
chr16	85046207	rs11647764
chr16	85046878	rs8045099
chr16	85046936	rs8044678
chr16	85047242	rs8045387
chr16	85047566	rs6564099
chr16	85047982	rs3803638
chr16	85049104	rs16975155
chr16	85055589	rs11642445
chr16	85056623	rs16975162
chr16	85058877	rs16975168
chr16	85058969	rs16975170
chr16	85059079	rs41337248
chr16	85059142	rs8056742
chr16	85059286	rs12926508
chr16	85059508	rs16975172
chr16	85059614	rs16975174
chr16	85059700	rs16975175
chr16	85059751	rs12929714
chr16	85059853	rs16975176
chr16	85060307	rs11648527
chr16	85061392	rs3829514
chr16	85062950	rs870149
chr16	85065477	rs4782687
chr16	85065645	rs11649284
chr16	85067370	rs4783121
chr16	85068813	rs8063083
chr16	85070279	rs17789174
chr16	85070982	rs3794679
chr16	85071110	rs16975185
chr16	85071146	rs12596553
chr16	85071948	rs8058770
chr16	85072037	rs12597135
chr16	85074778	rs2062549
chr16	85075722	rs16975200
chr16	85078337	rs12932076
chr16	85078381	rs2291968
chr16	85078396	rs2291967
chr16	85079361	rs12446708
chr16	85080453	rs7196620
chr16	85081830	rs3751751
chr16	85083397	rs3794682
chr16	85083920	rs9925855
chr16	85084888	rs879742
chr16	85086894	rs7206590
chr16	85087003	rs2291962
chr16	85090156	rs3751756
chr16	85090676	rs7186182
chr16	85091359	rs16975218
chr16	85092854	rs16975222
chr16	85092935	rs3794687
chr16	85093866	rs715707
chr16	85093962	rs1392527
chr16	85094219	rs1566465
chr16	85095477	rs1976383
chr16	85098487	rs9936193
chr16	85099170	rs16975240
chr16	85103645	rs6564101
chr16	85105219	rs9940705
chr16	85105567	rs8050910
chr16	85106035	rs8052539
chr16	85107350	rs8059088
chr16	85107686	rs17200798
chr16	85108055	rs17200833
chr16	85111087	rs8060060
chr16	85111299	rs6564102
chr16	85112979	rs13330593
chr16	85114027	rs4783126
chr16	85120218	rs17201064
chr16	85120671	rs16975257
chr16	85124008	rs1110289
chr16	85130995	rs2062550
chr16	85135264	rs9940866
chr16	85136511	rs3751757
chr16	85138281	rs12932129
chr16	85141629	rs16975292
chr16	85141703	rs1875250
chr16	85142457	rs2937134
chr16	85143772	rs2937135
chr16	85144041	rs9925768
chr16	85144223	rs868353
chr16	85145484	rs11864373
chr16	85146071	rs882718
chr16	85147202	rs9939724
chr16	85148269	rs3104834
chr16	85148349	rs9933007
chr16	85149024	rs7196417
chr16	85149293	rs2937137
chr16	85150076	rs2966849
chr16	85150244	rs12149273
chr16	85150408	rs4783136
chr16	85152302	rs12922458
chr16	85152658	rs1472541
chr16	85155611	rs9935396
chr16	85156285	rs2937143
chr16	85156624	rs2937145
chr16	85156860	rs2966852
chr16	85159188	rs16975352
chr16	85161816	rs4589542
chr16	85164374	rs6564107
chr16	85167799	rs8054322
chr16	85168364	rs4636894
chr16	85171649	rs8056587
chr16	85172303	rs7199453
chr16	85173422	rs4072655
chr16	85174019	rs7190506
chr16	85177946	rs11642920
chr16	85184961	rs9932774
chr16	85185117	rs8050680
chr16	85185333	rs9933059
chr16	85185987	rs12596985
chr16	85187997	rs4783142
chr16	85192265	rs4541063
chr16	85193213	rs11646864
chr16	85193257	rs7198093
chr16	85194142	rs4783146
chr16	85194735	rs12444866
chr16	85195056	rs7200824
chr16	85195415	rs4783147
chr16	85197715	rs4783149
chr16	85198371	rs10083744
chr16	85203725	rs11644665
chr16	85204412	rs4365278
chr16	85204450	rs4073462
chr16	85208678	rs4783151
chr16	85214718	rs4445886
chr16	85217631	rs8046486
chr16	85219999	rs9937642
chr16	85222343	rs11149724
chr16	85225617	rs9928615
chr16	85226151	rs9929153
chr16	85226930	rs12918557
chr16	85227083	rs12919965
chr16	85227355	rs4423408
chr16	85228684	rs12929588
chr16	85230276	rs4541064
chr16	85233254	rs12931671
chr16	85234525	rs4072252
chr16	85236804	rs4782695
chr16	85238638	rs4260044
chr16	85240615	rs9936023
chr16	85245611	rs9935362
chr16	85248669	rs4555143
chr16	85258255	rs9940203
chr16	85259098	rs7191809
chr16	85260663	rs8062595
chr16	85261703	rs7188630
chr16	85261783	rs8046942
chr16	85261911	rs11863123
chr16	85262598	rs8052410
chr16	85262625	rs8053353
chr16	85264081	rs8060135
chr16	85268110	rs16975448
chr16	85268560	rs16975451
chr16	85273245	rs16975456
chr16	85273406	rs4423406
chr16	85275284	rs12599713
chr16	85275515	rs12599745
chr16	85276284	rs8047113
chr16	85277474	rs11149735
chr16	85279277	rs11643717
chr16	85279729	rs11644953
chr16	85280018	rs7499176
chr16	85281345	rs2930237
chr16	85284953	rs11863116
chr16	85285793	rs12447206
chr16	85287877	rs2966858
chr16	85289884	rs752227
chr16	85290961	rs2086829
chr16	85294296	rs2930225
chr16	85295098	rs11860393
chr16	85297423	rs1008712
chr16	85301427	rs8049833
chr16	85302170	rs2930235
chr16	85302345	rs11641362
chr16	85304049	rs8044680
chr16	85304765	rs8060622
chr16	85306834	rs2968422
chr16	85307373	rs2966870
chr16	85308107	rs12927290
chr16	85314993	rs2968421
chr16	85319092	rs8049886
chr16	85320291	rs2930232
chr16	85322523	rs8047906
chr16	85323385	rs11646064
chr16	85325414	rs4783163
chr16	85330709	rs8047149
chr16	85330832	rs998624
chr16	85334969	rs8060803
chr16	85335378	rs4783167
chr16	85336810	rs2326526
chr16	85336979	rs4783168
chr16	85337082	rs4783169
chr16	85338318	rs9888865
chr16	85339191	rs4783170
chr16	85342219	rs13337954
chr16	85342678	rs13334489
chr16	85342878	rs7185803
chr16	85343282	rs7186617
chr16	85343520	rs9940945
chr16	85343985	rs12716759
chr16	85344046	rs12716760
chr16	85345232	rs9972746
chr16	85345524	rs9972752
chr16	85345666	rs9933677
chr16	85348437	rs4467060
chr16	85352719	rs2306635
chr16	85357404	rs900755
chr16	85358903	rs4783172
chr16	85360772	rs900750
chr16	85361008	rs11861543
chr16	85361610	rs16975559
chr16	85365824	rs8057928
chr16	85365961	rs7200027
chr16	85370078	rs1471722
chr16	85373848	rs4783175
chr16	85375429	rs1385038
chr16	85377527	rs9933766
chr16	85378035	rs8056420
chr16	85380078	rs4783178
chr16	85382232	rs4783187
chr16	85386458	rs4783192
chr16	85395341	rs8052629
chr16	85398899	rs12925541
chr16	85399710	rs1038417
chr16	85399839	rs1038419
chr16	85400157	rs12929971
chr16	85402983	rs10163269
chr16	85412949	rs13338924
chr16	85413578	rs7404202
chr16	85414332	rs6564118
chr16	85415341	rs12934953
chr16	85416525	rs12921982
chr16	85417119	rs1552273
chr16	85419089	rs1552272
chr16	85425528	rs2035489
chr16	85425582	rs2035490
chr16	85429375	rs11646601
chr16	85430777	rs4783200
chr16	85433235	rs7201163
chr16	85439512	rs900764
chr16	85441897	rs716811
chr16	85449854	rs11149747
chr16	85452453	rs7186021
chr16	85459276	rs731957
chr16	85463991	rs2279352
chr16	85471076	rs876056
chr16	85472260	rs7193174
chr16	85472569	rs4783214
chr16	85473916	rs16975625
chr16	85474864	rs7199013
chr16	85477318	rs4509999
chr16	85481516	rs8053194
chr16	85482310	rs7200732
chr16	85482671	rs9938653
chr16	85485462	rs7185290
chr16	85486591	rs7197425
chr16	85487349	rs8057115
chr16	85490251	rs8053797
chr16	85492684	rs8048742
chr16	85499634	rs9936643
chr16	85500418	rs7500672
chr16	85502944	rs7500042
chr16	85503815	rs8061209
chr16	85507193	rs12598437
chr16	85507778	rs8053670
chr16	85509479	rs11642856
chr16	85512011	rs4783226
chr16	85512124	rs8058248
chr16	85515726	rs7499133
chr16	85524373	rs7500151
chr16	85528685	rs4072443
chr16	85529958	rs11117489
chr16	85530690	rs12444465
chr16	85533500	rs17207722
chr16	85533550	rs7499939
chr16	85535732	rs17207792
chr16	85536193	rs7498829
chr16	85538515	rs6419427
chr16	85538534	rs6419428
chr16	85538570	rs6540025
chr16	85539669	rs17801962
chr16	85544634	rs16975739
chr16	85545223	rs4843456
chr16	85545417	rs4843463
chr16	85547110	rs13339618
chr16	85547312	rs7498141
chr16	85555824	rs7184557
chr16	85561303	rs8049418
chr16	85562661	rs4072700
chr16	85571694	rs7198703
chr16	85578286	rs12102555
chr16	85587296	rs6540278
chr16	85591521	rs4240810
chr16	85612926	rs4628997
chr16	85623913	rs9939823
chr16	85629636	rs4843971
chr16	85630337	rs4843972
chr16	85637330	rs4843172
chr16	85640587	rs4843410
chr16	85641410	rs9925740
chr16	85645388	rs732460
chr16	85650099	rs744255
chr16	85651611	rs12448744
chr16	85656047	rs11640338
chr16	85657145	rs3815794
chr16	85665921	rs7195186
chr16	85669084	rs736845
chr16	85670021	rs929865
chr16	85670978	rs2303202
chr16	85672005	rs12149168
chr16	85672441	rs9940601
chr16	85672958	rs709805
chr16	85673027	rs1049868
chr16	85675710	rs11865
chr16	85676004	rs8571
chr16	85677377	rs1974868
chr16	85677896	rs9534
chr16	85678254	rs1053328
chr16	85678499	rs3815795
chr16	85680640	rs11640540
chr16	85695207	rs380996
chr16	85695675	rs421043
chr16	85695988	rs386282
chr16	85698382	rs392863
chr16	85699102	rs394692
chr16	85702823	rs451871
chr16	85703265	rs452141
chr16	85703661	rs506043
chr16	85707144	rs11644122
chr16	85709025	rs400694
chr16	85709458	rs842960
chr16	85712474	rs407302
chr16	85719659	rs373835
chr16	85721310	rs399447
chr16	85725165	rs386041
chr16	85725179	rs386061
chr16	85727323	rs439406
chr16	85729009	rs419504
chr16	85729841	rs10863186
chr16	85734659	rs394094
chr16	85736114	rs408988
chr16	85739897	rs656241
chr16	85741311	rs372395
chr16	85746847	rs408126
chr16	85757375	rs7197318
chr16	85761666	rs11640737
chr16	85767759	rs8054972
chr16	85768292	rs367052
chr16	85776743	rs301161
chr16	85779625	rs8587
chr16	85779920	rs301163
chr16	85780274	rs301164
chr16	85783718	rs11860152
chr16	85784812	rs11866179
chr16	85785915	rs4843788
chr16	85786596	rs896253
chr16	85787700	rs2254248
chr16	85787980	rs2254145
chr16	85790467	rs10514609
chr16	85791923	rs9931892
chr16	85793267	rs2291658
chr16	85793474	rs11644720
chr16	85793493	rs11647655
chr16	85793663	rs9931644
chr16	85793794	rs16939756
chr16	85793873	rs11647806
chr16	85800554	rs1800647
chr16	85802650	rs2733954
chr16	85805310	rs2075531
chr16	85813882	rs12919297
chr16	85820705	rs11117407
chr16	85836275	rs896257
chr16	85841211	rs17806623
chr16	85841247	rs12922650
chr16	85841878	rs12923712
chr16	85842498	rs9674291
chr16	85842767	rs12599898
chr16	85845591	rs6540225
chr16	85847065	rs9926500
chr16	85847847	rs12918005
chr16	85848050	rs9935940
chr16	85848353	rs9923666
chr16	85852141	rs8050076
chr16	85854775	rs4843851
chr16	85859254	rs17233149
chr16	85860089	rs12934503
chr16	85860317	rs12920485
chr16	85860823	rs12924697
chr16	85863812	rs4843852
chr16	85867433	rs11864884
chr16	85867459	rs7185918
chr16	85868951	rs4843856
chr16	85870070	rs12930347
chr16	85873290	rs8056522
chr16	85878996	rs9932159
chr16	85879011	rs9936199
chr16	85879264	rs750669
chr16	85879487	rs2017161
chr16	85882175	rs9931687
chr16	85883945	rs9937847
chr16	85884217	rs376783
chr16	85885600	rs439390
chr16	85886006	rs384915
chr16	85886874	rs370703
chr16	85887741	rs448136
chr16	85890459	rs9308363
chr16	85890966	rs433322
chr16	85892795	rs438323
chr16	85894208	rs391023
chr16	85896794	rs381139
chr16	85897898	rs170033
chr16	85898745	rs188602
chr16	85899382	rs2270501
chr16	85901967	rs16882
chr16	85902657	rs12924316
chr16	85903372	rs305082
chr16	85905075	rs9940980
chr16	85905229	rs11646550
chr16	85906060	rs3794661
chr16	85908168	rs305080
chr16	85908890	rs305079
chr16	85909860	rs305077
chr16	85910833	rs391525
chr16	85911217	rs2292982
chr16	85911470	rs2292980
chr16	85911625	rs8052064
chr16	85912122	rs768410
chr16	85912233	rs147968
chr16	85912718	rs12923978
chr16	85912844	rs424971
chr16	85913721	rs8051462
chr16	85914173	rs903202
chr16	85914492	rs17444416
chr16	85915665	rs305071
chr16	85915867	rs16939967
chr16	85917315	rs4843860
chr16	85917589	rs9926067
chr16	85917748	rs8054065
chr16	85918190	rs8064189
chr16	85919139	rs2280378
chr16	85919323	rs7185022
chr16	85919345	rs13338943
chr16	85921636	rs10514611
chr16	85921698	rs1568391
chr16	85922065	rs1044873
chr16	85925414	rs1021481
chr16	85925559	rs880364
chr16	85925756	rs880365
chr16	85925832	rs880366
chr16	85926673	rs11648480
chr16	85927361	rs1472235
chr16	85927956	rs17444745
chr16	85930702	rs12598785
chr16	85930957	rs366078
chr16	85931433	rs383425
chr16	85932195	rs388988
chr16	85932557	rs878453
chr16	85932566	rs878454
chr16	85932852	rs11860480
chr16	85932893	rs11860517
chr16	85932921	rs11117418
chr16	85933104	rs875528
chr16	85933124	rs875527
chr16	85933195	rs419030
chr16	85934676	rs2934498
chr16	85934951	rs447919
chr16	85938665	rs11117425
chr16	85938992	rs11648084
chr16	85939006	rs11644034
chr16	85939422	rs12711490
chr16	85939453	rs12598434
chr16	85939598	rs8050476
chr16	85940575	rs9927123
chr16	85940763	rs16940088
chr16	85942053	rs305061
chr16	85942412	rs305059
chr16	85943896	rs7202472
chr16	85944305	rs305097
chr16	85944393	rs305095
chr16	85944499	rs305094
chr16	85944519	rs16940101
chr16	85944881	rs7186094
chr16	85944939	rs7190319
chr16	85945740	rs305090
chr16	85947362	rs731707
chr16	85947995	rs305088
chr16	85948640	rs305087
chr16	85948695	rs7198504
chr16	85948910	rs9935237
chr16	85948915	rs305086
chr16	85949450	rs6540234
chr16	85950994	rs908988
chr16	85951825	rs1915033
chr16	85954392	rs10863202
chr16	85954416	rs13337463
chr16	85954754	rs8060960
chr16	85955578	rs7199472
chr16	85956974	rs925992
chr16	85957317	rs8057009
chr16	85958099	rs11642873
chr16	85959223	rs11117428
chr16	85959528	rs2361763
chr16	85959689	rs9933690
chr16	85959974	rs10863203
chr16	85960914	rs908983
chr16	85961621	rs8044852
chr16	85961978	rs12446139
chr16	85962474	rs11642456
chr16	85962689	rs11645398
chr16	85963990	rs11860050
chr16	85966386	rs908979
chr16	85966486	rs8053185
chr16	85966857	rs12444385
chr16	85967133	rs908978
chr16	85969452	rs4843326
chr16	85969786	rs11642511
chr16	85969840	rs9308364
chr16	85970633	rs4843329
chr16	85975035	rs4843880
chr16	85975874	rs9308365
chr16	85975913	rs9308366
chr16	85976134	rs16940186
chr16	85976154	rs12232384
chr16	85976917	rs11647876
chr16	85977427	rs13333054
chr16	85977731	rs10521318
chr16	85980538	rs4843881
chr16	85980635	rs16940202
chr16	85981113	rs908991
chr16	85985027	rs2280381
chr16	85985255	rs6540239
chr16	85985665	rs11117432
chr16	85990498	rs2280379
chr16	85991010	rs12599351
chr16	85991273	rs1568387
chr16	85993227	rs4843882
chr16	85994631	rs3924409
chr16	85994778	rs6540244
chr16	85994910	rs2176775
chr16	85995743	rs12917789
chr16	85996494	rs4843884
chr16	85996906	rs8058948
chr16	85997587	rs11117434
chr16	85997846	rs7197319
chr16	85998493	rs7190274
chr16	85998550	rs7203257
chr16	85998752	rs13331155
chr16	85999075	rs16940246
chr16	86000204	rs7196849
chr16	86002114	rs12444745
chr16	86002918	rs17238608
chr16	86003165	rs12930771
chr16	86005278	rs8045539
chr16	86005787	rs4843888
chr16	86008491	rs11644361
chr16	86013406	rs6540245
chr16	86016015	rs2139490
chr16	86016145	rs2176774
chr16	86016164	rs41406450
chr16	86016341	rs11640000
chr16	86018180	rs9923707
chr16	86019428	rs12598047
chr16	86020228	rs6540246
chr16	86023531	rs7194441
chr16	86023615	rs7194620
chr16	86026006	rs1915037
chr16	86028443	rs4280248
chr16	86030158	rs1568390
chr16	86030907	rs867958
chr16	86033967	rs908990
chr16	86034916	rs2030361
chr16	86035170	rs7204305
chr16	86036014	rs4843892
chr16	86036221	rs16940293
chr16	86036589	rs7206893
chr16	86038189	rs16940306
chr16	86039846	rs7500993
chr16	86041310	rs11862671
chr16	86041495	rs17818245
chr16	86041920	rs11640268
chr16	86041935	rs9937119
chr16	86042223	rs16940325
chr16	86042739	rs1568389
chr16	86043494	rs7500355
chr16	86044910	rs2361742
chr16	86045492	rs17239938
chr16	86047161	rs12448634
chr16	86047375	rs11117442
chr16	86047651	rs7184268
chr16	86048551	rs17240015
chr16	86050356	rs17446633
chr16	86050420	rs17446654
chr16	86050540	rs11648965
chr16	86052386	rs8054075
chr16	86053241	rs1996644
chr16	86053423	rs11645525
chr16	86054797	rs9308368
chr16	86055111	rs17818634
chr16	86055924	rs12443633
chr16	86057292	rs4843337
chr16	86057465	rs2090699
chr16	86058024	rs12600278
chr16	86059260	rs11865882
chr16	86060115	rs4843897
chr16	86060399	rs6540248
chr16	86061148	rs16940360
chr16	86061507	rs16940363
chr16	86062788	rs13335116
chr16	86063022	rs16940375
chr16	86063237	rs16940378
chr16	86064353	rs7193170
chr16	86064804	rs7203149
chr16	86066868	rs8043756
chr16	86067267	rs9937643
chr16	86067396	rs12448986
chr16	86067678	rs11649337
chr16	86069939	rs4843340
chr16	86070237	rs8049798
chr16	86070536	rs8050326
chr16	86070558	rs8059288
chr16	86071057	rs7202346
chr16	86071232	rs7195806
chr16	86071310	rs7190346
chr16	86071476	rs9922151
chr16	86072310	rs4076503
chr16	86075629	rs11645833
chr16	86075758	rs4843342
chr16	86080055	rs9652661
chr16	86080647	rs11859359
chr16	86081223	rs4843344
chr16	86081461	rs8048227
chr16	86081703	rs9944334
chr16	86082349	rs8046503
chr16	86084012	rs11639728
chr16	86084180	rs7500404
chr16	86086301	rs4843902
chr16	86086419	rs4843903
chr16	86086640	rs4843904
chr16	86086726	rs7501016
chr16	86086769	rs7498282
chr16	86088918	rs13336880
chr16	86089016	rs13336935
chr16	86089622	rs11117445
chr16	86091559	rs11643399
chr16	86091871	rs6540259
chr16	86092630	rs4076078
chr16	86092698	rs4074241
chr16	86094076	rs1007967
chr16	86094263	rs6419438
chr16	86095901	rs6540263
chr16	86096716	rs2067589
chr16	86096925	rs10514613
chr16	86097270	rs2352937
chr16	86097458	rs4843349
chr16	86097886	rs7199675
chr16	86098009	rs7195632
chr16	86098125	rs6540269
chr16	86098546	rs8059130
chr16	86098889	rs11647489
chr16	86100059	rs1391233
chr16	86100525	rs9922114
chr16	86100656	rs9922208
chr16	86101570	rs12927443
chr16	86102383	rs7500814
chr16	86103066	rs904205
chr16	86104073	rs11649195
chr16	86104150	rs6540273
chr16	86104684	rs16940461
chr16	86104964	rs11648565
chr16	86106079	rs9923770
chr16	86107798	rs8060654
chr16	86110585	rs12599103
chr16	86111763	rs11643956
chr16	86114281	rs12446545
chr16	86114421	rs12448386
chr16	86115165	rs11649515
chr16	86115508	rs11642376
chr16	86115534	rs7501420
chr16	86115812	rs7498190
chr16	86115902	rs7498212
chr16	86116283	rs12928919
chr16	86118387	rs1497729
chr16	86119510	rs1874697
chr16	86119821	rs4843910
chr16	86120258	rs11649469
chr16	86120372	rs11649507
chr16	86120643	rs9941212
chr16	86121242	rs16944688
chr16	86122358	rs12918889
chr16	86123254	rs4079379
chr16	86124715	rs11117450
chr16	86124968	rs1466805
chr16	86125244	rs1391225
chr16	86125764	rs11648147
chr16	86126993	rs12922367
chr16	86129615	rs11117451
chr16	86133526	rs7499519
chr16	86134541	rs8054806
chr16	86135121	rs12447057
chr16	86135195	rs12447085
chr16	86135239	rs12447091
chr16	86135462	rs2352931
chr16	86135813	rs8056862
chr16	86137674	rs2352930
chr16	86140874	rs11639780
chr16	86142685	rs7191482
chr16	86151166	rs8045972
chr16	86151418	rs6540277
chr16	86151609	rs7187622
chr16	86152032	rs1532472
chr16	86152260	rs904197
chr16	86152305	rs1532471
chr16	86152773	rs735152
chr16	86152806	rs11860820
chr16	86153928	rs2047397
chr16	86154021	rs2352934
chr16	86154405	rs1809844
chr16	86157858	rs1497732
chr16	86158959	rs768080
chr16	86164646	rs17242223
chr16	86165578	rs276984
chr16	86165903	rs2101955
chr16	86167165	rs2352946
chr16	86167320	rs276983
chr16	86167983	rs9933359
chr16	86170764	rs924245
chr16	86171461	rs7188536
chr16	86173767	rs9788836
chr16	86173887	rs11639750
chr16	86179899	rs16940559
chr16	86181836	rs8055144
chr16	86183013	rs11641863
chr16	86185232	rs8061995
chr16	86185445	rs11117464
chr16	86186484	rs12599360
chr16	86187610	rs276990
chr16	86191476	rs276981
chr16	86192847	rs276978
chr16	86194227	rs276976
chr16	86194635	rs276973
chr16	86195440	rs276971
chr16	86198570	rs276968
chr16	86199807	rs2280028
chr16	86200148	rs276966
chr16	86203941	rs4843914
chr16	86204336	rs13333918
chr16	86204565	rs7198827
chr16	86205475	rs12923511
chr16	86210911	rs276949
chr16	86212657	rs276947
chr16	86214171	rs880275
chr16	86214781	rs904201
chr16	86215432	rs2352950
chr16	86215879	rs9938195
chr16	86216192	rs12149292
chr16	86217823	rs7203569
chr16	86218938	rs12447408
chr16	86219058	rs16940625
chr16	86220110	rs904200
chr16	86220445	rs847208
chr16	86222625	rs1621902
chr16	86225430	rs16940641
chr16	86226946	rs1704446
chr16	86227106	rs11648297
chr16	86227115	rs17833133
chr16	86227158	rs1704445
chr16	86228127	rs1693947
chr16	86230442	rs17833272
chr16	86230586	rs1693948
chr16	86231068	rs4843918
chr16	86231188	rs11646468
chr16	86231252	rs11648522
chr16	86232932	rs907051
chr16	86232961	rs1704511
chr16	86239673	rs4600482
chr16	86240097	rs1107845
chr16	86240151	rs907052
chr16	86240869	rs1553077
chr16	86241245	rs4843922
chr16	86242058	rs12149317
chr16	86242103	rs1693955
chr16	86242913	rs11644776
chr16	86242990	rs1693957
chr16	86243124	rs17833838
chr16	86243211	rs17245276
chr16	86243548	rs1704501
chr16	86243564	rs1704500
chr16	86243645	rs12596986
chr16	86243795	rs1704497
chr16	86243835	rs4843359
chr16	86244094	rs1693960
chr16	86245695	rs17245472
chr16	86247931	rs1032596
chr16	86248087	rs11642887
chr16	86248713	rs2352952
chr16	86250291	rs1704494
chr16	86251623	rs1397155
chr16	86253144	rs1704491
chr16	86253935	rs2048323
chr16	86256712	rs16940689
chr16	86256906	rs13333251
chr16	86256966	rs1391231
chr16	86257027	rs1391230
chr16	86257181	rs1704486
chr16	86257210	rs1693977
chr16	86257570	rs17245906
chr16	86258271	rs1704484
chr16	86260209	rs1510205
chr16	86260264	rs1510204
chr16	86268426	rs9926735
chr16	86268466	rs9926742
chr16	86268737	rs2696815
chr16	86270638	rs7205575
chr16	86270655	rs7191751
chr16	86271085	rs2696820
chr16	86271391	rs717482
chr16	86272578	rs4843926
chr16	86273586	rs2581316
chr16	86274769	rs1027912
chr16	86281875	rs7185798
chr16	86282247	rs937998
chr16	86284631	rs931987
chr16	86285243	rs12927739
chr16	86288853	rs987052
chr16	86290111	rs13335682
chr16	86290830	rs13338795
chr16	86291002	rs2696852
chr16	86292248	rs13337856
chr16	86301745	rs7200646
chr16	86303206	rs2696828
chr16	86303304	rs16940783
chr16	86303456	rs16940784
chr16	86304236	rs2665318
chr16	86305508	rs12932862
chr16	86305797	rs12149501
chr16	86305902	rs12149896
chr16	86305963	rs16940787
chr16	86306055	rs11649143
chr16	86306428	rs2665316
chr16	86308664	rs11643020
chr16	86308767	rs2665313
chr16	86309356	rs11640337
chr16	86309586	rs11644464
chr16	86309833	rs2581321
chr16	86310820	rs2581322
chr16	86311692	rs2665311
chr16	86313752	rs2696819
chr16	86314962	rs11644188
chr16	86317712	rs3749527
chr16	86319633	rs2696817
chr16	86320502	rs2259979
chr16	86320999	rs2353686
chr16	86323557	rs8059183
chr16	86323639	rs8059356
chr16	86326186	rs16940835
chr16	86326717	rs2665326
chr16	86327285	rs7203841
chr16	86327665	rs2665322
chr16	86328182	rs2665317
chr16	86328208	rs17176238
chr16	86328874	rs2696829
chr16	86330701	rs12931187
chr16	86331226	rs11642029
chr16	86331365	rs17261567
chr16	86332395	rs2696838
chr16	86332656	rs3098633
chr16	86333038	rs3762872
chr16	86333366	rs2353690
chr16	86333583	rs2289430
chr16	86334993	rs11643741
chr16	86335700	rs3828516
chr16	86335754	rs3762873
chr16	86336044	rs2581296
chr16	86337517	rs16940887
chr16	86338218	rs2581300
chr16	86339724	rs2581303
chr16	86340254	rs2696846
chr16	86341602	rs2696849
chr16	86342608	rs12923579
chr16	86342786	rs16940911
chr16	86343959	rs12598669
chr16	86344138	rs12919400
chr16	86346460	rs1602389
chr16	86348514	rs1687626
chr16	86348726	rs12448818
chr16	86350514	rs1728372
chr16	86350566	rs1728371
chr16	86351331	rs1687625
chr16	86352607	rs1728369
chr16	86352761	rs11642858
chr16	86353282	rs1728367
chr16	86353365	rs5020073
chr16	86353669	rs1490865
chr16	86354120	rs748901
chr16	86354633	rs729306
chr16	86355146	rs16940942
chr16	86355588	rs1687681
chr16	86356274	rs1687679
chr16	86356433	rs1490864
chr16	86356676	rs1728362
chr16	86356800	rs4843931
chr16	86357155	rs1687677
chr16	86357432	rs16940957
chr16	86358456	rs16940959
chr16	86358786	rs1728417
chr16	86358843	rs1728415
chr16	86359258	rs1623214
chr16	86361513	rs8049795
chr16	86362041	rs41362847
chr16	86362650	rs10438600
chr16	86362956	rs41361748
chr16	86364158	rs1687675
chr16	86365028	rs4332763
chr16	86366276	rs10048143
chr16	86366475	rs3111601
chr16	86366786	rs3103632
chr16	86366898	rs3111602
chr16	86367085	rs4843364
chr16	86367584	rs4843933
chr16	86367875	rs16940979
chr16	86368503	rs1687670
chr16	86368534	rs9933998
chr16	86369431	rs17263504
chr16	86370449	rs1532168
chr16	86370598	rs1532167
chr16	86370982	rs7186248
chr16	86371737	rs10863210
chr16	86372699	rs931458
chr16	86373103	rs16941006
chr16	86373617	rs13340902
chr16	86374046	rs1687668
chr16	86374607	rs1728397
chr16	86374736	rs1728396
chr16	86374931	rs16941019
chr16	86374977	rs1687667
chr16	86375790	rs4843365
chr16	86375896	rs16941041
chr16	86376195	rs4843366
chr16	86376498	rs4843938
chr16	86376919	rs1728394
chr16	86377132	rs902552
chr16	86377269	rs11862885
chr16	86378346	rs13334640
chr16	86378904	rs1728393
chr16	86378978	rs7190737
chr16	86380312	rs1687662
chr16	86380372	rs1630641
chr16	86381982	rs17264732
chr16	86383628	rs8054549
chr16	86384284	rs4843367
chr16	86384470	rs4843368
chr16	86384822	rs1728384
chr16	86385910	rs1728380
chr16	86386000	rs12927302
chr16	86387211	rs17180009
chr16	86387264	rs16941094
chr16	86387664	rs11117487
chr16	86387753	rs2178144
chr16	86388478	rs1728406
chr16	86388506	rs1728407
chr16	86388650	rs12923934
chr16	86389080	rs12921058
chr16	86389645	rs12929056
chr16	86391737	rs11865944
chr16	86393160	rs12918243
chr16	86396718	rs12600182
chr16	86397246	rs12447411
chr16	86397291	rs1728402
chr16	86399629	rs1728401
chr16	86400840	rs1728400
chr16	86400947	rs8054124
chr16	86401838	rs8056935
chr16	86402655	rs1728398
chr16	86402737	rs3950627
chr16	86403067	rs1687650
chr16	86403211	rs8060246
chr16	86403419	rs9936950
chr16	86403712	rs9933222
chr16	86403848	rs9933319
chr16	86403874	rs3892943
chr16	86404161	rs8045253
chr16	86404829	rs1687649
chr16	86405768	rs12935509
chr16	86408107	rs3862475
chr16	86408267	rs6540290
chr16	86408438	rs1881219
chr16	86408499	rs8055977
chr16	86410241	rs16941185
chr16	86410426	rs4843945
chr16	86410583	rs16941191
chr16	86410645	rs16941196
chr16	86410917	rs12598581
chr16	86411378	rs8050593
chr16	86412221	rs4843946
chr16	86412305	rs16941207
chr16	86413560	rs17181447
chr16	86413578	rs2103284
chr16	86413722	rs12446923
chr16	86413749	rs12446190
chr16	86413765	rs12448517
chr16	86417216	rs12917932
chr16	86418390	rs1918826
chr16	86418482	rs11866868
chr16	86418760	rs11117492
chr16	86420442	rs16941234
chr16	86422556	rs7196864
chr16	86423027	rs9923190
chr16	86423231	rs7202800
chr16	86423270	rs16941250
chr16	86423732	rs11117495
chr16	86427240	rs8055065
chr16	86427372	rs8063478
chr16	86428261	rs4843374
chr16	86430089	rs2178146
chr16	86430730	rs9929553
chr16	86430963	rs9938060
chr16	86431891	rs4843954
chr16	86431964	rs4843955
chr16	86431984	rs13332095
chr16	86432308	rs1881223
chr16	86433505	rs2353695
chr16	86436476	rs4843376
chr16	86436991	rs11117496
chr16	86439152	rs7186089
chr16	86439680	rs8046475
chr16	86440697	rs1918829
chr16	86441067	rs9931285
chr16	86441293	rs10863213
chr16	86441681	rs10779249
chr16	86444757	rs11117500
chr16	86445090	rs6540293
chr16	86445836	rs6540295
chr16	86447825	rs7204909
chr16	86447845	rs7501170
chr16	86448415	rs12446146
chr16	86449631	rs8060546
chr16	86450860	rs9924288
chr16	86451525	rs11644988
chr16	86451655	rs11645033
chr16	86452162	rs11642177
chr16	86452178	rs12927312
chr16	86452431	rs8051133
chr16	86453207	rs7500162
chr16	86454205	rs8058081
chr16	86454672	rs4843377
chr16	86455795	rs12922134
chr16	86457661	rs8055638
chr16	86458012	rs7184351
chr16	86458190	rs9931550
chr16	86458367	rs9939736
chr16	86459749	rs11117501
chr16	86459812	rs11117502
chr16	86460329	rs4077639
chr16	86461201	rs6540297
chr16	86461804	rs7194188
chr16	86464851	rs4843959
chr16	86465359	rs4843960
chr16	86473828	rs7195989
chr16	86475701	rs7191577
chr16	86475838	rs7199903
chr16	86477605	rs7194404
chr16	86478252	rs7187191
chr16	86478309	rs7187365
chr16	86478618	rs8054409
chr16	86479268	rs1580602
chr16	86479615	rs9652656
chr16	86481504	rs16941330
chr16	86482046	rs16941339
chr16	86483494	rs4843966
chr16	86485650	rs889592
chr16	86486630	rs6540305
chr16	86487048	rs39531
chr16	86487181	rs11643283
chr16	86487688	rs16941351
chr16	86487711	rs9923313
chr16	86488831	rs9926237
chr16	86488882	rs7204236
chr16	86489267	rs39528
chr16	86490121	rs39526
chr16	86490477	rs43140
chr16	86490553	rs1490862
chr16	86490601	rs39525
chr16	86491454	rs40252
chr16	86491606	rs40251
chr16	86491872	rs2306967
chr16	86492084	rs1169633
chr16	86495105	rs39520
chr16	86495174	rs12444356
chr16	86495854	rs11117507
chr16	86496189	rs8063868
chr16	86498426	rs39536
chr16	86502506	rs1169643
chr16	86503426	rs1169644
chr16	86504307	rs1169647
chr16	86506453	rs7187428
chr16	86509239	rs3812976
chr16	86512539	rs3751806
chr16	86513281	rs7185244
chr16	86513890	rs11860845
chr16	86516378	rs8057218
chr16	86518176	rs4843975
chr16	86519041	rs2113236
chr16	86519107	rs16941403
chr16	86520418	rs6540308
chr16	86520455	rs4843383
chr16	86521114	rs4843385
chr16	86521977	rs6539951
chr16	86522074	rs7204028
chr16	86522135	rs7185813
chr16	86523978	rs9935567
chr16	86524407	rs11644422
chr16	86524928	rs8059599
chr16	86526036	rs16964183
chr16	86527996	rs9940025
chr16	86528307	rs7204206
chr16	86530288	rs8776
chr16	86530758	rs1046990
chr16	86531065	rs1046200
chr16	86531880	rs3829536
chr16	86532436	rs3751800
chr16	86535218	rs4843390
chr16	86539875	rs8054138
chr16	86542131	rs3829533
chr16	86542867	rs7202317
chr16	86545681	rs11643012
chr16	86547285	rs2303229
chr16	86547585	rs8047645
chr16	86547760	rs2059258
chr16	86547792	rs2247089
chr16	86552299	rs8046613
chr16	86554498	rs11648298
chr16	86555387	rs3751796
chr16	86556474	rs918727
chr16	86556824	rs7189970
chr16	86560572	rs11646450
chr16	86564438	rs7206713
chr16	86566824	rs34221221
chr16	86569101	rs1035550
chr16	86571435	rs4843165
chr16	86575003	rs7199466
chr16	86575180	rs7204395
chr16	86575450	rs4843398
chr16	86575696	rs7199751
chr16	86575760	rs7199787
chr16	86577785	rs34152738
chr16	86581663	rs4843173
chr16	86582227	rs3812980
chr16	86583032	rs7194142
chr16	86584189	rs4843400
chr16	86585024	rs8043719
chr16	86585120	rs8062421
chr16	86585741	rs7185213
chr16	86585799	rs2042392
chr16	86586585	rs7189414
chr16	86588830	rs16941554
chr16	86589033	rs9922435
chr16	86590175	rs16941558
chr16	86591257	rs4843404
chr16	86591449	rs4843405
chr16	86593836	rs1424018
chr16	86594777	rs16941577
chr16	86594817	rs8043893
chr16	86595520	rs4843175
chr16	86595535	rs4843176
chr16	86595770	rs4843177
chr16	86597260	rs12448905
chr16	86598687	rs889598
chr16	86598703	rs2068142
chr16	86602994	rs594009
chr16	86603207	rs16941627
chr16	86604937	rs11641616
chr16	86605343	rs12600123
chr16	86606499	rs16941642
chr16	86606743	rs2354024
chr16	86607229	rs12711459
chr16	86607416	rs2120692
chr16	86611267	rs429312
chr16	86612058	rs16941647
chr16	86612174	rs1992623
chr16	86612412	rs12924681
chr16	86614076	rs1169581
chr16	86615402	rs301621
chr16	86615937	rs16941654
chr16	86616876	rs301624
chr16	86618592	rs410170
chr16	86619152	rs13334853
chr16	86620332	rs301630
chr16	86620868	rs301631
chr16	86627032	rs1992622
chr16	86628704	rs1109813
chr16	86629283	rs889597
chr16	86630328	rs12051337
chr16	86631853	rs12325417
chr16	86631993	rs13335672
chr16	86632215	rs7191473
chr16	86632697	rs9925302
chr16	86633582	rs7350878
chr16	86633803	rs2354025
chr16	86634561	rs7184282
chr16	86635846	rs9888812
chr16	86636457	rs2161685
chr16	86636908	rs11647213
chr16	86638105	rs16935
chr16	86639335	rs9674202
chr16	86639496	rs16941745
chr16	86639695	rs7194028
chr16	86639948	rs7193748
chr16	86640130	rs7197219
chr16	86642636	rs1559451
chr16	86642744	rs16941783
chr16	86643318	rs2113234
chr16	86643691	rs12918407
chr16	86645269	rs300029
chr16	86645888	rs7196854
chr16	86646770	rs16941798
chr16	86646859	rs1562108
chr16	86647052	rs12600217
chr16	86647425	rs1867485
chr16	86647549	rs1867486
chr16	86647597	rs7186438
chr16	86648060	rs4843413
chr16	86648220	rs4843415
chr16	86649772	rs6539956
chr16	86650526	rs7205620
chr16	86650656	rs7205830
chr16	86652350	rs7206844
chr16	86652581	rs8045270
chr16	86654228	rs300035
chr16	86655370	rs300039
chr16	86657943	rs428030
chr16	86658682	rs1663539
chr16	86659345	rs16941822
chr16	86660704	rs299937
chr16	86661371	rs414347
chr16	86661979	rs299942
chr16	86663088	rs299944
chr16	86663402	rs7199483
chr16	86665417	rs12922111
chr16	86665580	rs299946
chr16	86665590	rs12444333
chr16	86666079	rs299947
chr16	86666424	rs899244
chr16	86668455	rs372197
chr16	86668552	rs7186373
chr16	86668825	rs12443866
chr16	86669162	rs12928518
chr16	86670425	rs16941846
chr16	86670790	rs11866010
chr16	86674163	rs7188801
chr16	86675135	rs388466
chr16	86675308	rs16941856
chr16	86677054	rs10048146
chr16	86677677	rs424677
chr16	86677724	rs434772
chr16	86680112	rs439485
chr16	86680599	rs387953
chr16	86682835	rs509071
chr16	86682936	rs12919475
chr16	86683648	rs8051014
chr16	86685151	rs12919935
chr16	86689811	rs4843178
chr16	86691699	rs1562109
chr16	86692195	rs1019574
chr16	86692295	rs16941866
chr16	86692400	rs9888814
chr16	86692428	rs16941867
chr16	86693332	rs7199100
chr16	86693693	rs11866031
chr16	86694410	rs16941875
chr16	86695495	rs7189606
chr16	86696007	rs8050174
chr16	86696087	rs8052487
chr16	86696293	rs17212347
chr16	86696871	rs11861371
chr16	86699172	rs11865476
chr16	86699915	rs12929537
chr16	86700641	rs16941895
chr16	86700867	rs299948
chr16	86701159	rs12925157
chr16	86701967	rs6539960
chr16	86703673	rs6539961
chr16	86704856	rs16941900
chr16	86706241	rs16941905
chr16	86706351	rs11117202
chr16	86706369	rs11117203
chr16	86706734	rs8046054
chr16	86706805	rs11643948
chr16	86707334	rs16941913
chr16	86707384	rs16941916
chr16	86707394	rs7185638
chr16	86708513	rs4843424
chr16	86708617	rs4843425
chr16	86709158	rs8062605
chr16	86709226	rs8057638
chr16	86709815	rs4843426
chr16	86710783	rs11117205
chr16	86711712	rs7405134
chr16	86711970	rs300008
chr16	86713212	rs9924445
chr16	86713225	rs169943
chr16	86713439	rs300005
chr16	86713778	rs300004
chr16	86714650	rs299998
chr16	86716941	rs9888784
chr16	86717190	rs4843428
chr16	86717589	rs299995
chr16	86717767	rs7195834
chr16	86719464	rs4843180
chr16	86722781	rs299982
chr16	86725554	rs1562110
chr16	86725719	rs6539967
chr16	86726318	rs6539968
chr16	86728093	rs299977
chr16	86729596	rs10514618
chr16	86730106	rs10514619
chr16	86730412	rs16942004
chr16	86731965	rs386234
chr16	86732519	rs533495
chr16	86732973	rs384962
chr16	86733280	rs447205
chr16	86733660	rs440479
chr16	86735693	rs425396
chr16	86736221	rs8057453
chr16	86736303	rs8053158
chr16	86736575	rs17215214
chr16	86737318	rs9930745
chr16	86737417	rs9937968
chr16	86737495	rs9930902
chr16	86737831	rs4843437
chr16	86738190	rs4843439
chr16	86739157	rs16942024
chr16	86740718	rs373476
chr16	86741082	rs1899881
chr16	86741618	rs403702
chr16	86741888	rs450260
chr16	86747891	rs2059285
chr16	86748127	rs2053638
chr16	86748986	rs733753
chr16	86750040	rs7405302
chr16	86752212	rs11640511
chr16	86753109	rs7190003
chr16	86753319	rs11642036
chr16	86754729	rs7499944
chr16	86754870	rs299924
chr16	86755101	rs16942075
chr16	86755202	rs299923
chr16	86757390	rs8052199
chr16	86759545	rs299955
chr16	86761025	rs7190597
chr16	86762489	rs931076
chr16	86762713	rs12596565
chr16	86763009	rs299958
chr16	86766068	rs9933247
chr16	86766248	rs1444432
chr16	86767438	rs9938484
chr16	86769274	rs16942100
chr16	86769430	rs299964
chr16	86770075	rs299965
chr16	86770304	rs9937146
chr16	86771093	rs299966
chr16	86771241	rs299967
chr16	86771292	rs8051358
chr16	86772755	rs299969
chr16	86773388	rs299970
chr16	86773596	rs12920926
chr16	86773706	rs28651254
chr16	86774069	rs2194345
chr16	86774100	rs299973
chr16	86774571	rs7404177
chr16	86774628	rs182461
chr16	86775677	rs8054640
chr16	86776737	rs7403863
chr16	86778122	rs7359389
chr16	86781140	rs4843457
chr16	86783634	rs10863168
chr16	86784666	rs2216773
chr16	86785000	rs1862845
chr16	86786331	rs6539972
chr16	86786730	rs8046759
chr16	86786964	rs16942135
chr16	86788742	rs7199746
chr16	86789880	rs7498878
chr16	86791556	rs11645938
chr16	86791866	rs4843460
chr16	86792357	rs11640979
chr16	86793733	rs13337840
chr16	86793748	rs13332708
chr16	86793922	rs8055182
chr16	86794552	rs2059287
chr16	86796742	rs4843462
chr16	86796879	rs7404610
chr16	86796924	rs7404980
chr16	86799077	rs9922959
chr16	86800069	rs16942225
chr16	86804829	rs9922728
chr16	86805727	rs7201046
chr16	86806305	rs13333425
chr16	86807713	rs8044960
chr16	86808126	rs11645771
chr16	86808510	rs4843465
chr16	86811415	rs4843466
chr16	86817296	rs7190924
chr16	86817519	rs13331619
chr16	86821098	rs3922878
chr16	86824335	rs9935731
chr16	86833591	rs7499889
chr16	86833789	rs9926438
chr16	86839466	rs6539983
chr16	86842769	rs9937050
chr16	86848622	rs7498805
chr16	86850214	rs4843467
chr16	86851936	rs11117220
chr16	86857116	rs11117224
chr16	86857134	rs11640888
chr16	86863065	rs4843470
chr16	86863120	rs4843471
chr16	86865959	rs4843473
chr16	86868978	rs4843474
chr16	86869033	rs4843475
chr16	86870395	rs4843477
chr16	86870529	rs13380717
chr16	86875998	rs4240780
chr16	86876294	rs12325533
chr16	86876588	rs11642990
chr16	86876786	rs4843189
chr16	86881136	rs4335778
chr16	86883897	rs4843479
chr16	86886575	rs4843194
chr16	86890640	rs9932721
chr16	86892083	rs9935451
chr16	86892839	rs11647070
chr16	86894802	rs3934493
chr16	86894829	rs3934494
chr16	86895676	rs4075601
chr16	86895696	rs4075602
chr16	86895723	rs7186606
chr16	86895871	rs4076155
chr16	86897089	rs4072137
chr16	86899003	rs8062104
chr16	86902203	rs11642315
chr16	86909755	rs4077676
chr16	86911294	rs4075391
chr16	86912157	rs4074970
chr16	86918429	rs4640189
chr16	86918621	rs9937401
chr16	86920879	rs4372696
chr16	86922698	rs8045065
chr16	86925270	rs6539984
chr16	86926073	rs4488453
chr16	86930430	rs8043658
chr16	86935604	rs6539986
chr16	86935986	rs12598069
chr16	86937389	rs12447754
chr16	86937471	rs7499881
chr16	86938577	rs7203386
chr16	86939095	rs11859321
chr16	86939862	rs8045410
chr16	86940810	rs4843484
chr16	86942827	rs13337137
chr16	86943608	rs4240783
chr16	86947926	rs7205063
chr16	86947967	rs7205083
chr16	86948003	rs7205247
chr16	86949034	rs7404179
chr16	86950667	rs11863071
chr16	86953338	rs11644894
chr16	86955742	rs11647668
chr16	86956140	rs6539988
chr16	86957013	rs11649573
chr16	86957247	rs4843490
chr16	86958108	rs11647106
chr16	86958640	rs4240784
chr16	86958930	rs4264397
chr16	86959030	rs4467084
chr16	86960017	rs7202909
chr16	86965982	rs4077868
chr16	86966866	rs4843492
chr16	86967147	rs7196400
chr16	86967345	rs11643420
chr16	86967482	rs9926799
chr16	86967496	rs9936705
chr16	86973059	rs12149690
chr16	86973376	rs7201567
chr16	86975936	rs8051419
chr16	86978702	rs4843497
chr16	86987921	rs4072201
chr16	86993453	rs12925527
chr16	86993749	rs7194455
chr16	86994707	rs4321203
chr16	86995202	rs8063188
chr16	86997450	rs8054493
chr16	87001106	rs9932544
chr16	87001635	rs9932385
chr16	87002754	rs9935976
chr16	87003122	rs8058192
chr16	87006901	rs12927908
chr16	87008612	rs3849238
chr16	87009102	rs12447368
chr16	87010216	rs3849236
chr16	87010268	rs12934703
chr16	87010385	rs3849235
chr16	87011024	rs2313582
chr16	87011896	rs12444869
chr16	87011932	rs12445035
chr16	87012317	rs12445562
chr16	87012406	rs7201815
chr16	87013762	rs4280247
chr16	87014952	rs8051603
chr16	87015236	rs8054887
chr16	87015449	rs8056525
chr16	87017029	rs12149939
chr16	87017436	rs16942488
chr16	87018092	rs13331665
chr16	87018158	rs11648116
chr16	87019651	rs11862201
chr16	87020123	rs4570855
chr16	87020831	rs17290774
chr16	87023440	rs4843507
chr16	87025260	rs12445782
chr16	87025454	rs7202450
chr16	87025789	rs9806862
chr16	87025891	rs8054722
chr16	87026128	rs4843511
chr16	87026591	rs8062019
chr16	87028599	rs13331527
chr16	87029454	rs8063008
chr16	87029768	rs12445424
chr16	87032213	rs3931030
chr16	87032894	rs7191560
chr16	87033538	rs4843513
chr16	87035028	rs3860272
chr16	87035588	rs17769799
chr16	87035780	rs3860270
chr16	87036377	rs3901356
chr16	87039179	rs1011135
chr16	87039944	rs1364075
chr16	87040029	rs721544
chr16	87042459	rs4066743
chr16	87043693	rs11647733
chr16	87045396	rs6539999
chr16	87047584	rs3849233
chr16	87051095	rs11117242
chr16	87051360	rs11641297
chr16	87051461	rs11117243
chr16	87051631	rs4496150
chr16	87051691	rs1345118
chr16	87051760	rs1965172
chr16	87051788	rs1345117
chr16	87052172	rs16942600
chr16	87054570	rs895420
chr16	87054737	rs7190783
chr16	87056236	rs11648470
chr16	87058133	rs7193281
chr16	87058261	rs12711471
chr16	87058780	rs3901645
chr16	87060515	rs17697391
chr16	87061629	rs12598171
chr16	87062319	rs11864249
chr16	87062971	rs11646219
chr16	87064273	rs11642216
chr16	87064877	rs12928295
chr16	87065387	rs16942616
chr16	87066518	rs7186684
chr16	87066700	rs3829486
chr16	87067140	rs4081747
chr16	87067219	rs17770116
chr16	87067579	rs745289
chr16	87069638	rs9931767
chr16	87072293	rs17836147
chr16	87072517	rs16942624
chr16	87073514	rs9937239
chr16	87076865	rs4843516
chr16	87078024	rs12933233
chr16	87079049	rs3849258
chr16	87081681	rs6540003
chr16	87082174	rs1423767
chr16	87083004	rs17770241
chr16	87085996	rs1423759
chr16	87087391	rs11640025
chr16	87088019	rs9935239
chr16	87088821	rs8057446
chr16	87090788	rs3849253
chr16	87094185	rs11647651
chr16	87096956	rs12444167
chr16	87102347	rs8051472
chr16	87102666	rs16942679
chr16	87104663	rs7205553
chr16	87106555	rs9925399
chr16	87107418	rs17697632
chr16	87108049	rs3849248
chr16	87108560	rs3849247
chr16	87109331	rs17770299
chr16	87111539	rs9937888
chr16	87114244	rs3909500
chr16	87114848	rs6540007
chr16	87117838	rs4843529
chr16	87117889	rs12596162
chr16	87117908	rs4843530
chr16	87119529	rs11642637
chr16	87120198	rs3849242
chr16	87123573	rs12934954
chr16	87125363	rs17836209
chr16	87125631	rs17780401
chr16	87126360	rs745700
chr16	87126875	rs2076962
chr16	87127348	rs7342713
chr16	87135435	rs12448778
chr16	87135741	rs889431
chr16	87139019	rs4843534
chr16	87141447	rs11644576
chr16	87142030	rs8064075
chr16	87144036	rs12447972
chr16	87144156	rs4843535
chr16	87145697	rs1562283
chr16	87146472	rs8052172
chr16	87146782	rs4843538
chr16	87147347	rs8057850
chr16	87147498	rs12929401
chr16	87148335	rs6540013
chr16	87148490	rs12597955
chr16	87150451	rs12051158
chr16	87150489	rs12051384
chr16	87150712	rs8056012
chr16	87154326	rs7498794
chr16	87154500	rs8052505
chr16	87154600	rs9635564
chr16	87156472	rs9928856
chr16	87157318	rs12598263
chr16	87157402	rs7499017
chr16	87157560	rs4505331
chr16	87159478	rs8061121
chr16	87160588	rs11117255
chr16	87161962	rs2003990
chr16	87165432	rs8044338
chr16	87166429	rs4843542
chr16	87168122	rs1465452
chr16	87172799	rs4843543
chr16	87172856	rs12445088
chr16	87180423	rs4843223
chr16	87185820	rs8058772
chr16	87186614	rs9888933
chr16	87190526	rs12711472
chr16	87191825	rs4843559
chr16	87191867	rs4843558
chr16	87195829	rs6540016
chr16	87196133	rs7185688
chr16	87198777	rs4843554
chr16	87204257	rs4843549
chr16	87206542	rs4843547
chr16	87207626	rs9940765
chr16	87212125	rs1108048
chr16	87214279	rs4843568
chr16	87215357	rs4843230
chr16	87215517	rs4843573
chr16	87215699	rs10863183
chr16	87216413	rs1110339
chr16	87216621	rs1110338
chr16	87224214	rs12919133
chr16	87224482	rs11640181
chr16	87226193	rs11643993
chr16	87226333	rs12599613
chr16	87228232	rs11646937
chr16	87228625	rs7195221
chr16	87228925	rs4843577
chr16	87230779	rs4843578
chr16	87232639	rs9940109
chr16	87232716	rs9932489
chr16	87235274	rs11643030
chr16	87235438	rs11117263
chr16	87236238	rs4078491
chr16	87236709	rs13331012
chr16	87236872	rs9921675
chr16	87245043	rs6540020
chr16	87247419	rs13332445
chr16	87250571	rs7200205
chr16	87251355	rs13335964
chr16	87252583	rs17780630
chr16	87253611	rs11643650
chr16	87254822	rs10220973
chr16	87255411	rs3748391
chr16	87257843	rs12934213
chr16	87259347	rs7193979
chr16	87263784	rs12919692
chr16	87265726	rs2059883
chr16	87266279	rs1864145
chr16	87267354	rs17770752
chr16	87267869	rs7191680
chr16	87267931	rs7196665
chr16	87270229	rs4843233
chr16	87271463	rs7203346
chr16	87271623	rs11649456
chr16	87272064	rs2303762
chr16	87276341	rs13330947
chr16	87276642	rs11640894
chr16	87278214	rs6540029
chr16	87279998	rs7498934
chr16	87281070	rs4625729
chr16	87282723	rs4530144
chr16	87284629	rs6540031
chr16	87285490	rs8050099
chr16	87285822	rs2042394
chr16	87286332	rs17698249
chr16	87286673	rs4843585
chr16	87286826	rs4843586
chr16	87287230	rs7204899
chr16	87292123	rs17770933
chr16	87292306	rs3762179
chr16	87292339	rs929874
chr16	87292507	rs3762182
chr16	87292808	rs12446141
chr16	87294991	rs17770965
chr16	87296978	rs11644406
chr16	87298927	rs2318445
chr16	87299013	rs11642678
chr16	87302820	rs1862788
chr16	87303232	rs2278268
chr16	87303332	rs1978490
chr16	87303937	rs889608
chr16	87306781	rs1974880
chr16	87315727	rs6540037
chr16	87315927	rs2277850
chr16	87316193	rs11117265
chr16	87317167	rs3748393
chr16	87319822	rs7201522
chr16	87322271	rs7192413
chr16	87322528	rs4843593
chr16	87323438	rs8057321
chr16	87324304	rs12918175
chr16	87326042	rs3815947
chr16	87326281	rs3815948
chr16	87326599	rs11117266
chr16	87326909	rs11642774
chr16	87327021	rs3748395
chr16	87327143	rs3748396
chr16	87327787	rs2278270
chr16	87330772	rs17771103
chr16	87330784	rs8063861
chr16	87331044	rs1062746
chr16	87333164	rs11649550
chr16	87335972	rs10514621
chr16	87338146	rs9308347
chr16	87342999	rs2303763
chr16	87348564	rs1971728
chr16	87350032	rs4843598
chr16	87350103	rs4843599
chr16	87355350	rs4240793
chr16	87355395	rs11646004
chr16	87356549	rs4843238
chr16	87360780	rs1834022
chr16	87363682	rs745280
chr16	87364254	rs2278274
chr16	87364549	rs9937099
chr16	87368527	rs873222
chr16	87375660	rs11645617
chr16	87375682	rs11649260
chr16	87381644	rs933717
chr16	87387163	rs750956
chr16	87391048	rs8059571
chr16	87393061	rs980304
chr16	87396633	rs7204722
chr16	87400519	rs9308349
chr16	87402857	rs8051218
chr16	87403501	rs9903
chr16	87405563	rs1816113
chr16	87407289	rs1050863
chr16	87407442	rs2241617
chr16	87410128	rs1050847
chr16	87411664	rs3748399
chr16	87412233	rs3748400
chr16	87412447	rs2042395
chr16	87412762	rs2241615
chr16	87413422	rs4843608
chr16	87421286	rs8043551
chr16	87421777	rs7191969
chr16	87428363	rs9646303
chr16	87436277	rs12931123
chr16	87438267	rs9927125
chr16	87441816	rs9921147
chr16	87445733	rs4843612
chr16	87447426	rs12925472
chr16	87447822	rs6540049
chr16	87449515	rs11644573
chr16	87450232	rs11117273
chr16	87456092	rs4843613
chr16	87457213	rs13334632
chr16	87458221	rs4075226
chr16	87458843	rs8050237
chr16	87459124	rs8048546
chr16	87460131	rs11648852
chr16	87461252	rs7192628
chr16	87466604	rs11866519
chr16	87468130	rs8055777
chr16	87469209	rs9936994
chr16	87471392	rs4843615
chr16	87473883	rs8049198
chr16	87474001	rs8051279
chr16	87484736	rs7205226
chr16	87485469	rs10221075
chr16	87493517	rs11117278
chr16	87494013	rs7205530
chr16	87507474	rs8057267
chr16	87517042	rs11117280
chr16	87522482	rs11645728
chr16	87524015	rs11641868
chr16	87526034	rs12598343
chr16	87528447	rs6540057
chr16	87528710	rs9939851
chr16	87530453	rs2334201
chr16	87531318	rs2334202
chr16	87531358	rs13335533
chr16	87534595	rs4483849
chr16	87537245	rs9922687
chr16	87537555	rs11117283
chr16	87538674	rs16943016
chr16	87539182	rs3893298
chr16	87540280	rs8059654
chr16	87540674	rs12932271
chr16	87541726	rs12445022
chr16	87542077	rs11862395
chr16	87542523	rs9929116
chr16	87543915	rs12920915
chr16	87546264	rs4081947
chr16	87546531	rs12449276
chr16	87547223	rs17699241
chr16	87547249	rs12444224
chr16	87547592	rs2334207
chr16	87549588	rs4843627
chr16	87550707	rs4843628
chr16	87551142	rs9939461
chr16	87551930	rs9933045
chr16	87555584	rs2334208
chr16	87559574	rs3896608
chr16	87559993	rs4843630
chr16	87561554	rs8053559
chr16	87563024	rs17772016
chr16	87565644	rs8056477
chr16	87568272	rs2562070
chr16	87570039	rs3909525
chr16	87571777	rs17772034
chr16	87573215	rs864837
chr16	87575964	rs17699397
chr16	87576413	rs825579
chr16	87576612	rs4843632
chr16	87578361	rs8059726
chr16	87578426	rs13332425
chr16	87580688	rs17781628
chr16	87580919	rs16943059
chr16	87582961	rs12596186
chr16	87589874	rs2544635
chr16	87591181	rs9932611
chr16	87592609	rs6540063
chr16	87594178	rs11646068
chr16	87601011	rs2573116
chr16	87601702	rs2434850
chr16	87608306	rs1864150
chr16	87608467	rs1864152
chr16	87610338	rs13330325
chr16	87610901	rs2562061
chr16	87612172	rs1864154
chr16	87613830	rs2544628
chr16	87614591	rs2544630
chr16	87619372	rs9933014
chr16	87621584	rs11862609
chr16	87621890	rs1075969
chr16	87622609	rs934580
chr16	87623888	rs12444562
chr16	87624492	rs3860288
chr16	87626055	rs17772159
chr16	87629042	rs3909284
chr16	87629140	rs3909282
chr16	87629577	rs3849257
chr16	87629711	rs8045991
chr16	87633991	rs16943093
chr16	87634973	rs7195405
chr16	87635801	rs825588
chr16	87636345	rs12596982
chr16	87637262	rs7203383
chr16	87638887	rs4843643
chr16	87644538	rs918368
chr16	87644559	rs3751725
chr16	87644643	rs9934222
chr16	87644907	rs8051490
chr16	87646548	rs11117291
chr16	87649198	rs888647
chr16	87649346	rs1541646
chr16	87649880	rs4843650
chr16	87649890	rs4843651
chr16	87650342	rs1991506
chr16	87653129	rs1077700
chr16	87653610	rs1110604
chr16	87653711	rs1110603
chr16	87654008	rs9940076
chr16	87654318	rs4843654
chr16	87654333	rs12445248
chr16	87654918	rs7200927
chr16	87654962	rs7203610
chr16	87655029	rs9929765
chr16	87655730	rs9923325
chr16	87657277	rs4843661
chr16	87662003	rs4843664
chr16	87662384	rs3812974
chr16	87662666	rs2019698
chr16	87669064	rs1609432
chr16	87672008	rs4843668
chr16	87676327	rs4843669
chr16	87678760	rs888652
chr16	87679428	rs4843257
chr16	87679793	rs9939380
chr16	87680240	rs8043874
chr16	87680678	rs12444352
chr16	87681016	rs9929191
chr16	87681726	rs8045429
chr16	87685090	rs1366521
chr16	87688085	rs17836505
chr16	87691942	rs33932171
chr16	87692940	rs8056235
chr16	87693792	rs4843676
chr16	87694131	rs3812970
chr16	87698272	rs1129212
chr16	87698871	rs3751726
chr16	87701428	rs7193593
chr16	87701921	rs7199037
chr16	87705252	rs12445306
chr16	87705282	rs12447897
chr16	87705481	rs12445361
chr16	87707039	rs28464708
chr16	87708056	rs2290019
chr16	87708486	rs2290018
chr16	87712392	rs3794671
chr16	87714942	rs12933937
chr16	87715835	rs4843259
chr16	87716028	rs9933061
chr16	87717580	rs8054180
chr16	87717704	rs8059567
chr16	87720932	rs1014628
chr16	87721786	rs7184429
chr16	87722441	rs6540074
chr16	87723197	rs12447885
chr16	87723252	rs12447906
chr16	87727208	rs2012475
chr16	87731551	rs4843689
chr16	87734558	rs1599802
chr16	87734711	rs1599801
chr16	87736098	rs1599799
chr16	87736282	rs1984981
chr16	87736345	rs1984980
chr16	87742607	rs12597271
chr16	87742944	rs17699720
chr16	87743983	rs4843693
chr16	87745781	rs7195501
chr16	87748652	rs16943239
chr16	87749777	rs9927977
chr16	87749984	rs9940714
chr16	87750777	rs4354949
chr16	87752637	rs12918318
chr16	87755230	rs17699859
chr16	87755258	rs2303771
chr16	87755885	rs12446119
chr16	87758786	rs4417557
chr16	87766864	rs4843267
chr16	87767352	rs4843268
chr16	87768705	rs4843269
chr16	87772616	rs7198382
chr16	87773375	rs8063363
chr16	87773589	rs11863005
chr16	87775091	rs9936204
chr16	87782986	rs8047611
chr16	87784963	rs6540080
chr16	87801337	rs7192741
chr16	87802298	rs8062261
chr16	87808535	rs6540082
chr16	87808912	rs7193972
chr16	87809308	rs7199224
chr16	87813314	rs17782215
chr16	87815297	rs9921866
chr16	87816193	rs12598264
chr16	87818566	rs7200184
chr16	87819369	rs6540085
chr16	87820123	rs1124611
chr16	87820731	rs12598848
chr16	87820804	rs4843707
chr16	87822489	rs1007631
chr16	87823989	rs7200117
chr16	87827068	rs6540091
chr16	87828401	rs4329925
chr16	87828422	rs4283235
chr16	87828654	rs4411504
chr16	87828800	rs12929670
chr16	87828985	rs12919840
chr16	87829070	rs5014372
chr16	87829112	rs5014370
chr16	87829661	rs4419070
chr16	87829894	rs8063871
chr16	87830468	rs11117303
chr16	87834266	rs747578
chr16	87834921	rs3889228
chr16	87836034	rs16943315
chr16	87836773	rs16943320
chr16	87837067	rs2270352
chr16	87837490	rs12448415
chr16	87837658	rs9938601
chr16	87838108	rs2287121
chr16	87839526	rs2302667
chr16	87839641	rs750950
chr16	87840534	rs11865049
chr16	87840730	rs4843714
chr16	87844559	rs4843717
chr16	87844613	rs11117305
chr16	87844870	rs4843718
chr16	87844964	rs8050771
chr16	87845102	rs8052746
chr16	87845216	rs8051149
chr16	87845916	rs997761
chr16	87847063	rs9941150
chr16	87847096	rs7206431
chr16	87848518	rs876985
chr16	87849089	rs4843719
chr16	87849483	rs9926829
chr16	87850115	rs6540092
chr16	87850941	rs731710
chr16	87854200	rs7193392
chr16	87854482	rs12926738
chr16	87858665	rs4465613
chr16	87866383	rs8056548
chr16	87874699	rs9673280
chr16	87874795	rs9673909
chr16	87886669	rs4843274
chr16	87888557	rs7198286
chr16	87891654	rs11859896
chr16	87892206	rs7189932
chr16	87897675	rs8058389
chr16	87907414	rs4843276
chr16	87911850	rs12930284
chr16	87913943	rs7199554
chr16	87914409	rs12926841
chr16	87914889	rs4843737
chr16	87915248	rs7500566
chr16	87917296	rs3922728
chr16	87918879	rs3885672
chr16	87919468	rs12711482
chr16	87921246	rs6540110
chr16	87922390	rs4075720
chr16	87922506	rs4843739
chr16	87923728	rs7498733
chr16	87923852	rs7499404
chr16	87925146	rs11117309
chr16	87930109	rs11863558
chr16	87931768	rs6540112
chr16	87932222	rs6540113
chr16	87934015	rs8058774
chr16	87935187	rs6540114
chr16	87941359	rs6540117
chr16	87944352	rs8043687
chr16	87945556	rs11646115
chr16	87945654	rs11642653
chr16	87946461	rs11117312
chr16	87948178	rs9922264
chr16	87950991	rs4312309
chr16	87952530	rs7186168
chr16	87953818	rs6540120
chr16	87954834	rs7194067
chr16	87954838	rs4843745
chr16	87956129	rs11643960
chr16	87957445	rs4843747
chr16	87957755	rs6540122
chr16	87959323	rs4843748
chr16	87961573	rs7205205
chr16	87961594	rs12934497
chr16	87961904	rs7205819
chr16	87962269	rs4843749
chr16	87962650	rs6540127
chr16	87962849	rs7498885
chr16	87963071	rs7499535
chr16	87963750	rs8053441
chr16	87963968	rs4843282
chr16	87964706	rs7201269
chr16	87965081	rs11866841
chr16	87965965	rs4843285
chr16	87966162	rs4843288
chr16	87966290	rs4843289
chr16	87968992	rs11117324
chr16	87969489	rs4843750
chr16	87969878	rs4843756
chr16	87971561	rs11647008
chr16	87973339	rs4078507
chr16	87974707	rs11117333
chr16	87974817	rs11117334
chr16	87979779	rs4843291
chr16	87982110	rs8060771
chr16	87983157	rs12918162
chr16	87986057	rs12934520
chr16	87990401	rs7191581
chr16	87994524	rs4843773
chr16	87996749	rs11640820
chr16	88001750	rs4843294
chr16	88005544	rs7500034
chr16	88005841	rs11641548
chr16	88017047	rs6540149
chr16	88017955	rs9936008
chr16	88018555	rs7499814
chr16	88023400	rs11117349
chr16	88027970	rs9935318
chr16	88038822	rs11859226
chr16	88040927	rs8045521
chr16	88043711	rs4843779
chr16	88044618	rs9921315
chr16	88045311	rs6540159
chr16	88045538	rs11641065
chr16	88048345	rs7403882
chr16	88052241	rs7405014
chr16	88055866	rs8061761
chr16	88056325	rs4075362
chr16	88056562	rs9930033
chr16	88056720	rs7501226
chr16	88058486	rs11117354
chr16	88058672	rs4843783
chr16	88059924	rs11117356
chr16	88065651	rs13339091
chr16	88066715	rs4843785
chr16	88067637	rs4843787
chr16	88071350	rs7498497
chr16	88072119	rs8050209
chr16	88073503	rs4843789
chr16	88075621	rs12927165
chr16	88078628	rs11639805
chr16	88082524	rs4843792
chr16	88082953	rs7501378
chr16	88083424	rs11117362
chr16	88086065	rs4076163
chr16	88094079	rs6540170
chr16	88098593	rs11117364
chr16	88103062	rs4843301
chr16	88107724	rs28548390
chr16	88116505	rs9929165
chr16	88120620	rs9921112
chr16	88121038	rs9924813
chr16	88123685	rs7206177
chr16	88123777	rs9940475
chr16	88127810	rs8046487
chr16	88129004	rs4843807
chr16	88137757	rs4843811
chr16	88142474	rs4843813
chr16	88152305	rs9937096
chr16	88164672	rs6540190
chr16	88177402	rs6540191
chr16	88180188	rs7196712
chr16	88183286	rs9940496
chr16	88191452	rs12597413
chr16	88196619	rs8051233
chr16	88207774	rs12931856
chr16	88221948	rs9926682
chr16	88224437	rs13336561
chr16	88229006	rs11864961
chr16	88240673	rs7404147
chr16	88243030	rs7405008
chr16	88249202	rs9923004
chr16	88250097	rs12925118
chr16	88252626	rs5021061
chr16	88264518	rs12447690
chr16	88265885	rs7500824
chr16	88266823	rs4352077
chr16	88269154	rs11117398
chr16	88270678	rs6540215
chr16	88274219	rs7405095
chr16	88287607	rs7184400
chr16	88287830	rs6540223
chr16	88296907	rs12448211
chr16	88298034	rs9938149
chr16	88300506	rs9922572
chr16	88304501	rs9925231
chr16	88310911	rs7204132
chr16	88313103	rs9927272
chr16	88315328	rs7198017
chr16	88319694	rs12596677
chr16	88321646	rs4072556
chr16	88322821	rs12597574
chr16	88324621	rs6603052
chr16	88330877	rs7500421
chr16	88337061	rs9930225
chr16	88341547	rs12919693
chr16	88342874	rs7197420
chr16	88343427	rs6603056
chr16	88344739	rs7499551
chr16	88345763	rs7198446
chr16	88347648	rs7500399
chr16	88374470	rs7500313
chr16	88382277	rs4782511
chr16	88382623	rs12931298
chr16	88386848	rs8062363
chr16	88391425	rs4075964
chr16	88394523	rs8050582
chr16	88394736	rs8047445
chr16	88396142	rs8058066
chr16	88397812	rs7185018
chr16	88398104	rs13338423
chr16	88398893	rs2173712
chr16	88401399	rs7198032
chr16	88404879	rs1532632
chr16	88405496	rs904785
chr16	88409100	rs8044502
chr16	88409639	rs8051841
chr16	88411113	rs11076714
chr16	88413913	rs4372677
chr16	88415706	rs4782353
chr16	88416350	rs4782355
chr16	88417903	rs7186017
chr16	88423626	rs11076729
chr16	88424010	rs11076731
chr16	88424061	rs11076732
chr16	88428568	rs11640794
chr16	88435682	rs3812955
chr16	88448778	rs11647786
chr16	88450532	rs904800
chr16	88452161	rs12445547
chr16	88456148	rs879628
chr16	88456556	rs1107792
chr16	88457407	rs7206699
chr16	88460013	rs7188154
chr16	88461940	rs4426338
chr16	88463764	rs4782368
chr16	88464908	rs12595858
chr16	88465230	rs12597417
chr16	88467563	rs3751674
chr16	88474732	rs7196578
chr16	88475388	rs12932335
chr16	88478849	rs17175810
chr16	88484745	rs12597024
chr16	88485962	rs3751673
chr16	88488499	rs17782553
chr16	88490472	rs10852622
chr16	88495292	rs11642903
chr16	88496512	rs11648510
chr16	88497619	rs968461
chr16	88497893	rs968459
chr16	88498650	rs17773400
chr16	88499645	rs12232460
chr16	88500108	rs885074
chr16	88502488	rs12443806
chr16	88502831	rs883284
chr16	88503726	rs12447718
chr16	88504267	rs749681
chr16	88506939	rs17700789
chr16	88510386	rs3965782
chr16	88524772	rs9673995
chr16	88526074	rs7204894
chr16	88528983	rs4782521
chr16	88529341	rs9302772
chr16	88530296	rs1993993
chr16	88531195	rs12935557
chr16	88537169	rs13334367
chr16	88539757	rs11076657
chr16	88540299	rs4782373
chr16	88542918	rs899737
chr16	88544336	rs2334242
chr16	88545605	rs9928508
chr16	88552881	rs10163412
chr16	88553268	rs11649396
chr16	88553787	rs2879897
chr16	88554792	rs871716
chr16	88560352	rs7199364
chr16	88561109	rs885065
chr16	88561319	rs885064
chr16	88563218	rs2016305
chr16	88566939	rs8057773
chr16	88566946	rs6500476
chr16	88567570	rs4782451
chr16	88571375	rs11076677
chr16	88571488	rs11076678
chr16	88571562	rs4782338
chr16	88572446	rs8055488
chr16	88573341	rs9935402
chr16	88577049	rs936621
chr16	88577597	rs899728
chr16	88579769	rs4782486
chr16	88583347	rs4782341
chr16	88584812	rs4782342
chr16	88588343	rs3751679
chr16	88589093	rs11865270
chr16	88590437	rs7203305
chr16	88594219	rs11076684
chr16	88594428	rs7201472
chr16	88597904	rs8050943
chr16	88598350	rs3887592
chr16	88601643	rs7199004
chr16	88602808	rs4782377
chr16	88602939	rs4782378
chr16	88606378	rs12447451
chr16	88607312	rs7198724
chr16	88608769	rs9932685
chr16	88608786	rs9932692
chr16	88610710	rs11646212
chr16	88610822	rs12445653
chr16	88615909	rs11642855
chr16	88617538	rs8047318
chr16	88618787	rs885157
chr16	88619820	rs17773540
chr16	88622027	rs1111434
chr16	88622139	rs1111433
chr16	88622424	rs3751675
chr16	88624993	rs2291159
chr16	88628968	rs4782307
chr16	88629564	rs6500483
chr16	88629901	rs8062466
chr16	88635372	rs899729
chr16	88636815	rs9937257
chr16	88639396	rs2254073
chr16	88642080	rs11076692
chr16	88643329	rs1049255
chr16	88645411	rs9940427
chr16	88645911	rs12709102
chr16	88646359	rs12933505
chr16	88646828	rs4673
chr16	88650666	rs3794624
chr16	88651945	rs9932581
chr16	88655130	rs4782309
chr16	88656825	rs12596403
chr16	88657221	rs6500486
chr16	88658321	rs899733
chr16	88660318	rs4782394
chr16	88661111	rs4782395
chr16	88661325	rs6500487
chr16	88667860	rs4420519
chr16	88672556	rs4074632
chr16	88673580	rs11076696
chr16	88673676	rs11076697
chr16	88677077	rs11862024
chr16	88678062	rs8048897
chr16	88678348	rs9931509
chr16	88684799	rs8048125
chr16	88685120	rs8048658
chr16	88687457	rs6500488
chr16	88688461	rs880970
chr16	88690404	rs11076699
chr16	88691431	rs8060693
chr16	88691532	rs12709104
chr16	88694874	rs7186861
chr16	88697153	rs4597303
chr16	88699951	rs11648894
chr16	88702696	rs752843
chr16	88703001	rs7350860
chr16	88705638	rs6500489
chr16	88707330	rs881633
chr16	88707485	rs11641365
chr16	88708161	rs11076702
chr16	88708513	rs7404845
chr16	88708812	rs4238685
chr16	88709740	rs4377140
chr16	88710921	rs8060966
chr16	88711120	rs12600041
chr16	88711587	rs11076704
chr16	88711725	rs2879902
chr16	88713615	rs1317756
chr16	88713682	rs2290904
chr16	88714110	rs3826076
chr16	88714632	rs8059048
chr16	88715442	rs1061238
chr16	88715809	rs35544968
chr16	88716268	rs2290902
chr16	88716692	rs1803382
chr16	88725050	rs11645197
chr16	88727213	rs11863125
chr16	88727502	rs2242171
chr16	88731220	rs2340983
chr16	88736086	rs2879906
chr16	88738326	rs7184427
chr16	88738775	rs7185630
chr16	88739940	rs10775348
chr16	88740578	rs726884
chr16	88740684	rs2016979
chr16	88740797	rs2242166
chr16	88740816	rs753602
chr16	88740930	rs750740
chr16	88741200	rs750739
chr16	88741470	rs2242164
chr16	88742335	rs6500495
chr16	88742510	rs11648555
chr16	88743072	rs9925171
chr16	88743485	rs9933845
chr16	88745842	rs9788969
chr16	88746706	rs750124
chr16	88749633	rs8062328
chr16	88752857	rs7404987
chr16	88755889	rs3743975
chr16	88756339	rs11076713
chr16	88757257	rs8047820
chr16	88760370	rs4782509
chr16	88760454	rs7203655
chr16	88764428	rs17176204
chr16	88767001	rs889764
chr16	88769171	rs2341002
chr16	88776545	rs2932690
chr16	88778025	rs2968482
chr16	88778524	rs9933309
chr16	88780410	rs477203
chr16	88781029	rs8043839
chr16	88781273	rs558436
chr16	88783013	rs2608604
chr16	88783697	rs494299
chr16	88787321	rs837763
chr16	88789962	rs860762
chr16	88791838	rs2926775
chr16	88792194	rs2926776
chr16	88801844	rs565211
chr16	88804559	rs475667
chr16	88805500	rs1834065
chr16	88805821	rs480727
chr16	88806103	rs510862
chr16	88806428	rs3218726
chr16	88809651	rs8191497
chr16	88810716	rs3214057
chr16	88811021	rs8191478
chr16	88812323	rs535070
chr16	88812679	rs3826075
chr16	88814072	rs1141390
chr16	88815227	rs550269
chr16	88815849	rs555812
chr16	88818592	rs3826069
chr16	88818672	rs3826067
chr16	88824618	rs747232
chr16	88827008	rs3743546
chr16	88829729	rs11076720
chr16	88832493	rs3889834
chr16	88835775	rs1064315
chr16	88837062	rs9929836
chr16	88837678	rs3743544
chr16	88838113	rs11648295
chr16	88838392	rs7205379
chr16	88840372	rs16965110
chr16	88842751	rs11862754
chr16	88843380	rs12449164
chr16	88844635	rs12444242
chr16	88846491	rs11076726
chr16	88847827	rs12932521
chr16	88850443	rs12709105
chr16	88855085	rs12932588
chr16	88859581	rs3784873
chr16	88860813	rs3826061
chr16	88861882	rs12597391
chr16	88867741	rs7342794
chr16	88868266	rs8062459
chr16	88868931	rs6500506
chr16	88871440	rs7184604
chr16	88880353	rs2272439
chr16	88880547	rs564705
chr16	88883927	rs12149609
chr16	88887936	rs2911451
chr16	88895479	rs7206776
chr16	88897448	rs522145
chr16	88898526	rs516137
chr16	88900645	rs7205064
chr16	88904158	rs2968474
chr16	88904410	rs561795
chr16	88906146	rs488251
chr16	88907529	rs579740
chr16	88912442	rs555191
chr16	88917423	rs3826060
chr16	88921453	rs1673932
chr16	88923102	rs477639
chr16	88927172	rs1808448
chr16	88928248	rs3809591
chr16	88929104	rs538778
chr16	88931801	rs1646234
chr16	88932001	rs1673934
chr16	88934085	rs1646233
chr16	88943883	rs9922120
chr16	88947440	rs570793
chr16	88950086	rs12102677
chr16	88952871	rs4782497
chr16	88953445	rs4782496
chr16	88957164	rs13329773
chr16	88958042	rs11640986
chr16	88960920	rs9932459
chr16	88961246	rs1870271
chr16	88963710	rs4782494
chr16	88966223	rs4782493
chr16	88968841	rs4129789
chr16	88970722	rs12446491
chr16	88974124	rs11862139
chr16	88977973	rs12927804
chr16	88981883	rs12447686
chr16	88986157	rs9932354
chr16	88990617	rs11076747
chr16	88991153	rs6500514
chr16	88994845	rs8056679
chr16	88997611	rs7193497
chr16	89000119	rs7498845
chr16	89000580	rs9921232
chr16	89012905	rs11076749
chr16	89013365	rs9939076
chr16	89019107	rs12446899
chr16	89027835	rs11647758
chr16	89044512	rs8058269
chr16	89049414	rs7198060
chr16	89056331	rs7186136
chr16	89057132	rs11863582
chr16	89064616	rs7200766
chr16	89080115	rs11647013
chr16	89081047	rs3934812
chr16	89085028	rs4782337
chr16	89088246	rs11862347
chr16	89091139	rs4782474
chr16	89095844	rs4782469
chr16	89100686	rs7188200
chr16	89101035	rs6500528
chr16	89101050	rs6500529
chr16	89102503	rs7200676
chr16	89102904	rs4782455
chr16	89103106	rs6500531
chr16	89103763	rs7184784
chr16	89106852	rs7187583
chr16	89112365	rs4782449
chr16	89114475	rs3743979
chr16	89114527	rs3743980
chr16	89115810	rs4782328
chr16	89115887	rs4782445
chr16	89116518	rs8052780
chr16	89123064	rs7498787
chr16	89132700	rs11646135
chr16	89135397	rs4530136
chr16	89139102	rs11076770
chr16	89140075	rs12599126
chr16	89141926	rs12325574
chr16	89145792	rs4302032
chr16	89148564	rs12917772
chr16	89154438	rs1054747
chr16	89155387	rs12597637
chr16	89160103	rs883941
chr16	89162680	rs4352046
chr16	89163576	rs4310853
chr16	89164643	rs12598250
chr16	89167090	rs3903052
chr16	89168540	rs12922670
chr16	89169527	rs12599862
chr16	89174375	rs729201
chr16	89177176	rs4785579
chr16	89179547	rs2287358
chr16	89184474	rs9635539
chr16	89189723	rs4785719
chr16	89194155	rs3785415
chr16	89195074	rs2270416
chr16	89198687	rs4785728
chr16	89204078	rs12920831
chr16	89206684	rs4785602
chr16	89207475	rs8046156
chr16	89211027	rs12596323
chr16	89214685	rs8054959
chr16	89217262	rs9933428
chr16	89217401	rs8056585
chr16	89219564	rs4785613
chr16	89220154	rs13332037
chr16	89221449	rs11076775
chr16	89222010	rs9931258
chr16	89223216	rs12920028
chr16	89227117	rs7201172
chr16	89227206	rs4785626
chr16	89227776	rs4785627
chr16	89228031	rs9921361
chr16	89231544	rs10400958
chr16	89238480	rs4294815
chr16	89243300	rs7200693
chr16	89250004	rs4785637
chr16	89250237	rs4785639
chr16	89254830	rs4785644
chr16	89258105	rs3096314
chr16	89258444	rs3096315
chr16	89262069	rs4785648
chr16	89266934	rs12928649
chr16	89269410	rs4238828
chr16	89273163	rs1542634
chr16	89273814	rs4785651
chr16	89276325	rs7192878
chr16	89277625	rs12932016
chr16	89278023	rs1466539
chr16	89278069	rs1466540
chr16	89283630	rs2279348
chr16	89283770	rs2279349
chr16	89286270	rs2353028
chr16	89287939	rs3114919
chr16	89288870	rs2306633
chr16	89294658	rs3102368
chr16	89297757	rs2279350
chr16	89298878	rs3096294
chr16	89301090	rs4785656
chr16	89301622	rs3114914
chr16	89302770	rs3803694
chr16	89302887	rs3102345
chr16	89305419	rs3114912
chr16	89305431	rs2277908
chr16	89307299	rs3096304
chr16	89308831	rs3096302
chr16	89310062	rs3096300
chr16	89313528	rs3102350
chr16	89317317	rs3114908
chr16	89319153	rs2353033
chr16	89320400	rs889574
chr16	89320680	rs1078577
chr16	89325907	rs3114898
chr16	89327154	rs3114896
chr16	89331546	rs11076780
chr16	89332214	rs3102373
chr16	89333047	rs3114891
chr16	89336065	rs3102376
chr16	89336649	rs3096320
chr16	89339419	rs2353030
chr16	89344602	rs3096296
chr16	89344887	rs3102383
chr16	89353822	rs3114885
chr16	89353948	rs2035481
chr16	89356224	rs3114881
chr16	89356415	rs3096324
chr16	89362559	rs3114867
chr16	89363245	rs889576
chr16	89364882	rs7185926
chr16	89365195	rs3096309
chr16	89367062	rs966362
chr16	89368850	rs11861925
chr16	89371152	rs889573
chr16	89372862	rs744327
chr16	89374209	rs7195691
chr16	89374715	rs3096322
chr16	89375084	rs3102335
chr16	89376303	rs3102339
chr16	89380011	rs753852
chr16	89380117	rs753853
chr16	89381637	rs889571
chr16	89382255	rs3096299
chr16	89388898	rs2965824
chr16	89390942	rs2965827
chr16	89392576	rs7205785
chr16	89395854	rs4238829
chr16	89396270	rs4785665
chr16	89399899	rs11648663
chr16	89404838	rs2086824
chr16	89405074	rs16965692
chr16	89407985	rs747486
chr16	89409409	rs17177108
chr16	89410643	rs2965932
chr16	89414225	rs6416798
chr16	89414866	rs2965935
chr16	89420933	rs17702309
chr16	89422179	rs2911253
chr16	89425641	rs2930219
chr16	89426635	rs2965939
chr16	89426826	rs17774983
chr16	89427923	rs9933533
chr16	89434622	rs2965819
chr16	89440032	rs2965940
chr16	89442454	rs9302767
chr16	89442593	rs2911266
chr16	89443919	rs2965942
chr16	89444086	rs2965818
chr16	89444920	rs2911265
chr16	89446826	rs2965817
chr16	89447576	rs17783751
chr16	89447775	rs2965816
chr16	89448633	rs2911262
chr16	89450204	rs2965946
chr16	89452500	rs2353581
chr16	89453744	rs4785670
chr16	89455452	rs2911244
chr16	89470205	rs4785674
chr16	89472351	rs7196903
chr16	89473833	rs4238830
chr16	89475718	rs11643561
chr16	89476287	rs12446145
chr16	89476450	rs12935112
chr16	89478228	rs3803682
chr16	89478348	rs3803681
chr16	89487299	rs4785568
chr16	89488906	rs4785569
chr16	89493770	rs4329923
chr16	89498761	rs4785571
chr16	89498995	rs4785573
chr16	89502807	rs11645860
chr16	89504227	rs4347628
chr16	89508168	rs4785684
chr16	89510358	rs3922634
chr16	89510638	rs3922633
chr16	89517401	rs8052076
chr16	89520080	rs12919314
chr16	89521463	rs4785686
chr16	89522080	rs11862081
chr16	89523000	rs8060502
chr16	89523835	rs3803680
chr16	89524417	rs8051680
chr16	89525645	rs11643271
chr16	89526214	rs3935627
chr16	89529315	rs3803677
chr16	89529698	rs3803676
chr16	89532352	rs463701
chr16	89535146	rs7184655
chr16	89537178	rs382745
chr16	89539087	rs7193472
chr16	89541006	rs2056309
chr16	89541827	rs457372
chr16	89545990	rs467449
chr16	89546629	rs462464
chr16	89546715	rs2292954
chr16	89549045	rs4325552
chr16	89549357	rs2019604
chr16	89549747	rs2377056
chr16	89549759	rs2889543
chr16	89549824	rs1864155
chr16	89551110	rs17775174
chr16	89561973	rs3751691
chr16	89563903	rs12709089
chr16	89564222	rs12932337
chr16	89565257	rs17471624
chr16	89566015	rs12919536
chr16	89566317	rs12932628
chr16	89568031	rs3751688
chr16	89575253	rs2437954
chr16	89577593	rs455527
chr16	89582172	rs352935
chr16	89582837	rs101151
chr16	89586624	rs452176
chr16	89588712	rs28568523
chr16	89589843	rs464349
chr16	89590223	rs464274
chr16	89593907	rs421959
chr16	89595098	rs379334
chr16	89596014	rs461227
chr16	89596664	rs659974
chr16	89600929	rs154659
chr16	89604928	rs441526
chr16	89614460	rs16965867
chr16	89624280	rs154665
chr16	89625890	rs164741
chr16	89626691	rs4248913
chr16	89630030	rs3794633
chr16	89635796	rs463938
chr16	89637016	rs445537
chr16	89641688	rs154657
chr16	89641816	rs164749
chr16	89642611	rs164746
chr16	89643256	rs164745
chr16	89644712	rs6860
chr16	89646481	rs460879
chr16	89646766	rs460984
chr16	89654423	rs258336
chr16	89658347	rs13329897
chr16	89660076	rs7188458
chr16	89660411	rs13332449
chr16	89661187	rs164753
chr16	89664419	rs459920
chr16	89664777	rs166297
chr16	89666260	rs8062346
chr16	89667941	rs447735
chr16	89668423	rs2377058
chr16	89674201	rs2115401
chr16	89674995	rs12918773
chr16	89675088	rs12443954
chr16	89681470	rs11645553
chr16	89682328	rs12924572
chr16	89685786	rs3751700
chr16	89687847	rs258324
chr16	89689495	rs258322
chr16	89696002	rs1946482
chr16	89696507	rs1045814
chr16	89707988	rs1110331
chr16	89716581	rs7206570
chr16	89720447	rs3809646
chr16	89723490	rs6500437
chr16	89727147	rs2099105
chr16	89728973	rs13339414
chr16	89729077	rs7204478
chr16	89731996	rs4785714
chr16	89732556	rs16965992
chr16	89733542	rs17177891
chr16	89733650	rs3803689
chr16	89734121	rs9935559
chr16	89734142	rs7189734
chr16	89735544	rs11649196
chr16	89738447	rs1230
chr16	89738853	rs1800359
chr16	89739506	rs9282681
chr16	89739569	rs1061646
chr16	89740723	rs11649162
chr16	89745138	rs2074904
chr16	89746786	rs1800355
chr16	89747780	rs4420527
chr16	89748399	rs8058895
chr16	89748744	rs17233497
chr16	89758657	rs17226980
chr16	89765102	rs2159116
chr16	89768881	rs3890534
chr16	89769915	rs7195066
chr16	89770464	rs886950
chr16	89770959	rs11644213
chr16	89772426	rs1007931
chr16	89772898	rs12599180
chr16	89773229	rs1800339
chr16	89777821	rs1006547
chr16	89778786	rs1800337
chr16	89779642	rs3743859
chr16	89780579	rs8058179
chr16	89783072	rs2239359
chr16	89783175	rs2239360
chr16	89784625	rs16966142
chr16	89786609	rs12709094
chr16	89791292	rs8049660
chr16	89791527	rs11646374
chr16	89791556	rs1800330
chr16	89791616	rs6500450
chr16	89792009	rs1800331
chr16	89792097	rs6500452
chr16	89795794	rs17226075
chr16	89796498	rs12924101
chr16	89796702	rs4785722
chr16	89798834	rs10852623
chr16	89798903	rs17226026
chr16	89799635	rs7190823
chr16	89803353	rs1800286
chr16	89804760	rs8053979
chr16	89808838	rs11076628
chr16	89809302	rs11861084
chr16	89818094	rs8047581
chr16	89818509	rs2079672
chr16	89822445	rs2293585
chr16	89823079	rs35873542
chr16	89825211	rs11641726
chr16	89826063	rs4785723
chr16	89827575	rs1108063
chr16	89830741	rs11641891
chr16	89833829	rs4785727
chr16	89835350	rs16966214
chr16	89836074	rs12598477
chr16	89839440	rs9928396
chr16	89841595	rs1079558
chr16	89842993	rs12599531
chr16	89843021	rs17177912
chr16	89845655	rs13331995
chr16	89850192	rs12598316
chr16	89850827	rs11644935
chr16	89851129	rs7190341
chr16	89853617	rs8060934
chr16	89854549	rs12598737
chr16	89857498	rs6500460
chr16	89858542	rs12932427
chr16	89859148	rs7200842
chr16	89868478	rs3803688
chr16	89873194	rs9937487
chr16	89873978	rs13332673
chr16	89875495	rs16966251
chr16	89877221	rs6500461
chr16	89878961	rs12919804
chr16	89881049	rs17784386
chr16	89884574	rs16966253
chr16	89887365	rs9806913
chr16	89893239	rs7196840
chr16	89895189	rs7191836
chr16	89895253	rs7184960
chr16	89895549	rs11641790
chr16	89899434	rs10153055
chr16	89900989	rs10153196
chr16	89905937	rs2270461
chr16	89909816	rs11644804
chr16	89909921	rs9931722
chr16	89911337	rs11538871
chr16	89913086	rs8045560
chr16	89913443	rs2270459
chr16	89915864	rs3212345
chr16	89915950	rs3212346
chr16	89917735	rs3212353
chr16	89918196	rs3212357
chr16	89918331	rs3212358
chr16	89919436	rs1805005
chr16	89919532	rs2228479
chr16	89919709	rs1805007
chr16	89919736	rs1805008
chr16	89919746	rs885479
chr16	89920352	rs3212369
chr16	89920793	rs3212371
chr16	89932386	rs2302898
chr16	89932549	rs2302897
chr16	89934278	rs3785416
chr16	89935952	rs12207
chr16	89936274	rs4395073
chr16	89936359	rs4558416
chr16	89939045	rs4785741
chr16	89941888	rs11644157
chr16	89944847	rs13338472
chr16	89954453	rs7195043
chr16	89955277	rs12597913
chr16	89957493	rs12596872
chr16	89957794	rs8049897
chr16	89958492	rs7187431
chr16	89960571	rs17784583
chr16	89961430	rs8062311
chr16	89963009	rs4785751
chr16	89964848	rs12920868
chr16	89965640	rs7192165
chr16	89965741	rs7192373
chr16	89965824	rs7192565
chr16	89967502	rs8057380
chr16	89968733	rs4785752
chr16	89971188	rs13336336
chr16	89971420	rs4785755
chr16	89972378	rs4424910
chr16	89973560	rs7203948
chr16	89977620	rs4408545
chr16	89979578	rs11648898
chr16	89979965	rs3803684
chr16	89984281	rs4238833
chr16	89984472	rs4785759
chr16	89984899	rs11076645
chr16	89986640	rs9939542
chr16	89992338	rs7201721
chr16	89993873	rs3803683
chr16	89998214	rs4442808
chr16	90000528	rs4785763
chr16	90001533	rs11076650
chr16	90002651	rs9936896
chr16	90005857	rs2241085
chr16	90013126	rs8059973
chr16	90013519	rs10852628
chr16	90015252	rs9936215
chr16	90017749	rs12930631
chr16	90018153	rs11648785
chr16	90022029	rs2241039
chr16	90022379	rs872010
chr16	90027561	rs3743829
chr16	90027787	rs3743827
chr16	90029153	rs3785183
chr16	90031340	rs2302513
chr16	90033163	rs10431948
chr16	90035976	rs4785766
chr16	90036427	rs868045
chr16	90036709	rs7498985
chr16	90037251	rs17178299
chr16	90038925	rs3785181
chr16	90042424	rs2241035
chr16	90043111	rs2241032
chr16	90044329	rs3743817
chr16	90044542	rs1048149
chr16	90045818	rs4628973
chr16	90046540	rs869048
chr16	90046699	rs4785612
chr16	90049323	rs11639655
chr16	90049513	rs11639747
chr16	90051711	rs11642999
chr16	90055794	rs12446573
chr16	90057085	rs8046635
chr16	90057865	rs3809643
chr16	90057908	rs3826201
chr16	90058463	rs7206111
chr16	90059539	rs9927964
chr16	90060672	rs3826200
chr16	90063562	rs4493039
chr16	90063728	rs2078478
chr16	90064327	rs4785621
chr16	90066378	rs11642823
chr16	90067917	rs11641713
chr16	90072332	rs4785624
chr16	90074947	rs12925933
chr16	90075069	rs7196459
chr16	90082571	rs4785781
chr16	90083514	rs12446019
chr16	90092430	rs9922277
chr16	90106288	rs9924610
