CHROM	POS	ID
chr22	15473564	rs4911642
chr22	15916941	rs9617528
chr22	16406147	rs7287144
chr22	16412132	rs5748662
chr22	16413364	rs5994034
chr22	16413538	rs4010554
chr22	16416036	rs4010558
chr22	16472819	rs3954571
chr22	16472986	rs11089179
chr22	16532045	rs9604821
chr22	16542624	rs2379965
chr22	16549902	rs2379981
chr22	16550182	rs4535153
chr22	16551808	rs5747620
chr22	16573830	rs9605903
chr22	16575525	rs5747940
chr22	16576248	rs5746647
chr22	16577726	rs16980739
chr22	16586115	rs9605927
chr22	16586614	rs5747968
chr22	16591593	rs2236639
chr22	16592176	rs5747988
chr22	16593732	rs5746664
chr22	16594463	rs5747999
chr22	16603719	rs2070501
chr22	16606766	rs11089263
chr22	16613859	rs2096537
chr22	16615974	rs16984366
chr22	16619607	rs2154615
chr22	16622827	rs8137637
chr22	16626376	rs4410381
chr22	16631452	rs9604967
chr22	16635508	rs5993671
chr22	16648848	rs5993792
chr22	16651600	rs5992472
chr22	16671721	rs4819849
chr22	16674094	rs9605028
chr22	16674493	rs1892844
chr22	16696580	rs2529883
chr22	16715410	rs17432784
chr22	16721712	rs2845379
chr22	16722213	rs2845380
chr22	16730185	rs2247281
chr22	16733362	rs2845346
chr22	16733779	rs2845347
chr22	16738735	rs16981635
chr22	16740605	rs1807512
chr22	16746571	rs5748593
chr22	16747906	rs17433377
chr22	16750713	rs4390844
chr22	16758662	rs2381107
chr22	16797872	rs4819535
chr22	16799932	rs5748648
chr22	16801041	rs738045
chr22	16803175	rs7284996
chr22	16803650	rs5748651
chr22	16805059	rs2385714
chr22	16805439	rs2080203
chr22	16807330	rs5748657
chr22	16808098	rs2072467
chr22	16808228	rs2072466
chr22	16813361	rs7291429
chr22	16819011	rs9605155
chr22	16819430	rs5748664
chr22	16820327	rs874835
chr22	16820953	rs874836
chr22	16822493	rs5994031
chr22	16822579	rs2215842
chr22	16822706	rs2192431
chr22	16823242	rs175138
chr22	16823356	rs175139
chr22	16823997	rs983305
chr22	16824887	rs9606478
chr22	16825214	rs175140
chr22	16825380	rs1860944
chr22	16826852	rs7287430
chr22	16827351	rs175145
chr22	16828406	rs175146
chr22	16828472	rs175147
chr22	16828991	rs16981741
chr22	16829598	rs175148
chr22	16829851	rs175149
chr22	16831706	rs9606481
chr22	16834212	rs17363716
chr22	16834568	rs165652
chr22	16834613	rs165757
chr22	16835423	rs17435801
chr22	16836343	rs175152
chr22	16836456	rs165645
chr22	16837260	rs165611
chr22	16837443	rs5746906
chr22	16837792	rs165670
chr22	16838266	rs165778
chr22	16842963	rs16981765
chr22	16845291	rs165810
chr22	16845542	rs2075120
chr22	16845778	rs175154
chr22	16846705	rs165808
chr22	16847737	rs165890
chr22	16848711	rs2041608
chr22	16850766	rs12169910
chr22	16858113	rs165886
chr22	16858178	rs165698
chr22	16858514	rs165608
chr22	16860016	rs165790
chr22	16861590	rs165667
chr22	16866458	rs7291500
chr22	16871207	rs4006343
chr22	16873057	rs738043
chr22	16906867	rs5748728
chr22	16910198	rs4586727
chr22	16912986	rs17444804
chr22	16914099	rs1860945
chr22	16914720	rs737936
chr22	16915569	rs16981833
chr22	16915722	rs7288841
chr22	16916985	rs9606534
chr22	16917618	rs7292561
chr22	16917910	rs7293026
chr22	16917922	rs13058496
chr22	16918321	rs8136206
chr22	16923715	rs887755
chr22	16924283	rs759081
chr22	16926459	rs5992587
chr22	16926676	rs11703901
chr22	16926865	rs2003568
chr22	16929007	rs12485066
chr22	16929483	rs5748744
chr22	16929900	rs5992589
chr22	16931009	rs9306242
chr22	16931326	rs9605179
chr22	16931916	rs5992590
chr22	16932705	rs5748747
chr22	16933213	rs5994097
chr22	16933750	rs9618937
chr22	16934600	rs17806382
chr22	16934682	rs5748748
chr22	16941099	rs5748752
chr22	16943040	rs5994102
chr22	16945511	rs5748755
chr22	16946147	rs2385785
chr22	16946774	rs5748756
chr22	16947190	rs5994104
chr22	16947925	rs933461
chr22	16948494	rs1981707
chr22	16952320	rs4819923
chr22	16953194	rs5748760
chr22	16953631	rs5748762
chr22	16955956	rs2385786
chr22	16956420	rs1990483
chr22	16960634	rs5994110
chr22	16961264	rs17733785
chr22	16961316	rs8137298
chr22	16961333	rs11914017
chr22	16961849	rs11089387
chr22	16962097	rs5992598
chr22	16962241	rs7287116
chr22	16962491	rs1024732
chr22	16964612	rs5748765
chr22	16966024	rs5748766
chr22	16966101	rs4819925
chr22	16969625	rs2041607
chr22	16970820	rs5992600
chr22	16972035	rs759076
chr22	16972076	rs757630
chr22	16981295	rs4819932
chr22	16982299	rs9618953
chr22	16986521	rs4819934
chr22	16986584	rs4819935
chr22	16986794	rs4819936
chr22	16988136	rs5992604
chr22	16989889	rs9618954
chr22	16994516	rs17806634
chr22	16995031	rs2399152
chr22	17005443	rs4819938
chr22	17007305	rs5748798
chr22	17008656	rs5746961
chr22	17008687	rs7291404
chr22	17009000	rs11913227
chr22	17010042	rs5994128
chr22	17011313	rs5994129
chr22	17011562	rs917838
chr22	17011643	rs2192155
chr22	17012292	rs738031
chr22	17012403	rs2399153
chr22	17012630	rs5746962
chr22	17012818	rs4141523
chr22	17012902	rs4819940
chr22	17013211	rs17806741
chr22	17013657	rs5994130
chr22	17019146	rs17204993
chr22	17024055	rs2399168
chr22	17032813	rs2908526
chr22	17038689	rs5748829
chr22	17043313	rs928831
chr22	17044694	rs2845394
chr22	17045080	rs2845393
chr22	17048693	rs881623
chr22	17048924	rs947822
chr22	17049480	rs2845388
chr22	17051559	rs2845384
chr22	17055291	rs7285901
chr22	17055665	rs2845408
chr22	17057299	rs16981964
chr22	17058788	rs10483090
chr22	17060783	rs12159416
chr22	17061760	rs16981972
chr22	17063944	rs9606592
chr22	17064969	rs5748845
chr22	17068636	rs5994155
chr22	17073464	rs5748850
chr22	17076254	rs2041629
chr22	17081023	rs4819956
chr22	17084017	rs4819553
chr22	17084123	rs4819958
chr22	17084145	rs4819554
chr22	17086809	rs2241042
chr22	17086917	rs2241043
chr22	17090465	rs5748863
chr22	17094910	rs6518660
chr22	17099504	rs13053889
chr22	17099923	rs9606615
chr22	17100948	rs2241044
chr22	17104551	rs2302519
chr22	17105581	rs2241046
chr22	17106790	rs2241049
chr22	17107085	rs6518661
chr22	17108319	rs879577
chr22	17108356	rs879576
chr22	17108407	rs2229151
chr22	17108677	rs879575
chr22	17109854	rs1468488
chr22	17110199	rs2895332
chr22	17112795	rs887796
chr22	17114025	rs738034
chr22	17115025	rs3827278
chr22	17115288	rs4819962
chr22	17115339	rs1047929
chr22	17116407	rs11160
chr22	17116572	rs971768
chr22	17116878	rs7289082
chr22	17117519	rs12170331
chr22	17118280	rs974396
chr22	17118954	rs738033
chr22	17118970	rs2277830
chr22	17119607	rs3827295
chr22	17120087	rs5994165
chr22	17121949	rs5992629
chr22	17122587	rs5748871
chr22	17122911	rs5746996
chr22	17124934	rs4819964
chr22	17125009	rs5748875
chr22	17128935	rs4819965
chr22	17129026	rs9605222
chr22	17130625	rs5748883
chr22	17133121	rs5747004
chr22	17134323	rs5994170
chr22	17135327	rs4819558
chr22	17135620	rs4819559
chr22	17137252	rs5994175
chr22	17138402	rs740422
chr22	17138826	rs741139
chr22	17139240	rs5747007
chr22	17140814	rs7287119
chr22	17142518	rs5747008
chr22	17143182	rs2302521
chr22	17145775	rs3788268
chr22	17149596	rs1034859
chr22	17152779	rs3788269
chr22	17153160	rs5994180
chr22	17160189	rs5748917
chr22	17162656	rs4423695
chr22	17162835	rs5994186
chr22	17162953	rs5994187
chr22	17163241	rs5748919
chr22	17166972	rs5748923
chr22	17168884	rs5748926
chr22	17174498	rs2401071
chr22	17175834	rs1125471
chr22	17177451	rs1076102
chr22	17179666	rs1135909
chr22	17179756	rs3171599
chr22	17180288	rs1139056
chr22	17180901	rs7285896
chr22	17182227	rs3764847
chr22	17184523	rs1079554
chr22	17188261	rs2231496
chr22	17188416	rs2231495
chr22	17189334	rs5992636
chr22	17189366	rs1544504
chr22	17193227	rs4819973
chr22	17195010	rs5992637
chr22	17195700	rs11912507
chr22	17196809	rs5747018
chr22	17198422	rs1076103
chr22	17199629	rs17807317
chr22	17201275	rs1076105
chr22	17201404	rs1076106
chr22	17203454	rs2231489
chr22	17207512	rs2240617
chr22	17209519	rs362129
chr22	17216891	rs5748952
chr22	17217190	rs5748954
chr22	17217283	rs5748955
chr22	17219394	rs8136533
chr22	17220344	rs9606655
chr22	17221888	rs737967
chr22	17224732	rs5748965
chr22	17224918	rs5748966
chr22	17228881	rs737963
chr22	17228938	rs5994213
chr22	17229045	rs737962
chr22	17229970	rs9606661
chr22	17231721	rs4819564
chr22	17233805	rs5747033
chr22	17234881	rs5748972
chr22	17237229	rs4819979
chr22	17237716	rs5747035
chr22	17240705	rs4266110
chr22	17241134	rs2058119
chr22	17241646	rs1006015
chr22	17241995	rs5748979
chr22	17243203	rs5747037
chr22	17246235	rs12483926
chr22	17248154	rs8141904
chr22	17251087	rs9605246
chr22	17253006	rs9606669
chr22	17254301	rs13056269
chr22	17257210	rs17807605
chr22	17263663	rs5994231
chr22	17265211	rs16982255
chr22	17265638	rs5749001
chr22	17268206	rs5749002
chr22	17270278	rs5749003
chr22	17278659	rs5994238
chr22	17279460	rs5749006
chr22	17280535	rs4819993
chr22	17285225	rs5749011
chr22	17288175	rs11089423
chr22	17289291	rs11704699
chr22	17300145	rs8140080
chr22	17300665	rs4819994
chr22	17301923	rs4541325
chr22	17303033	rs5747058
chr22	17303055	rs5749016
chr22	17303712	rs12160031
chr22	17307832	rs4239866
chr22	17308120	rs5749028
chr22	17309459	rs9605252
chr22	17309841	rs4819996
chr22	17310674	rs9606682
chr22	17311850	rs9617982
chr22	17312122	rs5994253
chr22	17312316	rs5994254
chr22	17314518	rs9605254
chr22	17316081	rs5994255
chr22	17317910	rs5994256
chr22	17318478	rs9605258
chr22	17318497	rs9605259
chr22	17318639	rs9306256
chr22	17319582	rs9619055
chr22	17319867	rs9306258
chr22	17322703	rs5994258
chr22	17322896	rs5994260
chr22	17324540	rs9617984
chr22	17329163	rs17808489
chr22	17329593	rs5992665
chr22	17333921	rs5994271
chr22	17336147	rs4819575
chr22	17342371	rs361626
chr22	17346794	rs4820001
chr22	17349065	rs2401081
chr22	17350923	rs2040692
chr22	17351252	rs7288834
chr22	17353765	rs5749050
chr22	17354008	rs9606695
chr22	17357919	rs5747072
chr22	17360178	rs4607032
chr22	17361841	rs737915
chr22	17363406	rs5747075
chr22	17365272	rs5749060
chr22	17366052	rs6518680
chr22	17371742	rs5992674
chr22	17372864	rs5992034
chr22	17373773	rs9618000
chr22	17377016	rs5747079
chr22	17377882	rs5747080
chr22	17380103	rs5746359
chr22	17380689	rs9604737
chr22	17381513	rs4273306
chr22	17381531	rs9604738
chr22	17382205	rs5992041
chr22	17382326	rs7285871
chr22	17386309	rs5747087
chr22	17387100	rs4819447
chr22	17387660	rs16982354
chr22	17393210	rs9604740
chr22	17400180	rs737916
chr22	17401906	rs2401116
chr22	17403331	rs5747103
chr22	17405801	rs4239844
chr22	17406910	rs17808603
chr22	17408713	rs17807973
chr22	17408916	rs1860309
chr22	17411511	rs5746366
chr22	17412031	rs7289964
chr22	17412507	rs5747112
chr22	17413571	rs5746368
chr22	17415036	rs2522311
chr22	17416004	rs5992044
chr22	17418561	rs16982402
chr22	17420089	rs5992046
chr22	17420128	rs17808076
chr22	17420162	rs1858757
chr22	17420471	rs5992047
chr22	17420794	rs5992689
chr22	17422635	rs2078734
chr22	17424282	rs1859120
chr22	17424866	rs5747122
chr22	17425911	rs12628081
chr22	17426301	rs5746373
chr22	17429117	rs2518746
chr22	17429240	rs9617578
chr22	17430479	rs2895937
chr22	17430953	rs2522314
chr22	17431541	rs1981533
chr22	17431799	rs2189077
chr22	17433041	rs5747132
chr22	17434959	rs5992705
chr22	17436386	rs9306194
chr22	17436700	rs5992707
chr22	17437370	rs5746379
chr22	17441758	rs5746382
chr22	17443691	rs5746385
chr22	17443726	rs5747145
chr22	17444918	rs5746387
chr22	17450888	rs5746398
chr22	17451226	rs5747164
chr22	17452446	rs5747167
chr22	17452529	rs1004973
chr22	17453649	rs2157720
chr22	17458593	rs5746406
chr22	17460779	rs2522284
chr22	17461457	rs5747176
chr22	17462474	rs17741005
chr22	17463647	rs2522285
chr22	17463835	rs2518751
chr22	17464163	rs12157361
chr22	17464393	rs5747183
chr22	17464862	rs16982512
chr22	17467130	rs2522288
chr22	17467164	rs5747187
chr22	17468329	rs4819591
chr22	17469431	rs5747190
chr22	17469875	rs1557622
chr22	17473478	rs17741035
chr22	17474721	rs5746415
chr22	17477326	rs5747195
chr22	17477845	rs2522297
chr22	17479399	rs5747200
chr22	17482492	rs13053651
chr22	17486499	rs882614
chr22	17486811	rs2518768
chr22	17489279	rs7288509
chr22	17492193	rs10483093
chr22	17492851	rs5746419
chr22	17494000	rs5747204
chr22	17494632	rs174289
chr22	17496802	rs17808446
chr22	17497992	rs1296748
chr22	17500594	rs17808463
chr22	17506528	rs1296754
chr22	17507779	rs4819594
chr22	17508930	rs9605311
chr22	17509362	rs8141657
chr22	17510346	rs1296757
chr22	17511574	rs4819596
chr22	17511820	rs5747211
chr22	17513100	rs174293
chr22	17515556	rs174294
chr22	17517896	rs174300
chr22	17518422	rs174301
chr22	17518537	rs78914
chr22	17518587	rs174302
chr22	17520129	rs174306
chr22	17522347	rs174313
chr22	17523132	rs13053400
chr22	17523866	rs9617592
chr22	17530213	rs174330
chr22	17531010	rs9605317
chr22	17531249	rs2401125
chr22	17531684	rs174332
chr22	17532316	rs1296787
chr22	17534034	rs1974713
chr22	17535878	rs2018494
chr22	17536819	rs174335
chr22	17538820	rs2300686
chr22	17538827	rs1296792
chr22	17538915	rs2300687
chr22	17539251	rs1296793
chr22	17539850	rs5992731
chr22	17541084	rs1003861
chr22	17541107	rs5992732
chr22	17541816	rs2268776
chr22	17541915	rs1296794
chr22	17542071	rs1296795
chr22	17547645	rs9605323
chr22	17547967	rs174342
chr22	17549861	rs1296800
chr22	17550982	rs17809189
chr22	17551845	rs2268780
chr22	17551859	rs113837
chr22	17553499	rs174345
chr22	17556691	rs174347
chr22	17556734	rs174348
chr22	17559085	rs174351
chr22	17559209	rs885971
chr22	17562516	rs11704780
chr22	17562676	rs1296805
chr22	17567322	rs174368
chr22	17567352	rs2284826
chr22	17567525	rs2284827
chr22	17569616	rs412830
chr22	17573432	rs423158
chr22	17578563	rs174371
chr22	17580125	rs1123031
chr22	17580221	rs1003494
chr22	17586019	rs5746439
chr22	17593757	rs5992749
chr22	17593780	rs1296819
chr22	17594954	rs1296820
chr22	17596752	rs1296826
chr22	17597388	rs5992751
chr22	17598370	rs2287228
chr22	17598390	rs2072555
chr22	17600494	rs5747252
chr22	17600825	rs714504
chr22	17601267	rs3747023
chr22	17606137	rs4239846
chr22	17608321	rs5747263
chr22	17610336	rs1034470
chr22	17610826	rs9605337
chr22	17611526	rs2300688
chr22	17612149	rs2300690
chr22	17612404	rs2300691
chr22	17612546	rs5747268
chr22	17613072	rs3747024
chr22	17613135	rs3747025
chr22	17613612	rs2401158
chr22	17617669	rs12159924
chr22	17619861	rs5992761
chr22	17621853	rs5747285
chr22	17622026	rs41472044
chr22	17632190	rs5746449
chr22	17632626	rs5747297
chr22	17636379	rs9604779
chr22	17638084	rs1080199
chr22	17638480	rs12628818
chr22	17646194	rs5747306
chr22	17647443	rs11704728
chr22	17648312	rs2401163
chr22	17653146	rs5992088
chr22	17670243	rs2535690
chr22	17672112	rs2535691
chr22	17675578	rs2587069
chr22	17676641	rs2535694
chr22	17678777	rs11704288
chr22	17679213	rs1978967
chr22	17681029	rs5992090
chr22	17681836	rs9605382
chr22	17691892	rs2535704
chr22	17692264	rs5992093
chr22	17696093	rs2257083
chr22	17696633	rs5992095
chr22	17699103	rs2535707
chr22	17699218	rs17207051
chr22	17701245	rs2587082
chr22	17701403	rs2535708
chr22	17704450	rs9617611
chr22	17706530	rs5992096
chr22	17706703	rs2587086
chr22	17710941	rs5992801
chr22	17716717	rs7290510
chr22	17726847	rs4488761
chr22	17727154	rs9306198
chr22	17727643	rs725768
chr22	17727794	rs725769
chr22	17728439	rs9967
chr22	17729765	rs713671
chr22	17730157	rs395379
chr22	17730291	rs8919
chr22	17731843	rs5747338
chr22	17733445	rs17809603
chr22	17735444	rs2305001
chr22	17738065	rs11538
chr22	17739219	rs5992809
chr22	17739497	rs181390
chr22	17739791	rs181391
chr22	17739801	rs8190330
chr22	17739857	rs8190329
chr22	17739899	rs181392
chr22	17741389	rs181396
chr22	17742552	rs181399
chr22	17743561	rs1468926
chr22	17743710	rs2270201
chr22	17743762	rs2072393
chr22	17743998	rs8190315
chr22	17746421	rs5747339
chr22	17747008	rs181402
chr22	17749602	rs2895951
chr22	17750234	rs181405
chr22	17751769	rs372655
chr22	17751823	rs9604787
chr22	17752342	rs3788282
chr22	17752539	rs181408
chr22	17758208	rs181417
chr22	17763166	rs5746474
chr22	17763609	rs5747351
chr22	17766257	rs5747353
chr22	17773222	rs738095
chr22	17775616	rs366542
chr22	17777576	rs9604789
chr22	17778262	rs454566
chr22	17778730	rs5992834
chr22	17778821	rs391085
chr22	17780001	rs5992103
chr22	17780502	rs408656
chr22	17782065	rs5992838
chr22	17786028	rs443627
chr22	17788013	rs7675
chr22	17793335	rs382013
chr22	17800481	rs5992105
chr22	17803576	rs2241252
chr22	17803906	rs369081
chr22	17805596	rs390041
chr22	17806438	rs389496
chr22	17806789	rs8140645
chr22	17809700	rs429940
chr22	17811445	rs388415
chr22	17812364	rs437633
chr22	17812809	rs399757
chr22	17815761	rs4269007
chr22	17816431	rs2277831
chr22	17817474	rs5992854
chr22	17821929	rs5992112
chr22	17822018	rs5992113
chr22	17824868	rs5992861
chr22	17825554	rs5992117
chr22	17826053	rs5992863
chr22	17826170	rs5992118
chr22	17827093	rs5992867
chr22	17827302	rs5992870
chr22	17827344	rs5992871
chr22	17829577	rs5992122
chr22	17830746	rs424931
chr22	17831625	rs367922
chr22	17833538	rs450960
chr22	17833567	rs450975
chr22	17833760	rs451840
chr22	17833854	rs451740
chr22	17834376	rs8139723
chr22	17834855	rs405490
chr22	17836413	rs439231
chr22	17837292	rs2542334
chr22	17840672	rs2587109
chr22	17840843	rs2542336
chr22	17841535	rs750558
chr22	17843396	rs9618142
chr22	17845737	rs2587113
chr22	17846380	rs2587114
chr22	17846645	rs2111546
chr22	17848352	rs2587115
chr22	17851136	rs2160760
chr22	17851807	rs5992124
chr22	17854866	rs9605417
chr22	17855114	rs1003361
chr22	17855590	rs2016042
chr22	17856246	rs873387
chr22	17860245	rs11917
chr22	17861077	rs1057721
chr22	17863098	rs5992879
chr22	17864361	rs4819639
chr22	17864458	rs1075596
chr22	17865673	rs4819640
chr22	17867748	rs5992126
chr22	17871506	rs5746486
chr22	17871562	rs5746487
chr22	17872017	rs5992128
chr22	17879807	rs9617633
chr22	17880174	rs9605422
chr22	17884874	rs2075444
chr22	17885381	rs1076113
chr22	17885782	rs2289718
chr22	17887150	rs4819644
chr22	17888871	rs3747031
chr22	17889254	rs3747032
chr22	17891119	rs2075455
chr22	17891248	rs2075454
chr22	17891384	rs2075453
chr22	17894433	rs8141766
chr22	17895236	rs2034113
chr22	17908295	rs4819647
chr22	17910798	rs4819648
chr22	17911167	rs5746492
chr22	17912475	rs2083882
chr22	17913111	rs5747405
chr22	17913563	rs4819649
chr22	17914354	rs5747408
chr22	17915252	rs9604802
chr22	17915441	rs9604803
chr22	17916210	rs5747411
chr22	17920863	rs5746497
chr22	17924702	rs1076110
chr22	17925939	rs1867355
chr22	17931209	rs4484121
chr22	17937289	rs9605439
chr22	17939133	rs5992907
chr22	17943533	rs400509
chr22	17946928	rs431071
chr22	17947427	rs1109052
chr22	17947892	rs5747428
chr22	17949267	rs396012
chr22	17953028	rs5746498
chr22	17954178	rs415651
chr22	17955719	rs384215
chr22	17955986	rs12166570
chr22	17956281	rs1077543
chr22	17956832	rs1076539
chr22	17957192	rs1076540
chr22	17959756	rs382983
chr22	17960915	rs5992916
chr22	17960933	rs5992917
chr22	17961414	rs1108372
chr22	17961891	rs7286607
chr22	17961909	rs1110659
chr22	17961927	rs1110660
chr22	17961968	rs1110661
chr22	17962142	rs1110662
chr22	17965347	rs1978968
chr22	17965363	rs379667
chr22	17966194	rs433576
chr22	17972356	rs12157484
chr22	17972855	rs453435
chr22	17973064	rs453557
chr22	17973957	rs8141896
chr22	17974108	rs370241
chr22	17974954	rs1110666
chr22	17975076	rs9604816
chr22	17980500	rs9605473
chr22	17982911	rs9605481
chr22	17984036	rs385105
chr22	17984367	rs424923
chr22	17985442	rs8139578
chr22	17987264	rs116167
chr22	17988131	rs381125
chr22	17989086	rs9306203
chr22	17989664	rs393719
chr22	17991962	rs403668
chr22	17993175	rs5992146
chr22	17994258	rs401099
chr22	17996616	rs410456
chr22	17996681	rs401910
chr22	17998356	rs5992953
chr22	17999834	rs10854521
chr22	18003251	rs424765
chr22	18003516	rs5992962
chr22	18006282	rs397709
chr22	18011214	rs450718
chr22	18012704	rs452579
chr22	18013181	rs366892
chr22	18013756	rs8142200
chr22	18022035	rs390495
chr22	18022355	rs2034299
chr22	18024264	rs1867357
chr22	18029328	rs9605498
chr22	18029516	rs107321
chr22	18029559	rs9605500
chr22	18029730	rs8139236
chr22	18033553	rs424962
chr22	18035868	rs4819660
chr22	18035885	rs1076115
chr22	18036017	rs13057610
chr22	18036063	rs4819661
chr22	18037816	rs975826
chr22	18037888	rs415606
chr22	18040448	rs465101
chr22	18042934	rs463271
chr22	18044023	rs462904
chr22	18048218	rs466755
chr22	18050569	rs455758
chr22	18050668	rs458888
chr22	18054275	rs9605514
chr22	18054379	rs1992576
chr22	18056604	rs458480
chr22	18056787	rs460036
chr22	18056890	rs455550
chr22	18059545	rs7288409
chr22	18060922	rs7284964
chr22	18061576	rs7289593
chr22	18062621	rs12171267
chr22	18062868	rs5992985
chr22	18063045	rs5992986
chr22	18063845	rs11703869
chr22	18063901	rs11703744
chr22	18066386	rs17207304
chr22	18066408	rs5992165
chr22	18066875	rs17742344
chr22	18066974	rs9618193
chr22	18068578	rs2401503
chr22	18069014	rs10483096
chr22	18069896	rs17809705
chr22	18070253	rs1005195
chr22	18070840	rs17742403
chr22	18071042	rs5992991
chr22	18071278	rs5992166
chr22	18072368	rs4819666
chr22	18075745	rs8139802
chr22	18077804	rs462055
chr22	18080122	rs464541
chr22	18084151	rs17207360
chr22	18087387	rs361818
chr22	18087409	rs385130
chr22	18088242	rs464385
chr22	18089665	rs5992169
chr22	18091949	rs362128
chr22	18093623	rs5992997
chr22	18094572	rs361594
chr22	18098899	rs362250
chr22	18099884	rs467998
chr22	18100501	rs467504
chr22	18101667	rs3827281
chr22	18101822	rs17809734
chr22	18102298	rs467814
chr22	18102486	rs9617656
chr22	18103403	rs468789
chr22	18107076	rs9647302
chr22	18108133	rs5992999
chr22	18112165	rs361893
chr22	18112195	rs461517
chr22	18112586	rs9617661
chr22	18113523	rs361800
chr22	18113683	rs362043
chr22	18114442	rs7290794
chr22	18114637	rs361834
chr22	18114735	rs464901
chr22	18118648	rs361540
chr22	18125105	rs9618203
chr22	18125860	rs362133
chr22	18126279	rs362195
chr22	18126298	rs2234329
chr22	18127087	rs361776
chr22	18127343	rs362249
chr22	18127379	rs10427839
chr22	18128031	rs7286465
chr22	18128456	rs361557
chr22	18130278	rs8140197
chr22	18130836	rs2234338
chr22	18131678	rs12159975
chr22	18132107	rs2540620
chr22	18133143	rs5746516
chr22	18134748	rs4819668
chr22	18142191	rs5747490
chr22	18143870	rs5747492
chr22	18145948	rs361534
chr22	18146261	rs5747494
chr22	18148598	rs9618216
chr22	18150679	rs5993013
chr22	18151211	rs5992185
chr22	18157533	rs2252257
chr22	18159378	rs2543953
chr22	18167915	rs3180408
chr22	18173093	rs4819484
chr22	18890274	rs2543958
chr22	18899402	rs2870978
chr22	18903102	rs17742907
chr22	18905062	rs2080346
chr22	18906118	rs407895
chr22	18907714	rs418623
chr22	18908951	rs2005883
chr22	18909196	rs431289
chr22	18909715	rs413280
chr22	18913491	rs450046
chr22	18917325	rs2540623
chr22	18917482	rs455135
chr22	18917604	rs455143
chr22	18918043	rs5747927
chr22	18919892	rs9618419
chr22	18921128	rs1808318
chr22	18924606	rs2005736
chr22	18925165	rs4819756
chr22	18925799	rs17810231
chr22	18927834	rs2238732
chr22	18928450	rs2016108
chr22	18928667	rs759404
chr22	18929243	rs2238733
chr22	18929518	rs367766
chr22	18930235	rs759406
chr22	18930705	rs17743045
chr22	18931312	rs16983593
chr22	18934404	rs3788287
chr22	18935870	rs1814288
chr22	18937443	rs9604911
chr22	18953944	rs9605907
chr22	18964032	rs5993445
chr22	18967116	rs2540627
chr22	18968690	rs2077200
chr22	18974269	rs7288481
chr22	18975827	rs2019061
chr22	18977905	rs9680846
chr22	18978115	rs11914070
chr22	18979346	rs2078743
chr22	18979836	rs2540648
chr22	18979858	rs5747950
chr22	18983402	rs11089247
chr22	18983711	rs2041780
chr22	18984937	rs2023634
chr22	18988074	rs2518805
chr22	18989177	rs7292750
chr22	18991755	rs2075198
chr22	18991892	rs1210635
chr22	18992726	rs2075197
chr22	18992930	rs1210637
chr22	18993278	rs3804048
chr22	18993778	rs7291719
chr22	18994050	rs1210638
chr22	18994584	rs2913
chr22	18996701	rs7287699
chr22	19001507	rs2023635
chr22	19002615	rs17810512
chr22	19004608	rs5993462
chr22	19004865	rs5746651
chr22	19005615	rs5993463
chr22	19009052	rs4431035
chr22	19010895	rs7288491
chr22	19014328	rs10483099
chr22	19016425	rs17810548
chr22	19018612	rs3747041
chr22	19020595	rs2871006
chr22	19029150	rs3848856
chr22	19037138	rs2073776
chr22	19037868	rs6623
chr22	19038512	rs10160
chr22	19039100	rs2072123
chr22	19039364	rs5992353
chr22	19040084	rs2283641
chr22	19040963	rs2073775
chr22	19042600	rs6518516
chr22	19042823	rs6518517
chr22	19043209	rs715590
chr22	19043595	rs715599
chr22	19044702	rs1001896
chr22	19046019	rs5992354
chr22	19050022	rs2057754
chr22	19050221	rs10854539
chr22	19053262	rs8138035
chr22	19054186	rs5992356
chr22	19059164	rs2238735
chr22	19060936	rs2238740
chr22	19062089	rs2238743
chr22	19063122	rs5993488
chr22	19063849	rs5993489
chr22	19063868	rs2238748
chr22	19069063	rs5993492
chr22	19069402	rs6518522
chr22	19070277	rs2238751
chr22	19070633	rs2238754
chr22	19074840	rs1557847
chr22	19086099	rs5993516
chr22	19089536	rs2800960
chr22	19090081	rs2800969
chr22	19090414	rs2800980
chr22	19092637	rs1934895
chr22	19095022	rs2525036
chr22	19097176	rs2793064
chr22	19097689	rs10483100
chr22	19098670	rs2800954
chr22	19100402	rs8135308
chr22	19106652	rs2189490
chr22	19109924	rs2066240
chr22	19110187	rs1034727
chr22	19111129	rs2800981
chr22	19111453	rs2525079
chr22	19111906	rs5993533
chr22	19114465	rs712966
chr22	19115785	rs807741
chr22	19119924	rs807750
chr22	19120083	rs807751
chr22	19121035	rs807753
chr22	19124809	rs807756
chr22	19125515	rs807757
chr22	19125964	rs807758
chr22	19126173	rs807759
chr22	19128143	rs17811029
chr22	19129754	rs8139221
chr22	19130379	rs12233351
chr22	19132238	rs1052763
chr22	19132425	rs1052773
chr22	19133354	rs2285857
chr22	19133446	rs2285858
chr22	19134208	rs929282
chr22	19134359	rs712965
chr22	19135152	rs2240111
chr22	19135562	rs2240112
chr22	19136439	rs16983371
chr22	19136862	rs5747997
chr22	19137352	rs17743887
chr22	19137502	rs3765611
chr22	19141244	rs17743906
chr22	19144812	rs737923
chr22	19146092	rs715544
chr22	19146403	rs4819776
chr22	19146570	rs4819778
chr22	19146927	rs5992372
chr22	19148090	rs2275901
chr22	19153477	rs12484548
chr22	19153649	rs12484562
chr22	19153801	rs11089255
chr22	19154016	rs12628176
chr22	19157810	rs5993546
chr22	19159928	rs2096376
chr22	19161208	rs5748014
chr22	19161238	rs5748015
chr22	19161787	rs5993549
chr22	19162067	rs4819782
chr22	19164581	rs13053237
chr22	19167095	rs807670
chr22	19168109	rs5748021
chr22	19168604	rs712964
chr22	19170129	rs712960
chr22	19170603	rs807673
chr22	19171502	rs712959
chr22	19172784	rs2298271
chr22	19172794	rs2298270
chr22	19173386	rs5746671
chr22	19173814	rs807667
chr22	19174422	rs2040771
chr22	19179896	rs712958
chr22	19180574	rs2800974
chr22	19181103	rs2800973
chr22	19184493	rs1018764
chr22	19191855	rs756651
chr22	19193077	rs762523
chr22	19193961	rs1771547
chr22	19195073	rs2238760
chr22	19196276	rs1633399
chr22	19196584	rs1061325
chr22	19196733	rs2282684
chr22	19198225	rs723414
chr22	19199498	rs712957
chr22	19199864	rs9605957
chr22	19201021	rs2239390
chr22	19201264	rs2239391
chr22	19201517	rs1633404
chr22	19205881	rs2283645
chr22	19207399	rs12628491
chr22	19208170	rs807547
chr22	19208602	rs2073740
chr22	19208992	rs1060376
chr22	19209170	rs712955
chr22	19209218	rs712954
chr22	19210439	rs712952
chr22	19210716	rs885978
chr22	19215112	rs5746688
chr22	19215550	rs928907
chr22	19215568	rs712951
chr22	19216701	rs712950
chr22	19219868	rs5748051
chr22	19220335	rs999699
chr22	19222159	rs2073756
chr22	19223217	rs2073755
chr22	19225424	rs807462
chr22	19228337	rs1206549
chr22	19232457	rs1206554
chr22	19233883	rs2073754
chr22	19235605	rs3747056
chr22	19235829	rs807459
chr22	19236592	rs809416
chr22	19238737	rs807467
chr22	19239244	rs807468
chr22	19239752	rs5748062
chr22	19240560	rs5746696
chr22	19241213	rs809901
chr22	19241420	rs1206555
chr22	19242842	rs5746697
chr22	19243102	rs807464
chr22	19244943	rs807465
chr22	19248497	rs1206542
chr22	19250908	rs5746701
chr22	19253491	rs807429
chr22	19254318	rs807430
chr22	19256815	rs2518866
chr22	19258298	rs3788295
chr22	19265751	rs9605972
chr22	19265809	rs1340958
chr22	19268333	rs2518840
chr22	19275329	rs362148
chr22	19275691	rs3747059
chr22	19276175	rs361787
chr22	19276369	rs361991
chr22	19278276	rs361956
chr22	19284308	rs2078750
chr22	19286379	rs2283646
chr22	19286621	rs2283647
chr22	19290286	rs8143071
chr22	19292118	rs3761407
chr22	19292880	rs3810597
chr22	19295955	rs5992387
chr22	19296215	rs5746715
chr22	19298293	rs5993581
chr22	19298947	rs2023637
chr22	19300339	rs2023638
chr22	19301923	rs5748109
chr22	19303446	rs713885
chr22	19304923	rs8135222
chr22	19312180	rs5993595
chr22	19315766	rs2871023
chr22	19321418	rs5993603
chr22	19321866	rs9604954
chr22	19322171	rs11089270
chr22	19323289	rs982520
chr22	19324838	rs1210684
chr22	19325093	rs1210685
chr22	19326509	rs982744
chr22	19331099	rs1210690
chr22	19332240	rs5748131
chr22	19333321	rs7292766
chr22	19333529	rs5992395
chr22	19334898	rs1210694
chr22	19335739	rs5993606
chr22	19348091	rs1210709
chr22	19350110	rs885981
chr22	19350678	rs885982
chr22	19350889	rs2283650
chr22	19352112	rs1210711
chr22	19354665	rs2238763
chr22	19357770	rs1210715
chr22	19358477	rs756652
chr22	19359312	rs9605996
chr22	19360207	rs2023639
chr22	19360676	rs737810
chr22	19360876	rs2238766
chr22	19365837	rs8137238
chr22	19368669	rs5748156
chr22	19371259	rs5746727
chr22	19374619	rs2283652
chr22	19375095	rs2073773
chr22	19377763	rs2285334
chr22	19381200	rs5748165
chr22	19383063	rs5748167
chr22	19385133	rs2013516
chr22	19385261	rs1009787
chr22	19388601	rs2097605
chr22	19388778	rs5992398
chr22	19389044	rs11089273
chr22	19389960	rs9606001
chr22	19391200	rs2871026
chr22	19392801	rs5748175
chr22	19393191	rs5993624
chr22	19393808	rs2871027
chr22	19395036	rs2106144
chr22	19395328	rs2106145
chr22	19398293	rs28444159
chr22	19398500	rs2238767
chr22	19399110	rs2238768
chr22	19399771	rs5748179
chr22	19400651	rs9306217
chr22	19401424	rs7284649
chr22	19403281	rs11089274
chr22	19405005	rs3788298
chr22	19411314	rs4479520
chr22	19412333	rs5748189
chr22	19412706	rs5748190
chr22	19413062	rs5748191
chr22	19419821	rs5748195
chr22	19425074	rs5748199
chr22	19426183	rs9618567
chr22	19426447	rs28552452
chr22	19428530	rs5748203
chr22	19433436	rs12168943
chr22	19433706	rs9606017
chr22	19435727	rs7575
chr22	19440988	rs11744
chr22	19442949	rs885975
chr22	19443515	rs712979
chr22	19443526	rs9606020
chr22	19443873	rs756649
chr22	19443962	rs756648
chr22	19446692	rs2904558
chr22	19449837	rs17209134
chr22	19450415	rs2073731
chr22	19451642	rs1057457
chr22	19452017	rs7292006
chr22	19456408	rs5748212
chr22	19457392	rs2269722
chr22	19457531	rs5746738
chr22	19460235	rs5748215
chr22	19461950	rs5746740
chr22	19463663	rs5748218
chr22	19465752	rs2072055
chr22	19467264	rs4493360
chr22	19467853	rs5746742
chr22	19468313	rs756658
chr22	19468348	rs756657
chr22	19469240	rs739369
chr22	19470889	rs17811336
chr22	19471634	rs2073758
chr22	19479939	rs13447182
chr22	19480194	rs4141527
chr22	19480991	rs13447189
chr22	19481132	rs5993650
chr22	19482726	rs13447203
chr22	19484086	rs737858
chr22	19484757	rs2238772
chr22	19486387	rs7292872
chr22	19492172	rs5748239
chr22	19496375	rs2073759
chr22	19496644	rs5748240
chr22	19498868	rs5748243
chr22	19499077	rs9618586
chr22	19499844	rs13447232
chr22	19505027	rs8140666
chr22	19505121	rs2073761
chr22	19505678	rs5746757
chr22	19508444	rs2073736
chr22	19509359	rs5746758
chr22	19513309	rs2283656
chr22	19513840	rs13447270
chr22	19516064	rs13447279
chr22	19516795	rs2073733
chr22	19516947	rs2073732
chr22	19518008	rs13447284
chr22	19518933	rs2073760
chr22	19519357	rs9606045
chr22	19522206	rs5993665
chr22	19523349	rs12628900
chr22	19525966	rs11705109
chr22	19526407	rs2871029
chr22	19526490	rs9604969
chr22	19526873	rs739370
chr22	19530556	rs5748260
chr22	19534987	rs7290191
chr22	19537379	rs13056098
chr22	19544855	rs4819804
chr22	19551004	rs2157728
chr22	19556429	rs5748285
chr22	19560356	rs2106136
chr22	19560556	rs9606068
chr22	19562820	rs5746775
chr22	19570952	rs5746779
chr22	19572105	rs13057770
chr22	19573799	rs7286951
chr22	19574189	rs7287561
chr22	19575824	rs5992428
chr22	19577872	rs2157727
chr22	19578209	rs5748307
chr22	19579626	rs4819808
chr22	19580253	rs5748311
chr22	19580295	rs9604979
chr22	19580381	rs5748312
chr22	19582472	rs5746789
chr22	19587084	rs5993706
chr22	19587235	rs2871032
chr22	19588077	rs5993709
chr22	19588430	rs737857
chr22	19590635	rs716989
chr22	19592439	rs17744842
chr22	19592662	rs756656
chr22	19594423	rs5993715
chr22	19594543	rs5992433
chr22	19595438	rs5993719
chr22	19595502	rs5992435
chr22	19596674	rs9618617
chr22	19597149	rs885983
chr22	19597701	rs9618618
chr22	19598313	rs5746795
chr22	19605633	rs12710560
chr22	19605778	rs5748346
chr22	19606913	rs5746800
chr22	19610518	rs5992439
chr22	19613414	rs5992441
chr22	19613438	rs5992442
chr22	19613715	rs8135473
chr22	19619180	rs8135254
chr22	19621857	rs12158620
chr22	19622420	rs9617814
chr22	19623159	rs10854554
chr22	19626261	rs5993743
chr22	19628818	rs5993749
chr22	19630223	rs12159587
chr22	19632222	rs5992452
chr22	19633459	rs7291726
chr22	19633488	rs1476445
chr22	19635000	rs17209532
chr22	19635863	rs13057911
chr22	19635943	rs6518564
chr22	19636525	rs8135843
chr22	19641214	rs8139020
chr22	19642314	rs7292279
chr22	19643976	rs719078
chr22	19644971	rs8139369
chr22	19645085	rs5748362
chr22	19646807	rs2871039
chr22	19649335	rs5748371
chr22	19650521	rs5993761
chr22	19651860	rs5748376
chr22	19653185	rs4819827
chr22	19655722	rs1985884
chr22	19656032	rs16984538
chr22	19656321	rs7291584
chr22	19658511	rs9808864
chr22	19659498	rs17744980
chr22	19665535	rs9606127
chr22	19666929	rs1541326
chr22	19671576	rs5748391
chr22	19677610	rs9605002
chr22	19680587	rs9605004
chr22	19681365	rs5993790
chr22	19683684	rs2078742
chr22	19684179	rs5748396
chr22	19687469	rs16984071
chr22	19688421	rs1123657
chr22	19689684	rs1557627
chr22	19690299	rs5992460
chr22	19691132	rs1015939
chr22	19691313	rs1018851
chr22	19691544	rs5992462
chr22	19693826	rs5748403
chr22	19694232	rs13054827
chr22	19698372	rs5993810
chr22	19702727	rs2097599
chr22	19703133	rs13055644
chr22	19703979	rs4819833
chr22	19709424	rs35581723
chr22	19710606	rs9606146
chr22	19715258	rs12165395
chr22	19729797	rs4819835
chr22	19730097	rs4819836
chr22	19730199	rs2157733
chr22	19730621	rs5748410
chr22	19731210	rs2871041
chr22	19733950	rs5748411
chr22	19734243	rs4819840
chr22	19734465	rs4819841
chr22	19736532	rs5993817
chr22	19737090	rs9618678
chr22	19739476	rs739377
chr22	19741568	rs2157731
chr22	19741838	rs11089305
chr22	19741901	rs5748415
chr22	19743069	rs885988
chr22	19746288	rs7293017
chr22	19748331	rs6518580
chr22	19748480	rs4819519
chr22	19750087	rs7291533
chr22	19750098	rs5993820
chr22	19750832	rs1005133
chr22	19751122	rs8138086
chr22	19762002	rs1978060
chr22	19764306	rs2301558
chr22	19769816	rs2238774
chr22	19770705	rs2238777
chr22	19770876	rs2238778
chr22	19777659	rs4819843
chr22	19779259	rs4819522
chr22	19779528	rs5746826
chr22	19783184	rs13055776
chr22	19784045	rs2073762
chr22	19785785	rs5993830
chr22	19787520	rs5748425
chr22	19787764	rs5748427
chr22	19791614	rs5746834
chr22	19791892	rs9618694
chr22	19794300	rs2871043
chr22	19795839	rs5748432
chr22	19797208	rs2269725
chr22	19797483	rs2269726
chr22	19799786	rs2904561
chr22	19800213	rs748806
chr22	19800824	rs9606160
chr22	19802785	rs12485220
chr22	19804621	rs5748443
chr22	19805189	rs5993834
chr22	19812799	rs2073765
chr22	19815256	rs5748445
chr22	19817740	rs5746837
chr22	19819508	rs9606164
chr22	19821911	rs5993844
chr22	19826893	rs9618705
chr22	19827191	rs7285337
chr22	19827521	rs1468089
chr22	19827686	rs1468090
chr22	19832054	rs10427769
chr22	19834136	rs9680547
chr22	19834296	rs6518584
chr22	19837629	rs7285519
chr22	19837700	rs7287254
chr22	19839117	rs12167717
chr22	19839459	rs35519960
chr22	19841917	rs11089314
chr22	19842280	rs5748453
chr22	19846258	rs1053001
chr22	19846503	rs1052978
chr22	19848233	rs35077427
chr22	19848625	rs7288631
chr22	19849182	rs11705143
chr22	19849351	rs16984264
chr22	19849752	rs3196628
chr22	19849775	rs10372
chr22	19850052	rs3747066
chr22	19851915	rs17745302
chr22	19852600	rs11704009
chr22	19852890	rs11704083
chr22	19853978	rs35169076
chr22	19854119	rs13057784
chr22	19854762	rs13057910
chr22	19854787	rs17534001
chr22	19856969	rs11913285
chr22	19857148	rs13053155
chr22	19859464	rs12106549
chr22	19861978	rs6518585
chr22	19863626	rs35374520
chr22	19867210	rs9754418
chr22	19869819	rs17745314
chr22	19873604	rs7285948
chr22	19875152	rs13057441
chr22	19875619	rs1044732
chr22	19876070	rs16984299
chr22	19876716	rs7288061
chr22	19879666	rs13054371
chr22	19880695	rs1139793
chr22	19882624	rs8141610
chr22	19883308	rs2239893
chr22	19884168	rs12158214
chr22	19884255	rs3788305
chr22	19884486	rs3788306
chr22	19885834	rs2073750
chr22	19886686	rs9606171
chr22	19890991	rs1015471
chr22	19891497	rs3788309
chr22	19892114	rs3804047
chr22	19892415	rs5993853
chr22	19892817	rs3788310
chr22	19893504	rs4819845
chr22	19894033	rs5992493
chr22	19895461	rs5992495
chr22	19901900	rs3788314
chr22	19902302	rs3788317
chr22	19911363	rs9606176
chr22	19912316	rs7410379
chr22	19912552	rs1005873
chr22	19918279	rs756661
chr22	19918988	rs11541479
chr22	19919576	rs5748469
chr22	19919595	rs5748470
chr22	19920696	rs1978058
chr22	19921903	rs8141691
chr22	19922454	rs1012157
chr22	19923193	rs7289747
chr22	19927331	rs17210001
chr22	19927803	rs5993875
chr22	19928157	rs7287604
chr22	19928416	rs7290448
chr22	19930708	rs9617850
chr22	19933480	rs5746847
chr22	19933614	rs9605030
chr22	19933855	rs9605031
chr22	19934118	rs8140265
chr22	19935892	rs5748485
chr22	19936498	rs6518591
chr22	19937056	rs11705619
chr22	19939623	rs5748489
chr22	19941283	rs4646310
chr22	19941361	rs2020917
chr22	19942586	rs737866
chr22	19942598	rs737865
chr22	19942751	rs9332316
chr22	19943884	rs933271
chr22	19944145	rs1544325
chr22	19945525	rs8185002
chr22	19946502	rs174674
chr22	19946528	rs174675
chr22	19950010	rs5993882
chr22	19950115	rs5993883
chr22	19955462	rs9332348
chr22	19960419	rs16982844
chr22	19960814	rs4646312
chr22	19961580	rs9332362
chr22	19962712	rs4633
chr22	19962740	rs6267
chr22	19962905	rs2239393
chr22	19963240	rs740601
chr22	19963748	rs4680
chr22	19964281	rs769224
chr22	19964609	rs4646316
chr22	19965038	rs165774
chr22	19966309	rs174697
chr22	19966935	rs174699
chr22	19967634	rs9306235
chr22	19968169	rs9332377
chr22	19969500	rs165728
chr22	19970108	rs9265
chr22	19971146	rs165849
chr22	19971843	rs165824
chr22	19971950	rs165815
chr22	19972223	rs5993891
chr22	19972871	rs758373
chr22	19973578	rs2240713
chr22	19974432	rs887199
chr22	19974680	rs2239395
chr22	19974857	rs1110477
chr22	19975246	rs1110478
chr22	19976143	rs887200
chr22	19979226	rs12158201
chr22	19979545	rs887204
chr22	19981448	rs2073748
chr22	19982173	rs2240716
chr22	19982979	rs1990277
chr22	19985301	rs917478
chr22	19985682	rs917479
chr22	19987921	rs2238786
chr22	19989322	rs756653
chr22	19990124	rs2012714
chr22	19990499	rs4819527
chr22	19991035	rs2073746
chr22	19992777	rs2238788
chr22	19995491	rs2238790
chr22	19996409	rs17817568
chr22	19996490	rs1034564
chr22	19996677	rs11089325
chr22	19996688	rs1034565
chr22	19997984	rs2073745
chr22	19998625	rs732596
chr22	19999679	rs7285377
chr22	20000644	rs4819852
chr22	20002119	rs2073742
chr22	20002367	rs2073741
chr22	20003266	rs9617857
chr22	20003544	rs9618725
chr22	20007957	rs17817586
chr22	20009047	rs877118
chr22	20009306	rs1989843
chr22	20010565	rs41458445
chr22	20011969	rs2531697
chr22	20012237	rs4819853
chr22	20017181	rs2531716
chr22	20018517	rs3788322
chr22	20019469	rs1858770
chr22	20020096	rs5746851
chr22	20021555	rs737985
chr22	20023207	rs2518827
chr22	20024763	rs2518829
chr22	20026538	rs41326345
chr22	20026950	rs2531706
chr22	20027493	rs5748505
chr22	20028092	rs9606212
chr22	20029448	rs9606213
chr22	20029922	rs2531708
chr22	20032245	rs2078749
chr22	20032706	rs2008591
chr22	20034415	rs6518598
chr22	20038428	rs11703292
chr22	20042355	rs374225
chr22	20044441	rs455049
chr22	20044804	rs397701
chr22	20049792	rs405342
chr22	20052344	rs3804046
chr22	20053079	rs17817689
chr22	20054086	rs366148
chr22	20054218	rs729894
chr22	20054552	rs429965
chr22	20055847	rs174876
chr22	20057888	rs440042
chr22	20059164	rs399162
chr22	20063943	rs432909
chr22	20064897	rs17818431
chr22	20064919	rs3804044
chr22	20064958	rs3804043
chr22	20065043	rs442277
chr22	20066031	rs1054215
chr22	20069620	rs7285397
chr22	20069935	rs5992507
chr22	20072240	rs446059
chr22	20077847	rs9606232
chr22	20081033	rs2269724
chr22	20082762	rs9606239
chr22	20083900	rs9606240
chr22	20084107	rs17817767
chr22	20084214	rs1558496
chr22	20084376	rs1558497
chr22	20085624	rs2302497
chr22	20087052	rs2073778
chr22	20088335	rs9606241
chr22	20090340	rs2073779
chr22	20092080	rs11089328
chr22	20092924	rs2286925
chr22	20094329	rs1640297
chr22	20094551	rs2286926
chr22	20095438	rs4476436
chr22	20100016	rs9606248
chr22	20102357	rs9605062
chr22	20102515	rs9605063
chr22	20104105	rs2904565
chr22	20105254	rs9606251
chr22	20105473	rs9606252
chr22	20105603	rs443678
chr22	20105794	rs8139591
chr22	20110836	rs1640299
chr22	20110998	rs2286928
chr22	20111021	rs417309
chr22	20111059	rs720012
chr22	20111359	rs720014
chr22	20111808	rs3757
chr22	20112131	rs9605066
chr22	20113073	rs1633445
chr22	20114567	rs885980
chr22	20115227	rs2073777
chr22	20117296	rs713982
chr22	20120206	rs2238798
chr22	20120977	rs9606256
chr22	20122154	rs11705021
chr22	20125730	rs175162
chr22	20126254	rs175163
chr22	20128039	rs175164
chr22	20128492	rs175165
chr22	20128659	rs175166
chr22	20140031	rs175174
chr22	20141358	rs2286931
chr22	20148438	rs8137258
chr22	20148856	rs4819867
chr22	20151681	rs9605071
chr22	20155314	rs9606268
chr22	20157140	rs649737
chr22	20158003	rs17817803
chr22	20159010	rs9605074
chr22	20167669	rs373747
chr22	20168892	rs28384
chr22	20173901	rs1153418
chr22	20175547	rs175194
chr22	20176837	rs404060
chr22	20177066	rs385773
chr22	20177186	rs78908
chr22	20177743	rs4474965
chr22	20178109	rs175197
chr22	20180772	rs175199
chr22	20180986	rs175200
chr22	20183728	rs10212087
chr22	20183845	rs617427
chr22	20187330	rs75766
chr22	20187700	rs9618749
chr22	20189538	rs175207
chr22	20190624	rs2871058
chr22	20190652	rs2871059
chr22	20191392	rs175210
chr22	20191406	rs2537857
chr22	20191732	rs701446
chr22	20193613	rs696885
chr22	20195986	rs696884
chr22	20197596	rs613930
chr22	20197934	rs625704
chr22	20198579	rs681112
chr22	20200052	rs655656
chr22	20201554	rs672570
chr22	20208068	rs627235
chr22	20208523	rs17746115
chr22	20208946	rs589089
chr22	20212990	rs9606282
chr22	20214431	rs730669
chr22	20215206	rs1000539
chr22	20217401	rs5993934
chr22	20220302	rs1640426
chr22	20221507	rs5748554
chr22	20221964	rs5748555
chr22	20223616	rs8142885
chr22	20227260	rs9605090
chr22	20227376	rs701434
chr22	20228633	rs8141593
chr22	20229281	rs5748561
chr22	20230714	rs9606290
chr22	20231474	rs854968
chr22	20233241	rs5993935
chr22	20234321	rs855072
chr22	20234582	rs10212079
chr22	20238013	rs759577
chr22	20238932	rs701431
chr22	20240028	rs701430
chr22	20241019	rs701428
chr22	20245906	rs854971
chr22	20247294	rs887765
chr22	20247677	rs696880
chr22	20253637	rs1567871
chr22	20257093	rs9606296
chr22	20260868	rs855050
chr22	20262395	rs1807466
chr22	20271450	rs9606305
chr22	20273291	rs854936
chr22	20280182	rs854952
chr22	20280960	rs701414
chr22	20290481	rs854961
chr22	20291006	rs855064
chr22	20291636	rs12628408
chr22	20292195	rs12169202
chr22	20294720	rs7287659
chr22	20295363	rs5993954
chr22	20298576	rs741413
chr22	20306102	rs2904577
chr22	20307897	rs4425183
chr22	20309017	rs4995261
chr22	20319470	rs2280117
chr22	20321277	rs1210829
chr22	20343221	rs9617876
chr22	20378519	rs362064
chr22	20379205	rs6003971
chr22	20379377	rs362243
chr22	20382025	rs361764
chr22	20383613	rs9609699
chr22	20384399	rs13055191
chr22	20387600	rs2108744
chr22	20388160	rs361689
chr22	20389246	rs2041969
chr22	20390911	rs362125
chr22	20393473	rs887021
chr22	20393763	rs2266945
chr22	20396846	rs361877
chr22	20396965	rs361591
chr22	20399325	rs361640
chr22	20399949	rs5761326
chr22	20400365	rs4546089
chr22	20400808	rs1990249
chr22	20400936	rs4581986
chr22	20402438	rs12628614
chr22	20404664	rs737811
chr22	20406773	rs2228236
chr22	20407094	rs4020
chr22	20407609	rs887023
chr22	20407686	rs9610309
chr22	20410305	rs1013634
chr22	20410704	rs6005267
chr22	20410731	rs5761913
chr22	20411699	rs361603
chr22	20418308	rs738089
chr22	20420164	rs6005680
chr22	20420324	rs5752676
chr22	20420518	rs5752681
chr22	20420957	rs1771146
chr22	20422553	rs6005740
chr22	20423382	rs738085
chr22	20423776	rs738084
chr22	20424480	rs1076486
chr22	20429198	rs5997411
chr22	20429434	rs8137004
chr22	20429930	rs882745
chr22	20430263	rs7289390
chr22	20432523	rs4823021
chr22	20434303	rs1123521
chr22	20434682	rs2108746
chr22	20434787	rs1005640
chr22	20435287	rs1477177
chr22	20435401	rs1477178
chr22	20439627	rs1035239
chr22	20440197	rs5763655
chr22	20441470	rs1153427
chr22	20441888	rs9997
chr22	20443002	rs5763911
chr22	20446548	rs8748
chr22	20446696	rs1058990
chr22	20446934	rs361727
chr22	20451082	rs2329356
chr22	20455333	rs5753651
chr22	20455767	rs361988
chr22	20456944	rs5749316
chr22	20457387	rs361573
chr22	20458960	rs5753802
chr22	20463521	rs165809
chr22	20463980	rs165807
chr22	20468079	rs165864
chr22	20468658	rs177343
chr22	20470902	rs5754388
chr22	20472977	rs5749587
chr22	20474351	rs9623544
chr22	20477903	rs5749656
chr22	20480277	rs4401303
chr22	20480802	rs5749718
chr22	20488075	rs1771144
chr22	20489598	rs165613
chr22	20490376	rs12484813
chr22	20492354	rs4821372
chr22	20496153	rs2079099
chr22	20496290	rs1860127
chr22	20499874	rs4820216
chr22	20506644	rs738092
chr22	20510653	rs6000569
chr22	20511004	rs11704564
chr22	20512371	rs997145
chr22	20518568	rs2014654
chr22	20522222	rs7291930
chr22	20527098	rs1110462
chr22	20527391	rs11090206
chr22	20529162	rs1771149
chr22	20530623	rs6519408
chr22	20532793	rs5995708
chr22	20534640	rs5995745
chr22	20536972	rs2269830
chr22	20537258	rs4821915
chr22	20537555	rs2269832
chr22	20537641	rs2269833
chr22	20542639	rs7292126
chr22	20544899	rs5757984
chr22	20545787	rs4821963
chr22	20549123	rs886319
chr22	20554706	rs165609
chr22	20556596	rs165792
chr22	20557469	rs5758468
chr22	20559470	rs177421
chr22	20565468	rs165685
chr22	20567052	rs165664
chr22	20567068	rs11705359
chr22	20568183	rs17819434
chr22	20569741	rs165846
chr22	20572338	rs165918
chr22	20573388	rs5759311
chr22	20573429	rs5759314
chr22	20573515	rs165666
chr22	20573979	rs165772
chr22	20574522	rs165674
chr22	20574797	rs12484576
chr22	20575495	rs177426
chr22	20576704	rs12484676
chr22	20581444	rs165908
chr22	20582047	rs646164
chr22	20583893	rs5759455
chr22	20584488	rs165747
chr22	20585798	rs2285699
chr22	20587163	rs741191
chr22	20592015	rs165591
chr22	20592116	rs595272
chr22	20592987	rs361646
chr22	20596041	rs4822328
chr22	20596186	rs362089
chr22	20596277	rs554733
chr22	20600473	rs165626
chr22	20602619	rs552823
chr22	20606420	rs561595
chr22	20606902	rs13433634
chr22	20607741	rs17819593
chr22	20608691	rs17819599
chr22	20609086	rs1557798
chr22	20611268	rs680548
chr22	20611838	rs5759562
chr22	20612109	rs1108099
chr22	20612170	rs1108101
chr22	20612260	rs738040
chr22	20613163	rs473304
chr22	20615888	rs11090296
chr22	20616935	rs482165
chr22	20619099	rs654526
chr22	20622790	rs564493
chr22	20622985	rs687192
chr22	20623005	rs687164
chr22	20624385	rs17818796
chr22	20624690	rs8135803
chr22	20628589	rs5759632
chr22	20629305	rs596235
chr22	20629543	rs12483894
chr22	20630713	rs16988629
chr22	20630725	rs16988632
chr22	20631723	rs741192
chr22	20635770	rs661440
chr22	20636375	rs17757910
chr22	20636775	rs580204
chr22	20636842	rs5751615
chr22	20639041	rs759224
chr22	20639180	rs741193
chr22	20639232	rs741194
chr22	20639510	rs2016016
chr22	20639674	rs9612548
chr22	20639899	rs2539918
chr22	20642308	rs658793
chr22	20643196	rs673017
chr22	20644903	rs526119
chr22	20645339	rs41368547
chr22	20646741	rs5996524
chr22	20646787	rs612325
chr22	20647135	rs624100
chr22	20648150	rs2058554
chr22	20649323	rs4822389
chr22	20650189	rs7285501
chr22	20650518	rs5759767
chr22	20651135	rs17211605
chr22	20651410	rs1339959
chr22	20651905	rs13055518
chr22	20653198	rs1076455
chr22	20653880	rs635095
chr22	20655309	rs651851
chr22	20655566	rs653137
chr22	20656845	rs9612573
chr22	20659060	rs5759849
chr22	20660756	rs5751683
chr22	20660931	rs5751684
chr22	20664837	rs2110412
chr22	20666976	rs674478
chr22	20670592	rs520698
chr22	20671715	rs552668
chr22	20673850	rs598141
chr22	20674658	rs565979
chr22	20680521	rs28668558
chr22	20699101	rs13055308
chr22	20706071	rs4820575
chr22	20707880	rs1058552
chr22	20707980	rs13471
chr22	20714371	rs641901
chr22	20721249	rs5751800
chr22	20721841	rs4820579
chr22	20726116	rs6004060
chr22	20735860	rs11705170
chr22	20740493	rs1558657
chr22	20745009	rs2072513
chr22	20745190	rs2072514
chr22	20746554	rs2329483
chr22	20748202	rs2241138
chr22	20748685	rs738057
chr22	20749263	rs6004133
chr22	20751055	rs2072515
chr22	20751767	rs5751852
chr22	20752865	rs2329583
chr22	20760313	rs4820588
chr22	20760956	rs2072517
chr22	20762772	rs6004160
chr22	20764018	rs4822497
chr22	20764236	rs9608386
chr22	20764630	rs165764
chr22	20768124	rs165818
chr22	20768959	rs165848
chr22	20770910	rs165618
chr22	20772056	rs178028
chr22	20773918	rs165730
chr22	20774288	rs178029
chr22	20775007	rs178030
chr22	20775841	rs178031
chr22	20776043	rs178032
chr22	20776261	rs165866
chr22	20777866	rs165912
chr22	20779331	rs5905
chr22	20781058	rs165862
chr22	20781475	rs165583
chr22	20784256	rs5902
chr22	20784954	rs5751939
chr22	20785667	rs110374
chr22	20787146	rs78656
chr22	20787446	rs178040
chr22	20791177	rs17820181
chr22	20793005	rs165793
chr22	20793997	rs165780
chr22	20795153	rs165915
chr22	20795724	rs13056862
chr22	20796052	rs165924
chr22	20797367	rs178042
chr22	20797783	rs165622
chr22	20797891	rs165813
chr22	20799302	rs165758
chr22	20799994	rs165742
chr22	20800102	rs361556
chr22	20806296	rs178047
chr22	20809039	rs165811
chr22	20811387	rs165902
chr22	20812050	rs178048
chr22	20813499	rs165854
chr22	20814834	rs165701
chr22	20815587	rs165634
chr22	20818210	rs178051
chr22	20820068	rs165660
chr22	20820156	rs17758477
chr22	20824176	rs165699
chr22	20824435	rs3788327
chr22	20834444	rs165729
chr22	20839316	rs178058
chr22	20843391	rs178059
chr22	20844488	rs4822606
chr22	20849892	rs165696
chr22	20853318	rs165707
chr22	20853948	rs178064
chr22	20856819	rs178066
chr22	20857920	rs178068
chr22	20858188	rs165596
chr22	20859092	rs1061063
chr22	20862407	rs165598
chr22	20863287	rs178069
chr22	20864051	rs178070
chr22	20865716	rs165686
chr22	20866043	rs165623
chr22	20866445	rs10483104
chr22	20867517	rs715579
chr22	20878982	rs178074
chr22	20881853	rs165783
chr22	20882084	rs2266950
chr22	20885820	rs165905
chr22	20887566	rs165877
chr22	20888256	rs178077
chr22	20888965	rs165801
chr22	20889355	rs165861
chr22	20889399	rs11577
chr22	20892614	rs12162703
chr22	20892760	rs178083
chr22	20898781	rs165841
chr22	20899293	rs178084
chr22	20904004	rs178092
chr22	20907161	rs9613260
chr22	20909263	rs2329552
chr22	20919153	rs2266951
chr22	20920050	rs929202
chr22	20920741	rs4822687
chr22	20921571	rs6004917
chr22	20923183	rs5761368
chr22	20930997	rs12628875
chr22	20931558	rs5761386
chr22	20932609	rs3819652
chr22	20932653	rs13057428
chr22	20938456	rs5752284
chr22	20938913	rs5761424
chr22	20940126	rs5761433
chr22	20942259	rs7292964
chr22	20946020	rs4822700
chr22	20947048	rs12484413
chr22	20948032	rs17819409
chr22	20948637	rs2266953
chr22	20949423	rs2266955
chr22	20950120	rs737894
chr22	20950175	rs1548410
chr22	20951185	rs9613388
chr22	20952112	rs1043235
chr22	20952455	rs1043242
chr22	20952770	rs2285547
chr22	20957433	rs178251
chr22	20958141	rs178252
chr22	20961970	rs121004
chr22	20963144	rs2018682
chr22	20963373	rs5761551
chr22	20964145	rs756875
chr22	20964753	rs2239959
chr22	20968548	rs178255
chr22	20969894	rs178259
chr22	20970019	rs178260
chr22	20974834	rs733455
chr22	20975977	rs178268
chr22	20977267	rs178271
chr22	20977340	rs178272
chr22	20977388	rs178274
chr22	20977833	rs178277
chr22	20979216	rs8139975
chr22	20980172	rs8140475
chr22	20980373	rs8136699
chr22	20980970	rs178278
chr22	20981270	rs7292968
chr22	20981317	rs389183
chr22	20981322	rs367851
chr22	20982073	rs16988950
chr22	20982977	rs178280
chr22	20983036	rs13054014
chr22	20983675	rs7289487
chr22	20984254	rs178282
chr22	20985462	rs178285
chr22	20988220	rs2269779
chr22	20988522	rs4822783
chr22	20990595	rs2073989
chr22	20992196	rs112544
chr22	20992430	rs756876
chr22	20993795	rs178291
chr22	20996591	rs178295
chr22	20997831	rs3747081
chr22	20997892	rs178296
chr22	20999039	rs178297
chr22	21002277	rs369250
chr22	21002864	rs1053775
chr22	21003313	rs396130
chr22	21003915	rs369935
chr22	21004233	rs430305
chr22	21006771	rs428214
chr22	21007581	rs373092
chr22	21008560	rs398577
chr22	21009017	rs2075274
chr22	21009216	rs2516542
chr22	21009455	rs2075276
chr22	21009671	rs2239961
chr22	21010560	rs395938
chr22	21011095	rs399647
chr22	21013301	rs1003968
chr22	21016938	rs9625334
chr22	21018116	rs2073598
chr22	21020261	rs8141816
chr22	21021803	rs2541943
chr22	21023012	rs1548411
chr22	21023045	rs1548412
chr22	21023361	rs2277838
chr22	21025775	rs1477145
chr22	21027357	rs2541953
chr22	21028193	rs2075277
chr22	21030289	rs2270384
chr22	21031554	rs2072549
chr22	21031730	rs2072550
chr22	21033678	rs5752500
chr22	21038654	rs12627919
chr22	21042239	rs6005346
chr22	21044989	rs2002814
chr22	21048437	rs12168111
chr22	21049824	rs9625422
chr22	21054729	rs5762105
chr22	21054902	rs2241223
chr22	21061453	rs5762153
chr22	21062115	rs5762158
chr22	21062153	rs442656
chr22	21065510	rs410356
chr22	21065811	rs2106262
chr22	21067030	rs16989070
chr22	21067136	rs429738
chr22	21067170	rs2075270
chr22	21067405	rs365856
chr22	21067807	rs370279
chr22	21068747	rs9608678
chr22	21069619	rs2075271
chr22	21070125	rs383331
chr22	21070300	rs9620784
chr22	21071480	rs408718
chr22	21073090	rs727497
chr22	21073288	rs403653
chr22	21074005	rs9613607
chr22	21075417	rs428702
chr22	21076765	rs400946
chr22	21076892	rs439792
chr22	21083272	rs1210585
chr22	21084128	rs421390
chr22	21086213	rs382407
chr22	21088994	rs444763
chr22	21091107	rs933582
chr22	21092305	rs11913109
chr22	21094649	rs367594
chr22	21094739	rs431319
chr22	21095731	rs9306459
chr22	21095892	rs9608693
chr22	21095975	rs6005625
chr22	21096403	rs5997305
chr22	21096808	rs1210601
chr22	21097436	rs391649
chr22	21097948	rs1210606
chr22	21103793	rs2541925
chr22	21104336	rs4822940
chr22	21104483	rs2519458
chr22	21104515	rs2519459
chr22	21104636	rs2543397
chr22	21105719	rs140390
chr22	21105931	rs2543398
chr22	21106985	rs140391
chr22	21107318	rs5762401
chr22	21109226	rs2845419
chr22	21109441	rs2845421
chr22	21110761	rs2845422
chr22	21443910	rs8136398
chr22	21444618	rs465500
chr22	21445753	rs467181
chr22	21446155	rs128477
chr22	21447200	rs464694
chr22	21452112	rs460106
chr22	21454844	rs34043275
chr22	21454896	rs463426
chr22	21457702	rs5997982
chr22	21555991	rs8139142
chr22	21562901	rs131654
chr22	21566614	rs131665
chr22	21567005	rs140489
chr22	21568075	rs140491
chr22	21568615	rs2266959
chr22	21568855	rs140492
chr22	21572775	rs140498
chr22	21574352	rs181359
chr22	21574627	rs181360
chr22	21577779	rs181362
chr22	21585386	rs5754217
chr22	21585900	rs4820091
chr22	21589649	rs1034329
chr22	21591562	rs5998619
chr22	21595122	rs2070512
chr22	21602364	rs2283790
chr22	21604583	rs11089629
chr22	21610472	rs4821112
chr22	21612153	rs5998672
chr22	21613932	rs738127
chr22	21619030	rs4821116
chr22	21622645	rs7444
chr22	21624807	rs11089637
chr22	21625000	rs4821124
chr22	21625295	rs12158299
chr22	21626605	rs4821130
chr22	21627960	rs878825
chr22	21628603	rs2298428
chr22	21628971	rs2298429
chr22	21630805	rs5754467
chr22	21631812	rs34592211
chr22	21632538	rs861855
chr22	21634235	rs861854
chr22	21634310	rs371513
chr22	21634544	rs12170285
chr22	21635332	rs2236642
chr22	21636534	rs11705259
chr22	21638778	rs861850
chr22	21642781	rs13054355
chr22	21651930	rs861844
chr22	21656629	rs447001
chr22	21660855	rs9941935
chr22	21667716	rs1103229
chr22	21669861	rs2247115
chr22	21671381	rs108816
chr22	21673059	rs1669125
chr22	21673835	rs3788329
chr22	21675982	rs416661
chr22	21681662	rs1669114
chr22	21681911	rs11703445
chr22	21682223	rs881091
chr22	21682934	rs1647712
chr22	21684169	rs5749643
chr22	21684910	rs861833
chr22	21685574	rs396913
chr22	21688029	rs861829
chr22	21691314	rs861826
chr22	21692498	rs12170039
chr22	21694573	rs5999098
chr22	21695494	rs12484060
chr22	21698525	rs1045681
chr22	21699591	rs3747094
chr22	21700318	rs861817
chr22	21700991	rs710172
chr22	21701105	rs1860
chr22	21702984	rs5754727
chr22	21707924	rs762349
chr22	21709048	rs5749696
chr22	21710962	rs11914240
chr22	21713433	rs8139619
chr22	21713850	rs7349039
chr22	21714228	rs17821327
chr22	21715051	rs16997333
chr22	21716200	rs2329827
chr22	21722116	rs8135758
chr22	21724874	rs7292106
chr22	21726576	rs738857
chr22	21727578	rs9607209
chr22	21728531	rs9607210
chr22	21732084	rs4821217
chr22	21739303	rs743407
chr22	21741482	rs5994885
chr22	21741631	rs5999264
chr22	21744398	rs9610216
chr22	21745999	rs5749779
chr22	21746429	rs5754932
chr22	21750584	rs9607241
chr22	21752246	rs2876980
chr22	21758238	rs9610271
chr22	21759399	rs2276005
chr22	21759598	rs2276006
chr22	21761064	rs9340
chr22	21761209	rs3810610
chr22	21761597	rs13515
chr22	21762178	rs1063311
chr22	21765864	rs17821423
chr22	21767038	rs5755074
chr22	21767265	rs2266966
chr22	21767860	rs17759598
chr22	21768900	rs2298432
chr22	21774389	rs2006893
chr22	21774926	rs743409
chr22	21776836	rs2283792
chr22	21782109	rs9607272
chr22	21787536	rs5749939
chr22	21790812	rs5999515
chr22	21792110	rs5999521
chr22	21796693	rs7290469
chr22	21797532	rs9610338
chr22	21798950	rs2298434
chr22	21802500	rs2266967
chr22	21803372	rs5749986
chr22	21821696	rs17821572
chr22	21825894	rs7286558
chr22	21829691	rs4821367
chr22	21832190	rs1892846
chr22	21832804	rs9610375
chr22	21833371	rs5999749
chr22	21835874	rs17759796
chr22	21837296	rs8141815
chr22	21840786	rs12172554
chr22	21845681	rs9610417
chr22	21846241	rs5755694
chr22	21850504	rs8136867
chr22	21851322	rs2876981
chr22	21854850	rs9610470
chr22	21858685	rs2283795
chr22	21859680	rs9610487
chr22	21865784	rs5750113
chr22	21890724	rs7285260
chr22	21898685	rs9610574
chr22	21900662	rs171276
chr22	21906101	rs6000043
chr22	21907717	rs8142618
chr22	21908029	rs8143081
chr22	21912237	rs240054
chr22	21912468	rs240055
chr22	21918364	rs9610608
chr22	21919838	rs5756076
chr22	21920372	rs17759843
chr22	21923198	rs2070507
chr22	21926720	rs6000156
chr22	21927265	rs240064
chr22	21927529	rs915726
chr22	21927890	rs2329884
chr22	21928404	rs894095
chr22	21930141	rs2099792
chr22	21930952	rs5995248
chr22	21932419	rs3788333
chr22	21933592	rs2027790
chr22	21934188	rs9610645
chr22	21936031	rs240068
chr22	21938623	rs240066
chr22	21941382	rs2083564
chr22	21941747	rs240065
chr22	21946569	rs1005579
chr22	21950571	rs9610690
chr22	21951257	rs381523
chr22	21953009	rs875344
chr22	21960091	rs239917
chr22	21960940	rs2283797
chr22	21964166	rs9610728
chr22	21964299	rs9610729
chr22	21967766	rs9610750
chr22	21972239	rs743525
chr22	21973944	rs2266977
chr22	21973977	rs2266978
chr22	21975375	rs732466
chr22	21975710	rs239927
chr22	21977669	rs2266980
chr22	21978653	rs11703249
chr22	21978846	rs5756306
chr22	21980398	rs5756323
chr22	21981242	rs5756326
chr22	21982115	rs9607473
chr22	21982311	rs9607474
chr22	21984802	rs11705283
chr22	21987850	rs5995345
chr22	21988067	rs17821866
chr22	21989156	rs1866859
chr22	21990451	rs4821537
chr22	21991587	rs9607485
chr22	21994691	rs238775
chr22	21995568	rs5756378
chr22	21996786	rs5756386
chr22	21996968	rs5756388
chr22	21997641	rs12159264
chr22	22000971	rs1016547
chr22	22001099	rs1016548
chr22	22003803	rs6000509
chr22	22006252	rs61139
chr22	22007955	rs405698
chr22	22010807	rs418913
chr22	22014399	rs404868
chr22	22017240	rs460715
chr22	22017336	rs9610872
chr22	22020603	rs9610881
chr22	22024669	rs1441033
chr22	22025671	rs410754
chr22	22025819	rs367753
chr22	22026345	rs412325
chr22	22026929	rs436484
chr22	22027370	rs410285
chr22	22032219	rs9610900
chr22	22032431	rs419893
chr22	22033934	rs409381
chr22	22034613	rs431733
chr22	22037243	rs381469
chr22	22037934	rs5995412
chr22	22038074	rs6000656
chr22	22038486	rs417417
chr22	22039207	rs12158484
chr22	22039745	rs365783
chr22	22039828	rs366116
chr22	22040345	rs368014
chr22	22040637	rs4821629
chr22	22041356	rs2213141
chr22	22042626	rs5750426
chr22	22042657	rs11089871
chr22	22043509	rs986643
chr22	22043729	rs986645
chr22	22043822	rs986646
chr22	22046025	rs738865
chr22	22046492	rs4145409
chr22	22046608	rs4145410
chr22	22046772	rs5756660
chr22	22047138	rs1894239
chr22	22047481	rs16981932
chr22	22047705	rs13340040
chr22	22048542	rs5750432
chr22	22058753	rs1076852
chr22	22059381	rs735455
chr22	22061134	rs762470
chr22	22061594	rs762472
chr22	22062158	rs5756719
chr22	22063281	rs5756725
chr22	22063414	rs5756727
chr22	22064696	rs714973
chr22	22065715	rs7286238
chr22	22066838	rs6000820
chr22	22067462	rs17820611
chr22	22067863	rs4820291
chr22	22069891	rs6519111
chr22	22071082	rs4821680
chr22	22072612	rs5750465
chr22	22072713	rs9610967
chr22	22073009	rs7291026
chr22	22073194	rs9607545
chr22	22073952	rs9622817
chr22	22074462	rs7291954
chr22	22074561	rs6000857
chr22	22074848	rs16982497
chr22	22075457	rs4145417
chr22	22075818	rs5750469
chr22	22076400	rs5756765
chr22	22076541	rs928901
chr22	22076634	rs4821685
chr22	22078699	rs4821687
chr22	22079228	rs16982618
chr22	22079627	rs8139423
chr22	22080244	rs9610974
chr22	22080425	rs7285864
chr22	22080481	rs7284771
chr22	22080527	rs7284887
chr22	22081431	rs743529
chr22	22081750	rs5750487
chr22	22081768	rs2329928
chr22	22081861	rs5750488
chr22	22081907	rs16982689
chr22	22082930	rs2329929
chr22	22083244	rs5756807
chr22	22083318	rs5756808
chr22	22083639	rs737796
chr22	22084548	rs13058341
chr22	22084694	rs713638
chr22	22084887	rs713636
chr22	22086088	rs1894251
chr22	22086377	rs5750496
chr22	22086418	rs13058323
chr22	22086902	rs5750498
chr22	22090164	rs4821718
chr22	22092048	rs5756832
chr22	22092163	rs5756833
chr22	22100270	rs16983057
chr22	22100315	rs16983062
chr22	22102265	rs16983131
chr22	22103002	rs5756862
chr22	22103136	rs7290065
chr22	22104747	rs7287024
chr22	22109835	rs8140543
chr22	22111134	rs5750526
chr22	22113495	rs5756895
chr22	22118685	rs2282670
chr22	22129497	rs16983891
chr22	22129955	rs4820327
chr22	22135230	rs7291227
chr22	22138633	rs9611098
chr22	22143005	rs2213161
chr22	22143981	rs4145535
chr22	22144396	rs5750601
chr22	22144916	rs9622968
chr22	22145001	rs16984390
chr22	22145221	rs16984404
chr22	22145879	rs5757080
chr22	22147786	rs738902
chr22	22149505	rs6001121
chr22	22150553	rs6001122
chr22	22150929	rs5995576
chr22	22154039	rs16984675
chr22	22155208	rs9306334
chr22	22156977	rs4821790
chr22	22158022	rs987710
chr22	22159186	rs9619811
chr22	22160031	rs5757123
chr22	22162812	rs737842
chr22	22163086	rs2073454
chr22	22163485	rs5757137
chr22	22165378	rs5757155
chr22	22165674	rs4239891
chr22	22166332	rs4821794
chr22	22166765	rs4820339
chr22	22167132	rs743517
chr22	22167872	rs743518
chr22	22168470	rs5757168
chr22	22168489	rs5757170
chr22	22168591	rs5757171
chr22	22169294	rs4821796
chr22	22170254	rs5757186
chr22	22171214	rs16985150
chr22	22177139	rs5757246
chr22	22177186	rs5757247
chr22	22177442	rs1076851
chr22	22178249	rs743520
chr22	22178938	rs4991799
chr22	22178958	rs4991801
chr22	22179189	rs5750674
chr22	22180477	rs9607653
chr22	22180747	rs713644
chr22	22182456	rs4145536
chr22	22183804	rs6001217
chr22	22183834	rs7291684
chr22	22184348	rs6001219
chr22	22184686	rs9623019
chr22	22185250	rs5995615
chr22	22185882	rs928894
chr22	22185929	rs928896
chr22	22186042	rs6001224
chr22	22186667	rs5995616
chr22	22187693	rs6001229
chr22	22194092	rs1543779
chr22	22194431	rs7293219
chr22	22194768	rs5995628
chr22	22195678	rs2073446
chr22	22196110	rs2073448
chr22	22197535	rs5757346
chr22	22200684	rs2330020
chr22	22201167	rs2330025
chr22	22203557	rs1008560
chr22	22204064	rs4821846
chr22	22205356	rs7364255
chr22	22206098	rs1557492
chr22	22206588	rs9623076
chr22	22206979	rs2187581
chr22	22207584	rs2040345
chr22	22208485	rs7287401
chr22	22214511	rs6001408
chr22	22219245	rs12159423
chr22	22225408	rs6001474
chr22	22225429	rs12628686
chr22	22225921	rs5757512
chr22	22229175	rs5757568
chr22	22229859	rs5750778
chr22	22230413	rs8141482
chr22	22236464	rs7286018
chr22	22238631	rs1573600
chr22	22244804	rs11089978
chr22	22244968	rs9619852
chr22	22245125	rs1320
chr22	22245293	rs5995720
chr22	22245352	rs6001563
chr22	22245396	rs2285019
chr22	22245798	rs10854726
chr22	22246500	rs5750807
chr22	22255427	rs5757691
chr22	22315656	rs4277621
chr22	22315726	rs1541312
chr22	22327407	rs3819309
chr22	22330982	rs11702992
chr22	22339960	rs5757912
chr22	22340029	rs5757913
chr22	22340133	rs6001881
chr22	22340303	rs5757914
chr22	22342662	rs8140634
chr22	22345751	rs16987355
chr22	22348040	rs10483111
chr22	22351840	rs1034362
chr22	22352213	rs4395341
chr22	22356410	rs17578409
chr22	22357438	rs736898
chr22	22363449	rs9680758
chr22	22364591	rs7288435
chr22	22367332	rs731036
chr22	22372302	rs16987792
chr22	22374815	rs8140331
chr22	22374876	rs16987822
chr22	22377389	rs6002026
chr22	22377844	rs6002030
chr22	22379032	rs6519260
chr22	22379789	rs1477442
chr22	22381922	rs7284345
chr22	22390744	rs5750997
chr22	22391157	rs435415
chr22	22394160	rs387756
chr22	22395853	rs5995959
chr22	22396767	rs5758117
chr22	22408319	rs2051489
chr22	22420175	rs6002263
chr22	22421078	rs7286936
chr22	22425315	rs16988279
chr22	22442902	rs7285621
chr22	22452457	rs1894242
chr22	22463284	rs1076108
chr22	22466597	rs16988712
chr22	22476898	rs377976
chr22	22479416	rs403517
chr22	22484750	rs414781
chr22	22485078	rs398182
chr22	22485938	rs9306362
chr22	22486760	rs5758470
chr22	22487881	rs11109
chr22	22488632	rs2236729
chr22	22490315	rs5758484
chr22	22490916	rs5751168
chr22	22491242	rs16989048
chr22	22494209	rs965764
chr22	22506261	rs2330097
chr22	22507208	rs362139
chr22	22507676	rs361901
chr22	22507724	rs361676
chr22	22509461	rs7290828
chr22	22512100	rs5996102
chr22	22547644	rs3747098
chr22	22547848	rs8405
chr22	22548886	rs2073725
chr22	22560546	rs2266991
chr22	22568011	rs4822138
chr22	22568655	rs4820469
chr22	22571225	rs4822154
chr22	22580424	rs6002823
chr22	22582531	rs5758828
chr22	22589217	rs5751346
chr22	22597433	rs5758942
chr22	22601683	rs4306796
chr22	22603420	rs5758984
chr22	22611174	rs4822229
chr22	22612826	rs5759050
chr22	22615040	rs5759061
chr22	22616398	rs5759068
chr22	22617949	rs16989789
chr22	22655654	rs8141949
chr22	22656163	rs6003182
chr22	22657560	rs6003185
chr22	22658283	rs11912442
chr22	22659011	rs456455
chr22	22660229	rs455578
chr22	22670239	rs4481090
chr22	22670537	rs2330132
chr22	22685337	rs433466
chr22	22689115	rs6003222
chr22	22689964	rs5751511
chr22	22692748	rs3814997
chr22	22693620	rs5759373
chr22	22712129	rs9623882
chr22	22713977	rs2164667
chr22	22718209	rs8140385
chr22	22720127	rs6003245
chr22	22728739	rs12484427
chr22	22769368	rs6003293
chr22	22778642	rs6003301
chr22	22830010	rs6003322
chr22	22858154	rs408384
chr22	22866340	rs367216
chr22	22871408	rs6003347
chr22	22897847	rs12171150
chr22	22906870	rs2854095
chr22	22908567	rs1475930
chr22	22909687	rs464805
chr22	22913354	rs2854096
chr22	22913385	rs2854097
chr22	22913698	rs2854098
chr22	22914880	rs370534
chr22	22916061	rs390407
chr22	22916199	rs451115
chr22	22916268	rs6003388
chr22	22916824	rs364402
chr22	22917689	rs6003389
chr22	22919158	rs5996419
chr22	22920188	rs11090195
chr22	22921536	rs737885
chr22	22923946	rs394409
chr22	22925879	rs406696
chr22	22926217	rs5759535
chr22	22926338	rs374167
chr22	22929074	rs8135996
chr22	22930481	rs403478
chr22	22933062	rs429942
chr22	22933176	rs5759540
chr22	22934255	rs436599
chr22	22934288	rs4822351
chr22	22936414	rs463235
chr22	22936434	rs7288450
chr22	22937206	rs8139942
chr22	22939433	rs2188131
chr22	22940714	rs469120
chr22	22940920	rs455929
chr22	22941056	rs469412
chr22	22941207	rs756738
chr22	22942812	rs915614
chr22	22943068	rs2012607
chr22	22943510	rs8137688
chr22	22946093	rs5996421
chr22	22946373	rs6003397
chr22	22948897	rs6003402
chr22	22949429	rs9623979
chr22	22950223	rs11705658
chr22	22955703	rs9612177
chr22	22957448	rs1892724
chr22	22957595	rs915613
chr22	22959156	rs2013551
chr22	22962149	rs9620193
chr22	22973732	rs877728
chr22	22978165	rs2213953
chr22	22982664	rs765744
chr22	22984652	rs6003438
chr22	22985570	rs6003439
chr22	22993371	rs13053230
chr22	22995538	rs11913797
chr22	22996044	rs6003445
chr22	22996336	rs6003446
chr22	22997033	rs6003447
chr22	23001927	rs6003452
chr22	23002997	rs7285399
chr22	23004330	rs7285534
chr22	23008706	rs9306382
chr22	23010766	rs2330333
chr22	23014571	rs5996446
chr22	23021261	rs882512
chr22	23022202	rs876101
chr22	23022419	rs4300938
chr22	23024137	rs1297466
chr22	23027658	rs6003472
chr22	23029966	rs6003475
chr22	23031967	rs6003478
chr22	23032030	rs5996453
chr22	23037078	rs5996455
chr22	23037185	rs6003482
chr22	23037808	rs6003484
chr22	23041683	rs4434089
chr22	23044467	rs7292309
chr22	23053506	rs875602
chr22	23056460	rs756634
chr22	23057565	rs6003495
chr22	23064885	rs13054331
chr22	23065123	rs9624019
chr22	23065939	rs9608071
chr22	23069838	rs3788337
chr22	23073819	rs5751574
chr22	23075491	rs3788339
chr22	23075572	rs3788341
chr22	23078872	rs9306383
chr22	23079866	rs5759580
chr22	23080704	rs3827315
chr22	23080921	rs3788342
chr22	23081061	rs3788343
chr22	23087037	rs5751579
chr22	23088223	rs6519411
chr22	23089160	rs4820536
chr22	23090047	rs6003502
chr22	23092140	rs5751583
chr22	23097343	rs874138
chr22	23097569	rs5996464
chr22	23102896	rs2266997
chr22	23104199	rs2266998
chr22	23107768	rs2330338
chr22	23109049	rs16997431
chr22	23112535	rs2283802
chr22	23113179	rs2267000
chr22	23120996	rs756631
chr22	23122623	rs4820537
chr22	23123844	rs1051875
chr22	23125617	rs3788347
chr22	23127731	rs756632
chr22	23131044	rs4822357
chr22	23131898	rs13055979
chr22	23133575	rs5751589
chr22	23135783	rs4820539
chr22	23138775	rs5759598
chr22	23140273	rs4822360
chr22	23140531	rs4822361
chr22	23140557	rs4822362
chr22	23146855	rs5751591
chr22	23147175	rs5759602
chr22	23148148	rs2283804
chr22	23148803	rs2267006
chr22	23148813	rs4822363
chr22	23150049	rs9612248
chr22	23152646	rs5759603
chr22	23152717	rs2301555
chr22	23155487	rs5751592
chr22	23160291	rs2267007
chr22	23160521	rs5759608
chr22	23160800	rs9612252
chr22	23160934	rs5759611
chr22	23160983	rs5759612
chr22	23161079	rs5759614
chr22	23161132	rs5759615
chr22	23161464	rs713682
chr22	23161569	rs737818
chr22	23161632	rs737819
chr22	23162218	rs4820541
chr22	23162471	rs5751593
chr22	23162675	rs5759619
chr22	23162729	rs5759620
chr22	23162772	rs5759621
chr22	23163747	rs1807460
chr22	23163765	rs8142746
chr22	23168617	rs5759624
chr22	23176859	rs5759631
chr22	23178907	rs3761418
chr22	23182895	rs5751603
chr22	23187981	rs2267009
chr22	23189844	rs4820542
chr22	23192179	rs2267010
chr22	23196511	rs5759636
chr22	23198227	rs2071431
chr22	23198422	rs4822371
chr22	23199301	rs2071436
chr22	23203692	rs2267013
chr22	23216285	rs6003561
chr22	23220704	rs2256725
chr22	23221793	rs2267016
chr22	23223832	rs5751611
chr22	23226671	rs762601
chr22	23226876	rs2156921
chr22	23232307	rs1010609
chr22	23233455	rs4822375
chr22	23242945	rs1004040
chr22	23245707	rs5751613
chr22	23246006	rs2267018
chr22	23250864	rs5751614
chr22	23254843	rs140500
chr22	23257826	rs928781
chr22	23260155	rs5759666
chr22	23264197	rs5759668
chr22	23269837	rs9612270
chr22	23270311	rs743584
chr22	23271839	rs9612272
chr22	23272438	rs140503
chr22	23273159	rs5759671
chr22	23273614	rs12233352
chr22	23274168	rs3788358
chr22	23274246	rs12166802
chr22	23276617	rs7289192
chr22	23279200	rs5759676
chr22	23281097	rs7288846
chr22	23283143	rs9624074
chr22	23283363	rs11912657
chr22	23283468	rs11912682
chr22	23283894	rs8139664
chr22	23285182	rs140504
chr22	23287365	rs5759681
chr22	23287669	rs7291469
chr22	23289452	rs11090228
chr22	23290146	rs140506
chr22	23290326	rs16802
chr22	23290449	rs5759683
chr22	23291065	rs131678
chr22	23291286	rs2267022
chr22	23291655	rs3788360
chr22	23293931	rs2267023
chr22	23294354	rs2267025
chr22	23295013	rs2239666
chr22	23295838	rs17540103
chr22	23296448	rs5759686
chr22	23301025	rs6003605
chr22	23301343	rs5759691
chr22	23302238	rs12168342
chr22	23302490	rs4822378
chr22	23302607	rs9608102
chr22	23303227	rs131682
chr22	23303531	rs4822379
chr22	23305822	rs131690
chr22	23307055	rs131693
chr22	23308800	rs131702
chr22	23312249	rs5759698
chr22	23324192	rs5759716
chr22	23325544	rs5759717
chr22	23334708	rs5751636
chr22	23348138	rs11090233
chr22	23348201	rs6003638
chr22	23350551	rs8139654
chr22	23351724	rs12165974
chr22	23353217	rs4820550
chr22	23356632	rs6003643
chr22	23357082	rs738776
chr22	23358452	rs6003645
chr22	23358720	rs5759742
chr22	23359163	rs6003648
chr22	23359208	rs6003649
chr22	23365833	rs9612334
chr22	23366646	rs5996528
chr22	23370460	rs5996529
chr22	23371622	rs9620258
chr22	23374818	rs762260
chr22	23374984	rs5751639
chr22	23375463	rs6003668
chr22	23375800	rs5759748
chr22	23376089	rs12168012
chr22	23378082	rs5759750
chr22	23378233	rs5019659
chr22	23378397	rs5759751
chr22	23378474	rs5759753
chr22	23380863	rs5759758
chr22	23381534	rs9612340
chr22	23387511	rs4822392
chr22	23389614	rs7349056
chr22	23390972	rs6003682
chr22	23391828	rs17542290
chr22	23397346	rs5996534
chr22	23399918	rs2003752
chr22	23400522	rs743356
chr22	23404892	rs9612343
chr22	23408660	rs4822397
chr22	23410211	rs13056375
chr22	23410872	rs4822398
chr22	23410918	rs6003692
chr22	23411050	rs11913492
chr22	23412391	rs2330452
chr22	23414236	rs5996540
chr22	23414891	rs4822405
chr22	23415777	rs4822406
chr22	23417386	rs5751652
chr22	23417952	rs8141822
chr22	23419049	rs2330456
chr22	23419169	rs2017342
chr22	23419473	rs2017377
chr22	23420077	rs8138381
chr22	23420459	rs5759794
chr22	23420480	rs8138134
chr22	23420927	rs5751654
chr22	23421782	rs9612352
chr22	23423078	rs4822410
chr22	23423766	rs6003705
chr22	23432438	rs6003709
chr22	23446404	rs5759811
chr22	23447301	rs8139275
chr22	23451614	rs5751670
chr22	23461535	rs2000463
chr22	23467702	rs1986197
chr22	23471071	rs6519442
chr22	23473386	rs12169718
chr22	23474241	rs4822416
chr22	23475053	rs5759839
chr22	23475227	rs5759841
chr22	23475299	rs7289380
chr22	23475704	rs5759844
chr22	23477510	rs2330498
chr22	23478803	rs5996555
chr22	23484362	rs131305
chr22	23484488	rs140154
chr22	23484679	rs7290879
chr22	23485117	rs140152
chr22	23485397	rs17002022
chr22	23487274	rs4822418
chr22	23487436	rs6003740
chr22	23492253	rs131321
chr22	23492702	rs17543753
chr22	23492852	rs140156
chr22	23496904	rs9612361
chr22	23499169	rs131345
chr22	23501252	rs5996564
chr22	23501488	rs131349
chr22	23503360	rs140161
chr22	23506857	rs5759855
chr22	23507615	rs5759858
chr22	23509514	rs6003752
chr22	23510307	rs4822422
chr22	23511384	rs6003756
chr22	23511722	rs5996566
chr22	23512095	rs738781
chr22	23512673	rs915583
chr22	23512777	rs1811021
chr22	23512967	rs2330512
chr22	23513335	rs5759867
chr22	23513470	rs5759868
chr22	23518001	rs131356
chr22	23518068	rs179290
chr22	23518319	rs131357
chr22	23524131	rs5751691
chr22	23525737	rs4822423
chr22	23526943	rs131382
chr22	23527204	rs131384
chr22	23527597	rs2330514
chr22	23528855	rs9612370
chr22	23529014	rs131387
chr22	23529638	rs9612371
chr22	23530008	rs131390
chr22	23530749	rs4820556
chr22	23539400	rs9624207
chr22	23545562	rs7364197
chr22	23548649	rs131408
chr22	23548920	rs131409
chr22	23552510	rs179306
chr22	23552856	rs179307
chr22	23553438	rs17002476
chr22	23553602	rs17002478
chr22	23568559	rs8138979
chr22	23570536	rs107017
chr22	23579240	rs5996577
chr22	23579394	rs2282474
chr22	23580365	rs9624216
chr22	23580796	rs140174
chr22	23581238	rs131422
chr22	23582882	rs9620291
chr22	23583148	rs12627824
chr22	23583592	rs131429
chr22	23584947	rs131430
chr22	23587665	rs7287616
chr22	23588092	rs11090262
chr22	23589994	rs9612385
chr22	23591265	rs131433
chr22	23591838	rs17002697
chr22	23591843	rs6003807
chr22	23595545	rs3747125
chr22	23596017	rs7288250
chr22	23598804	rs4820559
chr22	23603182	rs11090264
chr22	23605165	rs2154592
chr22	23607368	rs9612389
chr22	23608459	rs2298372
chr22	23609566	rs17545261
chr22	23610440	rs9624230
chr22	23613578	rs17627963
chr22	23618000	rs6003815
chr22	23620217	rs12484556
chr22	23624533	rs9680742
chr22	23628841	rs12167140
chr22	23629954	rs12170399
chr22	23631538	rs17002910
chr22	23631662	rs3747102
chr22	23632013	rs3827318
chr22	23637032	rs9306387
chr22	23637155	rs10427870
chr22	23638681	rs16994633
chr22	23641235	rs11703537
chr22	23650864	rs6003824
chr22	23651171	rs6003826
chr22	23653026	rs3747106
chr22	23654134	rs8140665
chr22	23654276	rs6519460
chr22	23659456	rs5759940
chr22	23659650	rs7289879
chr22	23659843	rs5751705
chr22	23671101	rs2330555
chr22	23672042	rs12157657
chr22	23673951	rs1109403
chr22	23678388	rs10427834
chr22	23680120	rs5751708
chr22	23680444	rs738785
chr22	23682243	rs2330579
chr22	23682628	rs3747110
chr22	23686225	rs11090280
chr22	23686440	rs5751710
chr22	23687459	rs8140340
chr22	23688180	rs6003842
chr22	23688720	rs2070445
chr22	23689828	rs7287369
chr22	23691279	rs5751713
chr22	23691299	rs5751714
chr22	23691682	rs17629631
chr22	23692101	rs738786
chr22	23693783	rs2070446
chr22	23694376	rs2070447
chr22	23694470	rs2070448
chr22	23695119	rs12170464
chr22	23696660	rs1007298
chr22	23705470	rs6003847
chr22	23707806	rs6003849
chr22	23708284	rs17629956
chr22	23709844	rs9608174
chr22	23713755	rs915587
chr22	23714350	rs2070444
chr22	23715298	rs8143019
chr22	23719511	rs2330580
chr22	23737056	rs736860
chr22	23741686	rs9612413
chr22	23743065	rs17630135
chr22	23743667	rs2067621
chr22	23743920	rs5759985
chr22	23745132	rs2070451
chr22	23746137	rs5759986
chr22	23750410	rs6003870
chr22	23752649	rs2070452
chr22	23754213	rs2070453
chr22	23754487	rs2070454
chr22	23754596	rs1076123
chr22	23754828	rs9612418
chr22	23756956	rs5759997
chr22	23760221	rs9612422
chr22	23763087	rs2330621
chr22	23764261	rs2298375
chr22	23766790	rs131442
chr22	23767363	rs131444
chr22	23768857	rs131445
chr22	23771357	rs131451
chr22	23775338	rs738791
chr22	23775729	rs2267029
chr22	23779191	rs738792
chr22	23780690	rs28363661
chr22	23783502	rs28382575
chr22	23783705	rs28382576
chr22	23783797	rs28382577
chr22	23786818	rs2073387
chr22	23791383	rs2073390
chr22	23792207	rs5760022
chr22	23794355	rs17630758
chr22	23796114	rs5760023
chr22	23800336	rs738796
chr22	23803622	rs17003912
chr22	23804442	rs9620326
chr22	23805408	rs11912715
chr22	23806086	rs2267032
chr22	23813427	rs5760045
chr22	23815962	rs738798
chr22	23816128	rs738800
chr22	23816386	rs2073391
chr22	23816712	rs2070457
chr22	23817433	rs2073395
chr22	23820894	rs9608196
chr22	23824214	rs5996618
chr22	23829118	rs2186370
chr22	23831207	rs6003904
chr22	23832116	rs5760060
chr22	23832148	rs9612480
chr22	23832323	rs9612481
chr22	23832914	rs17003993
chr22	23833021	rs2267044
chr22	23833866	rs17003998
chr22	23836092	rs5760061
chr22	23836945	rs1128127
chr22	23837315	rs9612485
chr22	23838262	rs6003907
chr22	23839465	rs6003909
chr22	23840313	rs6519476
chr22	23841688	rs2070464
chr22	23842663	rs5751749
chr22	23844436	rs6003913
chr22	23844450	rs6003914
chr22	23844536	rs5760065
chr22	23845633	rs5760066
chr22	23849894	rs738802
chr22	23850692	rs738803
chr22	23850916	rs738804
chr22	23852754	rs5760071
chr22	23857332	rs17637865
chr22	23857517	rs16986337
chr22	23861559	rs17550765
chr22	23861612	rs9620328
chr22	23864168	rs4822441
chr22	23865775	rs2330625
chr22	23867863	rs4428104
chr22	23869793	rs1018743
chr22	23870639	rs11913427
chr22	23875262	rs12157360
chr22	23877973	rs17004024
chr22	23879108	rs4822442
chr22	23880419	rs2236619
chr22	23880523	rs2236620
chr22	23880557	rs2236621
chr22	23884055	rs2070460
chr22	23885059	rs6003939
chr22	23885938	rs1129067
chr22	23890688	rs9612503
chr22	23891275	rs915591
chr22	23891405	rs5760090
chr22	23891727	rs12628766
chr22	23891811	rs875643
chr22	23891985	rs738806
chr22	23892058	rs738807
chr22	23892306	rs5751759
chr22	23892477	rs2012124
chr22	23893011	rs4822443
chr22	23895033	rs35625249
chr22	23895675	rs2000466
chr22	23896878	rs6003942
chr22	23898117	rs17004046
chr22	23898153	rs5760093
chr22	23898914	rs1007888
chr22	23899346	rs2000467
chr22	23899407	rs17004049
chr22	23899424	rs2000468
chr22	23899797	rs11703791
chr22	23900786	rs4820571
chr22	23901386	rs5751760
chr22	23901549	rs5751761
chr22	23903405	rs11703881
chr22	23904886	rs11913559
chr22	23905106	rs5760095
chr22	23905123	rs5760096
chr22	23905979	rs4822451
chr22	23906127	rs5760098
chr22	23906183	rs7293178
chr22	23906525	rs5760101
chr22	23906574	rs5760102
chr22	23906904	rs1018744
chr22	23908458	rs5760106
chr22	23908648	rs17004053
chr22	23909157	rs2330635
chr22	23910655	rs5751770
chr22	23911868	rs2154594
chr22	23911926	rs2186366
chr22	23915150	rs1002286
chr22	23915592	rs9608216
chr22	23918556	rs8138536
chr22	23918956	rs915590
chr22	23922208	rs6003959
chr22	23923472	rs4822458
chr22	23925933	rs4822461
chr22	23927171	rs1892714
chr22	23927243	rs1892715
chr22	23927846	rs2330638
chr22	23928546	rs6003970
chr22	23928590	rs5996635
chr22	23954943	rs2739338
chr22	23956960	rs5742303
chr22	23969285	rs9624364
chr22	23970015	rs4822466
chr22	23971817	rs1006771
chr22	23972069	rs9612528
chr22	23994133	rs140289
chr22	23995877	rs6004011
chr22	24005875	rs5760176
chr22	24008132	rs405597
chr22	24009046	rs738809
chr22	24010332	rs422674
chr22	24011037	rs11090305
chr22	24022978	rs6004041
chr22	24023680	rs9624387
chr22	24027342	rs6004045
chr22	24031377	rs2267051
chr22	24031430	rs873833
chr22	24031553	rs4822470
chr22	24032793	rs5996663
chr22	24039395	rs7291031
chr22	24039506	rs5760186
chr22	24041599	rs2282475
chr22	24045997	rs5760189
chr22	24047235	rs12485146
chr22	24048858	rs17640355
chr22	24050841	rs17004823
chr22	24051620	rs762271
chr22	24051936	rs17004824
chr22	24054572	rs2073396
chr22	24056422	rs2070467
chr22	24056912	rs4306797
chr22	24061633	rs8138467
chr22	24064130	rs9624395
chr22	24066121	rs6004051
chr22	24067613	rs2282476
chr22	24067797	rs6004052
chr22	24068426	rs3827321
chr22	24069722	rs2051198
chr22	24072436	rs17854874
chr22	24073165	rs5996665
chr22	24076321	rs2283807
chr22	24078755	rs5760201
chr22	24084550	rs4820581
chr22	24092507	rs738808
chr22	24092897	rs2000470
chr22	24096098	rs2236622
chr22	24102702	rs2070468
chr22	24107857	rs9608238
chr22	24108024	rs176157
chr22	24118385	rs176159
chr22	24119260	rs13057912
chr22	24120324	rs176161
chr22	24122119	rs9620358
chr22	24122761	rs6004064
chr22	24124408	rs2070471
chr22	24129744	rs2267059
chr22	24131782	rs2003756
chr22	24132091	rs735863
chr22	24136175	rs8139439
chr22	24139262	rs2001106
chr22	24139663	rs9612557
chr22	24142073	rs2283808
chr22	24142951	rs17004848
chr22	24143767	rs5760216
chr22	24146513	rs5760220
chr22	24148515	rs2267062
chr22	24148640	rs2267063
chr22	24148665	rs2267064
chr22	24149093	rs2267065
chr22	24151104	rs2267067
chr22	24157567	rs8140812
chr22	24160539	rs6519501
chr22	24163771	rs2267071
chr22	24168509	rs17854875
chr22	24170926	rs8136015
chr22	24171063	rs8137732
chr22	24173500	rs11090310
chr22	24182018	rs3788368
chr22	24186073	rs8141797
chr22	24186574	rs34516619
chr22	24186771	rs2070469
chr22	24187911	rs2070470
chr22	24189002	rs5760244
chr22	24190103	rs5751813
chr22	24191335	rs9608247
chr22	24204470	rs4521150
chr22	24209217	rs8141627
chr22	24209970	rs35146655
chr22	24212361	rs5996674
chr22	24212956	rs6004094
chr22	24214190	rs5760262
chr22	24215362	rs5760263
chr22	24215749	rs743359
chr22	24219538	rs738810
chr22	24222363	rs5996675
chr22	24225858	rs7288670
chr22	24226502	rs8142702
chr22	24226680	rs2275984
chr22	24232795	rs35676668
chr22	24233412	rs9624434
chr22	24234125	rs2275985
chr22	24235823	rs4822473
chr22	24236435	rs4443101
chr22	24240854	rs5760273
chr22	24243101	rs2267073
chr22	24266203	rs5760293
chr22	24266681	rs5760294
chr22	24273497	rs5760301
chr22	24285587	rs9624447
chr22	24285611	rs5751838
chr22	24288543	rs17004892
chr22	24304886	rs1041748
chr22	24311144	rs5760331
chr22	24319081	rs5751846
chr22	24321550	rs3747113
chr22	24323637	rs2298378
chr22	24327676	rs5760345
chr22	24330750	rs2298380
chr22	24334619	rs5760351
chr22	24336077	rs4822485
chr22	24341900	rs738811
chr22	24346525	rs7293001
chr22	24348111	rs4820585
chr22	24349530	rs2082733
chr22	24351063	rs2330783
chr22	24356867	rs5760359
chr22	24359057	rs5760364
chr22	24360897	rs9608277
chr22	24364133	rs8137515
chr22	24364134	rs8137517
chr22	24371634	rs11703914
chr22	24379676	rs5760382
chr22	24393664	rs6004146
chr22	24397748	rs1347387
chr22	24406596	rs5751862
chr22	24410836	rs1003774
chr22	24413025	rs5760401
chr22	24416409	rs3747115
chr22	24417197	rs7678
chr22	24419320	rs5751869
chr22	24419438	rs5760410
chr22	24426695	rs7285057
chr22	24429543	rs2298383
chr22	24430704	rs3761422
chr22	24431111	rs8141793
chr22	24434627	rs2267076
chr22	24436579	rs17004919
chr22	24440056	rs2236624
chr22	24444150	rs5760423
chr22	24444708	rs17004921
chr22	24446484	rs5760425
chr22	24448915	rs17651189
chr22	24448980	rs17004922
chr22	24450423	rs1041749
chr22	24459214	rs1008932
chr22	24459573	rs1008931
chr22	24460361	rs9612627
chr22	24466770	rs738813
chr22	24469219	rs5760440
chr22	24475974	rs9624480
chr22	24482250	rs5760444
chr22	24482462	rs1547358
chr22	24482773	rs1547359
chr22	24482836	rs5760446
chr22	24483321	rs5760447
chr22	24484206	rs17004936
chr22	24485813	rs4822502
chr22	24487560	rs5760450
chr22	24489255	rs5760452
chr22	24497368	rs3788371
chr22	24498888	rs3788372
chr22	24502342	rs2232866
chr22	24506638	rs738814
chr22	24509320	rs140324
chr22	24516264	rs6004171
chr22	24517455	rs140335
chr22	24518324	rs140337
chr22	24522278	rs41446544
chr22	24522479	rs6004175
chr22	24523361	rs1892721
chr22	24526484	rs1314
chr22	24533057	rs28461882
chr22	24533803	rs11090327
chr22	24536999	rs8136239
chr22	24537101	rs6004179
chr22	24538402	rs9608295
chr22	24541002	rs9704
chr22	24547326	rs12170895
chr22	24547614	rs762283
chr22	24550956	rs743368
chr22	24551484	rs738820
chr22	24553338	rs12160660
chr22	24554723	rs16978673
chr22	24556530	rs5996717
chr22	24557259	rs2298386
chr22	24558864	rs3788374
chr22	24562049	rs4822507
chr22	24562148	rs17574411
chr22	24563548	rs5760475
chr22	24569917	rs5760479
chr22	24574139	rs762286
chr22	24574518	rs9830
chr22	24581318	rs9608299
chr22	24583479	rs2236626
chr22	24587296	rs16978740
chr22	24590505	rs5760485
chr22	24591997	rs874852
chr22	24593953	rs2154611
chr22	24594246	rs4820599
chr22	24594679	rs5760489
chr22	24594949	rs2070477
chr22	24595896	rs6519519
chr22	24595928	rs6519520
chr22	24596299	rs5751901
chr22	24597400	rs4820600
chr22	24599235	rs5760492
chr22	24600663	rs5751902
chr22	24644062	rs6004212
chr22	24680631	rs5751930
chr22	24683958	rs5760575
chr22	24684110	rs5760576
chr22	24685274	rs2330910
chr22	24687947	rs2154612
chr22	24690767	rs5751940
chr22	24691707	rs5751944
chr22	24694039	rs2014838
chr22	24694403	rs4822533
chr22	24694801	rs5760590
chr22	24696806	rs2011521
chr22	24698426	rs5760591
chr22	24699473	rs915610
chr22	24699485	rs915611
chr22	24701281	rs743377
chr22	24703148	rs9612740
chr22	24706748	rs5751950
chr22	24707057	rs5760596
chr22	24709380	rs6004247
chr22	24713060	rs2007382
chr22	24714909	rs131481
chr22	24716358	rs115525
chr22	24717363	rs5751957
chr22	24717595	rs131478
chr22	24718429	rs131477
chr22	24721953	rs131476
chr22	24728744	rs738825
chr22	24731898	rs5751960
chr22	24734981	rs5760613
chr22	24735458	rs8139987
chr22	24736531	rs5751963
chr22	24736591	rs5760614
chr22	24737085	rs2096533
chr22	24739715	rs6004255
chr22	24748945	rs11703684
chr22	24749127	rs5760620
chr22	24749486	rs1892723
chr22	24749504	rs1892722
chr22	24749786	rs1475853
chr22	24758809	rs7286060
chr22	24761488	rs8137801
chr22	24762359	rs5751975
chr22	24764818	rs9624586
chr22	24765607	rs6004268
chr22	24767657	rs6004273
chr22	24768921	rs5760627
chr22	24768993	rs5760628
chr22	24769034	rs5760629
chr22	24769080	rs5760630
chr22	24770353	rs2027609
chr22	24772430	rs1001445
chr22	24773582	rs6004274
chr22	24774169	rs8141311
chr22	24775326	rs6004275
chr22	24777377	rs16978950
chr22	24781230	rs4822545
chr22	24781341	rs6004279
chr22	24786657	rs9306399
chr22	24791577	rs5751997
chr22	24793088	rs139606
chr22	24796465	rs139610
chr22	24803331	rs5996761
chr22	24808547	rs139621
chr22	24808773	rs7288853
chr22	24809133	rs139622
chr22	24809752	rs5752002
chr22	24812431	rs7287595
chr22	24813410	rs3818061
chr22	24813757	rs5996763
chr22	24813786	rs2295102
chr22	24814201	rs16978988
chr22	24815262	rs1883993
chr22	24815826	rs5760680
chr22	24816735	rs11704456
chr22	24819338	rs1883994
chr22	24819967	rs7293112
chr22	24821773	rs9612777
chr22	24821923	rs5760687
chr22	24823963	rs2330929
chr22	24824479	rs9608342
chr22	24825363	rs7291051
chr22	24826002	rs4820614
chr22	24827695	rs4820615
chr22	24829281	rs139630
chr22	24829613	rs7288359
chr22	24829746	rs139631
chr22	24829802	rs139632
chr22	24829912	rs139633
chr22	24830190	rs16979022
chr22	24831930	rs713664
chr22	24832122	rs713651
chr22	24832329	rs713715
chr22	24832408	rs139637
chr22	24832610	rs16979031
chr22	24835441	rs6004307
chr22	24835455	rs4822549
chr22	24835603	rs139643
chr22	24835739	rs12170917
chr22	24836098	rs139644
chr22	24836725	rs139645
chr22	24836895	rs139646
chr22	24836951	rs139647
chr22	24838494	rs139653
chr22	24838514	rs2877251
chr22	24838923	rs139654
chr22	24842762	rs7291798
chr22	24842839	rs12485138
chr22	24843590	rs1997889
chr22	24845414	rs139661
chr22	24846625	rs139662
chr22	24846741	rs139663
chr22	24849151	rs139668
chr22	24849871	rs9620446
chr22	24852782	rs139675
chr22	24852798	rs139676
chr22	24852888	rs139677
chr22	24856225	rs139681
chr22	24856420	rs139683
chr22	24856543	rs139684
chr22	24856694	rs139686
chr22	24860044	rs41516144
chr22	24862860	rs11090351
chr22	24867273	rs5996780
chr22	24869823	rs13054678
chr22	24869844	rs9612797
chr22	24869915	rs9624632
chr22	24870005	rs11703103
chr22	24872248	rs16979118
chr22	24873551	rs6004338
chr22	24876486	rs2273144
chr22	24878360	rs6004341
chr22	24879426	rs737769
chr22	24884874	rs16979152
chr22	24886605	rs11914101
chr22	24886744	rs16979179
chr22	24886798	rs139719
chr22	24887635	rs4541332
chr22	24888862	rs139724
chr22	24891016	rs139729
chr22	24891922	rs5752014
chr22	24894520	rs2877253
chr22	24895109	rs5760712
chr22	24895128	rs5760713
chr22	24895715	rs5996789
chr22	24897010	rs139731
chr22	24898402	rs2073201
chr22	24901371	rs139735
chr22	24901788	rs139738
chr22	24902202	rs139740
chr22	24904691	rs139746
chr22	24906317	rs139748
chr22	24907974	rs11914055
chr22	24908506	rs139753
chr22	24909403	rs139756
chr22	24911604	rs139762
chr22	24912305	rs139763
chr22	24912539	rs139764
chr22	24917479	rs139776
chr22	24919786	rs5752018
chr22	24920383	rs5752019
chr22	24921077	rs9620460
chr22	24923201	rs2024647
chr22	24923277	rs2024648
chr22	24923570	rs2179876
chr22	24924404	rs5760738
chr22	24924771	rs5996792
chr22	24928660	rs5760741
chr22	24931992	rs9612814
chr22	24934467	rs5752023
chr22	24938902	rs5760747
chr22	24939010	rs5760748
chr22	24939827	rs5760749
chr22	24942531	rs5760750
chr22	24945236	rs5752024
chr22	24949570	rs5760752
chr22	24954120	rs4140486
chr22	24955412	rs715554
chr22	24961441	rs5760760
chr22	24968461	rs5996801
chr22	24968740	rs5760764
chr22	24969747	rs5760766
chr22	24970444	rs5760767
chr22	24972576	rs2142843
chr22	24972703	rs8141188
chr22	24978018	rs742167
chr22	24978536	rs2103587
chr22	24980233	rs9620475
chr22	24985078	rs11090362
chr22	24992351	rs5760779
chr22	24992998	rs5752036
chr22	24993113	rs5760780
chr22	24994737	rs5752038
chr22	24994888	rs5760781
chr22	24996337	rs760739
chr22	24997047	rs7287818
chr22	24997930	rs5760783
chr22	25001773	rs5752040
chr22	25007147	rs2064136
chr22	25007798	rs9612827
chr22	25008342	rs5996810
chr22	25009146	rs5760796
chr22	25014299	rs965197
chr22	25046402	rs16979472
chr22	25062766	rs11704260
chr22	25065485	rs5752051
chr22	25068343	rs6004417
chr22	25069098	rs6004418
chr22	25069175	rs6004419
chr22	25069273	rs6004420
chr22	25069289	rs5996830
chr22	25070586	rs6004423
chr22	25072863	rs17668150
chr22	25077167	rs726133
chr22	25081736	rs5760831
chr22	25082325	rs5760833
chr22	25083098	rs5752053
chr22	25083512	rs5760834
chr22	25083717	rs742163
chr22	25085014	rs5760836
chr22	25085248	rs6004430
chr22	25087800	rs6004431
chr22	25087954	rs5996834
chr22	25091877	rs713880
chr22	25095760	rs9612858
chr22	25099082	rs1076047
chr22	25104529	rs5760855
chr22	25105887	rs5760857
chr22	25110812	rs713989
chr22	25111023	rs760737
chr22	25113063	rs2294371
chr22	25114492	rs5760863
chr22	25114727	rs7289890
chr22	25115163	rs760738
chr22	25124128	rs5752064
chr22	25125216	rs9612869
chr22	25128949	rs4627697
chr22	25131665	rs9612872
chr22	25134092	rs2142842
chr22	25134929	rs5760868
chr22	25135035	rs4476445
chr22	25136586	rs738327
chr22	25137829	rs17606056
chr22	25140571	rs5752068
chr22	25143664	rs6004447
chr22	25144875	rs1534917
chr22	25146552	rs984814
chr22	25149020	rs9612876
chr22	25149645	rs875353
chr22	25152246	rs9612877
chr22	25153216	rs5752073
chr22	25154280	rs6004449
chr22	25157512	rs2027886
chr22	25157570	rs2027887
chr22	25159316	rs16979674
chr22	25159822	rs6004454
chr22	25159981	rs6004456
chr22	25160610	rs132893
chr22	25161667	rs9608373
chr22	25164612	rs16979683
chr22	25164634	rs16979684
chr22	25165248	rs132898
chr22	25167925	rs713725
chr22	25169453	rs7285325
chr22	25174306	rs5760891
chr22	25175334	rs2011102
chr22	25176781	rs5752075
chr22	25177464	rs12168578
chr22	25177547	rs1009989
chr22	25181721	rs763279
chr22	25181879	rs6004466
chr22	25187113	rs5996852
chr22	25189080	rs4822568
chr22	25190695	rs17607104
chr22	25190777	rs2330986
chr22	25193289	rs5996855
chr22	25193416	rs5996856
chr22	25193575	rs9608377
chr22	25193603	rs3948757
chr22	25193825	rs1547435
chr22	25193981	rs1547436
chr22	25195233	rs3747118
chr22	25195311	rs916442
chr22	25195880	rs3747120
chr22	25195916	rs3747121
chr22	25197485	rs763280
chr22	25197691	rs763281
chr22	25197723	rs763282
chr22	25201364	rs2269672
chr22	25201875	rs5752079
chr22	25202134	rs739314
chr22	25203882	rs17670506
chr22	25204732	rs732706
chr22	25206714	rs2330990
chr22	25206741	rs2252878
chr22	25207586	rs5760904
chr22	25208510	rs5760907
chr22	25210698	rs8138250
chr22	25211292	rs6004483
chr22	25212195	rs5996858
chr22	25212329	rs12169716
chr22	25212581	rs4820621
chr22	25213224	rs2001160
chr22	25213605	rs1054476
chr22	25213713	rs12167370
chr22	25214743	rs5760912
chr22	25215038	rs6519574
chr22	25215525	rs4822575
chr22	25217136	rs4822578
chr22	25217216	rs4822579
chr22	25219092	rs12169700
chr22	25219743	rs8136087
chr22	25220246	rs969623
chr22	25221379	rs16979774
chr22	25221635	rs739315
chr22	25222595	rs5752083
chr22	25222923	rs5760918
chr22	25223058	rs7286982
chr22	25223300	rs8142586
chr22	25223372	rs6004490
chr22	25224175	rs9608379
chr22	25225156	rs9306412
chr22	25225624	rs5752084
chr22	25226475	rs9608380
chr22	25227356	rs4404377
chr22	25227872	rs16986560
chr22	25232032	rs6004493
chr22	25232130	rs5996863
chr22	25233715	rs5752088
chr22	25234630	rs5760932
chr22	25236299	rs10483117
chr22	25240713	rs4822591
chr22	25245058	rs2330995
chr22	25246239	rs9612907
chr22	25254493	rs5752092
chr22	25254681	rs2187966
chr22	25256216	rs17608968
chr22	25262558	rs4822597
chr22	25265758	rs9612921
chr22	25268441	rs138558
chr22	25273602	rs5996883
chr22	25273614	rs6004527
chr22	25290073	rs6004549
chr22	25291547	rs5752118
chr22	25291601	rs5996898
chr22	25301030	rs133118
chr22	25303640	rs6004557
chr22	25311505	rs8139965
chr22	25320559	rs2877278
chr22	25353826	rs9620520
chr22	25354567	rs2294372
chr22	25357354	rs9624807
chr22	25357420	rs2294373
chr22	25357810	rs5996921
chr22	25358538	rs5761046
chr22	25359632	rs5761048
chr22	25359911	rs17616994
chr22	25360196	rs4822622
chr22	25360707	rs133198
chr22	25361301	rs133201
chr22	25361819	rs133203
chr22	25365969	rs713847
chr22	25366043	rs713878
chr22	25373258	rs6004609
chr22	25379568	rs5761054
chr22	25379867	rs133220
chr22	25384150	rs11704398
chr22	25388438	rs10222306
chr22	25392624	rs16980203
chr22	25396768	rs7287614
chr22	25402889	rs84486
chr22	25409257	rs13057190
chr22	25410982	rs469997
chr22	25413993	rs133265
chr22	25419137	rs5996933
chr22	25433117	rs11090391
chr22	25436452	rs626861
chr22	25437629	rs510618
chr22	25439547	rs1207587
chr22	25446119	rs5752150
chr22	25446967	rs17680597
chr22	25447917	rs574946
chr22	25452844	rs6004652
chr22	25455068	rs5996938
chr22	25460264	rs6004658
chr22	25467489	rs11913964
chr22	25472274	rs11703229
chr22	25476625	rs760554
chr22	25476870	rs760555
chr22	25478497	rs6004667
chr22	25478535	rs6004668
chr22	25478613	rs7285549
chr22	25479298	rs1930961
chr22	25479606	rs5996945
chr22	25482647	rs997872
chr22	25489221	rs8141065
chr22	25489737	rs1930966
chr22	25490694	rs19999
chr22	25491546	rs7292626
chr22	25493418	rs6004675
chr22	25501012	rs681478
chr22	25501363	rs1207592
chr22	25502195	rs6004683
chr22	25503972	rs6004684
chr22	25504856	rs2006866
chr22	25508290	rs5761092
chr22	25509701	rs2013369
chr22	25510836	rs476240
chr22	25511938	rs507715
chr22	25512474	rs637629
chr22	25513237	rs641296
chr22	25513844	rs2780695
chr22	25514348	rs7286366
chr22	25514588	rs484400
chr22	25514700	rs79091
chr22	25528477	rs5752173
chr22	25529111	rs4822638
chr22	25529220	rs4822639
chr22	25529391	rs4820650
chr22	25532653	rs12160908
chr22	25534512	rs599794
chr22	25535405	rs1467387
chr22	25535470	rs9612986
chr22	25535613	rs576895
chr22	25535639	rs577596
chr22	25538911	rs652099
chr22	25540332	rs505497
chr22	25542058	rs542162
chr22	25544766	rs5752176
chr22	25546628	rs2331111
chr22	25546703	rs2331112
chr22	25547395	rs760553
chr22	25548511	rs590643
chr22	25549209	rs478655
chr22	25549737	rs5752177
chr22	25549859	rs5752178
chr22	25550178	rs16980474
chr22	25554783	rs5761116
chr22	25555772	rs5752182
chr22	25557719	rs5761118
chr22	25557884	rs5761119
chr22	25558405	rs5752184
chr22	25558486	rs5752185
chr22	25562985	rs2205971
chr22	25568913	rs7286954
chr22	25576996	rs16980496
chr22	25582389	rs738344
chr22	25583267	rs713921
chr22	25598046	rs1008673
chr22	25599816	rs2179243
chr22	25623361	rs16980512
chr22	25626761	rs9612998
chr22	25637540	rs6004726
chr22	25650546	rs8142086
chr22	25651054	rs8135164
chr22	25655033	rs9941971
chr22	25662655	rs16980525
chr22	25662807	rs16980526
chr22	25663309	rs738340
chr22	25671599	rs9613003
chr22	25673760	rs7292634
chr22	25675509	rs16980542
chr22	25675591	rs5752196
chr22	25679221	rs3817819
chr22	25684455	rs12158437
chr22	25685906	rs718163
chr22	25690356	rs3730314
chr22	25691480	rs16980567
chr22	25692635	rs7285470
chr22	25695339	rs3730114
chr22	25697220	rs8142414
chr22	25698573	rs11912611
chr22	25700210	rs715534
chr22	25701001	rs16980590
chr22	25711733	rs9613011
chr22	25711901	rs9608415
chr22	25714338	rs28763891
chr22	25715051	rs9608416
chr22	25715849	rs6519621
chr22	25718224	rs3730312
chr22	25720996	rs7290234
chr22	25722557	rs6519622
chr22	25723009	rs6519623
chr22	25727521	rs133839
chr22	25730048	rs12627968
chr22	25731453	rs8139277
chr22	25732873	rs2748226
chr22	25736645	rs10212011
chr22	25736872	rs133845
chr22	25737808	rs133847
chr22	25738059	rs17623434
chr22	25738196	rs4822644
chr22	25739922	rs16980640
chr22	25739962	rs9608419
chr22	25740026	rs16980648
chr22	25740826	rs8136122
chr22	25741906	rs13054927
chr22	25743411	rs5761163
chr22	25743779	rs133852
chr22	25748793	rs133860
chr22	25750462	rs11090409
chr22	25751590	rs6004755
chr22	25752110	rs133866
chr22	25754617	rs9620553
chr22	25756771	rs9613013
chr22	25759855	rs133871
chr22	25760587	rs133876
chr22	25762317	rs3859865
chr22	25762661	rs133882
chr22	25762692	rs133883
chr22	25763322	rs133885
chr22	25763792	rs133887
chr22	25765422	rs133896
chr22	25766808	rs4822648
chr22	25767036	rs4822649
chr22	25768029	rs133901
chr22	25768112	rs133902
chr22	25768446	rs13058434
chr22	25769762	rs6004762
chr22	25770044	rs133903
chr22	25771118	rs713816
chr22	25771147	rs713822
chr22	25771738	rs9608422
chr22	25772591	rs3848858
chr22	25772956	rs3859869
chr22	25774660	rs9624894
chr22	25777235	rs9613018
chr22	25777517	rs12170856
chr22	25777694	rs5761170
chr22	25778201	rs2076706
chr22	25778430	rs9613019
chr22	25782280	rs17624687
chr22	25782614	rs12158659
chr22	25783345	rs8142661
chr22	25784065	rs13058364
chr22	25785627	rs13053299
chr22	25786592	rs9613021
chr22	25787450	rs12484281
chr22	25787564	rs5752207
chr22	25787884	rs4822654
chr22	25789268	rs5996973
chr22	25790224	rs3848860
chr22	25790631	rs4822655
chr22	25793059	rs2038326
chr22	25796110	rs4820656
chr22	25796708	rs738640
chr22	25797857	rs2877299
chr22	25798974	rs16980756
chr22	25799463	rs5752212
chr22	25799473	rs7292491
chr22	25799514	rs17625580
chr22	25800090	rs2038328
chr22	25800382	rs9624904
chr22	25801316	rs5752214
chr22	25801838	rs910519
chr22	25805205	rs5761221
chr22	25806957	rs5752216
chr22	25813586	rs5761250
chr22	25813711	rs3859874
chr22	25814883	rs3859875
chr22	25816259	rs5761251
chr22	25818975	rs11703640
chr22	25819296	rs5996980
chr22	25820193	rs6004774
chr22	25820393	rs6004775
chr22	25820876	rs6004776
chr22	25822197	rs5761256
chr22	25823638	rs4820658
chr22	25825803	rs3859876
chr22	25826280	rs8143030
chr22	25826487	rs9624909
chr22	25826538	rs2331162
chr22	25828129	rs5761260
chr22	25828665	rs3848861
chr22	25829417	rs7286591
chr22	25831072	rs13056293
chr22	25831212	rs8137490
chr22	25831800	rs6004787
chr22	25832573	rs6004788
chr22	25833244	rs4822660
chr22	25833535	rs4822661
chr22	25834592	rs2331163
chr22	25834673	rs3887776
chr22	25835721	rs2072014
chr22	25835984	rs2748219
chr22	25836143	rs3859880
chr22	25836304	rs12167251
chr22	25836649	rs3925154
chr22	25837143	rs9613025
chr22	25837337	rs695251
chr22	25837376	rs9624915
chr22	25838113	rs6519629
chr22	25838951	rs4822663
chr22	25839450	rs17626577
chr22	25839627	rs9624917
chr22	25841814	rs2748238
chr22	25843883	rs5761268
chr22	25843939	rs5761269
chr22	25843983	rs5761271
chr22	25844267	rs6004793
chr22	25845613	rs5761272
chr22	25849838	rs4822665
chr22	25850020	rs2859410
chr22	25850320	rs695665
chr22	25851489	rs5996988
chr22	25851640	rs6004798
chr22	25853031	rs11703880
chr22	25853310	rs5752235
chr22	25853345	rs5761278
chr22	25854143	rs5761279
chr22	25854268	rs9624920
chr22	25854281	rs9624921
chr22	25854304	rs695748
chr22	25854678	rs5752236
chr22	25856898	rs695613
chr22	25858074	rs695589
chr22	25858281	rs695427
chr22	25860592	rs695312
chr22	25864085	rs5752239
chr22	25870167	rs2285193
chr22	25870424	rs2285194
chr22	25870515	rs11090417
chr22	25870972	rs2301492
chr22	25872373	rs2269634
chr22	25872446	rs2269635
chr22	25872496	rs2269636
chr22	25874497	rs1573755
chr22	25874665	rs2072013
chr22	25875538	rs695821
chr22	25877869	rs4822667
chr22	25878982	rs1158340
chr22	25879047	rs1158341
chr22	25879194	rs5761294
chr22	25879493	rs5761295
chr22	25879582	rs695408
chr22	25880221	rs739280
chr22	25880903	rs2301497
chr22	25881062	rs2301498
chr22	25881181	rs739281
chr22	25881588	rs2285196
chr22	25881753	rs695540
chr22	25881970	rs5761296
chr22	25882161	rs695809
chr22	25882208	rs695407
chr22	25882460	rs695430
chr22	25882501	rs695670
chr22	25882712	rs695317
chr22	25884495	rs2157538
chr22	25884975	rs4822669
chr22	25885243	rs6004809
chr22	25887053	rs739282
chr22	25888141	rs2285199
chr22	25888702	rs16980979
chr22	25888808	rs16980981
chr22	25889672	rs16980985
chr22	25889928	rs17706905
chr22	25894621	rs6004814
chr22	25895790	rs13057846
chr22	25896640	rs6004815
chr22	25896692	rs973523
chr22	25896841	rs6004816
chr22	25898546	rs2066935
chr22	25899066	rs16981003
chr22	25900380	rs8137311
chr22	25901227	rs6004818
chr22	25902787	rs2072016
chr22	25907643	rs9613035
chr22	25908090	rs5752242
chr22	25909021	rs5761308
chr22	25909715	rs2285200
chr22	25910055	rs2331192
chr22	25910783	rs5996999
chr22	25912753	rs2285201
chr22	25913172	rs2285202
chr22	25916293	rs763492
chr22	25917778	rs5761313
chr22	25920524	rs9613037
chr22	25922269	rs5761316
chr22	25923145	rs1006208
chr22	25923424	rs1006209
chr22	25924048	rs2301504
chr22	25925084	rs1006210
chr22	25929236	rs10427777
chr22	25929393	rs969975
chr22	25930346	rs2227235
chr22	25931276	rs2285204
chr22	25932965	rs2187938
chr22	25933372	rs5997003
chr22	25934403	rs1013815
chr22	25935218	rs1034461
chr22	25935297	rs1012480
chr22	25935766	rs7292253
chr22	25938663	rs3948759
chr22	25938716	rs9613041
chr22	25941944	rs2269640
chr22	25946563	rs2105945
chr22	25947627	rs2072006
chr22	25948058	rs2072008
chr22	25949101	rs2249582
chr22	25949637	rs9613049
chr22	25949843	rs9613050
chr22	25951878	rs882432
chr22	25953967	rs4822675
chr22	25958689	rs4820663
chr22	25963767	rs5997009
chr22	25963811	rs11703998
chr22	25965361	rs1894677
chr22	25973392	rs9306419
chr22	25975245	rs7284984
chr22	25979107	rs6004859
chr22	25980575	rs7287110
chr22	25984003	rs6004866
chr22	25984066	rs9620577
chr22	25984113	rs6004868
chr22	25984423	rs9613060
chr22	25984904	rs6004869
chr22	25986038	rs9613063
chr22	25986798	rs17635540
chr22	25987308	rs6004875
chr22	25988504	rs2157537
chr22	25990754	rs7292258
chr22	25992153	rs916423
chr22	25992338	rs12166988
chr22	25992371	rs916425
chr22	25992582	rs9613067
chr22	25992740	rs5752249
chr22	25992931	rs5752251
chr22	25993383	rs5761340
chr22	25993544	rs16981163
chr22	25993880	rs7286230
chr22	25994937	rs2331197
chr22	25996206	rs4822679
chr22	25996268	rs5761347
chr22	25996739	rs9613070
chr22	25996763	rs9613071
chr22	25996908	rs9613072
chr22	25997015	rs2009111
chr22	25998621	rs8139267
chr22	25998758	rs8139900
chr22	25999336	rs16986621
chr22	26000314	rs8136667
chr22	26000681	rs5752252
chr22	26000743	rs1155481
chr22	26003466	rs7287184
chr22	26004353	rs8139384
chr22	26006657	rs1004535
chr22	26007302	rs9680735
chr22	26007522	rs1001022
chr22	26007633	rs1001021
chr22	26008135	rs9613081
chr22	26008409	rs1033588
chr22	26010416	rs6004888
chr22	26011991	rs12166654
chr22	26012694	rs7288885
chr22	26016789	rs6004895
chr22	26019328	rs5019557
chr22	26019509	rs5752254
chr22	26019599	rs1983666
chr22	26020604	rs1033589
chr22	26021990	rs761670
chr22	26022602	rs4822682
chr22	26023842	rs4820668
chr22	26025625	rs5997024
chr22	26025827	rs16981226
chr22	26027014	rs2236005
chr22	26027511	rs7284177
chr22	26028438	rs16981230
chr22	26029221	rs16981234
chr22	26029333	rs11913497
chr22	26033370	rs8143085
chr22	26035884	rs5997026
chr22	26036560	rs4820669
chr22	26036854	rs8141254
chr22	26037088	rs12157917
chr22	26037204	rs6004904
chr22	26038997	rs5997028
chr22	26040321	rs7292706
chr22	26041855	rs16981272
chr22	26042141	rs10212037
chr22	26042529	rs6004913
chr22	26049461	rs5997034
chr22	26050645	rs9620587
chr22	26052677	rs8141524
chr22	26057064	rs9624968
chr22	26059250	rs6004919
chr22	26060401	rs5752262
chr22	26062168	rs1003547
chr22	26062422	rs9613094
chr22	26067058	rs5761367
chr22	26069300	rs12628683
chr22	26070799	rs2331169
chr22	26071416	rs972996
chr22	26073263	rs9613096
chr22	26076040	rs4499534
chr22	26076680	rs5752264
chr22	26077426	rs6004929
chr22	26078339	rs7289355
chr22	26078693	rs738621
chr22	26080097	rs16981352
chr22	26086876	rs8140357
chr22	26087642	rs134695
chr22	26088241	rs134696
chr22	26088982	rs134697
chr22	26089702	rs11090428
chr22	26091200	rs5752266
chr22	26095204	rs4607039
chr22	26098548	rs16981384
chr22	26098646	rs134702
chr22	26099899	rs16981387
chr22	26100656	rs2049990
chr22	26101141	rs9613100
chr22	26101405	rs9613101
chr22	26104451	rs134703
chr22	26104992	rs9608458
chr22	26105311	rs9613102
chr22	26105918	rs134704
chr22	26107978	rs134709
chr22	26108036	rs134710
chr22	26108071	rs134711
chr22	26108873	rs6519640
chr22	26111679	rs134717
chr22	26120085	rs7288894
chr22	26120870	rs134733
chr22	26121404	rs134734
chr22	26122489	rs134735
chr22	26124598	rs9613112
chr22	26124842	rs134738
chr22	26136381	rs2205980
chr22	26145122	rs134745
chr22	26145456	rs6004947
chr22	26147321	rs134748
chr22	26161384	rs9608464
chr22	26161520	rs2223338
chr22	26165512	rs9608466
chr22	26166174	rs2049988
chr22	26169190	rs134755
chr22	26170791	rs134757
chr22	26177274	rs134759
chr22	26177379	rs134760
chr22	26181380	rs16981470
chr22	26181600	rs9613119
chr22	26182290	rs9613122
chr22	26184509	rs2092201
chr22	26185332	rs134761
chr22	26186470	rs134762
chr22	26190829	rs2049989
chr22	26192440	rs134764
chr22	26192779	rs134765
chr22	26193786	rs16981495
chr22	26194234	rs5752275
chr22	26194656	rs134767
chr22	26197813	rs5997051
chr22	26201839	rs134769
chr22	26205593	rs5761403
chr22	26210290	rs5752280
chr22	26215497	rs4553919
chr22	26221821	rs969539
chr22	26221939	rs738651
chr22	26222099	rs738652
chr22	26223193	rs17301280
chr22	26223794	rs7292403
chr22	26224278	rs1535145
chr22	26226195	rs9608471
chr22	26226313	rs9613134
chr22	26227308	rs2331215
chr22	26228189	rs9624998
chr22	26228851	rs9613135
chr22	26231176	rs4822691
chr22	26232139	rs7511475
chr22	26233322	rs4822692
chr22	26233712	rs11705602
chr22	26234053	rs12485236
chr22	26234722	rs2067970
chr22	26236031	rs6004968
chr22	26237212	rs4822693
chr22	26238101	rs9613137
chr22	26238197	rs12166576
chr22	26238497	rs17373858
chr22	26238784	rs9620595
chr22	26239582	rs1207401
chr22	26241290	rs17301856
chr22	26241332	rs2847316
chr22	26241482	rs9608473
chr22	26242195	rs1207402
chr22	26242711	rs5761435
chr22	26244234	rs16981574
chr22	26244883	rs1207405
chr22	26245115	rs5752291
chr22	26245269	rs4822697
chr22	26245418	rs17302009
chr22	26246269	rs17374185
chr22	26246713	rs717191
chr22	26247777	rs2073257
chr22	26247813	rs2073258
chr22	26248662	rs1209383
chr22	26248749	rs12169625
chr22	26252974	rs1941120
chr22	26253455	rs9613142
chr22	26254696	rs1207386
chr22	26254917	rs1079665
chr22	26256964	rs713745
chr22	26257246	rs713738
chr22	26258270	rs1941129
chr22	26261698	rs9608476
chr22	26261813	rs1207397
chr22	26262590	rs948335
chr22	26263288	rs5761458
chr22	26264794	rs5752300
chr22	26265534	rs4640491
chr22	26266076	rs12628828
chr22	26268087	rs137179
chr22	26268652	rs8141975
chr22	26269133	rs667270
chr22	26269708	rs137180
chr22	26269841	rs17394336
chr22	26270269	rs585244
chr22	26270624	rs684503
chr22	26270645	rs16981638
chr22	26272558	rs137182
chr22	26274119	rs137183
chr22	26275073	rs637395
chr22	26275628	rs9613148
chr22	26277433	rs12158079
chr22	26279642	rs137190
chr22	26280614	rs6004985
chr22	26280682	rs137194
chr22	26282162	rs5997062
chr22	26282507	rs9613152
chr22	26284706	rs8138440
chr22	26285674	rs677499
chr22	26287362	rs738401
chr22	26287669	rs17303828
chr22	26287827	rs909742
chr22	26288252	rs612275
chr22	26288992	rs639183
chr22	26292865	rs137203
chr22	26292872	rs17304075
chr22	26293139	rs17395296
chr22	26293669	rs688034
chr22	26293734	rs688425
chr22	26293775	rs688480
chr22	26294573	rs137205
chr22	26294595	rs137206
chr22	26296220	rs137209
chr22	26296490	rs137210
chr22	26297261	rs137211
chr22	26298248	rs3788377
chr22	26299111	rs663048
chr22	26301004	rs7284428
chr22	26301229	rs591044
chr22	26302926	rs670530
chr22	26306049	rs1210894
chr22	26307587	rs662329
chr22	26307622	rs604459
chr22	26308470	rs1007015
chr22	26308595	rs2018293
chr22	26308949	rs635755
chr22	26309425	rs2847315
chr22	26309565	rs633132
chr22	26310860	rs666999
chr22	26310919	rs666627
chr22	26312286	rs5997067
chr22	26312505	rs5997068
chr22	26313341	rs1115764
chr22	26314304	rs6005007
chr22	26314569	rs592861
chr22	26317998	rs6519647
chr22	26319427	rs581562
chr22	26319957	rs3788378
chr22	26320261	rs7292528
chr22	26320466	rs596633
chr22	26323169	rs639526
chr22	26326180	rs16981740
chr22	26326547	rs4822702
chr22	26328595	rs624390
chr22	26328797	rs4822704
chr22	26330079	rs6005015
chr22	26330890	rs5761476
chr22	26330988	rs607989
chr22	26331163	rs17305413
chr22	26333039	rs713821
chr22	26333407	rs2187971
chr22	26333613	rs17305608
chr22	26333755	rs4822706
chr22	26334206	rs2331245
chr22	26336178	rs3788386
chr22	26336242	rs3788387
chr22	26337278	rs3788390
chr22	26337333	rs6005016
chr22	26337804	rs3788392
chr22	26338175	rs678655
chr22	26339604	rs9613160
chr22	26339666	rs17305959
chr22	26339682	rs5761484
chr22	26339799	rs5761486
chr22	26339847	rs17306064
chr22	26341182	rs6005018
chr22	26341578	rs688700
chr22	26341714	rs11703437
chr22	26342000	rs629429
chr22	26342045	rs629491
chr22	26342259	rs5761487
chr22	26342766	rs3788395
chr22	26344315	rs1033427
chr22	26346868	rs2331247
chr22	26349354	rs4822710
chr22	26352259	rs6005020
chr22	26352944	rs582028
chr22	26354264	rs655581
chr22	26357765	rs671499
chr22	26358340	rs5997076
chr22	26358384	rs9613163
chr22	26358418	rs5997078
chr22	26358439	rs685163
chr22	26361548	rs5761494
chr22	26362409	rs1941126
chr22	26362671	rs738404
chr22	26363103	rs4822711
chr22	26363211	rs4822712
chr22	26365217	rs4822713
chr22	26368672	rs5761497
chr22	26369201	rs6005031
chr22	26370058	rs595817
chr22	26370641	rs608520
chr22	26371052	rs5761499
chr22	26371301	rs654245
chr22	26373342	rs669184
chr22	26374424	rs731276
chr22	26374910	rs595042
chr22	26375328	rs1893221
chr22	26375420	rs622654
chr22	26376040	rs5752314
chr22	26377288	rs738400
chr22	26378614	rs667577
chr22	26379688	rs16981987
chr22	26381059	rs5761503
chr22	26381128	rs587471
chr22	26381474	rs5752315
chr22	26381985	rs601548
chr22	26382495	rs489363
chr22	26382781	rs16981995
chr22	26385284	rs627229
chr22	26386285	rs5752316
chr22	26386695	rs8137987
chr22	26390556	rs646593
chr22	26393802	rs2212611
chr22	26393883	rs2226691
chr22	26393940	rs2226690
chr22	26396147	rs5752318
chr22	26396270	rs650276
chr22	26396610	rs8135154
chr22	26396677	rs5752319
chr22	26396827	rs9613168
chr22	26398659	rs4820681
chr22	26398972	rs569472
chr22	26399063	rs10427741
chr22	26400897	rs17399844
chr22	26402808	rs501927
chr22	26404233	rs8140344
chr22	26404443	rs613718
chr22	26405009	rs600878
chr22	26405321	rs6005042
chr22	26405561	rs598573
chr22	26405785	rs13054742
chr22	26407240	rs13056467
chr22	26408249	rs547083
chr22	26410065	rs761603
chr22	26410220	rs16982054
chr22	26411151	rs674436
chr22	26414349	rs16982068
chr22	26416666	rs7289238
chr22	26416947	rs567600
chr22	26418642	rs713800
chr22	26425503	rs8136086
chr22	26431369	rs880421
chr22	26433948	rs3747128
chr22	26435111	rs1000815
chr22	26436137	rs3788400
chr22	26437220	rs5761523
chr22	26440042	rs5761524
chr22	26440814	rs6519650
chr22	26444511	rs1046453
chr22	26445424	rs11913750
chr22	26445553	rs2012729
chr22	26445677	rs16982107
chr22	26446095	rs3213582
chr22	26447742	rs5761529
chr22	26448104	rs5752327
chr22	26448803	rs929131
chr22	26450724	rs5752329
chr22	26451620	rs3752589
chr22	26453398	rs9625029
chr22	26453700	rs722997
chr22	26457939	rs1894704
chr22	26458014	rs1894705
chr22	26458475	rs1894706
chr22	26463120	rs1894707
chr22	26463976	rs5752330
chr22	26465755	rs16982145
chr22	26466004	rs6005054
chr22	26466075	rs3747129
chr22	26466187	rs739289
chr22	26466246	rs713998
chr22	26467593	rs737800
chr22	26468692	rs739290
chr22	26471524	rs5761549
chr22	26471689	rs877593
chr22	26474536	rs5761552
chr22	26475019	rs9608491
chr22	26479404	rs9613187
chr22	26481573	rs739291
chr22	26482015	rs3747134
chr22	26482058	rs5761557
chr22	26483001	rs5752333
chr22	26483596	rs3747135
chr22	26483725	rs3747137
chr22	26484590	rs4822724
chr22	26486176	rs5761561
chr22	26488073	rs4820682
chr22	26492759	rs2032574
chr22	26493598	rs4822727
chr22	26496932	rs5761562
chr22	26498913	rs17402286
chr22	26499019	rs2187956
chr22	26499095	rs2157586
chr22	26499371	rs1008530
chr22	26502276	rs713900
chr22	26502925	rs134134
chr22	26508575	rs12628373
chr22	26508999	rs2097470
chr22	26511933	rs134143
chr22	26512467	rs3213558
chr22	26513004	rs134144
chr22	26513784	rs134145
chr22	26514129	rs11703071
chr22	26514329	rs134146
chr22	26515452	rs134147
chr22	26518185	rs5752338
chr22	26519796	rs5761574
chr22	26520756	rs134157
chr22	26521660	rs13056218
chr22	26524082	rs3088103
chr22	26524304	rs1057890
chr22	26525759	rs4275
chr22	26526262	rs4149485
chr22	26527189	rs2283817
chr22	26527941	rs2283820
chr22	26528346	rs2283822
chr22	26528370	rs2283823
chr22	26528490	rs2283824
chr22	26528569	rs2283825
chr22	26529029	rs2283826
chr22	26529987	rs16982287
chr22	26530081	rs2283827
chr22	26531255	rs1011312
chr22	26533592	rs5752341
chr22	26533848	rs7364248
chr22	26534099	rs8139804
chr22	26534190	rs4822733
chr22	26535255	rs4149478
chr22	26535415	rs4149476
chr22	26536184	rs3752523
chr22	26537229	rs16982302
chr22	26537287	rs8136604
chr22	26540003	rs9613199
chr22	26543815	rs732933
chr22	26544462	rs11703123
chr22	26546161	rs7288210
chr22	26549077	rs2267085
chr22	26549322	rs9608498
chr22	26549736	rs4822736
chr22	26552728	rs3788402
chr22	26553684	rs5761599
chr22	26555623	rs4820685
chr22	26559930	rs9613208
chr22	26560426	rs9613209
chr22	26561808	rs9613212
chr22	26562365	rs5761603
chr22	26563860	rs2283831
chr22	26563893	rs2283832
chr22	26564823	rs2267094
chr22	26566067	rs13055271
chr22	26567473	rs763088
chr22	26567778	rs5761606
chr22	26570637	rs5752349
chr22	26571534	rs2283838
chr22	26572246	rs2267095
chr22	26572541	rs2267096
chr22	26573096	rs2283839
chr22	26573837	rs17404166
chr22	26573892	rs763089
chr22	26574937	rs17404243
chr22	26575190	rs9613216
chr22	26578776	rs2267097
chr22	26579552	rs6005084
chr22	26584111	rs5761613
chr22	26585075	rs4822743
chr22	26590862	rs9613221
chr22	26594843	rs5752351
chr22	26597742	rs5761618
chr22	26601518	rs2301440
chr22	26606259	rs9613228
chr22	26608336	rs2071859
chr22	26609000	rs4822748
chr22	26610225	rs2267103
chr22	26610734	rs5761630
chr22	26615456	rs4822752
chr22	26615496	rs4822753
chr22	26618464	rs16982453
chr22	26618503	rs5761635
chr22	26621336	rs2283843
chr22	26622085	rs16982456
chr22	26623164	rs2071860
chr22	26625437	rs2071862
chr22	26625461	rs4276
chr22	26630840	rs1573709
chr22	26635757	rs5752370
chr22	26637357	rs6005101
chr22	26640541	rs5997110
chr22	26641955	rs4822756
chr22	26642889	rs5761655
chr22	26644030	rs2017127
chr22	26646142	rs744016
chr22	26647764	rs2269671
chr22	26647919	rs763275
chr22	26649540	rs11913541
chr22	26650721	rs4822761
chr22	26651290	rs2331289
chr22	26652894	rs16982543
chr22	26653047	rs1018833
chr22	26653068	rs16982551
chr22	26653155	rs16982554
chr22	26655335	rs739310
chr22	26658235	rs7284198
chr22	26661475	rs5761665
chr22	26662561	rs2331290
chr22	26662857	rs2331291
chr22	26664677	rs4822763
chr22	26666074	rs1061540
chr22	26666705	rs2301523
chr22	26668324	rs4274
chr22	26668531	rs3752603
chr22	26669718	rs4822767
chr22	26670572	rs7985
chr22	26671829	rs8142049
chr22	26672629	rs5761671
chr22	26672739	rs9625066
chr22	26673291	rs9620625
chr22	26673476	rs5761672
chr22	26673594	rs6005127
chr22	26673872	rs5752378
chr22	26674786	rs4822768
chr22	26676183	rs1045363
chr22	26677895	rs739312
chr22	26678722	rs736689
chr22	26680613	rs5761676
chr22	26680633	rs5761677
chr22	26681021	rs6005133
chr22	26686190	rs2051654
chr22	26687029	rs9625070
chr22	26689260	rs1573764
chr22	26689528	rs1573767
chr22	26689591	rs1573768
chr22	26692335	rs4820699
chr22	26692675	rs766070
chr22	26692823	rs766071
chr22	26695204	rs4820700
chr22	26695787	rs975325
chr22	26699051	rs978695
chr22	26699749	rs2331295
chr22	26700035	rs7291023
chr22	26703325	rs9625074
chr22	26708742	rs9613255
chr22	26713512	rs5752388
chr22	26714296	rs5761697
chr22	26714864	rs5761698
chr22	26715011	rs9613256
chr22	26717734	rs9613258
chr22	26717778	rs739225
chr22	26722218	rs2001121
chr22	26722453	rs8139445
chr22	26723098	rs5761704
chr22	26726517	rs6005150
chr22	26726960	rs5752392
chr22	26727675	rs5761709
chr22	26727981	rs5761710
chr22	26728779	rs4822784
chr22	26733784	rs5761711
chr22	26737718	rs5761715
chr22	26741172	rs763105
chr22	26741676	rs6005151
chr22	26741798	rs5752401
chr22	26743340	rs4822787
chr22	26745063	rs5997120
chr22	26745642	rs6005154
chr22	26746313	rs1041901
chr22	26746403	rs6005155
chr22	26747282	rs5752402
chr22	26747356	rs7290369
chr22	26748107	rs8140216
chr22	26748144	rs5761722
chr22	26748759	rs715508
chr22	26748771	rs3885457
chr22	26753090	rs1015067
chr22	26753598	rs5761729
chr22	26757529	rs4438589
chr22	26757822	rs5761732
chr22	26758052	rs5761733
chr22	26763869	rs6005159
chr22	26765097	rs1476035
chr22	26765626	rs11703244
chr22	26766944	rs6005162
chr22	26768036	rs2051623
chr22	26771385	rs4820706
chr22	26775675	rs5761744
chr22	26776042	rs5752411
chr22	26776863	rs1004970
chr22	26779033	rs5752412
chr22	26779075	rs4321459
chr22	26779895	rs5752413
chr22	26783490	rs4820707
chr22	26789992	rs4820709
chr22	26790148	rs4820710
chr22	26790358	rs4822791
chr22	26790392	rs4820711
chr22	26792984	rs5761758
chr22	26793079	rs5761760
chr22	26793573	rs2285155
chr22	26793811	rs713752
chr22	26793872	rs713751
chr22	26794771	rs737774
chr22	26795979	rs4822799
chr22	26797881	rs4389412
chr22	26799070	rs7292381
chr22	26802756	rs4822801
chr22	26803274	rs9608521
chr22	26804979	rs9613266
chr22	26810326	rs1476033
chr22	26810567	rs4591440
chr22	26812459	rs1894621
chr22	26812898	rs5761769
chr22	26814728	rs713974
chr22	26815022	rs2331331
chr22	26815228	rs2213707
chr22	26818005	rs5761771
chr22	26820013	rs4501037
chr22	26820463	rs739226
chr22	26823408	rs1573718
chr22	26823918	rs720914
chr22	26826096	rs13054025
chr22	26826323	rs10483127
chr22	26828145	rs713702
chr22	26831491	rs5761777
chr22	26832749	rs4822806
chr22	26835020	rs6005198
chr22	26835167	rs136493
chr22	26836517	rs136497
chr22	26837909	rs5752431
chr22	26838208	rs136499
chr22	26838327	rs17323675
chr22	26840476	rs136504
chr22	26840640	rs136505
chr22	26842842	rs136508
chr22	26843842	rs7285447
chr22	26844062	rs136511
chr22	26844330	rs136513
chr22	26845501	rs2213769
chr22	26847271	rs136519
chr22	26848146	rs136522
chr22	26848722	rs2213770
chr22	26848913	rs136525
chr22	26849174	rs136526
chr22	26849522	rs136531
chr22	26850000	rs136534
chr22	26850107	rs136535
chr22	26852062	rs136539
chr22	26853389	rs136541
chr22	26853921	rs6005206
chr22	26854232	rs9625099
chr22	26854317	rs9620642
chr22	26855404	rs136544
chr22	26856222	rs16982952
chr22	26856491	rs9306427
chr22	26856896	rs136547
chr22	26857057	rs6005209
chr22	26857597	rs136549
chr22	26857942	rs136551
chr22	26858159	rs12167218
chr22	26862609	rs136557
chr22	26862690	rs5997130
chr22	26862826	rs10483129
chr22	26868319	rs9306428
chr22	26872180	rs5761801
chr22	26872572	rs9613280
chr22	26874105	rs2157468
chr22	26877275	rs9608534
chr22	26878757	rs9608535
chr22	26883596	rs16983019
chr22	26883786	rs6005221
chr22	26884663	rs12484426
chr22	26885246	rs4822811
chr22	26887326	rs2017722
chr22	26887717	rs713954
chr22	26888059	rs4242
chr22	26891090	rs5761818
chr22	26894929	rs17332313
chr22	26895281	rs16983066
chr22	26895961	rs16983069
chr22	26896905	rs5761823
chr22	26898580	rs2331312
chr22	26898810	rs9608537
chr22	26899271	rs9620643
chr22	26903524	rs11705120
chr22	26905174	rs1071957
chr22	26906668	rs5761826
chr22	26907182	rs4822815
chr22	26908431	rs9625108
chr22	26908532	rs7364302
chr22	26908682	rs16983113
chr22	26909217	rs6005232
chr22	26909818	rs11704127
chr22	26910867	rs4497966
chr22	26913835	rs9613296
chr22	26917022	rs5761830
chr22	26917802	rs5997142
chr22	26918053	rs9613297
chr22	26920405	rs9613298
chr22	26920472	rs9306430
chr22	26924113	rs6005235
chr22	26924130	rs6005236
chr22	26924222	rs5997144
chr22	26925209	rs2213758
chr22	26927154	rs5761837
chr22	26927728	rs6005239
chr22	26927904	rs739250
chr22	26928189	rs5752443
chr22	26929086	rs5752444
chr22	26930258	rs5761839
chr22	26930592	rs11914229
chr22	26931738	rs5761842
chr22	26931778	rs5761843
chr22	26932355	rs6005241
chr22	26932824	rs7290832
chr22	26935243	rs5752447
chr22	26935698	rs6005243
chr22	26936627	rs5761848
chr22	26936772	rs2877366
chr22	26938988	rs2097508
chr22	26939496	rs10854796
chr22	26939827	rs4269019
chr22	26940784	rs2213760
chr22	26941265	rs9625119
chr22	26941891	rs4822823
chr22	26941923	rs4822824
chr22	26942856	rs2157461
chr22	26943221	rs739256
chr22	26943321	rs739257
chr22	26943490	rs1109081
chr22	26943661	rs9613302
chr22	26943689	rs1011772
chr22	26943909	rs4643634
chr22	26943950	rs4525793
chr22	26944040	rs4525794
chr22	26944383	rs16983190
chr22	26944547	rs2157462
chr22	26945154	rs5752450
chr22	26945450	rs5761855
chr22	26945605	rs2187897
chr22	26947476	rs17334288
chr22	26947491	rs16983214
chr22	26947570	rs16983218
chr22	26947692	rs16983223
chr22	26947929	rs9620647
chr22	26948188	rs8142063
chr22	26951718	rs5761861
chr22	26952483	rs5761862
chr22	26952493	rs5761863
chr22	26952933	rs2331359
chr22	26953271	rs966560
chr22	26953639	rs2213762
chr22	26957346	rs8141551
chr22	26959232	rs5752453
chr22	26959385	rs763136
chr22	26959770	rs5761869
chr22	26960616	rs739259
chr22	26965502	rs5761877
chr22	26966185	rs9613310
chr22	26966804	rs12628085
chr22	26967361	rs5761879
chr22	26967669	rs16986703
chr22	26968337	rs5761880
chr22	26972515	rs5752458
chr22	26972788	rs2877347
chr22	26974310	rs5761885
chr22	26974819	rs2213767
chr22	26975722	rs5761886
chr22	26977575	rs16983313
chr22	26977599	rs6005252
chr22	26977757	rs4822830
chr22	26979566	rs5997150
chr22	26981606	rs11090463
chr22	26981833	rs16983325
chr22	26984750	rs5761891
chr22	26984767	rs6005257
chr22	26984780	rs5761892
chr22	26985073	rs2001135
chr22	26985173	rs2001136
chr22	26985230	rs9613317
chr22	26985383	rs2157465
chr22	26985426	rs7290257
chr22	26985874	rs4345013
chr22	26987177	rs9608549
chr22	26989810	rs16983356
chr22	26990525	rs5752462
chr22	26991439	rs4822832
chr22	26991732	rs9613326
chr22	26992147	rs5761894
chr22	26992442	rs743958
chr22	26993238	rs743959
chr22	26994077	rs9613333
chr22	26994514	rs9608561
chr22	26996139	rs16983365
chr22	26997418	rs12166741
chr22	26998770	rs16983370
chr22	26999463	rs9306432
chr22	26999646	rs6005261
chr22	26999974	rs8137218
chr22	27002975	rs10212091
chr22	27003531	rs2516083
chr22	27004391	rs4820727
chr22	27004484	rs9613337
chr22	27009049	rs2516086
chr22	27009206	rs5761898
chr22	27009395	rs12710564
chr22	27009422	rs2516087
chr22	27009662	rs2516088
chr22	27010029	rs2516089
chr22	27011183	rs6005264
chr22	27013502	rs5997154
chr22	27014408	rs6005265
chr22	27014786	rs6005266
chr22	27015339	rs11912520
chr22	27015747	rs5761900
chr22	27016066	rs134907
chr22	27016669	rs134908
chr22	27017429	rs134912
chr22	27017546	rs134913
chr22	27019292	rs17343637
chr22	27020234	rs16983396
chr22	27020630	rs1883114
chr22	27020862	rs4417
chr22	27022296	rs7292569
chr22	27022948	rs16983406
chr22	27024150	rs114559
chr22	27024355	rs9613347
chr22	27025173	rs134926
chr22	27025669	rs4418
chr22	27029199	rs134931
chr22	27029402	rs134932
chr22	27029459	rs1028283
chr22	27029629	rs2331363
chr22	27029827	rs134933
chr22	27031735	rs6519690
chr22	27032748	rs8142555
chr22	27033148	rs11090468
chr22	27033313	rs11090469
chr22	27034115	rs2142541
chr22	27034195	rs2142542
chr22	27034341	rs2179053
chr22	27034469	rs134936
chr22	27035689	rs8140122
chr22	27035828	rs2223201
chr22	27036394	rs134938
chr22	27037216	rs79037
chr22	27037287	rs4822835
chr22	27038873	rs742001
chr22	27039124	rs742002
chr22	27039178	rs760525
chr22	27039615	rs760526
chr22	27039651	rs16983494
chr22	27040087	rs9608568
chr22	27040202	rs738157
chr22	27040327	rs738158
chr22	27040816	rs5761918
chr22	27042146	rs4822836
chr22	27042234	rs1157611
chr22	27042397	rs1157613
chr22	27042581	rs5752472
chr22	27042669	rs5761922
chr22	27043481	rs17429199
chr22	27043581	rs7285361
chr22	27043742	rs4549212
chr22	27044304	rs16983522
chr22	27044329	rs9613353
chr22	27044364	rs973902
chr22	27044574	rs5761924
chr22	27044640	rs12160816
chr22	27045827	rs713890
chr22	27047522	rs713706
chr22	27047622	rs713812
chr22	27048920	rs2007727
chr22	27049475	rs738161
chr22	27050906	rs9608571
chr22	27051335	rs9613356
chr22	27053808	rs7291811
chr22	27053978	rs2877348
chr22	27056781	rs35399009
chr22	27056834	rs9613359
chr22	27057809	rs9613360
chr22	27059019	rs16983560
chr22	27059393	rs724294
chr22	27059447	rs763788
chr22	27063248	rs13055147
chr22	27064831	rs5761936
chr22	27064848	rs13053916
chr22	27068071	rs5752477
chr22	27068091	rs5752478
chr22	27068195	rs9608573
chr22	27068439	rs5761937
chr22	27069635	rs4820732
chr22	27069666	rs4820733
chr22	27070270	rs2179054
chr22	27070667	rs16986745
chr22	27070880	rs16986747
chr22	27073203	rs713899
chr22	27074367	rs5761940
chr22	27074801	rs1543305
chr22	27075453	rs4822842
chr22	27075563	rs4822843
chr22	27075605	rs4822844
chr22	27076554	rs16983590
chr22	27077026	rs6519694
chr22	27077066	rs6519695
chr22	27077207	rs16983592
chr22	27077810	rs5752479
chr22	27079550	rs909487
chr22	27080922	rs5997166
chr22	27081297	rs4239926
chr22	27082559	rs5761945
chr22	27082894	rs8137199
chr22	27083518	rs17430741
chr22	27084405	rs5761948
chr22	27085060	rs8138470
chr22	27085214	rs8140194
chr22	27085322	rs16983597
chr22	27085652	rs1474559
chr22	27086519	rs1883115
chr22	27087757	rs6519698
chr22	27088218	rs6519700
chr22	27088489	rs5997168
chr22	27089149	rs10854797
chr22	27089383	rs760529
chr22	27089997	rs760530
chr22	27091270	rs4547629
chr22	27091280	rs9613372
chr22	27091618	rs4822847
chr22	27091835	rs7288957
chr22	27091853	rs4822848
chr22	27093348	rs5761957
chr22	27093621	rs1160262
chr22	27094766	rs4820735
chr22	27095081	rs5752486
chr22	27095401	rs5761960
chr22	27095737	rs4820736
chr22	27095899	rs6005292
chr22	27096501	rs5761962
chr22	27096574	rs5761963
chr22	27097191	rs7287491
chr22	27097399	rs760531
chr22	27099335	rs5761967
chr22	27101742	rs5761974
chr22	27102464	rs5761976
chr22	27105109	rs5997172
chr22	27105121	rs9613374
chr22	27106605	rs4822857
chr22	27107409	rs713911
chr22	27107620	rs4820740
chr22	27107875	rs4820741
chr22	27110964	rs738163
chr22	27111169	rs738164
chr22	27111753	rs9613375
chr22	27112006	rs16983720
chr22	27112548	rs5761984
chr22	27112896	rs4822859
chr22	27113415	rs730826
chr22	27113807	rs1997634
chr22	27116263	rs738150
chr22	27116272	rs11703440
chr22	27119520	rs6005300
chr22	27120985	rs6005301
chr22	27121729	rs973896
chr22	27122853	rs737768
chr22	27122986	rs737767
chr22	27123825	rs134943
chr22	27127523	rs5752494
chr22	27127902	rs134949
chr22	27129401	rs134951
chr22	27130133	rs11704703
chr22	27130498	rs5997177
chr22	27131043	rs1003704
chr22	27131145	rs134955
chr22	27134222	rs16983773
chr22	27136512	rs9608580
chr22	27137309	rs5997178
chr22	27141541	rs956548
chr22	27143241	rs5762004
chr22	27144086	rs6005307
chr22	27144228	rs7285804
chr22	27148947	rs7288294
chr22	27149248	rs1028285
chr22	27149342	rs1028286
chr22	27150235	rs6005309
chr22	27150815	rs5997182
chr22	27150956	rs17432756
chr22	27152133	rs6005311
chr22	27152413	rs6005312
chr22	27154782	rs6005316
chr22	27154802	rs2223200
chr22	27156602	rs9625159
chr22	27157084	rs6519702
chr22	27158668	rs134966
chr22	27161078	rs9620666
chr22	27161387	rs17433244
chr22	27161389	rs9625165
chr22	27161773	rs9625166
chr22	27161967	rs134967
chr22	27163940	rs7287230
chr22	27166239	rs12170239
chr22	27166948	rs768394
chr22	27167813	rs1519222
chr22	27169926	rs714000
chr22	27169996	rs760523
chr22	27171358	rs566185
chr22	27171583	rs17349101
chr22	27172729	rs12165317
chr22	27172862	rs12165374
chr22	27173119	rs475069
chr22	27175677	rs13056281
chr22	27178668	rs134164
chr22	27178842	rs13058659
chr22	27179580	rs550260
chr22	27180055	rs17434355
chr22	27185680	rs738217
chr22	27188214	rs8135764
chr22	27188329	rs8143105
chr22	27188354	rs510197
chr22	27191039	rs2342401
chr22	27191260	rs530536
chr22	27193420	rs9613394
chr22	27194378	rs491735
chr22	27196780	rs555860
chr22	27198136	rs5752502
chr22	27198149	rs5752503
chr22	27203456	rs9613395
chr22	27203884	rs492416
chr22	27204866	rs9613396
chr22	27207785	rs7286173
chr22	27208187	rs561417
chr22	27212125	rs7285459
chr22	27213635	rs551334
chr22	27215367	rs16983960
chr22	27217169	rs536459
chr22	27217357	rs538293
chr22	27219449	rs559631
chr22	27220303	rs738219
chr22	27220364	rs16983971
chr22	27221032	rs5997198
chr22	27223883	rs9613403
chr22	27225190	rs535842
chr22	27226154	rs5762032
chr22	27226655	rs7285915
chr22	27226946	rs1519221
chr22	27229759	rs5752506
chr22	27231355	rs497856
chr22	27231455	rs498789
chr22	27231637	rs10483132
chr22	27236457	rs5762040
chr22	27237556	rs479694
chr22	27240645	rs5762042
chr22	27242459	rs573273
chr22	27242701	rs9625187
chr22	27243035	rs9625188
chr22	27244853	rs509143
chr22	27244892	rs508338
chr22	27247341	rs483241
chr22	27248988	rs552212
chr22	27249134	rs541963
chr22	27249297	rs549378
chr22	27250621	rs9613411
chr22	27251543	rs738488
chr22	27252311	rs6519704
chr22	27253743	rs4410
chr22	27254704	rs7284671
chr22	27254818	rs134781
chr22	27255754	rs134783
chr22	27256114	rs134784
chr22	27256328	rs134785
chr22	27256542	rs16984061
chr22	27257291	rs134788
chr22	27257436	rs134790
chr22	27259984	rs1076620
chr22	27261546	rs79137
chr22	27261583	rs518350
chr22	27261643	rs486375
chr22	27263068	rs760591
chr22	27263386	rs1519217
chr22	27263668	rs738211
chr22	27263813	rs738214
chr22	27264387	rs6005350
chr22	27264500	rs4820748
chr22	27265048	rs932299
chr22	27265917	rs549601
chr22	27266252	rs5762049
chr22	27267205	rs5762051
chr22	27267287	rs713855
chr22	27267682	rs4412
chr22	27269181	rs12628370
chr22	27271274	rs527255
chr22	27271834	rs713914
chr22	27272409	rs134794
chr22	27272583	rs134795
chr22	27272789	rs4413
chr22	27273415	rs4414
chr22	27274059	rs134798
chr22	27274924	rs47808
chr22	27275121	rs874822
chr22	27277250	rs134806
chr22	27278586	rs134809
chr22	27278871	rs134810
chr22	27279577	rs6005355
chr22	27280616	rs9625197
chr22	27281667	rs479881
chr22	27282502	rs564666
chr22	27283639	rs541148
chr22	27283847	rs542981
chr22	27285221	rs473600
chr22	27286636	rs13054977
chr22	27286666	rs7293113
chr22	27287070	rs525250
chr22	27287516	rs1519220
chr22	27288197	rs134815
chr22	27289583	rs1963140
chr22	27289708	rs1807718
chr22	27291111	rs12628710
chr22	27291476	rs5997217
chr22	27292746	rs516252
chr22	27293995	rs8136576
chr22	27294416	rs768784
chr22	27295065	rs563325
chr22	27295324	rs6005365
chr22	27298906	rs5762059
chr22	27299096	rs480666
chr22	27300233	rs11705104
chr22	27304328	rs9625199
chr22	27304357	rs9625200
chr22	27304958	rs507070
chr22	27305356	rs79136
chr22	27310044	rs516155
chr22	27312352	rs13058071
chr22	27312891	rs528686
chr22	27313599	rs5997220
chr22	27314382	rs563522
chr22	27314742	rs477611
chr22	27316559	rs8137296
chr22	27317035	rs543981
chr22	27319248	rs1607498
chr22	27319332	rs543123
chr22	27321668	rs496200
chr22	27321755	rs497150
chr22	27322656	rs84312
chr22	27322814	rs736950
chr22	27328735	rs8135866
chr22	27328821	rs8139966
chr22	27329272	rs498513
chr22	27330065	rs480029
chr22	27330110	rs479229
chr22	27330986	rs2176659
chr22	27331503	rs9613427
chr22	27332444	rs12628937
chr22	27333587	rs545614
chr22	27334148	rs572159
chr22	27335509	rs490362
chr22	27336637	rs9608600
chr22	27336837	rs9917605
chr22	27337579	rs8136465
chr22	27339249	rs9620685
chr22	27339269	rs9917576
chr22	27339307	rs5762070
chr22	27339614	rs16984323
chr22	27340147	rs35196735
chr22	27341196	rs1121443
chr22	27341293	rs2030297
chr22	27342265	rs483997
chr22	27344638	rs4820751
chr22	27344882	rs494702
chr22	27346771	rs849357
chr22	27348647	rs1401525
chr22	27349664	rs533794
chr22	27350945	rs6005382
chr22	27355835	rs4302309
chr22	27356123	rs9608606
chr22	27358177	rs5762086
chr22	27358813	rs2179099
chr22	27358841	rs5997228
chr22	27360339	rs2142619
chr22	27360478	rs2179100
chr22	27360552	rs2880497
chr22	27361116	rs13056418
chr22	27361153	rs5752526
chr22	27362745	rs12158925
chr22	27364125	rs5997236
chr22	27366605	rs13054267
chr22	27370114	rs4822871
chr22	27370357	rs4820754
chr22	27370797	rs9613438
chr22	27371132	rs6005405
chr22	27374261	rs5997240
chr22	27377724	rs8137706
chr22	27379550	rs2205720
chr22	27379836	rs7288551
chr22	27380382	rs11705660
chr22	27381421	rs8139418
chr22	27383311	rs4822872
chr22	27383431	rs4822873
chr22	27383448	rs11090489
chr22	27385609	rs5752530
chr22	27386265	rs6519707
chr22	27387224	rs6005414
chr22	27389141	rs6005415
chr22	27389158	rs738504
chr22	27389536	rs5762108
chr22	27389734	rs136922
chr22	27390764	rs136926
chr22	27392490	rs5762110
chr22	27395845	rs16984485
chr22	27396074	rs16984491
chr22	27396465	rs16984494
chr22	27396539	rs5752534
chr22	27396627	rs6005420
chr22	27396809	rs9613444
chr22	27397328	rs12627862
chr22	27399395	rs5752536
chr22	27400885	rs136928
chr22	27402694	rs136933
chr22	27402871	rs5762125
chr22	27403045	rs136934
chr22	27404068	rs12158509
chr22	27405373	rs136941
chr22	27407448	rs136943
chr22	27408058	rs136944
chr22	27408118	rs136945
chr22	27409222	rs8184960
chr22	27409502	rs136947
chr22	27411137	rs16984543
chr22	27412225	rs136950
chr22	27412517	rs136951
chr22	27413441	rs7291247
chr22	27418109	rs738505
chr22	27418353	rs79556
chr22	27418643	rs136957
chr22	27419530	rs136958
chr22	27420553	rs127190
chr22	27420823	rs733164
chr22	27422467	rs1159794
chr22	27422635	rs1159795
chr22	27423289	rs13055229
chr22	27424000	rs6519708
chr22	27424790	rs4140448
chr22	27425695	rs4822875
chr22	27426082	rs12627850
chr22	27426098	rs4822876
chr22	27426601	rs5762138
chr22	27427254	rs1884129
chr22	27427407	rs1884128
chr22	27428102	rs5762141
chr22	27428355	rs7288389
chr22	27429482	rs761594
chr22	27429651	rs761592
chr22	27429843	rs2207361
chr22	27433604	rs5752545
chr22	27434618	rs6005433
chr22	27434995	rs9625228
chr22	27435047	rs16984638
chr22	27435500	rs9306441
chr22	27435689	rs1884134
chr22	27438539	rs999224
chr22	27438578	rs999223
chr22	27439631	rs1005349
chr22	27440889	rs4822879
chr22	27442013	rs6005437
chr22	27445557	rs6005445
chr22	27445730	rs6005447
chr22	27446246	rs8139244
chr22	27448140	rs1569826
chr22	27451357	rs5762151
chr22	27454583	rs12157480
chr22	27456222	rs6005451
chr22	27458733	rs738572
chr22	27459018	rs738571
chr22	27459374	rs2342945
chr22	27460229	rs9613450
chr22	27465961	rs5762162
chr22	27466230	rs5762164
chr22	27466808	rs5752553
chr22	27466847	rs5752554
chr22	27467733	rs5762167
chr22	27468087	rs5762168
chr22	27469383	rs5762174
chr22	27471973	rs5762176
chr22	27473231	rs4822887
chr22	27473414	rs9613451
chr22	27474304	rs9625241
chr22	27479371	rs1474816
chr22	27480190	rs5762179
chr22	27480978	rs5762182
chr22	27481337	rs5762185
chr22	27482658	rs12484788
chr22	27482896	rs1884132
chr22	27483081	rs17463891
chr22	27483122	rs926838
chr22	27483209	rs926837
chr22	27484004	rs11704264
chr22	27485924	rs1474813
chr22	27486321	rs2880494
chr22	27490775	rs11913002
chr22	27491934	rs5762198
chr22	27492473	rs2092741
chr22	27492494	rs5762201
chr22	27496548	rs6005475
chr22	27497015	rs4822888
chr22	27497536	rs7292844
chr22	27498013	rs4822889
chr22	27498575	rs738570
chr22	27498714	rs926833
chr22	27498779	rs738568
chr22	27499344	rs9625251
chr22	27499864	rs5762209
chr22	27500050	rs6519716
chr22	27500360	rs7285001
chr22	27500408	rs996241
chr22	27500644	rs2342930
chr22	27502360	rs6005480
chr22	27502832	rs6005482
chr22	27503840	rs5762212
chr22	27503906	rs5762213
chr22	27504064	rs4820763
chr22	27504096	rs2342931
chr22	27504168	rs1884131
chr22	27504294	rs926832
chr22	27505544	rs5762214
chr22	27505843	rs738565
chr22	27507459	rs5752570
chr22	27508858	rs2008329
chr22	27508873	rs4822897
chr22	27509467	rs742942
chr22	27509865	rs2024682
chr22	27510028	rs6005492
chr22	27511468	rs12168219
chr22	27513145	rs5762222
chr22	27513645	rs5762223
chr22	27514177	rs9625252
chr22	27514388	rs5762224
chr22	27514798	rs11703864
chr22	27516019	rs11704730
chr22	27517051	rs737384
chr22	27517426	rs2207362
chr22	27518093	rs7288394
chr22	27519817	rs5762227
chr22	27520432	rs12485124
chr22	27521109	rs8136304
chr22	27521979	rs2343421
chr22	27523818	rs2064506
chr22	27524006	rs4822899
chr22	27524183	rs6005497
chr22	27524212	rs5762232
chr22	27524586	rs5752573
chr22	27525000	rs6005498
chr22	27526798	rs1983659
chr22	27527382	rs4822900
chr22	27527438	rs8140987
chr22	27527674	rs8140407
chr22	27528555	rs7285940
chr22	27528945	rs16984937
chr22	27529056	rs16984939
chr22	27529117	rs6005500
chr22	27529327	rs5762235
chr22	27533892	rs926937
chr22	27534119	rs4820764
chr22	27534414	rs12628847
chr22	27534820	rs5752577
chr22	27534890	rs11703110
chr22	27534941	rs17381914
chr22	27535591	rs79880
chr22	27535881	rs137147
chr22	27538177	rs13056582
chr22	27539408	rs6005503
chr22	27539463	rs9608621
chr22	27540910	rs5752585
chr22	27541124	rs738757
chr22	27542021	rs743262
chr22	27545765	rs12628909
chr22	27548443	rs16985013
chr22	27551025	rs910545
chr22	27555215	rs5762249
chr22	27557457	rs4822907
chr22	27557953	rs4822909
chr22	27560667	rs762065
chr22	27561316	rs5762250
chr22	27562004	rs960613
chr22	27564619	rs6005515
chr22	27564829	rs881460
chr22	27566556	rs723184
chr22	27566757	rs723183
chr22	27567455	rs1884291
chr22	27567506	rs926934
chr22	27569409	rs5762254
chr22	27571272	rs6005516
chr22	27571314	rs5752591
chr22	27571691	rs5752592
chr22	27571842	rs713599
chr22	27572005	rs4822913
chr22	27572247	rs5762257
chr22	27574168	rs4822915
chr22	27574607	rs12169130
chr22	27575980	rs2065061
chr22	27577303	rs13053396
chr22	27577608	rs1547072
chr22	27578858	rs762064
chr22	27579229	rs2065060
chr22	27579490	rs4822917
chr22	27580242	rs1012769
chr22	27581050	rs6005518
chr22	27581601	rs8141427
chr22	27584915	rs5762263
chr22	27585409	rs5997275
chr22	27587461	rs11703695
chr22	27592267	rs7287557
chr22	27593205	rs2016820
chr22	27593816	rs9613476
chr22	27593929	rs9613477
chr22	27593985	rs17383163
chr22	27596452	rs9608623
chr22	27596786	rs5752596
chr22	27597636	rs9608624
chr22	27600571	rs5997276
chr22	27601329	rs735848
chr22	27602748	rs5752597
chr22	27603179	rs743260
chr22	27604566	rs12484213
chr22	27607305	rs738756
chr22	27608533	rs9613480
chr22	27611780	rs6005524
chr22	27615106	rs1885359
chr22	27615325	rs12158861
chr22	27616050	rs5762275
chr22	27616542	rs9306445
chr22	27617487	rs743254
chr22	27619364	rs732110
chr22	27619529	rs5997278
chr22	27620110	rs12160358
chr22	27620925	rs1885362
chr22	27621843	rs5752599
chr22	27623101	rs9608633
chr22	27623534	rs16985162
chr22	27623949	rs5762282
chr22	27624569	rs4282001
chr22	27624596	rs4282002
chr22	27625022	rs5762283
chr22	27625829	rs5762284
chr22	27626231	rs5762286
chr22	27626764	rs133980
chr22	27627039	rs133981
chr22	27627911	rs133985
chr22	27628218	rs133986
chr22	27633571	rs16985179
chr22	27633718	rs133996
chr22	27636492	rs79317
chr22	27636866	rs4822926
chr22	27637065	rs134003
chr22	27637663	rs134005
chr22	27638385	rs11705386
chr22	27638589	rs134009
chr22	27639429	rs9625282
chr22	27639579	rs738349
chr22	27639812	rs6005535
chr22	27641723	rs16985231
chr22	27642641	rs84510
chr22	27645007	rs6005539
chr22	27645916	rs16985255
chr22	27646073	rs134021
chr22	27646565	rs2040699
chr22	27647992	rs5762295
chr22	27648090	rs134025
chr22	27648358	rs9613498
chr22	27648627	rs6005543
chr22	27650476	rs926335
chr22	27650659	rs5762296
chr22	27652502	rs134028
chr22	27653603	rs9613502
chr22	27654441	rs9613504
chr22	27657842	rs6005551
chr22	27657919	rs5752606
chr22	27658325	rs134040
chr22	27658859	rs9608637
chr22	27659393	rs16985288
chr22	27659505	rs2106973
chr22	27660378	rs134041
chr22	27662611	rs7286697
chr22	27662853	rs134049
chr22	27663781	rs134052
chr22	27667767	rs134079
chr22	27671258	rs134086
chr22	27671412	rs134087
chr22	27675678	rs134099
chr22	27675709	rs134100
chr22	27676032	rs17384972
chr22	27677498	rs134106
chr22	27678259	rs134107
chr22	27679259	rs820
chr22	27679882	rs715559
chr22	27679995	rs715565
chr22	27680061	rs134110
chr22	27680211	rs5762305
chr22	27682538	rs134112
chr22	27686096	rs134116
chr22	27691125	rs738351
chr22	27694209	rs5762311
chr22	27695984	rs13054357
chr22	27697394	rs9613514
chr22	27698575	rs9625297
chr22	27698847	rs1885364
chr22	27698991	rs5762317
chr22	27699785	rs5752613
chr22	27702146	rs9608642
chr22	27702568	rs6005575
chr22	27704263	rs5752619
chr22	27704438	rs5762322
chr22	27705267	rs7290472
chr22	27705616	rs5762324
chr22	27705683	rs5752620
chr22	27706050	rs1124311
chr22	27706383	rs4820771
chr22	27706629	rs4820773
chr22	27706896	rs4820774
chr22	27706972	rs9613515
chr22	27707261	rs1569950
chr22	27708053	rs6005580
chr22	27708064	rs6005581
chr22	27708909	rs6005582
chr22	27708979	rs6005583
chr22	27709853	rs11090507
chr22	27712412	rs12167526
chr22	27712545	rs5762328
chr22	27713676	rs6005585
chr22	27714323	rs9613519
chr22	27715589	rs1072461
chr22	27715989	rs4820775
chr22	27716082	rs10427951
chr22	27721025	rs9625312
chr22	27724719	rs7285204
chr22	27727698	rs5997299
chr22	27729752	rs84512
chr22	27731272	rs7290305
chr22	27732870	rs134131
chr22	27733251	rs134133
chr22	27733299	rs909700
chr22	27734056	rs11913308
chr22	27734084	rs738353
chr22	27734142	rs7291248
chr22	27738159	rs5762336
chr22	27739309	rs5752628
chr22	27740989	rs2079095
chr22	27745313	rs6005605
chr22	27745980	rs5762338
chr22	27749617	rs17476776
chr22	27752825	rs2189132
chr22	27753172	rs5762341
chr22	27754121	rs4822935
chr22	27754827	rs2283844
chr22	27755837	rs2267106
chr22	27756613	rs2267107
chr22	27758630	rs2267110
chr22	27759416	rs2267113
chr22	27760800	rs2014274
chr22	27762426	rs8136505
chr22	27762661	rs11090514
chr22	27763684	rs5762347
chr22	27764086	rs3819658
chr22	27764984	rs4822936
chr22	27765715	rs16985531
chr22	27768006	rs4820777
chr22	27768062	rs4822938
chr22	27769015	rs5752633
chr22	27769113	rs17477193
chr22	27769346	rs2283846
chr22	27772264	rs2073784
chr22	27772359	rs5762351
chr22	27772597	rs434737
chr22	27773511	rs372418
chr22	27773533	rs1297593
chr22	27773961	rs9613527
chr22	27774178	rs1807510
chr22	27774229	rs2005397
chr22	27774702	rs738456
chr22	27775522	rs8142823
chr22	27777042	rs392277
chr22	27777582	rs5752634
chr22	27777910	rs427736
chr22	27779753	rs402048
chr22	27783835	rs1297595
chr22	27785411	rs2283847
chr22	27785448	rs382819
chr22	27786522	rs424345
chr22	27788340	rs715627
chr22	27789464	rs12166473
chr22	27792215	rs5752638
chr22	27802589	rs6005627
chr22	27803429	rs3788407
chr22	27807762	rs5752640
chr22	27808809	rs11704546
chr22	27810924	rs11705555
chr22	27811642	rs11703195
chr22	27817056	rs13058508
chr22	27860031	rs12160891
chr22	27862712	rs2267121
chr22	27865642	rs714743
chr22	27866413	rs9306449
chr22	27874384	rs5997320
chr22	27877300	rs8142920
chr22	27879390	rs9625352
chr22	27883606	rs926467
chr22	27883778	rs2267122
chr22	27892148	rs1016495
chr22	27897292	rs16985691
chr22	27902348	rs2143180
chr22	27905496	rs1983592
chr22	27905755	rs738453
chr22	27908601	rs16985705
chr22	27909521	rs738454
chr22	27910619	rs5762399
chr22	27917595	rs720621
chr22	27918125	rs7292046
chr22	27919477	rs16985722
chr22	27920185	rs2267128
chr22	27920239	rs12168582
chr22	27921413	rs12170161
chr22	27922044	rs5752658
chr22	27925229	rs6005671
chr22	27928878	rs9620752
chr22	27941723	rs5762416
chr22	27948537	rs5762419
chr22	27948991	rs7288331
chr22	27959461	rs12169936
chr22	27961686	rs5762422
chr22	27962661	rs8141173
chr22	27964881	rs5762424
chr22	27968160	rs12169097
chr22	27972108	rs7292562
chr22	27972278	rs7292859
chr22	27974244	rs9613552
chr22	27975317	rs7286237
chr22	27975497	rs5762425
chr22	27975553	rs5762426
chr22	27976715	rs5752673
chr22	27976846	rs138631
chr22	27977756	rs470097
chr22	27982484	rs5762430
chr22	27983880	rs138636
chr22	27984600	rs138638
chr22	27985094	rs118840
chr22	27985849	rs138639
chr22	27986402	rs138640
chr22	27991761	rs138642
chr22	27992391	rs138644
chr22	27993024	rs138646
chr22	27993270	rs5752679
chr22	27993465	rs470101
chr22	27995169	rs138648
chr22	27997552	rs138650
chr22	28001732	rs470102
chr22	28002540	rs138657
chr22	28006636	rs6005693
chr22	28008018	rs138660
chr22	28008179	rs9613560
chr22	28009177	rs16985863
chr22	28009303	rs138664
chr22	28012456	rs5762448
chr22	28015760	rs138679
chr22	28015930	rs470105
chr22	28022589	rs9620762
chr22	28025312	rs1548235
chr22	28027390	rs4140571
chr22	28027494	rs12166077
chr22	28027856	rs17483887
chr22	28030140	rs2073029
chr22	28031348	rs5762456
chr22	28034664	rs2235713
chr22	28045483	rs9620764
chr22	28048756	rs5762461
chr22	28053365	rs12167128
chr22	28054343	rs9625391
chr22	28058667	rs4312589
chr22	28060763	rs12166740
chr22	28064778	rs2143420
chr22	28065150	rs10483141
chr22	28073642	rs138685
chr22	28073807	rs10483143
chr22	28082997	rs130408
chr22	28091204	rs16985967
chr22	28092117	rs130413
chr22	28092307	rs5762474
chr22	28092462	rs135113
chr22	28094921	rs767919
chr22	28097441	rs10154425
chr22	28098768	rs13058493
chr22	28101832	rs9306452
chr22	28106879	rs9620769
chr22	28112037	rs2345714
chr22	28112228	rs9620770
chr22	28114249	rs5762481
chr22	28123122	rs16986037
chr22	28132757	rs28360522
chr22	28135100	rs9613568
chr22	28141127	rs5762492
chr22	28142004	rs135640
chr22	28143011	rs135642
chr22	28143205	rs135644
chr22	28144504	rs9608667
chr22	28145037	rs9613569
chr22	28145087	rs135646
chr22	28145362	rs2064360
chr22	28145992	rs13057007
chr22	28152979	rs16986077
chr22	28154018	rs135648
chr22	28179555	rs5762511
chr22	28183499	rs6005735
chr22	28187750	rs7284814
chr22	28190686	rs8140229
chr22	28202642	rs9613573
chr22	28208595	rs9613574
chr22	28216309	rs7285440
chr22	28216657	rs134170
chr22	28220092	rs12167735
chr22	28222466	rs134173
chr22	28224596	rs9620778
chr22	28224919	rs5752710
chr22	28225008	rs9625433
chr22	28227376	rs5762528
chr22	28228331	rs134176
chr22	28232221	rs5762532
chr22	28234799	rs134180
chr22	28237583	rs5762534
chr22	28239685	rs134185
chr22	28245146	rs134187
chr22	28249312	rs738996
chr22	28251383	rs2223369
chr22	28257911	rs134194
chr22	28260703	rs134195
chr22	28264537	rs9608675
chr22	28267417	rs9306454
chr22	28267519	rs134197
chr22	28270973	rs5762541
chr22	28276418	rs2056962
chr22	28278345	rs5762546
chr22	28286628	rs6005754
chr22	28295693	rs5752718
chr22	28298222	rs1072967
chr22	28308373	rs5762553
chr22	28309601	rs16986290
chr22	28318224	rs5997355
chr22	28323668	rs1297607
chr22	28326547	rs1303845
chr22	28332356	rs134488
chr22	28345757	rs9608677
chr22	28348598	rs134503
chr22	28356517	rs134506
chr22	28357845	rs134507
chr22	28358660	rs16986354
chr22	28360051	rs134510
chr22	28360722	rs79107
chr22	28361962	rs5752726
chr22	28366046	rs134514
chr22	28376829	rs1534884
chr22	28385770	rs134529
chr22	28396899	rs738200
chr22	28398081	rs5997363
chr22	28399092	rs2346395
chr22	28399275	rs134541
chr22	28403092	rs134545
chr22	28403448	rs7288416
chr22	28405021	rs134547
chr22	28406490	rs134548
chr22	28411289	rs6005779
chr22	28415341	rs695591
chr22	28418902	rs695625
chr22	28419641	rs16986398
chr22	28431226	rs16986420
chr22	28437514	rs695388
chr22	28438543	rs17412920
chr22	28440940	rs9613613
chr22	28441916	rs16986431
chr22	28445851	rs9625475
chr22	28451018	rs5762632
chr22	28451908	rs9613617
chr22	28462260	rs9625477
chr22	28464179	rs12166475
chr22	28465991	rs35286648
chr22	28475582	rs9613630
chr22	28481347	rs5762656
chr22	28486985	rs695318
chr22	28490817	rs2346397
chr22	28493747	rs695567
chr22	28504013	rs5762664
chr22	28504689	rs16986489
chr22	28519329	rs9608689
chr22	28527329	rs2144922
chr22	28547489	rs16986509
chr22	28568186	rs2180460
chr22	28588459	rs1125250
chr22	28597195	rs738748
chr22	28605392	rs16986548
chr22	28605801	rs5762713
chr22	28619602	rs7293232
chr22	28620069	rs7289534
chr22	28637470	rs4638900
chr22	28637557	rs12165893
chr22	28641876	rs9625520
chr22	28643439	rs1474961
chr22	28643627	rs5762730
chr22	28656963	rs9625524
chr22	28657015	rs5762736
chr22	28662421	rs9620811
chr22	28691053	rs4035540
chr22	28692602	rs9625533
chr22	28696193	rs17507045
chr22	28704723	rs1547014
chr22	28707229	rs743185
chr22	28709539	rs2073326
chr22	28709570	rs2073327
chr22	28710745	rs1884816
chr22	28712456	rs6005843
chr22	28713048	rs5762758
chr22	28714014	rs5752777
chr22	28734024	rs738722
chr22	28734312	rs1033667
chr22	28734470	rs1805129
chr22	28736350	rs17878936
chr22	28736376	rs17882867
chr22	28736652	rs17882647
chr22	28737002	rs5762764
chr22	28738350	rs17508019
chr22	28739901	rs5762766
chr22	28745253	rs5762767
chr22	28749423	rs714191
chr22	28749551	rs5997391
chr22	28750515	rs5752785
chr22	28757559	rs5752791
chr22	28757771	rs5752792
chr22	28758249	rs6005861
chr22	28760460	rs6005863
chr22	28761499	rs6005864
chr22	28764326	rs5752793
chr22	28769778	rs6005868
chr22	28771234	rs5997400
chr22	28773432	rs2235432
chr22	28775310	rs5762784
chr22	28775347	rs5997401
chr22	28778782	rs5762788
chr22	28779885	rs2206061
chr22	28783751	rs2347447
chr22	28786512	rs5762795
chr22	28787145	rs6005881
chr22	28789125	rs1222
chr22	28793458	rs5997404
chr22	28796682	rs2239815
chr22	28802163	rs3788409
chr22	28806075	rs12168849
chr22	28807976	rs5762814
chr22	28808898	rs9625575
chr22	28810221	rs5762816
chr22	28817023	rs7287806
chr22	28819554	rs763073
chr22	28831983	rs6005907
chr22	28832142	rs5762829
chr22	28835459	rs5762839
chr22	28837274	rs6005915
chr22	28843169	rs7287124
chr22	28851109	rs5762857
chr22	28855938	rs6005922
chr22	28856377	rs6005923
chr22	28856744	rs5762862
chr22	28857376	rs5762864
chr22	28861159	rs10222249
chr22	28862563	rs10154819
chr22	28865171	rs5762870
chr22	28873704	rs8141529
chr22	28874003	rs6519766
chr22	28877978	rs13058031
chr22	28885722	rs7287918
chr22	28890192	rs5762879
chr22	28891742	rs2064261
chr22	28894993	rs9620841
chr22	28901377	rs132531
chr22	28903818	rs132534
chr22	28904318	rs16986825
chr22	28908265	rs132539
chr22	28915283	rs739196
chr22	28918648	rs5762893
chr22	28922311	rs9625645
chr22	28922736	rs132549
chr22	28925020	rs132550
chr22	28929935	rs132554
chr22	28931919	rs5762900
chr22	28937135	rs7290364
chr22	28938612	rs132556
chr22	28942247	rs5762906
chr22	28946975	rs17517292
chr22	28949902	rs5752839
chr22	28953318	rs13056243
chr22	28953679	rs9625657
chr22	28954923	rs16986864
chr22	28956507	rs4055
chr22	28958750	rs16986871
chr22	28962231	rs5762916
chr22	28964309	rs4822998
chr22	28965171	rs2213645
chr22	28967356	rs5762919
chr22	28972947	rs5762924
chr22	28973410	rs5762925
chr22	28975773	rs13055470
chr22	28979038	rs10854810
chr22	28982622	rs17518058
chr22	28982720	rs5762930
chr22	28982899	rs16986925
chr22	28983569	rs8140640
chr22	28983743	rs5762931
chr22	28983903	rs4823000
chr22	28985389	rs5762936
chr22	28986398	rs5762938
chr22	28986843	rs12627758
chr22	28991382	rs11912198
chr22	28994061	rs5762942
chr22	28999981	rs10483152
chr22	29004527	rs8142788
chr22	29006551	rs5997427
chr22	29006844	rs9613768
chr22	29008718	rs16986951
chr22	29012431	rs4140643
chr22	29012606	rs7290304
chr22	29013978	rs17440734
chr22	29014116	rs4823002
chr22	29014244	rs4823003
chr22	29016269	rs2064084
chr22	29018013	rs2347790
chr22	29024494	rs9613777
chr22	29024827	rs16986990
chr22	29026239	rs8137391
chr22	29028932	rs17519961
chr22	29031341	rs11703054
chr22	29033381	rs5997433
chr22	29033967	rs8140401
chr22	29034009	rs8137254
chr22	29038117	rs9613782
chr22	29043213	rs9613785
chr22	29044704	rs713834
chr22	29047721	rs727892
chr22	29050987	rs6005967
chr22	29053489	rs2294239
chr22	29054868	rs7290117
chr22	29054935	rs2179129
chr22	29055683	rs4823006
chr22	29057039	rs3178915
chr22	29058489	rs6005975
chr22	29058790	rs2072775
chr22	29060711	rs9625679
chr22	29060745	rs6005977
chr22	29061153	rs11703010
chr22	29061594	rs134557
chr22	29061634	rs134558
chr22	29062453	rs134559
chr22	29062800	rs16987014
chr22	29062857	rs134560
chr22	29063744	rs760628
chr22	29065634	rs783
chr22	29069689	rs134583
chr22	29069881	rs134585
chr22	29070847	rs134591
chr22	29071233	rs134592
chr22	29072468	rs134594
chr22	29074127	rs134596
chr22	29078289	rs134605
chr22	29079136	rs134607
chr22	29079595	rs134609
chr22	29081853	rs20037
chr22	29086233	rs134636
chr22	29086688	rs134637
chr22	29089720	rs134651
chr22	29089806	rs713861
chr22	29090276	rs7289560
chr22	29092656	rs17443175
chr22	29094160	rs1540900
chr22	29094509	rs134657
chr22	29095718	rs134661
chr22	29095792	rs7287223
chr22	29096270	rs10483154
chr22	29097204	rs8138963
chr22	29098605	rs2205771
chr22	29098997	rs16987067
chr22	29099091	rs134665
chr22	29099266	rs134666
chr22	29099385	rs12628787
chr22	29102130	rs5752866
chr22	29103095	rs16987083
chr22	29103120	rs16987084
chr22	29103618	rs8138320
chr22	29106740	rs126077
chr22	29107967	rs134678
chr22	29108454	rs8135301
chr22	29113316	rs12628129
chr22	29115529	rs134688
chr22	29115632	rs134689
chr22	29117741	rs5752867
chr22	29129138	rs132274
chr22	29130209	rs132275
chr22	29132429	rs12166946
chr22	29136963	rs132277
chr22	29139822	rs17444498
chr22	29141136	rs17451053
chr22	29142480	rs713728
chr22	29144210	rs12485095
chr22	29144309	rs6006029
chr22	29144932	rs132280
chr22	29145877	rs16987167
chr22	29146877	rs2301445
chr22	29146927	rs2301446
chr22	29154391	rs730517
chr22	29157967	rs132294
chr22	29158195	rs469983
chr22	29160751	rs132304
chr22	29167896	rs713924
chr22	29171443	rs132323
chr22	29171677	rs469984
chr22	29172797	rs132328
chr22	29172975	rs5997451
chr22	29176778	rs11090561
chr22	29189092	rs12484227
chr22	29190070	rs11704738
chr22	29194234	rs132348
chr22	29198061	rs8141926
chr22	29200513	rs80604
chr22	29203995	rs132366
chr22	29207622	rs132369
chr22	29207807	rs132370
chr22	29208572	rs132372
chr22	29208798	rs132373
chr22	29210877	rs132375
chr22	29214149	rs132379
chr22	29216519	rs9625736
chr22	29228593	rs8142085
chr22	29232626	rs1003703
chr22	29232752	rs1997719
chr22	29232817	rs3765300
chr22	29234348	rs3950176
chr22	29234575	rs713886
chr22	29236749	rs7284125
chr22	29240996	rs5752884
chr22	29242481	rs11704518
chr22	29243101	rs5763087
chr22	29243203	rs2281157
chr22	29244716	rs7287249
chr22	29245029	rs5752887
chr22	29246122	rs5752889
chr22	29246376	rs5752890
chr22	29250286	rs4820801
chr22	29253786	rs9608745
chr22	29254703	rs909795
chr22	29254785	rs3765303
chr22	29254916	rs909797
chr22	29255004	rs8136401
chr22	29256169	rs16987328
chr22	29257622	rs2744465
chr22	29258015	rs909798
chr22	29261615	rs2857466
chr22	29263726	rs2231396
chr22	29265352	rs2301290
chr22	29268434	rs2301291
chr22	29272015	rs2857461
chr22	29273704	rs4820804
chr22	29274950	rs3788410
chr22	29276304	rs9613855
chr22	29279412	rs140062
chr22	29281978	rs5752899
chr22	29285227	rs131184
chr22	29289174	rs11703595
chr22	29289763	rs5763131
chr22	29292643	rs3761426
chr22	29296498	rs140065
chr22	29296507	rs131190
chr22	29298000	rs3747142
chr22	29299939	rs2518683
chr22	29306149	rs174761
chr22	29306664	rs1894414
chr22	29308135	rs11090564
chr22	29308893	rs13055676
chr22	29311919	rs34124440
chr22	29314336	rs174762
chr22	29314371	rs13056977
chr22	29321727	rs5763138
chr22	29322332	rs5763140
chr22	29323178	rs6006093
chr22	29325172	rs174764
chr22	29329904	rs2071578
chr22	29332794	rs3788411
chr22	29334636	rs98069
chr22	29338707	rs174766
chr22	29338808	rs6006098
chr22	29341834	rs2301587
chr22	29347790	rs715589
chr22	29350264	rs737883
chr22	29352870	rs8140836
chr22	29354197	rs3788412
chr22	29359899	rs2072051
chr22	29366251	rs6006108
chr22	29370977	rs2267134
chr22	29373317	rs5752903
chr22	29379034	rs174772
chr22	29379629	rs9613877
chr22	29380868	rs5763181
chr22	29381302	rs5752905
chr22	29381515	rs11704551
chr22	29381592	rs5763182
chr22	29385456	rs2283852
chr22	29386444	rs715494
chr22	29393032	rs5752907
chr22	29393218	rs9625784
chr22	29395245	rs174775
chr22	29397652	rs2267138
chr22	29397846	rs714962
chr22	29398038	rs2188121
chr22	29400786	rs2283855
chr22	29401384	rs2283857
chr22	29409418	rs2267145
chr22	29411866	rs2283858
chr22	29416522	rs7286640
chr22	29427779	rs5752915
chr22	29428534	rs174709
chr22	29428854	rs5752918
chr22	29431267	rs6006148
chr22	29432762	rs12484045
chr22	29433806	rs174714
chr22	29436981	rs67115
chr22	29438777	rs465736
chr22	29439998	rs2106107
chr22	29440937	rs5763240
chr22	29441297	rs12485237
chr22	29441895	rs12484086
chr22	29443179	rs5763241
chr22	29444191	rs13054354
chr22	29444351	rs5763243
chr22	29445653	rs174719
chr22	29449932	rs8135208
chr22	29450350	rs13340033
chr22	29451733	rs13053817
chr22	29454772	rs16987650
chr22	29454970	rs17523060
chr22	29458970	rs7289240
chr22	29460090	rs9613919
chr22	29467163	rs5763254
chr22	29474962	rs5752924
chr22	29478261	rs165649
chr22	29481428	rs165607
chr22	29481636	rs165821
chr22	29484784	rs165633
chr22	29485479	rs3815335
chr22	29485839	rs165734
chr22	29485895	rs4823040
chr22	29488578	rs165624
chr22	29490054	rs165602
chr22	29490424	rs165625
chr22	29490904	rs1061373
chr22	29493212	rs4333024
chr22	29498221	rs5752927
chr22	29503735	rs5763284
chr22	29506203	rs5752933
chr22	29506393	rs5763288
chr22	29508365	rs1049536
chr22	29508530	rs2283859
chr22	29510712	rs6006179
chr22	29511861	rs2074948
chr22	29512083	rs1049534
chr22	29512165	rs2007668
chr22	29517283	rs737976
chr22	29517812	rs2008880
chr22	29522493	rs11704899
chr22	29524830	rs2188120
chr22	29528223	rs5763297
chr22	29528836	rs4823044
chr22	29529232	rs2302140
chr22	29529295	rs2302141
chr22	29531609	rs9613940
chr22	29533250	rs8135828
chr22	29533638	rs5763301
chr22	29533734	rs5763302
chr22	29534206	rs5763305
chr22	29539715	rs9613942
chr22	29539784	rs4823046
chr22	29541250	rs737980
chr22	29543694	rs5763315
chr22	29544960	rs467812
chr22	29553889	rs4823047
chr22	29556237	rs468217
chr22	29561332	rs6361
chr22	29564346	rs456300
chr22	29564779	rs9608781
chr22	29565997	rs467768
chr22	29570094	rs456285
chr22	29575000	rs460428
chr22	29578842	rs462444
chr22	29578890	rs465938
chr22	29584326	rs9613968
chr22	29585335	rs9613972
chr22	29587149	rs16987839
chr22	29589023	rs9613976
chr22	29589240	rs11705569
chr22	29601022	rs9613999
chr22	29603320	rs11090574
chr22	29606451	rs9614004
chr22	29606614	rs9614005
chr22	29608940	rs9614006
chr22	29611819	rs2531844
chr22	29612761	rs2857634
chr22	29618592	rs9614011
chr22	29623737	rs9608799
chr22	29636495	rs2531848
chr22	29639005	rs5763378
chr22	29642163	rs2530664
chr22	29651743	rs2245185
chr22	29655444	rs6006220
chr22	29657950	rs9614025
chr22	29659685	rs2857639
chr22	29661585	rs2857641
chr22	29661831	rs2857642
chr22	29665964	rs2857645
chr22	29669978	rs2527335
chr22	29673218	rs13055076
chr22	29675955	rs2024120
chr22	29676696	rs2009354
chr22	29676770	rs737787
chr22	29679063	rs2857651
chr22	29680731	rs16987928
chr22	29683224	rs7291645
chr22	29685726	rs2530678
chr22	29690155	rs756053
chr22	29692050	rs2267151
chr22	29692268	rs1009147
chr22	29692453	rs1009148
chr22	29692682	rs2267152
chr22	29695156	rs1008515
chr22	29696010	rs2530680
chr22	29698076	rs11090576
chr22	29707487	rs2530682
chr22	29708920	rs2530683
chr22	29710351	rs12160473
chr22	29710670	rs2530685
chr22	29715313	rs715595
chr22	29715635	rs2527344
chr22	29716237	rs2527345
chr22	29716375	rs737932
chr22	29725296	rs9614037
chr22	29725659	rs9614040
chr22	29726668	rs7287478
chr22	29727040	rs9614041
chr22	29728907	rs13057811
chr22	29728979	rs9614042
chr22	29729607	rs5997507
chr22	29731378	rs2232903
chr22	29732391	rs140101
chr22	29733167	rs140104
chr22	29737590	rs17462966
chr22	29737892	rs140114
chr22	29740148	rs7290420
chr22	29741273	rs105311
chr22	29742559	rs140120
chr22	29744369	rs11090577
chr22	29747217	rs140123
chr22	29751049	rs140126
chr22	29754560	rs140129
chr22	29754948	rs5752960
chr22	29755593	rs131271
chr22	29757666	rs131272
chr22	29757732	rs131273
chr22	29759124	rs131278
chr22	29761951	rs131285
chr22	29767121	rs16988011
chr22	29767157	rs16988015
chr22	29768380	rs16988025
chr22	29773447	rs131291
chr22	29778240	rs131296
chr22	29782316	rs140145
chr22	29784012	rs131298
chr22	29788610	rs140147
chr22	29788961	rs7954
chr22	29789624	rs140149
chr22	29792256	rs5752962
chr22	29792622	rs9614057
chr22	29800908	rs16988043
chr22	29802036	rs4823054
chr22	29803937	rs12485243
chr22	29804410	rs740116
chr22	29806995	rs12627866
chr22	29810302	rs36576
chr22	29812619	rs5752964
chr22	29813380	rs36577
chr22	29820993	rs6006267
chr22	29822281	rs17711461
chr22	29823556	rs249403
chr22	29824845	rs17711508
chr22	29825131	rs11549795
chr22	29828152	rs1071962
chr22	29837457	rs5752968
chr22	29844586	rs4820821
chr22	29845072	rs4823057
chr22	29845160	rs4823058
chr22	29848730	rs5997542
chr22	29853358	rs11090584
chr22	29857267	rs4993442
chr22	29862368	rs5763559
chr22	29863353	rs5997546
chr22	29865230	rs9625870
chr22	29868285	rs5752973
chr22	29877175	rs5763568
chr22	29882030	rs4820823
chr22	29884173	rs3788418
chr22	29892636	rs9625874
chr22	29894454	rs8140770
chr22	29898755	rs8138677
chr22	29908245	rs8136147
chr22	29917263	rs737938
chr22	29918103	rs713718
chr22	29927101	rs5763609
chr22	29930113	rs7291756
chr22	29932081	rs36590
chr22	29944149	rs36604
chr22	29946202	rs36608
chr22	29947197	rs39713
chr22	29954543	rs5763634
chr22	29961812	rs5763645
chr22	29965892	rs2051764
chr22	29969853	rs9614122
chr22	29971868	rs737906
chr22	29972395	rs4239932
chr22	29978339	rs9614125
chr22	29978931	rs737907
chr22	29979545	rs7284538
chr22	29981013	rs3788421
chr22	29984539	rs9620935
chr22	29988583	rs5763671
chr22	29992612	rs2007446
chr22	29992769	rs737909
chr22	29993857	rs5763681
chr22	29995001	rs3788423
chr22	30003011	rs12165769
chr22	30003428	rs737911
chr22	30004712	rs3788425
chr22	30004872	rs17646919
chr22	30008007	rs2074204
chr22	30008664	rs41156
chr22	30009162	rs41157
chr22	30009994	rs41158
chr22	30011375	rs41159
chr22	30012721	rs41162
chr22	30016476	rs41164
chr22	30016770	rs17647135
chr22	30017888	rs5763701
chr22	30022172	rs41168
chr22	30025077	rs41170
chr22	30026598	rs9620939
chr22	30026719	rs2285645
chr22	30026876	rs41172
chr22	30027471	rs12537
chr22	30027755	rs9983
chr22	30035253	rs41479445
chr22	30036414	rs41176
chr22	30037384	rs16988244
chr22	30037833	rs1476514
chr22	30038134	rs16987156
chr22	30042458	rs41177
chr22	30044544	rs41178
chr22	30047308	rs5763734
chr22	30054671	rs5763746
chr22	30070581	rs5753007
chr22	30076265	rs1989870
chr22	30078227	rs8141404
chr22	30078321	rs757026
chr22	30079165	rs7286205
chr22	30080282	rs6519802
chr22	30085869	rs9608845
chr22	30090837	rs2412970
chr22	30097893	rs5763767
chr22	30098382	rs2412971
chr22	30108218	rs718772
chr22	30108663	rs5763779
chr22	30116489	rs4823074
chr22	30119060	rs5753014
chr22	30125781	rs11090598
chr22	30126470	rs8135823
chr22	30129560	rs6519805
chr22	30133642	rs2412973
chr22	30133752	rs5753021
chr22	30135102	rs4820830
chr22	30137076	rs2899147
chr22	30141537	rs5997579
chr22	30146168	rs5753025
chr22	30148570	rs1468177
chr22	30156706	rs5763825
chr22	30156824	rs16988333
chr22	30158215	rs5753027
chr22	30159227	rs9625933
chr22	30160112	rs2214047
chr22	30160856	rs5753028
chr22	30167354	rs9614152
chr22	30176747	rs975704
chr22	30179174	rs10483158
chr22	30179823	rs12167333
chr22	30181600	rs5763854
chr22	30181782	rs714027
chr22	30182161	rs713792
chr22	30183628	rs5763857
chr22	30184172	rs2412979
chr22	30185733	rs5753037
chr22	30194037	rs6006393
chr22	30196080	rs2412980
chr22	30196819	rs16988381
chr22	30196853	rs16988383
chr22	30201146	rs2106430
chr22	30201891	rs9614158
chr22	30205254	rs9614159
chr22	30208113	rs9614162
chr22	30208678	rs5997591
chr22	30210575	rs11913168
chr22	30210938	rs12484740
chr22	30213107	rs5997592
chr22	30214557	rs9608851
chr22	30214581	rs9608852
chr22	30214742	rs13057533
chr22	30214787	rs4574206
chr22	30216960	rs6518682
chr22	30218448	rs2078856
chr22	30222611	rs9620960
chr22	30222900	rs11089436
chr22	30223610	rs2073946
chr22	30224548	rs16988415
chr22	30224638	rs6006405
chr22	30224902	rs13054238
chr22	30233759	rs6006413
chr22	30234154	rs17729168
chr22	30239143	rs5997597
chr22	30242237	rs929271
chr22	30243121	rs737812
chr22	30244225	rs737921
chr22	30244319	rs715605
chr22	30248706	rs5997599
chr22	30250137	rs9606708
chr22	30256458	rs9608854
chr22	30258475	rs11089441
chr22	30260646	rs8138196
chr22	30261519	rs5763914
chr22	30262733	rs7289095
chr22	30263577	rs2070889
chr22	30264528	rs1476576
chr22	30265195	rs5763918
chr22	30268931	rs10854598
chr22	30271288	rs9608859
chr22	30273894	rs6006426
chr22	30274004	rs6006427
chr22	30274102	rs17656515
chr22	30276363	rs11704358
chr22	30276431	rs877549
chr22	30279228	rs5763923
chr22	30279934	rs724055
chr22	30282541	rs5763928
chr22	30283398	rs2108093
chr22	30283693	rs13058084
chr22	30290265	rs7284531
chr22	30292670	rs4823086
chr22	30294009	rs11089442
chr22	30295642	rs2097919
chr22	30297592	rs4823087
chr22	30298439	rs13058399
chr22	30300110	rs4823088
chr22	30300755	rs9619096
chr22	30304618	rs4823089
chr22	30304935	rs2240422
chr22	30309718	rs17656850
chr22	30311708	rs737948
chr22	30315454	rs4820831
chr22	30316400	rs5753060
chr22	30318695	rs740219
chr22	30319213	rs757867
chr22	30321927	rs9608876
chr22	30329285	rs737751
chr22	30329313	rs737750
chr22	30332367	rs10376
chr22	30332464	rs9606716
chr22	30333518	rs2839998
chr22	30334756	rs11705056
chr22	30335077	rs2240420
chr22	30337925	rs2074731
chr22	30339058	rs11089445
chr22	30339919	rs4339043
chr22	30340158	rs2074732
chr22	30341026	rs5749068
chr22	30342172	rs9608885
chr22	30342598	rs2074733
chr22	30342748	rs5753080
chr22	30344159	rs8141656
chr22	30346136	rs5749071
chr22	30350606	rs17730748
chr22	30355464	rs12484880
chr22	30355638	rs4820834
chr22	30356378	rs5997619
chr22	30356953	rs13053375
chr22	30361306	rs737950
chr22	30365309	rs1076296
chr22	30366151	rs740223
chr22	30369260	rs5753101
chr22	30369779	rs5749081
chr22	30369908	rs1476659
chr22	30371740	rs1076298
chr22	30371792	rs1076299
chr22	30372788	rs5753103
chr22	30375469	rs1002189
chr22	30375565	rs2015035
chr22	30375783	rs3804077
chr22	30375866	rs5753106
chr22	30378664	rs5749087
chr22	30380106	rs5749088
chr22	30383968	rs5753112
chr22	30386100	rs5997629
chr22	30387562	rs5753117
chr22	30389432	rs5753118
chr22	30390959	rs5749090
chr22	30396126	rs715504
chr22	30397148	rs757660
chr22	30398730	rs11089447
chr22	30398961	rs5997637
chr22	30399226	rs4820844
chr22	30400433	rs7288366
chr22	30404349	rs4820845
chr22	30406455	rs2072157
chr22	30413353	rs5997641
chr22	30414398	rs2267155
chr22	30415123	rs2267156
chr22	30417334	rs2299825
chr22	30417435	rs2299826
chr22	30418738	rs2299827
chr22	30420159	rs9620984
chr22	30423640	rs1061660
chr22	30423770	rs1061664
chr22	30424562	rs1046199
chr22	30424719	rs5994305
chr22	30427078	rs2072159
chr22	30437385	rs1009337
chr22	30440326	rs5753137
chr22	30443359	rs4820013
chr22	30446527	rs1465223
chr22	30447508	rs4820848
chr22	30447726	rs5753149
chr22	30450636	rs5753152
chr22	30450657	rs11089450
chr22	30457095	rs8142204
chr22	30457895	rs3804078
chr22	30458373	rs4820849
chr22	30458676	rs4820851
chr22	30459687	rs5749102
chr22	30459710	rs5753158
chr22	30461386	rs2240345
chr22	30461461	rs5749104
chr22	30464843	rs2269961
chr22	30465653	rs2412986
chr22	30465928	rs17738020
chr22	30465944	rs7410776
chr22	30466776	rs757663
chr22	30466852	rs5753161
chr22	30467176	rs5997653
chr22	30467405	rs17659494
chr22	30468623	rs4820853
chr22	30468705	rs4820854
chr22	30469350	rs9620997
chr22	30470393	rs2269964
chr22	30472115	rs2066926
chr22	30472431	rs714456
chr22	30473349	rs1124827
chr22	30479530	rs8141318
chr22	30480451	rs737941
chr22	30480848	rs737942
chr22	30485664	rs9608938
chr22	30488440	rs8138759
chr22	30489113	rs13750
chr22	30489993	rs17670808
chr22	30490899	rs9608941
chr22	30492425	rs5997665
chr22	30492507	rs17738527
chr22	30492540	rs17738540
chr22	30495263	rs9606738
chr22	30495872	rs9608944
chr22	30497959	rs11704395
chr22	30498867	rs4820014
chr22	30502422	rs737940
chr22	30505605	rs9608956
chr22	30506431	rs8141286
chr22	30510021	rs6518693
chr22	30511181	rs2023967
chr22	30518486	rs7284873
chr22	30522692	rs7287647
chr22	30522838	rs1001409
chr22	30523719	rs11914198
chr22	30525384	rs6518698
chr22	30533918	rs4820864
chr22	30534171	rs2899151
chr22	30536686	rs1107844
chr22	30544144	rs4820866
chr22	30544385	rs5997678
chr22	30547053	rs5997681
chr22	30552765	rs6518702
chr22	30554373	rs2267158
chr22	30556409	rs2267159
chr22	30557308	rs2267161
chr22	30557898	rs7286285
chr22	30560432	rs42929
chr22	30561845	rs4149488
chr22	30564425	rs42931
chr22	30565061	rs42932
chr22	30565658	rs42933
chr22	30566173	rs4820867
chr22	30566385	rs4149486
chr22	30574985	rs42941
chr22	30576422	rs11912660
chr22	30579526	rs2072196
chr22	30582086	rs737952
chr22	30584935	rs7364237
chr22	30590185	rs4820018
chr22	30590363	rs5753220
chr22	30590578	rs4820869
chr22	30591973	rs16988803
chr22	30592395	rs13053923
chr22	30592446	rs4820019
chr22	30595137	rs7285863
chr22	30596685	rs4820876
chr22	30599369	rs11089465
chr22	30605835	rs5749131
chr22	30607082	rs5753231
chr22	30607574	rs16988828
chr22	30608140	rs9621047
chr22	30610017	rs4820020
chr22	30610873	rs9606756
chr22	30612758	rs740234
chr22	30615082	rs757874
chr22	30615570	rs2267163
chr22	30615919	rs5749135
chr22	30617309	rs2283873
chr22	30617432	rs9621049
chr22	30620552	rs4820886
chr22	30620927	rs4820887
chr22	30621335	rs4820888
chr22	30622659	rs2301955
chr22	30622988	rs1131603
chr22	30623057	rs4820889
chr22	30627906	rs8135379
chr22	30628869	rs7289553
chr22	30628947	rs9306264
chr22	30629876	rs5997711
chr22	30630790	rs5753257
chr22	30635146	rs9621053
chr22	30636089	rs9609025
chr22	30636322	rs4820891
chr22	30641383	rs8139950
chr22	30644418	rs16988925
chr22	30646365	rs2270013
chr22	30647497	rs734479
chr22	30650600	rs5994328
chr22	30652816	rs2078975
chr22	30653083	rs5994329
chr22	30653946	rs5997722
chr22	30654305	rs16988936
chr22	30656388	rs5997727
chr22	30656581	rs5753263
chr22	30662128	rs8630
chr22	30663263	rs2240002
chr22	30664206	rs4820893
chr22	30664995	rs5753268
chr22	30665882	rs713853
chr22	30671256	rs5994332
chr22	30672827	rs5753270
chr22	30674506	rs5753271
chr22	30675367	rs6518711
chr22	30675498	rs11703252
chr22	30682354	rs9609048
chr22	30682470	rs16988966
chr22	30693408	rs9609052
chr22	30695152	rs13053290
chr22	30695646	rs7288635
chr22	30703940	rs13053993
chr22	30705659	rs9606766
chr22	30709282	rs5753281
chr22	30712164	rs136389
chr22	30712630	rs9609057
chr22	30717017	rs136383
chr22	30717446	rs7285562
chr22	30717841	rs11089471
chr22	30718099	rs136382
chr22	30718358	rs5997740
chr22	30720502	rs136381
chr22	30720706	rs5753285
chr22	30720766	rs136380
chr22	30721508	rs4820897
chr22	30722408	rs5749157
chr22	30727305	rs136369
chr22	30732776	rs5753298
chr22	30734550	rs4820899
chr22	30738403	rs136354
chr22	30742882	rs5997752
chr22	30743331	rs926340
chr22	30743666	rs5753303
chr22	30745252	rs136351
chr22	30755548	rs136343
chr22	30757289	rs9609078
chr22	30764552	rs136337
chr22	30764947	rs136336
chr22	30769737	rs4820902
chr22	30771718	rs9609089
chr22	30772683	rs136324
chr22	30773349	rs136320
chr22	30773774	rs136319
chr22	30775287	rs5997762
chr22	30794652	rs16989115
chr22	30796036	rs136287
chr22	30799788	rs136273
chr22	30802050	rs136262
chr22	30809347	rs4444
chr22	30810408	rs136251
chr22	30811220	rs136248
chr22	30812557	rs136245
chr22	30813148	rs136243
chr22	30813968	rs136240
chr22	30816423	rs136233
chr22	30816654	rs738374
chr22	30817556	rs136231
chr22	30818395	rs136230
chr22	30818585	rs136229
chr22	30819828	rs361844
chr22	30820067	rs5994347
chr22	30821358	rs136225
chr22	30823882	rs136223
chr22	30824617	rs7284605
chr22	30825113	rs9621106
chr22	30827469	rs742205
chr22	30827871	rs9619139
chr22	30831386	rs5753336
chr22	30831766	rs11089478
chr22	30832597	rs738372
chr22	30834406	rs136218
chr22	30836087	rs136217
chr22	30838022	rs5997780
chr22	30849758	rs4820028
chr22	30853215	rs9621114
chr22	30853346	rs2413001
chr22	30858967	rs5997787
chr22	30859042	rs5997788
chr22	30860079	rs5753350
chr22	30860380	rs8142410
chr22	30860726	rs5753352
chr22	30861702	rs4820029
chr22	30861937	rs2040802
chr22	30862121	rs739894
chr22	30863543	rs9609128
chr22	30863671	rs5753355
chr22	30865120	rs5753356
chr22	30865769	rs5749182
chr22	30868294	rs5753362
chr22	30870559	rs2301816
chr22	30870843	rs4820030
chr22	30872142	rs5994353
chr22	30883549	rs5753369
chr22	30886906	rs5749185
chr22	30887992	rs8140448
chr22	30889149	rs12166521
chr22	30892148	rs9609144
chr22	30892782	rs11089481
chr22	30894650	rs5997802
chr22	30902681	rs9621131
chr22	30906246	rs3804085
chr22	30907721	rs8004
chr22	30909855	rs714023
chr22	30914959	rs5753388
chr22	30917644	rs4820916
chr22	30924335	rs11089483
chr22	30925860	rs2240175
chr22	30925961	rs2240176
chr22	30933967	rs5753398
chr22	30937644	rs3747151
chr22	30938531	rs9609163
chr22	30942483	rs737927
chr22	30944638	rs2240177
chr22	30950766	rs1003480
chr22	30957684	rs3788426
chr22	30957839	rs3827330
chr22	30958667	rs737924
chr22	30964606	rs2240182
chr22	30970689	rs886471
chr22	30973338	rs7284767
chr22	30982461	rs4820921
chr22	30984604	rs5749205
chr22	30996620	rs9621153
chr22	31004032	rs5997838
chr22	31014370	rs5753425
chr22	31015418	rs9609185
chr22	31019945	rs6518726
chr22	31032867	rs5997846
chr22	31038717	rs12484162
chr22	31039959	rs2041076
chr22	31040508	rs12484974
chr22	31040836	rs9609198
chr22	31041406	rs9609199
chr22	31042945	rs4820932
chr22	31044717	rs12168052
chr22	31046322	rs715297
chr22	31049184	rs5753432
chr22	31053775	rs7284593
chr22	31057219	rs16989281
chr22	31057335	rs7291565
chr22	31062217	rs2413016
chr22	31063208	rs7285683
chr22	31063269	rs737930
chr22	31069198	rs736901
chr22	31076518	rs9619167
chr22	31077062	rs12157450
chr22	31078568	rs12330058
chr22	31079321	rs5753454
chr22	31083085	rs17822214
chr22	31084083	rs9621184
chr22	31095346	rs5997872
chr22	31096496	rs2074736
chr22	31096531	rs2240430
chr22	31097139	rs917208
chr22	31101893	rs1004243
chr22	31104550	rs10304
chr22	31105802	rs11705137
chr22	31105847	rs2283875
chr22	31108143	rs12167220
chr22	31110775	rs9621188
chr22	31111063	rs5753463
chr22	31112209	rs2283877
chr22	31118491	rs2017301
chr22	31124352	rs3747152
chr22	31125418	rs2240432
chr22	31125864	rs2240431
chr22	31126078	rs7284757
chr22	31130825	rs5753469
chr22	31133786	rs728206
chr22	31134744	rs8135641
chr22	31134971	rs757873
chr22	31135147	rs740232
chr22	31135164	rs740231
chr22	31136622	rs2232184
chr22	31136974	rs2232183
chr22	31137239	rs5753472
chr22	31137857	rs2232180
chr22	31137981	rs2074739
chr22	31140147	rs2232176
chr22	31141136	rs2232170
chr22	31141547	rs3788428
chr22	31142016	rs3761430
chr22	31143203	rs3761431
chr22	31147274	rs5753480
chr22	31149405	rs4820944
chr22	31150965	rs2413030
chr22	31151198	rs5753482
chr22	31155174	rs4820946
chr22	31156716	rs878718
chr22	31157524	rs740229
chr22	31160117	rs5997893
chr22	31163269	rs8135417
chr22	31167569	rs5994376
chr22	31176977	rs5997898
chr22	31179590	rs4561750
chr22	31183247	rs1034589
chr22	31186676	rs6518737
chr22	31191232	rs5749229
chr22	31197449	rs2027982
chr22	31202381	rs7285171
chr22	31203102	rs5749231
chr22	31204474	rs2413035
chr22	31206201	rs13158
chr22	31215563	rs737888
chr22	31222972	rs5749237
chr22	31225806	rs5997917
chr22	31227456	rs5997919
chr22	31234910	rs5997921
chr22	31243523	rs713947
chr22	31248628	rs11556237
chr22	31249773	rs2106294
chr22	31250462	rs737809
chr22	31251108	rs4820043
chr22	31253646	rs2267171
chr22	31256352	rs11089493
chr22	31258837	rs7287402
chr22	31262295	rs2073857
chr22	31267080	rs9606828
chr22	31267999	rs2073856
chr22	31268046	rs5997929
chr22	31268711	rs5997930
chr22	31269876	rs2413045
chr22	31273281	rs2040532
chr22	31275896	rs8143159
chr22	31277873	rs5997937
chr22	31279199	rs4141404
chr22	31280468	rs1858821
chr22	31281758	rs4615
chr22	31283463	rs4820961
chr22	31284254	rs1034587
chr22	31284638	rs2239905
chr22	31285164	rs11704523
chr22	31286462	rs5997942
chr22	31289143	rs11089495
chr22	31291327	rs4820044
chr22	31299151	rs11703005
chr22	31300629	rs737887
chr22	31304522	rs12166373
chr22	31308392	rs5753554
chr22	31308553	rs4820965
chr22	31319473	rs9680708
chr22	31323046	rs5753559
chr22	31329430	rs16989519
chr22	31333191	rs713619
chr22	31334059	rs2057951
chr22	31334183	rs28715
chr22	31336475	rs131209
chr22	31342768	rs2899161
chr22	31343236	rs12157693
chr22	31345081	rs714909
chr22	31347046	rs9609261
chr22	31348086	rs5997959
chr22	31348735	rs4603880
chr22	31349288	rs9609263
chr22	31352140	rs12157806
chr22	31352429	rs7287267
chr22	31357863	rs131213
chr22	31367738	rs7286320
chr22	31367839	rs7287715
chr22	31389983	rs4820045
chr22	31398768	rs12160763
chr22	31400577	rs11704156
chr22	31406724	rs9606839
chr22	31414243	rs8140805
chr22	31423156	rs6518745
chr22	31423226	rs5753609
chr22	31425733	rs926928
chr22	31434365	rs5749272
chr22	31434435	rs3091392
chr22	31437773	rs695455
chr22	31438214	rs12628465
chr22	31440392	rs4820972
chr22	31442099	rs5997988
chr22	31442532	rs5753618
chr22	31443165	rs16989617
chr22	31443258	rs16989620
chr22	31445105	rs5753620
chr22	31446568	rs7285619
chr22	31448307	rs738658
chr22	31448387	rs2012451
chr22	31451926	rs16989635
chr22	31457385	rs9606843
chr22	31458384	rs4820048
chr22	31459489	rs2103853
chr22	31459968	rs12485048
chr22	31462043	rs16989650
chr22	31465964	rs5753630
chr22	31467111	rs5753632
chr22	31467139	rs5753633
chr22	31472779	rs12485176
chr22	31473481	rs4820974
chr22	31473906	rs5753638
chr22	31474414	rs5753639
chr22	31485183	rs5998002
chr22	31488047	rs11089512
chr22	31488419	rs7289941
chr22	31495798	rs9609296
chr22	31497627	rs5753659
chr22	31497745	rs9609297
chr22	31501809	rs9609304
chr22	31504238	rs16989682
chr22	31504373	rs5749286
chr22	31505881	rs9606848
chr22	31508184	rs2413054
chr22	31509717	rs5753667
chr22	31509833	rs5753669
chr22	31514748	rs5753671
chr22	31518413	rs4820979
chr22	31518711	rs2024747
chr22	31521429	rs4820980
chr22	31525982	rs5749293
chr22	31529087	rs1543416
chr22	31530739	rs3818134
chr22	31533668	rs4820983
chr22	31536121	rs5753681
chr22	31539361	rs738656
chr22	31541428	rs5753683
chr22	31545046	rs5749298
chr22	31546784	rs1968023
chr22	31550296	rs16989753
chr22	31551962	rs5753686
chr22	31555822	rs16989760
chr22	31556059	rs5753691
chr22	31557976	rs5998042
chr22	31559922	rs16989274
chr22	31561079	rs13053428
chr22	31565727	rs5749303
chr22	31568057	rs7293134
chr22	31570288	rs2092905
chr22	31574068	rs5753698
chr22	31575272	rs5753700
chr22	31575296	rs16989291
chr22	31581013	rs5749306
chr22	31581608	rs738702
chr22	31587774	rs7286496
chr22	31596390	rs1018488
chr22	31598420	rs5998054
chr22	31600639	rs1018490
chr22	31602626	rs2006771
chr22	31603141	rs6518752
chr22	31603490	rs11704616
chr22	31605064	rs2236033
chr22	31606074	rs2073281
chr22	31606308	rs5753723
chr22	31608602	rs5994415
chr22	31609608	rs8140312
chr22	31610422	rs5998058
chr22	31612053	rs7291918
chr22	31615239	rs12171042
chr22	31615943	rs8138525
chr22	31616648	rs738684
chr22	31617279	rs2295251
chr22	31617379	rs7293143
chr22	31617395	rs7292913
chr22	31618733	rs1044085
chr22	31619176	rs8461
chr22	31619464	rs9956
chr22	31620106	rs16989334
chr22	31624759	rs7287937
chr22	31628994	rs11703808
chr22	31629927	rs761746
chr22	31631463	rs12627933
chr22	31632735	rs5753734
chr22	31638489	rs9306268
chr22	31646746	rs9619215
chr22	31647644	rs5998067
chr22	31647849	rs5998068
chr22	31650036	rs5998069
chr22	31653931	rs9621305
chr22	31658040	rs5998074
chr22	31658377	rs11703079
chr22	31658429	rs11703102
chr22	31659457	rs16989374
chr22	31661515	rs760908
chr22	31671172	rs12166823
chr22	31673447	rs1076674
chr22	31681261	rs10483160
chr22	31683317	rs3804087
chr22	31683461	rs3804088
chr22	31684258	rs5998086
chr22	31685425	rs5998087
chr22	31685695	rs8142355
chr22	31685943	rs2006648
chr22	31701789	rs6518754
chr22	31704564	rs5998098
chr22	31714177	rs140078
chr22	31714388	rs12159328
chr22	31714957	rs140079
chr22	31715456	rs41496947
chr22	31716475	rs140081
chr22	31720397	rs131231
chr22	31724387	rs131237
chr22	31726047	rs5753767
chr22	31728792	rs131243
chr22	31733617	rs131250
chr22	31735036	rs131254
chr22	31739502	rs11705235
chr22	31739747	rs5749328
chr22	31739826	rs11705329
chr22	31748893	rs1013703
chr22	31755228	rs5998114
chr22	31755718	rs5998115
chr22	31769340	rs2108107
chr22	31769522	rs2040981
chr22	31772272	rs9609364
chr22	31778212	rs7286557
chr22	31785951	rs2108108
chr22	31794029	rs917207
chr22	31800195	rs8141214
chr22	31802487	rs16989498
chr22	31802876	rs5998133
chr22	31809248	rs5998134
chr22	31814314	rs5994431
chr22	31814777	rs10483161
chr22	31821176	rs17761473
chr22	31821553	rs16989528
chr22	31824643	rs16989529
chr22	31828687	rs5998136
chr22	31828818	rs9621345
chr22	31833663	rs5994434
chr22	31833945	rs16989535
chr22	31834199	rs9621346
chr22	31834362	rs11703232
chr22	31834930	rs7290856
chr22	31840163	rs16989540
chr22	31842142	rs16989542
chr22	31843377	rs16989544
chr22	31844474	rs16989546
chr22	31852258	rs5998144
chr22	31853853	rs5998145
chr22	31854739	rs5994436
chr22	31858071	rs12170536
chr22	31858877	rs16989571
chr22	31859816	rs16989573
chr22	31867145	rs470072
chr22	31868545	rs1034419
chr22	31869773	rs2051583
chr22	31869917	rs1012068
chr22	31871056	rs136866
chr22	31872414	rs737084
chr22	31876672	rs136867
chr22	31879367	rs5994443
chr22	31879803	rs3213524
chr22	31879956	rs16989600
chr22	31884624	rs5994444
chr22	31889317	rs5998161
chr22	31890381	rs16989609
chr22	31893933	rs5994446
chr22	31900014	rs5998165
chr22	31907348	rs9609381
chr22	31907794	rs5998172
chr22	31912694	rs16989636
chr22	31915633	rs4820994
chr22	31916856	rs5753816
chr22	31917947	rs5753818
chr22	31919749	rs5749339
chr22	31922645	rs4820995
chr22	31925603	rs9968025
chr22	31926398	rs11703779
chr22	31926428	rs11703587
chr22	31927525	rs5994451
chr22	31928154	rs4820997
chr22	31930252	rs2097390
chr22	31931808	rs4820057
chr22	31935608	rs3788437
chr22	31939430	rs9609389
chr22	31942019	rs3827334
chr22	31942200	rs3761432
chr22	31943227	rs929036
chr22	31943796	rs2267172
chr22	31944393	rs7364274
chr22	31945683	rs2301415
chr22	31945698	rs7290696
chr22	31945804	rs8141011
chr22	31945971	rs7291050
chr22	31948855	rs5998188
chr22	31950481	rs4820059
chr22	31952252	rs2858750
chr22	31953076	rs2246704
chr22	31959468	rs5998196
chr22	31960163	rs9621371
chr22	31962601	rs738181
chr22	31967774	rs9609396
chr22	31969986	rs9609397
chr22	31970372	rs4821004
chr22	31974073	rs4821006
chr22	31975505	rs6518758
chr22	31985986	rs41430344
chr22	31989311	rs5753843
chr22	31994147	rs9606893
chr22	32000537	rs2899171
chr22	32007331	rs4821018
chr22	32017540	rs17744994
chr22	32022565	rs130256
chr22	32032458	rs976915
chr22	32041353	rs738993
chr22	32046789	rs135023
chr22	32047662	rs5998222
chr22	32048230	rs130264
chr22	32049959	rs17683011
chr22	32050818	rs17745316
chr22	32054375	rs130266
chr22	32062802	rs2899174
chr22	32064007	rs9609420
chr22	32065510	rs9609421
chr22	32066518	rs733908
chr22	32067888	rs135110
chr22	32071664	rs739009
chr22	32076943	rs130407
chr22	32080613	rs7287435
chr22	32081458	rs17683310
chr22	32086334	rs5998233
chr22	32088214	rs4821037
chr22	32091757	rs17683448
chr22	32104071	rs12166759
chr22	32110919	rs1056444
chr22	32112017	rs17683807
chr22	32112458	rs9621386
chr22	32112470	rs5753868
chr22	32113102	rs5998237
chr22	32113453	rs9609427
chr22	32120274	rs9606905
chr22	32121444	rs9609429
chr22	32122115	rs8141732
chr22	32122143	rs5994466
chr22	32128919	rs9606907
chr22	32134269	rs2006253
chr22	32134861	rs2006233
chr22	32136244	rs5753872
chr22	32142888	rs9609441
chr22	32143388	rs7291239
chr22	32144664	rs8141334
chr22	32150959	rs2019949
chr22	32158873	rs8141332
chr22	32158998	rs5998267
chr22	32161952	rs5994479
chr22	32162560	rs2413073
chr22	32163848	rs8139657
chr22	32166094	rs1029355
chr22	32166532	rs5998276
chr22	32169049	rs5998278
chr22	32169667	rs6518762
chr22	32171319	rs9606916
chr22	32171400	rs9606917
chr22	32172669	rs16989957
chr22	32173276	rs7291990
chr22	32173637	rs5994481
chr22	32177456	rs136409
chr22	32178287	rs136410
chr22	32179162	rs136414
chr22	32179227	rs136416
chr22	32179469	rs9609463
chr22	32180380	rs136422
chr22	32183572	rs136429
chr22	32184293	rs136436
chr22	32186360	rs136447
chr22	32186828	rs136449
chr22	32188611	rs136455
chr22	32188672	rs136457
chr22	32188839	rs136460
chr22	32192365	rs136477
chr22	32193036	rs136478
chr22	32196403	rs136486
chr22	32197142	rs136487
chr22	32204928	rs16990001
chr22	32208730	rs5994491
chr22	32209002	rs5994496
chr22	32210803	rs713766
chr22	32211070	rs1467388
chr22	32211087	rs738203
chr22	32211129	rs1467389
chr22	32215875	rs12168696
chr22	32219017	rs8142488
chr22	32220670	rs9621409
chr22	32221075	rs5998317
chr22	32223228	rs5998320
chr22	32225482	rs2294207
chr22	32225632	rs2294208
chr22	32226552	rs8137034
chr22	32228077	rs7292474
chr22	32228616	rs2179065
chr22	32228881	rs2179066
chr22	32230629	rs5998323
chr22	32230921	rs2068209
chr22	32232449	rs9621414
chr22	32236672	rs7292721
chr22	32237518	rs5998328
chr22	32237798	rs5998329
chr22	32238196	rs7289531
chr22	32238717	rs5998330
chr22	32238890	rs5998331
chr22	32240102	rs7291681
chr22	32241161	rs7287853
chr22	32241188	rs6518765
chr22	32244070	rs2294209
chr22	32253444	rs2235168
chr22	32254213	rs2235171
chr22	32255319	rs16990065
chr22	32255576	rs16990066
chr22	32258988	rs5998351
chr22	32259297	rs5994515
chr22	32260035	rs5998353
chr22	32260190	rs5998354
chr22	32261410	rs5998355
chr22	32267166	rs7285242
chr22	32268254	rs10439908
chr22	32268625	rs5998364
chr22	32269802	rs738202
chr22	32270100	rs16990070
chr22	32270640	rs4821041
chr22	32271110	rs4821043
chr22	32272021	rs5753905
chr22	32272540	rs5753907
chr22	32272616	rs16990084
chr22	32272739	rs17687000
chr22	32273832	rs5753908
chr22	32274778	rs11703509
chr22	32275086	rs11703659
chr22	32276805	rs5994522
chr22	32277472	rs5753911
chr22	32277542	rs5753912
chr22	32287086	rs16990106
chr22	32287178	rs5753917
chr22	32287391	rs713764
chr22	32294253	rs5753933
chr22	32303468	rs5749384
chr22	32303560	rs5749386
chr22	32303686	rs5753950
chr22	32306091	rs9609502
chr22	32306829	rs5753956
chr22	32307085	rs4302308
chr22	32307305	rs2049911
chr22	32308390	rs1109611
chr22	32310917	rs11705507
chr22	32312704	rs4821055
chr22	32313498	rs16990176
chr22	32314863	rs12166399
chr22	32315530	rs5753962
chr22	32317775	rs5753965
chr22	32318227	rs7285170
chr22	32318925	rs5994537
chr22	32319572	rs5753966
chr22	32320940	rs17687961
chr22	32320969	rs5753968
chr22	32323062	rs5753974
chr22	32323259	rs11704175
chr22	32323494	rs4821057
chr22	32324417	rs16990197
chr22	32324452	rs5998412
chr22	32324640	rs9606938
chr22	32324770	rs17761357
chr22	32326220	rs16990207
chr22	32326669	rs2072811
chr22	32326976	rs2281032
chr22	32327170	rs11703126
chr22	32332882	rs2076039
chr22	32333543	rs2076040
chr22	32336465	rs5998424
chr22	32342195	rs5753991
chr22	32342482	rs5994550
chr22	32344057	rs2076034
chr22	32344454	rs2413108
chr22	32344808	rs9609515
chr22	32345136	rs11703546
chr22	32346145	rs12168261
chr22	32348058	rs4343557
chr22	32349929	rs5998432
chr22	32349966	rs5749407
chr22	32356720	rs5994553
chr22	32359006	rs5754009
chr22	32359087	rs9609516
chr22	32360912	rs5749409
chr22	32362430	rs5754018
chr22	32362856	rs11913841
chr22	32365251	rs9621429
chr22	32366915	rs5998450
chr22	32366950	rs5998451
chr22	32367608	rs5998455
chr22	32367800	rs738267
chr22	32368401	rs5998456
chr22	32368410	rs5998457
chr22	32368773	rs5998459
chr22	32368894	rs12165392
chr22	32369962	rs12484208
chr22	32370940	rs12168441
chr22	32371551	rs5754035
chr22	32371682	rs5754036
chr22	32372564	rs5749412
chr22	32373637	rs5998466
chr22	32375030	rs5754049
chr22	32377279	rs738268
chr22	32378142	rs2076036
chr22	32378538	rs2076037
chr22	32378957	rs9621435
chr22	32381377	rs9619261
chr22	32381582	rs9609519
chr22	32382267	rs7287452
chr22	32383240	rs2413113
chr22	32383937	rs7287726
chr22	32385600	rs16990370
chr22	32386006	rs2072815
chr22	32386131	rs11913815
chr22	32386141	rs2281034
chr22	32387314	rs6518774
chr22	32387917	rs12530
chr22	32390230	rs5998471
chr22	32393533	rs5754063
chr22	32394657	rs2281035
chr22	32394823	rs2072817
chr22	32395508	rs2281036
chr22	32395521	rs5998473
chr22	32396455	rs742097
chr22	32397282	rs2294311
chr22	32397397	rs2294312
chr22	32399654	rs5749426
chr22	32399764	rs9609527
chr22	32400681	rs11913228
chr22	32407604	rs16990408
chr22	32408326	rs5754073
chr22	32408678	rs2076044
chr22	32410143	rs7286662
chr22	32410344	rs5749430
chr22	32411388	rs9619262
chr22	32411782	rs9609537
chr22	32412091	rs11545749
chr22	32412368	rs2049948
chr22	32412839	rs12167726
chr22	32413011	rs734809
chr22	32413236	rs742096
chr22	32413845	rs9609538
chr22	32415965	rs5998478
chr22	32417789	rs16990428
chr22	32417947	rs2413115
chr22	32421160	rs5749432
chr22	32425152	rs2076048
chr22	32427084	rs1543320
chr22	32427169	rs5749436
chr22	32432356	rs9609551
chr22	32434971	rs6518776
chr22	32435553	rs2076050
chr22	32435822	rs2076051
chr22	32436887	rs2076054
chr22	32437182	rs738261
chr22	32438056	rs17691669
chr22	32439472	rs9609552
chr22	32440645	rs12167810
chr22	32440697	rs11704027
chr22	32442268	rs2092136
chr22	32442389	rs2179166
chr22	32442507	rs5998492
chr22	32444239	rs17770589
chr22	32444708	rs9621451
chr22	32445773	rs17691853
chr22	32446327	rs9621453
chr22	32446361	rs2076033
chr22	32447449	rs4821063
chr22	32447951	rs760656
chr22	32449416	rs5754090
chr22	32450632	rs9609555
chr22	32450720	rs9609556
chr22	32451129	rs6518779
chr22	32452716	rs7289943
chr22	32453725	rs11703151
chr22	32454362	rs11703361
chr22	32454813	rs12628214
chr22	32454943	rs1001794
chr22	32455725	rs5754097
chr22	32456090	rs9621455
chr22	32456735	rs5749440
chr22	32457603	rs5754099
chr22	32457673	rs9609559
chr22	32457961	rs5998498
chr22	32458870	rs12628404
chr22	32459213	rs5749441
chr22	32460529	rs1109363
chr22	32460607	rs1109364
chr22	32461012	rs9609560
chr22	32461090	rs880867
chr22	32461298	rs760657
chr22	32461837	rs6518780
chr22	32462441	rs5994572
chr22	32462497	rs5754105
chr22	32462694	rs9606956
chr22	32463632	rs7292178
chr22	32463715	rs5998500
chr22	32464263	rs8135723
chr22	32466395	rs738263
chr22	32466867	rs17692518
chr22	32468892	rs9606958
chr22	32470947	rs5994574
chr22	32474587	rs3761435
chr22	32475455	rs8140067
chr22	32477509	rs7291067
chr22	32479203	rs11107
chr22	32479884	rs715542
chr22	32480660	rs1033407
chr22	32482257	rs5754110
chr22	32482523	rs9609567
chr22	32483630	rs4820079
chr22	32484598	rs5749446
chr22	32485594	rs17771806
chr22	32486134	rs5749447
chr22	32486821	rs3788448
chr22	32487116	rs3788449
chr22	32489793	rs2267179
chr22	32490490	rs5749450
chr22	32491011	rs738982
chr22	32491163	rs9726
chr22	32492635	rs1029302
chr22	32493571	rs12167840
chr22	32495703	rs5749452
chr22	32501543	rs4820080
chr22	32502304	rs2285089
chr22	32508647	rs9621472
chr22	32508940	rs3213515
chr22	32509483	rs8142308
chr22	32512018	rs5998523
chr22	32512304	rs4257479
chr22	32512751	rs1056484
chr22	32513264	rs11912802
chr22	32513414	rs710175
chr22	32516290	rs2097312
chr22	32517311	rs2710369
chr22	32519756	rs5994581
chr22	32524661	rs130448
chr22	32526422	rs130454
chr22	32529183	rs130456
chr22	32529257	rs130457
chr22	32530426	rs130459
chr22	32531224	rs9680539
chr22	32534277	rs762907
chr22	32534582	rs762909
chr22	32536919	rs135472
chr22	32538153	rs2239764
chr22	32538239	rs2239765
chr22	32539186	rs135477
chr22	32539234	rs5754135
chr22	32539417	rs5749457
chr22	32539439	rs5754137
chr22	32539566	rs5754138
chr22	32540063	rs4821071
chr22	32540312	rs5754141
chr22	32540827	rs135478
chr22	32541415	rs2213407
chr22	32541754	rs135479
chr22	32541973	rs739006
chr22	32542430	rs2858335
chr22	32543490	rs5754143
chr22	32543733	rs12628631
chr22	32543828	rs2858337
chr22	32544674	rs2213405
chr22	32546366	rs2710373
chr22	32546810	rs11704399
chr22	32548792	rs11089573
chr22	32550127	rs5754144
chr22	32550333	rs4507
chr22	32554067	rs2105865
chr22	32554118	rs2710381
chr22	32554291	rs4327315
chr22	32555363	rs2858344
chr22	32555841	rs9606982
chr22	32555955	rs2157188
chr22	32557473	rs9621489
chr22	32558457	rs2710386
chr22	32562655	rs4821073
chr22	32563364	rs743762
chr22	32563487	rs5998541
chr22	32567997	rs1016740
chr22	32569004	rs1016741
chr22	32569063	rs1016742
chr22	32570281	rs3788455
chr22	32574676	rs2858347
chr22	32575914	rs1962222
chr22	32577084	rs13347218
chr22	32578588	rs5754157
chr22	32579673	rs7291985
chr22	32580365	rs5754158
chr22	32582265	rs3788463
chr22	32582693	rs9606986
chr22	32582767	rs4820083
chr22	32584211	rs2252907
chr22	32584469	rs13053925
chr22	32584621	rs2858734
chr22	32584690	rs2858737
chr22	32585346	rs131048
chr22	32585838	rs16990801
chr22	32589701	rs4577393
chr22	32591226	rs41481449
chr22	32591969	rs739104
chr22	32592268	rs1009401
chr22	32594287	rs8142270
chr22	32596403	rs5749468
chr22	32597151	rs5998549
chr22	32597764	rs3788464
chr22	32599295	rs2858729
chr22	32599765	rs5998551
chr22	32602059	rs2710391
chr22	32603073	rs16990824
chr22	32603782	rs16990827
chr22	32603844	rs2710359
chr22	32604083	rs7364201
chr22	32604408	rs11704930
chr22	32605290	rs16990831
chr22	32605964	rs9784225
chr22	32607321	rs762968
chr22	32610981	rs5994593
chr22	32614771	rs2858226
chr22	32617076	rs9621508
chr22	32617178	rs17774399
chr22	32619579	rs16990857
chr22	32621883	rs9609603
chr22	32623803	rs2858223
chr22	32624633	rs5749473
chr22	32625352	rs3788466
chr22	32625661	rs3788467
chr22	32626901	rs16990867
chr22	32629169	rs2051568
chr22	32629194	rs2051569
chr22	32633984	rs8139704
chr22	32634040	rs7511209
chr22	32634312	rs8140105
chr22	32634377	rs9619281
chr22	32635190	rs8137407
chr22	32635407	rs16990872
chr22	32636055	rs13340089
chr22	32636472	rs5994594
chr22	32637062	rs9619283
chr22	32641209	rs9609608
chr22	32645781	rs1547412
chr22	32646223	rs131065
chr22	32649009	rs131067
chr22	32649425	rs8136076
chr22	32649633	rs743758
chr22	32650642	rs4303813
chr22	32651536	rs2413138
chr22	32651720	rs5749480
chr22	32652230	rs5754188
chr22	32652352	rs5754189
chr22	32652939	rs1012366
chr22	32654150	rs717168
chr22	32696683	rs1475978
chr22	32697412	rs1475979
chr22	32698389	rs12484429
chr22	32699089	rs16991028
chr22	32701676	rs5998590
chr22	32703689	rs5998592
chr22	32707932	rs10854627
chr22	32707982	rs5754222
chr22	32708391	rs737825
chr22	32709241	rs756481
chr22	32710771	rs13054529
chr22	32710961	rs5749498
chr22	32712550	rs997120
chr22	32712880	rs11703257
chr22	32715261	rs12170368
chr22	32717389	rs16991084
chr22	32720123	rs743741
chr22	32720328	rs743742
chr22	32720449	rs743743
chr22	32722062	rs5754232
chr22	32722179	rs4821089
chr22	32724234	rs5749499
chr22	32724590	rs725338
chr22	32727458	rs2413145
chr22	32728647	rs2008206
chr22	32730006	rs2413146
chr22	32731495	rs3788488
chr22	32731519	rs3788489
chr22	32732775	rs3788492
chr22	32733036	rs3788493
chr22	32733946	rs3788494
chr22	32736904	rs4339044
chr22	32737899	rs5998605
chr22	32738413	rs5998608
chr22	32739782	rs732446
chr22	32739936	rs762884
chr22	32740534	rs9621547
chr22	32743244	rs3827341
chr22	32743506	rs3788502
chr22	32744668	rs9606990
chr22	32746922	rs5994617
chr22	32748100	rs5754245
chr22	32748888	rs9619305
chr22	32749699	rs4821092
chr22	32751497	rs5754248
chr22	32751540	rs5754249
chr22	32752591	rs762886
chr22	32753950	rs5998614
chr22	32754550	rs3827342
chr22	32755265	rs5754250
chr22	32758988	rs1018790
chr22	32762037	rs929014
chr22	32762107	rs5998623
chr22	32763650	rs4821099
chr22	32763886	rs5998625
chr22	32764411	rs3788504
chr22	32765164	rs929015
chr22	32765838	rs4820094
chr22	32766732	rs8136169
chr22	32766845	rs5749504
chr22	32767064	rs5749505
chr22	32767563	rs130527
chr22	32767878	rs5754259
chr22	32768474	rs4821100
chr22	32769478	rs130529
chr22	32771682	rs9606993
chr22	32771865	rs2899194
chr22	32771883	rs2413151
chr22	32773989	rs5994627
chr22	32774115	rs135150
chr22	32774870	rs4992163
chr22	32775100	rs10212070
chr22	32775852	rs5754265
chr22	32775945	rs978808
chr22	32776019	rs5754266
chr22	32776034	rs2413153
chr22	32776626	rs4821103
chr22	32777958	rs17503
chr22	32778995	rs8142064
chr22	32780464	rs130539
chr22	32780780	rs5754281
chr22	32780848	rs5754282
chr22	32781792	rs713996
chr22	32784090	rs5749509
chr22	32784558	rs11703138
chr22	32785316	rs6518796
chr22	32785355	rs5754285
chr22	32785363	rs6518797
chr22	32785589	rs7292199
chr22	32786960	rs9619310
chr22	32787803	rs130555
chr22	32789611	rs135152
chr22	32791356	rs10483165
chr22	32791956	rs737088
chr22	32792321	rs7287772
chr22	32792550	rs130559
chr22	32795358	rs1894457
chr22	32795387	rs130561
chr22	32795505	rs135153
chr22	32796203	rs13054779
chr22	32796558	rs5754289
chr22	32800707	rs9619311
chr22	32808348	rs130274
chr22	32809001	rs130275
chr22	32810877	rs11704261
chr22	32812451	rs713685
chr22	32814019	rs738992
chr22	32814668	rs5754296
chr22	32816783	rs135026
chr22	32817333	rs242089
chr22	32817937	rs16991252
chr22	32820774	rs130287
chr22	32823901	rs242088
chr22	32823952	rs181425
chr22	32825044	rs242085
chr22	32825953	rs130293
chr22	32828299	rs5749524
chr22	32828793	rs80272
chr22	32832084	rs135028
chr22	32832706	rs242078
chr22	32833818	rs11703156
chr22	32833844	rs242076
chr22	32838212	rs130301
chr22	32838944	rs715572
chr22	32841125	rs8136803
chr22	32841732	rs130305
chr22	32843723	rs11704023
chr22	32844303	rs135029
chr22	32845782	rs242069
chr22	32846175	rs241890
chr22	32847669	rs2283883
chr22	32848327	rs1427385
chr22	32850045	rs2071947
chr22	32852915	rs2283885
chr22	32853284	rs12165359
chr22	32853886	rs933255
chr22	32855046	rs2267183
chr22	32855072	rs9609643
chr22	32855292	rs137484
chr22	32855421	rs4999923
chr22	32856054	rs1427378
chr22	32857293	rs9862
chr22	32857305	rs11547635
chr22	32861335	rs1427384
chr22	32862028	rs9621578
chr22	32862063	rs2267184
chr22	32862230	rs2267185
chr22	32862301	rs1065314
chr22	32863077	rs5754315
chr22	32863117	rs137487
chr22	32863638	rs5749529
chr22	32866948	rs137489
chr22	32867444	rs2040435
chr22	32867571	rs5749531
chr22	32869935	rs1543803
chr22	32870428	rs2040437
chr22	32870878	rs241905
chr22	32871248	rs5754317
chr22	32872587	rs137494
chr22	32874474	rs5754321
chr22	32876712	rs5754322
chr22	32879748	rs1991375
chr22	32880699	rs137500
chr22	32880920	rs137501
chr22	32881438	rs13057857
chr22	32883460	rs12169637
chr22	32884110	rs80689
chr22	32886984	rs137507
chr22	32888348	rs241895
chr22	32890810	rs137514
chr22	32891786	rs9609652
chr22	32892889	rs715555
chr22	32893765	rs137515
chr22	32895756	rs137518
chr22	32896927	rs241882
chr22	32900153	rs137525
chr22	32901678	rs137527
chr22	32902144	rs137528
chr22	32903306	rs5998651
chr22	32904116	rs5754331
chr22	32905509	rs12170951
chr22	32907515	rs137537
chr22	32909496	rs13054818
chr22	32911081	rs9609653
chr22	32912133	rs137543
chr22	32915726	rs241887
chr22	32917382	rs137548
chr22	32918736	rs1005664
chr22	32919690	rs13053593
chr22	32920295	rs9609656
chr22	32920654	rs137549
chr22	32923223	rs929111
chr22	32923416	rs5998658
chr22	32928886	rs715621
chr22	32929818	rs10483167
chr22	32932396	rs137552
chr22	32941158	rs16991580
chr22	32949685	rs241758
chr22	32950717	rs10222253
chr22	32951591	rs17779789
chr22	32952108	rs11704652
chr22	32963556	rs241764
chr22	32967435	rs756550
chr22	32968014	rs11089599
chr22	32968472	rs2042794
chr22	32970066	rs2081727
chr22	32972131	rs11703670
chr22	32978142	rs241729
chr22	32979719	rs241730
chr22	32979975	rs241732
chr22	32982849	rs241707
chr22	32987399	rs9619322
chr22	32987434	rs241713
chr22	32987578	rs241715
chr22	32987814	rs241716
chr22	32989856	rs241723
chr22	32989945	rs9609678
chr22	32993011	rs9609679
chr22	32997666	rs133928
chr22	32999866	rs133937
chr22	33001440	rs133940
chr22	33002084	rs470006
chr22	33002229	rs12158631
chr22	33005230	rs71699
chr22	33005370	rs133942
chr22	33005799	rs133943
chr22	33006858	rs133945
chr22	33009288	rs133949
chr22	33012534	rs9609680
chr22	33015341	rs5998693
chr22	33015461	rs470008
chr22	33018179	rs78506
chr22	33021622	rs12159195
chr22	33022579	rs470011
chr22	33023862	rs9609681
chr22	33024281	rs5994654
chr22	33025841	rs739143
chr22	33026233	rs133967
chr22	33026521	rs133968
chr22	33030344	rs470013
chr22	33033335	rs12329983
chr22	33033723	rs9609684
chr22	33034749	rs9609686
chr22	33034913	rs12484058
chr22	33035179	rs8138938
chr22	33037776	rs9609689
chr22	33038851	rs1894536
chr22	33042982	rs12168142
chr22	33043021	rs9607007
chr22	33044150	rs5998705
chr22	33044234	rs10483168
chr22	33047917	rs2027846
chr22	33048292	rs5754395
chr22	33049327	rs5998709
chr22	33049975	rs5754397
chr22	33050951	rs9619326
chr22	33051323	rs2068324
chr22	33051960	rs2413163
chr22	33052098	rs5998711
chr22	33052150	rs9621622
chr22	33060104	rs5998713
chr22	33061898	rs5754400
chr22	33063145	rs5998714
chr22	33066131	rs1547420
chr22	33066380	rs11704339
chr22	33066655	rs5998715
chr22	33066753	rs13053449
chr22	33067564	rs5754403
chr22	33071071	rs9621631
chr22	33072019	rs16991758
chr22	33073045	rs8142672
chr22	33075551	rs11089604
chr22	33077322	rs5754405
chr22	33082280	rs2213533
chr22	33083594	rs2040403
chr22	33086126	rs9609705
chr22	33092418	rs4821127
chr22	33095867	rs739142
chr22	33096096	rs1894535
chr22	33097446	rs8135220
chr22	33097671	rs16991775
chr22	33098736	rs2027847
chr22	33102984	rs5754425
chr22	33104325	rs137296
chr22	33105570	rs5754429
chr22	33105757	rs5749557
chr22	33106181	rs137297
chr22	33109068	rs137299
chr22	33109512	rs16991792
chr22	33111847	rs137303
chr22	33112332	rs137304
chr22	33113010	rs4445
chr22	33113580	rs2413167
chr22	33115208	rs5994673
chr22	33115405	rs9621643
chr22	33116757	rs16991802
chr22	33117099	rs13054205
chr22	33118147	rs137309
chr22	33121668	rs137313
chr22	33123593	rs10154539
chr22	33125353	rs137320
chr22	33127123	rs137326
chr22	33127445	rs137327
chr22	33128060	rs11089606
chr22	33131419	rs137343
chr22	33131887	rs2157222
chr22	33132644	rs5998745
chr22	33132724	rs5998746
chr22	33134054	rs2301412
chr22	33135349	rs5754442
chr22	33135420	rs16991851
chr22	33137159	rs5754443
chr22	33137191	rs5754444
chr22	33139390	rs2899201
chr22	33142272	rs17719726
chr22	33143786	rs2213456
chr22	33145561	rs17719786
chr22	33145685	rs5998759
chr22	33146478	rs7292645
chr22	33150957	rs5994682
chr22	33152075	rs7293214
chr22	33153499	rs713697
chr22	33157743	rs5754473
chr22	33157823	rs5749571
chr22	33160142	rs2227079
chr22	33160564	rs1894487
chr22	33162781	rs2227080
chr22	33163244	rs739073
chr22	33163488	rs17793354
chr22	33164994	rs4420793
chr22	33165639	rs9609728
chr22	33166697	rs743794
chr22	33166901	rs9609729
chr22	33167631	rs1476005
chr22	33167892	rs916244
chr22	33168457	rs1015740
chr22	33168773	rs1476006
chr22	33169217	rs5994685
chr22	33170601	rs4821132
chr22	33171375	rs9609731
chr22	33172574	rs2213457
chr22	33172589	rs16991928
chr22	33177543	rs137357
chr22	33178475	rs7284510
chr22	33179685	rs137362
chr22	33179834	rs13055004
chr22	33180007	rs11913937
chr22	33182164	rs137379
chr22	33186120	rs137390
chr22	33187247	rs2097372
chr22	33188282	rs137404
chr22	33192238	rs137421
chr22	33193446	rs7289448
chr22	33198473	rs137439
chr22	33204773	rs12484476
chr22	33208379	rs16991969
chr22	33208397	rs8140034
chr22	33210253	rs11914009
chr22	33211318	rs5994697
chr22	33214578	rs12158368
chr22	33219220	rs137461
chr22	33220819	rs137463
chr22	33221815	rs5749579
chr22	33221896	rs137466
chr22	33224099	rs137468
chr22	33224596	rs137472
chr22	33225070	rs118033
chr22	33225236	rs16991998
chr22	33228859	rs5749581
chr22	33231235	rs137475
chr22	33232600	rs5998822
chr22	33236865	rs137477
chr22	33242259	rs17721625
chr22	33242329	rs16992007
chr22	33250557	rs9619337
chr22	33251168	rs16992008
chr22	33251922	rs5994705
chr22	33254059	rs8140859
chr22	33256468	rs1013603
chr22	33263801	rs5994706
chr22	33265778	rs4821138
chr22	33268366	rs4821139
chr22	33271201	rs5749593
chr22	33271781	rs12171120
chr22	33274598	rs17722172
chr22	33276205	rs5998836
chr22	33276908	rs2075921
chr22	33281426	rs5998841
chr22	33282643	rs7285350
chr22	33283019	rs17795326
chr22	33283252	rs11913417
chr22	33287456	rs5749598
chr22	33287749	rs5754506
chr22	33288660	rs5998849
chr22	33289753	rs750515
chr22	33292200	rs5998850
chr22	33294461	rs5754509
chr22	33294681	rs5754510
chr22	33295431	rs2267187
chr22	33295534	rs5994713
chr22	33295761	rs5749602
chr22	33296136	rs5998853
chr22	33301048	rs5998860
chr22	33302560	rs9621675
chr22	33305092	rs12158355
chr22	33305541	rs9609757
chr22	33308509	rs10483171
chr22	33309698	rs130249
chr22	33310157	rs8138316
chr22	33310215	rs8138572
chr22	33312694	rs130250
chr22	33312873	rs135019
chr22	33315243	rs5754521
chr22	33317700	rs9609759
chr22	33319145	rs2267189
chr22	33321598	rs16992133
chr22	33324611	rs16992147
chr22	33327306	rs2267191
chr22	33330486	rs8138098
chr22	33330677	rs12484156
chr22	33331737	rs1967965
chr22	33332049	rs2283889
chr22	33332496	rs8139132
chr22	33333777	rs5998876
chr22	33334589	rs5998881
chr22	33334905	rs8140876
chr22	33335049	rs5998883
chr22	33335848	rs2283893
chr22	33335913	rs5998885
chr22	33338009	rs2285106
chr22	33338119	rs11913784
chr22	33338313	rs11913820
chr22	33338410	rs2032474
chr22	33339621	rs9680635
chr22	33341257	rs5998887
chr22	33344371	rs5749605
chr22	33344874	rs4401302
chr22	33347355	rs2142550
chr22	33350638	rs17723309
chr22	33352376	rs9607033
chr22	33353290	rs2283894
chr22	33355877	rs2283895
chr22	33362750	rs9609768
chr22	33364618	rs11705225
chr22	33369467	rs2413180
chr22	33370369	rs8140012
chr22	33372889	rs9609772
chr22	33374026	rs9607037
chr22	33374459	rs8137418
chr22	33374636	rs11703347
chr22	33378373	rs2413181
chr22	33378467	rs2413182
chr22	33380444	rs7286572
chr22	33381283	rs5998902
chr22	33383196	rs16992225
chr22	33384911	rs9607039
chr22	33390184	rs5998905
chr22	33390265	rs9609775
chr22	33395388	rs715487
chr22	33400896	rs7285067
chr22	33401376	rs8136357
chr22	33401696	rs7290813
chr22	33402130	rs713960
chr22	33402216	rs2283899
chr22	33403142	rs9609779
chr22	33404133	rs2283904
chr22	33405393	rs2267199
chr22	33405997	rs16992276
chr22	33408524	rs11703802
chr22	33408818	rs5994737
chr22	33409355	rs17802641
chr22	33411650	rs7287710
chr22	33411849	rs5998935
chr22	33412439	rs8138216
chr22	33413443	rs1004811
chr22	33420236	rs2267204
chr22	33424270	rs8138344
chr22	33424364	rs9607044
chr22	33427423	rs742011
chr22	33429654	rs9609793
chr22	33429664	rs2267205
chr22	33430335	rs724775
chr22	33430580	rs724776
chr22	33432779	rs11913609
chr22	33433010	rs5998941
chr22	33435462	rs760541
chr22	33435813	rs760544
chr22	33436162	rs2267206
chr22	33436331	rs2255556
chr22	33438682	rs8141158
chr22	33440805	rs2413186
chr22	33444174	rs16992342
chr22	33446468	rs5998946
chr22	33447361	rs5754554
chr22	33447611	rs9607047
chr22	33449845	rs7284217
chr22	33450928	rs9609802
chr22	33451090	rs8140002
chr22	33451300	rs8141384
chr22	33452024	rs5754558
chr22	33452106	rs7285886
chr22	33459526	rs7289701
chr22	33461118	rs4820104
chr22	33465964	rs9621704
chr22	33466508	rs5754566
chr22	33467232	rs2267213
chr22	33467690	rs2267214
chr22	33468831	rs2413187
chr22	33470868	rs2267215
chr22	33471478	rs9621705
chr22	33471493	rs9621706
chr22	33476482	rs2032475
chr22	33479175	rs5749617
chr22	33483016	rs5998961
chr22	33483153	rs4821152
chr22	33484207	rs5998963
chr22	33484304	rs5998964
chr22	33490709	rs5994756
chr22	33490862	rs2267218
chr22	33494643	rs739026
chr22	33495161	rs5749619
chr22	33496604	rs1076913
chr22	33497615	rs9306279
chr22	33498502	rs7290423
chr22	33499050	rs16992462
chr22	33499549	rs2301404
chr22	33502382	rs4239871
chr22	33502441	rs9609813
chr22	33502465	rs4239872
chr22	33502498	rs4821153
chr22	33507097	rs5994759
chr22	33508768	rs2267222
chr22	33511978	rs1540299
chr22	33518838	rs5994767
chr22	33524435	rs11703178
chr22	33524615	rs5998993
chr22	33528303	rs5754588
chr22	33528497	rs5749623
chr22	33533366	rs2267226
chr22	33536370	rs5749624
chr22	33536395	rs5754594
chr22	33536638	rs5754597
chr22	33537534	rs11704444
chr22	33538478	rs4820106
chr22	33539364	rs5754601
chr22	33539911	rs8136529
chr22	33544016	rs5999003
chr22	33545177	rs2283911
chr22	33545929	rs5749627
chr22	33547298	rs989557
chr22	33548914	rs1547070
chr22	33548958	rs5994773
chr22	33550797	rs3986016
chr22	33552931	rs2283914
chr22	33553110	rs2283915
chr22	33554527	rs762057
chr22	33554551	rs762058
chr22	33560094	rs713703
chr22	33562703	rs743728
chr22	33565531	rs4821166
chr22	33565906	rs10483172
chr22	33566963	rs5754611
chr22	33567205	rs9609824
chr22	33567804	rs4417800
chr22	33568590	rs5754612
chr22	33569020	rs5749631
chr22	33569511	rs3819662
chr22	33569653	rs3819663
chr22	33570979	rs2267232
chr22	33571303	rs2413194
chr22	33571700	rs9619358
chr22	33573030	rs1807469
chr22	33573528	rs5994776
chr22	33574756	rs5999018
chr22	33574988	rs5999019
chr22	33577407	rs733386
chr22	33577429	rs762880
chr22	33577526	rs1894448
chr22	33580012	rs2267235
chr22	33582325	rs135116
chr22	33582472	rs130420
chr22	33587608	rs20301
chr22	33588408	rs130423
chr22	33589329	rs7293114
chr22	33590557	rs738971
chr22	33594217	rs2413195
chr22	33594445	rs9609835
chr22	33597095	rs11089627
chr22	33598132	rs11913203
chr22	33598243	rs1122905
chr22	33599225	rs11913997
chr22	33600216	rs1475980
chr22	33602555	rs2267239
chr22	33603339	rs695509
chr22	33604189	rs2239746
chr22	33604244	rs695504
chr22	33604942	rs695366
chr22	33606745	rs695271
chr22	33612444	rs4239873
chr22	33613015	rs10483173
chr22	33615349	rs762859
chr22	33617823	rs9306281
chr22	33622766	rs240595
chr22	33624559	rs240591
chr22	33625368	rs8140891
chr22	33625477	rs738961
chr22	33625892	rs240590
chr22	33626300	rs86487
chr22	33628011	rs2413196
chr22	33628113	rs240588
chr22	33628220	rs5749640
chr22	33630318	rs11704879
chr22	33632475	rs12168632
chr22	33651807	rs5754630
chr22	33652948	rs240339
chr22	33654575	rs19801
chr22	33655859	rs240342
chr22	33657457	rs240343
chr22	33657634	rs9621748
chr22	33662904	rs240346
chr22	33663501	rs240348
chr22	33664317	rs240351
chr22	33665170	rs240354
chr22	33670398	rs240358
chr22	33670860	rs2267249
chr22	33671882	rs5754634
chr22	33674687	rs4821171
chr22	33674835	rs4821173
chr22	33675622	rs2283928
chr22	33677772	rs2267255
chr22	33678475	rs7284268
chr22	33681106	rs2267259
chr22	33684585	rs17733539
chr22	33688001	rs4821175
chr22	33688100	rs5999059
chr22	33688860	rs867128
chr22	33690430	rs2016485
chr22	33690508	rs240073
chr22	33690697	rs2267262
chr22	33691567	rs17806754
chr22	33693196	rs6518834
chr22	33694376	rs240077
chr22	33694454	rs7285897
chr22	33694887	rs2045314
chr22	33695762	rs2051564
chr22	33700149	rs240080
chr22	33701779	rs5749646
chr22	33702356	rs2283933
chr22	33702431	rs240082
chr22	33706817	rs2267265
chr22	33708458	rs5749649
chr22	33708937	rs8135841
chr22	33709236	rs2018139
chr22	33710020	rs734063
chr22	33710398	rs12158758
chr22	33710565	rs2267267
chr22	33710759	rs6518838
chr22	33710867	rs2267268
chr22	33712188	rs8142640
chr22	33713019	rs4821176
chr22	33714042	rs1979254
chr22	33714298	rs2267270
chr22	33714628	rs8141115
chr22	33715655	rs5749650
chr22	33715992	rs4821178
chr22	33717603	rs2267271
chr22	33723880	rs239315
chr22	33725252	rs5999073
chr22	33727803	rs239322
chr22	33728990	rs19964
chr22	33729830	rs16992904
chr22	33731864	rs7287954
chr22	33734874	rs5994791
chr22	33735167	rs2267279
chr22	33735750	rs1001213
chr22	33736969	rs239327
chr22	33737681	rs9621764
chr22	33737772	rs9619373
chr22	33737910	rs2283934
chr22	33738318	rs239328
chr22	33739021	rs239330
chr22	33739486	rs239331
chr22	33739770	rs16992923
chr22	33739943	rs2267280
chr22	33741280	rs239332
chr22	33744968	rs239334
chr22	33745334	rs239336
chr22	33748511	rs17807797
chr22	33748836	rs5999084
chr22	33749609	rs11912486
chr22	33750186	rs16992967
chr22	33750381	rs5999086
chr22	33754997	rs445198
chr22	33756073	rs2283939
chr22	33756912	rs491508
chr22	33757979	rs483528
chr22	33758033	rs2283940
chr22	33758298	rs1008501
chr22	33758457	rs5999089
chr22	33760557	rs238857
chr22	33760620	rs238858
chr22	33761539	rs16992986
chr22	33763549	rs2267282
chr22	33764415	rs2283941
chr22	33770094	rs7292121
chr22	33770152	rs28374
chr22	33772491	rs4821182
chr22	33772676	rs238864
chr22	33773305	rs238865
chr22	33775392	rs670264
chr22	33776062	rs5999095
chr22	33776474	rs453075
chr22	33776601	rs686137
chr22	33776814	rs2267285
chr22	33782550	rs666775
chr22	33786121	rs11912964
chr22	33787270	rs17735056
chr22	33790927	rs5754671
chr22	33796634	rs2267287
chr22	33797245	rs5749664
chr22	33798758	rs713840
chr22	33800521	rs5749665
chr22	33800639	rs5754678
chr22	33801380	rs5754679
chr22	33801815	rs8135273
chr22	33802021	rs17735172
chr22	33805813	rs5999108
chr22	33806297	rs5754682
chr22	33806506	rs5754683
chr22	33807244	rs9609873
chr22	33807509	rs5749667
chr22	33808943	rs13053313
chr22	33810052	rs1018786
chr22	33810157	rs1018788
chr22	33810354	rs5999110
chr22	33812297	rs11705248
chr22	33812583	rs5999111
chr22	33815011	rs2267292
chr22	33815448	rs2157088
chr22	33815569	rs2267293
chr22	33815605	rs1573654
chr22	33816214	rs16993089
chr22	33816307	rs5754691
chr22	33817369	rs2227023
chr22	33817516	rs4821184
chr22	33817731	rs2267294
chr22	33819795	rs4820114
chr22	33821237	rs4821186
chr22	33822811	rs5999113
chr22	33823232	rs5754702
chr22	33823952	rs2267296
chr22	33824956	rs5754705
chr22	33825972	rs5754708
chr22	33827023	rs4820118
chr22	33828074	rs5754710
chr22	33828811	rs5994801
chr22	33828880	rs5749677
chr22	33828928	rs2267298
chr22	33829494	rs2267299
chr22	33830080	rs1894426
chr22	33830197	rs1894428
chr22	33830452	rs1894429
chr22	33830604	rs3819669
chr22	33830672	rs3819670
chr22	33830697	rs3819671
chr22	33831054	rs5999118
chr22	33833117	rs5749679
chr22	33834202	rs13433559
chr22	33836915	rs8142645
chr22	33836963	rs762835
chr22	33837579	rs762836
chr22	33838313	rs17808940
chr22	33839689	rs5754714
chr22	33842143	rs5754716
chr22	33842843	rs13058342
chr22	33845282	rs4820119
chr22	33845823	rs2051553
chr22	33849413	rs2253085
chr22	33851076	rs13057617
chr22	33851806	rs2267306
chr22	33852326	rs5749682
chr22	33853446	rs1009385
chr22	33853729	rs764025
chr22	33855556	rs737726
chr22	33856312	rs16993180
chr22	33856386	rs5749683
chr22	33856557	rs2277840
chr22	33857405	rs1002048
chr22	33859640	rs4821194
chr22	33859666	rs2187707
chr22	33861145	rs17809399
chr22	33861233	rs17736366
chr22	33863922	rs2267308
chr22	33863933	rs5999123
chr22	33864750	rs1009730
chr22	33866428	rs8138735
chr22	33867337	rs5999125
chr22	33869891	rs738967
chr22	33870277	rs7290399
chr22	33870729	rs13054983
chr22	33872329	rs9621787
chr22	33872408	rs9621788
chr22	33872435	rs9607084
chr22	33873196	rs9607086
chr22	33873503	rs5754731
chr22	33873606	rs5754733
chr22	33874580	rs11705063
chr22	33874705	rs5754734
chr22	33875794	rs9621795
chr22	33878568	rs7290176
chr22	33879572	rs2283956
chr22	33880107	rs11703305
chr22	33880710	rs6518841
chr22	33881446	rs7287612
chr22	33884261	rs5754738
chr22	33885059	rs5754739
chr22	33887156	rs933215
chr22	33890693	rs4821195
chr22	33891362	rs17747599
chr22	33891831	rs2213359
chr22	33892056	rs2267312
chr22	33892401	rs7285532
chr22	33892702	rs2283957
chr22	33893127	rs738989
chr22	33893869	rs13055480
chr22	33894247	rs1005680
chr22	33895762	rs2213360
chr22	33897528	rs5754752
chr22	33908085	rs1540292
chr22	33910115	rs17809826
chr22	33911863	rs16993271
chr22	33911887	rs2267317
chr22	33919435	rs2267325
chr22	33919589	rs2267327
chr22	33921635	rs2267328
chr22	33924469	rs12628949
chr22	33925206	rs4140659
chr22	33928766	rs5749695
chr22	33929311	rs4821197
chr22	33929832	rs4821198
chr22	33931720	rs5999148
chr22	33932752	rs2413208
chr22	33933337	rs5994813
chr22	33933745	rs5749698
chr22	33936206	rs4820125
chr22	33938975	rs130497
chr22	33941394	rs11703032
chr22	33942294	rs9621814
chr22	33942677	rs130503
chr22	33944873	rs9609889
chr22	33946746	rs876391
chr22	33947708	rs16993330
chr22	33951143	rs1894431
chr22	33956815	rs9609890
chr22	33957265	rs130523
chr22	33957445	rs5754769
chr22	33958285	rs5999160
chr22	33962651	rs9621822
chr22	33963729	rs9609893
chr22	33965142	rs16993343
chr22	33965781	rs9621823
chr22	33969453	rs13057320
chr22	33971820	rs12158449
chr22	33973707	rs5754779
chr22	33975000	rs5999162
chr22	33977304	rs12166796
chr22	33981031	rs5749706
chr22	33982023	rs12169215
chr22	33983634	rs5754783
chr22	33990484	rs7286472
chr22	33991521	rs243251
chr22	33995412	rs13055678
chr22	34000806	rs5754791
chr22	34000992	rs5754792
chr22	34001464	rs243243
chr22	34002062	rs17748559
chr22	34002094	rs5754793
chr22	34002196	rs12167259
chr22	34003765	rs12167472
chr22	34004264	rs20065
chr22	34004341	rs739029
chr22	34010553	rs2055183
chr22	34013910	rs130461
chr22	34015725	rs5749711
chr22	34018477	rs5749712
chr22	34019847	rs1565955
chr22	34023113	rs9609912
chr22	34023929	rs9607103
chr22	34025346	rs5999173
chr22	34027180	rs242885
chr22	34027431	rs129313
chr22	34028845	rs171438
chr22	34029845	rs5749715
chr22	34036770	rs17748844
chr22	34036787	rs12170391
chr22	34038838	rs16993431
chr22	34040806	rs242898
chr22	34041272	rs242899
chr22	34048394	rs11913119
chr22	34049209	rs372499
chr22	34049416	rs242904
chr22	34051280	rs5754814
chr22	34051512	rs5999183
chr22	34053789	rs11913351
chr22	34055829	rs1994999
chr22	34056214	rs4821208
chr22	34062994	rs5994834
chr22	34067046	rs5999190
chr22	34067091	rs5999191
chr22	34068721	rs5754818
chr22	34070209	rs7287359
chr22	34070269	rs1495665
chr22	34072192	rs9607112
chr22	34073764	rs2413211
chr22	34073823	rs2413212
chr22	34073970	rs10427696
chr22	34074178	rs5754819
chr22	34077156	rs5754821
chr22	34077663	rs5754822
chr22	34077767	rs5754824
chr22	34078571	rs2213325
chr22	34080770	rs5754826
chr22	34081478	rs11704266
chr22	34083778	rs5749722
chr22	34085619	rs9621844
chr22	34087141	rs9619398
chr22	34088192	rs5994839
chr22	34092463	rs2413215
chr22	34100702	rs242990
chr22	34103569	rs135195
chr22	34105405	rs16993568
chr22	34105552	rs135198
chr22	34107070	rs242997
chr22	34109889	rs8142343
chr22	34109914	rs242999
chr22	34109930	rs8135324
chr22	34110393	rs9609948
chr22	34113307	rs4820133
chr22	34116134	rs5999208
chr22	34117788	rs130662
chr22	34118821	rs243001
chr22	34120305	rs8142951
chr22	34121244	rs5749736
chr22	34123237	rs210804
chr22	34127499	rs395579
chr22	34128999	rs210809
chr22	34132456	rs130671
chr22	34135354	rs4820134
chr22	34141461	rs4820135
chr22	34147521	rs5754848
chr22	34149063	rs5999221
chr22	34149409	rs130991
chr22	34150514	rs5999222
chr22	34150693	rs5754850
chr22	34152453	rs5994853
chr22	34152657	rs5754852
chr22	34153451	rs5999223
chr22	34153646	rs5999225
chr22	34154586	rs397854
chr22	34154916	rs387332
chr22	34155833	rs9619405
chr22	34159369	rs435884
chr22	34161061	rs5754862
chr22	34161410	rs5999230
chr22	34162751	rs129438
chr22	34163886	rs4821218
chr22	34164387	rs12485116
chr22	34166478	rs8138635
chr22	34170978	rs5749750
chr22	34171774	rs130993
chr22	34179169	rs4821228
chr22	34180027	rs5754870
chr22	34180108	rs4821230
chr22	34180679	rs5754873
chr22	34182668	rs4821231
chr22	34184855	rs737797
chr22	34186705	rs5999245
chr22	34187089	rs5999246
chr22	34187187	rs5994867
chr22	34192379	rs130680
chr22	34192759	rs5754887
chr22	34193505	rs9609962
chr22	34193662	rs5754888
chr22	34193899	rs448846
chr22	34194170	rs11705488
chr22	34194688	rs412363
chr22	34195339	rs425076
chr22	34195622	rs7291120
chr22	34199764	rs585124
chr22	34200567	rs400627
chr22	34201690	rs130687
chr22	34204024	rs390647
chr22	34207999	rs432671
chr22	34209968	rs169360
chr22	34216642	rs1489894
chr22	34216946	rs1489893
chr22	34217054	rs1489892
chr22	34217358	rs9619412
chr22	34218931	rs8142322
chr22	34222200	rs1489880
chr22	34223456	rs41537244
chr22	34225671	rs1489879
chr22	34226976	rs4821240
chr22	34229141	rs9609966
chr22	34229722	rs1003935
chr22	34229795	rs5999258
chr22	34230979	rs1873230
chr22	34231152	rs4821241
chr22	34234115	rs4821243
chr22	34234134	rs4821244
chr22	34235337	rs1844461
chr22	34237915	rs5754909
chr22	34239345	rs1489890
chr22	34240083	rs5754910
chr22	34241101	rs1489884
chr22	34243064	rs8139444
chr22	34244057	rs5754914
chr22	34244629	rs5754915
chr22	34246434	rs713755
chr22	34246732	rs3884831
chr22	34246981	rs5749770
chr22	34250991	rs5994882
chr22	34258159	rs5999265
chr22	34260825	rs5994886
chr22	34261803	rs172133
chr22	34267078	rs202786
chr22	34272084	rs5994889
chr22	34272341	rs1489889
chr22	34273094	rs11703579
chr22	34275022	rs738958
chr22	34276769	rs12160648
chr22	34278177	rs16993835
chr22	34279913	rs713765
chr22	34284944	rs5994890
chr22	34285173	rs202916
chr22	34287375	rs11089650
chr22	34287449	rs5749774
chr22	34288899	rs51194
chr22	34292320	rs1489877
chr22	34294658	rs5749775
chr22	34295045	rs2097307
chr22	34295669	rs11089652
chr22	34298582	rs5999283
chr22	34301029	rs7364186
chr22	34301152	rs5999284
chr22	34302989	rs11089653
chr22	34313945	rs2413226
chr22	34314262	rs5749787
chr22	34317252	rs6518854
chr22	34326580	rs2032461
chr22	34330177	rs12161091
chr22	34331050	rs5754953
chr22	34331130	rs5999296
chr22	34331182	rs5754954
chr22	34331706	rs135487
chr22	34332188	rs423172
chr22	34332223	rs413448
chr22	34334891	rs135492
chr22	34336565	rs135494
chr22	34339383	rs435788
chr22	34339790	rs5999302
chr22	34340795	rs5754964
chr22	34343129	rs135524
chr22	34344713	rs738959
chr22	34348079	rs204276
chr22	34349208	rs169467
chr22	34349637	rs169468
chr22	34349686	rs738944
chr22	34351519	rs5749801
chr22	34352174	rs204280
chr22	34352396	rs204281
chr22	34352730	rs5749802
chr22	34355702	rs11089658
chr22	34356233	rs9621896
chr22	34356385	rs16993978
chr22	34360281	rs130896
chr22	34360728	rs130897
chr22	34362188	rs130903
chr22	34362712	rs130904
chr22	34363251	rs470049
chr22	34365413	rs130916
chr22	34370087	rs130940
chr22	34370593	rs130943
chr22	34372755	rs130948
chr22	34372862	rs130949
chr22	34374030	rs1540288
chr22	34375217	rs130956
chr22	34375733	rs130957
chr22	34376450	rs738945
chr22	34377098	rs130960
chr22	34378587	rs130969
chr22	34380018	rs169466
chr22	34380026	rs5994919
chr22	34381013	rs9621907
chr22	34382019	rs2125566
chr22	34384240	rs9621915
chr22	34384700	rs5754984
chr22	34391064	rs5749832
chr22	34392213	rs738209
chr22	34394077	rs1569426
chr22	34394116	rs1569427
chr22	34394136	rs1569428
chr22	34394168	rs1569429
chr22	34395494	rs425679
chr22	34400718	rs204436
chr22	34401169	rs204437
chr22	34401631	rs204441
chr22	34401646	rs204442
chr22	34401673	rs204443
chr22	34402131	rs204446
chr22	34402407	rs204448
chr22	34403194	rs204456
chr22	34403271	rs5755023
chr22	34405508	rs2199137
chr22	34406578	rs16994070
chr22	34406941	rs5749845
chr22	34407560	rs11089669
chr22	34410562	rs5749846
chr22	34413077	rs12628333
chr22	34415848	rs5755038
chr22	34416096	rs5755039
chr22	34416417	rs1459026
chr22	34417263	rs1459029
chr22	34419234	rs5999338
chr22	34420212	rs4821255
chr22	34421035	rs5749854
chr22	34421263	rs5755042
chr22	34422554	rs5999350
chr22	34425226	rs11913089
chr22	34427837	rs1034394
chr22	34428117	rs5755043
chr22	34429797	rs4821257
chr22	34430150	rs5755045
chr22	34432834	rs1005285
chr22	34434599	rs12628754
chr22	34436532	rs13055293
chr22	34436641	rs5999368
chr22	34436658	rs5999369
chr22	34437578	rs8137002
chr22	34438686	rs5999372
chr22	34439241	rs9621937
chr22	34441533	rs738954
chr22	34444452	rs9621944
chr22	34446186	rs7292408
chr22	34447401	rs16994116
chr22	34447900	rs5755055
chr22	34451036	rs12170276
chr22	34451308	rs17824280
chr22	34452559	rs2017523
chr22	34455117	rs10427794
chr22	34455141	rs1459037
chr22	34455385	rs2609850
chr22	34458673	rs1459036
chr22	34459172	rs9607145
chr22	34462182	rs135159
chr22	34462627	rs12160213
chr22	34463801	rs130575
chr22	34467383	rs130578
chr22	34467772	rs130579
chr22	34471190	rs135161
chr22	34471439	rs715533
chr22	34473204	rs4423
chr22	34474998	rs135162
chr22	34475599	rs204970
chr22	34475750	rs130588
chr22	34476214	rs130589
chr22	34478109	rs130592
chr22	34478576	rs5994936
chr22	34479062	rs5994937
chr22	34479371	rs7290609
chr22	34479579	rs7284274
chr22	34479649	rs7284290
chr22	34479951	rs5994940
chr22	34480816	rs205253
chr22	34482820	rs11912812
chr22	34483238	rs8141914
chr22	34485164	rs130691
chr22	34486587	rs130695
chr22	34491662	rs130698
chr22	34493105	rs738968
chr22	34493524	rs130700
chr22	34497951	rs8137174
chr22	34502042	rs2227029
chr22	34503180	rs9610029
chr22	34503341	rs2213331
chr22	34504240	rs130707
chr22	34507164	rs743726
chr22	34507314	rs130710
chr22	34510249	rs130719
chr22	34510981	rs19445
chr22	34512061	rs130720
chr22	34512158	rs5999417
chr22	34513621	rs4820149
chr22	34514178	rs5994960
chr22	34514855	rs130722
chr22	34515437	rs130723
chr22	34520673	rs5999421
chr22	34524396	rs2223271
chr22	34525254	rs2092117
chr22	34527139	rs5999424
chr22	34527447	rs9306288
chr22	34529506	rs13053355
chr22	34534188	rs12159085
chr22	34534802	rs2142691
chr22	34536307	rs16994335
chr22	34536386	rs5755084
chr22	34544950	rs5755093
chr22	34545584	rs4821261
chr22	34548243	rs5994965
chr22	34549455	rs5755102
chr22	34558085	rs4488765
chr22	34564032	rs5749880
chr22	34567532	rs11913169
chr22	34568256	rs9619460
chr22	34570223	rs2899225
chr22	34571290	rs5994976
chr22	34572174	rs5755113
chr22	34572622	rs2205815
chr22	34576642	rs714018
chr22	34577072	rs5999446
chr22	34582114	rs2413245
chr22	34584093	rs1074894
chr22	34585278	rs5755120
chr22	34585637	rs5749885
chr22	34589925	rs16987616
chr22	34590408	rs874814
chr22	34590475	rs1807552
chr22	34591546	rs5755123
chr22	34591916	rs5749888
chr22	34592585	rs2103554
chr22	34592602	rs5994978
chr22	34592776	rs5999451
chr22	34601087	rs4821268
chr22	34604426	rs5755129
chr22	34604834	rs7285474
chr22	34604948	rs5749893
chr22	34606434	rs5749894
chr22	34611054	rs5999468
chr22	34614263	rs9621978
chr22	34615522	rs5999470
chr22	34619834	rs5755146
chr22	34621856	rs2205810
chr22	34623159	rs6518875
chr22	34627420	rs12170683
chr22	34629127	rs9619464
chr22	34633829	rs738253
chr22	34634626	rs9607167
chr22	34637847	rs5994984
chr22	34641882	rs4820154
chr22	34642452	rs5755183
chr22	34645358	rs2899228
chr22	34645884	rs5755184
chr22	34646576	rs16994497
chr22	34647928	rs738254
chr22	34650028	rs5749917
chr22	34652151	rs5749918
chr22	34652253	rs5749919
chr22	34652299	rs16994510
chr22	34653622	rs5749920
chr22	34654048	rs2899229
chr22	34656523	rs909565
chr22	34656688	rs909566
chr22	34658342	rs5749922
chr22	34662260	rs9610075
chr22	34663325	rs5755202
chr22	34665571	rs2205811
chr22	34665780	rs7291061
chr22	34667019	rs4821281
chr22	34669787	rs1547414
chr22	34674411	rs12169544
chr22	34675193	rs4821284
chr22	34677114	rs2413255
chr22	34686442	rs12170130
chr22	34687504	rs4821288
chr22	34688064	rs967917
chr22	34688323	rs739061
chr22	34694384	rs7291034
chr22	34694498	rs7286473
chr22	34694531	rs10483180
chr22	34694629	rs713820
chr22	34696482	rs5999503
chr22	34697149	rs5755228
chr22	34697408	rs2213448
chr22	34700093	rs5999506
chr22	34700668	rs2071714
chr22	34708064	rs2015181
chr22	34708945	rs7285667
chr22	34715017	rs5755241
chr22	34721327	rs8184958
chr22	34728707	rs2413261
chr22	34728902	rs2413262
chr22	34730092	rs16994663
chr22	34730799	rs2157221
chr22	34735602	rs5755254
chr22	34737001	rs5755255
chr22	34739035	rs5755259
chr22	34741446	rs137234
chr22	34741972	rs137235
chr22	34744813	rs137238
chr22	34745049	rs5755263
chr22	34751454	rs5755269
chr22	34756605	rs982845
chr22	34758988	rs41472246
chr22	34760018	rs137257
chr22	34760344	rs2227077
chr22	34761389	rs137260
chr22	34761586	rs743790
chr22	34765468	rs137262
chr22	34766504	rs5749949
chr22	34768391	rs137265
chr22	34770999	rs9610113
chr22	34771453	rs137269
chr22	34771592	rs137270
chr22	34771706	rs137272
chr22	34774744	rs10483184
chr22	34775163	rs12628866
chr22	34775640	rs16994750
chr22	34776609	rs960305
chr22	34781359	rs137294
chr22	34787373	rs4821299
chr22	34787612	rs1543335
chr22	34795114	rs2413270
chr22	34795205	rs5755287
chr22	34795932	rs5995002
chr22	34796015	rs1012604
chr22	34796163	rs2179340
chr22	34799097	rs8137619
chr22	34799840	rs5755297
chr22	34801663	rs4820164
chr22	34802650	rs4821303
chr22	34807239	rs5755307
chr22	34809190	rs5755310
chr22	34809501	rs5755311
chr22	34809694	rs5755312
chr22	34809849	rs9607195
chr22	34813145	rs5999551
chr22	34815182	rs5755319
chr22	34823539	rs1546873
chr22	34823759	rs1546874
chr22	34825076	rs984321
chr22	34825520	rs984322
chr22	34829038	rs5755348
chr22	34829469	rs5755349
chr22	34829522	rs9610153
chr22	34829796	rs12159254
chr22	34830306	rs5755350
chr22	34830680	rs2223433
chr22	34831341	rs5755353
chr22	34833090	rs5749969
chr22	34834312	rs941435
chr22	34841375	rs715497
chr22	34841590	rs715489
chr22	34842777	rs742296
chr22	34845839	rs738427
chr22	34847661	rs5755368
chr22	34857989	rs1124929
chr22	34860635	rs5999580
chr22	34862370	rs5749981
chr22	34864014	rs7286893
chr22	34865407	rs738429
chr22	34865663	rs5999586
chr22	34866049	rs7288600
chr22	34866934	rs2413277
chr22	34869265	rs2038088
chr22	34876224	rs5999602
chr22	34876954	rs5999604
chr22	34878193	rs10483185
chr22	34878308	rs997379
chr22	34881047	rs5755393
chr22	34881756	rs5749989
chr22	34882112	rs5749990
chr22	34883078	rs5755395
chr22	34883750	rs5749991
chr22	34885922	rs2235483
chr22	34888379	rs5755397
chr22	34888772	rs5749992
chr22	34891636	rs973390
chr22	34893360	rs137215
chr22	34896301	rs8139897
chr22	34896519	rs137219
chr22	34898550	rs5755403
chr22	34898573	rs2413278
chr22	34899114	rs137222
chr22	34900560	rs137227
chr22	34900624	rs137228
chr22	34901320	rs5755405
chr22	34901380	rs5755406
chr22	34902007	rs1894484
chr22	34902109	rs2213434
chr22	34902515	rs5755407
chr22	34903659	rs2213436
chr22	34905605	rs1012270
chr22	34905798	rs1573674
chr22	34906143	rs1012271
chr22	34907481	rs5995036
chr22	34910796	rs4821316
chr22	34911217	rs713805
chr22	34912207	rs737828
chr22	34913075	rs5755409
chr22	34919378	rs739059
chr22	34919595	rs5755413
chr22	34920292	rs5749997
chr22	34924181	rs2413282
chr22	34928861	rs9622070
chr22	34931456	rs5999633
chr22	34931751	rs4821317
chr22	34932240	rs2413283
chr22	34934163	rs1034420
chr22	34934388	rs5750000
chr22	34934421	rs17702926
chr22	34935052	rs5999636
chr22	34935413	rs2157215
chr22	34936826	rs1157644
chr22	34937892	rs5755427
chr22	34937913	rs5755428
chr22	34938377	rs2187756
chr22	34941206	rs5755436
chr22	34941743	rs5755439
chr22	34941899	rs1159413
chr22	34943006	rs4239875
chr22	34943213	rs5755440
chr22	34943370	rs1573678
chr22	34943412	rs7286958
chr22	34944114	rs2017041
chr22	34944595	rs4635628
chr22	34944841	rs5755441
chr22	34944942	rs9610176
chr22	34945327	rs7288089
chr22	34945988	rs7284640
chr22	34946665	rs5755445
chr22	34946728	rs5755446
chr22	34947634	rs5999644
chr22	34948328	rs2157216
chr22	34950636	rs929026
chr22	34951371	rs5750007
chr22	34951745	rs5750008
chr22	34952096	rs9610178
chr22	34952415	rs739060
chr22	34953379	rs5755451
chr22	34956408	rs12167710
chr22	34957042	rs3948788
chr22	34957183	rs1013512
chr22	34957522	rs8140515
chr22	34957751	rs1013513
chr22	34959336	rs5750009
chr22	34960284	rs12168470
chr22	34960333	rs5755464
chr22	34960774	rs9619494
chr22	34961994	rs5999654
chr22	34962277	rs7284508
chr22	34963583	rs12483892
chr22	34963713	rs3859840
chr22	34964068	rs9610179
chr22	34969102	rs5755467
chr22	34970066	rs12160261
chr22	34970241	rs5755468
chr22	34973750	rs5755469
chr22	34973914	rs13056337
chr22	34975718	rs737821
chr22	34979092	rs6518916
chr22	34979676	rs4541330
chr22	34982206	rs2018079
chr22	34987836	rs12485027
chr22	34989039	rs5999665
chr22	34989133	rs5750019
chr22	34990412	rs5755486
chr22	34991116	rs1476004
chr22	34993738	rs7284941
chr22	34994317	rs9610191
chr22	34994406	rs5755490
chr22	34994857	rs6518917
chr22	34999137	rs5755492
chr22	35004295	rs5755497
chr22	35011692	rs5750025
chr22	35014476	rs9619502
chr22	35014614	rs9619503
chr22	35014781	rs5750029
chr22	35014803	rs5755508
chr22	35016778	rs713708
chr22	35016843	rs2008519
chr22	35017457	rs5750031
chr22	35018027	rs5750033
chr22	35018550	rs733853
chr22	35018694	rs16995183
chr22	35023178	rs5755525
chr22	35024382	rs5999678
chr22	35031435	rs4821342
chr22	35032192	rs4821343
chr22	35035018	rs4820175
chr22	35036908	rs7291179
chr22	35037829	rs1080045
chr22	35039030	rs11089717
chr22	35039044	rs11089718
chr22	35039988	rs5999685
chr22	35040057	rs9622105
chr22	35042704	rs9622108
chr22	35044090	rs5999687
chr22	35045512	rs4821346
chr22	35045902	rs12170542
chr22	35046276	rs12485117
chr22	35046758	rs7286668
chr22	35047302	rs5755543
chr22	35047646	rs12484382
chr22	35051000	rs4821348
chr22	35051090	rs5999689
chr22	35052791	rs5750044
chr22	35054311	rs5755550
chr22	35055646	rs16995211
chr22	35056239	rs739152
chr22	35058471	rs362014
chr22	35058829	rs4432561
chr22	35060310	rs362246
chr22	35061852	rs361741
chr22	35062229	rs362059
chr22	35064657	rs10427677
chr22	35065284	rs361788
chr22	35065345	rs362214
chr22	35065390	rs362166
chr22	35065496	rs361969
chr22	35066656	rs3810618
chr22	35067169	rs361863
chr22	35067186	rs361668
chr22	35068001	rs362112
chr22	35069162	rs361718
chr22	35069734	rs2413292
chr22	35069782	rs362098
chr22	35070436	rs361888
chr22	35070492	rs361785
chr22	35070571	rs5755567
chr22	35072546	rs361565
chr22	35072886	rs6518932
chr22	35073883	rs713850
chr22	35074159	rs9622120
chr22	35074547	rs1883385
chr22	35075341	rs2413293
chr22	35075506	rs738423
chr22	35076241	rs4821358
chr22	35076280	rs4821359
chr22	35076600	rs4821360
chr22	35076743	rs8137467
chr22	35078065	rs5750056
chr22	35078229	rs2017543
chr22	35079642	rs9619513
chr22	35080697	rs4821362
chr22	35080970	rs5750057
chr22	35081272	rs2899240
chr22	35081754	rs5755571
chr22	35082493	rs2899241
chr22	35082536	rs8140287
chr22	35083125	rs4820178
chr22	35083387	rs1074970
chr22	35083541	rs1074971
chr22	35083604	rs1074972
chr22	35084474	rs7291048
chr22	35084899	rs7291929
chr22	35085783	rs3810619
chr22	35086751	rs8142871
chr22	35088462	rs9622125
chr22	35092685	rs9622128
chr22	35092827	rs9622130
chr22	35094845	rs9622131
chr22	35095976	rs5755575
chr22	35096320	rs11089728
chr22	35097374	rs5999715
chr22	35102941	rs8135214
chr22	35103117	rs11089729
chr22	35103263	rs9622142
chr22	35103611	rs5999721
chr22	35106077	rs5999726
chr22	35107079	rs9622147
chr22	35107361	rs9622148
chr22	35110291	rs4821366
chr22	35110433	rs4820180
chr22	35113395	rs12170582
chr22	35114998	rs5755582
chr22	35116640	rs713944
chr22	35117958	rs28581
chr22	35118897	rs80724
chr22	35120004	rs134203
chr22	35120563	rs5750060
chr22	35121680	rs7284619
chr22	35122846	rs5755595
chr22	35122994	rs7289467
chr22	35123857	rs2157592
chr22	35124083	rs1573763
chr22	35127380	rs5755601
chr22	35130288	rs80730
chr22	35130578	rs80731
chr22	35130800	rs134215
chr22	35132509	rs5755604
chr22	35133148	rs10427621
chr22	35133563	rs16995358
chr22	35134490	rs134220
chr22	35135016	rs134221
chr22	35135705	rs9306297
chr22	35136066	rs5999731
chr22	35137133	rs9610221
chr22	35137415	rs134225
chr22	35138137	rs134227
chr22	35141043	rs16995370
chr22	35142705	rs739301
chr22	35143904	rs11703514
chr22	35144225	rs5755607
chr22	35144430	rs5999742
chr22	35144657	rs9610223
chr22	35144729	rs12628361
chr22	35145778	rs134239
chr22	35145934	rs134240
chr22	35148782	rs134258
chr22	35149099	rs134260
chr22	35149308	rs134261
chr22	35149625	rs134263
chr22	35149818	rs134264
chr22	35149922	rs134265
chr22	35154238	rs134271
chr22	35158589	rs134277
chr22	35159531	rs739302
chr22	35162421	rs134300
chr22	35162834	rs134306
chr22	35163586	rs2413305
chr22	35163702	rs2413306
chr22	35163752	rs2413307
chr22	35164265	rs134316
chr22	35164393	rs6518933
chr22	35172082	rs134373
chr22	35172406	rs134374
chr22	35172679	rs7291553
chr22	35173429	rs134376
chr22	35173697	rs134378
chr22	35175504	rs134381
chr22	35177863	rs134386
chr22	35177878	rs1006253
chr22	35178381	rs2213877
chr22	35183353	rs134406
chr22	35183468	rs134407
chr22	35184103	rs134409
chr22	35184296	rs2413314
chr22	35184604	rs134410
chr22	35185406	rs2187961
chr22	35187914	rs12484798
chr22	35188119	rs134416
chr22	35189997	rs134422
chr22	35191487	rs134426
chr22	35192607	rs134430
chr22	35192851	rs134432
chr22	35194713	rs3752596
chr22	35195042	rs134434
chr22	35197521	rs5750079
chr22	35199535	rs134443
chr22	35199727	rs713819
chr22	35200157	rs134445
chr22	35200239	rs10483188
chr22	35203000	rs713969
chr22	35203224	rs713793
chr22	35203789	rs5999762
chr22	35206589	rs7284380
chr22	35206905	rs10483189
chr22	35212219	rs1997731
chr22	35215702	rs2056982
chr22	35216304	rs11704749
chr22	35216575	rs2056983
chr22	35217023	rs5999771
chr22	35218945	rs11704215
chr22	35219967	rs9622162
chr22	35224037	rs738438
chr22	35226623	rs5755655
chr22	35230229	rs5750083
chr22	35233789	rs5755661
chr22	35235551	rs2092331
chr22	35235597	rs2103642
chr22	35238362	rs4821380
chr22	35245699	rs2092030
chr22	35250485	rs9610274
chr22	35251729	rs4820187
chr22	35256248	rs2092029
chr22	35257480	rs5755674
chr22	35260247	rs16995548
chr22	35262029	rs1108268
chr22	35262232	rs4820189
chr22	35264882	rs1053593
chr22	35268334	rs2235147
chr22	35268948	rs2235148
chr22	35271493	rs12485178
chr22	35273448	rs4821387
chr22	35273816	rs760513
chr22	35276190	rs932290
chr22	35276850	rs2235150
chr22	35279544	rs5755683
chr22	35283958	rs2272789
chr22	35284102	rs2272790
chr22	35288066	rs741996
chr22	35292630	rs7291420
chr22	35294186	rs1474557
chr22	35294190	rs1474558
chr22	35294539	rs4821392
chr22	35298302	rs138726
chr22	35298900	rs138727
chr22	35303890	rs138744
chr22	35306075	rs138760
chr22	35307135	rs138764
chr22	35315105	rs138777
chr22	35315550	rs11704301
chr22	35316560	rs138780
chr22	35321253	rs138784
chr22	35326018	rs10483190
chr22	35326133	rs2267331
chr22	35327838	rs4466
chr22	35328666	rs138785
chr22	35332473	rs138786
chr22	35334092	rs138789
chr22	35335182	rs5999797
chr22	35335252	rs4467
chr22	35337661	rs138794
chr22	35341468	rs2267335
chr22	35342495	rs2283961
chr22	35344135	rs2267336
chr22	35345178	rs4386
chr22	35345827	rs133398
chr22	35345870	rs133399
chr22	35346531	rs129433
chr22	35346932	rs743810
chr22	35349203	rs6518950
chr22	35352215	rs4820191
chr22	35358119	rs5750102
chr22	35358420	rs5755703
chr22	35360016	rs1076139
chr22	35365657	rs4359744
chr22	35368926	rs2413345
chr22	35373973	rs5995096
chr22	35381625	rs2071748
chr22	35382285	rs9306300
chr22	35382968	rs5995097
chr22	35387420	rs2071749
chr22	35387624	rs11912889
chr22	35390189	rs2269533
chr22	35390880	rs5755720
chr22	35393270	rs2285112
chr22	35396981	rs743811
chr22	35399420	rs1078979
chr22	35401340	rs743815
chr22	35402054	rs4645743
chr22	35403549	rs713618
chr22	35403618	rs713873
chr22	35404690	rs4645750
chr22	35404928	rs4645752
chr22	35407727	rs4645768
chr22	35410245	rs133415
chr22	35410383	rs133416
chr22	35410822	rs133417
chr22	35412715	rs2307344
chr22	35412774	rs4645783
chr22	35415255	rs133420
chr22	35416058	rs4645794
chr22	35417165	rs133422
chr22	35418120	rs2071738
chr22	35419070	rs4645805
chr22	35419303	rs133426
chr22	35420419	rs4645807
chr22	35421264	rs2071743
chr22	35421560	rs2071744
chr22	35421604	rs133431
chr22	35424261	rs4645824
chr22	35424596	rs4645827
chr22	35426771	rs12165592
chr22	35428655	rs9619542
chr22	35428831	rs2413348
chr22	35431486	rs5755729
chr22	35432307	rs5755730
chr22	35433459	rs738207
chr22	35435212	rs28408891
chr22	35443856	rs28675383
chr22	35453039	rs28489405
chr22	35480895	rs28528068
chr22	35487404	rs28673537
chr22	35492611	rs2179082
chr22	35494433	rs8140821
chr22	35495148	rs5999832
chr22	35496753	rs5995107
chr22	35497664	rs5999839
chr22	35497725	rs5999840
chr22	35498323	rs7292841
chr22	35501186	rs5999844
chr22	35502271	rs4303814
chr22	35502756	rs8136332
chr22	35503337	rs909704
chr22	35503429	rs10483191
chr22	35509020	rs5999851
chr22	35511205	rs880211
chr22	35511833	rs1107498
chr22	35517559	rs5999854
chr22	35517929	rs5999855
chr22	35519341	rs9610308
chr22	35521262	rs4821405
chr22	35521499	rs713968
chr22	35523399	rs139059
chr22	35523790	rs470109
chr22	35523884	rs139060
chr22	35524087	rs139061
chr22	35526557	rs5999860
chr22	35527058	rs1883299
chr22	35527145	rs5999861
chr22	35527362	rs9607271
chr22	35529383	rs4821409
chr22	35529868	rs1076653
chr22	35530340	rs4821412
chr22	35530921	rs2413353
chr22	35531414	rs714026
chr22	35537756	rs9619553
chr22	35537815	rs9607273
chr22	35538543	rs9619555
chr22	35540821	rs13055336
chr22	35542334	rs5750112
chr22	35543322	rs4820197
chr22	35545484	rs5755743
chr22	35545897	rs8139398
chr22	35545973	rs6518956
chr22	35547937	rs2281122
chr22	35548727	rs8137058
chr22	35550703	rs742202
chr22	35552246	rs736211
chr22	35552388	rs736210
chr22	35553287	rs6518958
chr22	35553574	rs17722036
chr22	35554601	rs13054394
chr22	35556275	rs6518959
chr22	35556556	rs926336
chr22	35558199	rs9607275
chr22	35560057	rs2179248
chr22	35563195	rs5750115
chr22	35566013	rs738368
chr22	35566539	rs5755753
chr22	35568675	rs5750116
chr22	35574157	rs4820201
chr22	35574507	rs2064145
chr22	35575834	rs742204
chr22	35578656	rs4820203
chr22	35579745	rs5750120
chr22	35580124	rs2009681
chr22	35580144	rs9610320
chr22	35580525	rs5750121
chr22	35582553	rs12160441
chr22	35582568	rs4820204
chr22	35583810	rs7287460
chr22	35584013	rs5755767
chr22	35584126	rs9610322
chr22	35586542	rs12628385
chr22	35586625	rs738370
chr22	35586723	rs932331
chr22	35586753	rs932332
chr22	35587385	rs1474600
chr22	35588003	rs5995123
chr22	35589027	rs5755769
chr22	35589118	rs7285118
chr22	35591023	rs5999881
chr22	35597736	rs4821419
chr22	35598064	rs4821420
chr22	35598236	rs4821421
chr22	35600568	rs5999888
chr22	35604500	rs4821422
chr22	35605115	rs4821423
chr22	35605522	rs4140603
chr22	35607006	rs1056680
chr22	35610275	rs2899254
chr22	35610685	rs5755790
chr22	35610998	rs7292
chr22	35611028	rs7293
chr22	35615712	rs5755793
chr22	35615875	rs5755794
chr22	35618215	rs5750135
chr22	35620425	rs1997882
chr22	35626614	rs4622835
chr22	35627113	rs1967963
chr22	35637059	rs762910
chr22	35637294	rs5999900
chr22	35638018	rs5999901
chr22	35638771	rs10154656
chr22	35642029	rs1894469
chr22	35642167	rs5999903
chr22	35642220	rs5999904
chr22	35642239	rs2413359
chr22	35642653	rs5755809
chr22	35643227	rs5999907
chr22	35644117	rs5999908
chr22	35645515	rs5755820
chr22	35645603	rs5755821
chr22	35646939	rs9610329
chr22	35647588	rs4820207
chr22	35650064	rs5999916
chr22	35656274	rs5995134
chr22	35657023	rs5995135
chr22	35657148	rs12157556
chr22	35657234	rs12157362
chr22	35660681	rs5750146
chr22	35662029	rs2413361
chr22	35662201	rs5755837
chr22	35668117	rs5755849
chr22	35668618	rs5755850
chr22	35674374	rs5750150
chr22	35675490	rs8139187
chr22	35675941	rs5755863
chr22	35677996	rs5755867
chr22	35684459	rs135109
chr22	35684766	rs130402
chr22	35685968	rs5999937
chr22	35686370	rs8140555
chr22	35687558	rs738510
chr22	35689300	rs5755878
chr22	35693778	rs5755893
chr22	35706653	rs5995155
chr22	35707662	rs1997883
chr22	35707731	rs1997884
chr22	35708600	rs4820209
chr22	35708683	rs5755921
chr22	35713368	rs5995158
chr22	35714418	rs1540297
chr22	35718216	rs4821439
chr22	35720033	rs5999976
chr22	35721807	rs2009168
chr22	35724184	rs5999980
chr22	35726764	rs4821441
chr22	35726883	rs2076671
chr22	35727036	rs2076672
chr22	35727266	rs2073198
chr22	35729217	rs2016586
chr22	35729539	rs7285826
chr22	35732403	rs5995166
chr22	35732884	rs7291883
chr22	35734035	rs9306304
chr22	35734530	rs9610342
chr22	35734739	rs5999989
chr22	35736785	rs13053958
chr22	35737692	rs5001172
chr22	35738379	rs5999999
chr22	35740898	rs5750173
chr22	35748344	rs9622280
chr22	35753291	rs5750175
chr22	35769058	rs9610350
chr22	35775286	rs136055
chr22	35778910	rs12168575
chr22	35780530	rs13055121
chr22	35783048	rs5755948
chr22	35784488	rs6000004
chr22	35786985	rs6000005
chr22	35787941	rs5755950
chr22	35795381	rs6000006
chr22	35806094	rs9610354
chr22	35808256	rs5750178
chr22	35826422	rs6000010
chr22	35835310	rs2051579
chr22	35837714	rs5755960
chr22	35840671	rs5755961
chr22	35847346	rs16996137
chr22	35854712	rs5995172
chr22	35856220	rs956119
chr22	35862927	rs5750187
chr22	35863513	rs9619574
chr22	35872550	rs12166751
chr22	35872928	rs9622297
chr22	35874674	rs6000023
chr22	35882693	rs5755974
chr22	35892059	rs7287809
chr22	35900061	rs4821451
chr22	35900080	rs5755980
chr22	35902393	rs5750195
chr22	35907314	rs5755984
chr22	35910218	rs6000032
chr22	35910546	rs5755990
chr22	35915722	rs5750200
chr22	35916938	rs6000034
chr22	35920614	rs136613
chr22	35920738	rs136614
chr22	35924692	rs6000036
chr22	35933035	rs5756002
chr22	35941728	rs5756006
chr22	35945768	rs9306305
chr22	35946342	rs2157258
chr22	35951598	rs5756012
chr22	35959310	rs2899258
chr22	35980995	rs5756028
chr22	35982328	rs9610372
chr22	35986054	rs5756032
chr22	35988426	rs9610373
chr22	35995199	rs12168968
chr22	36010486	rs5756039
chr22	36013942	rs6000059
chr22	36016233	rs7286305
chr22	36017243	rs132596
chr22	36022232	rs132597
chr22	36022549	rs9622318
chr22	36029677	rs5756047
chr22	36031436	rs1573708
chr22	36032340	rs6000071
chr22	36037768	rs5995192
chr22	36042533	rs5756055
chr22	36043461	rs5756057
chr22	36046074	rs8140469
chr22	36047627	rs6000082
chr22	36047657	rs6000083
chr22	36048140	rs6000085
chr22	36049485	rs16996292
chr22	36049544	rs6518987
chr22	36052763	rs5756069
chr22	36061565	rs132606
chr22	36064165	rs5995204
chr22	36071454	rs6000100
chr22	36076295	rs2413378
chr22	36081979	rs6000120
chr22	36083623	rs7286844
chr22	36084833	rs739203
chr22	36094437	rs4369966
chr22	36095458	rs9607308
chr22	36104851	rs878847
chr22	36105833	rs876416
chr22	36108631	rs6000130
chr22	36109722	rs739206
chr22	36110325	rs11089778
chr22	36114584	rs743919
chr22	36115231	rs16996381
chr22	36115247	rs11703384
chr22	36116935	rs6000135
chr22	36117577	rs11089779
chr22	36119221	rs4821456
chr22	36120896	rs5995222
chr22	36121424	rs6000139
chr22	36121884	rs1476029
chr22	36121950	rs1476030
chr22	36122913	rs7288426
chr22	36122954	rs11089780
chr22	36122992	rs2413380
chr22	36128825	rs5995225
chr22	36129933	rs1894605
chr22	36131919	rs5756080
chr22	36132847	rs132612
chr22	36137737	rs132617
chr22	36137894	rs9610404
chr22	36141845	rs3827346
chr22	36142005	rs6000152
chr22	36143475	rs132621
chr22	36143653	rs9306306
chr22	36143706	rs80575
chr22	36143804	rs80577
chr22	36144213	rs80579
chr22	36144386	rs80580
chr22	36145677	rs1807672
chr22	36145777	rs132628
chr22	36148515	rs132640
chr22	36149522	rs132643
chr22	36149613	rs2032518
chr22	36149732	rs7290574
chr22	36149778	rs132644
chr22	36150374	rs13056820
chr22	36152358	rs132645
chr22	36154019	rs132646
chr22	36155110	rs132647
chr22	36155868	rs2097465
chr22	36156354	rs132648
chr22	36157133	rs132649
chr22	36159746	rs80584
chr22	36160775	rs132653
chr22	36160916	rs916334
chr22	36161473	rs16996442
chr22	36161502	rs132655
chr22	36161575	rs6000157
chr22	36161669	rs7288802
chr22	36161718	rs132656
chr22	36164246	rs16996446
chr22	36166188	rs132660
chr22	36166948	rs6000158
chr22	36168981	rs132667
chr22	36173796	rs132671
chr22	36175868	rs132675
chr22	36176368	rs80586
chr22	36176467	rs10483193
chr22	36178719	rs132681
chr22	36179616	rs132683
chr22	36180602	rs132686
chr22	36180892	rs132688
chr22	36181098	rs132689
chr22	36181894	rs5995235
chr22	36182806	rs6000167
chr22	36183118	rs132692
chr22	36183513	rs132693
chr22	36187036	rs2239831
chr22	36188382	rs916338
chr22	36188665	rs132697
chr22	36188898	rs8136064
chr22	36189478	rs1053983
chr22	36189516	rs1053982
chr22	36189561	rs5756090
chr22	36189673	rs5756091
chr22	36191154	rs6000172
chr22	36191231	rs6000174
chr22	36191438	rs2227167
chr22	36191656	rs132700
chr22	36194900	rs2269596
chr22	36195334	rs2007468
chr22	36196324	rs2007706
chr22	36200606	rs132717
chr22	36201831	rs132734
chr22	36201835	rs132735
chr22	36204245	rs132739
chr22	36204795	rs6000190
chr22	36205153	rs5995252
chr22	36206137	rs7364143
chr22	36206733	rs5995255
chr22	36207248	rs6000197
chr22	36208559	rs132744
chr22	36209285	rs132745
chr22	36209345	rs132746
chr22	36210583	rs132749
chr22	36212159	rs9610448
chr22	36212303	rs132750
chr22	36212344	rs7289037
chr22	36213588	rs11704479
chr22	36213693	rs4820222
chr22	36213886	rs6000199
chr22	36214525	rs8140384
chr22	36215260	rs8136528
chr22	36215817	rs5995259
chr22	36220089	rs1315
chr22	36220154	rs4821467
chr22	36220399	rs4821469
chr22	36223011	rs763086
chr22	36224915	rs11703398
chr22	36225567	rs2006259
chr22	36225663	rs132757
chr22	36226776	rs9619597
chr22	36226860	rs129607
chr22	36227874	rs7285167
chr22	36230231	rs11089784
chr22	36230678	rs6000209
chr22	36230909	rs11703957
chr22	36232861	rs2010467
chr22	36233587	rs2010659
chr22	36234304	rs9610462
chr22	36234944	rs1001294
chr22	36234993	rs2157249
chr22	36236979	rs136142
chr22	36237179	rs1557534
chr22	36239921	rs136145
chr22	36251914	rs4821472
chr22	36252047	rs5995271
chr22	36252506	rs5756115
chr22	36253528	rs9610467
chr22	36256118	rs7284919
chr22	36256885	rs136148
chr22	36257229	rs4820224
chr22	36260977	rs136159
chr22	36261283	rs129423
chr22	36261550	rs713929
chr22	36262488	rs713753
chr22	36262809	rs4419330
chr22	36265284	rs2239785
chr22	36265490	rs136174
chr22	36265520	rs136175
chr22	36265600	rs136176
chr22	36265796	rs136177
chr22	36267581	rs3886200
chr22	36267956	rs2012928
chr22	36273049	rs4821475
chr22	36276230	rs136187
chr22	36281354	rs2481
chr22	36283012	rs735854
chr22	36288046	rs5756129
chr22	36288285	rs5756130
chr22	36288308	rs2269529
chr22	36288312	rs2269530
chr22	36290010	rs1476009
chr22	36290113	rs6000229
chr22	36291916	rs6000233
chr22	36295561	rs710181
chr22	36295645	rs875725
chr22	36295923	rs875726
chr22	36296706	rs16996648
chr22	36297396	rs9610486
chr22	36297607	rs5756132
chr22	36299127	rs2187776
chr22	36299896	rs4821481
chr22	36302946	rs2239787
chr22	36304129	rs9619601
chr22	36306103	rs8138016
chr22	36306254	rs1009150
chr22	36308788	rs17806543
chr22	36308995	rs2239781
chr22	36309058	rs2239782
chr22	36309484	rs1557529
chr22	36310697	rs2187777
chr22	36310834	rs2157252
chr22	36311616	rs2157256
chr22	36312039	rs2413396
chr22	36312438	rs5750250
chr22	36312579	rs3830104
chr22	36312708	rs4820229
chr22	36313494	rs4820230
chr22	36314138	rs3752462
chr22	36314496	rs4820232
chr22	36315317	rs8141971
chr22	36316427	rs5756152
chr22	36317486	rs9610489
chr22	36318590	rs2239784
chr22	36319229	rs1005570
chr22	36322813	rs2071731
chr22	36323118	rs12159211
chr22	36324379	rs5756154
chr22	36324734	rs5756156
chr22	36326445	rs8136069
chr22	36326489	rs8136336
chr22	36331238	rs16996677
chr22	36332107	rs11704382
chr22	36333029	rs4820234
chr22	36334902	rs2413398
chr22	36336492	rs1557540
chr22	36337893	rs713839
chr22	36350034	rs739097
chr22	36352310	rs16996691
chr22	36352948	rs5756164
chr22	36355056	rs11089788
chr22	36359453	rs136206
chr22	36360211	rs16996693
chr22	36362213	rs9306310
chr22	36362502	rs136211
chr22	36363770	rs136213
chr22	36368743	rs16996704
chr22	36369958	rs933224
chr22	36373640	rs1883273
chr22	36373993	rs6000262
chr22	36374829	rs2294355
chr22	36374873	rs2294356
chr22	36375187	rs2294357
chr22	36376708	rs10483194
chr22	36378767	rs5756168
chr22	36379706	rs4277619
chr22	36381694	rs9610498
chr22	36385635	rs6000268
chr22	36390921	rs6000269
chr22	36391885	rs11703137
chr22	36398139	rs738278
chr22	36408237	rs9610510
chr22	36419525	rs28612632
chr22	36439037	rs2092166
chr22	36444458	rs2413403
chr22	36448479	rs139930
chr22	36448572	rs909675
chr22	36448748	rs139931
chr22	36448806	rs139932
chr22	36449160	rs139933
chr22	36452480	rs4643636
chr22	36453868	rs139954
chr22	36460761	rs139981
chr22	36461244	rs139985
chr22	36462582	rs79236
chr22	36465665	rs139997
chr22	36466454	rs139998
chr22	36467328	rs139999
chr22	36468433	rs7288408
chr22	36469151	rs9622397
chr22	36469172	rs6000282
chr22	36469338	rs5995291
chr22	36469557	rs12159290
chr22	36469575	rs12159080
chr22	36469597	rs12159295
chr22	36471086	rs10211982
chr22	36471417	rs7284468
chr22	36471689	rs6519008
chr22	36472857	rs16996781
chr22	36472966	rs2283965
chr22	36474798	rs5756202
chr22	36476703	rs2281082
chr22	36487027	rs6000284
chr22	36488979	rs3747163
chr22	36489112	rs2564
chr22	36489605	rs2281085
chr22	36490330	rs2281086
chr22	36492019	rs5756214
chr22	36494058	rs1000427
chr22	36494306	rs2011107
chr22	36495811	rs5756219
chr22	36498575	rs742144
chr22	36498606	rs4820237
chr22	36504224	rs2277841
chr22	36504759	rs760718
chr22	36510126	rs11704715
chr22	36511051	rs728785
chr22	36514122	rs4331612
chr22	36516412	rs16996838
chr22	36516677	rs2076083
chr22	36523296	rs8140240
chr22	36523807	rs12170906
chr22	36524153	rs12166028
chr22	36524478	rs7364182
chr22	36524787	rs742146
chr22	36525155	rs742149
chr22	36525567	rs1076643
chr22	36526005	rs9622410
chr22	36526158	rs7364189
chr22	36527097	rs6000293
chr22	36527184	rs6000295
chr22	36527452	rs6000299
chr22	36527544	rs6000300
chr22	36528192	rs5995296
chr22	36528667	rs5995298
chr22	36529450	rs140002
chr22	36529551	rs5995300
chr22	36529691	rs9607351
chr22	36531858	rs11089795
chr22	36532368	rs5756230
chr22	36537236	rs8140727
chr22	36538456	rs16996911
chr22	36538472	rs4821499
chr22	36538774	rs6000319
chr22	36539325	rs2049972
chr22	36539749	rs5756233
chr22	36542080	rs713750
chr22	36542460	rs713686
chr22	36543340	rs2008974
chr22	36544416	rs5756236
chr22	36545018	rs5750269
chr22	36546276	rs2049974
chr22	36551577	rs140022
chr22	36552398	rs140023
chr22	36554253	rs140028
chr22	36555277	rs8141227
chr22	36557768	rs140033
chr22	36558581	rs2228703
chr22	36558892	rs4821501
chr22	36559320	rs140034
chr22	36562861	rs4820239
chr22	36564175	rs5995309
chr22	36566582	rs6519020
chr22	36566719	rs7284729
chr22	36569237	rs1569488
chr22	36570195	rs2267339
chr22	36573636	rs9622418
chr22	36573885	rs140040
chr22	36574240	rs2283970
chr22	36575910	rs2050140
chr22	36580928	rs2267341
chr22	36582143	rs4821503
chr22	36582278	rs9622421
chr22	36584055	rs7285742
chr22	36584904	rs3788520
chr22	36585038	rs11913953
chr22	36585209	rs9622423
chr22	36586005	rs17735352
chr22	36586628	rs4820242
chr22	36587381	rs2235682
chr22	36588150	rs9619621
chr22	36588260	rs9622424
chr22	36588871	rs16997001
chr22	36589843	rs6000336
chr22	36590045	rs2283981
chr22	36590180	rs2283982
chr22	36592537	rs2283984
chr22	36592607	rs2283985
chr22	36593280	rs926543
chr22	36593359	rs2283986
chr22	36593903	rs6000342
chr22	36598016	rs4821506
chr22	36603467	rs4821508
chr22	36605448	rs9622429
chr22	36606017	rs11704051
chr22	36607409	rs4821510
chr22	36611423	rs2267346
chr22	36612283	rs5756261
chr22	36612440	rs713952
chr22	36612881	rs738977
chr22	36614820	rs6000351
chr22	36614882	rs12160203
chr22	36615601	rs1475985
chr22	36616274	rs2413411
chr22	36616527	rs5750276
chr22	36616581	rs6000352
chr22	36616906	rs2267347
chr22	36617333	rs2267349
chr22	36617346	rs738975
chr22	36617647	rs4821512
chr22	36617772	rs4821513
chr22	36619147	rs5756267
chr22	36619282	rs2283993
chr22	36619753	rs2299831
chr22	36620567	rs2283994
chr22	36621843	rs2267355
chr22	36621935	rs2267357
chr22	36624094	rs5756268
chr22	36629227	rs738974
chr22	36629772	rs2032465
chr22	36631420	rs131829
chr22	36631633	rs140527
chr22	36632103	rs16997076
chr22	36633873	rs2283999
chr22	36636116	rs9622436
chr22	36637217	rs140526
chr22	36644045	rs7287114
chr22	36647620	rs6000364
chr22	36651091	rs8137408
chr22	36657422	rs1883987
chr22	36660160	rs6000370
chr22	36660972	rs7292957
chr22	36661302	rs6519024
chr22	36661356	rs6519025
chr22	36662703	rs6519029
chr22	36664307	rs2284001
chr22	36666969	rs12628674
chr22	36670410	rs3888741
chr22	36670443	rs2746967
chr22	36673983	rs2284006
chr22	36677702	rs2284008
chr22	36681319	rs6000386
chr22	36682504	rs2284009
chr22	36685352	rs12160357
chr22	36685650	rs2284010
chr22	36685763	rs2284011
chr22	36686067	rs761491
chr22	36687449	rs9607371
chr22	36688936	rs2592958
chr22	36689397	rs2284012
chr22	36691448	rs738516
chr22	36692294	rs2092662
chr22	36694298	rs2284013
chr22	36695586	rs2179871
chr22	36696464	rs6000387
chr22	36698448	rs5750283
chr22	36700056	rs2592960
chr22	36700749	rs2284016
chr22	36700882	rs2284017
chr22	36701519	rs2284018
chr22	36704215	rs2267361
chr22	36705845	rs2746971
chr22	36709135	rs1883988
chr22	36713264	rs6519032
chr22	36714224	rs2064459
chr22	36714714	rs41376249
chr22	36720053	rs715541
chr22	36721010	rs737795
chr22	36721039	rs715582
chr22	36721268	rs715581
chr22	36722059	rs9619632
chr22	36723755	rs738518
chr22	36725056	rs999540
chr22	36726306	rs738519
chr22	36726570	rs9622461
chr22	36730811	rs12484028
chr22	36732550	rs1569785
chr22	36733236	rs5756325
chr22	36735814	rs5756327
chr22	36737368	rs5756330
chr22	36739089	rs4821520
chr22	36739260	rs4390848
chr22	36740941	rs1569784
chr22	36744753	rs12484703
chr22	36752891	rs2592959
chr22	36753292	rs6000401
chr22	36757245	rs129333
chr22	36761196	rs3827351
chr22	36765276	rs5995341
chr22	36767036	rs1048015
chr22	36767285	rs1048012
chr22	36770413	rs5756339
chr22	36770630	rs5750303
chr22	36772400	rs4821522
chr22	36772594	rs4821523
chr22	36772681	rs4821524
chr22	36773941	rs4821525
chr22	36774871	rs5750306
chr22	36775567	rs2009667
chr22	36786637	rs8135284
chr22	36797942	rs9610583
chr22	36800636	rs5756349
chr22	36800927	rs2001063
chr22	36801486	rs4820250
chr22	36802665	rs6519034
chr22	36802832	rs6519035
chr22	36802978	rs5750309
chr22	36803762	rs2022068
chr22	36803903	rs4821531
chr22	36805773	rs2284021
chr22	36805847	rs2284022
chr22	36806787	rs736720
chr22	36810297	rs4820254
chr22	36812616	rs5750310
chr22	36813403	rs4821536
chr22	36814612	rs2269511
chr22	36827630	rs5756357
chr22	36829244	rs5756362
chr22	36829446	rs5756363
chr22	36832234	rs5756365
chr22	36834165	rs762919
chr22	36837280	rs713953
chr22	36838651	rs5995349
chr22	36838743	rs16985559
chr22	36840584	rs5995351
chr22	36843871	rs131833
chr22	36845796	rs75488
chr22	36846433	rs5756370
chr22	36846582	rs140528
chr22	36847177	rs131838
chr22	36847472	rs17748802
chr22	36847542	rs2269513
chr22	36847620	rs2269514
chr22	36848835	rs10211998
chr22	36848978	rs5756371
chr22	36850287	rs11913594
chr22	36851836	rs730483
chr22	36854391	rs9680832
chr22	36854817	rs5995354
chr22	36855335	rs6000449
chr22	36855419	rs5995355
chr22	36855968	rs10854693
chr22	36856576	rs11914104
chr22	36856876	rs4821542
chr22	36857197	rs7287350
chr22	36857530	rs6519037
chr22	36859811	rs4820258
chr22	36860804	rs1883112
chr22	36861813	rs2413426
chr22	36862461	rs4821544
chr22	36862771	rs741997
chr22	36862802	rs741998
chr22	36862944	rs760517
chr22	36863231	rs741999
chr22	36863317	rs746713
chr22	36864432	rs909483
chr22	36864559	rs909484
chr22	36864635	rs909485
chr22	36864771	rs2092031
chr22	36867664	rs760519
chr22	36867804	rs729749
chr22	36869130	rs2284028
chr22	36870280	rs2075938
chr22	36871901	rs2072709
chr22	36872459	rs2072710
chr22	36872513	rs2072711
chr22	36873136	rs3827352
chr22	36873465	rs3788523
chr22	36874460	rs738148
chr22	36875760	rs2072712
chr22	36877700	rs11552115
chr22	36877814	rs28669668
chr22	36878305	rs6000462
chr22	36879513	rs3959633
chr22	36879862	rs5756379
chr22	36880042	rs4821554
chr22	36880243	rs5750326
chr22	36880388	rs6000464
chr22	36880702	rs6000466
chr22	36881574	rs5756381
chr22	36881802	rs2413427
chr22	36886051	rs5756384
chr22	36893827	rs2413429
chr22	36900087	rs5756390
chr22	36900494	rs10483195
chr22	36900889	rs735563
chr22	36902302	rs5756391
chr22	36902640	rs723590
chr22	36904368	rs6000476
chr22	36909465	rs2413432
chr22	36912649	rs16997498
chr22	36912743	rs4821558
chr22	36914004	rs2075726
chr22	36915764	rs4821560
chr22	36915835	rs4821561
chr22	36916131	rs2899276
chr22	36916519	rs2413436
chr22	36918248	rs4821564
chr22	36918373	rs4821565
chr22	36919904	rs16997501
chr22	36919946	rs9607397
chr22	36920217	rs5756407
chr22	36920346	rs4821567
chr22	36920434	rs4821568
chr22	36921806	rs5756408
chr22	36923039	rs2072707
chr22	36925818	rs6000488
chr22	36926778	rs17811365
chr22	36927772	rs7286768
chr22	36927946	rs909486
chr22	36932709	rs2075936
chr22	36933503	rs1534882
chr22	36933634	rs11705394
chr22	36934040	rs2075937
chr22	36934207	rs738149
chr22	36935263	rs2239749
chr22	36937364	rs16997510
chr22	36937894	rs16997517
chr22	36938238	rs2228092
chr22	36938911	rs6000495
chr22	36939731	rs131842
chr22	36941367	rs131843
chr22	36941730	rs13055341
chr22	36942244	rs9622506
chr22	36942976	rs11703148
chr22	36943223	rs13056064
chr22	36946677	rs131849
chr22	36949562	rs5750342
chr22	36950608	rs9622515
chr22	36951918	rs8137446
chr22	36954840	rs9622521
chr22	36959236	rs13057045
chr22	36960603	rs11705583
chr22	36961095	rs4820265
chr22	36961128	rs4821576
chr22	36963920	rs12165584
chr22	36967080	rs8142593
chr22	36967159	rs8141779
chr22	36967361	rs7292295
chr22	36967923	rs8138123
chr22	36969233	rs16997569
chr22	36970577	rs5995369
chr22	36970785	rs5995370
chr22	36971267	rs8136107
chr22	36971495	rs17749540
chr22	36971682	rs2858472
chr22	36971981	rs2858474
chr22	36972837	rs2858477
chr22	36973107	rs877166
chr22	36973336	rs135120
chr22	36973424	rs130437
chr22	36973981	rs11089816
chr22	36974880	rs5750348
chr22	36974947	rs7287097
chr22	36976903	rs9610613
chr22	36978710	rs10470277
chr22	36979076	rs12167091
chr22	36979627	rs5756437
chr22	36981696	rs5756441
chr22	36982410	rs5756444
chr22	36982817	rs4820266
chr22	36985633	rs1157557
chr22	36986209	rs5756453
chr22	36987006	rs6000522
chr22	36987574	rs4821578
chr22	36987768	rs5756454
chr22	36988159	rs5756456
chr22	36990016	rs2032476
chr22	36990879	rs713829
chr22	36991216	rs9610624
chr22	36991420	rs6000523
chr22	36991464	rs9610625
chr22	36995594	rs1573671
chr22	36998350	rs1978041
chr22	36998690	rs2001062
chr22	37001509	rs916213
chr22	37002154	rs743749
chr22	37005491	rs2413447
chr22	37005751	rs738986
chr22	37006739	rs2413448
chr22	37006778	rs130596
chr22	37006869	rs2413449
chr22	37007261	rs5756470
chr22	37008126	rs16997638
chr22	37008208	rs5756471
chr22	37008796	rs6000532
chr22	37009589	rs9610629
chr22	37010293	rs6000533
chr22	37010360	rs5750366
chr22	37011153	rs4764
chr22	37011486	rs5756477
chr22	37012094	rs130598
chr22	37013754	rs470029
chr22	37016926	rs5750370
chr22	37021156	rs5756489
chr22	37028807	rs8141597
chr22	37028950	rs5756492
chr22	37028990	rs5750373
chr22	37032558	rs228129
chr22	37039860	rs2160907
chr22	37042611	rs130624
chr22	37046411	rs130629
chr22	37054720	rs710183
chr22	37057216	rs2235320
chr22	37064409	rs760719
chr22	37066886	rs2235321
chr22	37066896	rs855791
chr22	37068584	rs877908
chr22	37071230	rs5756504
chr22	37073551	rs4820268
chr22	37074184	rs2413450
chr22	37076815	rs855789
chr22	37078039	rs855788
chr22	37082214	rs1005478
chr22	37082735	rs7286184
chr22	37084229	rs2543519
chr22	37084757	rs2111833
chr22	37089684	rs2235324
chr22	37091770	rs1421312
chr22	37095505	rs2743824
chr22	37096161	rs2743825
chr22	37097138	rs2160906
chr22	37098380	rs732756
chr22	37098774	rs228904
chr22	37099011	rs733655
chr22	37099782	rs228906
chr22	37101553	rs228907
chr22	37101986	rs17750152
chr22	37102979	rs4140589
chr22	37103346	rs11704654
chr22	37103659	rs5756516
chr22	37104603	rs228909
chr22	37105030	rs228910
chr22	37108117	rs228913
chr22	37110640	rs228918
chr22	37110822	rs2092169
chr22	37111210	rs228924
chr22	37113047	rs11914132
chr22	37113804	rs228928
chr22	37114032	rs926331
chr22	37117508	rs5756523
chr22	37120330	rs228935
chr22	37122592	rs16997734
chr22	37123824	rs5995385
chr22	37125171	rs3218339
chr22	37128579	rs228942
chr22	37129168	rs84458
chr22	37129691	rs84460
chr22	37130489	rs228947
chr22	37132058	rs3218322
chr22	37132322	rs2072861
chr22	37132536	rs3218318
chr22	37132566	rs2072862
chr22	37134292	rs3218312
chr22	37135396	rs228953
chr22	37136401	rs3218297
chr22	37137028	rs3218295
chr22	37137994	rs2284033
chr22	37139431	rs2281094
chr22	37141474	rs228966
chr22	37143088	rs1003694
chr22	37143673	rs2235330
chr22	37145772	rs228973
chr22	37145981	rs3218350
chr22	37146161	rs228975
chr22	37146722	rs2284034
chr22	37148205	rs3218258
chr22	37148398	rs3218256
chr22	37148446	rs3218255
chr22	37148496	rs3218254
chr22	37148562	rs2284035
chr22	37148891	rs228979
chr22	37149253	rs3218344
chr22	37155270	rs2016771
chr22	37155447	rs743776
chr22	37155567	rs743777
chr22	37157579	rs229483
chr22	37157685	rs929022
chr22	37159545	rs9622555
chr22	37162316	rs2051582
chr22	37164552	rs229492
chr22	37166071	rs5756531
chr22	37166427	rs12171227
chr22	37170171	rs9607420
chr22	37171450	rs12167757
chr22	37171787	rs1034417
chr22	37172630	rs1573673
chr22	37174805	rs5756536
chr22	37175458	rs2543528
chr22	37177596	rs17750549
chr22	37177807	rs4821594
chr22	37178594	rs229513
chr22	37179358	rs11089825
chr22	37179891	rs9607421
chr22	37179937	rs4821595
chr22	37180019	rs11704001
chr22	37181832	rs229518
chr22	37182539	rs229519
chr22	37182612	rs17812699
chr22	37182767	rs229520
chr22	37182920	rs229522
chr22	37184098	rs10854698
chr22	37184587	rs11913300
chr22	37185343	rs7290488
chr22	37185445	rs229527
chr22	37185637	rs229528
chr22	37186126	rs734139
chr22	37186165	rs5756540
chr22	37189960	rs5995396
chr22	37192526	rs229535
chr22	37193765	rs5756546
chr22	37195250	rs229540
chr22	37195278	rs229541
chr22	37195621	rs5756552
chr22	37196464	rs64547
chr22	37197051	rs6000603
chr22	37198785	rs4140871
chr22	37198880	rs229554
chr22	37199876	rs16997918
chr22	37203025	rs229562
chr22	37203402	rs229563
chr22	37203762	rs739040
chr22	37204523	rs4821599
chr22	37206091	rs229566
chr22	37206982	rs2071710
chr22	37207012	rs229569
chr22	37207351	rs86582
chr22	37207911	rs69264
chr22	37211941	rs9610669
chr22	37213008	rs4821601
chr22	37213149	rs4821602
chr22	37213254	rs4821603
chr22	37215180	rs5756560
chr22	37215767	rs5756562
chr22	37217269	rs13053175
chr22	37219642	rs4820273
chr22	37222038	rs4821609
chr22	37222096	rs4821610
chr22	37222597	rs933222
chr22	37222898	rs5756568
chr22	37222960	rs9610671
chr22	37222981	rs9610672
chr22	37223448	rs9610677
chr22	37225229	rs9798725
chr22	37225911	rs9610680
chr22	37228196	rs8137698
chr22	37228959	rs739041
chr22	37229037	rs2284036
chr22	37229237	rs11089831
chr22	37229379	rs739042
chr22	37229604	rs4140870
chr22	37230062	rs2284037
chr22	37231805	rs8135343
chr22	37232105	rs2285110
chr22	37232953	rs9610684
chr22	37233898	rs9607431
chr22	37234278	rs9610685
chr22	37234443	rs9607432
chr22	37234748	rs1476002
chr22	37234822	rs9607433
chr22	37236140	rs12170612
chr22	37236898	rs5995404
chr22	37237310	rs12166336
chr22	37237735	rs5756573
chr22	37237811	rs9610686
chr22	37238812	rs11704316
chr22	37239015	rs2284038
chr22	37239388	rs4821614
chr22	37240311	rs2157206
chr22	37241801	rs2239775
chr22	37242249	rs2239773
chr22	37242920	rs2213430
chr22	37245201	rs2413458
chr22	37245400	rs5995407
chr22	37247524	rs972430
chr22	37248075	rs6000632
chr22	37248581	rs10212068
chr22	37249190	rs739043
chr22	37250252	rs4821616
chr22	37251532	rs6000634
chr22	37252642	rs2413459
chr22	37254804	rs13054809
chr22	37262659	rs9610695
chr22	37263015	rs9607436
chr22	37264214	rs8139798
chr22	37265247	rs5750402
chr22	37266395	rs5756581
chr22	37268169	rs6000645
chr22	37270745	rs4820279
chr22	37272537	rs4821623
chr22	37273280	rs9610698
chr22	37275636	rs739036
chr22	37277066	rs4820280
chr22	37277740	rs7284821
chr22	37278506	rs12170152
chr22	37281363	rs2267364
chr22	37281449	rs6000649
chr22	37281678	rs727047
chr22	37281851	rs727048
chr22	37281908	rs8141057
chr22	37282055	rs11705401
chr22	37282163	rs5756587
chr22	37282337	rs3213555
chr22	37282510	rs3213556
chr22	37282524	rs3213557
chr22	37282773	rs5995410
chr22	37283630	rs1041894
chr22	37283722	rs1041895
chr22	37287335	rs763082
chr22	37287642	rs4239887
chr22	37287898	rs5756592
chr22	37289698	rs5756595
chr22	37289855	rs5756596
chr22	37296897	rs5756601
chr22	37303336	rs2239822
chr22	37303765	rs3830145
chr22	37311921	rs2269591
chr22	37311963	rs2269593
chr22	37313972	rs3203726
chr22	37314136	rs3203728
chr22	37314254	rs5750409
chr22	37314528	rs2284051
chr22	37317641	rs6000665
chr22	37317772	rs12710561
chr22	37318904	rs933241
chr22	37320596	rs1894599
chr22	37321379	rs1981475
chr22	37322866	rs17824310
chr22	37322963	rs5995416
chr22	37324227	rs1008184
chr22	37326260	rs4821628
chr22	37326849	rs6000671
chr22	37330619	rs713939
chr22	37332450	rs9610713
chr22	37338411	rs5750423
chr22	37342580	rs4821633
chr22	37353487	rs1024336
chr22	37354253	rs4820283
chr22	37355627	rs4821637
chr22	37355658	rs4821638
chr22	37355905	rs4821642
chr22	37356612	rs9607448
chr22	37356657	rs9607449
chr22	37356941	rs4821643
chr22	37357216	rs2069221
chr22	37357283	rs2069220
chr22	37357959	rs739189
chr22	37359564	rs6000688
chr22	37362296	rs13055170
chr22	37362324	rs12165796
chr22	37363897	rs4821648
chr22	37365773	rs4821651
chr22	37365954	rs4821652
chr22	37366555	rs5756652
chr22	37367822	rs5756654
chr22	37368213	rs3752518
chr22	37374026	rs8142615
chr22	37374317	rs7292751
chr22	37374590	rs2071856
chr22	37375118	rs2071857
chr22	37375945	rs4821653
chr22	37378349	rs9610722
chr22	37378861	rs968743
chr22	37379188	rs968744
chr22	37381573	rs4821656
chr22	37383673	rs10854702
chr22	37385834	rs6000704
chr22	37386216	rs4821661
chr22	37386898	rs11089838
chr22	37387311	rs17751502
chr22	37391285	rs11089839
chr22	37393502	rs6000709
chr22	37394071	rs4820287
chr22	37396473	rs9610733
chr22	37396550	rs6000711
chr22	37397126	rs12628460
chr22	37397368	rs7285729
chr22	37397475	rs7286042
chr22	37398229	rs5750428
chr22	37398253	rs5995425
chr22	37398582	rs7291397
chr22	37398811	rs12160899
chr22	37399243	rs12157866
chr22	37401657	rs5756666
chr22	37401760	rs5750429
chr22	37402543	rs5995427
chr22	37403960	rs6000718
chr22	37411264	rs6000725
chr22	37412845	rs9622618
chr22	37414668	rs133738
chr22	37414738	rs739167
chr22	37416131	rs133736
chr22	37420899	rs133731
chr22	37422073	rs9610751
chr22	37424039	rs12158179
chr22	37424776	rs133724
chr22	37426178	rs133721
chr22	37429148	rs5995431
chr22	37431160	rs133710
chr22	37431212	rs133709
chr22	37431675	rs1573703
chr22	37434045	rs4821667
chr22	37434778	rs8136663
chr22	37435058	rs133708
chr22	37439541	rs5756677
chr22	37440257	rs13053198
chr22	37447202	rs2097455
chr22	37447223	rs2097454
chr22	37447813	rs2413469
chr22	37451429	rs6519064
chr22	37460237	rs5756683
chr22	37462059	rs5756685
chr22	37467421	rs739166
chr22	37469019	rs3788527
chr22	37469522	rs35852296
chr22	37483434	rs2284052
chr22	37483520	rs2284053
chr22	37486521	rs2071839
chr22	37486693	rs11089844
chr22	37487820	rs3761441
chr22	37490490	rs5750441
chr22	37495703	rs2295155
chr22	37499947	rs2015823
chr22	37500742	rs742152
chr22	37502737	rs140056
chr22	37503427	rs12627982
chr22	37503918	rs3817799
chr22	37504269	rs3817803
chr22	37504600	rs3817804
chr22	37504755	rs3817805
chr22	37506919	rs5750446
chr22	37507571	rs5756708
chr22	37508244	rs2235334
chr22	37513008	rs738299
chr22	37514388	rs8140025
chr22	37515183	rs6000759
chr22	37522109	rs7285355
chr22	37522465	rs6000762
chr22	37523239	rs9607468
chr22	37523260	rs9607469
chr22	37524090	rs6000764
chr22	37526022	rs6000766
chr22	37526407	rs8139526
chr22	37533752	rs1079982
chr22	37535839	rs2092173
chr22	37538524	rs7286335
chr22	37539938	rs9610790
chr22	37547292	rs8137687
chr22	37555444	rs5995460
chr22	37560207	rs9610804
chr22	37562261	rs2235336
chr22	37563207	rs5995463
chr22	37564358	rs2076087
chr22	37564718	rs2076088
chr22	37569873	rs2235338
chr22	37570053	rs2281097
chr22	37570307	rs2235339
chr22	37574182	rs5756736
chr22	37574859	rs4821670
chr22	37580784	rs5750457
chr22	37581275	rs12167035
chr22	37581298	rs9917559
chr22	37581474	rs12167061
chr22	37583257	rs12485019
chr22	37584335	rs12157728
chr22	37584487	rs6000813
chr22	37585722	rs5995472
chr22	37586005	rs12157904
chr22	37588650	rs7290515
chr22	37589720	rs9622650
chr22	37596697	rs4547623
chr22	37599445	rs2413472
chr22	37600773	rs2413475
chr22	37605497	rs12158264
chr22	37607063	rs3761442
chr22	37607617	rs9622658
chr22	37608195	rs5995481
chr22	37609870	rs7290615
chr22	37611805	rs6000845
chr22	37613234	rs761336
chr22	37614028	rs2294972
chr22	37616459	rs9619691
chr22	37616866	rs2273066
chr22	37617165	rs3817997
chr22	37626615	rs6000847
chr22	37629368	rs2071766
chr22	37629549	rs16985609
chr22	37629814	rs2071767
chr22	37632449	rs12170248
chr22	37632935	rs11913963
chr22	37634418	rs11912844
chr22	37636702	rs9306321
chr22	37638961	rs13053913
chr22	37639069	rs11912647
chr22	37642053	rs2227110
chr22	37643701	rs1894529
chr22	37644835	rs713977
chr22	37647572	rs12165814
chr22	37652027	rs2051593
chr22	37655012	rs749326
chr22	37658255	rs9622677
chr22	37658318	rs7287340
chr22	37664843	rs732857
chr22	37668643	rs713835
chr22	37669648	rs12628135
chr22	37675036	rs4820294
chr22	37675504	rs929039
chr22	37678135	rs12167604
chr22	37678427	rs9622682
chr22	37681711	rs2899292
chr22	37683232	rs5756763
chr22	37685740	rs5750472
chr22	37687094	rs4820295
chr22	37689468	rs762990
chr22	37689516	rs743837
chr22	37690567	rs9610834
chr22	37693675	rs5756767
chr22	37696998	rs9607488
chr22	37697162	rs12158556
chr22	37700690	rs12627973
chr22	37704033	rs4264658
chr22	37706339	rs5750477
chr22	37709974	rs4820297
chr22	37711955	rs5756784
chr22	37719549	rs739140
chr22	37721936	rs5750482
chr22	37725145	rs9610841
chr22	37733325	rs7284476
chr22	37734465	rs8140958
chr22	37738129	rs4821702
chr22	37738159	rs4820303
chr22	37744345	rs4239889
chr22	37745379	rs5756802
chr22	37748228	rs762982
chr22	37748611	rs5756805
chr22	37750578	rs4821704
chr22	37752875	rs11089854
chr22	37755509	rs8139381
chr22	37756922	rs4821705
chr22	37761798	rs875300
chr22	37762734	rs3788530
chr22	37768099	rs4821708
chr22	37774039	rs1047326
chr22	37779470	rs5756813
chr22	37784480	rs11705616
chr22	37796445	rs4821714
chr22	37797913	rs2413485
chr22	37803943	rs5756825
chr22	37804117	rs11703407
chr22	37806392	rs6000898
chr22	37806545	rs1894644
chr22	37808252	rs2071910
chr22	37809053	rs763137
chr22	37809887	rs2285177
chr22	37809982	rs2285178
chr22	37812504	rs929104
chr22	37815947	rs2285179
chr22	37816755	rs13911
chr22	37817376	rs2017022
chr22	37820751	rs4821717
chr22	37822630	rs7290156
chr22	37822694	rs7290169
chr22	37845425	rs6000905
chr22	37846806	rs2899293
chr22	37848209	rs4821721
chr22	37855679	rs2157472
chr22	37859192	rs11913731
chr22	37859318	rs4821722
chr22	37862803	rs5756843
chr22	37872915	rs139838
chr22	37876922	rs139842
chr22	37877742	rs9466
chr22	37886890	rs17752670
chr22	37887598	rs139852
chr22	37890137	rs9610864
chr22	37894045	rs139853
chr22	37895067	rs84445
chr22	37896967	rs139857
chr22	37901474	rs34517070
chr22	37906001	rs7287334
chr22	37907148	rs5750508
chr22	37911902	rs6519091
chr22	37912284	rs1003689
chr22	37916413	rs2899295
chr22	37918171	rs5995518
chr22	37921130	rs12628891
chr22	37926343	rs2072859
chr22	37927500	rs9610875
chr22	37933278	rs3026629
chr22	37933517	rs5756853
chr22	37945127	rs139859
chr22	37947136	rs139860
chr22	37957939	rs9610885
chr22	37958485	rs2733972
chr22	37958677	rs139866
chr22	37963660	rs139873
chr22	37968198	rs3026641
chr22	37968545	rs139879
chr22	37973020	rs139883
chr22	37973969	rs139884
chr22	37975032	rs139885
chr22	37975321	rs139886
chr22	37990780	rs139889
chr22	37991907	rs139891
chr22	37992196	rs139892
chr22	37994121	rs84770
chr22	38000213	rs3026659
chr22	38001027	rs139895
chr22	38001790	rs139896
chr22	38002260	rs3026660
chr22	38003091	rs139897
chr22	38003972	rs139898
chr22	38013589	rs139905
chr22	38019714	rs5995529
chr22	38030036	rs713991
chr22	38031956	rs8142174
chr22	38035537	rs3026675
chr22	38035910	rs6519095
chr22	38051437	rs742395
chr22	38053387	rs4821733
chr22	38054613	rs2018980
chr22	38055073	rs8142185
chr22	38056133	rs3026681
chr22	38060591	rs3952
chr22	38062674	rs738443
chr22	38066673	rs3026685
chr22	38067134	rs3026688
chr22	38067645	rs2076369
chr22	38067961	rs2076370
chr22	38072625	rs7289911
chr22	38077699	rs2012859
chr22	38078689	rs2076371
chr22	38078845	rs1004764
chr22	38080572	rs5756908
chr22	38081923	rs2235573
chr22	38084652	rs2267366
chr22	38091022	rs132930
chr22	38091519	rs132931
chr22	38094049	rs4373009
chr22	38100247	rs9798787
chr22	38103925	rs6001003
chr22	38104375	rs4821737
chr22	38104473	rs4821738
chr22	38104820	rs5995536
chr22	38106920	rs4296527
chr22	38108666	rs6001007
chr22	38109739	rs11089862
chr22	38110681	rs9622726
chr22	38111193	rs11570773
chr22	38113432	rs2076114
chr22	38121398	rs2076116
chr22	38122531	rs4820314
chr22	38122615	rs11570734
chr22	38122724	rs4820315
chr22	38123328	rs2072867
chr22	38127058	rs3827354
chr22	38132881	rs11570680
chr22	38136281	rs8135937
chr22	38138038	rs3788535
chr22	38138500	rs5750542
chr22	38142815	rs2076112
chr22	38142905	rs2076113
chr22	38143034	rs4375
chr22	38143413	rs11570645
chr22	38147446	rs2284060
chr22	38148291	rs2284063
chr22	38149356	rs6001026
chr22	38149612	rs6001027
chr22	38150026	rs5756931
chr22	38150693	rs5750547
chr22	38152582	rs132946
chr22	38160253	rs6001031
chr22	38164738	rs4376
chr22	38165555	rs132966
chr22	38167464	rs132985
chr22	38169202	rs2267368
chr22	38169340	rs2267369
chr22	38169831	rs11570601
chr22	38170324	rs132991
chr22	38172999	rs738322
chr22	38178059	rs133024
chr22	38180308	rs133029
chr22	38181112	rs2267371
chr22	38188697	rs8140036
chr22	38192095	rs11912714
chr22	38192503	rs4821757
chr22	38195183	rs4821758
chr22	38197121	rs2413506
chr22	38198661	rs2899297
chr22	38199233	rs5756968
chr22	38199404	rs3761445
chr22	38201371	rs4608623
chr22	38203971	rs4820325
chr22	38204535	rs2267373
chr22	38205224	rs2267375
chr22	38206133	rs11914181
chr22	38210773	rs4444637
chr22	38218088	rs6001054
chr22	38218122	rs4821767
chr22	38218926	rs11089873
chr22	38221326	rs2235265
chr22	38224050	rs5750562
chr22	38227708	rs11914064
chr22	38229027	rs5756980
chr22	38232300	rs7289126
chr22	38232733	rs2267376
chr22	38235762	rs2267380
chr22	38239673	rs4820328
chr22	38242065	rs6001064
chr22	38244835	rs5756986
chr22	38246337	rs2018805
chr22	38248645	rs6001069
chr22	38250454	rs9610922
chr22	38250894	rs16998847
chr22	38251633	rs5995558
chr22	38253777	rs9610923
chr22	38257569	rs9610926
chr22	38257683	rs9610927
chr22	38257869	rs41456252
chr22	38259591	rs6001074
chr22	38260679	rs135710
chr22	38264405	rs135714
chr22	38264560	rs7290882
chr22	38264865	rs135715
chr22	38265854	rs2006730
chr22	38266278	rs135718
chr22	38266390	rs12485196
chr22	38267813	rs135720
chr22	38267850	rs135721
chr22	38268065	rs135722
chr22	38276479	rs2413511
chr22	38279732	rs9622771
chr22	38282381	rs17753394
chr22	38282558	rs135736
chr22	38282740	rs9622773
chr22	38283775	rs5750576
chr22	38284355	rs135737
chr22	38289513	rs135749
chr22	38294692	rs2075983
chr22	38294883	rs2075984
chr22	38296374	rs3890379
chr22	38299094	rs1534891
chr22	38300173	rs6001090
chr22	38305388	rs6001093
chr22	38307101	rs7284708
chr22	38307648	rs135757
chr22	38312399	rs135763
chr22	38312601	rs867198
chr22	38319217	rs1997644
chr22	38323184	rs5757037
chr22	38323957	rs7289981
chr22	38329136	rs5750592
chr22	38336819	rs13054361
chr22	38345788	rs5750597
chr22	38350364	rs7288109
chr22	38351917	rs9619738
chr22	38352499	rs3747169
chr22	38355015	rs9622792
chr22	38357306	rs5995572
chr22	38357429	rs9619741
chr22	38370677	rs6001106
chr22	38373310	rs195312
chr22	38391934	rs196105
chr22	38393931	rs138366
chr22	38394523	rs138368
chr22	38401912	rs7289871
chr22	38402182	rs138382
chr22	38403296	rs34500977
chr22	38411139	rs138392
chr22	38413480	rs11089885
chr22	38415277	rs885867
chr22	38416995	rs138396
chr22	38417170	rs111105
chr22	38419538	rs138399
chr22	38420054	rs138400
chr22	38423344	rs2413533
chr22	38423452	rs4343562
chr22	38423608	rs743942
chr22	38425499	rs196054
chr22	38426295	rs196057
chr22	38426516	rs2269608
chr22	38426517	rs196058
chr22	38426693	rs1063134
chr22	38426900	rs105153
chr22	38427131	rs196059
chr22	38427890	rs105154
chr22	38428628	rs196060
chr22	38430794	rs11704277
chr22	38435199	rs2267384
chr22	38436107	rs2267386
chr22	38436507	rs196074
chr22	38437261	rs2267387
chr22	38443480	rs9607537
chr22	38444216	rs2267389
chr22	38444332	rs17753650
chr22	38445331	rs196082
chr22	38449782	rs196091
chr22	38451644	rs46629
chr22	38452198	rs4821788
chr22	38453414	rs9607541
chr22	38453673	rs196094
chr22	38457671	rs196067
chr22	38462321	rs138407
chr22	38464003	rs138412
chr22	38464066	rs138413
chr22	38468455	rs2269609
chr22	38469858	rs5995580
chr22	38479544	rs401933
chr22	38481456	rs12004
chr22	38481913	rs138435
chr22	38482753	rs138436
chr22	38483490	rs16998989
chr22	38483683	rs1043402
chr22	38483935	rs763121
chr22	38484682	rs138437
chr22	38485449	rs86796
chr22	38488770	rs5750609
chr22	38489622	rs138441
chr22	38493652	rs2267390
chr22	38502046	rs138457
chr22	38502810	rs12627803
chr22	38503980	rs9619748
chr22	38509441	rs138462
chr22	38511844	rs138465
chr22	38513226	rs138466
chr22	38516766	rs1946990
chr22	38522889	rs5750616
chr22	38529714	rs1980455
chr22	38535532	rs12172202
chr22	38536570	rs16999046
chr22	38540599	rs9917599
chr22	38546921	rs4821792
chr22	38562255	rs11570392
chr22	38568078	rs11570379
chr22	38579506	rs1569492
chr22	38586026	rs16999109
chr22	38586316	rs5750627
chr22	38589813	rs5750630
chr22	38592339	rs1569493
chr22	38595388	rs6519120
chr22	38607490	rs5757169
chr22	38619297	rs6001173
chr22	38620177	rs4821797
chr22	38623848	rs5757184
chr22	38625517	rs5757187
chr22	38636265	rs760645
chr22	38636343	rs11089893
chr22	38638781	rs16999173
chr22	38638862	rs5757193
chr22	38644728	rs5995603
chr22	38646216	rs7289855
chr22	38650322	rs2205802
chr22	38650695	rs5757204
chr22	38656562	rs9622836
chr22	38657883	rs5757213
chr22	38668204	rs2072795
chr22	38668225	rs2072796
chr22	38668801	rs3827356
chr22	38669577	rs4821807
chr22	38670815	rs3761454
chr22	38670846	rs3761455
chr22	38673040	rs3747173
chr22	38673505	rs1065201
chr22	38674545	rs5757226
chr22	38674917	rs6519132
chr22	38675653	rs5757231
chr22	38676467	rs5750662
chr22	38678447	rs6001191
chr22	38679140	rs4821811
chr22	38680582	rs16999224
chr22	38683959	rs5750668
chr22	38684073	rs1056610
chr22	38686169	rs10135
chr22	38695146	rs4820345
chr22	38698614	rs5750671
chr22	38705074	rs28362527
chr22	38708163	rs5750672
chr22	38709702	rs4821815
chr22	38709943	rs2284073
chr22	38712628	rs16999281
chr22	38719668	rs9611012
chr22	38724233	rs138695
chr22	38724489	rs138696
chr22	38725247	rs6001209
chr22	38726033	rs16999297
chr22	38728462	rs2235230
chr22	38728907	rs2235229
chr22	38729524	rs16999301
chr22	38733703	rs138699
chr22	38734959	rs1043441
chr22	38735722	rs1043312
chr22	38736743	rs138703
chr22	38737798	rs138705
chr22	38738202	rs2072797
chr22	38745595	rs138712
chr22	38752478	rs2072798
chr22	38754538	rs2072794
chr22	38756407	rs7284966
chr22	38759868	rs9611018
chr22	38761310	rs10084634
chr22	38761750	rs4303811
chr22	38764112	rs5750678
chr22	38767851	rs5757277
chr22	38768776	rs8135021
chr22	38770034	rs4821818
chr22	38776057	rs5757280
chr22	38776106	rs4821822
chr22	38779262	rs14040
chr22	38782370	rs738144
chr22	38782696	rs760482
chr22	38788634	rs6001225
chr22	38794460	rs3761456
chr22	38796221	rs926215
chr22	38796990	rs4821826
chr22	38797061	rs738141
chr22	38800932	rs738142
chr22	38801934	rs713863
chr22	38803931	rs5757290
chr22	38813834	rs4443097
chr22	38814824	rs4821837
chr22	38817484	rs760484
chr22	38818769	rs7288826
chr22	38820296	rs741977
chr22	38820662	rs2235135
chr22	38821996	rs8140217
chr22	38823927	rs2252528
chr22	38824903	rs4140576
chr22	38826647	rs5757299
chr22	38827567	rs2235137
chr22	38832040	rs713726
chr22	38833588	rs737776
chr22	38834879	rs9611034
chr22	38836758	rs6001251
chr22	38839827	rs5757308
chr22	38845289	rs12628179
chr22	38849578	rs6001258
chr22	38849613	rs13053505
chr22	38857476	rs6001270
chr22	38859586	rs5757312
chr22	38861392	rs8141420
chr22	38863141	rs6001275
chr22	38864027	rs735306
chr22	38870446	rs7292074
chr22	38877672	rs7292356
chr22	38879258	rs909465
chr22	38879995	rs11913682
chr22	38881698	rs16999835
chr22	38881776	rs16999836
chr22	38885631	rs4361209
chr22	38886338	rs132499
chr22	38886640	rs132500
chr22	38891114	rs2142836
chr22	38891154	rs132506
chr22	38891350	rs469987
chr22	38891905	rs132508
chr22	38895252	rs5750695
chr22	38895621	rs132513
chr22	38895853	rs132514
chr22	38904043	rs4603874
chr22	38904931	rs2413552
chr22	38910075	rs5757362
chr22	38910625	rs4820357
chr22	38910779	rs5757366
chr22	38920727	rs729809
chr22	38924823	rs5757373
chr22	38932713	rs5757378
chr22	38935341	rs17000526
chr22	38936224	rs7288049
chr22	38936618	rs1014971
chr22	38937335	rs5757387
chr22	38941495	rs17000544
chr22	38942136	rs5757391
chr22	38942332	rs17298311
chr22	38942726	rs7293205
chr22	38943775	rs17000548
chr22	38944632	rs4821843
chr22	38947078	rs7289653
chr22	38947183	rs7289804
chr22	38947287	rs5757395
chr22	38947468	rs11914037
chr22	38950674	rs9619782
chr22	38951773	rs5757399
chr22	38953612	rs5995640
chr22	38954217	rs17370615
chr22	38955461	rs17298479
chr22	38957167	rs12157810
chr22	38959104	rs4365560
chr22	38969771	rs17000581
chr22	38985821	rs2076109
chr22	38996291	rs2142833
chr22	38996475	rs6001363
chr22	38997327	rs6001364
chr22	38997429	rs9622902
chr22	38999607	rs9611069
chr22	38999702	rs9611070
chr22	39003433	rs9607601
chr22	39011394	rs6001376
chr22	39016924	rs1883277
chr22	39017663	rs1969643
chr22	39022608	rs2142834
chr22	39032914	rs5757432
chr22	39033204	rs8139110
chr22	39038902	rs5750726
chr22	39042654	rs2413565
chr22	39045198	rs4821862
chr22	39049375	rs2014881
chr22	39049549	rs2076101
chr22	39052706	rs6001402
chr22	39052745	rs5757451
chr22	39053498	rs5750734
chr22	39053650	rs5750735
chr22	39070101	rs5757458
chr22	39076538	rs5757462
chr22	39077842	rs12160242
chr22	39081118	rs5757465
chr22	39081386	rs3736685
chr22	39081561	rs8177832
chr22	39081967	rs10427620
chr22	39084240	rs3091374
chr22	39084692	rs2011869
chr22	39085182	rs2413570
chr22	39091660	rs139272
chr22	39092555	rs139275
chr22	39095128	rs17000751
chr22	39100194	rs139291
chr22	39101447	rs139298
chr22	39103599	rs139314
chr22	39103758	rs139316
chr22	39103897	rs139317
chr22	39110971	rs6001442
chr22	39114990	rs738469
chr22	39117525	rs139358
chr22	39118350	rs1997769
chr22	39123191	rs139371
chr22	39124810	rs4821867
chr22	39126935	rs79501
chr22	39130755	rs139382
chr22	39131785	rs710190
chr22	39131809	rs710191
chr22	39131904	rs139383
chr22	39132435	rs79503
chr22	39133024	rs713841
chr22	39133128	rs4820369
chr22	39133424	rs11089928
chr22	39134127	rs139385
chr22	39136549	rs714016
chr22	39136848	rs139390
chr22	39141927	rs139393
chr22	39142209	rs139394
chr22	39146287	rs877529
chr22	39146889	rs2281258
chr22	39148289	rs2235686
chr22	39151196	rs139404
chr22	39153421	rs12158877
chr22	39156592	rs139410
chr22	39156998	rs139412
chr22	39157767	rs139413
chr22	39158744	rs139416
chr22	39161157	rs139418
chr22	39161409	rs139420
chr22	39164661	rs139426
chr22	39169891	rs1003991
chr22	39170980	rs11089929
chr22	39172990	rs12171114
chr22	39173145	rs12171203
chr22	39173470	rs6001470
chr22	39175429	rs926544
chr22	39176562	rs6001473
chr22	39176953	rs17000830
chr22	39179687	rs5750761
chr22	39179843	rs12166894
chr22	39185272	rs738470
chr22	39186663	rs5995693
chr22	39187757	rs7511618
chr22	39188432	rs2413573
chr22	39189419	rs5750764
chr22	39190243	rs17394203
chr22	39193347	rs5995694
chr22	39196176	rs5750769
chr22	39196276	rs5757528
chr22	39198735	rs6001491
chr22	39203296	rs2064309
chr22	39203740	rs5757546
chr22	39204646	rs4821872
chr22	39206513	rs742502
chr22	39207379	rs13058433
chr22	39207924	rs5757556
chr22	39212188	rs12484710
chr22	39214434	rs130658
chr22	39214642	rs130657
chr22	39216079	rs135175
chr22	39226935	rs4990919
chr22	39228047	rs9611116
chr22	39228100	rs9611117
chr22	39228233	rs5757570
chr22	39229063	rs9622978
chr22	39230414	rs2239768
chr22	39233091	rs4821877
chr22	39233324	rs11704525
chr22	39233604	rs9622979
chr22	39234282	rs2247128
chr22	39235542	rs879180
chr22	39237617	rs5757573
chr22	39237744	rs2267406
chr22	39238429	rs5750781
chr22	39259042	rs6001521
chr22	39263649	rs2413582
chr22	39263722	rs8137082
chr22	39263768	rs2413583
chr22	39264185	rs742403
chr22	39265027	rs5757582
chr22	39265082	rs17000920
chr22	39265592	rs17304019
chr22	39266698	rs11089938
chr22	39267061	rs4820372
chr22	39271128	rs2103588
chr22	39274846	rs968451
chr22	39279765	rs1007117
chr22	39280489	rs1003643
chr22	39280739	rs1003644
chr22	39281736	rs137580
chr22	39281833	rs137581
chr22	39283195	rs17000956
chr22	39285431	rs126228
chr22	39289827	rs79290
chr22	39291479	rs54211
chr22	39294146	rs16985788
chr22	39297403	rs137602
chr22	39298220	rs137603
chr22	39302005	rs137612
chr22	39304753	rs17000979
chr22	39309099	rs137618
chr22	39312012	rs17000981
chr22	39312352	rs5757611
chr22	39313004	rs2014842
chr22	39313600	rs2076124
chr22	39313771	rs137620
chr22	39314659	rs7285530
chr22	39315346	rs2076125
chr22	39316309	rs126230
chr22	39316931	rs12484030
chr22	39318211	rs738331
chr22	39318699	rs1569498
chr22	39318903	rs137625
chr22	39324343	rs5995711
chr22	39325740	rs12627970
chr22	39326472	rs137636
chr22	39326881	rs11704319
chr22	39328132	rs12627761
chr22	39336166	rs137653
chr22	39342420	rs137682
chr22	39342720	rs137684
chr22	39343623	rs137685
chr22	39349236	rs9607634
chr22	39350419	rs12166817
chr22	39351775	rs2069235
chr22	39352366	rs11705183
chr22	39359684	rs2413589
chr22	39360980	rs4821887
chr22	39362536	rs5757637
chr22	39364878	rs739363
chr22	39365250	rs2012907
chr22	39368549	rs16985820
chr22	39368819	rs5757642
chr22	39369220	rs16985827
chr22	39369941	rs17001014
chr22	39371006	rs5750806
chr22	39373813	rs1569499
chr22	39374592	rs4821888
chr22	39382162	rs1010169
chr22	39382322	rs1010170
chr22	39382414	rs5757650
chr22	39383295	rs756640
chr22	39384956	rs1043395
chr22	39385580	rs1007337
chr22	39387022	rs9611169
chr22	39396938	rs5750810
chr22	39397061	rs5750811
chr22	39397074	rs5750812
chr22	39398429	rs35515473
chr22	39401774	rs4821893
chr22	39402424	rs5757657
chr22	39414374	rs5750816
chr22	39416404	rs5757659
chr22	39416981	rs6001585
chr22	39424880	rs5750818
chr22	39427010	rs4821895
chr22	39428445	rs739141
chr22	39429317	rs5750820
chr22	39430783	rs5750822
chr22	39431548	rs7949
chr22	39433731	rs5757670
chr22	39434118	rs5750824
chr22	39435273	rs5750825
chr22	39439582	rs4821897
chr22	39444823	rs5750830
chr22	39445695	rs5757676
chr22	39447404	rs5757678
chr22	39448788	rs5757680
chr22	39449893	rs1005522
chr22	39452254	rs5757682
chr22	39454169	rs5757683
chr22	39455965	rs1557541
chr22	39459878	rs738289
chr22	39463164	rs909674
chr22	39469470	rs6001601
chr22	39470933	rs2284076
chr22	39473204	rs4820378
chr22	39476695	rs5757690
chr22	39476702	rs1003538
chr22	39477932	rs12484278
chr22	39478309	rs2899319
chr22	39478785	rs760712
chr22	39479961	rs4821901
chr22	39485135	rs17001167
chr22	39487339	rs4821902
chr22	39491681	rs3827380
chr22	39492856	rs12157593
chr22	39496854	rs6001609
chr22	39501158	rs7287617
chr22	39501787	rs2294360
chr22	39506470	rs4821903
chr22	39510605	rs4821905
chr22	39511656	rs738288
chr22	39517277	rs1048310
chr22	39517415	rs710192
chr22	39517552	rs10854722
chr22	39523519	rs6519194
chr22	39527683	rs5750844
chr22	39530924	rs1028321
chr22	39533941	rs1109793
chr22	39538831	rs6001618
chr22	39541264	rs5750848
chr22	39545149	rs5757715
chr22	39545627	rs9623015
chr22	39550275	rs713689
chr22	39551063	rs2092168
chr22	39551569	rs5757721
chr22	39554167	rs2413598
chr22	39556093	rs2413599
chr22	39561735	rs9607658
chr22	39570542	rs7288455
chr22	39577521	rs132567
chr22	39581206	rs3788557
chr22	39582034	rs132572
chr22	39586716	rs132575
chr22	39588868	rs132579
chr22	39588941	rs132580
chr22	39589278	rs4522708
chr22	39592170	rs132582
chr22	39592272	rs713971
chr22	39593211	rs2413602
chr22	39594770	rs5750854
chr22	39600259	rs1076614
chr22	39601625	rs713865
chr22	39602501	rs11914039
chr22	39604216	rs5750857
chr22	39604308	rs5995756
chr22	39607304	rs6001639
chr22	39610019	rs3788566
chr22	39610030	rs3788567
chr22	39614378	rs9611204
chr22	39614801	rs8140185
chr22	39615692	rs738168
chr22	39617211	rs3788569
chr22	39622207	rs136805
chr22	39623768	rs12170452
chr22	39624871	rs136809
chr22	39625609	rs136812
chr22	39627631	rs11704409
chr22	39628405	rs3788571
chr22	39630136	rs5750861
chr22	39630304	rs5750862
chr22	39638588	rs2092179
chr22	39640593	rs136819
chr22	39647807	rs5757759
chr22	39648397	rs5757760
chr22	39650072	rs136828
chr22	39650533	rs136832
chr22	39653405	rs136845
chr22	39653719	rs136846
chr22	39658423	rs136848
chr22	39658943	rs5757761
chr22	39659245	rs136849
chr22	39659891	rs136851
chr22	39665678	rs136855
chr22	39668576	rs5757762
chr22	39669317	rs136858
chr22	39671635	rs5750870
chr22	39672046	rs4820386
chr22	39672674	rs2235341
chr22	39673444	rs5750871
chr22	39674229	rs714031
chr22	39674441	rs4820387
chr22	39675225	rs9619826
chr22	39675742	rs9607666
chr22	39677780	rs909680
chr22	39687725	rs3747179
chr22	39693303	rs4821913
chr22	39695542	rs4821914
chr22	39696859	rs5757777
chr22	39702839	rs4820389
chr22	39706609	rs12484428
chr22	39706913	rs11704241
chr22	39707929	rs6001655
chr22	39709776	rs5995773
chr22	39710977	rs8140044
chr22	39715618	rs10427810
chr22	39721392	rs10427663
chr22	39722455	rs9611212
chr22	39728941	rs7291427
chr22	39731288	rs5757783
chr22	39743434	rs737793
chr22	39745894	rs11704363
chr22	39749836	rs4597643
chr22	39750181	rs12170853
chr22	39761246	rs6001673
chr22	39769687	rs5757793
chr22	39770605	rs6001678
chr22	39773921	rs6001679
chr22	39774629	rs5750879
chr22	39776193	rs9941962
chr22	39788915	rs8137883
chr22	39792795	rs2205968
chr22	39792921	rs9941972
chr22	39799012	rs2205969
chr22	39800749	rs11703400
chr22	39800946	rs11703943
chr22	39801630	rs3091377
chr22	39810806	rs6001686
chr22	39812449	rs5757798
chr22	39813170	rs9941927
chr22	39816354	rs8137779
chr22	39830786	rs7287193
chr22	39839831	rs10483200
chr22	39844494	rs6001694
chr22	39844798	rs10427892
chr22	39860481	rs9623081
chr22	39866477	rs6001697
chr22	39867993	rs9623083
chr22	39868547	rs5995786
chr22	39872813	rs8135811
chr22	39882389	rs137947
chr22	39883526	rs137948
chr22	39887423	rs17319801
chr22	39890266	rs17001508
chr22	39890751	rs2958649
chr22	39892381	rs137953
chr22	39892826	rs137954
chr22	39894830	rs8139544
chr22	39895135	rs2958647
chr22	39895803	rs137955
chr22	39896687	rs2958646
chr22	39897459	rs137956
chr22	39900374	rs137959
chr22	39903154	rs713925
chr22	39905476	rs137960
chr22	39911383	rs137966
chr22	39912424	rs2267415
chr22	39915875	rs137972
chr22	39921122	rs739091
chr22	39921623	rs137975
chr22	39922194	rs5757806
chr22	39924357	rs137977
chr22	39924754	rs137978
chr22	39927061	rs12166465
chr22	39929157	rs137980
chr22	39930170	rs713883
chr22	39931202	rs137981
chr22	39932987	rs137983
chr22	39937125	rs137985
chr22	39938923	rs107140
chr22	39940817	rs137988
chr22	39942280	rs137990
chr22	39944771	rs137991
chr22	39948039	rs137992
chr22	39952516	rs2267420
chr22	39953483	rs137994
chr22	39953569	rs9607675
chr22	39955434	rs3021213
chr22	39958977	rs138000
chr22	39961663	rs9611234
chr22	39962144	rs7285609
chr22	39966942	rs138006
chr22	39967774	rs2284078
chr22	39968411	rs2267423
chr22	39972225	rs138011
chr22	39979699	rs138016
chr22	39980379	rs114607
chr22	39992304	rs7285507
chr22	39993003	rs2958658
chr22	39996600	rs3021222
chr22	39999080	rs3021274
chr22	40004908	rs2958659
chr22	40007167	rs11912922
chr22	40009894	rs17406386
chr22	40009927	rs2958650
chr22	40011570	rs17406434
chr22	40019136	rs2071771
chr22	40019613	rs7291782
chr22	40019705	rs9611246
chr22	40020081	rs7285869
chr22	40021491	rs11914082
chr22	40028855	rs8142014
chr22	40032429	rs6001722
chr22	40035805	rs11914044
chr22	40038753	rs6001728
chr22	40056115	rs9623117
chr22	40064947	rs5995800
chr22	40072396	rs17001611
chr22	40076395	rs6519216
chr22	40079322	rs6001749
chr22	40083444	rs7292838
chr22	40083807	rs9607685
chr22	40099469	rs6001762
chr22	40100652	rs11705409
chr22	40104309	rs12157468
chr22	40104848	rs9611266
chr22	40110000	rs9611267
chr22	40116738	rs5995814
chr22	40133411	rs6001794
chr22	40137126	rs8140112
chr22	40147604	rs11089974
chr22	40155846	rs2899334
chr22	40156115	rs9611280
chr22	40166223	rs11089975
chr22	40175495	rs6001826
chr22	40182339	rs17421384
chr22	40188958	rs9611286
chr22	40198698	rs7288451
chr22	40203627	rs8137636
chr22	40204483	rs6001834
chr22	40208941	rs4820408
chr22	40209159	rs6001841
chr22	40214394	rs8138982
chr22	40216970	rs138021
chr22	40217032	rs138022
chr22	40219272	rs739182
chr22	40220108	rs138027
chr22	40223775	rs138036
chr22	40224561	rs138038
chr22	40225284	rs138039
chr22	40233801	rs1018807
chr22	40235029	rs5757882
chr22	40235433	rs5757884
chr22	40236043	rs4821935
chr22	40236768	rs5750910
chr22	40239272	rs12485003
chr22	40240795	rs6001848
chr22	40244281	rs5750913
chr22	40245976	rs3752513
chr22	40250068	rs13056733
chr22	40252194	rs17001761
chr22	40254280	rs9611302
chr22	40256797	rs763071
chr22	40256869	rs12484776
chr22	40260884	rs739181
chr22	40263569	rs4821940
chr22	40263777	rs5757899
chr22	40269063	rs9611305
chr22	40273644	rs733381
chr22	40277995	rs2413621
chr22	40284696	rs5757903
chr22	40285784	rs6001862
chr22	40287836	rs713898
chr22	40291753	rs5757906
chr22	40301373	rs5995843
chr22	40301577	rs139909
chr22	40312675	rs2072858
chr22	40316633	rs6001877
chr22	40319299	rs139914
chr22	40322096	rs4821942
chr22	40324959	rs139915
chr22	40325058	rs139916
chr22	40326741	rs4821943
chr22	40330758	rs139921
chr22	40333610	rs470113
chr22	40335130	rs11703324
chr22	40337773	rs9611310
chr22	40338786	rs9611312
chr22	40340468	rs12484697
chr22	40345516	rs751367
chr22	40346985	rs3788579
chr22	40348049	rs17001846
chr22	40349177	rs2280790
chr22	40361224	rs8135371
chr22	40362577	rs2075764
chr22	40382227	rs17001868
chr22	40382774	rs11913132
chr22	40385158	rs9611324
chr22	40385582	rs742140
chr22	40386486	rs9611325
chr22	40393602	rs9611327
chr22	40395968	rs9611328
chr22	40396034	rs9611329
chr22	40404067	rs760700
chr22	40404514	rs760701
chr22	40407182	rs2018393
chr22	40415879	rs9611345
chr22	40418496	rs878756
chr22	40419868	rs17425081
chr22	40420745	rs2072856
chr22	40421661	rs5757948
chr22	40424147	rs5757949
chr22	40424512	rs9611346
chr22	40428005	rs6001910
chr22	40429189	rs6001911
chr22	40429810	rs1106673
chr22	40431315	rs2294352
chr22	40432357	rs6001912
chr22	40436371	rs9306345
chr22	40439190	rs17001909
chr22	40440749	rs6001913
chr22	40444610	rs6001915
chr22	40453058	rs5995856
chr22	40453700	rs4507196
chr22	40463000	rs8135759
chr22	40465480	rs6001923
chr22	40466116	rs9607721
chr22	40474695	rs12159787
chr22	40474790	rs10483204
chr22	40477572	rs12157495
chr22	40480230	rs6001930
chr22	40481510	rs6001931
chr22	40481631	rs6001932
chr22	40484209	rs17001977
chr22	40485398	rs3827381
chr22	40485399	rs3827382
chr22	40487165	rs6001933
chr22	40487595	rs10483205
chr22	40489182	rs139063
chr22	40490740	rs5750948
chr22	40492132	rs5995867
chr22	40497360	rs6001940
chr22	40504073	rs17001993
chr22	40505341	rs10483206
chr22	40507417	rs6001946
chr22	40509068	rs17001997
chr22	40511217	rs12160026
chr22	40518945	rs9611367
chr22	40520192	rs7289671
chr22	40525676	rs6001954
chr22	40526328	rs5995871
chr22	40527268	rs6001955
chr22	40534208	rs2413624
chr22	40543906	rs5757998
chr22	40550303	rs5758001
chr22	40554777	rs5758004
chr22	40563256	rs5758008
chr22	40563916	rs5750960
chr22	40567398	rs16985899
chr22	40575699	rs9607730
chr22	40576543	rs1022533
chr22	40579264	rs17002024
chr22	40581936	rs133030
chr22	40583160	rs6001974
chr22	40584175	rs12160827
chr22	40586577	rs17002026
chr22	40588567	rs17002027
chr22	40591726	rs5758018
chr22	40593370	rs17002030
chr22	40600363	rs17002034
chr22	40601107	rs17002036
chr22	40602445	rs2187832
chr22	40604960	rs17002038
chr22	40606248	rs133033
chr22	40608380	rs6001980
chr22	40616434	rs133036
chr22	40621421	rs6001981
chr22	40622161	rs133040
chr22	40628060	rs718193
chr22	40631815	rs133047
chr22	40636859	rs4140512
chr22	40637797	rs5995886
chr22	40637957	rs133050
chr22	40640505	rs133051
chr22	40646087	rs12159200
chr22	40651552	rs7292804
chr22	40651760	rs7284768
chr22	40654604	rs133054
chr22	40654867	rs133055
chr22	40659230	rs6002003
chr22	40665712	rs5995892
chr22	40670883	rs12172281
chr22	40675655	rs133063
chr22	40675727	rs133064
chr22	40678164	rs133067
chr22	40678769	rs133070
chr22	40679105	rs6002015
chr22	40679691	rs133073
chr22	40682469	rs133074
chr22	40682529	rs9611386
chr22	40685485	rs9611387
chr22	40685557	rs133076
chr22	40686474	rs9611388
chr22	40689965	rs80533
chr22	40692868	rs8136721
chr22	40694005	rs133081
chr22	40696087	rs7288796
chr22	40696265	rs7289470
chr22	40699954	rs133084
chr22	40700160	rs133085
chr22	40703823	rs6002033
chr22	40706070	rs5995902
chr22	40707609	rs6002037
chr22	40708220	rs6002043
chr22	40711684	rs12168697
chr22	40711714	rs6002045
chr22	40712131	rs998482
chr22	40713271	rs6002046
chr22	40721437	rs12160628
chr22	40725180	rs17344464
chr22	40727791	rs6002083
chr22	40728464	rs6002085
chr22	40728482	rs41454646
chr22	40728988	rs8136514
chr22	40736398	rs17344701
chr22	40738937	rs17344784
chr22	40747015	rs1884276
chr22	40748665	rs7285756
chr22	40748871	rs6519231
chr22	40748913	rs5995941
chr22	40749600	rs6002107
chr22	40753861	rs2038339
chr22	40757875	rs5758064
chr22	40767104	rs5758069
chr22	40770131	rs11806
chr22	40771868	rs5758072
chr22	40774059	rs2076674
chr22	40779259	rs5758077
chr22	40785582	rs138294
chr22	40788098	rs138298
chr22	40797570	rs138305
chr22	40800064	rs713910
chr22	40804196	rs138311
chr22	40806132	rs138312
chr22	40812013	rs7287625
chr22	40812358	rs138318
chr22	40812399	rs138319
chr22	40813152	rs138320
chr22	40815225	rs138326
chr22	40819668	rs13054099
chr22	40820024	rs5758093
chr22	40820033	rs5750995
chr22	40821306	rs6002169
chr22	40827855	rs6002171
chr22	40833145	rs5750998
chr22	40836590	rs739272
chr22	40844831	rs1573745
chr22	40845941	rs138342
chr22	40850948	rs2266787
chr22	40851239	rs5758106
chr22	40852076	rs5758107
chr22	40852534	rs138348
chr22	40853518	rs138349
chr22	40854435	rs5758108
chr22	40855008	rs7290793
chr22	40862140	rs6002182
chr22	40866848	rs138351
chr22	40872921	rs138352
chr22	40874726	rs9611429
chr22	40876139	rs138354
chr22	40882322	rs8135516
chr22	40895726	rs1005402
chr22	40896817	rs13056402
chr22	40904366	rs13055690
chr22	40916346	rs6002199
chr22	40919079	rs9611435
chr22	40929064	rs2899341
chr22	40929786	rs9611437
chr22	40946434	rs6002206
chr22	40951342	rs34654213
chr22	40951809	rs6002207
chr22	40955789	rs6002208
chr22	40980730	rs5758150
chr22	41000349	rs7287939
chr22	41001791	rs5758167
chr22	41003430	rs5758168
chr22	41010915	rs5758179
chr22	41011161	rs5751022
chr22	41018430	rs5751028
chr22	41019640	rs4821981
chr22	41022150	rs926914
chr22	41028049	rs6002232
chr22	41035486	rs12628527
chr22	41042706	rs4821990
chr22	41047071	rs4821992
chr22	41055181	rs8138132
chr22	41063482	rs13053242
chr22	41065832	rs4821995
chr22	41065861	rs5758209
chr22	41066726	rs5995990
chr22	41068537	rs4821997
chr22	41070225	rs5758211
chr22	41078783	rs8139533
chr22	41080333	rs7290458
chr22	41091214	rs5995992
chr22	41093916	rs5758223
chr22	41097470	rs738628
chr22	41102623	rs7286979
chr22	41103818	rs17433014
chr22	41106918	rs6002260
chr22	41111396	rs9611497
chr22	41117090	rs2144342
chr22	41119740	rs5758237
chr22	41123304	rs5758238
chr22	41123358	rs4822006
chr22	41125553	rs8137709
chr22	41135232	rs9611502
chr22	41141230	rs6002267
chr22	41141585	rs4820428
chr22	41144275	rs9611505
chr22	41145020	rs1569858
chr22	41148955	rs2273227
chr22	41152004	rs20551
chr22	41153293	rs7510675
chr22	41153917	rs4820431
chr22	41154950	rs4822011
chr22	41162228	rs1033611
chr22	41166173	rs5751056
chr22	41168704	rs2294976
chr22	41169281	rs5751058
chr22	41170591	rs6002271
chr22	41172476	rs2076577
chr22	41173605	rs2076578
chr22	41174741	rs5758251
chr22	41178379	rs1046088
chr22	41181960	rs12628695
chr22	41188347	rs2143694
chr22	41208553	rs139432
chr22	41210026	rs139439
chr22	41213686	rs3818003
chr22	41213855	rs139450
chr22	41214020	rs139451
chr22	41214238	rs139453
chr22	41215059	rs139460
chr22	41215456	rs139461
chr22	41218109	rs139465
chr22	41219372	rs2273085
chr22	41220280	rs5758264
chr22	41225710	rs2179744
chr22	41230659	rs139480
chr22	41231069	rs3721
chr22	41231539	rs139484
chr22	41237117	rs8141817
chr22	41241657	rs8136594
chr22	41245980	rs1953
chr22	41246208	rs3171692
chr22	41246407	rs9611526
chr22	41252498	rs9611528
chr22	41255030	rs104974
chr22	41255463	rs139507
chr22	41256729	rs139509
chr22	41259054	rs139513
chr22	41260129	rs139515
chr22	41260505	rs5751072
chr22	41265150	rs2235852
chr22	41271723	rs139526
chr22	41276267	rs139528
chr22	41278517	rs60171
chr22	41280172	rs139531
chr22	41281210	rs139533
chr22	41281313	rs9611542
chr22	41286010	rs8139784
chr22	41288422	rs1984584
chr22	41293505	rs5996014
chr22	41301334	rs2024566
chr22	41324693	rs5758297
chr22	41326860	rs3927
chr22	41330049	rs4822021
chr22	41332616	rs2143695
chr22	41333212	rs8137373
chr22	41340086	rs9607793
chr22	41340263	rs5751080
chr22	41343366	rs1883828
chr22	41346279	rs12170305
chr22	41346308	rs7290005
chr22	41349351	rs2281331
chr22	41351713	rs3817999
chr22	41359853	rs9538
chr22	41365286	rs4820437
chr22	41366519	rs5758314
chr22	41371131	rs4820438
chr22	41371482	rs9611565
chr22	41372621	rs9611566
chr22	41372858	rs5751086
chr22	41373079	rs11090046
chr22	41381096	rs738499
chr22	41381909	rs2234059
chr22	41393812	rs5758325
chr22	41394175	rs17365991
chr22	41395532	rs2073167
chr22	41396278	rs8136493
chr22	41397086	rs9611577
chr22	41401754	rs132902
chr22	41401820	rs132903
chr22	41403102	rs132905
chr22	41409778	rs132915
chr22	41417882	rs202664
chr22	41419605	rs2899345
chr22	41426789	rs202617
chr22	41429338	rs202622
chr22	41433145	rs7285041
chr22	41435263	rs5758350
chr22	41441399	rs5758351
chr22	41444403	rs106860
chr22	41445030	rs202654
chr22	41448782	rs202657
chr22	41453509	rs202628
chr22	41454496	rs79008
chr22	41462653	rs5758365
chr22	41464860	rs79009
chr22	41466284	rs5758368
chr22	41467419	rs202631
chr22	41468212	rs505533
chr22	41470934	rs79011
chr22	41471373	rs727563
chr22	41475459	rs9611598
chr22	41484766	rs5751114
chr22	41487790	rs2267435
chr22	41488950	rs738140
chr22	41492108	rs9607809
chr22	41499405	rs2076196
chr22	41507809	rs137831
chr22	41512401	rs9611602
chr22	41515521	rs1799932
chr22	41517409	rs9619974
chr22	41517473	rs203320
chr22	41517840	rs17367716
chr22	41518589	rs203319
chr22	41523326	rs12484694
chr22	41527640	rs17367849
chr22	41527647	rs203316
chr22	41531696	rs1810460
chr22	41535070	rs9611606
chr22	41537091	rs5758384
chr22	41539908	rs4822035
chr22	41542532	rs12483786
chr22	41543735	rs12484228
chr22	41549109	rs4822037
chr22	41553255	rs9611610
chr22	41565827	rs9611613
chr22	41585927	rs6002412
chr22	41585953	rs5996039
chr22	41587934	rs9607821
chr22	41597492	rs4822049
chr22	41599331	rs8139993
chr22	41612027	rs7291704
chr22	41612064	rs132765
chr22	41613516	rs132767
chr22	41616411	rs17002515
chr22	41616453	rs17002517
chr22	41619367	rs17002523
chr22	41619761	rs5751129
chr22	41620304	rs28384699
chr22	41621260	rs132770
chr22	41623247	rs5758397
chr22	41642253	rs7291732
chr22	41658157	rs11912946
chr22	41663764	rs132788
chr22	41667677	rs132793
chr22	41669684	rs6002432
chr22	41674272	rs8779
chr22	41674789	rs132806
chr22	41676908	rs1807497
chr22	41680326	rs6002436
chr22	41680377	rs5758405
chr22	41681733	rs5758408
chr22	41682662	rs6519270
chr22	41686243	rs6002438
chr22	41687762	rs6002439
chr22	41693619	rs739134
chr22	41693655	rs2839716
chr22	41694065	rs739135
chr22	41696221	rs2187795
chr22	41699460	rs743832
chr22	41700057	rs9619984
chr22	41701234	rs2413652
chr22	41703684	rs5758427
chr22	41704271	rs739136
chr22	41713913	rs5758431
chr22	41722245	rs739129
chr22	41731777	rs5996056
chr22	41731995	rs2064189
chr22	41732093	rs5751144
chr22	41743050	rs5751147
chr22	41743074	rs5751148
chr22	41746302	rs964898
chr22	41748368	rs17449595
chr22	41752463	rs715498
chr22	41754142	rs1534932
chr22	41756984	rs17377643
chr22	41758128	rs5758458
chr22	41758426	rs8141939
chr22	41767255	rs9619990
chr22	41770412	rs8139203
chr22	41773265	rs6519287
chr22	41775296	rs5758464
chr22	41776076	rs5996064
chr22	41778887	rs6002477
chr22	41781812	rs6002481
chr22	41782437	rs126092
chr22	41783107	rs8141783
chr22	41784580	rs6002482
chr22	41791195	rs139553
chr22	41794305	rs738247
chr22	41795536	rs6002488
chr22	41795632	rs139559
chr22	41797909	rs4820443
chr22	41799406	rs139561
chr22	41800463	rs738248
chr22	41801266	rs12166503
chr22	41806602	rs4820444
chr22	41814981	rs139568
chr22	41818528	rs139572
chr22	41819680	rs4820446
chr22	41822852	rs7364180
chr22	41829014	rs7285782
chr22	41832152	rs34344173
chr22	41836287	rs1569451
chr22	41838933	rs7287010
chr22	41839348	rs9607850
chr22	41840333	rs5996074
chr22	41841765	rs2267439
chr22	41842023	rs7287886
chr22	41843218	rs16985978
chr22	41845368	rs2255957
chr22	41847016	rs1883205
chr22	41849759	rs4501042
chr22	41859521	rs133280
chr22	41862268	rs9607852
chr22	41863094	rs714015
chr22	41868265	rs2269657
chr22	41871601	rs133290
chr22	41873528	rs11702960
chr22	41878283	rs4822062
chr22	41882241	rs12165579
chr22	41884614	rs2269658
chr22	41885145	rs9623466
chr22	41885290	rs9623468
chr22	41885425	rs1052717
chr22	41885583	rs9623469
chr22	41886008	rs17002737
chr22	41888256	rs2839715
chr22	41890251	rs5996078
chr22	41891450	rs2267443
chr22	41893462	rs5996080
chr22	41900699	rs9620000
chr22	41901964	rs6002527
chr22	41903531	rs17379759
chr22	41905744	rs2229442
chr22	41925247	rs7290134
chr22	41925587	rs5996087
chr22	41927909	rs5996088
chr22	41928618	rs12158335
chr22	41934225	rs9620001
chr22	41937798	rs9611693
chr22	41938656	rs8135804
chr22	41940168	rs5758511
chr22	41942148	rs6002551
chr22	41943512	rs3752591
chr22	41943521	rs10483213
chr22	41944565	rs1023498
chr22	41944578	rs1023499
chr22	41944840	rs1023500
chr22	41945304	rs7293091
chr22	41947087	rs6002555
chr22	41948262	rs5996091
chr22	41948293	rs8140869
chr22	41948404	rs5996092
chr22	41951056	rs5996094
chr22	41960882	rs6002560
chr22	41962036	rs5751188
chr22	41966556	rs4822075
chr22	41969069	rs10154700
chr22	41971833	rs916440
chr22	41974987	rs5751191
chr22	41976377	rs13053833
chr22	41981874	rs2269665
chr22	41983809	rs5751194
chr22	41988121	rs133295
chr22	41989963	rs6519301
chr22	41992837	rs133299
chr22	41993944	rs739296
chr22	41994205	rs7290907
chr22	41995172	rs133302
chr22	41996807	rs1062753
chr22	42000367	rs8138080
chr22	42001465	rs133308
chr22	42002191	rs11090066
chr22	42002602	rs133309
chr22	42003682	rs129857
chr22	42013452	rs133330
chr22	42016361	rs133333
chr22	42020052	rs133335
chr22	42020691	rs133337
chr22	42022181	rs133341
chr22	42037797	rs5751204
chr22	42039864	rs4822084
chr22	42052757	rs5758563
chr22	42058350	rs5758566
chr22	42058946	rs1063392
chr22	42065183	rs9620018
chr22	42067362	rs133367
chr22	42067685	rs133368
chr22	42067810	rs133369
chr22	42069784	rs133373
chr22	42070901	rs133376
chr22	42072906	rs133380
chr22	42074313	rs13057094
chr22	42075770	rs133382
chr22	42077599	rs133383
chr22	42085845	rs7245
chr22	42089667	rs2284087
chr22	42090719	rs1801311
chr22	42091896	rs4147638
chr22	42097094	rs5996109
chr22	42100502	rs6002607
chr22	42100825	rs6002609
chr22	42108675	rs6002616
chr22	42111744	rs2413669
chr22	42112933	rs5751216
chr22	42114998	rs6002621
chr22	42117757	rs6002623
chr22	42118186	rs11090076
chr22	42120362	rs5751221
chr22	42122378	rs5758589
chr22	42122422	rs764481
chr22	42145327	rs4467371
chr22	42146869	rs2142694
chr22	42149230	rs5751229
chr22	42151418	rs5758610
chr22	42156247	rs742086
chr22	42167302	rs4453786
chr22	42169194	rs9623534
chr22	42173993	rs2011944
chr22	42176357	rs5758626
chr22	42182590	rs9607885
chr22	42184927	rs5758637
chr22	42185242	rs2142695
chr22	42190067	rs12484402
chr22	42196233	rs5751239
chr22	42200247	rs8142673
chr22	42201372	rs9623538
chr22	42203440	rs2223273
chr22	42209542	rs5758649
chr22	42210251	rs2070116
chr22	42213142	rs5758651
chr22	42216291	rs5996130
chr22	42216402	rs5758652
chr22	42218356	rs932376
chr22	42225997	rs5758659
chr22	42226363	rs9623543
chr22	42227712	rs5758660
chr22	42228439	rs5758661
chr22	42237048	rs5751247
chr22	42245452	rs5996135
chr22	42252402	rs5751255
chr22	42253292	rs12165846
chr22	42256710	rs134871
chr22	42259371	rs5758686
chr22	42261560	rs134873
chr22	42265138	rs134874
chr22	42268966	rs5758689
chr22	42269111	rs12168969
chr22	42271467	rs1107553
chr22	42274105	rs1001587
chr22	42274287	rs1001586
chr22	42274959	rs134882
chr22	42276118	rs762995
chr22	42277850	rs134886
chr22	42278233	rs134887
chr22	42278275	rs134888
chr22	42281907	rs134894
chr22	42284794	rs86669
chr22	42285854	rs134897
chr22	42286551	rs134898
chr22	42286780	rs4822100
chr22	42287514	rs134901
chr22	42287991	rs134902
chr22	42288812	rs5758698
chr22	42289531	rs134904
chr22	42292526	rs17002947
chr22	42292633	rs9611766
chr22	42292718	rs17002948
chr22	42295232	rs1548304
chr22	42298214	rs6002674
chr22	42299142	rs11704558
chr22	42300294	rs8141607
chr22	42301210	rs6002676
chr22	42302097	rs4822101
chr22	42302568	rs4822103
chr22	42302794	rs4822104
chr22	42303990	rs8140842
chr22	42308828	rs4822107
chr22	42313328	rs5758706
chr22	42314046	rs6002686
chr22	42321102	rs1107526
chr22	42326512	rs2227113
chr22	42327026	rs5751263
chr22	42331127	rs4822111
chr22	42332162	rs739150
chr22	42334674	rs6002692
chr22	42335534	rs4822112
chr22	42342760	rs9620039
chr22	42344537	rs1041879
chr22	42346445	rs6002695
chr22	42350871	rs6002701
chr22	42351841	rs5751267
chr22	42354612	rs2157294
chr22	42356921	rs1011224
chr22	42357914	rs17479531
chr22	42358868	rs11090087
chr22	42360491	rs5996145
chr22	42362239	rs5996146
chr22	42363335	rs1023469
chr22	42366018	rs4422240
chr22	42375220	rs4822120
chr22	42377726	rs9611784
chr22	42380270	rs9623573
chr22	42380582	rs2294361
chr22	42380603	rs2294362
chr22	42380962	rs7286723
chr22	42381408	rs12484310
chr22	42381615	rs11090090
chr22	42381656	rs11090091
chr22	42381688	rs11090092
chr22	42381710	rs11090093
chr22	42381929	rs11090094
chr22	42381960	rs11090095
chr22	42383012	rs1057157
chr22	42383873	rs731026
chr22	42384979	rs12484229
chr22	42385065	rs12484478
chr22	42388195	rs5996149
chr22	42392310	rs10084647
chr22	42397557	rs12160838
chr22	42397867	rs5996153
chr22	42400896	rs5996156
chr22	42405446	rs2142831
chr22	42407803	rs2179232
chr22	42409889	rs2413689
chr22	42410725	rs7287634
chr22	42415095	rs17003058
chr22	42415156	rs8137110
chr22	42415913	rs733278
chr22	42417747	rs8139063
chr22	42419352	rs7288411
chr22	42421646	rs9623589
chr22	42425994	rs17003075
chr22	42426277	rs8139123
chr22	42427910	rs4822129
chr22	42429033	rs9620047
chr22	42431753	rs6002737
chr22	42439721	rs1016109
chr22	42452348	rs5758727
chr22	42459093	rs5751276
chr22	42459271	rs5758731
chr22	42462707	rs5751277
chr22	42465673	rs9620051
chr22	42466475	rs5996168
chr22	42470608	rs2839705
chr22	42471326	rs4822134
chr22	42471892	rs5758742
chr22	42473447	rs5751281
chr22	42475109	rs6002745
chr22	42476080	rs5996171
chr22	42477526	rs13057831
chr22	42477936	rs5758746
chr22	42479473	rs5751282
chr22	42480598	rs4822135
chr22	42481537	rs11703700
chr22	42481995	rs5758751
chr22	42482343	rs12159371
chr22	42484955	rs4822136
chr22	42488991	rs5758756
chr22	42496590	rs4429562
chr22	42500468	rs2413692
chr22	42510298	rs4820470
chr22	42511613	rs12485160
chr22	42521148	rs7287384
chr22	42536311	rs4822160
chr22	42561282	rs8135177
chr22	42561784	rs3788593
chr22	42569146	rs916323
chr22	42569661	rs137043
chr22	42575981	rs137064
chr22	42577195	rs137073
chr22	42584672	rs2285137
chr22	42585132	rs137085
chr22	42585161	rs137086
chr22	42585343	rs137087
chr22	42585502	rs2239811
chr22	42585672	rs1043606
chr22	42585884	rs137088
chr22	42587776	rs2071842
chr22	42588147	rs9611824
chr22	42588577	rs137094
chr22	42589304	rs4822171
chr22	42592111	rs137098
chr22	42600143	rs4822173
chr22	42605122	rs137107
chr22	42615240	rs137114
chr22	42615668	rs137116
chr22	42617548	rs137121
chr22	42617830	rs137122
chr22	42623246	rs137126
chr22	42623626	rs137127
chr22	42624316	rs137129
chr22	42625548	rs137132
chr22	42627529	rs137137
chr22	42627933	rs2071846
chr22	42627974	rs137138
chr22	42628404	rs137139
chr22	42629464	rs2267452
chr22	42630610	rs2285138
chr22	42630786	rs5758820
chr22	42631818	rs6002829
chr22	42632475	rs3091344
chr22	42633132	rs8190424
chr22	42635651	rs8190423
chr22	42636736	rs5996200
chr22	42636864	rs2285141
chr22	42644867	rs2284088
chr22	42645385	rs916321
chr22	42645539	rs6002850
chr22	42648759	rs8190371
chr22	42653008	rs5758837
chr22	42654521	rs13057781
chr22	42654533	rs5996206
chr22	42657807	rs1009433
chr22	42665476	rs130328
chr22	42665488	rs2413709
chr22	42665588	rs130329
chr22	42665731	rs4420
chr22	42667240	rs7286140
chr22	42670525	rs130334
chr22	42677025	rs17003208
chr22	42680335	rs5758863
chr22	42683208	rs135097
chr22	42683748	rs17003212
chr22	42684022	rs130370
chr22	42686259	rs130385
chr22	42686820	rs130388
chr22	42687039	rs130389
chr22	42688098	rs732336
chr22	42688607	rs736013
chr22	42692255	rs1053026
chr22	42692429	rs135106
chr22	42692457	rs3747193
chr22	42693843	rs11541159
chr22	42694243	rs3788594
chr22	42694728	rs28915378
chr22	42695348	rs130395
chr22	42696845	rs130396
chr22	42696906	rs3761464
chr22	42697137	rs130397
chr22	42697590	rs135108
chr22	42698871	rs11090115
chr22	42698919	rs4822185
chr22	42699594	rs5758871
chr22	42700036	rs910303
chr22	42701508	rs5758873
chr22	42701545	rs5751341
chr22	42701994	rs28915369
chr22	42702260	rs5996226
chr22	42705030	rs28992186
chr22	42707678	rs7285550
chr22	42712134	rs28992184
chr22	42714913	rs5758894
chr22	42716469	rs738526
chr22	42716668	rs8136914
chr22	42717429	rs9620088
chr22	42718126	rs28992176
chr22	42720301	rs28908469
chr22	42721457	rs5758898
chr22	42725420	rs12166331
chr22	42726714	rs9607931
chr22	42730542	rs7285546
chr22	42734392	rs9611862
chr22	42739725	rs9611869
chr22	42742397	rs6002934
chr22	42745403	rs6002935
chr22	42745453	rs2143921
chr22	42746942	rs8137312
chr22	42747893	rs4365558
chr22	42752253	rs5758913
chr22	42755757	rs4820478
chr22	42757140	rs7287569
chr22	42757697	rs17486173
chr22	42761037	rs7286343
chr22	42761318	rs9611880
chr22	42763084	rs5758921
chr22	42764139	rs5996233
chr22	42766946	rs2413716
chr22	42768363	rs8140077
chr22	42776261	rs738532
chr22	42776302	rs738533
chr22	42777916	rs9611895
chr22	42778407	rs4634034
chr22	42783160	rs9623697
chr22	42785797	rs5758941
chr22	42787756	rs1997885
chr22	42791230	rs8140100
chr22	42797148	rs8136141
chr22	42797317	rs5751372
chr22	42797635	rs4393836
chr22	42797841	rs9611908
chr22	42797923	rs9611909
chr22	42798267	rs1807591
chr22	42799290	rs5758948
chr22	42801028	rs5758951
chr22	42807131	rs738535
chr22	42807204	rs11913107
chr22	42810944	rs1018448
chr22	42815385	rs17003354
chr22	42816775	rs2024645
chr22	42820727	rs9607955
chr22	42821074	rs17003362
chr22	42822391	rs9607957
chr22	42827196	rs5758961
chr22	42829168	rs5758962
chr22	42830593	rs5758965
chr22	42833131	rs9607959
chr22	42836812	rs9607961
chr22	42836967	rs5758972
chr22	42841270	rs8136252
chr22	42841711	rs17410352
chr22	42844800	rs4822203
chr22	42849339	rs5751386
chr22	42850140	rs6002963
chr22	42851409	rs3788599
chr22	42853087	rs5758988
chr22	42853194	rs7364130
chr22	42853765	rs9611938
chr22	42856329	rs5758991
chr22	42864421	rs738536
chr22	42865217	rs4822208
chr22	42865866	rs9611944
chr22	42867426	rs5759002
chr22	42869821	rs7074
chr22	42870241	rs753086
chr22	42871825	rs4822211
chr22	42872003	rs13433641
chr22	42872496	rs9607973
chr22	42879244	rs2073199
chr22	42882142	rs5759010
chr22	42882214	rs2899365
chr22	42884053	rs8139013
chr22	42884644	rs2273143
chr22	42887076	rs2267462
chr22	42889303	rs5751399
chr22	42890870	rs5759012
chr22	42891284	rs12166809
chr22	42893230	rs2076157
chr22	42893467	rs5759013
chr22	42893732	rs2076158
chr22	42895270	rs8140775
chr22	42896866	rs11913561
chr22	42902020	rs9611958
chr22	42903704	rs1076118
chr22	42903872	rs2267465
chr22	42909855	rs4820494
chr22	42910535	rs2267470
chr22	42912469	rs11090122
chr22	42914141	rs2267472
chr22	42914646	rs4822225
chr22	42920661	rs7364152
chr22	42922694	rs2092210
chr22	42923152	rs738384
chr22	42925810	rs2267475
chr22	42926208	rs9607982
chr22	42928177	rs5759042
chr22	42930104	rs4822231
chr22	42930801	rs4822232
chr22	42931520	rs3788601
chr22	42932413	rs738386
chr22	42933813	rs738387
chr22	42937150	rs8140884
chr22	42937421	rs6002985
chr22	42939484	rs5759049
chr22	42940722	rs8138930
chr22	42943870	rs3819674
chr22	42953626	rs1071960
chr22	42958328	rs5996250
chr22	42959250	rs4140554
chr22	42960305	rs2068943
chr22	42960436	rs2068944
chr22	42960493	rs7291153
chr22	42960693	rs1569507
chr22	42961066	rs2179260
chr22	42963442	rs1569510
chr22	42970290	rs5759066
chr22	42976366	rs7511534
chr22	42977564	rs1040427
chr22	42979695	rs5759070
chr22	42990816	rs2179258
chr22	42991705	rs972579
chr22	42993564	rs738377
chr22	42994313	rs2018340
chr22	42996850	rs7286299
chr22	43000103	rs713717
chr22	43000439	rs5759081
chr22	43001960	rs2038062
chr22	43002956	rs738378
chr22	43004758	rs738379
chr22	43005073	rs5759082
chr22	43007018	rs4822246
chr22	43008101	rs738381
chr22	43013983	rs5759093
chr22	43018324	rs3091364
chr22	43019575	rs13057591
chr22	43019705	rs5759099
chr22	43034071	rs6003007
chr22	43036199	rs5759107
chr22	43039662	rs2072883
chr22	43040163	rs2072884
chr22	43043290	rs7349054
chr22	43046593	rs5759111
chr22	43049566	rs5759116
chr22	43050882	rs5759120
chr22	43054344	rs1980457
chr22	43058449	rs5759124
chr22	43059426	rs5759125
chr22	43059586	rs17415203
chr22	43061856	rs10427606
chr22	43062012	rs5996262
chr22	43062846	rs5751424
chr22	43063020	rs5759129
chr22	43063807	rs9680750
chr22	43063840	rs1052160
chr22	43063858	rs2272870
chr22	43068349	rs6003029
chr22	43069523	rs2076154
chr22	43069808	rs2076155
chr22	43070211	rs2076156
chr22	43074520	rs5996268
chr22	43075942	rs926350
chr22	43077428	rs5759142
chr22	43077656	rs5759143
chr22	43079914	rs6003040
chr22	43080426	rs760771
chr22	43087236	rs8141749
chr22	43091254	rs5759157
chr22	43094628	rs8142159
chr22	43095263	rs9612003
chr22	43096633	rs135001
chr22	43096956	rs135002
chr22	43098066	rs5759165
chr22	43098725	rs135007
chr22	43101892	rs135014
chr22	43102108	rs5996274
chr22	43102155	rs135015
chr22	43103997	rs6003065
chr22	43104206	rs5759167
chr22	43109065	rs4988360
chr22	43109689	rs4988366
chr22	43110629	rs4988372
chr22	43113662	rs9620115
chr22	43114213	rs738276
chr22	43118880	rs4988386
chr22	43119697	rs8136891
chr22	43120016	rs6519362
chr22	43120127	rs4988394
chr22	43120739	rs4988399
chr22	43122269	rs742134
chr22	43122816	rs742136
chr22	43124099	rs11090143
chr22	43129646	rs4988443
chr22	43131675	rs11574528
chr22	43132212	rs2272826
chr22	43132234	rs2245946
chr22	43133023	rs7402
chr22	43133511	rs2066910
chr22	43134976	rs2413748
chr22	43137509	rs2072855
chr22	43138788	rs6003071
chr22	43143645	rs5759182
chr22	43148817	rs739092
chr22	43152149	rs138908
chr22	43154049	rs138910
chr22	43154143	rs5759197
chr22	43155046	rs762960
chr22	43155585	rs9333321
chr22	43157411	rs138911
chr22	43157824	rs2016151
chr22	43160310	rs138915
chr22	43162920	rs6971
chr22	43162966	rs6972
chr22	43163131	rs6973
chr22	43163706	rs9333347
chr22	43164676	rs9306373
chr22	43164956	rs1076922
chr22	43165331	rs2012930
chr22	43165669	rs80411
chr22	43165797	rs138922
chr22	43166300	rs138926
chr22	43166823	rs47340
chr22	43169697	rs2071727
chr22	43169849	rs138933
chr22	43171930	rs138936
chr22	43174062	rs762953
chr22	43176174	rs6003097
chr22	43177940	rs6519365
chr22	43179610	rs4822261
chr22	43181042	rs2071724
chr22	43181618	rs138949
chr22	43183043	rs13058467
chr22	43183077	rs138951
chr22	43183316	rs875307
chr22	43188223	rs138957
chr22	43188275	rs138958
chr22	43189842	rs138963
chr22	43191950	rs138965
chr22	43197583	rs12158070
chr22	43197955	rs17515719
chr22	43198132	rs138974
chr22	43198827	rs1543792
chr22	43200009	rs138977
chr22	43200119	rs138978
chr22	43201809	rs138981
chr22	43202375	rs12484656
chr22	43203911	rs138983
chr22	43206754	rs138985
chr22	43207504	rs17003557
chr22	43208828	rs8142858
chr22	43209517	rs7287269
chr22	43209648	rs11704836
chr22	43213754	rs2071725
chr22	43213904	rs138991
chr22	43214201	rs138993
chr22	43214802	rs138994
chr22	43218093	rs12053796
chr22	43218595	rs5759219
chr22	43218999	rs138997
chr22	43219235	rs138999
chr22	43221033	rs139004
chr22	43222613	rs12170456
chr22	43223194	rs6003114
chr22	43223625	rs139006
chr22	43224613	rs916256
chr22	43227966	rs139012
chr22	43228016	rs9612028
chr22	43228299	rs139013
chr22	43228759	rs139014
chr22	43230029	rs139015
chr22	43231943	rs735704
chr22	43235346	rs916257
chr22	43236094	rs139021
chr22	43236858	rs2001076
chr22	43237455	rs7285856
chr22	43237971	rs8137393
chr22	43239201	rs762957
chr22	43239312	rs6003120
chr22	43239543	rs6003121
chr22	43241279	rs6003122
chr22	43242246	rs11704275
chr22	43243132	rs998409
chr22	43243913	rs11913873
chr22	43243983	rs739094
chr22	43244722	rs5759225
chr22	43245327	rs916260
chr22	43246147	rs17516897
chr22	43249127	rs11705577
chr22	43251410	rs737612
chr22	43251948	rs53724
chr22	43252658	rs12170498
chr22	43253695	rs139027
chr22	43254723	rs139028
chr22	43255415	rs139029
chr22	43258460	rs733181
chr22	43258471	rs9623792
chr22	43258945	rs733182
chr22	43259421	rs5751457
chr22	43259520	rs5751458
chr22	43260316	rs2413752
chr22	43260696	rs7286387
chr22	43264601	rs5759237
chr22	43265074	rs5751462
chr22	43266782	rs6003130
chr22	43268338	rs12484304
chr22	43268659	rs139035
chr22	43269519	rs17003585
chr22	43271452	rs17003586
chr22	43271687	rs139038
chr22	43272163	rs139039
chr22	43272594	rs12628378
chr22	43273006	rs139041
chr22	43274088	rs139042
chr22	43274380	rs139043
chr22	43274526	rs139045
chr22	43274867	rs139046
chr22	43275377	rs5996304
chr22	43276623	rs12484747
chr22	43277465	rs7291800
chr22	43277794	rs5759250
chr22	43278243	rs5759251
chr22	43284233	rs5759256
chr22	43284981	rs737752
chr22	43287011	rs6003138
chr22	43287996	rs763265
chr22	43288053	rs5751471
chr22	43289308	rs4820516
chr22	43289651	rs7290575
chr22	43290610	rs5759261
chr22	43291672	rs4822276
chr22	43292660	rs12484029
chr22	43293536	rs5751474
chr22	43293978	rs5996306
chr22	43295976	rs2097570
chr22	43297275	rs5759264
chr22	43297727	rs2007836
chr22	43300023	rs11913616
chr22	43302123	rs2253884
chr22	43303286	rs2269667
chr22	43303509	rs12170036
chr22	43303620	rs5996308
chr22	43303768	rs2269668
chr22	43304000	rs6003146
chr22	43304007	rs2269670
chr22	43305912	rs6003148
chr22	43307985	rs5751478
chr22	43309672	rs11704418
chr22	43309923	rs6003150
chr22	43311854	rs17003645
chr22	43311990	rs4820518
chr22	43315176	rs2008971
chr22	43316530	rs713788
chr22	43316779	rs715632
chr22	43318249	rs12628419
chr22	43318710	rs5996309
chr22	43319842	rs2859441
chr22	43319856	rs2744874
chr22	43320318	rs3213584
chr22	43320965	rs17003655
chr22	43321475	rs7291928
chr22	43322548	rs9612040
chr22	43323433	rs2859442
chr22	43325513	rs6003156
chr22	43326619	rs5759284
chr22	43328627	rs3091358
chr22	43330503	rs9612041
chr22	43331148	rs5759288
chr22	43335551	rs9608016
chr22	43335668	rs6003160
chr22	43336418	rs2859443
chr22	43338260	rs13053545
chr22	43340386	rs5759291
chr22	43341494	rs1894718
chr22	43344412	rs2744881
chr22	43349191	rs715001
chr22	43351946	rs4820523
chr22	43354698	rs9612051
chr22	43359821	rs5759305
chr22	43361685	rs695288
chr22	43364181	rs695648
chr22	43366204	rs4822283
chr22	43366351	rs695810
chr22	43371073	rs695396
chr22	43373865	rs695537
chr22	43380055	rs5751487
chr22	43380074	rs8136152
chr22	43380846	rs6003184
chr22	43383514	rs5996328
chr22	43383861	rs1555242
chr22	43385021	rs5759310
chr22	43385121	rs9612059
chr22	43386931	rs743029
chr22	43387184	rs743030
chr22	43387365	rs743031
chr22	43387945	rs736030
chr22	43388375	rs5759313
chr22	43389162	rs9612061
chr22	43390013	rs9608023
chr22	43391283	rs9680768
chr22	43393211	rs2015865
chr22	43395878	rs8141639
chr22	43396080	rs6003188
chr22	43401021	rs5759316
chr22	43404760	rs9608024
chr22	43404818	rs5751491
chr22	43407881	rs11705567
chr22	43411257	rs5759325
chr22	43413152	rs8135509
chr22	43414474	rs11705299
chr22	43415586	rs7286402
chr22	43416825	rs5759333
chr22	43418451	rs2180154
chr22	43419662	rs738682
chr22	43419787	rs932514
chr22	43420212	rs974579
chr22	43420247	rs974580
chr22	43422273	rs933218
chr22	43423752	rs11090163
chr22	43424281	rs135085
chr22	43426732	rs5759339
chr22	43427008	rs4822289
chr22	43428565	rs135080
chr22	43428612	rs7290966
chr22	43429433	rs9306377
chr22	43430261	rs739018
chr22	43433976	rs11703590
chr22	43435076	rs2413761
chr22	43435136	rs4331615
chr22	43437779	rs135067
chr22	43437863	rs135066
chr22	43441296	rs135059
chr22	43449809	rs135044
chr22	43451689	rs739017
chr22	43451879	rs739016
chr22	43455585	rs11704091
chr22	43456042	rs9620142
chr22	43457797	rs362211
chr22	43461434	rs20195
chr22	43462636	rs6003211
chr22	43463583	rs5996341
chr22	43463686	rs6003212
chr22	43467417	rs80318
chr22	43469599	rs6003215
chr22	43469745	rs7292049
chr22	43472626	rs867105
chr22	43472691	rs6519378
chr22	43473727	rs867106
chr22	43473976	rs12168763
chr22	43477053	rs11704226
chr22	43480531	rs5751502
chr22	43482817	rs5759360
chr22	43484626	rs2076666
chr22	43485153	rs28548726
chr22	43489519	rs28711734
chr22	43500805	rs28760421
chr22	43501430	rs28608705
chr22	43510289	rs9625943
chr22	43510892	rs13054573
chr22	43512753	rs11912820
chr22	43514959	rs9614366
chr22	43518516	rs12483905
chr22	43522577	rs7285376
chr22	43524231	rs11090604
chr22	43526619	rs9614176
chr22	43526794	rs7285825
chr22	43529210	rs9614177
chr22	43531362	rs738725
chr22	43534945	rs4585129
chr22	43535784	rs7286735
chr22	43536541	rs5764204
chr22	43545571	rs8136307
chr22	43551194	rs137159
chr22	43551223	rs137160
chr22	43555410	rs137161
chr22	43556896	rs137162
chr22	43562293	rs1883602
chr22	43564048	rs5764419
chr22	43568620	rs926542
chr22	43569965	rs7291629
chr22	43570271	rs7289650
chr22	43570580	rs5764458
chr22	43574120	rs5764482
chr22	43577349	rs16990774
chr22	43580516	rs9614382
chr22	43584736	rs9614417
chr22	43586666	rs12627976
chr22	43590261	rs16990783
chr22	43593018	rs16990790
chr22	43593564	rs12628583
chr22	43593673	rs16990792
chr22	43594953	rs4823207
chr22	43595441	rs6006714
chr22	43602844	rs9614453
chr22	43604831	rs735234
chr22	43607798	rs5764157
chr22	43612420	rs9614235
chr22	43616333	rs5764690
chr22	43617060	rs5764691
chr22	43617436	rs1981467
chr22	43618413	rs2374774
chr22	43619411	rs4823124
chr22	43620385	rs9614242
chr22	43623131	rs137719
chr22	43624296	rs6006512
chr22	43626291	rs137722
chr22	43626698	rs110618
chr22	43627293	rs4823125
chr22	43627815	rs137724
chr22	43631214	rs361729
chr22	43631336	rs470083
chr22	43635162	rs137731
chr22	43642638	rs713912
chr22	43643405	rs737788
chr22	43646102	rs137746
chr22	43648506	rs137748
chr22	43649395	rs137749
chr22	43656672	rs9614252
chr22	43656966	rs12627771
chr22	43660361	rs9614255
chr22	43660823	rs2040400
chr22	43662797	rs6006524
chr22	43663179	rs743797
chr22	43663192	rs86607
chr22	43664040	rs137761
chr22	43665129	rs9614170
chr22	43667058	rs12628197
chr22	43669861	rs137766
chr22	43669890	rs137767
chr22	43674650	rs1014208
chr22	43678303	rs137786
chr22	43679003	rs6006528
chr22	43681227	rs9614258
chr22	43683765	rs8141450
chr22	43683800	rs137794
chr22	43684599	rs713913
chr22	43684766	rs9306469
chr22	43686574	rs9614174
chr22	43687562	rs5764214
chr22	43690869	rs137803
chr22	43695215	rs137806
chr22	43696516	rs137808
chr22	43698208	rs12627931
chr22	43699089	rs1894489
chr22	43705261	rs8136283
chr22	43705531	rs137820
chr22	43706756	rs2001071
chr22	43711789	rs17568513
chr22	43716965	rs5764234
chr22	43717933	rs767249
chr22	43718981	rs5764236
chr22	43723995	rs2401408
chr22	43724118	rs2092257
chr22	43724241	rs5764245
chr22	43727622	rs1013038
chr22	43727637	rs1013039
chr22	43731070	rs8136516
chr22	43733095	rs10483219
chr22	43735906	rs3747203
chr22	43741339	rs5764261
chr22	43741469	rs4823137
chr22	43741873	rs5764263
chr22	43751590	rs4823094
chr22	43755776	rs16990981
chr22	43758374	rs6006540
chr22	43760556	rs5764275
chr22	43761357	rs1894629
chr22	43762610	rs1476036
chr22	43763725	rs5764277
chr22	43764117	rs5763989
chr22	43767513	rs5764280
chr22	43769718	rs8141695
chr22	43771804	rs16990991
chr22	43772101	rs739234
chr22	43773546	rs2187887
chr22	43780148	rs5764290
chr22	43783247	rs9614183
chr22	43788033	rs9968041
chr22	43791807	rs9614186
chr22	43792916	rs4823141
chr22	43793068	rs4823142
chr22	43794698	rs5764302
chr22	43795643	rs6006546
chr22	43796138	rs17491531
chr22	43797746	rs9614187
chr22	43798513	rs9614188
chr22	43799774	rs5764309
chr22	43800087	rs5764310
chr22	43801172	rs5763997
chr22	43802135	rs9614276
chr22	43807771	rs17491688
chr22	43807865	rs5764314
chr22	43808439	rs8140172
chr22	43813245	rs8138497
chr22	43813284	rs6006553
chr22	43815018	rs5764318
chr22	43816958	rs13055972
chr22	43819093	rs8136755
chr22	43819393	rs8141900
chr22	43820921	rs7291445
chr22	43821418	rs8138368
chr22	43823228	rs138053
chr22	43823836	rs470085
chr22	43824064	rs4149445
chr22	43824263	rs2066915
chr22	43824411	rs138055
chr22	43824793	rs138056
chr22	43825367	rs138057
chr22	43826487	rs763120
chr22	43826536	rs138059
chr22	43826559	rs470086
chr22	43826927	rs138060
chr22	43826960	rs138061
chr22	43827186	rs4149444
chr22	43829914	rs138062
chr22	43831107	rs138065
chr22	43831468	rs138066
chr22	43831676	rs138067
chr22	43833913	rs2071886
chr22	43839053	rs138073
chr22	43840984	rs4149442
chr22	43841102	rs138076
chr22	43842416	rs2269602
chr22	43843619	rs138079
chr22	43844282	rs9306470
chr22	43844805	rs470088
chr22	43845095	rs138080
chr22	43845405	rs17570873
chr22	43845521	rs138082
chr22	43848226	rs138085
chr22	43848741	rs138087
chr22	43849106	rs78509
chr22	43849129	rs2013467
chr22	43849201	rs80627
chr22	43849391	rs138088
chr22	43850227	rs713956
chr22	43850252	rs138089
chr22	43850860	rs138091
chr22	43850877	rs2269603
chr22	43852624	rs470089
chr22	43852721	rs2285161
chr22	43853389	rs470090
chr22	43853583	rs2285162
chr22	43854025	rs2285164
chr22	43854690	rs138097
chr22	43854750	rs2285166
chr22	43855309	rs2285167
chr22	43855446	rs2285168
chr22	43855768	rs470091
chr22	43855972	rs138099
chr22	43856945	rs138101
chr22	43857209	rs138102
chr22	43859342	rs2269605
chr22	43859452	rs739230
chr22	43859948	rs2269606
chr22	43859952	rs138105
chr22	43861176	rs8138048
chr22	43861364	rs2269607
chr22	43863901	rs138110
chr22	43864526	rs138112
chr22	43865701	rs138114
chr22	43868091	rs9614284
chr22	43868337	rs5764359
chr22	43868622	rs138118
chr22	43872696	rs5764362
chr22	43876570	rs5764367
chr22	43878234	rs2213725
chr22	43880291	rs470093
chr22	43880664	rs12485136
chr22	43882872	rs5764372
chr22	43883435	rs5764373
chr22	43886396	rs739231
chr22	43886427	rs739232
chr22	43886623	rs138131
chr22	43887560	rs2071881
chr22	43888935	rs9626043
chr22	43888974	rs2401203
chr22	43889074	rs2071882
chr22	43889189	rs5764386
chr22	43889432	rs10428037
chr22	43889778	rs743934
chr22	43889885	rs2017461
chr22	43889932	rs743935
chr22	43890215	rs739233
chr22	43890651	rs713964
chr22	43891070	rs2071883
chr22	43893382	rs763115
chr22	43894435	rs743936
chr22	43894624	rs86790
chr22	43894647	rs743938
chr22	43895351	rs138134
chr22	43895778	rs5764391
chr22	43897774	rs470094
chr22	43900170	rs4823153
chr22	43902377	rs4823100
chr22	43902619	rs6006570
chr22	43906457	rs4823164
chr22	43908539	rs4823103
chr22	43909338	rs5764023
chr22	43911655	rs4823168
chr22	43914210	rs4823169
chr22	43915710	rs5764406
chr22	43917669	rs6006456
chr22	43917969	rs929090
chr22	43922364	rs9626055
chr22	43925269	rs4823104
chr22	43927042	rs2076213
chr22	43927090	rs2076212
chr22	43927194	rs139047
chr22	43928075	rs738407
chr22	43928224	rs734561
chr22	43928291	rs738410
chr22	43928796	rs139051
chr22	43928850	rs738408
chr22	43929975	rs5764034
chr22	43930116	rs12483959
chr22	43932163	rs1883350
chr22	43932850	rs4823173
chr22	43933198	rs2076211
chr22	43933317	rs2076210
chr22	43934394	rs4823174
chr22	43936690	rs2281135
chr22	43937814	rs2896019
chr22	43939864	rs2073081
chr22	43940218	rs1010023
chr22	43942254	rs3810622
chr22	43945518	rs16991187
chr22	43946106	rs2294917
chr22	43946236	rs2294918
chr22	43946445	rs2294919
chr22	43958231	rs738491
chr22	43959350	rs6006591
chr22	43963117	rs16991236
chr22	43963849	rs12170274
chr22	43964127	rs2073082
chr22	43966935	rs9614300
chr22	43967856	rs9626074
chr22	43968714	rs5764434
chr22	43968914	rs2273031
chr22	43972159	rs6006595
chr22	43972242	rs3761472
chr22	43972324	rs3177036
chr22	43972861	rs932430
chr22	43974559	rs738494
chr22	43976752	rs14315
chr22	43979364	rs6519823
chr22	43979627	rs8142910
chr22	43979862	rs11090620
chr22	43981562	rs4823182
chr22	43982119	rs2235776
chr22	43983958	rs8418
chr22	43986367	rs6006467
chr22	43986973	rs2294928
chr22	43987190	rs12166587
chr22	43992328	rs6006471
chr22	43992457	rs5764451
chr22	43992537	rs3788604
chr22	43992937	rs3827385
chr22	43993512	rs3827386
chr22	43993634	rs2235778
chr22	43994356	rs5764053
chr22	43994486	rs2235779
chr22	43995145	rs5764055
chr22	43995354	rs2281298
chr22	43995708	rs2179642
chr22	43995806	rs2143571
chr22	43997195	rs6006473
chr22	43997596	rs8141950
chr22	43998522	rs2073080
chr22	43999509	rs2281292
chr22	43999571	rs1007863
chr22	44002644	rs5764455
chr22	44004818	rs6006611
chr22	44006761	rs6006613
chr22	44008604	rs16991328
chr22	44008642	rs9614308
chr22	44011719	rs6006615
chr22	44012361	rs4823185
chr22	44013296	rs16991341
chr22	44014113	rs12484530
chr22	44014293	rs5764058
chr22	44018446	rs9626091
chr22	44019643	rs5764466
chr22	44022090	rs135114
chr22	44022159	rs7289308
chr22	44023991	rs7285340
chr22	44025545	rs2267591
chr22	44025683	rs2267592
chr22	44026453	rs12170546
chr22	44026758	rs11914048
chr22	44028228	rs6006622
chr22	44030865	rs2267593
chr22	44031732	rs2267597
chr22	44032135	rs713747
chr22	44033724	rs2401520
chr22	44033882	rs1018795
chr22	44039070	rs2896022
chr22	44039672	rs5764066
chr22	44049779	rs2267600
chr22	44051068	rs2284152
chr22	44051166	rs6006632
chr22	44051606	rs2299846
chr22	44052458	rs2267601
chr22	44056438	rs1004529
chr22	44057148	rs11703221
chr22	44058858	rs5764495
chr22	44059593	rs2284155
chr22	44060571	rs16991389
chr22	44060812	rs12168526
chr22	44063565	rs5764076
chr22	44064115	rs2284156
chr22	44070670	rs130311
chr22	44071190	rs7286964
chr22	44071872	rs6006636
chr22	44072030	rs130314
chr22	44074055	rs2267604
chr22	44074156	rs130317
chr22	44076464	rs5764084
chr22	44078626	rs2285108
chr22	44080184	rs130318
chr22	44083723	rs9626105
chr22	44084517	rs738482
chr22	44084633	rs910011
chr22	44088319	rs16991431
chr22	44090406	rs16991437
chr22	44092916	rs2050176
chr22	44093142	rs738477
chr22	44093988	rs1983609
chr22	44094016	rs738479
chr22	44094062	rs2076507
chr22	44095697	rs16991456
chr22	44097221	rs4823189
chr22	44097654	rs4823191
chr22	44097943	rs16991463
chr22	44098167	rs9614199
chr22	44098539	rs5764088
chr22	44098586	rs12169088
chr22	44099649	rs8137036
chr22	44101037	rs8140244
chr22	44102144	rs11914108
chr22	44102254	rs9614325
chr22	44102321	rs9614200
chr22	44103337	rs6006643
chr22	44103763	rs2267610
chr22	44104263	rs2092437
chr22	44105755	rs11913389
chr22	44107753	rs6006486
chr22	44110353	rs6006488
chr22	44116244	rs11703393
chr22	44117593	rs1569666
chr22	44117778	rs2267611
chr22	44117966	rs16991517
chr22	44118435	rs5764540
chr22	44118794	rs2143428
chr22	44121385	rs5764543
chr22	44122009	rs7291712
chr22	44122996	rs5764546
chr22	44125395	rs133905
chr22	44126432	rs1535009
chr22	44126861	rs133908
chr22	44126953	rs133909
chr22	44127282	rs133911
chr22	44127713	rs2896050
chr22	44128317	rs133915
chr22	44128390	rs133916
chr22	44128758	rs9614202
chr22	44129494	rs9614203
chr22	44129620	rs41377744
chr22	44129859	rs12628899
chr22	44130250	rs4823194
chr22	44131834	rs738483
chr22	44132255	rs738485
chr22	44134199	rs2179559
chr22	44134406	rs2267613
chr22	44134540	rs2267614
chr22	44134894	rs2267615
chr22	44134964	rs2267616
chr22	44135126	rs6006493
chr22	44142025	rs2255388
chr22	44142490	rs2284157
chr22	44142808	rs2267617
chr22	44143413	rs2267620
chr22	44144022	rs2284158
chr22	44147456	rs9680627
chr22	44148148	rs5764558
chr22	44148469	rs2072949
chr22	44148780	rs5764559
chr22	44149485	rs5764560
chr22	44149642	rs5764098
chr22	44149665	rs5764561
chr22	44153064	rs10483222
chr22	44153740	rs760988
chr22	44156886	rs139069
chr22	44157126	rs5764571
chr22	44158899	rs139072
chr22	44159148	rs79471
chr22	44159730	rs139073
chr22	44161183	rs4823197
chr22	44161289	rs5764577
chr22	44162838	rs139077
chr22	44162931	rs139078
chr22	44163765	rs139079
chr22	44163875	rs139080
chr22	44163962	rs139081
chr22	44164115	rs2272940
chr22	44164959	rs9614354
chr22	44165407	rs5764106
chr22	44166469	rs139089
chr22	44168417	rs139095
chr22	44168527	rs139096
chr22	44171555	rs9614207
chr22	44172198	rs9614208
chr22	44173534	rs7292425
chr22	44174100	rs139107
chr22	44176698	rs9614362
chr22	44177662	rs139116
chr22	44178524	rs2092351
chr22	44178667	rs139120
chr22	44179988	rs3747208
chr22	44180205	rs139123
chr22	44180252	rs139124
chr22	44180775	rs7287117
chr22	44181270	rs9306473
chr22	44183856	rs9614363
chr22	44185166	rs139131
chr22	44185523	rs5764592
chr22	44185669	rs6006693
chr22	44186225	rs139132
chr22	44186384	rs6519830
chr22	44186940	rs139133
chr22	44187049	rs139134
chr22	44187366	rs139135
chr22	44188278	rs139136
chr22	44190061	rs139140
chr22	44193128	rs932381
chr22	44193977	rs139142
chr22	44195112	rs139144
chr22	44197744	rs139147
chr22	44198255	rs139149
chr22	44198329	rs139150
chr22	44198596	rs139151
chr22	44199359	rs16991639
chr22	44199682	rs139154
chr22	44199711	rs470111
chr22	44200205	rs139156
chr22	44200327	rs139157
chr22	44201624	rs139160
chr22	44202049	rs139163
chr22	44202726	rs139166
chr22	44202812	rs139167
chr22	44203572	rs139170
chr22	44203651	rs139171
chr22	44208325	rs139191
chr22	44215170	rs139210
chr22	44215342	rs9614371
chr22	44215418	rs139211
chr22	44217642	rs139222
chr22	44218483	rs755944
chr22	44219553	rs139228
chr22	44221575	rs139234
chr22	44221645	rs139235
chr22	44221682	rs16991689
chr22	44221984	rs139240
chr22	44222482	rs11705476
chr22	44222955	rs13057050
chr22	44223820	rs139247
chr22	44223906	rs139248
chr22	44227629	rs11703846
chr22	44227944	rs139258
chr22	44227991	rs11703924
chr22	44228622	rs4823122
chr22	44230687	rs3884696
chr22	44232188	rs139265
chr22	44234034	rs7289241
chr22	44234797	rs9614385
chr22	44238331	rs9614390
chr22	44241615	rs9614395
chr22	44244254	rs1043669
chr22	44244728	rs737263
chr22	44244803	rs3827389
chr22	44244921	rs9614399
chr22	44245172	rs3810624
chr22	44245435	rs16991707
chr22	44245744	rs3788609
chr22	44247449	rs16991711
chr22	44249103	rs6006706
chr22	44249813	rs9614403
chr22	44250104	rs9614404
chr22	44250148	rs5764658
chr22	44250225	rs5764659
chr22	44250239	rs5764148
chr22	44250429	rs9614405
chr22	44250783	rs135444
chr22	44251178	rs5764661
chr22	44252213	rs9614407
chr22	44253785	rs16991714
chr22	44255691	rs6006712
chr22	44256277	rs6006713
chr22	44260701	rs135437
chr22	44261855	rs135426
chr22	44265564	rs4823209
chr22	44268431	rs135422
chr22	44269184	rs2743847
chr22	44271012	rs135416
chr22	44271434	rs28584938
chr22	44271977	rs135413
chr22	44273148	rs6006506
chr22	44276139	rs135406
chr22	44277818	rs12483789
chr22	44278601	rs1122689
chr22	44280207	rs135403
chr22	44280972	rs135401
chr22	44281240	rs135399
chr22	44281767	rs135396
chr22	44283882	rs135391
chr22	44285732	rs135388
chr22	44293357	rs9614428
chr22	44295675	rs12159191
chr22	44299208	rs3935378
chr22	44301400	rs8137744
chr22	44301862	rs6519834
chr22	44304707	rs7511306
chr22	44305492	rs7511423
chr22	44305813	rs12162979
chr22	44307622	rs9614436
chr22	44308733	rs9614231
chr22	44309360	rs7290560
chr22	44309389	rs9614437
chr22	44310934	rs12158741
chr22	44311146	rs7510759
chr22	44311836	rs6519840
chr22	44313874	rs34014753
chr22	44320607	rs34810367
chr22	44323919	rs35196134
chr22	44327189	rs34255233
chr22	44327391	rs34420568
chr22	44328245	rs35086751
chr22	44338335	rs7510927
chr22	44339620	rs6519878
chr22	44339828	rs12171009
chr22	44339892	rs7289788
chr22	44341766	rs9614891
chr22	44341908	rs9626539
chr22	44342390	rs8139289
chr22	44342526	rs6519897
chr22	44344526	rs11090718
chr22	44344647	rs11090720
chr22	44345709	rs8137340
chr22	44347064	rs13055215
chr22	44348200	rs5765896
chr22	44348435	rs5764966
chr22	44348573	rs7284718
chr22	44348826	rs4446159
chr22	44349004	rs949441
chr22	44349371	rs739161
chr22	44349703	rs5766069
chr22	44349840	rs2097445
chr22	44351117	rs763045
chr22	44351220	rs743864
chr22	44354130	rs16992075
chr22	44354330	rs9614528
chr22	44354741	rs4311151
chr22	44355225	rs8137546
chr22	44355905	rs7287993
chr22	44356126	rs713724
chr22	44357070	rs1974462
chr22	44357339	rs7288379
chr22	44357628	rs713695
chr22	44359083	rs11705079
chr22	44359770	rs10854823
chr22	44360552	rs763036
chr22	44360793	rs11703198
chr22	44361191	rs2014530
chr22	44361559	rs9614538
chr22	44363275	rs5764885
chr22	44364159	rs8138173
chr22	44365104	rs1557553
chr22	44365751	rs5765807
chr22	44366140	rs7292668
chr22	44366509	rs5764916
chr22	44367726	rs763040
chr22	44367771	rs5764924
chr22	44367872	rs763041
chr22	44367919	rs5764925
chr22	44367968	rs17509144
chr22	44368521	rs9614858
chr22	44369645	rs11703302
chr22	44369814	rs17509283
chr22	44369935	rs6519884
chr22	44370119	rs8136631
chr22	44370143	rs6519885
chr22	44370432	rs9614868
chr22	44370854	rs12484763
chr22	44373655	rs4823353
chr22	44373679	rs12628355
chr22	44373787	rs4823354
chr22	44375738	rs1041886
chr22	44375883	rs1041887
chr22	44376760	rs4823362
chr22	44378820	rs7285004
chr22	44379021	rs135892
chr22	44379850	rs135893
chr22	44380746	rs9614909
chr22	44382130	rs129536
chr22	44382262	rs135896
chr22	44382474	rs4426
chr22	44382858	rs2071815
chr22	44383360	rs135899
chr22	44383423	rs135900
chr22	44384645	rs4428
chr22	44386385	rs1003851
chr22	44387899	rs19985
chr22	44388967	rs135905
chr22	44389060	rs135906
chr22	44391503	rs13055798
chr22	44393033	rs5766063
chr22	44393489	rs5766071
chr22	44394996	rs763043
chr22	44395658	rs1024334
chr22	44395927	rs2071820
chr22	44396248	rs13058072
chr22	44400015	rs135914
chr22	44401807	rs2071821
chr22	44401843	rs713888
chr22	44402430	rs713756
chr22	44402766	rs713754
chr22	44408312	rs135921
chr22	44409248	rs16992190
chr22	44411593	rs135924
chr22	44413656	rs8136777
chr22	44415195	rs135933
chr22	44416156	rs135938
chr22	44416655	rs135939
chr22	44418913	rs715597
chr22	44420727	rs5766418
chr22	44421964	rs135955
chr22	44422013	rs135956
chr22	44422075	rs135957
chr22	44422170	rs135958
chr22	44422228	rs135959
chr22	44422638	rs135961
chr22	44422756	rs9615057
chr22	44425214	rs9615063
chr22	44425360	rs1972489
chr22	44425935	rs135963
chr22	44427565	rs2027858
chr22	44428519	rs135970
chr22	44432197	rs135976
chr22	44434362	rs5765228
chr22	44434960	rs8136745
chr22	44437121	rs9626680
chr22	44437202	rs737724
chr22	44438093	rs7289805
chr22	44438412	rs8135880
chr22	44438514	rs8139046
chr22	44438595	rs133838
chr22	44439196	rs743769
chr22	44440056	rs133829
chr22	44440369	rs80303
chr22	44440771	rs133826
chr22	44442790	rs133807
chr22	44442920	rs133806
chr22	44442932	rs133805
chr22	44444840	rs133802
chr22	44446255	rs133796
chr22	44446474	rs133795
chr22	44448865	rs133779
chr22	44448915	rs133778
chr22	44449527	rs133771
chr22	44450776	rs133760
chr22	44453681	rs133756
chr22	44454560	rs133755
chr22	44455210	rs133754
chr22	44455578	rs133753
chr22	44459350	rs470003
chr22	44461566	rs6006762
chr22	44470906	rs8140396
chr22	44475077	rs5765559
chr22	44479772	rs2239770
chr22	44481492	rs16992346
chr22	44482842	rs16992349
chr22	44484646	rs12159288
chr22	44486088	rs6007154
chr22	44489710	rs6006807
chr22	44491783	rs5764858
chr22	44491938	rs1962219
chr22	44492244	rs6007167
chr22	44493506	rs9819
chr22	44494117	rs3747220
chr22	44494778	rs135622
chr22	44495367	rs131155
chr22	44495490	rs131156
chr22	44495842	rs131157
chr22	44495993	rs131158
chr22	44496255	rs131163
chr22	44500345	rs131168
chr22	44502310	rs135626
chr22	44506879	rs131172
chr22	44512798	rs4823326
chr22	44514237	rs4823329
chr22	44518474	rs5765710
chr22	44518724	rs5765711
chr22	44525674	rs5765723
chr22	44526528	rs5765728
chr22	44526846	rs4599231
chr22	44526963	rs5764884
chr22	44528412	rs5765741
chr22	44528490	rs5765742
chr22	44528514	rs11702972
chr22	44528561	rs5765743
chr22	44529014	rs5765745
chr22	44530045	rs4823334
chr22	44530123	rs4823336
chr22	44532072	rs5764891
chr22	44533552	rs8138953
chr22	44533926	rs1123146
chr22	44534094	rs1123145
chr22	44534207	rs5764897
chr22	44534585	rs5764899
chr22	44534821	rs17512927
chr22	44535215	rs5765769
chr22	44535712	rs7290045
chr22	44536657	rs1997677
chr22	44537502	rs2076091
chr22	44538003	rs1124898
chr22	44538107	rs2076096
chr22	44538792	rs876231
chr22	44539351	rs4140639
chr22	44543362	rs2223335
chr22	44544483	rs2142832
chr22	44546612	rs4823242
chr22	44547521	rs2349623
chr22	44550641	rs2002982
chr22	44550785	rs2002981
chr22	44552217	rs2349629
chr22	44555387	rs138575
chr22	44557620	rs5765811
chr22	44565281	rs4823340
chr22	44566775	rs9626489
chr22	44567144	rs138590
chr22	44568675	rs138591
chr22	44569233	rs138592
chr22	44569440	rs138593
chr22	44569484	rs10427772
chr22	44569860	rs138594
chr22	44570247	rs138595
chr22	44572438	rs4454
chr22	44572650	rs138597
chr22	44573843	rs9626490
chr22	44577000	rs4457
chr22	44577702	rs2349632
chr22	44577859	rs2349634
chr22	44578130	rs5765830
chr22	44578613	rs4459
chr22	44578887	rs742196
chr22	44579333	rs138601
chr22	44579386	rs98175
chr22	44579576	rs138603
chr22	44579864	rs138604
chr22	44580460	rs5765839
chr22	44582833	rs4460
chr22	44583508	rs138606
chr22	44584958	rs138614
chr22	44585083	rs138616
chr22	44585446	rs138619
chr22	44589425	rs16992538
chr22	44590133	rs16992543
chr22	44591284	rs138625
chr22	44592329	rs138628
chr22	44600592	rs9306482
chr22	44605402	rs16992551
chr22	44605510	rs6007204
chr22	44606668	rs2281118
chr22	44607868	rs4422244
chr22	44607998	rs738361
chr22	44609481	rs965027
chr22	44610950	rs2103594
chr22	44611386	rs6007210
chr22	44611468	rs6007211
chr22	44612034	rs8135966
chr22	44614111	rs4823348
chr22	44615881	rs4823246
chr22	44615978	rs11912636
chr22	44616072	rs11704309
chr22	44616217	rs9614840
chr22	44617353	rs11090677
chr22	44618255	rs9614845
chr22	44621855	rs6007216
chr22	44624468	rs11913072
chr22	44630624	rs6007220
chr22	44639749	rs743989
chr22	44644418	rs9614859
chr22	44645897	rs12106654
chr22	44648801	rs136890
chr22	44650265	rs136894
chr22	44651655	rs2032552
chr22	44652373	rs136899
chr22	44656311	rs5764946
chr22	44658681	rs2001147
chr22	44659024	rs8142612
chr22	44659704	rs11090683
chr22	44661946	rs136904
chr22	44663368	rs136911
chr22	44667863	rs6007233
chr22	44669986	rs5764957
chr22	44670155	rs6006845
chr22	44673530	rs9614870
chr22	44676021	rs880857
chr22	44676634	rs916400
chr22	44679858	rs763213
chr22	44679974	rs9626514
chr22	44682616	rs9626518
chr22	44682721	rs9626521
chr22	44684875	rs5765901
chr22	44689404	rs1005518
chr22	44691028	rs763214
chr22	44693512	rs7292339
chr22	44695495	rs7284238
chr22	44698163	rs6007249
chr22	44699647	rs9614882
chr22	44701935	rs5764965
chr22	44705117	rs5765917
chr22	44707606	rs1540327
chr22	44713147	rs873724
chr22	44713786	rs2097535
chr22	44714885	rs1077165
chr22	44714996	rs1077163
chr22	44715225	rs1077166
chr22	44715354	rs5765924
chr22	44716396	rs12170561
chr22	44717538	rs8135511
chr22	44718042	rs6007260
chr22	44719519	rs16992660
chr22	44719652	rs5765929
chr22	44719699	rs5765930
chr22	44720247	rs17601899
chr22	44720311	rs6007262
chr22	44720920	rs739276
chr22	44721554	rs763216
chr22	44721714	rs763217
chr22	44722653	rs1476049
chr22	44723779	rs9306484
chr22	44725984	rs2016013
chr22	44727204	rs2269571
chr22	44728415	rs743894
chr22	44728470	rs743895
chr22	44728715	rs752999
chr22	44728966	rs3761481
chr22	44730547	rs3761483
chr22	44730895	rs3761485
chr22	44734493	rs132404
chr22	44734548	rs132405
chr22	44734586	rs132406
chr22	44735675	rs129574
chr22	44737358	rs3329
chr22	44737460	rs3213550
chr22	44737655	rs3213551
chr22	44743626	rs3747221
chr22	44750344	rs5764983
chr22	44750545	rs5765951
chr22	44752320	rs9614900
chr22	44752468	rs9614902
chr22	44754323	rs132438
chr22	44754779	rs5765956
chr22	44758951	rs876418
chr22	44761223	rs132451
chr22	44761333	rs1029314
chr22	44762148	rs5764990
chr22	44763075	rs132456
chr22	44764697	rs9614908
chr22	44765860	rs739172
chr22	44770821	rs4823252
chr22	44773496	rs132470
chr22	44775383	rs11090698
chr22	44775849	rs4823376
chr22	44777125	rs4373
chr22	44778832	rs9614922
chr22	44780091	rs5765007
chr22	44780843	rs5765989
chr22	44780878	rs5765991
chr22	44780981	rs6007287
chr22	44781123	rs1557557
chr22	44782567	rs13053973
chr22	44784486	rs5766002
chr22	44784630	rs5766004
chr22	44784674	rs5766005
chr22	44785158	rs6007292
chr22	44785665	rs5766006
chr22	44786224	rs9614929
chr22	44786685	rs9614932
chr22	44787089	rs7289667
chr22	44787134	rs16992796
chr22	44787665	rs5766013
chr22	44787988	rs8136290
chr22	44788038	rs8141569
chr22	44791910	rs3788622
chr22	44792316	rs3788628
chr22	44792744	rs877667
chr22	44792791	rs916324
chr22	44793419	rs5766029
chr22	44793522	rs16992816
chr22	44793583	rs5012765
chr22	44793991	rs12483891
chr22	44794870	rs739177
chr22	44795572	rs3788629
chr22	44796741	rs9626245
chr22	44796780	rs1001728
chr22	44802129	rs2239813
chr22	44802614	rs1076933
chr22	44803178	rs2017317
chr22	44806292	rs16992880
chr22	44809848	rs6007305
chr22	44811439	rs16991944
chr22	44811717	rs9626568
chr22	44813616	rs41487149
chr22	44814786	rs2071758
chr22	44817233	rs12169108
chr22	44820269	rs9614944
chr22	44820460	rs13053938
chr22	44822343	rs136662
chr22	44822795	rs136663
chr22	44823307	rs7290106
chr22	44825114	rs6007308
chr22	44825163	rs2071759
chr22	44827880	rs5765038
chr22	44829417	rs9614576
chr22	44831393	rs4823392
chr22	44834556	rs5766077
chr22	44835817	rs739122
chr22	44835878	rs1544278
chr22	44836003	rs5765043
chr22	44836012	rs1544279
chr22	44838859	rs4823393
chr22	44839423	rs2285117
chr22	44840733	rs2285119
chr22	44841212	rs8138412
chr22	44841806	rs136675
chr22	44842515	rs7286363
chr22	44842997	rs6007316
chr22	44844376	rs136678
chr22	44845752	rs2269539
chr22	44846360	rs2269541
chr22	44847891	rs2269542
chr22	44848280	rs1024331
chr22	44849050	rs2269543
chr22	44849386	rs9614950
chr22	44849479	rs5766099
chr22	44850591	rs12627790
chr22	44851295	rs5766105
chr22	44852334	rs6007323
chr22	44852361	rs6007324
chr22	44855543	rs5766113
chr22	44857992	rs7289868
chr22	44858015	rs6006893
chr22	44859163	rs11704593
chr22	44859580	rs4336044
chr22	44860958	rs3830115
chr22	44862062	rs2071761
chr22	44862444	rs2071762
chr22	44862577	rs8881
chr22	44862770	rs6519899
chr22	44862909	rs8135269
chr22	44863355	rs2213530
chr22	44863694	rs737627
chr22	44865012	rs6007353
chr22	44865049	rs8136460
chr22	44866010	rs8136335
chr22	44866953	rs5766137
chr22	44878815	rs9614968
chr22	44879238	rs7288100
chr22	44880466	rs17542188
chr22	44881822	rs5766149
chr22	44882229	rs762980
chr22	44882619	rs3810628
chr22	44883440	rs3747224
chr22	44883618	rs3747225
chr22	44883649	rs3747226
chr22	44889190	rs4823406
chr22	44890438	rs12157651
chr22	44893273	rs12157979
chr22	44895953	rs3752467
chr22	44896612	rs6006902
chr22	44898562	rs4823407
chr22	44901992	rs5765078
chr22	44902063	rs12159443
chr22	44905577	rs5766175
chr22	44906285	rs6006903
chr22	44906782	rs1894524
chr22	44907375	rs6006904
chr22	44907835	rs9614975
chr22	44908626	rs9614976
chr22	44909256	rs6006906
chr22	44909445	rs4823413
chr22	44909976	rs9626258
chr22	44913773	rs3213527
chr22	44916011	rs2239792
chr22	44916233	rs2239793
chr22	44916921	rs9614978
chr22	44917320	rs4823417
chr22	44919044	rs5765085
chr22	44919792	rs5766188
chr22	44920867	rs5766192
chr22	44922845	rs4823262
chr22	44923437	rs4823421
chr22	44924751	rs9614985
chr22	44928053	rs9614986
chr22	44929094	rs136686
chr22	44929581	rs136687
chr22	44929677	rs743830
chr22	44930681	rs4823264
chr22	44931797	rs1894520
chr22	44933932	rs136692
chr22	44934355	rs6007391
chr22	44935054	rs4514991
chr22	44935996	rs10483225
chr22	44937280	rs5766212
chr22	44937302	rs5766213
chr22	44938046	rs6007393
chr22	44939456	rs11704788
chr22	44939524	rs136695
chr22	44941449	rs5766218
chr22	44942012	rs136698
chr22	44942063	rs1894521
chr22	44942333	rs736490
chr22	44942985	rs6007396
chr22	44943230	rs961500
chr22	44943320	rs6007397
chr22	44943525	rs4823423
chr22	44943593	rs1473811
chr22	44944605	rs136700
chr22	44949614	rs136708
chr22	44949953	rs6006911
chr22	44956407	rs11704625
chr22	44957228	rs8137390
chr22	44959038	rs2350224
chr22	44959318	rs2350226
chr22	44963549	rs5766238
chr22	44972460	rs2350227
chr22	44972651	rs2092787
chr22	44973589	rs5766248
chr22	44983420	rs11090717
chr22	44983741	rs5766257
chr22	44984788	rs16991948
chr22	44986584	rs738622
chr22	44987350	rs1005368
chr22	44988059	rs4359751
chr22	44990529	rs5766263
chr22	44994456	rs968384
chr22	44999587	rs761673
chr22	45000461	rs16993265
chr22	45000559	rs5766277
chr22	45000704	rs9615001
chr22	45001626	rs761676
chr22	45001838	rs6006914
chr22	45002877	rs4823432
chr22	45004266	rs7287811
chr22	45005362	rs6007408
chr22	45010510	rs1997890
chr22	45011237	rs131989
chr22	45011618	rs131991
chr22	45011717	rs8136316
chr22	45013255	rs131992
chr22	45014880	rs140553
chr22	45016526	rs132000
chr22	45016985	rs132001
chr22	45019531	rs5766305
chr22	45024234	rs4823437
chr22	45025361	rs1005617
chr22	45025655	rs132011
chr22	45028479	rs132017
chr22	45029352	rs132021
chr22	45029963	rs132024
chr22	45031705	rs5016582
chr22	45032725	rs132028
chr22	45035574	rs132034
chr22	45035915	rs6007414
chr22	45035966	rs140563
chr22	45036131	rs132035
chr22	45036753	rs140565
chr22	45036826	rs2038249
chr22	45037446	rs738546
chr22	45039321	rs132039
chr22	45041211	rs132045
chr22	45041680	rs132046
chr22	45042210	rs132047
chr22	45044063	rs9615013
chr22	45044650	rs7287070
chr22	45045561	rs5766358
chr22	45051049	rs6007434
chr22	45053229	rs761493
chr22	45053392	rs2013581
chr22	45055386	rs132066
chr22	45055474	rs132067
chr22	45055846	rs140572
chr22	45055979	rs132068
chr22	45058394	rs9614600
chr22	45058958	rs17628328
chr22	45059526	rs16993361
chr22	45062034	rs13053621
chr22	45062910	rs11090725
chr22	45062946	rs5766384
chr22	45065901	rs5766388
chr22	45069187	rs2057114
chr22	45075479	rs6007443
chr22	45075726	rs5765155
chr22	45076693	rs8136226
chr22	45079451	rs6006926
chr22	45082459	rs13056578
chr22	45083280	rs12628020
chr22	45084824	rs5766403
chr22	45087702	rs7290208
chr22	45088919	rs5766404
chr22	45093605	rs5766411
chr22	45094855	rs34707989
chr22	45095451	rs7285558
chr22	45095749	rs5766414
chr22	45098959	rs9615022
chr22	45100668	rs6007449
chr22	45101514	rs4358236
chr22	45102024	rs7284581
chr22	45102122	rs6519913
chr22	45102234	rs8141541
chr22	45102306	rs5765168
chr22	45103028	rs973703
chr22	45104637	rs5766420
chr22	45105270	rs5766421
chr22	45106652	rs5766424
chr22	45106948	rs7292035
chr22	45107148	rs6007450
chr22	45107636	rs9615025
chr22	45117287	rs6007455
chr22	45119388	rs5766438
chr22	45122507	rs2350237
chr22	45122752	rs6007462
chr22	45123009	rs723553
chr22	45123159	rs2018928
chr22	45124169	rs2882359
chr22	45128028	rs5766456
chr22	45128819	rs6007465
chr22	45129309	rs132811
chr22	45129603	rs9306489
chr22	45131934	rs7290824
chr22	45131964	rs547698
chr22	45132192	rs132813
chr22	45134995	rs6007466
chr22	45137781	rs9626637
chr22	45140118	rs132821
chr22	45141021	rs132823
chr22	45143960	rs9985182
chr22	45150393	rs9615046
chr22	45151933	rs132825
chr22	45154619	rs9615049
chr22	45155190	rs132829
chr22	45157329	rs13058199
chr22	45157578	rs13054435
chr22	45157600	rs7293135
chr22	45157682	rs132832
chr22	45158316	rs132834
chr22	45164703	rs132851
chr22	45164826	rs132853
chr22	45170821	rs132873
chr22	45170962	rs132874
chr22	45171031	rs132875
chr22	45171154	rs132876
chr22	45171699	rs132881
chr22	45172538	rs8135904
chr22	45172630	rs132883
chr22	45173105	rs132884
chr22	45173964	rs2138156
chr22	45175088	rs9615052
chr22	45175565	rs17548707
chr22	45177569	rs17548742
chr22	45181350	rs226524
chr22	45183541	rs6006950
chr22	45187725	rs1058033
chr22	45188017	rs226515
chr22	45188031	rs9614616
chr22	45188054	rs6007500
chr22	45191177	rs2138154
chr22	45192723	rs2350623
chr22	45193609	rs1125398
chr22	45193936	rs1125397
chr22	45194980	rs2235152
chr22	45197518	rs2072720
chr22	45199840	rs5765217
chr22	45200368	rs2072721
chr22	45200625	rs2235160
chr22	45201750	rs5766533
chr22	45206526	rs5766536
chr22	45209004	rs742018
chr22	45209674	rs1077565
chr22	45209923	rs2280981
chr22	45209953	rs8139276
chr22	45209967	rs2280982
chr22	45210556	rs5766546
chr22	45214492	rs6007503
chr22	45215345	rs41467347
chr22	45215570	rs16993700
chr22	45215764	rs9615065
chr22	45216670	rs9626655
chr22	45218971	rs909494
chr22	45219893	rs13056283
chr22	45220597	rs4823452
chr22	45221554	rs13055652
chr22	45222286	rs5766559
chr22	45222861	rs738178
chr22	45224620	rs5766562
chr22	45226118	rs9615072
chr22	45226470	rs5766564
chr22	45226803	rs5766565
chr22	45227166	rs16993718
chr22	45232086	rs5765224
chr22	45233185	rs5766573
chr22	45233379	rs5765226
chr22	45233565	rs7288807
chr22	45234781	rs2294196
chr22	45234827	rs9615076
chr22	45237492	rs738180
chr22	45238857	rs11090735
chr22	45239335	rs2138149
chr22	45242654	rs5766584
chr22	45252965	rs6006959
chr22	45255164	rs6007529
chr22	45259963	rs1533371
chr22	45261283	rs226509
chr22	45262154	rs2138150
chr22	45262928	rs6006968
chr22	45264213	rs6007552
chr22	45266967	rs12158406
chr22	45269782	rs6006973
chr22	45271841	rs722861
chr22	45272131	rs58667
chr22	45272225	rs728797
chr22	45273848	rs226495
chr22	45276693	rs2742648
chr22	45278624	rs2742621
chr22	45279233	rs6007573
chr22	45280797	rs2742624
chr22	45283647	rs5766616
chr22	45284592	rs2742630
chr22	45286453	rs9626671
chr22	45286490	rs2742634
chr22	45286544	rs9306493
chr22	45286663	rs2742635
chr22	45287094	rs2673087
chr22	45288632	rs2742637
chr22	45288857	rs5765247
chr22	45289121	rs1135360
chr22	45290267	rs3788644
chr22	45297947	rs4823458
chr22	45299787	rs6007579
chr22	45300814	rs5766632
chr22	45308747	rs6007582
chr22	45315973	rs104664
chr22	45320006	rs226493
chr22	45321978	rs720682
chr22	45322160	rs1473953
chr22	45322746	rs7286605
chr22	45322862	rs7290139
chr22	45329511	rs742013
chr22	45331684	rs1569414
chr22	45332489	rs6007594
chr22	45336447	rs11704481
chr22	45337318	rs16993867
chr22	45339050	rs3827392
chr22	45339725	rs998706
chr22	45340272	rs3827393
chr22	45340604	rs2064068
chr22	45341409	rs1044742
chr22	45341429	rs1044744
chr22	45341600	rs6007600
chr22	45341906	rs1044758
chr22	45344215	rs3747238
chr22	45344343	rs3747240
chr22	45346879	rs6006992
chr22	45347361	rs12160956
chr22	45350067	rs6006733
chr22	45350610	rs9614461
chr22	45352020	rs5765272
chr22	45352071	rs5765273
chr22	45352459	rs5765275
chr22	45354103	rs5764698
chr22	45355351	rs9614462
chr22	45358637	rs5764701
chr22	45358678	rs5765281
chr22	45359786	rs1012493
chr22	45360201	rs1569413
chr22	45362878	rs719925
chr22	45368994	rs136564
chr22	45371489	rs470062
chr22	45371511	rs9614653
chr22	45371575	rs136569
chr22	45373365	rs136575
chr22	45376094	rs5765304
chr22	45378388	rs17639579
chr22	45383290	rs2350929
chr22	45383455	rs136585
chr22	45385628	rs6007009
chr22	45386766	rs136591
chr22	45389188	rs6006740
chr22	45389960	rs8138001
chr22	45390859	rs9614657
chr22	45393016	rs7284306
chr22	45393863	rs136604
chr22	45398403	rs136611
chr22	45398486	rs136612
chr22	45399045	rs79154
chr22	45401347	rs2103541
chr22	45409642	rs6006743
chr22	45413743	rs2272804
chr22	45414168	rs6007026
chr22	45415482	rs9614466
chr22	45418656	rs9754402
chr22	45419279	rs5765333
chr22	45419452	rs5765335
chr22	45420389	rs9614467
chr22	45426007	rs1022477
chr22	45426029	rs2142661
chr22	45427447	rs5764725
chr22	45429741	rs717295
chr22	45430153	rs5764726
chr22	45432153	rs5765356
chr22	45432666	rs11913200
chr22	45433680	rs9614666
chr22	45434479	rs6007030
chr22	45434867	rs6007031
chr22	45442275	rs5765370
chr22	45442936	rs9614670
chr22	45444840	rs4823297
chr22	45446523	rs11704569
chr22	45448800	rs1003505
chr22	45450591	rs6006753
chr22	45451315	rs17560248
chr22	45452390	rs16994023
chr22	45453927	rs6006754
chr22	45454600	rs1883186
chr22	45457227	rs4823219
chr22	45457685	rs5765377
chr22	45457843	rs1883187
chr22	45459321	rs11912590
chr22	45462037	rs9626344
chr22	45464950	rs9626346
chr22	45468578	rs5764742
chr22	45469053	rs713975
chr22	45469174	rs2014661
chr22	45474548	rs9626353
chr22	45475587	rs7290896
chr22	45478446	rs2049933
chr22	45482249	rs5765391
chr22	45483103	rs5765397
chr22	45483551	rs738222
chr22	45483950	rs9614680
chr22	45484122	rs2092101
chr22	45485346	rs5765400
chr22	45485434	rs5765401
chr22	45488606	rs6006756
chr22	45490884	rs5765408
chr22	45491453	rs5764751
chr22	45492066	rs738223
chr22	45493763	rs5765421
chr22	45496553	rs5765425
chr22	45496776	rs5765426
chr22	45498242	rs750449
chr22	45502117	rs3810631
chr22	45502194	rs3810632
chr22	45502237	rs3810633
chr22	45502372	rs3810635
chr22	45506239	rs13433666
chr22	45507977	rs1124535
chr22	45510227	rs17641143
chr22	45510803	rs17560713
chr22	45511807	rs9917580
chr22	45513015	rs713896
chr22	45514272	rs2283657
chr22	45514501	rs2283658
chr22	45516496	rs2238810
chr22	45517910	rs8143027
chr22	45518581	rs7292978
chr22	45520799	rs136723
chr22	45522611	rs2018072
chr22	45526586	rs129752
chr22	45528014	rs11912731
chr22	45528214	rs136732
chr22	45528293	rs136734
chr22	45530646	rs7287643
chr22	45530705	rs7287670
chr22	45531232	rs2239844
chr22	45531568	rs16994186
chr22	45532139	rs136738
chr22	45532267	rs136739
chr22	45532444	rs136740
chr22	45535382	rs2071938
chr22	45536399	rs9614693
chr22	45540241	rs136753
chr22	45540384	rs2239400
chr22	45540647	rs6007085
chr22	45541181	rs136756
chr22	45541269	rs9682
chr22	45541498	rs136758
chr22	45542704	rs10427785
chr22	45542966	rs2285182
chr22	45545054	rs5765462
chr22	45545596	rs2283663
chr22	45547323	rs739270
chr22	45547797	rs5764781
chr22	45549688	rs3788650
chr22	45553411	rs6007088
chr22	45554923	rs7284208
chr22	45563457	rs5765475
chr22	45563660	rs743931
chr22	45564017	rs736765
chr22	45565333	rs1118
chr22	45566024	rs1985671
chr22	45566642	rs13058539
chr22	45567643	rs2051616
chr22	45571646	rs739215
chr22	45574149	rs134821
chr22	45575411	rs80610
chr22	45575610	rs3788654
chr22	45576000	rs4415
chr22	45576137	rs4416
chr22	45576671	rs2071869
chr22	45576730	rs2071870
chr22	45578877	rs8138025
chr22	45579033	rs5765490
chr22	45581535	rs16994265
chr22	45584418	rs3788658
chr22	45585505	rs3788660
chr22	45585567	rs3788662
chr22	45586950	rs3788667
chr22	45587535	rs5765512
chr22	45588021	rs2016518
chr22	45592691	rs763100
chr22	45592732	rs763101
chr22	45594159	rs5764804
chr22	45598309	rs3788673
chr22	45598623	rs3788675
chr22	45598729	rs3827397
chr22	45600230	rs2071871
chr22	45600418	rs13268
chr22	45600902	rs7381
chr22	45601260	rs6006780
chr22	45601972	rs16994329
chr22	45602905	rs8138135
chr22	45606897	rs7286150
chr22	45610230	rs17564689
chr22	45610659	rs16994345
chr22	45611743	rs6519866
chr22	45613183	rs17564843
chr22	45613528	rs17564885
chr22	45617746	rs5765536
chr22	45618799	rs6006785
chr22	45622214	rs8143145
chr22	45626166	rs5765545
chr22	45627759	rs9614725
chr22	45633643	rs9614732
chr22	45635482	rs9614734
chr22	45636643	rs7289573
chr22	45638047	rs4823313
chr22	45640814	rs739218
chr22	45641737	rs134839
chr22	45643028	rs2301449
chr22	45644899	rs134846
chr22	45645116	rs2351088
chr22	45647099	rs5765558
chr22	45647586	rs4823317
chr22	45647928	rs134848
chr22	45650147	rs4823319
chr22	45651516	rs134851
chr22	45663743	rs9614752
chr22	45664661	rs134855
chr22	45665362	rs9614501
chr22	45666586	rs134856
chr22	45667695	rs12484311
chr22	45669583	rs5765571
chr22	45671005	rs11912036
chr22	45672947	rs7354791
chr22	45673229	rs134861
chr22	45675808	rs5765575
chr22	45677724	rs134863
chr22	45678378	rs134864
chr22	45683413	rs5765577
chr22	45684972	rs9614756
chr22	45685227	rs5764825
chr22	45688150	rs4481093
chr22	45691290	rs2283664
chr22	45694371	rs13058561
chr22	45700117	rs16994442
chr22	45701092	rs9614763
chr22	45710250	rs138150
chr22	45711034	rs10483229
chr22	45711225	rs138154
chr22	45711628	rs5765585
chr22	45716695	rs6006797
chr22	45718364	rs2071852
chr22	45718518	rs138156
chr22	45731040	rs11914131
chr22	45735358	rs138166
chr22	45736148	rs138168
chr22	45737973	rs6006800
chr22	45739053	rs138170
chr22	45741650	rs138171
chr22	45744048	rs9614511
chr22	45744593	rs138174
chr22	45746757	rs16994480
chr22	45746785	rs138177
chr22	45749296	rs138179
chr22	45749926	rs5765603
chr22	45752121	rs2239397
chr22	45755538	rs17652545
chr22	45756000	rs138195
chr22	45758018	rs9626438
chr22	45759053	rs5765607
chr22	45761948	rs138201
chr22	45764744	rs138203
chr22	45765111	rs11090654
chr22	45765349	rs17652822
chr22	45765995	rs138204
chr22	45769221	rs10483230
chr22	45772015	rs135987
chr22	45776975	rs135990
chr22	45778562	rs16994515
chr22	45778990	rs135992
chr22	45779650	rs714022
chr22	45780034	rs17574591
chr22	45782129	rs10483231
chr22	45783657	rs5765620
chr22	45789993	rs135998
chr22	45792917	rs2032503
chr22	45793310	rs136002
chr22	45799700	rs136009
chr22	45801001	rs136012
chr22	45802756	rs9626448
chr22	45803452	rs17653487
chr22	45805623	rs136016
chr22	45807045	rs3827398
chr22	45807476	rs3788677
chr22	45810820	rs12165498
chr22	45811821	rs9614521
chr22	45812075	rs136018
chr22	45814480	rs8136143
chr22	45817711	rs7284693
chr22	45817961	rs7292652
chr22	45818471	rs713978
chr22	45818824	rs4417804
chr22	45825411	rs136023
chr22	45833839	rs136026
chr22	45834000	rs9614522
chr22	45834071	rs136027
chr22	45834343	rs713781
chr22	45834547	rs9614790
chr22	45839225	rs763010
chr22	45839581	rs5765659
chr22	45839797	rs1023470
chr22	45840545	rs136029
chr22	45842189	rs8141212
chr22	45842243	rs4823324
chr22	45842468	rs9626459
chr22	45845780	rs80521
chr22	45846479	rs17654182
chr22	45851798	rs2051595
chr22	45852254	rs9626461
chr22	45852290	rs2283670
chr22	45855733	rs12167523
chr22	45856047	rs11704609
chr22	45859124	rs136033
chr22	45860600	rs2097429
chr22	45861475	rs5765677
chr22	45862233	rs4823325
chr22	45863180	rs5765681
chr22	45864000	rs136037
chr22	45864330	rs9614801
chr22	45868501	rs136047
chr22	45869365	rs136049
chr22	45870451	rs136051
chr22	45880448	rs4078000
chr22	45883901	rs28570045
chr22	45891892	rs28601573
chr22	45901729	rs9777732
chr22	45902769	rs10453443
chr22	45914050	rs9697695
chr22	45916023	rs28550256
chr22	45917335	rs28421618
chr22	45920177	rs28663466
chr22	45920983	rs11544453
chr22	45922599	rs9723264
chr22	45924395	rs9286452
chr22	45924992	rs28504687
chr22	45928745	rs28439308
chr22	45931386	rs28419688
chr22	45931977	rs28698242
chr22	45933269	rs28605102
chr22	45938253	rs10453447
chr22	45950241	rs10448592
chr22	45952042	rs10448600
chr22	45958224	rs10448605
chr22	45960674	rs10448585
chr22	45965325	rs10448607
chr22	45966516	rs9330811
chr22	45967859	rs10453441
chr22	45970285	rs10453460
chr22	45974885	rs34315830
chr22	45989926	rs34088184
chr22	46005777	rs28660442
chr22	46024585	rs12170295
chr22	46025962	rs6519955
chr22	46027058	rs4072455
chr22	46027245	rs7292527
chr22	46029766	rs8136098
chr22	46033113	rs9626920
chr22	46040452	rs1129657
chr22	46043553	rs8136517
chr22	46044393	rs8140558
chr22	46047955	rs8137243
chr22	46050878	rs7510754
chr22	46051217	rs9627391
chr22	46052596	rs9627403
chr22	46052939	rs8137493
chr22	46057832	rs7292407
chr22	46058328	rs3744749
chr22	46060723	rs7289457
chr22	46062243	rs7292297
chr22	46063252	rs7291412
chr22	46067551	rs6520015
chr22	46079585	rs9615389
chr22	46082315	rs6520050
chr22	46084722	rs9616084
chr22	46086105	rs8135478
chr22	46087068	rs9626891
chr22	46088855	rs7290267
chr22	46089093	rs7291040
chr22	46091336	rs7410618
chr22	46092022	rs910923
chr22	46093321	rs16994846
chr22	46094472	rs9616111
chr22	46094922	rs11704961
chr22	46096557	rs17576497
chr22	46097972	rs3747243
chr22	46098159	rs6008955
chr22	46098802	rs13055410
chr22	46102010	rs873492
chr22	46103554	rs6007640
chr22	46106425	rs910360
chr22	46106843	rs7292014
chr22	46106990	rs12170325
chr22	46111049	rs11090909
chr22	46111790	rs11090910
chr22	46111898	rs11090911
chr22	46111975	rs11090912
chr22	46113303	rs7288847
chr22	46114861	rs4823529
chr22	46115459	rs5767152
chr22	46115765	rs16994870
chr22	46115888	rs6007862
chr22	46117496	rs5768746
chr22	46119836	rs16994874
chr22	46122202	rs6008798
chr22	46123483	rs6008804
chr22	46129914	rs6007919
chr22	46136901	rs135570
chr22	46138166	rs5768939
chr22	46140060	rs135564
chr22	46145351	rs135557
chr22	46152815	rs4253782
chr22	46154203	rs4253623
chr22	46157126	rs135551
chr22	46157413	rs135549
chr22	46159422	rs135543
chr22	46161262	rs129600
chr22	46165375	rs5769178
chr22	46165667	rs9627046
chr22	46168786	rs4253650
chr22	46171489	rs881740
chr22	46173274	rs4253655
chr22	46174335	rs9626736
chr22	46176847	rs4253662
chr22	46181313	rs1555208
chr22	46186844	rs9627100
chr22	46189087	rs7364220
chr22	46190213	rs4253701
chr22	46194381	rs12330015
chr22	46195657	rs17661718
chr22	46195855	rs8138102
chr22	46202410	rs4823613
chr22	46211481	rs5766743
chr22	46214170	rs4253728
chr22	46219247	rs4253754
chr22	46219479	rs4253755
chr22	46225148	rs6007662
chr22	46226097	rs5767743
chr22	46226487	rs4253760
chr22	46230609	rs11090819
chr22	46231706	rs4253772
chr22	46233582	rs4253776
chr22	46236692	rs9615264
chr22	46237097	rs11704979
chr22	46237885	rs6008259
chr22	46241357	rs9626814
chr22	46242401	rs1055659
chr22	46242643	rs11704508
chr22	46245701	rs9626816
chr22	46247632	rs16995067
chr22	46247877	rs16995069
chr22	46251091	rs9627287
chr22	46254203	rs9627295
chr22	46255816	rs8135363
chr22	46256256	rs6007729
chr22	46256475	rs6008361
chr22	46257062	rs4508712
chr22	46258426	rs6007740
chr22	46260051	rs6008384
chr22	46260582	rs6519993
chr22	46260710	rs8143066
chr22	46260908	rs6519994
chr22	46261364	rs6007747
chr22	46263683	rs8137157
chr22	46267197	rs9627351
chr22	46269109	rs9615330
chr22	46269773	rs6008434
chr22	46271140	rs6008437
chr22	46274497	rs6007761
chr22	46278315	rs6008468
chr22	46278706	rs135170
chr22	46282007	rs6008495
chr22	46282718	rs6007779
chr22	46282769	rs6008497
chr22	46284124	rs6008506
chr22	46288661	rs739164
chr22	46289120	rs6007794
chr22	46289352	rs6008534
chr22	46289666	rs11703435
chr22	46290066	rs6008538
chr22	46291563	rs11090859
chr22	46292311	rs6008552
chr22	46295503	rs8140182
chr22	46296006	rs7290732
chr22	46303291	rs9615344
chr22	46308346	rs6008598
chr22	46310352	rs6007823
chr22	46316180	rs9615947
chr22	46323157	rs8135305
chr22	46326359	rs3817874
chr22	46326634	rs9615949
chr22	46326663	rs6008700
chr22	46332256	rs9615347
chr22	46332961	rs11705132
chr22	46335894	rs2272937
chr22	46337221	rs6007880
chr22	46346589	rs6008769
chr22	46352413	rs6008770
chr22	46355225	rs9615958
chr22	46356410	rs9615960
chr22	46357282	rs13585
chr22	46357358	rs9626855
chr22	46360936	rs6007891
chr22	46361887	rs3747249
chr22	46362676	rs12172608
chr22	46367774	rs7285515
chr22	46384624	rs6007897
chr22	46385601	rs11090872
chr22	46387206	rs6008791
chr22	46390418	rs4044210
chr22	46390911	rs8138290
chr22	46391537	rs6008793
chr22	46391797	rs6008794
chr22	46391800	rs6008795
chr22	46394132	rs11703679
chr22	46395229	rs470114
chr22	46395555	rs9615982
chr22	46397531	rs9627442
chr22	46399244	rs9615362
chr22	46399626	rs7290972
chr22	46401434	rs6520011
chr22	46402897	rs8136574
chr22	46408257	rs9615990
chr22	46411303	rs12165900
chr22	46411337	rs9627450
chr22	46411801	rs7284664
chr22	46412175	rs9615992
chr22	46416688	rs6008813
chr22	46416835	rs9615996
chr22	46418774	rs6008817
chr22	46420155	rs9615998
chr22	46424673	rs6008821
chr22	46425465	rs5768768
chr22	46428013	rs3747250
chr22	46431141	rs6008822
chr22	46432308	rs6007903
chr22	46436068	rs6008826
chr22	46439140	rs6007911
chr22	46440695	rs3788684
chr22	46441217	rs9306514
chr22	46442257	rs4823545
chr22	46448021	rs3091345
chr22	46450984	rs874827
chr22	46451366	rs3788689
chr22	46451570	rs3788690
chr22	46454633	rs13056658
chr22	46455817	rs3788693
chr22	46457395	rs4823813
chr22	46458501	rs760991
chr22	46459425	rs8138156
chr22	46461661	rs8139582
chr22	46462790	rs5768788
chr22	46464166	rs6008842
chr22	46467422	rs5768793
chr22	46467481	rs5768794
chr22	46470564	rs6008852
chr22	46472384	rs7292762
chr22	46473116	rs3788704
chr22	46473273	rs3788706
chr22	46475215	rs713711
chr22	46475875	rs4823554
chr22	46477114	rs6520023
chr22	46478129	rs738462
chr22	46479846	rs3827409
chr22	46480586	rs1984519
chr22	46481492	rs2223515
chr22	46482141	rs1122940
chr22	46482230	rs738461
chr22	46483125	rs5767216
chr22	46483790	rs3827410
chr22	46490626	rs5767221
chr22	46492021	rs5768827
chr22	46492987	rs9616022
chr22	46495246	rs2337049
chr22	46500594	rs9616027
chr22	46501527	rs5767230
chr22	46502557	rs9616028
chr22	46503118	rs3788718
chr22	46504565	rs5768857
chr22	46505862	rs2064262
chr22	46509636	rs3788723
chr22	46510201	rs5768864
chr22	46511545	rs2206361
chr22	46511719	rs2337053
chr22	46511882	rs9615374
chr22	46512039	rs6008883
chr22	46513458	rs4823838
chr22	46514733	rs2337055
chr22	46515399	rs3788726
chr22	46515848	rs5768870
chr22	46517877	rs4823839
chr22	46520383	rs17589429
chr22	46521063	rs5768880
chr22	46523644	rs9615376
chr22	46523864	rs9616036
chr22	46524009	rs5767240
chr22	46524879	rs6008891
chr22	46525163	rs4823556
chr22	46525961	rs5768892
chr22	46526237	rs4823560
chr22	46526333	rs9616040
chr22	46527141	rs5768895
chr22	46528357	rs5767244
chr22	46530437	rs4823848
chr22	46530585	rs4823849
chr22	46532369	rs3788727
chr22	46533292	rs5767247
chr22	46533795	rs4823561
chr22	46534210	rs8141744
chr22	46535941	rs1009155
chr22	46540506	rs5768918
chr22	46540893	rs5767253
chr22	46546172	rs4823852
chr22	46547790	rs3810636
chr22	46549558	rs760625
chr22	46550230	rs738244
chr22	46552556	rs738242
chr22	46553125	rs4823854
chr22	46553364	rs4823563
chr22	46553395	rs9616045
chr22	46555232	rs6008905
chr22	46555542	rs6008906
chr22	46557636	rs5768946
chr22	46558082	rs1883194
chr22	46560589	rs5768956
chr22	46562610	rs41346347
chr22	46565381	rs738240
chr22	46568370	rs5767265
chr22	46568939	rs2205770
chr22	46569011	rs5768966
chr22	46571986	rs2049936
chr22	46572296	rs738238
chr22	46572389	rs738237
chr22	46580660	rs11090889
chr22	46581342	rs5768982
chr22	46581805	rs9627512
chr22	46582879	rs5768984
chr22	46583343	rs1079837
chr22	46584345	rs12485133
chr22	46586988	rs16995468
chr22	46587848	rs5767276
chr22	46588409	rs875778
chr22	46591190	rs5769001
chr22	46596937	rs5769010
chr22	46597920	rs16995472
chr22	46599944	rs138548
chr22	46600051	rs138547
chr22	46600412	rs6520049
chr22	46600632	rs7284865
chr22	46602247	rs4823569
chr22	46604212	rs5767289
chr22	46604349	rs7286927
chr22	46606783	rs138544
chr22	46606941	rs138541
chr22	46608251	rs138532
chr22	46609515	rs138528
chr22	46609843	rs138525
chr22	46610055	rs138523
chr22	46610350	rs138521
chr22	46610615	rs138517
chr22	46613974	rs9917583
chr22	46622269	rs9616080
chr22	46625162	rs6008933
chr22	46625306	rs138481
chr22	46626099	rs138480
chr22	46627232	rs13053318
chr22	46634343	rs138475
chr22	46636189	rs138473
chr22	46640199	rs7287139
chr22	46640554	rs6008936
chr22	46641962	rs6008938
chr22	46642184	rs6008939
chr22	46651214	rs2542019
chr22	46654847	rs9616086
chr22	46660659	rs2748335
chr22	46661294	rs2076707
chr22	46661676	rs2076710
chr22	46663475	rs2542037
chr22	46665079	rs6008944
chr22	46667433	rs867212
chr22	46667462	rs885792
chr22	46675963	rs2748341
chr22	46679565	rs3179
chr22	46682663	rs9616096
chr22	46682693	rs2542025
chr22	46683668	rs41478950
chr22	46684129	rs801724
chr22	46685819	rs801721
chr22	46686126	rs3747258
chr22	46686448	rs801719
chr22	46688799	rs135668
chr22	46691386	rs5769083
chr22	46695424	rs135676
chr22	46697904	rs135678
chr22	46698493	rs135680
chr22	46701053	rs135686
chr22	46703072	rs743035
chr22	46705175	rs6008953
chr22	46706495	rs6008954
chr22	46706825	rs135695
chr22	46707010	rs85598
chr22	46707615	rs135697
chr22	46708114	rs135698
chr22	46708409	rs801728
chr22	46708802	rs5769101
chr22	46709961	rs4823872
chr22	46710050	rs8140310
chr22	46710818	rs135700
chr22	46711891	rs2111399
chr22	46712772	rs6008957
chr22	46713628	rs135702
chr22	46713724	rs13054785
chr22	46718624	rs5769109
chr22	46718766	rs6008964
chr22	46719928	rs9627540
chr22	46721008	rs12166204
chr22	46727719	rs9626899
chr22	46728930	rs5769118
chr22	46730787	rs9616113
chr22	46730818	rs12628356
chr22	46736153	rs1861739
chr22	46739308	rs5769126
chr22	46741599	rs17761882
chr22	46741846	rs17761888
chr22	46742762	rs761906
chr22	46747331	rs17761950
chr22	46747956	rs2111400
chr22	46749381	rs710123
chr22	46750325	rs16995672
chr22	46750478	rs4823572
chr22	46750787	rs8135194
chr22	46751220	rs17221476
chr22	46760806	rs5769136
chr22	46761242	rs801643
chr22	46761715	rs5769139
chr22	46762282	rs12389
chr22	46773373	rs8142916
chr22	46773778	rs811887
chr22	46775559	rs801628
chr22	46775646	rs801626
chr22	46779918	rs17762038
chr22	46780810	rs801619
chr22	46782714	rs5767353
chr22	46783423	rs801616
chr22	46786377	rs801611
chr22	46788886	rs6520053
chr22	46789518	rs801605
chr22	46789707	rs801604
chr22	46791354	rs801603
chr22	46795802	rs809031
chr22	46797727	rs801594
chr22	46799377	rs5769162
chr22	46799784	rs5769165
chr22	46800627	rs2542028
chr22	46802158	rs710122
chr22	46804079	rs5769170
chr22	46804283	rs812942
chr22	46813048	rs139577
chr22	46813598	rs139578
chr22	46813910	rs139580
chr22	46823409	rs139590
chr22	46828584	rs139596
chr22	46831424	rs17834914
chr22	46834451	rs974226
chr22	46839219	rs6008983
chr22	46839543	rs6008984
chr22	46842529	rs11090899
chr22	46843122	rs17834950
chr22	46843245	rs1573727
chr22	46844025	rs12171068
chr22	46844967	rs1573730
chr22	46849062	rs6008988
chr22	46851274	rs6008991
chr22	46852173	rs11912841
chr22	46852492	rs882442
chr22	46852708	rs5767374
chr22	46853319	rs17834998
chr22	46853704	rs1984407
chr22	46855229	rs4823882
chr22	46858686	rs4823574
chr22	46862283	rs6009003
chr22	46864258	rs6009006
chr22	46866492	rs2097359
chr22	46870754	rs12627847
chr22	46872010	rs131860
chr22	46872173	rs8136758
chr22	46875321	rs131864
chr22	46875851	rs140535
chr22	46878742	rs131869
chr22	46880006	rs131874
chr22	46880501	rs140537
chr22	46881374	rs131875
chr22	46883141	rs3091395
chr22	46884364	rs6009017
chr22	46889500	rs12170279
chr22	46889590	rs5769204
chr22	46890759	rs9627601
chr22	46891177	rs9627605
chr22	46896358	rs12160779
chr22	46896457	rs4378909
chr22	46896592	rs738932
chr22	46896641	rs16995849
chr22	46899760	rs6009040
chr22	46899981	rs6009041
chr22	46900516	rs6007993
chr22	46900678	rs4823889
chr22	46900925	rs6007994
chr22	46901697	rs6007995
chr22	46901883	rs3905396
chr22	46905893	rs5767396
chr22	46906090	rs5769230
chr22	46906411	rs1107131
chr22	46906541	rs1107133
chr22	46906688	rs5767402
chr22	46907228	rs916000
chr22	46908031	rs5769232
chr22	46908974	rs6009047
chr22	46909986	rs4823584
chr22	46910168	rs4823585
chr22	46910293	rs130984
chr22	46910497	rs5767406
chr22	46911281	rs6009052
chr22	46911334	rs16995962
chr22	46913351	rs17762500
chr22	46913455	rs16995971
chr22	46914120	rs16995978
chr22	46914640	rs4823894
chr22	46914661	rs9616150
chr22	46915905	rs16995981
chr22	46916038	rs9616151
chr22	46916202	rs9616152
chr22	46916421	rs9616153
chr22	46917454	rs5767412
chr22	46917818	rs6009053
chr22	46918194	rs1557500
chr22	46918305	rs4823895
chr22	46919648	rs6008001
chr22	46920045	rs11913978
chr22	46921996	rs5769248
chr22	46923312	rs130985
chr22	46923668	rs9616157
chr22	46924079	rs753936
chr22	46924947	rs753097
chr22	46925224	rs1569517
chr22	46927521	rs2878903
chr22	46929297	rs2064165
chr22	46929624	rs7291004
chr22	46929922	rs7284894
chr22	46931996	rs1983567
chr22	46932688	rs9616163
chr22	46934432	rs5769272
chr22	46936186	rs9616165
chr22	46936794	rs17762560
chr22	46942542	rs4431
chr22	46943845	rs9616170
chr22	46945862	rs713783
chr22	46948101	rs136067
chr22	46948313	rs136068
chr22	46948634	rs9616171
chr22	46949514	rs136070
chr22	46952789	rs136078
chr22	46952938	rs136079
chr22	46953822	rs6009068
chr22	46954407	rs9616176
chr22	46955035	rs6009069
chr22	46958417	rs6009072
chr22	46958682	rs9616178
chr22	46962471	rs136094
chr22	46965348	rs136100
chr22	46967360	rs6009076
chr22	46967517	rs136101
chr22	46969437	rs136104
chr22	46972772	rs136109
chr22	46973764	rs136110
chr22	46974164	rs4436
chr22	46974447	rs4437
chr22	46976434	rs4439
chr22	46978082	rs9616187
chr22	46984564	rs4440
chr22	46984710	rs136120
chr22	46985822	rs136121
chr22	46987722	rs136126
chr22	46991420	rs136134
chr22	46991726	rs136135
chr22	46991896	rs136136
chr22	46992699	rs136140
chr22	46992913	rs12158185
chr22	46994239	rs8138968
chr22	46995414	rs2239755
chr22	46997271	rs6009092
chr22	46997339	rs3827413
chr22	46998242	rs9627641
chr22	46998604	rs7289525
chr22	46999319	rs8139923
chr22	47001539	rs12168093
chr22	47006174	rs6009094
chr22	47006455	rs6009095
chr22	47006668	rs6009096
chr22	47007328	rs12158956
chr22	47009165	rs11703362
chr22	47011763	rs11703540
chr22	47016554	rs713808
chr22	47017053	rs1005553
chr22	47018345	rs6009103
chr22	47020403	rs6009104
chr22	47020666	rs6009105
chr22	47023620	rs131941
chr22	47026345	rs131945
chr22	47026413	rs8143141
chr22	47029381	rs131948
chr22	47034374	rs4495
chr22	47036356	rs6009115
chr22	47040806	rs5767437
chr22	47041535	rs8139696
chr22	47041977	rs131884
chr22	47042211	rs131887
chr22	47042379	rs131889
chr22	47042496	rs131890
chr22	47044773	rs4476
chr22	47044874	rs140539
chr22	47045528	rs131900
chr22	47047490	rs131910
chr22	47051541	rs131919
chr22	47055015	rs131924
chr22	47057641	rs5769336
chr22	47058768	rs86559
chr22	47059541	rs16996270
chr22	47063014	rs131930
chr22	47064787	rs5769346
chr22	47068009	rs17175157
chr22	47068965	rs6009119
chr22	47071553	rs8139100
chr22	47072105	rs8138814
chr22	47075714	rs739012
chr22	47077842	rs12484089
chr22	47077902	rs8141788
chr22	47082687	rs2144410
chr22	47084061	rs5769362
chr22	47087251	rs5769363
chr22	47093574	rs4823464
chr22	47093657	rs16996345
chr22	47094301	rs2337228
chr22	47094607	rs713637
chr22	47094721	rs2092837
chr22	47095119	rs5767482
chr22	47096293	rs4823590
chr22	47101312	rs2180149
chr22	47101421	rs11914221
chr22	47101892	rs9615461
chr22	47103653	rs5766673
chr22	47104887	rs5767489
chr22	47105184	rs2180150
chr22	47107171	rs2009905
chr22	47107468	rs737780
chr22	47107688	rs5767494
chr22	47108068	rs2337232
chr22	47108219	rs5767497
chr22	47108386	rs5767499
chr22	47108660	rs5766676
chr22	47114025	rs5766679
chr22	47115550	rs910540
chr22	47115968	rs910541
chr22	47122935	rs2295245
chr22	47123708	rs738662
chr22	47130101	rs5767517
chr22	47133514	rs738665
chr22	47133815	rs13055207
chr22	47134506	rs4823468
chr22	47135302	rs5767523
chr22	47135338	rs5767524
chr22	47135677	rs4823597
chr22	47136753	rs5766691
chr22	47140239	rs5767528
chr22	47144333	rs6007608
chr22	47148148	rs13057083
chr22	47151499	rs5767536
chr22	47152469	rs738667
chr22	47152678	rs738669
chr22	47155884	rs6008046
chr22	47157062	rs9306496
chr22	47158748	rs7288121
chr22	47160588	rs754890
chr22	47160700	rs910542
chr22	47161995	rs4823603
chr22	47162235	rs4823473
chr22	47163806	rs5767553
chr22	47164154	rs5766701
chr22	47165135	rs4823474
chr22	47165824	rs5766706
chr22	47166145	rs6008051
chr22	47166338	rs6007618
chr22	47166833	rs4621265
chr22	47167354	rs4823608
chr22	47168657	rs5767557
chr22	47169349	rs6008054
chr22	47170288	rs738673
chr22	47171039	rs7291893
chr22	47171101	rs7290374
chr22	47171266	rs1884288
chr22	47171844	rs17222768
chr22	47172228	rs2337243
chr22	47175442	rs2294295
chr22	47175560	rs15646
chr22	47177245	rs470036
chr22	47177264	rs9626689
chr22	47177313	rs470037
chr22	47177505	rs470039
chr22	47178256	rs135368
chr22	47180176	rs12159087
chr22	47181325	rs6007626
chr22	47186735	rs135374
chr22	47188777	rs6008071
chr22	47194549	rs9626694
chr22	47197663	rs9626698
chr22	47200209	rs6007633
chr22	47207419	rs5767585
chr22	47208821	rs875029
chr22	47214002	rs9626701
chr22	47214164	rs9626702
chr22	47215451	rs5767591
chr22	47215743	rs5767592
chr22	47218396	rs8142133
chr22	47222811	rs5766724
chr22	47223844	rs1467445
chr22	47224043	rs2337247
chr22	47226849	rs4140487
chr22	47229214	rs4823615
chr22	47229328	rs4823616
chr22	47229494	rs4823617
chr22	47229642	rs7287866
chr22	47233067	rs7289737
chr22	47235271	rs135134
chr22	47235741	rs8140251
chr22	47236255	rs135138
chr22	47236269	rs135139
chr22	47238577	rs136616
chr22	47239220	rs4823622
chr22	47239541	rs1894519
chr22	47246350	rs136618
chr22	47248899	rs2227106
chr22	47249535	rs4823625
chr22	47249839	rs2337251
chr22	47250250	rs136621
chr22	47250301	rs136622
chr22	47250592	rs2187792
chr22	47250833	rs5767622
chr22	47252483	rs9615479
chr22	47256298	rs136631
chr22	47257799	rs9615482
chr22	47259525	rs732275
chr22	47261358	rs136633
chr22	47261885	rs136636
chr22	47263264	rs11704468
chr22	47263500	rs80451
chr22	47265976	rs136641
chr22	47266131	rs136642
chr22	47267276	rs136645
chr22	47268844	rs136646
chr22	47269076	rs80454
chr22	47269479	rs136653
chr22	47270455	rs5767640
chr22	47271529	rs6008112
chr22	47275144	rs5767645
chr22	47275457	rs11090754
chr22	47275829	rs12166623
chr22	47279533	rs9626986
chr22	47281962	rs7292335
chr22	47283546	rs9615146
chr22	47284151	rs766168
chr22	47288055	rs6008118
chr22	47289286	rs11704789
chr22	47291344	rs17175822
chr22	47291420	rs1005239
chr22	47291868	rs1005241
chr22	47292253	rs2187793
chr22	47292599	rs12628369
chr22	47296373	rs8135985
chr22	47296811	rs7287525
chr22	47296886	rs5767654
chr22	47305576	rs916270
chr22	47310705	rs5767664
chr22	47310752	rs739115
chr22	47311443	rs5767666
chr22	47311994	rs5767668
chr22	47312627	rs5767670
chr22	47315065	rs5767675
chr22	47316086	rs5767676
chr22	47321031	rs5766751
chr22	47321390	rs880840
chr22	47329635	rs5767692
chr22	47331830	rs2051592
chr22	47331948	rs5766755
chr22	47333185	rs2337522
chr22	47333205	rs2337523
chr22	47333549	rs732494
chr22	47336990	rs2001087
chr22	47337028	rs2001088
chr22	47339669	rs4823632
chr22	47340268	rs5767699
chr22	47344452	rs743822
chr22	47345140	rs2016410
chr22	47352781	rs6008150
chr22	47352800	rs6008151
chr22	47356361	rs140530
chr22	47356532	rs131850
chr22	47357825	rs6008159
chr22	47359575	rs11090762
chr22	47361564	rs4823634
chr22	47362540	rs2337542
chr22	47367408	rs131853
chr22	47370433	rs8136815
chr22	47370469	rs4501046
chr22	47372143	rs713983
chr22	47373176	rs6008166
chr22	47373562	rs6008169
chr22	47374263	rs6008171
chr22	47375550	rs9615513
chr22	47376055	rs470122
chr22	47376946	rs9615154
chr22	47385095	rs9615156
chr22	47385597	rs12628600
chr22	47385912	rs12159062
chr22	47387537	rs9626722
chr22	47387702	rs11090767
chr22	47390264	rs916233
chr22	47390912	rs882403
chr22	47391141	rs916234
chr22	47394322	rs12483769
chr22	47396863	rs4823638
chr22	47403355	rs13054408
chr22	47404809	rs4823639
chr22	47406159	rs5767728
chr22	47407032	rs6008190
chr22	47407652	rs761252
chr22	47409420	rs4823481
chr22	47410446	rs4823640
chr22	47412102	rs7290806
chr22	47419362	rs12166984
chr22	47422454	rs130843
chr22	47423633	rs12628532
chr22	47424918	rs4823482
chr22	47430584	rs6008205
chr22	47435027	rs763031
chr22	47436362	rs713999
chr22	47437863	rs130862
chr22	47440662	rs2040411
chr22	47441069	rs17251638
chr22	47441763	rs2027855
chr22	47443340	rs2157329
chr22	47446474	rs130867
chr22	47447199	rs130869
chr22	47447797	rs11090774
chr22	47449042	rs6008214
chr22	47450455	rs1076930
chr22	47455600	rs130872
chr22	47456008	rs929048
chr22	47456438	rs470047
chr22	47461546	rs135450
chr22	47461802	rs130878
chr22	47464470	rs9615159
chr22	47466495	rs3736676
chr22	47466978	rs728100
chr22	47468901	rs6008226
chr22	47469015	rs6007671
chr22	47474754	rs2337501
chr22	47474961	rs739010
chr22	47475487	rs5767754
chr22	47478923	rs4568046
chr22	47483361	rs8139889
chr22	47487014	rs6008234
chr22	47494365	rs1981462
chr22	47497304	rs2301382
chr22	47504096	rs4823484
chr22	47509573	rs131056
chr22	47510865	rs12159918
chr22	47511955	rs135585
chr22	47513977	rs1297369
chr22	47514518	rs1297370
chr22	47514901	rs6008242
chr22	47515244	rs1297371
chr22	47515285	rs1297372
chr22	47520128	rs1297376
chr22	47522071	rs1297379
chr22	47525232	rs6008245
chr22	47527079	rs7286445
chr22	47533888	rs6008249
chr22	47533992	rs135141
chr22	47539616	rs5767784
chr22	47540119	rs130473
chr22	47541906	rs5767791
chr22	47542815	rs738486
chr22	47543790	rs713674
chr22	47545159	rs130481
chr22	47547776	rs130486
chr22	47548520	rs4263223
chr22	47548999	rs10460765
chr22	47550485	rs761419
chr22	47552768	rs17668040
chr22	47552839	rs5767804
chr22	47554135	rs11703637
chr22	47556456	rs6008263
chr22	47558406	rs6008266
chr22	47560447	rs8136633
chr22	47561140	rs17668240
chr22	47561397	rs2064433
chr22	47561768	rs41342646
chr22	47563954	rs6007694
chr22	47564402	rs7290053
chr22	47565311	rs2239762
chr22	47567463	rs1108364
chr22	47571944	rs916587
chr22	47572413	rs5767810
chr22	47572701	rs6007696
chr22	47573171	rs16997104
chr22	47575021	rs10854837
chr22	47575292	rs929020
chr22	47584229	rs6007699
chr22	47588203	rs13056610
chr22	47588355	rs13056034
chr22	47591949	rs5766806
chr22	47592182	rs2010531
chr22	47593642	rs131100
chr22	47594626	rs5767822
chr22	47595180	rs135589
chr22	47597558	rs1858754
chr22	47603022	rs9615554
chr22	47610081	rs4823663
chr22	47610425	rs5766814
chr22	47610770	rs5767831
chr22	47612287	rs5767832
chr22	47613142	rs6007705
chr22	47613184	rs6008295
chr22	47613528	rs6008297
chr22	47614371	rs16997217
chr22	47614407	rs6008305
chr22	47614921	rs5767833
chr22	47614949	rs5767834
chr22	47615353	rs6008308
chr22	47617644	rs13054531
chr22	47620449	rs16997231
chr22	47620643	rs5767841
chr22	47620840	rs8138413
chr22	47621509	rs6008310
chr22	47622501	rs4334580
chr22	47622808	rs9615178
chr22	47623066	rs738721
chr22	47623516	rs13053173
chr22	47623728	rs738715
chr22	47625237	rs877528
chr22	47626271	rs5767849
chr22	47626454	rs11704217
chr22	47627548	rs12053799
chr22	47628069	rs11705127
chr22	47630699	rs2337970
chr22	47631005	rs761880
chr22	47631699	rs9626750
chr22	47633235	rs9627093
chr22	47633473	rs738713
chr22	47636696	rs6007710
chr22	47639129	rs17669639
chr22	47646711	rs5767868
chr22	47648911	rs5767876
chr22	47650140	rs5767881
chr22	47651382	rs17669761
chr22	47651764	rs7285551
chr22	47655044	rs17669943
chr22	47658059	rs5767887
chr22	47658592	rs9615573
chr22	47665021	rs450415
chr22	47666450	rs16997316
chr22	47666502	rs449050
chr22	47669396	rs371022
chr22	47672367	rs132103
chr22	47674865	rs132125
chr22	47678274	rs9615582
chr22	47678312	rs132146
chr22	47678958	rs9615187
chr22	47688513	rs9306501
chr22	47688550	rs462467
chr22	47690040	rs132163
chr22	47690113	rs6358
chr22	47690166	rs6359
chr22	47690734	rs4823673
chr22	47691074	rs9306502
chr22	47692435	rs5767921
chr22	47692982	rs1013519
chr22	47693100	rs116058
chr22	47694109	rs132174
chr22	47695320	rs6008324
chr22	47701342	rs9615594
chr22	47704460	rs5767932
chr22	47705255	rs6008329
chr22	47707627	rs8141392
chr22	47711305	rs400116
chr22	47714510	rs386300
chr22	47717297	rs416962
chr22	47717378	rs6007724
chr22	47717463	rs5767947
chr22	47725303	rs6008341
chr22	47728261	rs132183
chr22	47729268	rs6008347
chr22	47729502	rs6008349
chr22	47730651	rs4823495
chr22	47734001	rs4823685
chr22	47734445	rs132192
chr22	47734964	rs132194
chr22	47736510	rs132195
chr22	47736839	rs6008359
chr22	47738618	rs132198
chr22	47740574	rs743098
chr22	47741553	rs6008363
chr22	47748164	rs132210
chr22	47748198	rs6008371
chr22	47750085	rs5767968
chr22	47750988	rs6007738
chr22	47751812	rs998937
chr22	47753448	rs1998058
chr22	47754236	rs5767972
chr22	47754327	rs12165965
chr22	47757488	rs6008375
chr22	47757762	rs5767974
chr22	47757989	rs9615215
chr22	47758212	rs9615216
chr22	47758265	rs132215
chr22	47758896	rs9615626
chr22	47763237	rs5767976
chr22	47763655	rs6007742
chr22	47763885	rs9627131
chr22	47765148	rs11090785
chr22	47765382	rs1003567
chr22	47766382	rs2338254
chr22	47767545	rs16997544
chr22	47773557	rs4315633
chr22	47776775	rs12167037
chr22	47777842	rs11703636
chr22	47778907	rs16997552
chr22	47780101	rs9615630
chr22	47781315	rs738731
chr22	47781959	rs6008387
chr22	47782356	rs9627141
chr22	47782386	rs9615217
chr22	47782489	rs7288088
chr22	47782524	rs7288105
chr22	47782878	rs9626769
chr22	47783584	rs12165516
chr22	47784726	rs738738
chr22	47785871	rs9615635
chr22	47786810	rs4239938
chr22	47787242	rs9626773
chr22	47788140	rs17616262
chr22	47789133	rs9615637
chr22	47792504	rs5767992
chr22	47792527	rs9615639
chr22	47794849	rs720439
chr22	47795146	rs720442
chr22	47796883	rs5766879
chr22	47797897	rs1884696
chr22	47798614	rs5767995
chr22	47799946	rs9615221
chr22	47802363	rs5768001
chr22	47802442	rs8184974
chr22	47804031	rs5768002
chr22	47804798	rs932548
chr22	47804843	rs9615222
chr22	47805265	rs5768003
chr22	47806806	rs4823694
chr22	47808125	rs9615647
chr22	47811569	rs16994709
chr22	47812123	rs5768007
chr22	47813259	rs6008401
chr22	47813460	rs2208121
chr22	47813539	rs2208122
chr22	47815659	rs4823696
chr22	47816526	rs11703828
chr22	47817733	rs1884698
chr22	47818327	rs6007751
chr22	47819063	rs2208123
chr22	47821073	rs5768016
chr22	47821516	rs1983705
chr22	47823094	rs9615651
chr22	47823203	rs5768019
chr22	47825231	rs6008410
chr22	47825413	rs4823701
chr22	47825870	rs5768023
chr22	47825976	rs4823702
chr22	47826296	rs4823703
chr22	47826315	rs4823704
chr22	47828091	rs5766894
chr22	47828811	rs5768034
chr22	47830004	rs4823709
chr22	47830030	rs5766898
chr22	47830112	rs5766899
chr22	47831652	rs7286675
chr22	47835608	rs738744
chr22	47836668	rs9615654
chr22	47839093	rs4823715
chr22	47839457	rs1010615
chr22	47840194	rs5768056
chr22	47840491	rs4140399
chr22	47841340	rs6007754
chr22	47844551	rs971252
chr22	47844831	rs5768065
chr22	47846536	rs1117482
chr22	47847639	rs5768068
chr22	47848117	rs9627162
chr22	47848514	rs5766906
chr22	47850649	rs738745
chr22	47851002	rs9306504
chr22	47851622	rs13056344
chr22	47852148	rs1807611
chr22	47854132	rs2093039
chr22	47854987	rs2103957
chr22	47857697	rs1157016
chr22	47858065	rs5766911
chr22	47859190	rs5766912
chr22	47861547	rs5768095
chr22	47862481	rs761916
chr22	47862544	rs761917
chr22	47862628	rs761918
chr22	47862933	rs7288588
chr22	47869327	rs4823506
chr22	47871610	rs16997776
chr22	47873762	rs2064803
chr22	47874996	rs11090797
chr22	47875259	rs9615659
chr22	47876022	rs728592
chr22	47876212	rs4823717
chr22	47877881	rs6008435
chr22	47878122	rs5766921
chr22	47878283	rs4823719
chr22	47878603	rs4823722
chr22	47878648	rs17681212
chr22	47878750	rs16997800
chr22	47880951	rs7285836
chr22	47882245	rs16997815
chr22	47883228	rs6008436
chr22	47884328	rs6008438
chr22	47884757	rs2064804
chr22	47884992	rs2064806
chr22	47885478	rs5768107
chr22	47885648	rs1983704
chr22	47885881	rs5768108
chr22	47886845	rs6007757
chr22	47887428	rs4823723
chr22	47887969	rs13053663
chr22	47888276	rs2338258
chr22	47888765	rs9627183
chr22	47889139	rs9627184
chr22	47890086	rs12157656
chr22	47891569	rs8136986
chr22	47892188	rs5768114
chr22	47892644	rs5768115
chr22	47893425	rs738730
chr22	47894005	rs5768117
chr22	47895828	rs9615661
chr22	47899547	rs6007760
chr22	47899600	rs9615662
chr22	47899668	rs738733
chr22	47900399	rs5768132
chr22	47900537	rs10854842
chr22	47900560	rs12169313
chr22	47900955	rs5768133
chr22	47902204	rs5768135
chr22	47902310	rs16997862
chr22	47902876	rs5768136
chr22	47904645	rs5768137
chr22	47904900	rs9615666
chr22	47909224	rs9615231
chr22	47911295	rs5768143
chr22	47912155	rs5768148
chr22	47912613	rs9615669
chr22	47913616	rs5768149
chr22	47918714	rs5768156
chr22	47919800	rs5766941
chr22	47921354	rs5768163
chr22	47922253	rs4990141
chr22	47922383	rs874960
chr22	47922449	rs5768165
chr22	47922488	rs874961
chr22	47922574	rs874962
chr22	47923532	rs875271
chr22	47923586	rs5768168
chr22	47925374	rs9615234
chr22	47925680	rs9615235
chr22	47928074	rs7288944
chr22	47928595	rs5768178
chr22	47928916	rs16997937
chr22	47929025	rs5768179
chr22	47929775	rs1884516
chr22	47929944	rs16997941
chr22	47931064	rs715609
chr22	47931621	rs5768187
chr22	47946992	rs738705
chr22	47947322	rs16997973
chr22	47947640	rs5766958
chr22	47949012	rs17694640
chr22	47958090	rs2144784
chr22	47961114	rs5768213
chr22	47963191	rs6007768
chr22	47963676	rs6007769
chr22	47963760	rs6007770
chr22	47964184	rs6008478
chr22	47964424	rs6007771
chr22	47964736	rs16998000
chr22	47964830	rs6008480
chr22	47964880	rs16998007
chr22	47966541	rs1028528
chr22	47968488	rs9615699
chr22	47969374	rs13055322
chr22	47969523	rs8141309
chr22	47970128	rs12167780
chr22	47970435	rs12169304
chr22	47975382	rs8142942
chr22	47975667	rs6008485
chr22	47975972	rs5768220
chr22	47982988	rs2144786
chr22	47985376	rs12628776
chr22	47985627	rs9615717
chr22	47986909	rs5768231
chr22	47988015	rs5768235
chr22	47989201	rs734534
chr22	47989475	rs5768239
chr22	47991189	rs6007777
chr22	47993040	rs5768247
chr22	47993510	rs5768248
chr22	47993731	rs9615724
chr22	47995689	rs9627209
chr22	47997174	rs6007778
chr22	47998997	rs10483240
chr22	48001030	rs5766970
chr22	48001148	rs9615252
chr22	48001925	rs6008500
chr22	48002325	rs5768256
chr22	48002740	rs11090806
chr22	48002810	rs5768257
chr22	48006535	rs2338507
chr22	48006604	rs2879191
chr22	48008771	rs6008503
chr22	48010815	rs5766980
chr22	48013311	rs5768271
chr22	48013783	rs135346
chr22	48014632	rs7286599
chr22	48014902	rs5768273
chr22	48016502	rs7287069
chr22	48017155	rs135344
chr22	48017685	rs135341
chr22	48017894	rs5768278
chr22	48018683	rs135338
chr22	48020246	rs135334
chr22	48020943	rs2157157
chr22	48022038	rs7286295
chr22	48022351	rs135332
chr22	48022763	rs9615256
chr22	48023420	rs1543788
chr22	48024668	rs5768286
chr22	48025172	rs9615257
chr22	48025802	rs135330
chr22	48028080	rs16998194
chr22	48028113	rs135323
chr22	48028928	rs9615258
chr22	48034423	rs5768297
chr22	48036142	rs5766999
chr22	48037068	rs6008515
chr22	48037479	rs9627225
chr22	48038245	rs743094
chr22	48038895	rs738704
chr22	48040985	rs7285183
chr22	48041463	rs4823729
chr22	48041645	rs7288286
chr22	48042468	rs5768301
chr22	48046756	rs9615260
chr22	48049142	rs11090812
chr22	48049404	rs4823511
chr22	48050499	rs5767002
chr22	48052959	rs6008528
chr22	48054121	rs6008530
chr22	48056138	rs9615746
chr22	48057849	rs1014674
chr22	48058609	rs715521
chr22	48058653	rs12169131
chr22	48058747	rs5768310
chr22	48058876	rs135264
chr22	48061323	rs5768311
chr22	48061457	rs5768312
chr22	48061879	rs737791
chr22	48062386	rs5768314
chr22	48064128	rs135269
chr22	48064749	rs135270
chr22	48064872	rs17697394
chr22	48065003	rs135272
chr22	48068195	rs9306509
chr22	48071753	rs135279
chr22	48073089	rs135281
chr22	48075535	rs9627236
chr22	48077422	rs135288
chr22	48077455	rs135289
chr22	48078001	rs135291
chr22	48078424	rs5767013
chr22	48078471	rs5767014
chr22	48082112	rs135295
chr22	48082341	rs6008549
chr22	48082524	rs9615753
chr22	48082612	rs135297
chr22	48083914	rs135299
chr22	48085648	rs6007798
chr22	48087568	rs7289613
chr22	48087741	rs7289922
chr22	48088716	rs5768341
chr22	48093254	rs135307
chr22	48094482	rs738979
chr22	48095343	rs5768344
chr22	48096728	rs12172194
chr22	48096846	rs11090820
chr22	48096896	rs6008554
chr22	48097841	rs5768348
chr22	48097946	rs7291604
chr22	48098941	rs5768350
chr22	48101837	rs6007800
chr22	48104570	rs5767024
chr22	48104712	rs5767026
chr22	48105541	rs5768355
chr22	48105877	rs9626807
chr22	48114379	rs16998380
chr22	48115558	rs6008557
chr22	48116035	rs7284331
chr22	48120878	rs6008558
chr22	48123977	rs4823512
chr22	48125352	rs6008561
chr22	48129965	rs9627251
chr22	48130883	rs6007804
chr22	48134307	rs131125
chr22	48134394	rs131126
chr22	48134953	rs131127
chr22	48137921	rs5768366
chr22	48138523	rs11705272
chr22	48138874	rs5768367
chr22	48138937	rs9626812
chr22	48140657	rs131132
chr22	48140856	rs1018793
chr22	48141512	rs5767030
chr22	48141677	rs1005489
chr22	48141946	rs6008564
chr22	48141958	rs6007807
chr22	48142555	rs6008565
chr22	48142594	rs11705447
chr22	48142624	rs6007808
chr22	48142946	rs2338671
chr22	48143237	rs5768372
chr22	48143600	rs5768373
chr22	48145504	rs1467901
chr22	48150468	rs131137
chr22	48153216	rs9615766
chr22	48156346	rs131147
chr22	48158205	rs35099789
chr22	48161123	rs5768399
chr22	48165576	rs135618
chr22	48166772	rs6008567
chr22	48167363	rs5768405
chr22	48170111	rs80281
chr22	48173792	rs2001902
chr22	48175444	rs8140457
chr22	48175636	rs5768418
chr22	48180916	rs133519
chr22	48183154	rs9615270
chr22	48183261	rs9615271
chr22	48185244	rs9615272
chr22	48188800	rs941418
chr22	48189002	rs133526
chr22	48189107	rs6008573
chr22	48192148	rs926233
chr22	48193525	rs6008575
chr22	48193540	rs6008576
chr22	48194278	rs6008577
chr22	48195117	rs133528
chr22	48195433	rs6007812
chr22	48195632	rs133530
chr22	48196573	rs133533
chr22	48197225	rs133534
chr22	48198497	rs12169853
chr22	48198840	rs133535
chr22	48203253	rs12484143
chr22	48204631	rs12484168
chr22	48207483	rs7286079
chr22	48207612	rs9615282
chr22	48207690	rs5767063
chr22	48210499	rs9306510
chr22	48211202	rs5767064
chr22	48212564	rs12484098
chr22	48213882	rs5768445
chr22	48214031	rs9615800
chr22	48215416	rs8137558
chr22	48215934	rs9615801
chr22	48216044	rs9615287
chr22	48217001	rs9615288
chr22	48218387	rs12484834
chr22	48219142	rs9615807
chr22	48219909	rs738184
chr22	48221710	rs9615811
chr22	48221836	rs9615812
chr22	48222886	rs7287281
chr22	48222974	rs7291351
chr22	48223072	rs7287573
chr22	48223807	rs9615292
chr22	48224161	rs5768450
chr22	48224827	rs9615819
chr22	48224918	rs9615294
chr22	48224972	rs5767067
chr22	48225090	rs6519983
chr22	48225635	rs713844
chr22	48225910	rs5768453
chr22	48226839	rs1883133
chr22	48228180	rs713762
chr22	48228997	rs2013591
chr22	48234372	rs13054085
chr22	48235872	rs133545
chr22	48237405	rs9615297
chr22	48241244	rs469999
chr22	48241507	rs5767076
chr22	48243659	rs1980432
chr22	48244181	rs133565
chr22	48245655	rs133567
chr22	48250442	rs4389
chr22	48250476	rs4499
chr22	48254018	rs742025
chr22	48256185	rs1004689
chr22	48256899	rs2338676
chr22	48257164	rs742027
chr22	48257458	rs133575
chr22	48257771	rs133576
chr22	48257967	rs4391
chr22	48258311	rs4823515
chr22	48259138	rs713970
chr22	48264068	rs133580
chr22	48264718	rs133581
chr22	48266726	rs133582
chr22	48267060	rs966938
chr22	48269749	rs4355214
chr22	48270474	rs133587
chr22	48270638	rs133588
chr22	48271349	rs6008604
chr22	48272222	rs133590
chr22	48272948	rs133592
chr22	48274903	rs133595
chr22	48275290	rs6007822
chr22	48276490	rs909502
chr22	48278798	rs133597
chr22	48280341	rs4394
chr22	48281449	rs133603
chr22	48285141	rs2092046
chr22	48285958	rs6007825
chr22	48288009	rs133609
chr22	48288100	rs5768501
chr22	48288289	rs7291899
chr22	48290813	rs12165440
chr22	48291264	rs11702956
chr22	48292312	rs11704333
chr22	48292822	rs6008614
chr22	48294636	rs11704590
chr22	48295341	rs9627288
chr22	48295903	rs133616
chr22	48296756	rs133618
chr22	48297923	rs8141901
chr22	48299054	rs6008618
chr22	48300885	rs926235
chr22	48301445	rs109155
chr22	48305211	rs4396
chr22	48310343	rs8135849
chr22	48310704	rs133629
chr22	48310830	rs1474560
chr22	48312247	rs133633
chr22	48312674	rs2338703
chr22	48313142	rs9615864
chr22	48313376	rs4398
chr22	48313394	rs12167732
chr22	48313754	rs2879244
chr22	48314345	rs470001
chr22	48314507	rs133642
chr22	48314668	rs6008624
chr22	48315804	rs13054702
chr22	48316792	rs4400
chr22	48317415	rs133646
chr22	48318300	rs7287303
chr22	48320051	rs742019
chr22	48320639	rs7293216
chr22	48321214	rs133651
chr22	48321289	rs6008628
chr22	48323568	rs11913704
chr22	48323758	rs9615312
chr22	48324480	rs133654
chr22	48324577	rs6519988
chr22	48324774	rs7288634
chr22	48325773	rs11913692
chr22	48326571	rs133658
chr22	48328067	rs13053803
chr22	48328835	rs133661
chr22	48329302	rs133662
chr22	48329723	rs6519991
chr22	48331184	rs11090830
chr22	48331447	rs133666
chr22	48331862	rs13056403
chr22	48335101	rs742020
chr22	48343830	rs6008656
chr22	48345771	rs133672
chr22	48345986	rs4407
chr22	48346285	rs10427669
chr22	48347437	rs5768543
chr22	48348369	rs5767103
chr22	48349488	rs5768549
chr22	48349863	rs4239939
chr22	48351285	rs6008659
chr22	48353612	rs1883131
chr22	48353851	rs5767109
chr22	48354244	rs4823525
chr22	48354633	rs5768555
chr22	48355516	rs5768556
chr22	48355973	rs2142553
chr22	48356061	rs2142556
chr22	48356585	rs1016454
chr22	48356945	rs2179060
chr22	48357773	rs5768562
chr22	48357984	rs11090831
chr22	48358281	rs5768566
chr22	48361764	rs12483947
chr22	48363117	rs5767120
chr22	48364313	rs4823526
chr22	48369095	rs133675
chr22	48369199	rs4408
chr22	48369346	rs133676
chr22	48370088	rs13347233
chr22	48370238	rs97762
chr22	48370335	rs1078392
chr22	48370979	rs4823756
chr22	48371012	rs4823758
chr22	48371374	rs79072
chr22	48372384	rs4823760
chr22	48375044	rs12160853
chr22	48377456	rs8138593
chr22	48379324	rs9626831
chr22	48379988	rs78508
chr22	48380232	rs130768
chr22	48380420	rs9626832
chr22	48388346	rs130775
chr22	48388445	rs6007842
chr22	48390769	rs130785
chr22	48390985	rs130786
chr22	48393311	rs762882
chr22	48395311	rs12483791
chr22	48396713	rs9627332
chr22	48402150	rs135382
chr22	48405253	rs470042
chr22	48405854	rs130804
chr22	48406006	rs130805
chr22	48406372	rs130806
chr22	48407507	rs130809
chr22	48407632	rs12485161
chr22	48408100	rs130811
chr22	48409313	rs6007846
chr22	48410112	rs130815
chr22	48410548	rs130816
chr22	48411215	rs130819
chr22	48413048	rs135383
chr22	48413100	rs130823
chr22	48414307	rs2879246
chr22	48415283	rs4390855
chr22	48416134	rs1475987
chr22	48417059	rs5768594
chr22	48417149	rs12160106
chr22	48417646	rs6008687
chr22	48419499	rs130834
chr22	48420424	rs11090839
chr22	48420623	rs739107
chr22	48420954	rs5767136
chr22	48423429	rs17634299
chr22	48424211	rs12106638
chr22	48425027	rs730780
chr22	48426807	rs9306511
chr22	48427380	rs11705601
chr22	48427545	rs7293013
chr22	48428755	rs4823530
chr22	48428852	rs6007851
chr22	48429179	rs7288377
chr22	48430183	rs5768608
chr22	48430207	rs916268
chr22	48430338	rs6519997
chr22	48431475	rs2338712
chr22	48432453	rs2338713
chr22	48433574	rs12169256
chr22	48433837	rs16999076
chr22	48433978	rs739105
chr22	48434232	rs16999084
chr22	48434582	rs5768614
chr22	48435146	rs4823535
chr22	48436516	rs6008697
chr22	48436981	rs8136108
chr22	48438387	rs5768620
chr22	48439932	rs16999115
chr22	48440033	rs16999122
chr22	48440230	rs9627347
chr22	48440613	rs135168
chr22	48441615	rs16999151
chr22	48441874	rs16999155
chr22	48441901	rs6008704
chr22	48442095	rs12172263
chr22	48443003	rs4823776
chr22	48444616	rs2071750
chr22	48444895	rs2071751
chr22	48445115	rs9615320
chr22	48445245	rs9615888
chr22	48446524	rs9615322
chr22	48447307	rs9615889
chr22	48447383	rs11913192
chr22	48447666	rs2032489
chr22	48449227	rs2001080
chr22	48449692	rs3747267
chr22	48449814	rs4823778
chr22	48449956	rs4823779
chr22	48452098	rs4823780
chr22	48453285	rs8137007
chr22	48454862	rs5768636
chr22	48454969	rs5768637
chr22	48455047	rs5768638
chr22	48455266	rs9615893
chr22	48455467	rs9615894
chr22	48456751	rs8137943
chr22	48459600	rs5768643
chr22	48460347	rs4823782
chr22	48462411	rs9615899
chr22	48462668	rs5767159
chr22	48463357	rs16999223
chr22	48464361	rs2144286
chr22	48464663	rs4375980
chr22	48464870	rs4585130
chr22	48467302	rs9615901
chr22	48468866	rs3827414
chr22	48469284	rs17709696
chr22	48471219	rs5768649
chr22	48471605	rs9615329
chr22	48472061	rs4823783
chr22	48473920	rs715520
chr22	48476839	rs6008717
chr22	48477573	rs4823784
chr22	48477733	rs5767167
chr22	48478107	rs5768657
chr22	48479887	rs9615905
chr22	48485476	rs2051594
chr22	48487269	rs6007864
chr22	48492443	rs1034435
chr22	48492539	rs6008735
chr22	48493358	rs6007867
chr22	48494371	rs1894543
chr22	48495707	rs713923
chr22	48496044	rs6008738
chr22	48496502	rs5767172
chr22	48499962	rs16999282
chr22	48500768	rs10460766
chr22	48501198	rs5768683
chr22	48501892	rs6007872
chr22	48502069	rs6008741
chr22	48503607	rs11090847
chr22	48504509	rs5767176
chr22	48505811	rs763002
chr22	48506305	rs5768690
chr22	48506909	rs2071784
chr22	48510483	rs6007873
chr22	48510866	rs8142739
chr22	48511733	rs133515
chr22	48513270	rs6008748
chr22	48513915	rs8139419
chr22	48515665	rs133504
chr22	48515790	rs133503
chr22	48516187	rs5767181
chr22	48516471	rs133501
chr22	48518857	rs133496
chr22	48521218	rs16999308
chr22	48521425	rs133493
chr22	48523017	rs11090852
chr22	48525853	rs6007879
chr22	48525921	rs6520007
chr22	48526013	rs6520008
chr22	48526310	rs5768701
chr22	48527311	rs133486
chr22	48527963	rs4823800
chr22	48530257	rs16999333
chr22	48533359	rs80518
chr22	48533757	rs5768709
chr22	48534055	rs80517
chr22	48534246	rs4378908
chr22	48536386	rs16999349
chr22	48540231	rs4823802
chr22	48540964	rs9615341
chr22	48544741	rs4823540
chr22	48544832	rs9615919
chr22	48549198	rs736786
chr22	48549249	rs133470
chr22	48554717	rs133467
chr22	48554918	rs133465
chr22	48556101	rs133460
chr22	48560504	rs12169559
chr22	48561534	rs133453
chr22	48563280	rs5767192
chr22	48563491	rs133448
chr22	48564597	rs5767194
chr22	48565567	rs743061
chr22	48569294	rs12484924
chr22	48570531	rs9615921
chr22	48572258	rs761793
chr22	48572626	rs5768736
chr22	48572886	rs761794
chr22	48579718	rs9615932
chr22	48581403	rs34155012
chr22	48593073	rs28539902
chr22	48602556	rs28733451
chr22	48608583	rs28619115
chr22	48618815	rs28576548
chr22	48621418	rs5771965
chr22	48624434	rs9617415
chr22	48624469	rs4925424
chr22	48624547	rs4925426
chr22	48624595	rs7292688
chr22	48624725	rs2092859
chr22	48626826	rs9628598
chr22	48629031	rs910578
chr22	48631634	rs5771622
chr22	48631747	rs6010501
chr22	48631849	rs6010503
chr22	48632044	rs9617429
chr22	48632368	rs5771758
chr22	48632920	rs6010520
chr22	48633450	rs12484497
chr22	48636271	rs10427807
chr22	48638055	rs9617447
chr22	48638241	rs9617453
chr22	48643542	rs9628510
chr22	48643985	rs761788
chr22	48645032	rs9617404
chr22	48646304	rs41280561
chr22	48649001	rs761790
chr22	48649916	rs4450733
chr22	48649958	rs9617477
chr22	48649986	rs4261817
chr22	48650235	rs5771883
chr22	48650463	rs5771675
chr22	48650638	rs17764112
chr22	48653086	rs761791
chr22	48653192	rs761792
chr22	48654623	rs8142256
chr22	48654636	rs8135393
chr22	48654732	rs8140223
chr22	48655266	rs4925395
chr22	48657624	rs4925397
chr22	48658690	rs5771904
chr22	48658751	rs5771905
chr22	48658782	rs5771906
chr22	48658932	rs4925425
chr22	48660226	rs5771693
chr22	48660669	rs6010568
chr22	48663270	rs9628588
chr22	48663414	rs17823579
chr22	48663425	rs9628589
chr22	48663499	rs5771917
chr22	48663744	rs9617490
chr22	48664112	rs4925398
chr22	48664133	rs4925429
chr22	48664404	rs8137195
chr22	48665232	rs4925401
chr22	48665488	rs9628591
chr22	48665767	rs11204495
chr22	48666198	rs11913043
chr22	48669193	rs5771702
chr22	48669304	rs9617493
chr22	48669851	rs5771703
chr22	48670343	rs6010577
chr22	48670948	rs12484312
chr22	48671087	rs17176694
chr22	48671241	rs2057204
chr22	48671713	rs1884345
chr22	48672269	rs12485086
chr22	48673108	rs1028503
chr22	48673203	rs4925433
chr22	48673881	rs10483243
chr22	48673964	rs16999686
chr22	48675956	rs130094
chr22	48677002	rs743057
chr22	48678489	rs5771710
chr22	48680545	rs2337488
chr22	48680752	rs132220
chr22	48680956	rs132221
chr22	48681058	rs910570
chr22	48682570	rs4244607
chr22	48683341	rs6010583
chr22	48684646	rs5771713
chr22	48684726	rs130106
chr22	48684963	rs5771716
chr22	48685333	rs130107
chr22	48685352	rs5771717
chr22	48688075	rs130110
chr22	48689393	rs4925435
chr22	48694496	rs733571
chr22	48694640	rs733573
chr22	48694670	rs743060
chr22	48695112	rs910571
chr22	48699238	rs132225
chr22	48699259	rs130121
chr22	48700882	rs130129
chr22	48701519	rs130132
chr22	48701648	rs12166645
chr22	48704076	rs4925446
chr22	48704268	rs4925449
chr22	48705396	rs130135
chr22	48706855	rs132231
chr22	48707197	rs130141
chr22	48707381	rs132233
chr22	48707465	rs130146
chr22	48707848	rs132234
chr22	48708236	rs132236
chr22	48712017	rs130158
chr22	48712563	rs130160
chr22	48712780	rs13053451
chr22	48713564	rs132247
chr22	48713865	rs130163
chr22	48714565	rs132248
chr22	48714621	rs9628605
chr22	48716870	rs2337492
chr22	48716984	rs2337493
chr22	48717067	rs2337494
chr22	48718679	rs130167
chr22	48719013	rs13057317
chr22	48719419	rs13057875
chr22	48719627	rs132250
chr22	48719868	rs738700
chr22	48720682	rs6010603
chr22	48722786	rs130191
chr22	48723785	rs130197
chr22	48723900	rs130198
chr22	48727049	rs130200
chr22	48727849	rs6587310
chr22	48729897	rs1980543
chr22	48730799	rs130205
chr22	48733073	rs130212
chr22	48734994	rs9628524
chr22	48735310	rs9628527
chr22	48735380	rs130216
chr22	48738558	rs6010511
chr22	48740473	rs130222
chr22	48741935	rs9628528
chr22	48741983	rs6587312
chr22	48743980	rs9628478
chr22	48745897	rs132262
chr22	48746015	rs130229
chr22	48748212	rs132264
chr22	48748288	rs9628480
chr22	48749316	rs7286059
chr22	48749488	rs131958
chr22	48750487	rs695689
chr22	48751087	rs131960
chr22	48755491	rs131969
chr22	48756748	rs9628484
chr22	48758349	rs16999844
chr22	48758670	rs5771780
chr22	48759119	rs16999845
chr22	48759275	rs13056461
chr22	48759343	rs17177457
chr22	48759505	rs13057753
chr22	48759517	rs5771783
chr22	48760426	rs4925414
chr22	48760553	rs135578
chr22	48761306	rs5771794
chr22	48761781	rs5771795
chr22	48763021	rs8140684
chr22	48763079	rs11703424
chr22	48767661	rs7286383
chr22	48768304	rs5771804
chr22	48769279	rs131003
chr22	48770398	rs17177527
chr22	48772801	rs131009
chr22	48773390	rs131010
chr22	48773995	rs131012
chr22	48775209	rs5771639
chr22	48775586	rs2027848
chr22	48775746	rs131016
chr22	48775829	rs131017
chr22	48776880	rs2187801
chr22	48777803	rs131021
chr22	48779182	rs17177677
chr22	48779197	rs131025
chr22	48779279	rs9628488
chr22	48780096	rs131026
chr22	48780408	rs6010527
chr22	48781131	rs5771828
chr22	48781165	rs78492
chr22	48782499	rs80515
chr22	48783188	rs135582
chr22	48783199	rs78446
chr22	48783343	rs2337496
chr22	48783734	rs2337497
chr22	48784723	rs131031
chr22	48785103	rs131032
chr22	48785864	rs6010475
chr22	48792098	rs5771651
chr22	48794673	rs131043
chr22	48796351	rs9617449
chr22	48796603	rs9617451
chr22	48796652	rs9617452
chr22	48796944	rs8136732
chr22	48797775	rs5771657
chr22	48799032	rs9617454
chr22	48799504	rs5771851
chr22	48800198	rs5771854
chr22	48800813	rs1884194
chr22	48800887	rs9617458
chr22	48802932	rs1884195
chr22	48804403	rs5771858
chr22	48805892	rs9617464
chr22	48806830	rs742965
chr22	48806988	rs9617465
chr22	48807542	rs9628491
chr22	48807815	rs6010554
chr22	48807918	rs9628554
chr22	48808128	rs9617466
chr22	48808156	rs5771862
chr22	48809278	rs9617402
chr22	48811671	rs12165854
chr22	48814955	rs7285147
chr22	48818220	rs12158344
chr22	48819051	rs12163450
chr22	48819291	rs9325969
chr22	48819334	rs7410705
chr22	48819421	rs9628506
chr22	48820078	rs9628576
chr22	48822666	rs11204483
chr22	48824892	rs7511364
chr22	48825189	rs4084305
chr22	48825221	rs4084304
chr22	48827354	rs9628578
chr22	48828994	rs12163159
chr22	48829328	rs7288714
chr22	48830562	rs7284992
chr22	48831366	rs9628580
chr22	48832695	rs7410750
chr22	48833553	rs7291493
chr22	48835728	rs28444486
chr22	48845984	rs28683741
chr22	48867473	rs28614785
chr22	48867619	rs28473531
chr22	48877992	rs4075230
chr22	48898393	rs6009275
chr22	48899333	rs9616419
chr22	48899588	rs713700
chr22	48902534	rs9616588
chr22	48903189	rs9616307
chr22	48904632	rs8137815
chr22	48906313	rs736696
chr22	48906884	rs12171007
chr22	48906945	rs8142508
chr22	48909011	rs2144250
chr22	48909287	rs6009352
chr22	48914655	rs6009151
chr22	48919954	rs1108604
chr22	48919982	rs8141372
chr22	48920493	rs5769415
chr22	48921802	rs761639
chr22	48923447	rs4239943
chr22	48925877	rs4824004
chr22	48925968	rs4824005
chr22	48926733	rs4824006
chr22	48928526	rs2064534
chr22	48929017	rs1474834
chr22	48929644	rs4823925
chr22	48929714	rs17000064
chr22	48930537	rs17177852
chr22	48932205	rs7284389
chr22	48932581	rs5770123
chr22	48935038	rs6009576
chr22	48935200	rs2207451
chr22	48937609	rs8142551
chr22	48938838	rs1004827
chr22	48939418	rs1467436
chr22	48940611	rs2180055
chr22	48940834	rs6009222
chr22	48942510	rs13056948
chr22	48942528	rs13058249
chr22	48942549	rs13058268
chr22	48943499	rs12159798
chr22	48945646	rs7284528
chr22	48947969	rs5770398
chr22	48953569	rs5770454
chr22	48954212	rs2024700
chr22	48955516	rs41424744
chr22	48955650	rs6009715
chr22	48955955	rs4824047
chr22	48957182	rs6009730
chr22	48957301	rs4823940
chr22	48958619	rs5770498
chr22	48962941	rs9628050
chr22	48962985	rs6009284
chr22	48963153	rs6009285
chr22	48964412	rs9628061
chr22	48964612	rs9628063
chr22	48964760	rs9628064
chr22	48964774	rs9628065
chr22	48964785	rs11704020
chr22	48968037	rs4823946
chr22	48968307	rs9627753
chr22	48968433	rs13054888
chr22	48968968	rs5770581
chr22	48969544	rs5769705
chr22	48969821	rs5769708
chr22	48970311	rs4824067
chr22	48970469	rs13055090
chr22	48974181	rs17824774
chr22	48974465	rs5770632
chr22	48975351	rs13057604
chr22	48976724	rs5770658
chr22	48976953	rs13053638
chr22	48977019	rs5770661
chr22	48978159	rs6009304
chr22	48978597	rs11090996
chr22	48979782	rs5769733
chr22	48982081	rs742976
chr22	48982443	rs17824810
chr22	48984548	rs5769740
chr22	48984844	rs5770690
chr22	48984898	rs9616350
chr22	48985051	rs9616743
chr22	48991961	rs8136643
chr22	48998499	rs4441586
chr22	49000601	rs738603
chr22	49000700	rs2873699
chr22	49002214	rs34189568
chr22	49003603	rs7289198
chr22	49003712	rs1011642
chr22	49004572	rs7285039
chr22	49004740	rs1535123
chr22	49005304	rs932497
chr22	49006106	rs4140463
chr22	49006579	rs17224987
chr22	49008237	rs4823966
chr22	49009405	rs738605
chr22	49009782	rs2318432
chr22	49015783	rs5769373
chr22	49016385	rs1548245
chr22	49018414	rs8141575
chr22	49019564	rs5769806
chr22	49019727	rs5769807
chr22	49020251	rs4823969
chr22	49020447	rs4823970
chr22	49020589	rs4823971
chr22	49021023	rs17178433
chr22	49024024	rs6520069
chr22	49024157	rs12169412
chr22	49024317	rs2038303
chr22	49025419	rs12158061
chr22	49026812	rs9616409
chr22	49029793	rs6009365
chr22	49030035	rs4823908
chr22	49030622	rs5769817
chr22	49031235	rs5769820
chr22	49035032	rs5013554
chr22	49035104	rs2064542
chr22	49035511	rs13054825
chr22	49035706	rs9616413
chr22	49035890	rs5769835
chr22	49036147	rs13053967
chr22	49038319	rs5769389
chr22	49039130	rs2038304
chr22	49040192	rs5769840
chr22	49042164	rs5769842
chr22	49042669	rs11702959
chr22	49042924	rs11703580
chr22	49042953	rs9627816
chr22	49043259	rs9616417
chr22	49045869	rs5769391
chr22	49047854	rs17178683
chr22	49049043	rs727080
chr22	49050282	rs17766010
chr22	49050569	rs17000271
chr22	49050804	rs5769849
chr22	49052779	rs6009142
chr22	49053806	rs4823984
chr22	49054319	rs738617
chr22	49056296	rs17000275
chr22	49056318	rs17766028
chr22	49057816	rs6009147
chr22	49063335	rs13056160
chr22	49064020	rs12166568
chr22	49064132	rs6009399
chr22	49064146	rs6009400
chr22	49064156	rs6009401
chr22	49064197	rs6009402
chr22	49064743	rs5769857
chr22	49064769	rs11912132
chr22	49064779	rs4823986
chr22	49065952	rs6009408
chr22	49068709	rs9627832
chr22	49068929	rs12166001
chr22	49071673	rs5769866
chr22	49072019	rs5769393
chr22	49075707	rs5769871
chr22	49077408	rs5769396
chr22	49077935	rs6009424
chr22	49078419	rs12053813
chr22	49079793	rs17766166
chr22	49080591	rs4823990
chr22	49080946	rs926758
chr22	49085434	rs17825322
chr22	49085912	rs9616228
chr22	49087052	rs6009160
chr22	49088721	rs910308
chr22	49090678	rs926761
chr22	49090879	rs9616423
chr22	49091350	rs6009439
chr22	49091380	rs5769888
chr22	49091508	rs5769889
chr22	49091605	rs6009440
chr22	49093113	rs2179888
chr22	49095852	rs9616426
chr22	49097060	rs7292709
chr22	49097322	rs7285186
chr22	49107353	rs135210
chr22	49107406	rs11912439
chr22	49109109	rs80571
chr22	49109781	rs7289310
chr22	49110224	rs17000399
chr22	49110532	rs13054207
chr22	49110730	rs6009463
chr22	49114160	rs135217
chr22	49115759	rs17000421
chr22	49116440	rs135223
chr22	49117939	rs135230
chr22	49118551	rs75993
chr22	49118613	rs135231
chr22	49121135	rs6009480
chr22	49121500	rs17179187
chr22	49122720	rs7292563
chr22	49123000	rs1547426
chr22	49128704	rs1981477
chr22	49130621	rs6009493
chr22	49131929	rs135247
chr22	49132059	rs135248
chr22	49133222	rs739193
chr22	49134559	rs9616438
chr22	49134639	rs135255
chr22	49134701	rs135256
chr22	49134902	rs739195
chr22	49135976	rs11705307
chr22	49136319	rs6009503
chr22	49136494	rs1024337
chr22	49137558	rs1024338
chr22	49139264	rs9616446
chr22	49139381	rs4823998
chr22	49139958	rs1894602
chr22	49142121	rs9627875
chr22	49142526	rs9616239
chr22	49143675	rs9616456
chr22	49143860	rs9616457
chr22	49144043	rs5769425
chr22	49145503	rs6009180
chr22	49145683	rs8138575
chr22	49146370	rs737804
chr22	49146410	rs737803
chr22	49146485	rs5769941
chr22	49150034	rs12628548
chr22	49151728	rs910309
chr22	49155051	rs5026574
chr22	49156793	rs5769966
chr22	49156866	rs5769967
chr22	49161344	rs4823920
chr22	49163230	rs5769440
chr22	49163339	rs8135950
chr22	49163586	rs9616472
chr22	49169478	rs7288868
chr22	49169568	rs929029
chr22	49170500	rs9627883
chr22	49172304	rs7290456
chr22	49172536	rs7288176
chr22	49172726	rs7285514
chr22	49173316	rs2187769
chr22	49173365	rs9616477
chr22	49174529	rs8141990
chr22	49175436	rs6009531
chr22	49175604	rs4315635
chr22	49176071	rs12628771
chr22	49176142	rs12627779
chr22	49176239	rs5769986
chr22	49176997	rs9627892
chr22	49177014	rs9627893
chr22	49177264	rs737834
chr22	49177579	rs2318942
chr22	49178583	rs2318943
chr22	49179065	rs4621267
chr22	49179247	rs12628449
chr22	49181380	rs5769444
chr22	49181494	rs5769994
chr22	49181864	rs1023466
chr22	49182156	rs5769445
chr22	49182359	rs734488
chr22	49182727	rs12628332
chr22	49183215	rs5769446
chr22	49184722	rs6520082
chr22	49184984	rs6009536
chr22	49186648	rs11090936
chr22	49187093	rs9616486
chr22	49187109	rs11704670
chr22	49189232	rs2873857
chr22	49190008	rs713871
chr22	49191139	rs17179677
chr22	49191700	rs9627899
chr22	49192901	rs743802
chr22	49193160	rs9616489
chr22	49193178	rs762937
chr22	49193188	rs9616264
chr22	49193237	rs11704665
chr22	49193317	rs940114
chr22	49195263	rs2858579
chr22	49195517	rs739079
chr22	49195573	rs7288372
chr22	49196156	rs1005491
chr22	49196883	rs5770011
chr22	49197150	rs12628235
chr22	49197921	rs737832
chr22	49198088	rs6520088
chr22	49198592	rs2873859
chr22	49198631	rs6009542
chr22	49198665	rs2858582
chr22	49199634	rs5770018
chr22	49199830	rs11705420
chr22	49199888	rs5769452
chr22	49199899	rs6009191
chr22	49201280	rs9616495
chr22	49201541	rs2157232
chr22	49201563	rs11913533
chr22	49203019	rs2858589
chr22	49206126	rs1107799
chr22	49207741	rs6520090
chr22	49207767	rs6520091
chr22	49208047	rs2253004
chr22	49208264	rs743803
chr22	49209592	rs2688179
chr22	49213620	rs916247
chr22	49213763	rs916249
chr22	49214231	rs2688173
chr22	49214333	rs8140508
chr22	49214518	rs2688172
chr22	49215177	rs2688171
chr22	49217083	rs2091051
chr22	49222893	rs2688158
chr22	49222985	rs2243748
chr22	49223524	rs2858607
chr22	49226857	rs6009193
chr22	49227255	rs2858612
chr22	49228031	rs9616521
chr22	49229144	rs6009556
chr22	49229360	rs2858613
chr22	49231120	rs739086
chr22	49231199	rs739087
chr22	49232238	rs17179935
chr22	49233303	rs2688115
chr22	49235291	rs1533926
chr22	49235734	rs1984677
chr22	49237970	rs916251
chr22	49238004	rs17000683
chr22	49238147	rs9616526
chr22	49238542	rs762942
chr22	49238988	rs762943
chr22	49240242	rs5769491
chr22	49240974	rs2688146
chr22	49241815	rs2688143
chr22	49244373	rs6009565
chr22	49244859	rs2858631
chr22	49246071	rs2858632
chr22	49246544	rs767219
chr22	49248414	rs2688140
chr22	49250638	rs6009567
chr22	49250774	rs2097379
chr22	49251640	rs2858636
chr22	49251960	rs2688136
chr22	49253010	rs2858638
chr22	49253798	rs2858639
chr22	49254231	rs2688133
chr22	49254492	rs9616534
chr22	49255782	rs6009568
chr22	49255851	rs2858641
chr22	49256011	rs2858642
chr22	49257103	rs5770142
chr22	49257566	rs6009570
chr22	49258533	rs8137734
chr22	49260659	rs7291215
chr22	49264566	rs2858649
chr22	49265211	rs1880008
chr22	49272059	rs7289562
chr22	49272211	rs7288663
chr22	49273370	rs2019707
chr22	49273817	rs916239
chr22	49273959	rs17825961
chr22	49273999	rs9616288
chr22	49274046	rs7286933
chr22	49274208	rs848709
chr22	49274265	rs848708
chr22	49275671	rs762925
chr22	49275850	rs5769520
chr22	49277809	rs2858524
chr22	49279119	rs2091049
chr22	49279742	rs5769526
chr22	49280683	rs2858534
chr22	49280909	rs2858537
chr22	49281720	rs6009583
chr22	49281890	rs2318955
chr22	49284475	rs9616550
chr22	49285305	rs2858500
chr22	49286426	rs2858501
chr22	49287030	rs2688098
chr22	49287847	rs717336
chr22	49287979	rs10483246
chr22	49288184	rs2157208
chr22	49288492	rs7290877
chr22	49288540	rs2157210
chr22	49288654	rs2187753
chr22	49288903	rs2688094
chr22	49289529	rs719263
chr22	49290357	rs2858508
chr22	49290512	rs7286313
chr22	49290733	rs7286890
chr22	49290970	rs7287200
chr22	49292419	rs13057163
chr22	49293386	rs2858509
chr22	49294037	rs2688088
chr22	49294694	rs762926
chr22	49295063	rs2243690
chr22	49295348	rs1985101
chr22	49295374	rs762927
chr22	49297710	rs762929
chr22	49300084	rs7289034
chr22	49301040	rs8135717
chr22	49302501	rs2688081
chr22	49304524	rs1894481
chr22	49304625	rs916240
chr22	49304789	rs2019901
chr22	49306092	rs5769554
chr22	49308698	rs1467905
chr22	49309085	rs2688075
chr22	49309553	rs1403557
chr22	49310508	rs1124544
chr22	49310652	rs2858522
chr22	49311512	rs1013285
chr22	49312299	rs2319174
chr22	49312567	rs8135938
chr22	49312688	rs739049
chr22	49314400	rs11912713
chr22	49316267	rs2858525
chr22	49318592	rs11705621
chr22	49318744	rs7287432
chr22	49318856	rs7287593
chr22	49322108	rs848768
chr22	49325713	rs2301407
chr22	49327000	rs848756
chr22	49327445	rs5770245
chr22	49327510	rs12169496
chr22	49327530	rs12628115
chr22	49327576	rs11090946
chr22	49329794	rs848752
chr22	49329955	rs848751
chr22	49330102	rs848750
chr22	49332129	rs11703981
chr22	49332865	rs848749
chr22	49333141	rs1003846
chr22	49333633	rs860237
chr22	49336097	rs848742
chr22	49336148	rs860236
chr22	49337223	rs9627704
chr22	49337271	rs5769568
chr22	49337733	rs848738
chr22	49339845	rs5770257
chr22	49341030	rs848734
chr22	49341142	rs848733
chr22	49341314	rs848732
chr22	49342033	rs2103071
chr22	49343822	rs8138195
chr22	49344705	rs708445
chr22	49344821	rs848728
chr22	49345284	rs2858535
chr22	49346035	rs848726
chr22	49346299	rs848725
chr22	49346509	rs2301410
chr22	49346597	rs848724
chr22	49346964	rs929025
chr22	49350990	rs737844
chr22	49353788	rs708450
chr22	49354791	rs17000838
chr22	49355399	rs708451
chr22	49355494	rs2177321
chr22	49355588	rs848711
chr22	49356408	rs848710
chr22	49357190	rs9306530
chr22	49357280	rs12628573
chr22	49358499	rs1523210
chr22	49359859	rs5770288
chr22	49360227	rs1403558
chr22	49361830	rs877161
chr22	49362965	rs2319176
chr22	49363307	rs2007314
chr22	49364273	rs2269519
chr22	49365365	rs2269520
chr22	49368145	rs12484636
chr22	49368160	rs1476003
chr22	49368640	rs12484387
chr22	49368976	rs6009231
chr22	49371508	rs5770310
chr22	49371877	rs968517
chr22	49372774	rs739053
chr22	49378680	rs9616300
chr22	49379232	rs5769604
chr22	49380202	rs1023453
chr22	49381083	rs5770341
chr22	49381276	rs9616302
chr22	49381815	rs737356
chr22	49383054	rs5770343
chr22	49383718	rs5769607
chr22	49389860	rs5770363
chr22	49390502	rs714007
chr22	49390941	rs713997
chr22	49391017	rs11705496
chr22	49391995	rs5770369
chr22	49392026	rs5770370
chr22	49392053	rs7285315
chr22	49392079	rs5770371
chr22	49393176	rs9616600
chr22	49393259	rs2319178
chr22	49393428	rs2873922
chr22	49393536	rs5770376
chr22	49393864	rs8140231
chr22	49395368	rs1894480
chr22	49396887	rs1108785
chr22	49397063	rs5770391
chr22	49399568	rs17826297
chr22	49400693	rs713727
chr22	49400760	rs4824031
chr22	49401852	rs3884843
chr22	49401861	rs5770403
chr22	49402130	rs5770406
chr22	49403415	rs17767912
chr22	49404161	rs4824032
chr22	49404362	rs4823934
chr22	49405749	rs13054400
chr22	49406191	rs5770415
chr22	49406433	rs9628003
chr22	49406458	rs764245
chr22	49406727	rs960966
chr22	49406796	rs136771
chr22	49406818	rs136772
chr22	49407097	rs12166144
chr22	49408460	rs7286586
chr22	49408801	rs136773
chr22	49408945	rs5770417
chr22	49409359	rs4824039
chr22	49409459	rs6009661
chr22	49409938	rs6009663
chr22	49411531	rs9628012
chr22	49412951	rs6520114
chr22	49413214	rs6009666
chr22	49415354	rs17181008
chr22	49416753	rs7288437
chr22	49418427	rs5770418
chr22	49418574	rs9628015
chr22	49422249	rs17000930
chr22	49422715	rs17000931
chr22	49422942	rs9616305
chr22	49422983	rs11704717
chr22	49423548	rs7287788
chr22	49424470	rs5770421
chr22	49426022	rs5770425
chr22	49427766	rs17826616
chr22	49429575	rs136782
chr22	49431754	rs5769644
chr22	49432269	rs6009251
chr22	49432732	rs17000964
chr22	49435469	rs136790
chr22	49435678	rs13054180
chr22	49437740	rs136796
chr22	49437779	rs1076915
chr22	49438421	rs6009689
chr22	49438482	rs6009256
chr22	49439044	rs12159113
chr22	49440377	rs9616309
chr22	49441098	rs1016809
chr22	49445015	rs136800
chr22	49447421	rs1076917
chr22	49447830	rs8138283
chr22	49454070	rs714006
chr22	49455375	rs4824042
chr22	49457563	rs7290137
chr22	49462025	rs5769657
chr22	49467384	rs4823938
chr22	49468266	rs5769664
chr22	49470045	rs5769668
chr22	49472233	rs1534878
chr22	49472488	rs5770470
chr22	49474282	rs8136911
chr22	49479847	rs6009720
chr22	49480487	rs12158315
chr22	49482244	rs1003499
chr22	49483282	rs4605480
chr22	49484226	rs5770482
chr22	49484644	rs12167775
chr22	49486066	rs5769676
chr22	49492631	rs4824048
chr22	49498519	rs9616663
chr22	49499539	rs9616664
chr22	49499760	rs13053660
chr22	49506509	rs12168883
chr22	49508197	rs11090977
chr22	49514719	rs8141008
chr22	49515169	rs9628038
chr22	49515500	rs7289185
chr22	49515862	rs7287161
chr22	49516242	rs8136644
chr22	49517533	rs9616668
chr22	49517573	rs134474
chr22	49517876	rs2873932
chr22	49518259	rs134472
chr22	49518351	rs470017
chr22	49518757	rs10854872
chr22	49519177	rs134468
chr22	49519373	rs134467
chr22	49519447	rs134466
chr22	49522166	rs134461
chr22	49522884	rs134458
chr22	49524286	rs6520124
chr22	49531010	rs134454
chr22	49531280	rs3810643
chr22	49531619	rs17779492
chr22	49532815	rs9627740
chr22	49533093	rs17826964
chr22	49533318	rs470014
chr22	49533683	rs134447
chr22	49533849	rs728028
chr22	49534067	rs8136975
chr22	49534369	rs4824055
chr22	49534424	rs4824056
chr22	49534520	rs10483249
chr22	49534873	rs1807723
chr22	49534940	rs1807472
chr22	49536016	rs17001121
chr22	49536806	rs4824059
chr22	49538489	rs5770527
chr22	49545661	rs135775
chr22	49549172	rs135783
chr22	49549848	rs2071896
chr22	49550416	rs135785
chr22	49551309	rs135789
chr22	49551343	rs9628049
chr22	49553257	rs135793
chr22	49553508	rs135794
chr22	49554141	rs135796
chr22	49554437	rs135798
chr22	49554602	rs763124
chr22	49554674	rs135799
chr22	49555086	rs135800
chr22	49556003	rs135804
chr22	49556560	rs135809
chr22	49557021	rs135810
chr22	49557526	rs135814
chr22	49561842	rs135819
chr22	49562360	rs135821
chr22	49564023	rs135823
chr22	49564843	rs7284633
chr22	49565404	rs135824
chr22	49565810	rs135826
chr22	49566581	rs135827
chr22	49567903	rs135832
chr22	49568036	rs2319345
chr22	49575072	rs1008320
chr22	49576972	rs6009767
chr22	49582407	rs135850
chr22	49583909	rs135851
chr22	49584375	rs9627749
chr22	49584805	rs135853
chr22	49584854	rs5770562
chr22	49584927	rs2071893
chr22	49585440	rs135854
chr22	49588012	rs9628070
chr22	49591040	rs10854874
chr22	49591319	rs5770567
chr22	49591691	rs5770568
chr22	49594926	rs763126
chr22	49595167	rs2007024
chr22	49600446	rs2187891
chr22	49604058	rs5769698
chr22	49606410	rs9628072
chr22	49607833	rs11090987
chr22	49612430	rs763127
chr22	49618102	rs135874
chr22	49618662	rs17001199
chr22	49619925	rs135876
chr22	49621679	rs7288869
chr22	49623586	rs916362
chr22	49624849	rs5770594
chr22	49626165	rs9616694
chr22	49632666	rs9616329
chr22	49640829	rs2071904
chr22	49641339	rs2239843
chr22	49647954	rs739236
chr22	49648735	rs1107514
chr22	49650868	rs5770619
chr22	49651176	rs8138399
chr22	49657199	rs9616333
chr22	49658341	rs13055216
chr22	49658959	rs739240
chr22	49660742	rs11705166
chr22	49663563	rs739243
chr22	49665892	rs6009810
chr22	49666510	rs739244
chr22	49668779	rs5770633
chr22	49676185	rs5770638
chr22	49677343	rs4337585
chr22	49678475	rs739246
chr22	49679107	rs2012378
chr22	49679606	rs8135992
chr22	49683714	rs5770650
chr22	49683883	rs5770651
chr22	49685485	rs760841
chr22	49685786	rs760842
chr22	49691808	rs6009820
chr22	49692083	rs6009822
chr22	49692725	rs6009824
chr22	49692757	rs5770662
chr22	49693160	rs9616340
chr22	49693689	rs742271
chr22	49697404	rs4824077
chr22	49697424	rs4824078
chr22	49697543	rs4824079
chr22	49697711	rs4824080
chr22	49698500	rs738413
chr22	49702128	rs738414
chr22	49702165	rs738415
chr22	49702185	rs713830
chr22	49702857	rs738416
chr22	49706002	rs4824083
chr22	49706244	rs4824084
chr22	49706663	rs17001267
chr22	49709757	rs139777
chr22	49710161	rs139778
chr22	49711352	rs6009309
chr22	49713748	rs17827686
chr22	49715343	rs6009839
chr22	49717041	rs4824087
chr22	49719436	rs17001272
chr22	49719537	rs12171156
chr22	49723543	rs6009845
chr22	49726237	rs4823954
chr22	49726607	rs9616730
chr22	49726702	rs139784
chr22	49726877	rs4824090
chr22	49730446	rs139789
chr22	49738731	rs139808
chr22	49740556	rs139811
chr22	49744985	rs139816
chr22	49758831	rs8137450
chr22	49758920	rs10483250
chr22	49761034	rs6009870
chr22	49765424	rs138809
chr22	49770430	rs138820
chr22	49775557	rs916418
chr22	49775773	rs916419
chr22	49778633	rs138827
chr22	49781441	rs138830
chr22	49784434	rs138832
chr22	49784640	rs6009874
chr22	49788267	rs138840
chr22	49788312	rs138841
chr22	49789514	rs138843
chr22	49791544	rs138845
chr22	49792866	rs17001302
chr22	49798242	rs4824100
chr22	49798526	rs6009878
chr22	49799689	rs138850
chr22	49801544	rs11913210
chr22	49810625	rs138863
chr22	49812255	rs138866
chr22	49814055	rs138867
chr22	49814371	rs17001322
chr22	49817647	rs138872
chr22	49820373	rs138877
chr22	49823106	rs2239848
chr22	49824963	rs138880
chr22	49831502	rs138886
chr22	49831785	rs138887
chr22	49837419	rs138897
chr22	49843947	rs5769750
chr22	49847562	rs761879
chr22	49853047	rs8139718
chr22	49856029	rs761878
chr22	49858479	rs1033665
chr22	49859135	rs1033666
chr22	49865103	rs11703411
chr22	49867256	rs2295407
chr22	49876567	rs5770741
chr22	49880243	rs6009339
chr22	49884187	rs910796
chr22	49884790	rs910798
chr22	49884920	rs910799
chr22	49884994	rs910800
chr22	49886488	rs5770755
chr22	49887539	rs17001403
chr22	49888556	rs2092982
chr22	49894697	rs6520141
chr22	49894942	rs9616770
chr22	49901340	rs6520066
chr22	49903787	rs1321
chr22	49906271	rs11704238
chr22	49906914	rs9627789
chr22	49907828	rs8135963
chr22	49908016	rs9627644
chr22	49909882	rs9616204
chr22	49912668	rs9616370
chr22	49914284	rs7511620
chr22	49918577	rs9616380
chr22	49919790	rs9616388
chr22	49920079	rs7410773
chr22	49921161	rs9616393
chr22	49921715	rs8139422
chr22	49923401	rs7410318
chr22	49923682	rs7410537
chr22	49925298	rs9616217
chr22	49927295	rs1608
chr22	49927975	rs7287579
chr22	49938357	rs28460675
chr22	49939767	rs4073387
chr22	49952081	rs28479081
chr22	49953397	rs28523622
chr22	49955322	rs28567061
chr22	49955996	rs28649122
chr22	49956360	rs28449609
chr22	49957323	rs28372448
chr22	49958329	rs28681372
chr22	49966897	rs34597827
chr22	49996657	rs4838818
chr22	49997051	rs5771069
chr22	49998943	rs4838838
chr22	50001001	rs137845
chr22	50001867	rs137848
chr22	50002222	rs9617104
chr22	50006055	rs137856
chr22	50007275	rs5771222
chr22	50008121	rs137862
chr22	50008559	rs137864
chr22	50008955	rs137866
chr22	50013342	rs713669
chr22	50013778	rs137876
chr22	50018362	rs137878
chr22	50018612	rs137879
chr22	50019333	rs137880
chr22	50024802	rs137885
chr22	50025968	rs137886
chr22	50026067	rs137888
chr22	50030504	rs79298
chr22	50032087	rs11101958
chr22	50034283	rs12484423
chr22	50036428	rs1079653
chr22	50036514	rs1010282
chr22	50040399	rs5771131
chr22	50041679	rs9628315
chr22	50042497	rs5771315
chr22	50046464	rs137905
chr22	50047364	rs137906
chr22	50048163	rs137907
chr22	50052721	rs5771133
chr22	50053284	rs137916
chr22	50053692	rs6010161
chr22	50053806	rs7290681
chr22	50058990	rs2294377
chr22	50063056	rs3817809
chr22	50066017	rs2294385
chr22	50070767	rs2076136
chr22	50071829	rs2294394
chr22	50074976	rs5771362
chr22	50076844	rs6010165
chr22	50077766	rs137926
chr22	50078900	rs4838816
chr22	50080386	rs11568172
chr22	50084988	rs11568171
chr22	50085004	rs137930
chr22	50089389	rs4838820
chr22	50090487	rs9617018
chr22	50092222	rs738490
chr22	50092775	rs6010168
chr22	50096480	rs4838823
chr22	50096523	rs9628282
chr22	50099472	rs12169319
chr22	50101920	rs17247883
chr22	50102337	rs9628283
chr22	50103693	rs4838830
chr22	50105331	rs9617024
chr22	50105571	rs4838832
chr22	50108237	rs3810971
chr22	50108368	rs138216
chr22	50108439	rs3810973
chr22	50108471	rs3810974
chr22	50113395	rs2340597
chr22	50113849	rs4838839
chr22	50114307	rs4240525
chr22	50117206	rs882753
chr22	50117257	rs760749
chr22	50117902	rs138223
chr22	50118058	rs138224
chr22	50118307	rs909693
chr22	50118691	rs138228
chr22	50118806	rs9617081
chr22	50118978	rs138229
chr22	50120818	rs84504
chr22	50124711	rs138238
chr22	50125752	rs138240
chr22	50126106	rs5771077
chr22	50126885	rs6010138
chr22	50128352	rs4838809
chr22	50128406	rs13055917
chr22	50131361	rs138249
chr22	50133977	rs3736686
chr22	50134044	rs2340601
chr22	50136931	rs2142850
chr22	50143278	rs2272835
chr22	50143461	rs760750
chr22	50144121	rs2272836
chr22	50145772	rs2272838
chr22	50148438	rs2015446
chr22	50149550	rs138270
chr22	50149702	rs138271
chr22	50149884	rs12484907
chr22	50157006	rs8135747
chr22	50157413	rs5771086
chr22	50157625	rs13057433
chr22	50159116	rs760753
chr22	50161037	rs2272843
chr22	50162634	rs4838857
chr22	50162890	rs760755
chr22	50163292	rs9628267
chr22	50168982	rs11101951
chr22	50171224	rs3817816
chr22	50172199	rs6010198
chr22	50174664	rs4838858
chr22	50174773	rs4838859
chr22	50176047	rs5771204
chr22	50179849	rs6010152
chr22	50180309	rs2295226
chr22	50182839	rs13053855
chr22	50186737	rs7288889
chr22	50187371	rs738338
chr22	50188824	rs1555050
chr22	50189275	rs5771217
chr22	50192544	rs760756
chr22	50194076	rs732710
chr22	50194534	rs6537637
chr22	50195257	rs6537639
chr22	50198764	rs3747941
chr22	50204348	rs4838861
chr22	50205200	rs4838862
chr22	50205748	rs6010202
chr22	50209540	rs4611754
chr22	50210148	rs2294401
chr22	50213410	rs5771104
chr22	50213998	rs11703673
chr22	50217247	rs2272852
chr22	50219995	rs11703226
chr22	50220951	rs17013247
chr22	50223440	rs5771242
chr22	50226183	rs4838865
chr22	50227431	rs730936
chr22	50233725	rs17836662
chr22	50237533	rs5771259
chr22	50240142	rs5771109
chr22	50241329	rs7290465
chr22	50242600	rs7364173
chr22	50247079	rs4838866
chr22	50249919	rs1555048
chr22	50255460	rs2066770
chr22	50255868	rs1129880
chr22	50256941	rs2072876
chr22	50258690	rs742184
chr22	50259089	rs1076649
chr22	50266232	rs2076139
chr22	50268262	rs742186
chr22	50286872	rs28366595
chr22	50287124	rs28513473
chr22	50297879	rs28672672
chr22	50309169	rs35662666
chr22	50309896	rs35197053
chr22	50315934	rs35812349
chr22	50316083	rs11553143
chr22	50319251	rs35847018
chr22	50325628	rs4074135
chr22	50347289	rs28642259
chr22	50362905	rs28627610
chr22	50371053	rs8141888
chr22	50375646	rs8142229
chr22	50376095	rs7290471
chr22	50377474	rs7287079
chr22	50378190	rs7511047
chr22	50379056	rs7284516
chr22	50383516	rs12163408
chr22	50387907	rs8142016
chr22	50391615	rs7510868
chr22	50392624	rs12158196
chr22	50396611	rs9628184
chr22	50398795	rs9616936
chr22	50399385	rs7511349
chr22	50402425	rs7284870
chr22	50412112	rs7410305
chr22	50415888	rs6520165
chr22	50417793	rs7410465
chr22	50419691	rs8139476
chr22	50419858	rs7410540
chr22	50420620	rs9616997
chr22	50421269	rs7511461
chr22	50422154	rs12163230
chr22	50422503	rs7410368
chr22	50422895	rs8185000
chr22	50423877	rs12158901
chr22	50426267	rs5770931
chr22	50429584	rs2334099
chr22	50429811	rs6010106
chr22	50430496	rs4824127
chr22	50431486	rs1005536
chr22	50435189	rs2273257
chr22	50435265	rs2273259
chr22	50438233	rs11555194
chr22	50441222	rs4824133
chr22	50444930	rs1076780
chr22	50445299	rs761744
chr22	50445532	rs756014
chr22	50445646	rs743038
chr22	50447791	rs5770980
chr22	50453986	rs4824146
chr22	50457692	rs4824118
chr22	50458349	rs4824149
chr22	50458472	rs11703111
chr22	50460881	rs2236030
chr22	50460996	rs2073279
chr22	50463105	rs5771039
chr22	50463802	rs9617015
chr22	50463961	rs5771040
chr22	50464322	rs5771041
chr22	50464792	rs2076714
chr22	50468089	rs1983679
chr22	50470752	rs5771045
chr22	50472446	rs738683
chr22	50472541	rs5770841
chr22	50473447	rs4824152
chr22	50475810	rs9616853
chr22	50476856	rs5770843
chr22	50479977	rs9616854
chr22	50483265	rs2236031
chr22	50484115	rs13055726
chr22	50485991	rs2334100
chr22	50486669	rs2232873
chr22	50487342	rs2232879
chr22	50491152	rs4824157
chr22	50493057	rs4824128
chr22	50497107	rs134974
chr22	50497895	rs134975
chr22	50499016	rs8138406
chr22	50504994	rs762669
chr22	50505734	rs128941
chr22	50512298	rs6010129
chr22	50517109	rs131817
chr22	50519091	rs3091397
chr22	50521179	rs131815
chr22	50522253	rs140524
chr22	50523425	rs2782
chr22	50523779	rs12148
chr22	50528485	rs470119
chr22	50532837	rs140522
chr22	50539595	rs140521
chr22	50539833	rs5770871
chr22	50542389	rs5770874
chr22	50542897	rs17001608
chr22	50545626	rs5770775
chr22	50546840	rs5770881
chr22	50548858	rs5770886
chr22	50549633	rs140519
chr22	50549764	rs131779
chr22	50552240	rs6520149
chr22	50552776	rs6009921
chr22	50556412	rs6009995
chr22	50560544	rs4824130
chr22	50560753	rs140518
chr22	50565624	rs140516
chr22	50565675	rs131766
chr22	50569059	rs7238
chr22	50571524	rs470117
chr22	50571623	rs2516557
chr22	50571683	rs5770907
chr22	50572812	rs5770911
chr22	50573507	rs131760
chr22	50573952	rs12627787
chr22	50574643	rs1557503
chr22	50575343	rs5770913
chr22	50575569	rs1557502
chr22	50577245	rs3213446
chr22	50577409	rs3213445
chr22	50577669	rs5770916
chr22	50578924	rs5770917
chr22	50580150	rs140514
chr22	50580482	rs2269382
chr22	50585879	rs131750
chr22	50586195	rs131749
chr22	50586408	rs131748
chr22	50589773	rs6010023
chr22	50592320	rs3091399
chr22	50598205	rs140512
chr22	50601349	rs2238834
chr22	50602001	rs12168113
chr22	50602117	rs131737
chr22	50607005	rs131736
chr22	50607388	rs131734
chr22	50609505	rs131733
chr22	50609972	rs2269380
chr22	50610086	rs2269379
chr22	50613951	rs140510
chr22	50615291	rs131729
chr22	50615836	rs131728
chr22	50617472	rs131724
chr22	50619495	rs131718
chr22	50620690	rs3091400
chr22	50624404	rs8142033
chr22	50624510	rs5770953
chr22	50625049	rs6151429
chr22	50625640	rs6151425
chr22	50625988	rs2071421
chr22	50626390	rs762672
chr22	50626933	rs6151415
chr22	50627172	rs6151412
chr22	50628493	rs131715
chr22	50628562	rs762668
chr22	50630132	rs131713
chr22	50631857	rs5770957
chr22	50633733	rs9616802
chr22	50639823	rs4040041
chr22	50642332	rs134774
chr22	50648920	rs9616807
chr22	50650785	rs6009945
chr22	50653486	rs8142140
chr22	50656498	rs9616810
chr22	50660705	rs6010043
chr22	50661004	rs11912822
chr22	50663471	rs10854884
chr22	50663510	rs6010044
chr22	50665264	rs8138460
chr22	50666252	rs9616906
chr22	50667128	rs9616812
chr22	50671564	rs9628185
chr22	50679152	rs9616915
chr22	50683093	rs7284093
chr22	50685077	rs9616816
chr22	50695152	rs2341009
chr22	50700750	rs736334
chr22	50701888	rs739365
chr22	50707711	rs5770992
chr22	50708587	rs2040487
chr22	50712045	rs5770820
chr22	50712922	rs6009951
chr22	50713296	rs6010061
chr22	50714126	rs9616948
chr22	50718238	rs9628187
chr22	50718505	rs6010063
chr22	50723631	rs10451
chr22	50724710	rs715586
chr22	50727236	rs8137951
chr22	50733069	rs2301584
chr22	50733265	rs756638
chr22	50737198	rs3810648
chr22	50739662	rs2285395
chr22	50743331	rs13056621
chr22	50747800	rs3865766
chr22	50772964	rs3888396
chr22	50774447	rs2238837
chr22	50780578	rs28729663
