CHROM	POS	ID
chr20	81154	rs4814683
chr20	82603	rs6139074
chr20	83158	rs1418258
chr20	88108	rs6086616
chr20	88453	rs6039403
chr20	88767	rs17685809
chr20	93706	rs6135141
chr20	94613	rs892665
chr20	96321	rs6111385
chr20	100014	rs2196239
chr20	106775	rs1935386
chr20	110343	rs1077784
chr20	110867	rs6051659
chr20	112858	rs6051856
chr20	116290	rs6052070
chr20	116481	rs6515824
chr20	118289	rs6116135
chr20	119864	rs6037772
chr20	120058	rs6116236
chr20	120721	rs6139361
chr20	121540	rs6052493
chr20	127687	rs1954267
chr20	141335	rs6038405
chr20	141867	rs6117214
chr20	143661	rs6038528
chr20	144480	rs1342137
chr20	145888	rs6133348
chr20	145973	rs6117404
chr20	147079	rs753217
chr20	148422	rs16994490
chr20	149223	rs6054706
chr20	150721	rs6054812
chr20	153376	rs6055045
chr20	156669	rs6086226
chr20	157259	rs1434789
chr20	157484	rs2298108
chr20	157507	rs2298109
chr20	157914	rs1858594
chr20	158532	rs11087789
chr20	158721	rs6055460
chr20	158768	rs12624951
chr20	158815	rs12624954
chr20	158935	rs16995685
chr20	159445	rs6039029
chr20	159639	rs6039035
chr20	160054	rs6086352
chr20	164772	rs6086539
chr20	167044	rs1858597
chr20	167443	rs4816104
chr20	169334	rs6077481
chr20	172626	rs6056599
chr20	183442	rs6032887
chr20	186183	rs6040142
chr20	187600	rs13038380
chr20	188140	rs35089290
chr20	189060	rs722829
chr20	189354	rs6040343
chr20	189948	rs1469782
chr20	190001	rs1469781
chr20	190548	rs6078096
chr20	198215	rs7269972
chr20	200997	rs6033356
chr20	201326	rs6041237
chr20	201372	rs6078500
chr20	205764	rs6078732
chr20	207466	rs6109597
chr20	207677	rs6109606
chr20	211156	rs6074578
chr20	211428	rs6074583
chr20	212680	rs8124562
chr20	225761	rs2164169
chr20	227248	rs2298149
chr20	227527	rs6110460
chr20	228763	rs7274629
chr20	229210	rs6074833
chr20	229420	rs13045643
chr20	229993	rs6074848
chr20	232882	rs1342842
chr20	236170	rs6074947
chr20	236433	rs4814401
chr20	236640	rs4814402
chr20	239662	rs10485818
chr20	240116	rs8124344
chr20	240377	rs10485819
chr20	240896	rs7268977
chr20	241301	rs2050980
chr20	241991	rs12624551
chr20	242195	rs1978761
chr20	243487	rs16999397
chr20	244417	rs10222024
chr20	247326	rs371791
chr20	250342	rs438305
chr20	253217	rs4814621
chr20	256161	rs448294
chr20	256351	rs434609
chr20	256777	rs376396
chr20	256856	rs389018
chr20	256904	rs429072
chr20	257379	rs446621
chr20	257866	rs373225
chr20	257889	rs412143
chr20	257899	rs416360
chr20	258653	rs419762
chr20	259023	rs420525
chr20	259047	rs399083
chr20	260593	rs374235
chr20	260725	rs416096
chr20	268285	rs381295
chr20	269435	rs1076719
chr20	270853	rs6045924
chr20	271524	rs513522
chr20	274599	rs13039523
chr20	275466	rs6081708
chr20	276245	rs3827150
chr20	276351	rs3827151
chr20	276391	rs3827153
chr20	276679	rs2277779
chr20	278224	rs6046492
chr20	278515	rs6035505
chr20	278757	rs6035515
chr20	284356	rs6082056
chr20	288365	rs6082267
chr20	289049	rs926617
chr20	289062	rs11087339
chr20	289993	rs6082334
chr20	293692	rs6082431
chr20	296976	rs3827154
chr20	297191	rs1997793
chr20	298162	rs1057189
chr20	299130	rs1046561
chr20	303233	rs4815112
chr20	303430	rs6036130
chr20	304170	rs6082746
chr20	304190	rs6075926
chr20	304679	rs6048226
chr20	306194	rs6082812
chr20	307589	rs6075980
chr20	308278	rs6075996
chr20	308352	rs6082956
chr20	308718	rs723477
chr20	315528	rs6049002
chr20	315730	rs6049015
chr20	323442	rs6036816
chr20	327549	rs1047507
chr20	329048	rs6050276
chr20	329830	rs7345645
chr20	332593	rs13039973
chr20	335411	rs6115254
chr20	338406	rs6051074
chr20	341968	rs6051321
chr20	344458	rs6084145
chr20	345372	rs6051353
chr20	345834	rs6115656
chr20	349198	rs2092473
chr20	352819	rs6115682
chr20	354581	rs1001549
chr20	356742	rs1074048
chr20	361302	rs12480543
chr20	363435	rs6037430
chr20	363987	rs6084202
chr20	364973	rs1555318
chr20	365220	rs6051490
chr20	366107	rs6051492
chr20	366815	rs12480446
chr20	367264	rs6084217
chr20	369846	rs6051511
chr20	370990	rs6037447
chr20	371020	rs6051517
chr20	371300	rs6051520
chr20	372441	rs742605
chr20	376141	rs6037460
chr20	376406	rs6084242
chr20	376926	rs6051550
chr20	378291	rs6037475
chr20	379816	rs6037480
chr20	379966	rs6076472
chr20	380145	rs6139007
chr20	384103	rs7265169
chr20	388261	rs2295490
chr20	389506	rs12626158
chr20	391328	rs6051637
chr20	396582	rs6115830
chr20	397335	rs2295491
chr20	400336	rs2145068
chr20	402232	rs6037542
chr20	403076	rs4815579
chr20	404254	rs6084337
chr20	407083	rs6076510
chr20	409237	rs4815585
chr20	410381	rs6139109
chr20	410526	rs7059
chr20	417284	rs6115906
chr20	417634	rs11698154
chr20	421527	rs6051900
chr20	421796	rs2295493
chr20	422066	rs2057251
chr20	423009	rs6051908
chr20	423763	rs6107303
chr20	424272	rs3787563
chr20	425915	rs6051936
chr20	426415	rs6051942
chr20	429158	rs6051957
chr20	431129	rs2295494
chr20	431198	rs2295495
chr20	434561	rs6037639
chr20	434843	rs4142271
chr20	435505	rs6695
chr20	436312	rs6052000
chr20	438423	rs3746794
chr20	439454	rs6037649
chr20	441704	rs6084439
chr20	444453	rs6116005
chr20	444790	rs2273463
chr20	444962	rs2273465
chr20	445221	rs6052047
chr20	445705	rs6052053
chr20	445789	rs6037660
chr20	448284	rs6037661
chr20	450858	rs8124729
chr20	459799	rs150207
chr20	461103	rs157797
chr20	463154	rs205898
chr20	468015	rs205900
chr20	468269	rs150208
chr20	470060	rs157810
chr20	472817	rs6052239
chr20	475808	rs77725
chr20	476073	rs157806
chr20	481364	rs459012
chr20	483351	rs459710
chr20	486714	rs461944
chr20	487357	rs6116240
chr20	495641	rs157816
chr20	498675	rs205903
chr20	504677	rs6037819
chr20	507789	rs68488
chr20	512561	rs4815701
chr20	512599	rs434410
chr20	512965	rs7267034
chr20	522293	rs4815707
chr20	524027	rs205878
chr20	531253	rs205908
chr20	536517	rs8117831
chr20	537213	rs2734228
chr20	539053	rs6107514
chr20	546851	rs157439
chr20	550168	rs6116511
chr20	551334	rs188205
chr20	555785	rs6037986
chr20	555892	rs204670
chr20	556141	rs204672
chr20	556215	rs204673
chr20	557603	rs6084919
chr20	558374	rs397883
chr20	559006	rs204680
chr20	559189	rs204681
chr20	560618	rs204685
chr20	560691	rs204686
chr20	560945	rs2006782
chr20	561738	rs7273745
chr20	562972	rs205894
chr20	563100	rs204694
chr20	567105	rs911445
chr20	567543	rs16990573
chr20	568720	rs6084945
chr20	570171	rs2665782
chr20	570174	rs4398333
chr20	571277	rs282145
chr20	572625	rs8122732
chr20	574708	rs282146
chr20	580481	rs282149
chr20	581670	rs2316866
chr20	583466	rs6053122
chr20	584433	rs6038071
chr20	585341	rs6053148
chr20	593664	rs6139653
chr20	599013	rs282152
chr20	602460	rs8122839
chr20	602943	rs6116745
chr20	604219	rs4630831
chr20	606311	rs282162
chr20	607445	rs282163
chr20	611050	rs3761308
chr20	611125	rs3761309
chr20	611176	rs12624577
chr20	611826	rs282166
chr20	611881	rs282167
chr20	612157	rs282168
chr20	612432	rs282169
chr20	612674	rs6053376
chr20	612844	rs11696415
chr20	612997	rs282170
chr20	613017	rs4815810
chr20	614136	rs1533087
chr20	617634	rs10485820
chr20	617892	rs282157
chr20	618050	rs282159
chr20	620320	rs282160
chr20	621978	rs6139752
chr20	622976	rs6133220
chr20	624679	rs6053462
chr20	625245	rs4815836
chr20	625293	rs4813760
chr20	626070	rs6038199
chr20	628723	rs6116853
chr20	628961	rs6053510
chr20	630017	rs911448
chr20	637164	rs6139794
chr20	638967	rs1980586
chr20	641181	rs6076864
chr20	644623	rs6053635
chr20	645437	rs6116929
chr20	648246	rs6053666
chr20	650326	rs6107696
chr20	650473	rs7269823
chr20	650781	rs2008022
chr20	651860	rs13043781
chr20	652315	rs6085283
chr20	652505	rs6116961
chr20	658277	rs12480949
chr20	660909	rs11907567
chr20	661249	rs6053783
chr20	663033	rs6116997
chr20	663275	rs6107716
chr20	665209	rs6053798
chr20	665483	rs6085328
chr20	667092	rs4815878
chr20	667787	rs6053807
chr20	668345	rs6053809
chr20	669291	rs6107731
chr20	671453	rs753490
chr20	673547	rs6107740
chr20	676254	rs8122688
chr20	677799	rs6085379
chr20	678797	rs12106143
chr20	680149	rs6085394
chr20	682684	rs747331
chr20	684907	rs4815889
chr20	685089	rs11087719
chr20	687915	rs1535235
chr20	688019	rs1001108
chr20	689298	rs1123342
chr20	690105	rs4141735
chr20	690931	rs6076959
chr20	691419	rs2208183
chr20	692780	rs6038382
chr20	692996	rs6053991
chr20	693065	rs6053993
chr20	693104	rs2180579
chr20	693463	rs2145098
chr20	694318	rs6139948
chr20	695259	rs1535234
chr20	695798	rs6117164
chr20	700520	rs6085469
chr20	706757	rs6038447
chr20	707128	rs6139971
chr20	708893	rs6117232
chr20	710948	rs873544
chr20	711177	rs6054210
chr20	714250	rs1114734
chr20	715026	rs8121910
chr20	716956	rs6054280
chr20	718343	rs6117279
chr20	720987	rs750160
chr20	721926	rs6085580
chr20	722277	rs6085582
chr20	723709	rs6077021
chr20	723808	rs6077022
chr20	724055	rs6054331
chr20	726115	rs6085597
chr20	727068	rs6140027
chr20	727236	rs6107832
chr20	729328	rs6117340
chr20	731541	rs6054380
chr20	733818	rs927067
chr20	734531	rs6133337
chr20	735555	rs2317022
chr20	735589	rs2873339
chr20	736784	rs6133341
chr20	736878	rs8115370
chr20	737005	rs6117373
chr20	738059	rs6085645
chr20	738739	rs6107859
chr20	739210	rs1884639
chr20	739960	rs4387876
chr20	742416	rs16992625
chr20	742511	rs1074257
chr20	749645	rs7269034
chr20	750567	rs4815939
chr20	750830	rs6117434
chr20	751100	rs6140090
chr20	753319	rs6117457
chr20	753350	rs6133360
chr20	756388	rs16992822
chr20	756408	rs7351978
chr20	758664	rs11087747
chr20	758808	rs4815945
chr20	760275	rs2295431
chr20	761203	rs910857
chr20	761987	rs873970
chr20	762287	rs6117508
chr20	762576	rs2317024
chr20	763126	rs6140113
chr20	763183	rs910858
chr20	763406	rs8122335
chr20	763664	rs3746802
chr20	763738	rs3746803
chr20	763771	rs3746804
chr20	763806	rs3746805
chr20	763926	rs6054605
chr20	764203	rs6133374
chr20	764800	rs6085741
chr20	765319	rs3746807
chr20	765454	rs3746808
chr20	766308	rs2024896
chr20	767191	rs6054627
chr20	768330	rs1884637
chr20	771989	rs4815961
chr20	772232	rs17774132
chr20	772666	rs6117562
chr20	772719	rs570153
chr20	772872	rs571847
chr20	773095	rs668988
chr20	773273	rs6054678
chr20	773737	rs6054685
chr20	773867	rs13042395
chr20	774383	rs16993103
chr20	774610	rs13045384
chr20	775876	rs552232
chr20	778672	rs6117615
chr20	782552	rs6085872
chr20	783325	rs6085881
chr20	785440	rs648656
chr20	791233	rs645059
chr20	794733	rs530831
chr20	795199	rs535315
chr20	799744	rs495241
chr20	801002	rs592954
chr20	801097	rs593354
chr20	803221	rs6077185
chr20	804465	rs512236
chr20	806416	rs572635
chr20	810659	rs637589
chr20	811314	rs650759
chr20	813863	rs500066
chr20	818112	rs645843
chr20	821480	rs600810
chr20	823109	rs628573
chr20	826034	rs672385
chr20	826235	rs673261
chr20	826944	rs6140308
chr20	826992	rs4813833
chr20	827221	rs6055109
chr20	828946	rs608938
chr20	829194	rs6117860
chr20	830064	rs805883
chr20	831332	rs491100
chr20	837432	rs486515
chr20	842861	rs552367
chr20	843608	rs7262185
chr20	843779	rs636681
chr20	845035	rs538094
chr20	846023	rs1045410
chr20	848148	rs1106699
chr20	849655	rs2317027
chr20	849770	rs2317028
chr20	850450	rs4813841
chr20	852010	rs4816022
chr20	852120	rs4816023
chr20	853608	rs8118565
chr20	853837	rs12625746
chr20	855883	rs571870
chr20	856057	rs626703
chr20	856168	rs12624479
chr20	856433	rs577199
chr20	857157	rs6140448
chr20	857617	rs2183307
chr20	859694	rs6117977
chr20	859762	rs6038974
chr20	861686	rs6117994
chr20	863016	rs6086281
chr20	863090	rs6118005
chr20	863200	rs12626011
chr20	864029	rs4816030
chr20	864049	rs4813845
chr20	864080	rs4816031
chr20	864158	rs6086286
chr20	866712	rs1556170
chr20	868792	rs6086299
chr20	869777	rs1536913
chr20	869940	rs6055439
chr20	871126	rs1411192
chr20	872204	rs6055458
chr20	872859	rs11907018
chr20	873491	rs4813850
chr20	874038	rs944108
chr20	874297	rs944110
chr20	874696	rs6055483
chr20	876194	rs944115
chr20	876489	rs882807
chr20	876628	rs882806
chr20	876734	rs882805
chr20	878198	rs869171
chr20	878824	rs7272569
chr20	880159	rs6140526
chr20	882180	rs6077309
chr20	883063	rs6055551
chr20	883869	rs3787565
chr20	883997	rs3787566
chr20	885707	rs12625348
chr20	889913	rs6086361
chr20	891187	rs4813852
chr20	891823	rs6118110
chr20	891866	rs6108118
chr20	892634	rs6108123
chr20	893106	rs4816051
chr20	894725	rs11908221
chr20	895270	rs4816055
chr20	895935	rs714681
chr20	896059	rs1590871
chr20	902357	rs6039134
chr20	902871	rs6055734
chr20	903001	rs2144151
chr20	903427	rs6133576
chr20	905359	rs6118168
chr20	905903	rs2077972
chr20	906213	rs976165
chr20	907032	rs742922
chr20	907880	rs2011489
chr20	909079	rs575136
chr20	909226	rs487473
chr20	909635	rs3787569
chr20	912305	rs574628
chr20	913482	rs6055803
chr20	914079	rs910389
chr20	914308	rs11087800
chr20	914324	rs524765
chr20	914395	rs525608
chr20	914526	rs531192
chr20	914682	rs11697918
chr20	914814	rs1014897
chr20	914888	rs1014898
chr20	915369	rs478451
chr20	915656	rs502522
chr20	916110	rs17702306
chr20	916971	rs1997923
chr20	920188	rs501322
chr20	921033	rs530365
chr20	921359	rs554362
chr20	921417	rs6133587
chr20	924025	rs1997924
chr20	925142	rs7267882
chr20	926783	rs7265788
chr20	928283	rs6055907
chr20	929128	rs475922
chr20	929591	rs501122
chr20	931983	rs761570
chr20	932392	rs6118267
chr20	933764	rs513432
chr20	933777	rs530008
chr20	935220	rs6086545
chr20	938451	rs474816
chr20	939602	rs523453
chr20	940207	rs533608
chr20	940310	rs534498
chr20	941328	rs564744
chr20	942563	rs6140700
chr20	945754	rs502716
chr20	945942	rs504507
chr20	946302	rs529058
chr20	946505	rs530913
chr20	946814	rs533747
chr20	947585	rs578505
chr20	947782	rs579591
chr20	949837	rs17702759
chr20	949917	rs530652
chr20	951100	rs3933284
chr20	951870	rs479848
chr20	951975	rs480789
chr20	952372	rs6056135
chr20	952391	rs484564
chr20	952542	rs6056141
chr20	952909	rs6056146
chr20	953115	rs512870
chr20	953670	rs6140734
chr20	953857	rs6056178
chr20	953974	rs6056182
chr20	954305	rs550408
chr20	955436	rs6039300
chr20	955820	rs6086636
chr20	956302	rs7361530
chr20	958518	rs486344
chr20	958523	rs486347
chr20	958880	rs944116
chr20	958953	rs734940
chr20	959315	rs509384
chr20	960669	rs542451
chr20	960776	rs564477
chr20	960856	rs549698
chr20	961455	rs570869
chr20	962027	rs471263
chr20	962415	rs6086687
chr20	963080	rs13037075
chr20	965819	rs2223961
chr20	966160	rs9680008
chr20	966411	rs6086703
chr20	966507	rs6086704
chr20	967266	rs6140807
chr20	972407	rs2317321
chr20	972507	rs1884109
chr20	972877	rs1884112
chr20	972959	rs1884113
chr20	973721	rs6086733
chr20	974110	rs16995598
chr20	974769	rs6140836
chr20	977237	rs6039368
chr20	978696	rs4816116
chr20	980577	rs6086773
chr20	980859	rs13040573
chr20	980884	rs6108256
chr20	981108	rs6118488
chr20	984009	rs4813886
chr20	985572	rs6039397
chr20	985861	rs1884114
chr20	987205	rs6140878
chr20	987314	rs6140882
chr20	988249	rs6140884
chr20	990421	rs6056462
chr20	991486	rs6133676
chr20	993026	rs1569816
chr20	993795	rs6086810
chr20	995626	rs6056488
chr20	996521	rs6056491
chr20	998077	rs1154757
chr20	998528	rs12106283
chr20	999077	rs6039433
chr20	1000475	rs1884106
chr20	1000775	rs11908461
chr20	1004887	rs6056558
chr20	1012070	rs6039459
chr20	1014638	rs6056615
chr20	1015189	rs6108292
chr20	1017524	rs6133711
chr20	1017740	rs926823
chr20	1018405	rs6077542
chr20	1019109	rs6140951
chr20	1019141	rs6056637
chr20	1021117	rs4816142
chr20	1021612	rs2207322
chr20	1022013	rs7261002
chr20	1025568	rs6118638
chr20	1028777	rs6077564
chr20	1029036	rs879013
chr20	1029145	rs879012
chr20	1029446	rs6039511
chr20	1032155	rs4816153
chr20	1034331	rs11087849
chr20	1034771	rs6118676
chr20	1036589	rs11699432
chr20	1038074	rs16996402
chr20	1039675	rs6056801
chr20	1040377	rs6118701
chr20	1040598	rs6056803
chr20	1041840	rs4816165
chr20	1042069	rs6056813
chr20	1042136	rs6077589
chr20	1044615	rs11698234
chr20	1049043	rs4816177
chr20	1049592	rs6118727
chr20	1050400	rs6087024
chr20	1058269	rs6039609
chr20	1058648	rs878249
chr20	1058693	rs761857
chr20	1059185	rs2180368
chr20	1059356	rs11087852
chr20	1060218	rs6056973
chr20	1060293	rs6133763
chr20	1060601	rs6087048
chr20	1064245	rs6057028
chr20	1064618	rs6087073
chr20	1066322	rs1884511
chr20	1069913	rs6057063
chr20	1070253	rs6087091
chr20	1072859	rs6057078
chr20	1075077	rs6057111
chr20	1078492	rs6057127
chr20	1080826	rs11699771
chr20	1081134	rs4813021
chr20	1082039	rs6077653
chr20	1082136	rs6039703
chr20	1083977	rs6039726
chr20	1086319	rs6032808
chr20	1088460	rs6077678
chr20	1088789	rs986031
chr20	1092170	rs16991403
chr20	1093598	rs2144776
chr20	1096454	rs4813923
chr20	1098662	rs6032835
chr20	1099035	rs6039805
chr20	1102446	rs2317428
chr20	1103371	rs7263787
chr20	1104061	rs4813929
chr20	1104326	rs6039856
chr20	1106481	rs16991645
chr20	1109318	rs6077755
chr20	1109738	rs6131084
chr20	1110036	rs6077759
chr20	1111813	rs6077768
chr20	1112163	rs6039915
chr20	1113580	rs6077776
chr20	1114055	rs6032877
chr20	1115473	rs6077792
chr20	1116966	rs4813030
chr20	1117104	rs4813031
chr20	1117843	rs6074148
chr20	1118651	rs2072963
chr20	1118880	rs1803415
chr20	1120026	rs3787573
chr20	1121889	rs2268065
chr20	1123370	rs6133957
chr20	1127479	rs6514113
chr20	1130129	rs2284374
chr20	1131231	rs2284372
chr20	1135276	rs2235587
chr20	1135786	rs6077860
chr20	1136156	rs6514115
chr20	1137756	rs6040066
chr20	1138620	rs4289256
chr20	1145281	rs2179450
chr20	1146081	rs1883522
chr20	1147370	rs4813941
chr20	1149237	rs6077914
chr20	1149390	rs6077915
chr20	1150410	rs6108702
chr20	1150476	rs6040155
chr20	1153413	rs6134042
chr20	1154256	rs2300186
chr20	1154769	rs2300185
chr20	1156758	rs6040199
chr20	1159813	rs16992126
chr20	1160083	rs6040222
chr20	1165404	rs17716261
chr20	1165492	rs2072965
chr20	1166766	rs3087751
chr20	1167131	rs1049901
chr20	1168139	rs4813044
chr20	1170385	rs6040275
chr20	1175210	rs6078022
chr20	1178160	rs6134119
chr20	1178751	rs6078040
chr20	1178828	rs6033024
chr20	1181726	rs8119636
chr20	1181971	rs1217
chr20	1189347	rs6108855
chr20	1191144	rs6078095
chr20	1193431	rs11697869
chr20	1194883	rs6033064
chr20	1195250	rs6078104
chr20	1196555	rs6078110
chr20	1197173	rs6108879
chr20	1198054	rs4813979
chr20	1198438	rs7269259
chr20	1198593	rs17778888
chr20	1199578	rs6078117
chr20	1201529	rs6074272
chr20	1202770	rs6040523
chr20	1202916	rs7266780
chr20	1204694	rs6131188
chr20	1205677	rs6040555
chr20	1207742	rs203556
chr20	1210212	rs13043799
chr20	1214888	rs12480258
chr20	1215140	rs203544
chr20	1225242	rs397020
chr20	1227966	rs6078239
chr20	1230003	rs450739
chr20	1239892	rs8122259
chr20	1240394	rs16992733
chr20	1240527	rs970084
chr20	1242590	rs17779421
chr20	1242851	rs17717217
chr20	1244130	rs17717241
chr20	1246599	rs6078316
chr20	1247725	rs9653633
chr20	1249541	rs17779586
chr20	1251388	rs6040904
chr20	1253249	rs7271372
chr20	1253746	rs10485821
chr20	1267642	rs1407766
chr20	1269819	rs6134424
chr20	1271255	rs7265362
chr20	1271848	rs7273889
chr20	1271951	rs17717557
chr20	1274834	rs6074376
chr20	1275954	rs17717581
chr20	1280508	rs6074381
chr20	1281286	rs3795144
chr20	1283247	rs7261561
chr20	1284508	rs11697413
chr20	1285759	rs966846
chr20	1286486	rs6078462
chr20	1287606	rs1040974
chr20	1288944	rs6033330
chr20	1289450	rs6041150
chr20	1289561	rs11905792
chr20	1292042	rs912107
chr20	1293587	rs12625859
chr20	1295355	rs12481700
chr20	1296455	rs6078493
chr20	1298126	rs4814078
chr20	1301041	rs3818331
chr20	1302879	rs7354385
chr20	1306407	rs3764715
chr20	1307579	rs6134520
chr20	1308693	rs3803949
chr20	1308941	rs13163
chr20	1310374	rs11449
chr20	1311464	rs4814106
chr20	1311805	rs6078557
chr20	1312201	rs3795137
chr20	1312345	rs4814111
chr20	1312402	rs1048621
chr20	1312603	rs2273959
chr20	1313787	rs6514277
chr20	1314995	rs12624916
chr20	1315078	rs6078575
chr20	1316167	rs6033417
chr20	1316872	rs2146662
chr20	1317753	rs1018575
chr20	1319324	rs6109434
chr20	1319812	rs6041386
chr20	1320954	rs6109437
chr20	1322083	rs4319993
chr20	1323476	rs6041420
chr20	1324628	rs754363
chr20	1325077	rs912118
chr20	1330044	rs13044351
chr20	1333118	rs3764712
chr20	1333621	rs6041497
chr20	1337137	rs6109511
chr20	1337552	rs4814137
chr20	1337570	rs6041524
chr20	1337617	rs4814138
chr20	1341600	rs6041558
chr20	1341982	rs6033495
chr20	1342548	rs6109526
chr20	1345043	rs6104959
chr20	1345076	rs6041586
chr20	1345252	rs8117744
chr20	1345357	rs6134656
chr20	1347586	rs4577347
chr20	1350265	rs4264616
chr20	1354379	rs6134682
chr20	1356010	rs6131399
chr20	1359746	rs6078807
chr20	1360301	rs6074514
chr20	1361382	rs912112
chr20	1363163	rs912116
chr20	1364330	rs6041717
chr20	1365518	rs8117563
chr20	1365737	rs6033554
chr20	1365952	rs6109623
chr20	1367898	rs6033557
chr20	1368408	rs6134733
chr20	1371678	rs6041759
chr20	1377208	rs1323135
chr20	1377628	rs6041827
chr20	1378708	rs6105031
chr20	1379834	rs4505594
chr20	1380376	rs12106183
chr20	1381762	rs6041861
chr20	1382651	rs747611
chr20	1383954	rs6041884
chr20	1386891	rs9647031
chr20	1388554	rs1294689
chr20	1388786	rs6514364
chr20	1391053	rs1294690
chr20	1393720	rs1998006
chr20	1395800	rs6041970
chr20	1403321	rs6134846
chr20	1403571	rs11698028
chr20	1403654	rs6042018
chr20	1403694	rs6033672
chr20	1405829	rs1474879
chr20	1406296	rs1998007
chr20	1407014	rs1474880
chr20	1407274	rs6514382
chr20	1407575	rs4814229
chr20	1407932	rs6079018
chr20	1410792	rs6042065
chr20	1413217	rs6079055
chr20	1415149	rs8124053
chr20	1416766	rs6042117
chr20	1416795	rs6042118
chr20	1417087	rs11087052
chr20	1417254	rs7262035
chr20	1419583	rs6042158
chr20	1421517	rs5019244
chr20	1421651	rs873523
chr20	1423042	rs4813133
chr20	1425568	rs6042209
chr20	1426233	rs11696447
chr20	1427285	rs6074623
chr20	1427846	rs6074625
chr20	1428791	rs4814243
chr20	1428923	rs4814244
chr20	1429836	rs2092881
chr20	1429938	rs1884389
chr20	1432448	rs6042244
chr20	1435422	rs1884391
chr20	1435877	rs910619
chr20	1436093	rs6109989
chr20	1438882	rs2873522
chr20	1439202	rs10485823
chr20	1439691	rs932524
chr20	1441287	rs6079138
chr20	1442156	rs6033807
chr20	1443134	rs3088080
chr20	1443203	rs13063
chr20	1443264	rs3171292
chr20	1443658	rs6891
chr20	1444433	rs910620
chr20	1446216	rs2064646
chr20	1447922	rs6131519
chr20	1448490	rs6042354
chr20	1449905	rs3829698
chr20	1453723	rs4352285
chr20	1456503	rs16994239
chr20	1457585	rs4546067
chr20	1465176	rs2024799
chr20	1467832	rs6042462
chr20	1467930	rs6033860
chr20	1470983	rs1543423
chr20	1472812	rs12481707
chr20	1475165	rs984497
chr20	1475434	rs1884393
chr20	1475496	rs984498
chr20	1475880	rs8118710
chr20	1477614	rs6033871
chr20	1478231	rs6042506
chr20	1478415	rs6042507
chr20	1480770	rs6079294
chr20	1481506	rs6135060
chr20	1482244	rs6135061
chr20	1487272	rs6079325
chr20	1489698	rs6042568
chr20	1489873	rs6110189
chr20	1490235	rs6042574
chr20	1490964	rs6110193
chr20	1491762	rs715217
chr20	1492074	rs7267351
chr20	1492133	rs6033901
chr20	1492514	rs7269538
chr20	1492751	rs6042588
chr20	1493486	rs6042592
chr20	1493759	rs6135095
chr20	1493835	rs6033904
chr20	1494304	rs17793360
chr20	1500582	rs6033935
chr20	1503280	rs6042667
chr20	1504691	rs6105249
chr20	1505556	rs7270432
chr20	1505991	rs6042682
chr20	1507112	rs6042689
chr20	1507204	rs6033950
chr20	1508984	rs2223839
chr20	1509382	rs17793560
chr20	1510211	rs4476414
chr20	1512617	rs6074730
chr20	1513818	rs2422579
chr20	1513957	rs2422580
chr20	1514589	rs2422581
chr20	1515827	rs976192
chr20	1516977	rs8182997
chr20	1517146	rs2422586
chr20	1517158	rs2422587
chr20	1517267	rs2422588
chr20	1517566	rs1121670
chr20	1517717	rs1121672
chr20	1517968	rs975409
chr20	1518481	rs4813157
chr20	1519860	rs6135158
chr20	1520747	rs2422604
chr20	1521004	rs6042765
chr20	1521402	rs2422605
chr20	1521846	rs2422606
chr20	1522651	rs2422609
chr20	1524346	rs2251801
chr20	1530304	rs6110342
chr20	1533196	rs2255651
chr20	1537333	rs2256229
chr20	1537454	rs10485824
chr20	1537738	rs2256250
chr20	1537940	rs2256258
chr20	1538865	rs6034006
chr20	1539219	rs2263656
chr20	1548607	rs6034036
chr20	1548853	rs6034039
chr20	1551949	rs2249317
chr20	1552141	rs16995146
chr20	1552559	rs2249431
chr20	1553862	rs3848786
chr20	1555750	rs2249832
chr20	1557603	rs2250055
chr20	1557620	rs11697395
chr20	1558224	rs2250091
chr20	1558519	rs12480515
chr20	1558704	rs2250199
chr20	1558774	rs6105333
chr20	1558798	rs6105334
chr20	1559043	rs2250207
chr20	1560655	rs2263663
chr20	1562420	rs3848788
chr20	1562763	rs2263664
chr20	1564822	rs2253693
chr20	1564971	rs2253698
chr20	1564989	rs6105340
chr20	1571784	rs2253427
chr20	1571811	rs16995332
chr20	1578613	rs2746603
chr20	1605192	rs2873569
chr20	1616582	rs6074896
chr20	1618496	rs2209313
chr20	1619878	rs1535882
chr20	1620148	rs11696842
chr20	1620279	rs11696739
chr20	1620521	rs3761268
chr20	1622497	rs4814391
chr20	1629306	rs6043374
chr20	1629555	rs2281807
chr20	1629905	rs2281808
chr20	1630144	rs3746719
chr20	1630166	rs3746720
chr20	1630248	rs3746721
chr20	1630293	rs3746722
chr20	1630933	rs41474054
chr20	1631426	rs11905167
chr20	1631845	rs6043388
chr20	1632054	rs13045212
chr20	1632173	rs1535883
chr20	1632365	rs11699714
chr20	1633310	rs6074927
chr20	1633642	rs2318044
chr20	1634662	rs17770331
chr20	1635313	rs9305125
chr20	1635491	rs6034239
chr20	1643224	rs4814396
chr20	1645761	rs8117968
chr20	1650177	rs7263011
chr20	1651625	rs2318047
chr20	1657233	rs6034307
chr20	1657932	rs963168
chr20	1658523	rs6043583
chr20	1659676	rs10211807
chr20	1660500	rs4814411
chr20	1661656	rs4814413
chr20	1662215	rs6080013
chr20	1664856	rs6110838
chr20	1666797	rs6110845
chr20	1667960	rs6080060
chr20	1669394	rs6110853
chr20	1669931	rs2273331
chr20	1670774	rs761824
chr20	1670956	rs968860
chr20	1671323	rs3818168
chr20	1673217	rs2247082
chr20	1676208	rs7345130
chr20	1677612	rs6034368
chr20	1678815	rs1438106
chr20	1679082	rs202551
chr20	1679346	rs4473456
chr20	1679394	rs4353709
chr20	1679429	rs4254564
chr20	1680599	rs6043722
chr20	1682263	rs12625628
chr20	1682353	rs202548
chr20	1682893	rs202546
chr20	1684194	rs4813210
chr20	1684526	rs202540
chr20	1685460	rs202537
chr20	1687214	rs202534
chr20	1687755	rs202532
chr20	1693161	rs202524
chr20	1694646	rs202520
chr20	1695419	rs2244191
chr20	1696297	rs7274477
chr20	1697542	rs2273329
chr20	1697991	rs202487
chr20	1698643	rs202481
chr20	1698888	rs202479
chr20	1699159	rs202478
chr20	1701283	rs1438098
chr20	1701646	rs6111034
chr20	1702696	rs6111045
chr20	1704006	rs1595459
chr20	1704854	rs692891
chr20	1706503	rs532097
chr20	1706804	rs6135736
chr20	1706822	rs629812
chr20	1707810	rs615007
chr20	1708624	rs517578
chr20	1708815	rs600303
chr20	1708911	rs599837
chr20	1709545	rs743082
chr20	1710739	rs578970
chr20	1713067	rs202493
chr20	1720475	rs8116788
chr20	1720982	rs202507
chr20	1721022	rs202509
chr20	1723192	rs202514
chr20	1723468	rs6135782
chr20	1724191	rs202516
chr20	1728452	rs202465
chr20	1733716	rs202456
chr20	1734802	rs6135817
chr20	1736382	rs6135821
chr20	1736435	rs6135822
chr20	1740381	rs6135852
chr20	1745610	rs635029
chr20	1746257	rs622259
chr20	1746317	rs621884
chr20	1746755	rs480355
chr20	1746861	rs619145
chr20	1747318	rs564402
chr20	1747566	rs605739
chr20	1747818	rs6135886
chr20	1747836	rs559695
chr20	1748914	rs589473
chr20	1748928	rs6080417
chr20	1749333	rs685230
chr20	1758472	rs642543
chr20	1759797	rs528560
chr20	1760654	rs6034677
chr20	1766921	rs202491
chr20	1767480	rs202490
chr20	1778319	rs6135960
chr20	1778944	rs6080550
chr20	1779145	rs6135962
chr20	1782890	rs11697635
chr20	1784291	rs200886
chr20	1787250	rs200885
chr20	1788050	rs200884
chr20	1789961	rs6111448
chr20	1790638	rs6075185
chr20	1795547	rs200880
chr20	1801108	rs200875
chr20	1802021	rs200873
chr20	1806080	rs127903
chr20	1807992	rs200899
chr20	1809181	rs200894
chr20	1811274	rs200891
chr20	1811788	rs58532
chr20	1813696	rs200889
chr20	1815466	rs6044815
chr20	1815815	rs200888
chr20	1824251	rs2318134
chr20	1825588	rs6044870
chr20	1826169	rs6044873
chr20	1826415	rs6044876
chr20	1827620	rs6044884
chr20	1832727	rs156353
chr20	1834737	rs6136156
chr20	1834974	rs6034870
chr20	1843535	rs11699994
chr20	1845298	rs156329
chr20	1845449	rs156330
chr20	1846342	rs156331
chr20	1852009	rs6034909
chr20	1855715	rs156346
chr20	1855886	rs156347
chr20	1858762	rs156350
chr20	1860599	rs635290
chr20	1864134	rs727190
chr20	1864212	rs1438108
chr20	1865368	rs156324
chr20	1867557	rs11698167
chr20	1871747	rs932563
chr20	1875887	rs4814687
chr20	1880217	rs6080968
chr20	1881124	rs6080974
chr20	1881774	rs6080978
chr20	1881894	rs6034968
chr20	1882379	rs4814697
chr20	1882570	rs4814698
chr20	1884447	rs6045210
chr20	1884861	rs6034984
chr20	1885999	rs6111858
chr20	1889423	rs6136317
chr20	1890109	rs6136322
chr20	1890292	rs6045236
chr20	1896504	rs1884565
chr20	1905847	rs6081105
chr20	1905978	rs6081106
chr20	1913138	rs4813321
chr20	1913689	rs6075340
chr20	1914331	rs17775933
chr20	1916399	rs6111968
chr20	1920315	rs6111988
chr20	1921341	rs34148012
chr20	1927070	rs6045464
chr20	1927653	rs2076552
chr20	1928799	rs2267905
chr20	1929194	rs2267906
chr20	1929274	rs2267908
chr20	1929736	rs2267909
chr20	1930128	rs2267911
chr20	1930342	rs2267914
chr20	1930963	rs2267915
chr20	1931664	rs2267916
chr20	1932335	rs2284295
chr20	1932835	rs6105944
chr20	1932980	rs6035090
chr20	1934305	rs2076553
chr20	1934580	rs2076554
chr20	1935090	rs2076555
chr20	1936086	rs2143541
chr20	1936563	rs3790341
chr20	1936644	rs3828016
chr20	1936759	rs2235745
chr20	1936814	rs2235746
chr20	1937659	rs2235747
chr20	1938535	rs6035100
chr20	1938678	rs7274469
chr20	1939932	rs6045559
chr20	1939944	rs6136470
chr20	1940804	rs6035103
chr20	1940877	rs4814776
chr20	1941591	rs6136475
chr20	1941637	rs6112072
chr20	1942977	rs4144201
chr20	1943481	rs6132106
chr20	1944061	rs13042885
chr20	1945191	rs926620
chr20	1945813	rs6035114
chr20	1946869	rs6132109
chr20	1947129	rs6045583
chr20	1948790	rs1028396
chr20	1948896	rs6035126
chr20	1949016	rs1028397
chr20	1950058	rs4470399
chr20	1950152	rs4630833
chr20	1950854	rs13433286
chr20	1950936	rs6045615
chr20	1951020	rs13433131
chr20	1951518	rs6105964
chr20	1953822	rs13043878
chr20	1955629	rs6035139
chr20	1955646	rs6035140
chr20	1956829	rs2206698
chr20	1959499	rs6045664
chr20	1959858	rs6045666
chr20	1960162	rs6045672
chr20	1960485	rs6112149
chr20	1960842	rs6045677
chr20	1961507	rs7267302
chr20	1962072	rs12626044
chr20	1962430	rs9679771
chr20	1962478	rs12624429
chr20	1963864	rs11087269
chr20	1965310	rs910077
chr20	1965378	rs910078
chr20	1965691	rs6045700
chr20	1966023	rs6035164
chr20	1966633	rs1539189
chr20	1968481	rs6112177
chr20	1972624	rs7264572
chr20	1972717	rs6045761
chr20	1974103	rs16979691
chr20	1977499	rs6132153
chr20	1977782	rs8183670
chr20	1979293	rs2235749
chr20	1979552	rs910079
chr20	1979580	rs910080
chr20	1979667	rs10485703
chr20	1980488	rs6045819
chr20	1981331	rs6045824
chr20	1986509	rs6035235
chr20	1986632	rs6045868
chr20	1986675	rs6035239
chr20	1989288	rs2235751
chr20	1991814	rs2281285
chr20	1992115	rs8123727
chr20	1993362	rs6045912
chr20	1994212	rs1997794
chr20	1995033	rs3830064
chr20	2002459	rs6045988
chr20	2004016	rs7263324
chr20	2004404	rs2206699
chr20	2004447	rs6132193
chr20	2007379	rs2422669
chr20	2007736	rs1418040
chr20	2007953	rs6035310
chr20	2008036	rs2422670
chr20	2008269	rs6035312
chr20	2008737	rs2422671
chr20	2009013	rs1418043
chr20	2010831	rs2050213
chr20	2011750	rs2422675
chr20	2012237	rs2422676
chr20	2012406	rs2422677
chr20	2013466	rs6035331
chr20	2014888	rs6081597
chr20	2016802	rs2422681
chr20	2017541	rs10211836
chr20	2018976	rs6035351
chr20	2020164	rs6046138
chr20	2020369	rs8121495
chr20	2020515	rs6515016
chr20	2021842	rs8117012
chr20	2022467	rs6515018
chr20	2024551	rs8117431
chr20	2029688	rs3944890
chr20	2029767	rs6112472
chr20	2042710	rs6046267
chr20	2043007	rs1418045
chr20	2043283	rs6136822
chr20	2044042	rs6046274
chr20	2044326	rs6112537
chr20	2045422	rs6136826
chr20	2048334	rs8126088
chr20	2052981	rs869220
chr20	2055129	rs6081765
chr20	2057221	rs6046373
chr20	2059653	rs6081791
chr20	2060370	rs6046419
chr20	2066126	rs6112672
chr20	2066533	rs6106161
chr20	2067172	rs6136898
chr20	2067320	rs6081825
chr20	2068021	rs4814930
chr20	2068534	rs6106173
chr20	2069835	rs4405822
chr20	2073841	rs11908021
chr20	2079188	rs6112747
chr20	2079505	rs1418029
chr20	2082335	rs6046629
chr20	2088729	rs13044611
chr20	2094276	rs4814966
chr20	2094292	rs7267144
chr20	2094922	rs6046748
chr20	2096810	rs6046762
chr20	2096996	rs1418031
chr20	2099109	rs6136983
chr20	2100960	rs6136988
chr20	2102121	rs6106228
chr20	2103541	rs2211325
chr20	2104399	rs6132289
chr20	2107576	rs4814973
chr20	2108052	rs6137005
chr20	2109472	rs6137010
chr20	2113432	rs6075658
chr20	2113658	rs6081995
chr20	2117042	rs1891227
chr20	2121547	rs947437
chr20	2121952	rs6132308
chr20	2122618	rs6075668
chr20	2125680	rs6106261
chr20	2125709	rs6112930
chr20	2127773	rs6112937
chr20	2127946	rs17779543
chr20	2133018	rs16981910
chr20	2134924	rs6137086
chr20	2136816	rs4814983
chr20	2137705	rs6112969
chr20	2139797	rs17717472
chr20	2139937	rs17717490
chr20	2140501	rs6137099
chr20	2140546	rs6132337
chr20	2140582	rs6137102
chr20	2141359	rs17717569
chr20	2143374	rs6137114
chr20	2143478	rs6106280
chr20	2144458	rs6047011
chr20	2144907	rs3748512
chr20	2145191	rs2153739
chr20	2145443	rs2153740
chr20	2145450	rs2153741
chr20	2145921	rs2153742
chr20	2145938	rs2153743
chr20	2146963	rs6035685
chr20	2147038	rs11087326
chr20	2147284	rs6112998
chr20	2149231	rs6047045
chr20	2149261	rs6047046
chr20	2149725	rs6113005
chr20	2150543	rs6106288
chr20	2151475	rs6137153
chr20	2153022	rs6113017
chr20	2154374	rs1609997
chr20	2155259	rs6113024
chr20	2155324	rs6047076
chr20	2156032	rs4813398
chr20	2157676	rs6113029
chr20	2157749	rs6035721
chr20	2160585	rs6106303
chr20	2165639	rs6047163
chr20	2165934	rs6113074
chr20	2168414	rs6035745
chr20	2169032	rs6106323
chr20	2169266	rs1610304
chr20	2170704	rs2064850
chr20	2171411	rs1610305
chr20	2177480	rs6082311
chr20	2179145	rs4815018
chr20	2179896	rs6113123
chr20	2180849	rs4530434
chr20	2180931	rs6106334
chr20	2181952	rs1581711
chr20	2182010	rs1590202
chr20	2182768	rs16982273
chr20	2183469	rs6106338
chr20	2183700	rs4490257
chr20	2183941	rs1884874
chr20	2184308	rs10854247
chr20	2184613	rs10854248
chr20	2184680	rs4239736
chr20	2185672	rs6082333
chr20	2185781	rs6082335
chr20	2188940	rs4511784
chr20	2189155	rs4535128
chr20	2190984	rs6132407
chr20	2191003	rs6113161
chr20	2191281	rs6082345
chr20	2191762	rs6132408
chr20	2191900	rs6137288
chr20	2192217	rs6137290
chr20	2193473	rs911132
chr20	2197239	rs6075784
chr20	2198820	rs6082364
chr20	2199519	rs6082366
chr20	2200079	rs6047357
chr20	2201040	rs6137308
chr20	2202962	rs6035842
chr20	2206784	rs6075795
chr20	2209126	rs6075798
chr20	2212368	rs6047425
chr20	2217224	rs6082420
chr20	2217262	rs6082421
chr20	2217642	rs6137352
chr20	2218253	rs6047451
chr20	2224165	rs6082438
chr20	2224492	rs6082442
chr20	2224526	rs6082443
chr20	2225295	rs12479918
chr20	2225311	rs12480715
chr20	2225332	rs12479920
chr20	2225945	rs726403
chr20	2226505	rs7272607
chr20	2228157	rs4289260
chr20	2229884	rs6082461
chr20	2231027	rs4815056
chr20	2234640	rs6047529
chr20	2236492	rs874499
chr20	2236711	rs874502
chr20	2238576	rs6047560
chr20	2242835	rs6047591
chr20	2245223	rs13040824
chr20	2245984	rs6082497
chr20	2246709	rs11907383
chr20	2246787	rs6137426
chr20	2247802	rs6137430
chr20	2250438	rs6047624
chr20	2251544	rs6113380
chr20	2253130	rs6113390
chr20	2253267	rs4815067
chr20	2255112	rs4815070
chr20	2256129	rs6082527
chr20	2256244	rs6137456
chr20	2256871	rs6075846
chr20	2257499	rs4815075
chr20	2258361	rs4380312
chr20	2259023	rs12624568
chr20	2259719	rs13036843
chr20	2259995	rs6047696
chr20	2260248	rs6035972
chr20	2260280	rs6035973
chr20	2263375	rs1575124
chr20	2263665	rs1575125
chr20	2271759	rs6047797
chr20	2272093	rs6047800
chr20	2273781	rs2064849
chr20	2280741	rs8116927
chr20	2281136	rs6075877
chr20	2288297	rs6113558
chr20	2290305	rs6082633
chr20	2294882	rs214758
chr20	2295221	rs214759
chr20	2295330	rs214760
chr20	2297895	rs6082659
chr20	2297907	rs214766
chr20	2299709	rs214775
chr20	2299745	rs214776
chr20	2300638	rs214781
chr20	2305411	rs214794
chr20	2305697	rs214796
chr20	2305855	rs214797
chr20	2309687	rs214803
chr20	2309901	rs214805
chr20	2315065	rs214811
chr20	2315694	rs11908614
chr20	2317144	rs214814
chr20	2317970	rs214815
chr20	2320662	rs84823
chr20	2323021	rs1923101
chr20	2323503	rs2012787
chr20	2323730	rs1853092
chr20	2324109	rs2014017
chr20	2325666	rs1012621
chr20	2327628	rs6036147
chr20	2327784	rs6106524
chr20	2328979	rs6113720
chr20	2330018	rs6048208
chr20	2332413	rs2076408
chr20	2333964	rs16983952
chr20	2334659	rs13037722
chr20	2334824	rs2076407
chr20	2336844	rs2013961
chr20	2338279	rs2422691
chr20	2339017	rs214828
chr20	2339345	rs2422693
chr20	2340717	rs214831
chr20	2341019	rs214832
chr20	2341519	rs214833
chr20	2342079	rs6048276
chr20	2342250	rs214834
chr20	2346771	rs6082805
chr20	2347049	rs6082807
chr20	2348468	rs6048339
chr20	2349899	rs2422696
chr20	2349969	rs2422697
chr20	2350960	rs4813467
chr20	2352041	rs6082849
chr20	2357232	rs2422707
chr20	2357578	rs2422708
chr20	2357808	rs6137776
chr20	2358165	rs995008
chr20	2358505	rs6082883
chr20	2358587	rs2422710
chr20	2360328	rs6082889
chr20	2362027	rs2422717
chr20	2363290	rs4815159
chr20	2365554	rs6137790
chr20	2366418	rs6082942
chr20	2367609	rs6075995
chr20	2368664	rs2179463
chr20	2368744	rs2179462
chr20	2371068	rs1474680
chr20	2371493	rs4815167
chr20	2371663	rs2422733
chr20	2371944	rs6082968
chr20	2372024	rs2422734
chr20	2372036	rs2422735
chr20	2372454	rs6048503
chr20	2373547	rs6132559
chr20	2373886	rs2422739
chr20	2373915	rs4813474
chr20	2374240	rs2422740
chr20	2374741	rs2422741
chr20	2375465	rs1040487
chr20	2376289	rs2422746
chr20	2377921	rs991187
chr20	2378099	rs2422751
chr20	2378783	rs6082996
chr20	2380344	rs2422752
chr20	2380379	rs7271300
chr20	2380859	rs9680025
chr20	2381038	rs2422753
chr20	2383740	rs1967678
chr20	2384483	rs6113955
chr20	2386563	rs2422763
chr20	2387881	rs2422765
chr20	2387951	rs2422766
chr20	2388855	rs2422768
chr20	2391136	rs6048587
chr20	2392339	rs6083041
chr20	2392610	rs2422771
chr20	2393172	rs2422773
chr20	2394616	rs2076405
chr20	2396892	rs6036350
chr20	2397663	rs2235609
chr20	2398314	rs8124987
chr20	2398952	rs6114027
chr20	2399677	rs6114033
chr20	2399750	rs2076404
chr20	2405143	rs742823
chr20	2407092	rs6036390
chr20	2410234	rs4053458
chr20	2410507	rs4428078
chr20	2413472	rs2092633
chr20	2413995	rs6137946
chr20	2416296	rs6132619
chr20	2416912	rs6137956
chr20	2417010	rs1004269
chr20	2417784	rs6137965
chr20	2418310	rs2092631
chr20	2418529	rs6114121
chr20	2419857	rs10485600
chr20	2424887	rs8119282
chr20	2425019	rs8115012
chr20	2426382	rs4349401
chr20	2426795	rs6048880
chr20	2430120	rs2076650
chr20	2430306	rs2076649
chr20	2435036	rs12624537
chr20	2435211	rs6048961
chr20	2436331	rs6048966
chr20	2436439	rs1008405
chr20	2436456	rs6048970
chr20	2441096	rs4815227
chr20	2441795	rs6132649
chr20	2443894	rs6049027
chr20	2448576	rs6036522
chr20	2451332	rs6083268
chr20	2460006	rs2143863
chr20	2460242	rs6049206
chr20	2461376	rs6049212
chr20	2461627	rs6049216
chr20	2462795	rs2143862
chr20	2464098	rs6076161
chr20	2467941	rs6138178
chr20	2469079	rs13044564
chr20	2470023	rs6049283
chr20	2470805	rs6049288
chr20	2473721	rs6083349
chr20	2477142	rs1109009
chr20	2477241	rs1109010
chr20	2477514	rs4815266
chr20	2477984	rs910253
chr20	2480347	rs6049382
chr20	2482946	rs3746687
chr20	2485164	rs16986047
chr20	2487650	rs6114506
chr20	2489678	rs6114527
chr20	2491109	rs6076199
chr20	2492585	rs6049496
chr20	2493435	rs4815270
chr20	2495985	rs6083460
chr20	2496497	rs6076211
chr20	2497946	rs6036710
chr20	2498061	rs12480575
chr20	2498552	rs1547063
chr20	2500617	rs6114605
chr20	2500665	rs6114607
chr20	2508107	rs6083505
chr20	2508295	rs6049629
chr20	2508773	rs6049635
chr20	2508885	rs6138281
chr20	2510104	rs6132730
chr20	2510563	rs6036759
chr20	2515474	rs12480388
chr20	2515853	rs6106883
chr20	2516393	rs6083526
chr20	2520225	rs4815273
chr20	2520986	rs6083536
chr20	2522094	rs6083538
chr20	2522425	rs6106895
chr20	2524478	rs6114758
chr20	2524511	rs7266421
chr20	2526756	rs8122680
chr20	2527120	rs4815276
chr20	2529842	rs6114783
chr20	2529996	rs12329482
chr20	2530384	rs6114789
chr20	2533231	rs6083567
chr20	2533484	rs6036852
chr20	2533912	rs6076243
chr20	2534785	rs17317517
chr20	2536731	rs6036860
chr20	2536802	rs6036862
chr20	2537179	rs6114817
chr20	2537919	rs6049839
chr20	2539461	rs4815298
chr20	2543474	rs6114849
chr20	2544775	rs2422778
chr20	2546864	rs6083607
chr20	2548171	rs6083609
chr20	2552330	rs8120421
chr20	2557776	rs6114896
chr20	2558741	rs6050063
chr20	2560055	rs2223883
chr20	2560438	rs6083663
chr20	2561057	rs6036964
chr20	2562101	rs4815323
chr20	2563158	rs6036974
chr20	2564573	rs6083683
chr20	2565635	rs742838
chr20	2566620	rs6114955
chr20	2566951	rs4815349
chr20	2568362	rs4815352
chr20	2569933	rs767739
chr20	2572238	rs11908093
chr20	2572280	rs1883980
chr20	2572338	rs11906107
chr20	2574396	rs16987128
chr20	2574511	rs6050260
chr20	2575168	rs6138477
chr20	2576304	rs6115016
chr20	2576615	rs16987177
chr20	2578037	rs6417577
chr20	2578827	rs6115021
chr20	2580070	rs2422794
chr20	2581872	rs6115038
chr20	2581958	rs2325890
chr20	2589562	rs6115073
chr20	2593577	rs6050455
chr20	2595626	rs11698357
chr20	2596301	rs4815396
chr20	2600126	rs6037081
chr20	2603685	rs16987508
chr20	2604826	rs7270289
chr20	2605124	rs6083806
chr20	2609040	rs2207154
chr20	2609564	rs16987561
chr20	2609824	rs12481723
chr20	2610271	rs1883979
chr20	2610359	rs1883978
chr20	2610586	rs6050576
chr20	2612360	rs1015159
chr20	2613217	rs6515646
chr20	2613544	rs10485601
chr20	2613608	rs6115181
chr20	2613856	rs10485602
chr20	2614869	rs10485603
chr20	2616352	rs4481063
chr20	2616914	rs12626155
chr20	2617332	rs4815428
chr20	2618397	rs2422801
chr20	2618475	rs6515654
chr20	2619294	rs1028442
chr20	2619540	rs1028441
chr20	2620742	rs2207153
chr20	2624662	rs6050664
chr20	2627355	rs7509377
chr20	2629639	rs996708
chr20	2633012	rs7266145
chr20	2633639	rs4398331
chr20	2634462	rs7270022
chr20	2634965	rs1546931
chr20	2635145	rs910275
chr20	2635236	rs910273
chr20	2635342	rs910272
chr20	2636130	rs13038659
chr20	2636357	rs1022585
chr20	2636989	rs6083911
chr20	2637055	rs2422809
chr20	2637448	rs6037181
chr20	2637494	rs6083915
chr20	2637662	rs6050771
chr20	2638407	rs6083917
chr20	2641352	rs6050798
chr20	2642545	rs2422818
chr20	2643019	rs2422819
chr20	2643443	rs4815452
chr20	2643457	rs4813580
chr20	2643504	rs4815453
chr20	2644474	rs6083931
chr20	2645941	rs2325898
chr20	2646551	rs7269323
chr20	2646724	rs2038246
chr20	2649639	rs16987862
chr20	2649665	rs2422821
chr20	2651160	rs4815466
chr20	2651364	rs1883977
chr20	2651566	rs4813587
chr20	2654366	rs3818060
chr20	2654566	rs2273137
chr20	2655572	rs742842
chr20	2657933	rs6753
chr20	2658924	rs6037255
chr20	2659160	rs2325899
chr20	2664039	rs6107100
chr20	2664350	rs2073192
chr20	2666394	rs6132905
chr20	2666724	rs2422824
chr20	2667836	rs742847
chr20	2669604	rs7346024
chr20	2670312	rs6051076
chr20	2672138	rs8125340
chr20	2673544	rs6115486
chr20	2674279	rs1810636
chr20	2674764	rs8122666
chr20	2675566	rs6051097
chr20	2675682	rs6051098
chr20	2675849	rs6051100
chr20	2681012	rs6051153
chr20	2687083	rs6037336
chr20	2690016	rs2281319
chr20	2696920	rs2325900
chr20	2701560	rs4141589
chr20	2701933	rs16988053
chr20	2703947	rs8124688
chr20	2704278	rs4815533
chr20	2707485	rs6107186
chr20	2710750	rs8121467
chr20	2712979	rs6084136
chr20	2713498	rs6076425
chr20	2713510	rs6076426
chr20	2723046	rs1883808
chr20	2729013	rs6051339
chr20	2730140	rs6084144
chr20	2731683	rs6084148
chr20	2734444	rs6051342
chr20	2736171	rs6051345
chr20	2736880	rs6051348
chr20	2740745	rs1028407
chr20	2740828	rs1028408
chr20	2741718	rs4815540
chr20	2742207	rs6138878
chr20	2745032	rs4815541
chr20	2745081	rs4815542
chr20	2745953	rs17249425
chr20	2747924	rs16990611
chr20	2748339	rs2073126
chr20	2753248	rs6084151
chr20	2754536	rs1005304
chr20	2758937	rs2073125
chr20	2761845	rs6051365
chr20	2762022	rs1033519
chr20	2763792	rs6051366
chr20	2764200	rs6051368
chr20	2765003	rs9631167
chr20	2765708	rs6084154
chr20	2766835	rs4813616
chr20	2770695	rs2281316
chr20	2770966	rs6107192
chr20	2771694	rs6084164
chr20	2774414	rs6037397
chr20	2774842	rs6138892
chr20	2777731	rs215519
chr20	2780059	rs215523
chr20	2780452	rs6051387
chr20	2780594	rs6115667
chr20	2781082	rs215525
chr20	2786974	rs215529
chr20	2791275	rs11697717
chr20	2791849	rs215536
chr20	2792008	rs6051397
chr20	2792648	rs11698364
chr20	2794686	rs127078
chr20	2798411	rs2073129
chr20	2799101	rs215542
chr20	2799505	rs215543
chr20	2804633	rs215551
chr20	2807348	rs127073
chr20	2807422	rs6138898
chr20	2814128	rs6515746
chr20	2814979	rs215560
chr20	2815361	rs12625619
chr20	2815825	rs6107195
chr20	2816369	rs215561
chr20	2817680	rs6115686
chr20	2819161	rs6132971
chr20	2820155	rs7360412
chr20	2820763	rs4815546
chr20	2821401	rs6051418
chr20	2829452	rs1329269
chr20	2832126	rs6084184
chr20	2835069	rs4813619
chr20	2836838	rs3746689
chr20	2839847	rs2274670
chr20	2840955	rs2297047
chr20	2844405	rs6132976
chr20	2845675	rs6132978
chr20	2845831	rs2325971
chr20	2846822	rs873711
chr20	2847950	rs7268763
chr20	2848512	rs11699077
chr20	2849268	rs12479861
chr20	2852591	rs6051434
chr20	2856791	rs6037426
chr20	2860127	rs3818605
chr20	2860283	rs2297048
chr20	2862407	rs632080
chr20	2863155	rs6132981
chr20	2864265	rs2274671
chr20	2864484	rs730819
chr20	2865643	rs677344
chr20	2865751	rs555502
chr20	2865781	rs555414
chr20	2873477	rs13042869
chr20	2874820	rs622601
chr20	2877208	rs1324392
chr20	2879409	rs592946
chr20	2882833	rs533493
chr20	2883334	rs1161237
chr20	2885330	rs7262267
chr20	2888070	rs6051457
chr20	2889049	rs6084189
chr20	2893324	rs6138929
chr20	2893783	rs6138930
chr20	2894370	rs6138931
chr20	2902301	rs6138938
chr20	2916774	rs6138948
chr20	2920894	rs6138952
chr20	2929398	rs6084203
chr20	2930234	rs6138953
chr20	2950124	rs1741731
chr20	2964642	rs3818226
chr20	2965113	rs1178027
chr20	2966349	rs6084222
chr20	2980762	rs6037443
chr20	2981358	rs1884891
chr20	2989686	rs4813622
chr20	2992553	rs6076453
chr20	2993389	rs1178037
chr20	2998282	rs6084229
chr20	3000742	rs12480069
chr20	3001875	rs1178032
chr20	3009560	rs6084231
chr20	3010914	rs6133002
chr20	3011439	rs16988201
chr20	3011800	rs911143
chr20	3015851	rs1178016
chr20	3022381	rs2277756
chr20	3024767	rs568235
chr20	3026846	rs599538
chr20	3027802	rs6133005
chr20	3028129	rs615568
chr20	3028263	rs4574173
chr20	3030319	rs3787479
chr20	3030529	rs561059
chr20	3030542	rs654750
chr20	3032169	rs6076463
chr20	3033005	rs7262038
chr20	3036467	rs566570
chr20	3039311	rs8125955
chr20	3039444	rs2296236
chr20	3039907	rs6138988
chr20	3041972	rs6138990
chr20	3042535	rs3761244
chr20	3043424	rs6138991
chr20	3043634	rs6084240
chr20	3044461	rs6051545
chr20	3045769	rs8184100
chr20	3048065	rs1100
chr20	3051186	rs1034063
chr20	3053402	rs6076466
chr20	3055151	rs4815560
chr20	3056865	rs2326055
chr20	3058469	rs8184236
chr20	3065416	rs6084253
chr20	3067891	rs11697250
chr20	3069244	rs877172
chr20	3069747	rs3761248
chr20	3072609	rs2740210
chr20	3072868	rs2770378
chr20	3074867	rs4813627
chr20	3076040	rs2740201
chr20	3081340	rs2770381
chr20	3081821	rs2740204
chr20	3084303	rs2282018
chr20	3085716	rs3761249
chr20	3089925	rs6084264
chr20	3090252	rs6084265
chr20	3094983	rs857240
chr20	3095738	rs2422840
chr20	3100455	rs857242
chr20	3100992	rs4815566
chr20	3101034	rs2422843
chr20	3103947	rs11087565
chr20	3107364	rs864140
chr20	3109478	rs913555
chr20	3110624	rs6037486
chr20	3110711	rs12480378
chr20	3110881	rs857246
chr20	3112121	rs2422846
chr20	3113529	rs6139011
chr20	3114262	rs6115792
chr20	3119106	rs306755
chr20	3122352	rs999409
chr20	3123178	rs6076478
chr20	3127107	rs16988305
chr20	3129696	rs16988310
chr20	3138487	rs306757
chr20	3138909	rs857252
chr20	3149529	rs2145222
chr20	3150515	rs6051606
chr20	3150842	rs2422858
chr20	3152182	rs2422859
chr20	3154880	rs6139019
chr20	3157634	rs3827132
chr20	3158333	rs6084276
chr20	3162402	rs6115805
chr20	3163106	rs3087802
chr20	3164018	rs911112
chr20	3166378	rs7260750
chr20	3167419	rs6051613
chr20	3169519	rs11697620
chr20	3171205	rs2145223
chr20	3172147	rs6051617
chr20	3183464	rs6084282
chr20	3184040	rs2295545
chr20	3184411	rs7260785
chr20	3185613	rs8120592
chr20	3189083	rs1056881
chr20	3189526	rs4815574
chr20	3191600	rs2295547
chr20	3192943	rs6051629
chr20	3193020	rs6084288
chr20	3193261	rs8119219
chr20	3195426	rs7263489
chr20	3199251	rs6051638
chr20	3199637	rs6051639
chr20	3202758	rs731282
chr20	3203925	rs11697114
chr20	3205300	rs6051643
chr20	3207087	rs6139030
chr20	3208397	rs6051644
chr20	3209336	rs6139031
chr20	3212840	rs6084304
chr20	3212971	rs6084306
chr20	3213247	rs7270101
chr20	3213332	rs8362
chr20	3215607	rs11087571
chr20	3219057	rs2422862
chr20	3219123	rs6037506
chr20	3221320	rs2422863
chr20	3221423	rs6139034
chr20	3223438	rs9101
chr20	3223585	rs13830
chr20	3227103	rs3810559
chr20	3227173	rs3810560
chr20	3230046	rs6139039
chr20	3230589	rs6084312
chr20	3234173	rs3827075
chr20	3239951	rs6107261
chr20	3242579	rs6037513
chr20	3247814	rs4507156
chr20	3250488	rs1207
chr20	3250612	rs910768
chr20	3251385	rs1043159
chr20	3251453	rs8774
chr20	3252445	rs6037515
chr20	3254848	rs2281494
chr20	3255369	rs1569942
chr20	3256586	rs3310
chr20	3260967	rs6051689
chr20	3263803	rs6051693
chr20	3270710	rs2326084
chr20	3271278	rs6051702
chr20	3275259	rs2236087
chr20	3277153	rs2236090
chr20	3277334	rs2236091
chr20	3277472	rs1884506
chr20	3281535	rs17698336
chr20	3281847	rs6051708
chr20	3282178	rs2281500
chr20	3285133	rs6051713
chr20	3288033	rs7266575
chr20	3291209	rs6084327
chr20	3296174	rs2236103
chr20	3296955	rs2236104
chr20	3304493	rs2422864
chr20	3305174	rs2236107
chr20	3306474	rs6051727
chr20	3306944	rs8120029
chr20	3309104	rs7264098
chr20	3313535	rs6051732
chr20	3315393	rs2236114
chr20	3318407	rs6139071
chr20	3321411	rs2236118
chr20	3323673	rs2236121
chr20	3324593	rs2236122
chr20	3326043	rs6037551
chr20	3333727	rs6139079
chr20	3334315	rs8120964
chr20	3340921	rs6051761
chr20	3340943	rs6051762
chr20	3341160	rs6051764
chr20	3344322	rs11907672
chr20	3344773	rs976041
chr20	3351720	rs2875862
chr20	3354004	rs6139092
chr20	3354784	rs16988490
chr20	3354893	rs1884563
chr20	3356330	rs6139095
chr20	3360224	rs4815584
chr20	3364109	rs6037574
chr20	3366307	rs2092991
chr20	3374581	rs750702
chr20	3378291	rs7272191
chr20	3378656	rs6115865
chr20	3379008	rs6051812
chr20	3381386	rs6051818
chr20	3384116	rs8116213
chr20	3390214	rs6515810
chr20	3400902	rs965469
chr20	3404359	rs6133039
chr20	3405835	rs6051836
chr20	3410544	rs6051839
chr20	3410836	rs6051840
chr20	3412224	rs6051841
chr20	3422027	rs6051844
chr20	3422145	rs6051845
chr20	3423177	rs6051846
chr20	3427727	rs6037597
chr20	3428479	rs6051855
chr20	3430922	rs6115892
chr20	3436198	rs6051863
chr20	3450493	rs6076519
chr20	3452511	rs979332
chr20	3453363	rs6076520
chr20	3454828	rs6139130
chr20	3455584	rs6133043
chr20	3456975	rs6084384
chr20	3457749	rs347464
chr20	3458417	rs6084385
chr20	3460050	rs6107292
chr20	3466577	rs16988566
chr20	3466995	rs6037604
chr20	3469043	rs17707425
chr20	3469988	rs11696647
chr20	3470164	rs1552323
chr20	3471800	rs6076524
chr20	3472116	rs8120279
chr20	3472639	rs6037606
chr20	3475112	rs238732
chr20	3479359	rs151557
chr20	3483653	rs151558
chr20	3489419	rs238723
chr20	3491324	rs238722
chr20	3505605	rs237404
chr20	3514427	rs151511
chr20	3515288	rs237405
chr20	3519764	rs64510
chr20	3521282	rs238706
chr20	3528772	rs151535
chr20	3533449	rs151514
chr20	3535277	rs151518
chr20	3535304	rs151519
chr20	3539849	rs2853218
chr20	3539923	rs151521
chr20	3540057	rs151522
chr20	3543109	rs2853224
chr20	3544872	rs151507
chr20	3547237	rs239187
chr20	3551926	rs235594
chr20	3553215	rs2670305
chr20	3553693	rs235590
chr20	3555505	rs645678
chr20	3556199	rs235586
chr20	3560735	rs17782078
chr20	3560986	rs235577
chr20	3563569	rs237640
chr20	3563694	rs13042627
chr20	3564306	rs235573
chr20	3567125	rs651208
chr20	3569683	rs235563
chr20	3571110	rs2753978
chr20	3571524	rs3848809
chr20	3571552	rs235561
chr20	3574918	rs562997
chr20	3575263	rs678963
chr20	3575956	rs6115945
chr20	3579797	rs6139155
chr20	3580008	rs235544
chr20	3584025	rs235540
chr20	3587438	rs235536
chr20	3591678	rs2263667
chr20	3594245	rs170975
chr20	3596415	rs3886999
chr20	3599521	rs622099
chr20	3601383	rs667358
chr20	3602009	rs11699379
chr20	3602531	rs682808
chr20	3603019	rs2422907
chr20	3604955	rs616641
chr20	3606557	rs634346
chr20	3612707	rs235517
chr20	3613229	rs17710422
chr20	3616208	rs190195
chr20	3617227	rs596720
chr20	3618465	rs170974
chr20	3618869	rs235523
chr20	3621413	rs2595585
chr20	3623190	rs618047
chr20	3624107	rs2064945
chr20	3624412	rs235519
chr20	3624689	rs2255786
chr20	3629265	rs235549
chr20	3629314	rs7267462
chr20	3632041	rs2670300
chr20	3634743	rs6051989
chr20	3638048	rs235551
chr20	3638737	rs6051991
chr20	3639124	rs583688
chr20	3644057	rs2246799
chr20	3644789	rs562926
chr20	3646031	rs6107327
chr20	3646290	rs235560
chr20	3647665	rs1064833
chr20	3648271	rs434222
chr20	3648462	rs7271825
chr20	3648607	rs2250106
chr20	3649054	rs2295675
chr20	3649460	rs2595582
chr20	3649602	rs432647
chr20	3649916	rs641362
chr20	3650034	rs12930
chr20	3650911	rs439442
chr20	3652593	rs6133053
chr20	3652697	rs2670311
chr20	3653062	rs2787100
chr20	3653294	rs1040035
chr20	3653454	rs2787089
chr20	3655448	rs618542
chr20	3657396	rs1765886
chr20	3657463	rs692862
chr20	3658372	rs2670314
chr20	3658395	rs619246
chr20	3659410	rs633924
chr20	3661999	rs616749
chr20	3663006	rs6084432
chr20	3663229	rs12624874
chr20	3667731	rs512625
chr20	3668493	rs3746631
chr20	3669480	rs2280089
chr20	3669587	rs2280091
chr20	3670622	rs598418
chr20	3672502	rs3918395
chr20	3674438	rs511898
chr20	3674572	rs3918392
chr20	3677564	rs2853210
chr20	3678284	rs487377
chr20	3681495	rs554743
chr20	3685608	rs2853215
chr20	3687178	rs1046919
chr20	3687435	rs656635
chr20	3688518	rs671650
chr20	3689414	rs3746634
chr20	3690298	rs609203
chr20	3691153	rs4815596
chr20	3691244	rs3859664
chr20	3693168	rs2474436
chr20	3694686	rs3746638
chr20	3694851	rs709012
chr20	3697089	rs673114
chr20	3699612	rs12624921
chr20	3699633	rs12624922
chr20	3700636	rs6139180
chr20	3701364	rs1018493
chr20	3701502	rs13037869
chr20	3701725	rs11087600
chr20	3702688	rs540691
chr20	3703375	rs611847
chr20	3704082	rs625372
chr20	3705789	rs6037651
chr20	3705865	rs6052021
chr20	3708206	rs4813639
chr20	3710873	rs1992953
chr20	3710937	rs6084444
chr20	3712192	rs735710
chr20	3716161	rs4813640
chr20	3720485	rs1018491
chr20	3726216	rs4815600
chr20	3731217	rs580502
chr20	3734713	rs584897
chr20	3735047	rs586249
chr20	3735810	rs509764
chr20	3736454	rs6107337
chr20	3740054	rs862832
chr20	3740809	rs3827077
chr20	3742444	rs611073
chr20	3744061	rs6139191
chr20	3747323	rs910652
chr20	3747379	rs674110
chr20	3750975	rs2474437
chr20	3752840	rs3088007
chr20	3753151	rs6084455
chr20	3753334	rs508686
chr20	3754789	rs2295342
chr20	3754954	rs2295343
chr20	3756848	rs658495
chr20	3757030	rs669597
chr20	3761153	rs621624
chr20	3764480	rs6116026
chr20	3769239	rs683808
chr20	3775950	rs13043330
chr20	3781448	rs2281479
chr20	3782702	rs1968648
chr20	3783225	rs579111
chr20	3791211	rs6084472
chr20	3792266	rs4815604
chr20	3795528	rs3761218
chr20	3795721	rs3761219
chr20	3798057	rs11569984
chr20	3798355	rs11569986
chr20	3801697	rs11570007
chr20	3802055	rs2228465
chr20	3803463	rs1056720
chr20	3803946	rs1010608
chr20	3804387	rs2295348
chr20	3804860	rs11570019
chr20	3805331	rs11087604
chr20	3805337	rs11087605
chr20	3806903	rs910655
chr20	3807108	rs4813643
chr20	3807547	rs11570030
chr20	3810545	rs4815610
chr20	3811557	rs2282127
chr20	3811579	rs2282128
chr20	3813536	rs12481679
chr20	3815489	rs4815613
chr20	3817523	rs4813645
chr20	3818743	rs6052093
chr20	3819006	rs3827078
chr20	3821903	rs6037667
chr20	3822781	rs6037668
chr20	3822799	rs6052095
chr20	3822949	rs6052096
chr20	3826961	rs6037671
chr20	3830786	rs6052105
chr20	3835007	rs6084488
chr20	3841501	rs6084491
chr20	3846662	rs4815617
chr20	3849020	rs6116065
chr20	3849815	rs6084496
chr20	3849827	rs6084497
chr20	3858160	rs8116776
chr20	3859107	rs6133067
chr20	3862337	rs2326369
chr20	3862380	rs7262903
chr20	3862746	rs914294
chr20	3863021	rs6052130
chr20	3863648	rs6052131
chr20	3865213	rs16988997
chr20	3865750	rs7269320
chr20	3866196	rs3746660
chr20	3867769	rs16989000
chr20	3870321	rs14161
chr20	3871304	rs6515831
chr20	3872446	rs17212649
chr20	3872773	rs7267297
chr20	3872904	rs7272495
chr20	3873042	rs16989022
chr20	3874335	rs2464
chr20	3876031	rs2274826
chr20	3881561	rs6052140
chr20	3883890	rs6052141
chr20	3887708	rs6052147
chr20	3888105	rs12480683
chr20	3890285	rs6084506
chr20	3893361	rs41423648
chr20	3897391	rs4815621
chr20	3905138	rs6052161
chr20	3905270	rs6052162
chr20	3907690	rs6116087
chr20	3908477	rs2282131
chr20	3909551	rs12480318
chr20	3911198	rs4815627
chr20	3911249	rs4815628
chr20	3915628	rs6037692
chr20	3916095	rs6052170
chr20	3916367	rs6084513
chr20	3929759	rs3746665
chr20	3930214	rs3746666
chr20	3930623	rs241600
chr20	3932476	rs241604
chr20	3933655	rs17286349
chr20	3934417	rs241605
chr20	3935238	rs241606
chr20	3936568	rs241611
chr20	3936750	rs241612
chr20	3941317	rs241623
chr20	3944281	rs241629
chr20	3944601	rs241630
chr20	3945277	rs17214621
chr20	3954119	rs6084530
chr20	3957928	rs2300217
chr20	3958493	rs2253977
chr20	3965410	rs2300216
chr20	3977969	rs6139258
chr20	3981100	rs6052209
chr20	3984407	rs998132
chr20	3989947	rs6052220
chr20	3992109	rs6107386
chr20	3994364	rs1013359
chr20	3994459	rs2078382
chr20	3994755	rs17215529
chr20	4000009	rs8122029
chr20	4000912	rs11906452
chr20	4005270	rs1028366
chr20	4007091	rs6107393
chr20	4012707	rs6084547
chr20	4012844	rs2143235
chr20	4013962	rs2143234
chr20	4019833	rs6052246
chr20	4024865	rs6084557
chr20	4031314	rs6084558
chr20	4037932	rs6052257
chr20	4043792	rs41398349
chr20	4043865	rs1337282
chr20	4048059	rs11906481
chr20	4050792	rs6052269
chr20	4053726	rs2095638
chr20	4053742	rs6084582
chr20	4055550	rs6084586
chr20	4056980	rs6076593
chr20	4057725	rs945768
chr20	4057845	rs945767
chr20	4058980	rs6139278
chr20	4060116	rs17217035
chr20	4060181	rs6076595
chr20	4060276	rs6084588
chr20	4060804	rs17217189
chr20	4062639	rs6076598
chr20	4064645	rs4815632
chr20	4065091	rs6139282
chr20	4065541	rs6052282
chr20	4065661	rs6052285
chr20	4066071	rs6116178
chr20	4066390	rs6139285
chr20	4066839	rs6076599
chr20	4067374	rs8123223
chr20	4068092	rs6037743
chr20	4068177	rs6052294
chr20	4069044	rs6037744
chr20	4069157	rs8119653
chr20	4070263	rs6052299
chr20	4072607	rs6139288
chr20	4073043	rs4815641
chr20	4073432	rs4815642
chr20	4073675	rs6076601
chr20	4073823	rs16989186
chr20	4074520	rs16989193
chr20	4075009	rs6139292
chr20	4075476	rs945763
chr20	4076904	rs4813659
chr20	4079102	rs2875922
chr20	4083215	rs6116189
chr20	4088146	rs6084603
chr20	4088631	rs2027236
chr20	4089183	rs6084605
chr20	4090430	rs6084609
chr20	4090658	rs6084610
chr20	4092628	rs17290928
chr20	4092658	rs16989217
chr20	4092723	rs6076612
chr20	4093750	rs2184893
chr20	4094643	rs2095639
chr20	4095190	rs6052329
chr20	4095287	rs13040860
chr20	4095690	rs6084612
chr20	4095941	rs4815645
chr20	4096572	rs4356730
chr20	4098504	rs4815646
chr20	4098576	rs4815647
chr20	4099344	rs6052334
chr20	4105022	rs6052350
chr20	4105111	rs6116201
chr20	4105425	rs6084626
chr20	4105650	rs2326370
chr20	4105667	rs2326371
chr20	4105916	rs6076619
chr20	4106403	rs4815651
chr20	4111325	rs6052360
chr20	4112213	rs4813669
chr20	4112605	rs4813670
chr20	4113649	rs6116209
chr20	4115069	rs4815660
chr20	4117920	rs7273787
chr20	4119674	rs6037767
chr20	4119959	rs6052369
chr20	4119968	rs16989226
chr20	4121009	rs8122571
chr20	4121153	rs1741344
chr20	4123372	rs1741295
chr20	4123473	rs1741297
chr20	4126520	rs6052378
chr20	4127368	rs1764980
chr20	4127713	rs1741331
chr20	4128897	rs1741340
chr20	4129606	rs1741343
chr20	4130781	rs6084636
chr20	4131133	rs1741280
chr20	4131362	rs6052388
chr20	4131385	rs6139319
chr20	4132868	rs1741283
chr20	4132999	rs1741284
chr20	4133270	rs6139321
chr20	4133334	rs4432534
chr20	4134266	rs6133089
chr20	4135789	rs1741285
chr20	4136694	rs1621960
chr20	4138417	rs13039640
chr20	4141152	rs6084644
chr20	4141838	rs1764995
chr20	4142158	rs1764996
chr20	4147357	rs1741291
chr20	4148407	rs945772
chr20	4152017	rs1741296
chr20	4154216	rs6139332
chr20	4155202	rs1765003
chr20	4156024	rs6076623
chr20	4160074	rs6139335
chr20	4164374	rs927091
chr20	4169303	rs6116241
chr20	4175288	rs2295484
chr20	4175301	rs1741315
chr20	4176953	rs1741318
chr20	4177517	rs11552911
chr20	4178375	rs1741322
chr20	4178460	rs1741323
chr20	4179128	rs1765017
chr20	4180853	rs8118315
chr20	4181764	rs1124983
chr20	4182655	rs1051904
chr20	4183037	rs1337281
chr20	4183636	rs1741327
chr20	4186587	rs6139351
chr20	4188432	rs16989303
chr20	4189540	rs1217356
chr20	4190261	rs1217359
chr20	4190850	rs6084657
chr20	4191611	rs13042073
chr20	4194226	rs6107420
chr20	4196457	rs2027237
chr20	4197331	rs6107422
chr20	4198222	rs1238882
chr20	4203172	rs1217369
chr20	4204211	rs7262469
chr20	4205297	rs6037786
chr20	4205385	rs1235695
chr20	4206868	rs1217373
chr20	4207035	rs7263019
chr20	4210411	rs6116265
chr20	4212269	rs4239758
chr20	4213047	rs910952
chr20	4214944	rs4408788
chr20	4216551	rs910949
chr20	4219948	rs734290
chr20	4221337	rs709024
chr20	4222155	rs835873
chr20	4224413	rs3787441
chr20	4227283	rs6084664
chr20	4227600	rs2326478
chr20	4228248	rs835880
chr20	4229635	rs910953
chr20	4229801	rs8183794
chr20	4230793	rs6116268
chr20	4234669	rs946188
chr20	4234910	rs1556832
chr20	4236016	rs8118409
chr20	4236217	rs4815670
chr20	4238611	rs6076639
chr20	4239693	rs4815671
chr20	4242807	rs4815675
chr20	4244747	rs3787442
chr20	4244926	rs6052456
chr20	4246877	rs946189
chr20	4254947	rs6052462
chr20	4256297	rs946190
chr20	4259011	rs1886844
chr20	4259770	rs4813680
chr20	4259862	rs8115863
chr20	4261000	rs6084673
chr20	4262792	rs6052471
chr20	4266459	rs6133102
chr20	4266918	rs6139375
chr20	4268475	rs1538317
chr20	4271016	rs6107436
chr20	4272439	rs12151881
chr20	4272893	rs6052482
chr20	4277939	rs6107439
chr20	4278466	rs4815682
chr20	4279128	rs6084685
chr20	4279194	rs6084686
chr20	4279963	rs6052484
chr20	4280002	rs4815683
chr20	4282001	rs8114863
chr20	4282944	rs1338404
chr20	4290149	rs6139383
chr20	4290717	rs6037806
chr20	4291757	rs4813684
chr20	4291852	rs1556831
chr20	4297045	rs12480260
chr20	4299260	rs6116300
chr20	4299869	rs6052494
chr20	4300848	rs17223153
chr20	4301026	rs3848812
chr20	4301428	rs6084692
chr20	4304230	rs3892507
chr20	4304846	rs6139385
chr20	4304885	rs3859666
chr20	4306016	rs12480207
chr20	4307324	rs6037811
chr20	4308299	rs8122075
chr20	4308621	rs6037812
chr20	4309610	rs6116303
chr20	4311589	rs2422924
chr20	4311782	rs6084694
chr20	4312519	rs8116347
chr20	4313191	rs11087628
chr20	4313261	rs4813685
chr20	4314706	rs6116308
chr20	4316922	rs3848815
chr20	4318662	rs12626052
chr20	4319424	rs4622799
chr20	4319503	rs7266945
chr20	4321110	rs6076657
chr20	4326598	rs6139394
chr20	4327508	rs4110508
chr20	4327900	rs3859670
chr20	4328565	rs4813687
chr20	4328964	rs6139395
chr20	4329209	rs3848818
chr20	4329543	rs3904874
chr20	4331384	rs3904873
chr20	4331506	rs3904872
chr20	4331894	rs7272003
chr20	4331962	rs16989445
chr20	4332297	rs6052514
chr20	4332390	rs11699833
chr20	4332667	rs6052515
chr20	4334493	rs6052517
chr20	4335690	rs6037820
chr20	4336262	rs17315602
chr20	4338886	rs6084706
chr20	4341308	rs485503
chr20	4344173	rs513783
chr20	4347862	rs636293
chr20	4351217	rs2326424
chr20	4353737	rs297662
chr20	4353894	rs6076665
chr20	4354099	rs297663
chr20	4354151	rs159763
chr20	4354651	rs159764
chr20	4356092	rs3848819
chr20	4357338	rs3912088
chr20	4357411	rs3912089
chr20	4360047	rs159774
chr20	4360786	rs12625433
chr20	4362231	rs11905990
chr20	4364242	rs17315868
chr20	4365613	rs7265336
chr20	4365772	rs6139405
chr20	4366700	rs159782
chr20	4367390	rs159784
chr20	4367463	rs159785
chr20	4367793	rs159786
chr20	4367858	rs159787
chr20	4368295	rs6116324
chr20	4370399	rs4815694
chr20	4371457	rs159788
chr20	4371630	rs3843781
chr20	4372091	rs6116326
chr20	4372275	rs6076666
chr20	4373237	rs192717
chr20	4379169	rs3848821
chr20	4384219	rs4815697
chr20	4386393	rs6076667
chr20	4391799	rs6084726
chr20	4392407	rs4813692
chr20	4397887	rs4256024
chr20	4398224	rs6139415
chr20	4398439	rs3904864
chr20	4399938	rs7266768
chr20	4402683	rs95045
chr20	4403069	rs297697
chr20	4403748	rs297698
chr20	4405229	rs297701
chr20	4405635	rs297704
chr20	4405674	rs297705
chr20	4405838	rs628583
chr20	4406464	rs297708
chr20	4406487	rs586446
chr20	4406793	rs531043
chr20	4407468	rs297709
chr20	4407730	rs602294
chr20	4407807	rs658056
chr20	4407935	rs297710
chr20	4408553	rs297712
chr20	4409410	rs685913
chr20	4409602	rs297715
chr20	4409786	rs297717
chr20	4409880	rs297718
chr20	4410083	rs6084732
chr20	4412270	rs172470
chr20	4412471	rs46593
chr20	4413014	rs212616
chr20	4414846	rs300586
chr20	4415131	rs300585
chr20	4417909	rs6133117
chr20	4417940	rs212617
chr20	4421990	rs159797
chr20	4422828	rs159796
chr20	4424047	rs159795
chr20	4425574	rs10485512
chr20	4425984	rs1477760
chr20	4427018	rs192718
chr20	4428001	rs6107458
chr20	4431434	rs297737
chr20	4431941	rs6107461
chr20	4432865	rs297738
chr20	4434927	rs6116355
chr20	4435654	rs297740
chr20	4437510	rs6037842
chr20	4438597	rs16989646
chr20	4439803	rs402899
chr20	4441893	rs6076676
chr20	4444381	rs297689
chr20	4446009	rs297690
chr20	4450254	rs6139426
chr20	4450664	rs6084748
chr20	4451503	rs6139427
chr20	4452320	rs297672
chr20	4456517	rs6133122
chr20	4458440	rs6116364
chr20	4459418	rs3907202
chr20	4463514	rs6084754
chr20	4463880	rs6084758
chr20	4467801	rs6116369
chr20	4468248	rs6116371
chr20	4469019	rs1382033
chr20	4469263	rs6139433
chr20	4470344	rs979073
chr20	4470717	rs6116375
chr20	4472069	rs297658
chr20	4472816	rs297660
chr20	4473418	rs4465845
chr20	4475304	rs13038462
chr20	4479307	rs6133125
chr20	4479628	rs6139434
chr20	4479783	rs297668
chr20	4480712	rs6133126
chr20	4485349	rs297778
chr20	4487154	rs297779
chr20	4488773	rs297741
chr20	4489235	rs6133127
chr20	4490062	rs297742
chr20	4490650	rs297743
chr20	4490775	rs6107469
chr20	4491799	rs16989725
chr20	4492961	rs297745
chr20	4494782	rs6139439
chr20	4503990	rs1382035
chr20	4504321	rs297763
chr20	4506463	rs297765
chr20	4507112	rs297767
chr20	4512646	rs297772
chr20	4513284	rs8115602
chr20	4513316	rs297774
chr20	4515455	rs297776
chr20	4515727	rs6139449
chr20	4519109	rs9636534
chr20	4522959	rs297757
chr20	4523541	rs297759
chr20	4526342	rs6116400
chr20	4527444	rs6116402
chr20	4530375	rs6139459
chr20	4532665	rs6107476
chr20	4533457	rs6139466
chr20	4534314	rs6037864
chr20	4535584	rs8124781
chr20	4537948	rs7268029
chr20	4539636	rs6133138
chr20	4540643	rs6116408
chr20	4540696	rs6139470
chr20	4541178	rs6037866
chr20	4541889	rs6116410
chr20	4542297	rs6052634
chr20	4545860	rs6052637
chr20	4549233	rs6076687
chr20	4549286	rs6084784
chr20	4549754	rs6116415
chr20	4550089	rs6116416
chr20	4551617	rs8120402
chr20	4553175	rs768423
chr20	4553731	rs1547021
chr20	4554224	rs960948
chr20	4554926	rs12626073
chr20	4555297	rs6076688
chr20	4560779	rs6116420
chr20	4563096	rs1555367
chr20	4563547	rs4141626
chr20	4564133	rs911165
chr20	4565933	rs2208303
chr20	4566925	rs6076693
chr20	4566959	rs6076694
chr20	4566987	rs6084794
chr20	4571593	rs6052651
chr20	4571892	rs4813701
chr20	4572258	rs4815715
chr20	4574753	rs6107483
chr20	4575749	rs6116430
chr20	4579345	rs6116433
chr20	4581495	rs2326536
chr20	4585670	rs7272992
chr20	4585769	rs6139479
chr20	4586042	rs6076699
chr20	4586645	rs6116435
chr20	4590594	rs6076702
chr20	4590715	rs6139484
chr20	4590832	rs6076703
chr20	4592339	rs6037886
chr20	4594704	rs6037887
chr20	4595584	rs6133145
chr20	4597434	rs6139486
chr20	4602070	rs6052674
chr20	4602351	rs2145287
chr20	4603187	rs6084806
chr20	4606507	rs6037894
chr20	4609449	rs6037895
chr20	4611069	rs6139494
chr20	4613330	rs2875959
chr20	4613820	rs6052686
chr20	4614857	rs961197
chr20	4615746	rs6107497
chr20	4616680	rs6052687
chr20	4618556	rs6139497
chr20	4625845	rs6052697
chr20	4627695	rs6076707
chr20	4629506	rs3746670
chr20	4631100	rs11698242
chr20	4631231	rs6052699
chr20	4633840	rs1981105
chr20	4633986	rs2009154
chr20	4636745	rs6037908
chr20	4638382	rs4813708
chr20	4638511	rs4813709
chr20	4640660	rs4815724
chr20	4642088	rs6107503
chr20	4642110	rs6107504
chr20	4643530	rs6037913
chr20	4644912	rs6084817
chr20	4646199	rs6133151
chr20	4646232	rs6052725
chr20	4649519	rs2326508
chr20	4649653	rs2326509
chr20	4651173	rs6052730
chr20	4651639	rs725557
chr20	4651933	rs11698728
chr20	4656522	rs6116466
chr20	4660228	rs7348315
chr20	4660328	rs6037922
chr20	4661004	rs11698202
chr20	4664427	rs6052751
chr20	4666866	rs6139515
chr20	4667892	rs2025115
chr20	4668630	rs6139516
chr20	4672089	rs16989990
chr20	4673730	rs6084825
chr20	4673939	rs2859720
chr20	4676371	rs6052761
chr20	4684616	rs2756271
chr20	4688888	rs6116471
chr20	4689864	rs4815729
chr20	4692113	rs6084833
chr20	4695334	rs6052772
chr20	4696446	rs6107516
chr20	4699605	rs1799990
chr20	4700664	rs7274758
chr20	4701861	rs12625444
chr20	4702345	rs7264175
chr20	4702649	rs2065706
chr20	4704015	rs6116477
chr20	4704072	rs2855412
chr20	4708067	rs2756267
chr20	4708590	rs6052778
chr20	4708828	rs6052780
chr20	4710019	rs6037938
chr20	4711555	rs6052782
chr20	4712467	rs11697846
chr20	4712693	rs741835
chr20	4713417	rs873050
chr20	4713562	rs16990038
chr20	4713938	rs6052785
chr20	4714867	rs6116485
chr20	4715166	rs6052787
chr20	4716608	rs6052789
chr20	4716708	rs6052790
chr20	4717980	rs6116492
chr20	4719906	rs926106
chr20	4720565	rs2326510
chr20	4721060	rs2208629
chr20	4721651	rs6133157
chr20	4722135	rs2756266
chr20	4722318	rs6076722
chr20	4722474	rs2756264
chr20	4723311	rs6084847
chr20	4725072	rs2245220
chr20	4725110	rs2756263
chr20	4725219	rs2756262
chr20	4725664	rs2756261
chr20	4726466	rs4815731
chr20	4726742	rs2735675
chr20	4727215	rs11087655
chr20	4727484	rs1054600
chr20	4727672	rs6052795
chr20	4728333	rs12625115
chr20	4729340	rs2756260
chr20	4729799	rs2422930
chr20	4732530	rs2735677
chr20	4735833	rs6037941
chr20	4736261	rs6052801
chr20	4736616	rs6139537
chr20	4736810	rs7264576
chr20	4737458	rs4815732
chr20	4738530	rs2249483
chr20	4738761	rs2065705
chr20	4738803	rs2422932
chr20	4740184	rs2422936
chr20	4740342	rs1999665
chr20	4740876	rs2422937
chr20	4741225	rs6052806
chr20	4742095	rs4813712
chr20	4742318	rs6052810
chr20	4745237	rs6052818
chr20	4747429	rs6052824
chr20	4750024	rs6107527
chr20	4750376	rs6037950
chr20	4750463	rs6084858
chr20	4750713	rs6084859
chr20	4750731	rs730999
chr20	4750901	rs731001
chr20	4753939	rs6084862
chr20	4754434	rs6084863
chr20	4760569	rs4143675
chr20	4760658	rs4143674
chr20	4760992	rs16990110
chr20	4761590	rs8116456
chr20	4761636	rs968432
chr20	4762059	rs6084875
chr20	4762291	rs6084876
chr20	4763213	rs11697767
chr20	4763645	rs6084878
chr20	4764818	rs2422951
chr20	4765741	rs2422956
chr20	4766620	rs2326511
chr20	4766972	rs1570235
chr20	4768386	rs12480756
chr20	4768643	rs2422958
chr20	4770647	rs6084884
chr20	4770690	rs16990147
chr20	4770841	rs6052862
chr20	4773711	rs11698350
chr20	4774148	rs8114703
chr20	4775404	rs6052867
chr20	4776718	rs12625405
chr20	4776839	rs6037961
chr20	4778393	rs2422970
chr20	4778750	rs1535380
chr20	4778767	rs2422971
chr20	4782055	rs2422973
chr20	4782223	rs2422975
chr20	4782447	rs2422977
chr20	4782462	rs2422978
chr20	4783357	rs1535381
chr20	4783983	rs3746674
chr20	4784036	rs2422979
chr20	4784663	rs3827125
chr20	4785551	rs2422982
chr20	4786572	rs2255133
chr20	4786700	rs7274162
chr20	4787537	rs2422986
chr20	4788728	rs6139554
chr20	4789188	rs3787445
chr20	4789794	rs2422992
chr20	4790690	rs8122874
chr20	4791092	rs6037964
chr20	4792951	rs1998292
chr20	4793525	rs2422999
chr20	4794039	rs2423000
chr20	4797094	rs723561
chr20	4797871	rs6052889
chr20	4798108	rs2281639
chr20	4798891	rs7273527
chr20	4798923	rs6037970
chr20	4799054	rs6037971
chr20	4799128	rs1547618
chr20	4800103	rs10427432
chr20	4800301	rs6084895
chr20	4800552	rs1535382
chr20	4801437	rs6139556
chr20	4801454	rs6139557
chr20	4804669	rs2423011
chr20	4805265	rs2423014
chr20	4806064	rs2423018
chr20	4807484	rs6084900
chr20	4807525	rs4815745
chr20	4808069	rs6076740
chr20	4809219	rs6052898
chr20	4810222	rs2423027
chr20	4810428	rs7346461
chr20	4811542	rs2423031
chr20	4811770	rs2423032
chr20	4812865	rs2423034
chr20	4813032	rs2423035
chr20	4813597	rs1885303
chr20	4814343	rs2423037
chr20	4814980	rs1885304
chr20	4815057	rs1885305
chr20	4815175	rs1885306
chr20	4816638	rs4813719
chr20	4816763	rs4813720
chr20	4817806	rs2423043
chr20	4817982	rs13039769
chr20	4818676	rs2423045
chr20	4819875	rs1885308
chr20	4824635	rs2295782
chr20	4824708	rs2295783
chr20	4831200	rs7266763
chr20	4832020	rs6052912
chr20	4832324	rs2423062
chr20	4832410	rs2423063
chr20	4833032	rs2423064
chr20	4837322	rs2423067
chr20	4837899	rs6139563
chr20	4838294	rs2423068
chr20	4838455	rs6052915
chr20	4839957	rs6052918
chr20	4840976	rs4815747
chr20	4841394	rs4815748
chr20	4845754	rs6084910
chr20	4846011	rs6084912
chr20	4846688	rs13042717
chr20	4846901	rs2423073
chr20	4849766	rs6037988
chr20	4851909	rs12625078
chr20	4853692	rs1131382
chr20	4854692	rs6052937
chr20	4854769	rs16990301
chr20	4855794	rs16990309
chr20	4856417	rs16990312
chr20	4856513	rs16990314
chr20	4859624	rs6107541
chr20	4859945	rs6052942
chr20	4862225	rs6084920
chr20	4862724	rs3737321
chr20	4862963	rs6052943
chr20	4863551	rs8124137
chr20	4864908	rs6116558
chr20	4866364	rs12329577
chr20	4866555	rs6052946
chr20	4871196	rs6038005
chr20	4874036	rs1110277
chr20	4875032	rs8115867
chr20	4875113	rs6038007
chr20	4875443	rs8123436
chr20	4875514	rs3787457
chr20	4876098	rs6107546
chr20	4883140	rs6038010
chr20	4883297	rs8126036
chr20	4883869	rs6116568
chr20	4887645	rs6052956
chr20	4887663	rs1776955
chr20	4889144	rs1629176
chr20	4895784	rs17339921
chr20	4898027	rs6052961
chr20	4898137	rs17339942
chr20	4898335	rs1776963
chr20	4898651	rs1715377
chr20	4899191	rs1715378
chr20	4899662	rs1776964
chr20	4905147	rs8125804
chr20	4905844	rs4815754
chr20	4907024	rs1715385
chr20	4907138	rs4813723
chr20	4911113	rs6133175
chr20	4913574	rs1614554
chr20	4915157	rs1715362
chr20	4918250	rs1715364
chr20	4920318	rs1715367
chr20	4920700	rs4815755
chr20	4922396	rs1715368
chr20	4925357	rs1776972
chr20	4925970	rs1776973
chr20	4928512	rs1715371
chr20	4934074	rs1628664
chr20	4938015	rs6052972
chr20	4942640	rs1519860
chr20	4944931	rs1715392
chr20	4946209	rs1776947
chr20	4946356	rs17340965
chr20	4947067	rs3914810
chr20	4954835	rs16990453
chr20	4960645	rs1776953
chr20	4967602	rs2748901
chr20	4972277	rs6139593
chr20	4977054	rs6053005
chr20	4978906	rs2681117
chr20	4990075	rs2064842
chr20	4991863	rs6053021
chr20	4992810	rs6053022
chr20	4996819	rs6139606
chr20	4999240	rs4815759
chr20	4999859	rs6084957
chr20	5000306	rs13042903
chr20	5002446	rs1279683
chr20	5018328	rs8126456
chr20	5030907	rs1279685
chr20	5033833	rs6053046
chr20	5036280	rs6116616
chr20	5039591	rs373542
chr20	5040498	rs11087669
chr20	5040854	rs382340
chr20	5041037	rs6084972
chr20	5041406	rs371581
chr20	5043388	rs405249
chr20	5043591	rs404678
chr20	5043692	rs6038044
chr20	5048561	rs369270
chr20	5052695	rs6038047
chr20	5057128	rs261360
chr20	5059406	rs261354
chr20	5060783	rs6053063
chr20	5061031	rs261351
chr20	5061369	rs8119332
chr20	5063060	rs6053066
chr20	5063227	rs6139617
chr20	5063756	rs6053067
chr20	5066284	rs4815763
chr20	5073162	rs374995
chr20	5074492	rs418062
chr20	5077415	rs2326588
chr20	5078145	rs6084985
chr20	5078323	rs11908536
chr20	5078623	rs6084986
chr20	5081806	rs7260967
chr20	5092075	rs6038067
chr20	5092198	rs1550701
chr20	5093191	rs6038069
chr20	5095131	rs735204
chr20	5096431	rs6053108
chr20	5100403	rs2715
chr20	5101291	rs6053111
chr20	5114714	rs3730446
chr20	5117745	rs3730428
chr20	5118870	rs17349
chr20	5118990	rs25406
chr20	5125641	rs8125170
chr20	5127163	rs13043456
chr20	5133938	rs4239761
chr20	5134390	rs6107581
chr20	5135553	rs2423089
chr20	5144634	rs17178759
chr20	5144973	rs6085011
chr20	5149511	rs11700061
chr20	5157259	rs1292197
chr20	5157944	rs10485482
chr20	5160531	rs6116667
chr20	5162564	rs6038077
chr20	5165035	rs7271989
chr20	5165985	rs6038080
chr20	5167951	rs6085020
chr20	5169067	rs1470351
chr20	5169129	rs1470352
chr20	5169405	rs6107589
chr20	5172576	rs17178968
chr20	5173099	rs2295507
chr20	5174266	rs1040758
chr20	5177708	rs10485483
chr20	5180183	rs1040759
chr20	5182617	rs2295509
chr20	5183182	rs6053181
chr20	5184499	rs6053183
chr20	5185772	rs3818196
chr20	5189231	rs6038087
chr20	5191388	rs3746677
chr20	5192826	rs17785402
chr20	5193393	rs6053188
chr20	5193954	rs6038088
chr20	5197965	rs3746679
chr20	5199047	rs1292244
chr20	5202707	rs6053197
chr20	5202983	rs6085029
chr20	5203067	rs6053199
chr20	5208826	rs6038092
chr20	5212326	rs16990756
chr20	5213727	rs6116695
chr20	5217641	rs1028549
chr20	5223993	rs2326599
chr20	5228571	rs1002929
chr20	5234067	rs6053214
chr20	5235462	rs6139663
chr20	5238918	rs6053217
chr20	5242368	rs6076792
chr20	5254241	rs6076798
chr20	5259709	rs8114011
chr20	5259946	rs2875986
chr20	5260965	rs6076799
chr20	5261913	rs6053233
chr20	5262185	rs17785583
chr20	5264506	rs6085054
chr20	5264731	rs16990786
chr20	5264847	rs6139677
chr20	5265528	rs6085055
chr20	5265968	rs17777279
chr20	5266747	rs2326614
chr20	5266947	rs6038106
chr20	5267264	rs6107606
chr20	5267647	rs728237
chr20	5268656	rs2038410
chr20	5269777	rs996822
chr20	5269801	rs6085059
chr20	5270423	rs6139680
chr20	5270455	rs6076800
chr20	5272148	rs2208176
chr20	5272995	rs6038108
chr20	5274513	rs6038111
chr20	5275693	rs17777402
chr20	5276150	rs4813734
chr20	5280486	rs6038115
chr20	5280560	rs4553880
chr20	5280753	rs6116726
chr20	5281473	rs6107609
chr20	5282798	rs2326618
chr20	5283575	rs2180572
chr20	5289618	rs6085074
chr20	5291064	rs910970
chr20	5291190	rs6085075
chr20	5291506	rs6038123
chr20	5295364	rs28361884
chr20	5295802	rs13044359
chr20	5298223	rs10485484
chr20	5298347	rs6053268
chr20	5298669	rs927102
chr20	5300607	rs4815785
chr20	5302730	rs3746684
chr20	5303605	rs7263438
chr20	5303635	rs4815788
chr20	5303734	rs10485485
chr20	5308835	rs7273837
chr20	5308998	rs6053281
chr20	5309342	rs6053283
chr20	5309856	rs6053286
chr20	5311440	rs6516015
chr20	5313273	rs6085088
chr20	5313388	rs6516020
chr20	5313786	rs16990875
chr20	5313815	rs8116536
chr20	5313850	rs8116897
chr20	5314829	rs6053298
chr20	5314920	rs7266208
chr20	5315359	rs8120223
chr20	5315432	rs17721321
chr20	5316005	rs910973
chr20	5316152	rs7351709
chr20	5316526	rs4544519
chr20	5316547	rs4315595
chr20	5317213	rs4316997
chr20	5317338	rs4281978
chr20	5317984	rs1884749
chr20	5318022	rs1884748
chr20	5318163	rs6053301
chr20	5319247	rs4813740
chr20	5319360	rs6085092
chr20	5319781	rs1010479
chr20	5320667	rs6038131
chr20	5320855	rs6053306
chr20	5322007	rs6085093
chr20	5322748	rs6085098
chr20	5322817	rs11697386
chr20	5323196	rs6116750
chr20	5324315	rs1971456
chr20	5324754	rs6038132
chr20	5327675	rs6107614
chr20	5328189	rs11698279
chr20	5328777	rs6085104
chr20	5329080	rs6053314
chr20	5329627	rs6107615
chr20	5330352	rs2103974
chr20	5335443	rs6053319
chr20	5335466	rs6107619
chr20	5336827	rs6085111
chr20	5336940	rs2145095
chr20	5337264	rs6085112
chr20	5337556	rs6085113
chr20	5345152	rs6139696
chr20	5345932	rs6139697
chr20	5345970	rs6085118
chr20	5348481	rs6133202
chr20	5349439	rs6139698
chr20	5353382	rs4815796
chr20	5353794	rs6116759
chr20	5354899	rs13038141
chr20	5355078	rs13038458
chr20	5356766	rs6116762
chr20	5356895	rs1028555
chr20	5357990	rs4815797
chr20	5358290	rs4815798
chr20	5358856	rs4815800
chr20	5362739	rs6139702
chr20	5367886	rs2180577
chr20	5368144	rs6038151
chr20	5372359	rs17778243
chr20	5372773	rs6053350
chr20	5373595	rs4815805
chr20	5374142	rs11699382
chr20	5375057	rs1159562
chr20	5376452	rs7262919
chr20	5376541	rs6085135
chr20	5377256	rs6053352
chr20	5377322	rs6053353
chr20	5378811	rs6516027
chr20	5379053	rs6053355
chr20	5387682	rs6053360
chr20	5391221	rs11697998
chr20	5392434	rs17721798
chr20	5393606	rs6076827
chr20	5393725	rs7267662
chr20	5395993	rs1884756
chr20	5396781	rs2038413
chr20	5396865	rs2145097
chr20	5397506	rs10485486
chr20	5398218	rs10485487
chr20	5398902	rs10485488
chr20	5399005	rs6085144
chr20	5399345	rs6085145
chr20	5400781	rs4140425
chr20	5400794	rs4140426
chr20	5405514	rs1884754
chr20	5406336	rs6053371
chr20	5407143	rs6053374
chr20	5408813	rs2208179
chr20	5415045	rs6139720
chr20	5416682	rs1884751
chr20	5422468	rs6116784
chr20	5422600	rs6139726
chr20	5423388	rs6076832
chr20	5423649	rs4815811
chr20	5425447	rs6053384
chr20	5426716	rs2273470
chr20	5427957	rs6053385
chr20	5428297	rs17722073
chr20	5428661	rs6053386
chr20	5432523	rs2295516
chr20	5433636	rs4815814
chr20	5434922	rs6085163
chr20	5435816	rs6053395
chr20	5437644	rs8114935
chr20	5437791	rs6516035
chr20	5444696	rs574755
chr20	5444822	rs638403
chr20	5445042	rs6076834
chr20	5446133	rs8113869
chr20	5447654	rs10485489
chr20	5447848	rs10485490
chr20	5447909	rs17722216
chr20	5448343	rs10485492
chr20	5450527	rs2144933
chr20	5456621	rs7264179
chr20	5465245	rs6038172
chr20	5466971	rs6053417
chr20	5467264	rs6053418
chr20	5468727	rs6053422
chr20	5471269	rs2295514
chr20	5475463	rs8119580
chr20	5475628	rs8114938
chr20	5475848	rs13043608
chr20	5478378	rs6133210
chr20	5481667	rs6053430
chr20	5483916	rs2207976
chr20	5484086	rs2022259
chr20	5484803	rs6038180
chr20	5486294	rs910700
chr20	5486417	rs910702
chr20	5487709	rs13045223
chr20	5488954	rs4815819
chr20	5490415	rs6085178
chr20	5491346	rs4813754
chr20	5491823	rs4815821
chr20	5493650	rs6139746
chr20	5493777	rs6116807
chr20	5494255	rs6053442
chr20	5495616	rs4815825
chr20	5495882	rs4815827
chr20	5496689	rs3747908
chr20	5496963	rs2423094
chr20	5497391	rs6107634
chr20	5497596	rs6053445
chr20	5497859	rs2423095
chr20	5498007	rs3810569
chr20	5498733	rs6139748
chr20	5504451	rs7264030
chr20	5504492	rs2423107
chr20	5506240	rs2423109
chr20	5507202	rs6085188
chr20	5507998	rs6085189
chr20	5509560	rs13039216
chr20	5510182	rs7269032
chr20	5511516	rs6076847
chr20	5514423	rs6133219
chr20	5525118	rs6139756
chr20	5526249	rs6116820
chr20	5529539	rs6053458
chr20	5531096	rs6139759
chr20	5532983	rs16991051
chr20	5534741	rs6053465
chr20	5535210	rs2295370
chr20	5536799	rs6107647
chr20	5543601	rs6107648
chr20	5544961	rs6107649
chr20	5544989	rs11571
chr20	5545002	rs4815837
chr20	5545340	rs1053399
chr20	5545467	rs6107650
chr20	5547872	rs3747910
chr20	5552207	rs7263137
chr20	5561446	rs2273372
chr20	5561825	rs6107653
chr20	5561900	rs6053499
chr20	5562770	rs16991099
chr20	5566048	rs6139762
chr20	5567435	rs4815840
chr20	5571430	rs6133228
chr20	5574043	rs2295371
chr20	5574162	rs2295372
chr20	5576835	rs6038207
chr20	5578646	rs6038208
chr20	5579876	rs3818171
chr20	5588016	rs6053520
chr20	5593488	rs1983694
chr20	5601811	rs6053527
chr20	5606356	rs238298
chr20	5608805	rs16991130
chr20	5608936	rs17211175
chr20	5610010	rs238290
chr20	5611257	rs238288
chr20	5613786	rs6116869
chr20	5616630	rs6139776
chr20	5627757	rs1028515
chr20	5627782	rs6085231
chr20	5629184	rs4619684
chr20	5630091	rs6038219
chr20	5630380	rs6085232
chr20	5631240	rs2102486
chr20	5637936	rs6053549
chr20	5640361	rs2423115
chr20	5644061	rs6139785
chr20	5644244	rs6053561
chr20	5644991	rs6139786
chr20	5647454	rs6053566
chr20	5650642	rs6139791
chr20	5652759	rs6116885
chr20	5652866	rs6053572
chr20	5654630	rs6053576
chr20	5656299	rs2423124
chr20	5656907	rs16991149
chr20	5660627	rs13044797
chr20	5663209	rs17283776
chr20	5663538	rs8119133
chr20	5667092	rs805751
chr20	5668243	rs805753
chr20	5668540	rs805754
chr20	5668620	rs805755
chr20	5669256	rs6139797
chr20	5669672	rs732007
chr20	5670570	rs805757
chr20	5674427	rs6133248
chr20	5676117	rs8118780
chr20	5678798	rs2664374
chr20	5684353	rs6053604
chr20	5688068	rs805770
chr20	5690814	rs805772
chr20	5696137	rs805764
chr20	5696235	rs805763
chr20	5697112	rs805761
chr20	5697147	rs805760
chr20	5698298	rs805758
chr20	5703816	rs805746
chr20	5705283	rs805745
chr20	5707164	rs805744
chr20	5709632	rs4815849
chr20	5709763	rs805743
chr20	5710588	rs11698879
chr20	5711032	rs11698820
chr20	5713072	rs6139808
chr20	5713480	rs805725
chr20	5714407	rs6085252
chr20	5714528	rs805726
chr20	5714572	rs6053621
chr20	5716082	rs805727
chr20	5716217	rs1090534
chr20	5716336	rs1090535
chr20	5717301	rs1090536
chr20	5717539	rs6116909
chr20	5718467	rs6053624
chr20	5718619	rs805730
chr20	5718913	rs805732
chr20	5719255	rs8117666
chr20	5719768	rs6053627
chr20	5720050	rs2024886
chr20	5720558	rs1546477
chr20	5720835	rs1546478
chr20	5726902	rs6085256
chr20	5729419	rs906935
chr20	5730408	rs11906586
chr20	5734547	rs6053640
chr20	5735369	rs2003017
chr20	5737363	rs16991226
chr20	5737384	rs6053642
chr20	5738824	rs11699242
chr20	5745755	rs2326660
chr20	5746954	rs6085262
chr20	5747591	rs6085263
chr20	5751157	rs6116934
chr20	5757575	rs4815851
chr20	5769416	rs237416
chr20	5770142	rs237417
chr20	5772933	rs237422
chr20	5773219	rs13043139
chr20	5773524	rs237423
chr20	5775635	rs4813773
chr20	5780378	rs6133262
chr20	5780760	rs9679965
chr20	5780959	rs6053676
chr20	5782175	rs4815853
chr20	5783749	rs4813776
chr20	5788082	rs6053693
chr20	5789907	rs1008493
chr20	5790273	rs6139831
chr20	5790351	rs6139832
chr20	5794605	rs4813777
chr20	5797760	rs6085278
chr20	5798259	rs505528
chr20	5799874	rs6053715
chr20	5801704	rs17286495
chr20	5801913	rs1555141
chr20	5803048	rs6053718
chr20	5804836	rs1151948
chr20	5804894	rs415023
chr20	5806690	rs1151949
chr20	5806936	rs4815864
chr20	5807139	rs966534
chr20	5807725	rs7273955
chr20	5814312	rs237085
chr20	5815138	rs1294700
chr20	5818762	rs1294704
chr20	5821064	rs1151950
chr20	5827777	rs4815866
chr20	5828168	rs1294717
chr20	5828370	rs6133268
chr20	5828656	rs1294718
chr20	5830017	rs1287009
chr20	5830185	rs237076
chr20	5831467	rs237080
chr20	5831781	rs237082
chr20	5832242	rs6139850
chr20	5832936	rs237084
chr20	5834428	rs6053733
chr20	5836212	rs6038300
chr20	5836887	rs237102
chr20	5836903	rs237101
chr20	5836994	rs237100
chr20	5837824	rs6133269
chr20	5838377	rs6139852
chr20	5838899	rs237097
chr20	5839198	rs237096
chr20	5840539	rs237091
chr20	5842996	rs1287024
chr20	5843149	rs1287023
chr20	5845776	rs1287019
chr20	5846415	rs6053740
chr20	5847729	rs1287071
chr20	5853042	rs16990795
chr20	5857529	rs1287006
chr20	5858311	rs6053746
chr20	5858993	rs6076879
chr20	5859724	rs7271920
chr20	5859893	rs4815868
chr20	5860182	rs1699238
chr20	5860231	rs6053751
chr20	5861448	rs1632590
chr20	5861822	rs1699236
chr20	5861872	rs6053754
chr20	5862833	rs6085297
chr20	5863166	rs1699233
chr20	5865209	rs1699230
chr20	5865477	rs1777356
chr20	5865643	rs1616486
chr20	5867235	rs6085298
chr20	5867871	rs1777359
chr20	5869267	rs3971
chr20	5869381	rs1613509
chr20	5870874	rs1777361
chr20	5875201	rs4471957
chr20	5880463	rs6116976
chr20	5880860	rs6053766
chr20	5882336	rs4815869
chr20	5883716	rs1573166
chr20	5884302	rs1287052
chr20	5884332	rs16991393
chr20	5884774	rs1287051
chr20	5884990	rs6038317
chr20	5886820	rs6139863
chr20	5886845	rs11697760
chr20	5888140	rs1287044
chr20	5888287	rs1287043
chr20	5889701	rs6053782
chr20	5890740	rs16991419
chr20	5892498	rs1287079
chr20	5893847	rs7362501
chr20	5894147	rs1287076
chr20	5896045	rs6085315
chr20	5897493	rs6116983
chr20	5898834	rs11087700
chr20	5900562	rs1578804
chr20	5901590	rs988036
chr20	5901916	rs1287059
chr20	5905013	rs1287061
chr20	5905043	rs1287062
chr20	5905543	rs1287064
chr20	5905903	rs993999
chr20	5906103	rs2326701
chr20	5906500	rs1287031
chr20	5906529	rs1290449
chr20	5906680	rs6139867
chr20	5906698	rs1287032
chr20	5906793	rs236129
chr20	5908546	rs180479
chr20	5909499	rs236137
chr20	5912207	rs2300426
chr20	5915086	rs236142
chr20	5915647	rs236143
chr20	5916075	rs13036884
chr20	5919276	rs387700
chr20	5922324	rs6139872
chr20	5922577	rs6133278
chr20	5922677	rs910122
chr20	5922742	rs881118
chr20	5922839	rs6139873
chr20	5922871	rs236151
chr20	5923248	rs236153
chr20	5923382	rs742710
chr20	5923394	rs742711
chr20	5924904	rs236155
chr20	5925133	rs2821
chr20	5928919	rs400735
chr20	5929693	rs415382
chr20	5930120	rs410462
chr20	5930799	rs364652
chr20	5932575	rs6085326
chr20	5933778	rs381571
chr20	5933848	rs398550
chr20	5935276	rs16991515
chr20	5935935	rs236163
chr20	5936782	rs236164
chr20	5937550	rs16991539
chr20	5937642	rs183535
chr20	5937827	rs236169
chr20	5938047	rs236170
chr20	5942558	rs451571
chr20	5946346	rs236180
chr20	5947599	rs236184
chr20	5950624	rs1394095
chr20	5950827	rs236188
chr20	5951097	rs6107723
chr20	5951544	rs236189
chr20	5952462	rs236110
chr20	5952889	rs236111
chr20	5953920	rs236113
chr20	5953937	rs16991585
chr20	5954657	rs6117014
chr20	5954739	rs236114
chr20	5955689	rs236116
chr20	5958568	rs3761873
chr20	5959632	rs11699124
chr20	5960028	rs6139881
chr20	5961561	rs379418
chr20	5963047	rs454422
chr20	5966962	rs6117019
chr20	5967581	rs16991615
chr20	5968888	rs4815879
chr20	5972973	rs6107727
chr20	5973187	rs16991617
chr20	5977445	rs17221039
chr20	5978314	rs236104
chr20	5979446	rs8124775
chr20	5980045	rs236106
chr20	5989489	rs16991630
chr20	5993619	rs16991638
chr20	5999007	rs236128
chr20	6000830	rs384578
chr20	6001958	rs6053819
chr20	6005588	rs6139887
chr20	6006103	rs2257015
chr20	6007449	rs4813786
chr20	6008029	rs6085344
chr20	6009979	rs6085346
chr20	6012241	rs6085347
chr20	6013842	rs6133280
chr20	6016241	rs8123221
chr20	6021702	rs17221851
chr20	6023511	rs6085352
chr20	6024839	rs6076910
chr20	6026370	rs6085354
chr20	6028528	rs1028410
chr20	6029689	rs7508907
chr20	6032853	rs6038332
chr20	6034308	rs6139898
chr20	6035294	rs6117041
chr20	6035590	rs6117042
chr20	6036893	rs6053836
chr20	6038065	rs2235816
chr20	6038835	rs6139899
chr20	6044809	rs6085357
chr20	6044939	rs6085358
chr20	6048988	rs1884644
chr20	6053886	rs1884642
chr20	6054582	rs2326679
chr20	6058746	rs6117052
chr20	6059263	rs1884641
chr20	6059637	rs4815883
chr20	6061981	rs6076925
chr20	6062206	rs4441549
chr20	6067341	rs12480198
chr20	6068710	rs6085382
chr20	6068876	rs6053868
chr20	6069832	rs6053870
chr20	6069976	rs6516091
chr20	6072229	rs6053875
chr20	6074391	rs6117065
chr20	6074794	rs6053877
chr20	6075104	rs1059396
chr20	6075709	rs1059391
chr20	6076018	rs6139909
chr20	6076271	rs6053878
chr20	6079748	rs2232081
chr20	6080833	rs6038348
chr20	6080959	rs6117070
chr20	6081683	rs6053888
chr20	6081994	rs16991765
chr20	6082266	rs6053889
chr20	6082341	rs6117071
chr20	6083959	rs2232080
chr20	6084063	rs753927
chr20	6084084	rs2232079
chr20	6084192	rs2232077
chr20	6085084	rs2232073
chr20	6086956	rs6085393
chr20	6088216	rs749922
chr20	6088485	rs749923
chr20	6089793	rs3789332
chr20	6089936	rs3789333
chr20	6092846	rs16991821
chr20	6094102	rs17224644
chr20	6094441	rs2232069
chr20	6094531	rs2232068
chr20	6094863	rs2144938
chr20	6097260	rs11700199
chr20	6100497	rs6038355
chr20	6102846	rs4142219
chr20	6104359	rs11700048
chr20	6104569	rs11700084
chr20	6106125	rs6053908
chr20	6107313	rs4618122
chr20	6107358	rs4407314
chr20	6108866	rs6516104
chr20	6108905	rs6085405
chr20	6109094	rs11908294
chr20	6109150	rs6085406
chr20	6109305	rs7268391
chr20	6109976	rs6053911
chr20	6110232	rs11087716
chr20	6110536	rs11087718
chr20	6112530	rs16991866
chr20	6115985	rs1056141
chr20	6116048	rs2295435
chr20	6119441	rs10373
chr20	6119583	rs2273423
chr20	6119594	rs2273422
chr20	6126843	rs6117089
chr20	6127317	rs6117090
chr20	6128102	rs10485496
chr20	6130922	rs6038366
chr20	6133610	rs6053925
chr20	6134934	rs6053929
chr20	6136732	rs16991888
chr20	6138333	rs2144936
chr20	6141205	rs17226013
chr20	6141591	rs2326722
chr20	6141947	rs17317391
chr20	6142903	rs4813792
chr20	6143466	rs1774885
chr20	6145655	rs11087720
chr20	6145930	rs1740935
chr20	6147554	rs947465
chr20	6147576	rs1774886
chr20	6148221	rs1778777
chr20	6148349	rs1774887
chr20	6148621	rs3897510
chr20	6149930	rs1342347
chr20	6156663	rs6076954
chr20	6157768	rs1342420
chr20	6159661	rs1361722
chr20	6160303	rs11698878
chr20	6161934	rs6076955
chr20	6162732	rs3844457
chr20	6163807	rs3852936
chr20	6168745	rs2021715
chr20	6176098	rs7270088
chr20	6179938	rs6117127
chr20	6181368	rs6085425
chr20	6183111	rs6516123
chr20	6183976	rs13038703
chr20	6185841	rs6133296
chr20	6193852	rs3852939
chr20	6194417	rs954388
chr20	6195948	rs6053959
chr20	6196146	rs6053961
chr20	6199442	rs6085432
chr20	6200101	rs11905231
chr20	6200424	rs6085433
chr20	6201301	rs2021349
chr20	6201930	rs3747923
chr20	6202108	rs3747924
chr20	6202470	rs3747925
chr20	6205510	rs6076960
chr20	6205841	rs6053974
chr20	6206794	rs6053977
chr20	6207606	rs2799349
chr20	6207738	rs2423144
chr20	6208790	rs6053980
chr20	6220602	rs7261122
chr20	6228877	rs6085440
chr20	6229997	rs6054006
chr20	6231723	rs6054008
chr20	6233587	rs8121939
chr20	6234383	rs6085442
chr20	6241593	rs6054014
chr20	6248635	rs6054024
chr20	6249923	rs6133302
chr20	6251687	rs6054028
chr20	6257494	rs6038397
chr20	6258435	rs6038399
chr20	6259554	rs6038400
chr20	6262546	rs7354540
chr20	6265158	rs6117185
chr20	6266641	rs6054041
chr20	6270992	rs3909086
chr20	6271891	rs6085463
chr20	6273360	rs4527271
chr20	6274262	rs6054049
chr20	6274664	rs3852946
chr20	6276088	rs3852948
chr20	6278885	rs6107775
chr20	6279078	rs6085468
chr20	6279789	rs7362889
chr20	6281540	rs6054058
chr20	6281825	rs6054059
chr20	6283817	rs3844462
chr20	6283946	rs3843045
chr20	6285213	rs6038406
chr20	6289259	rs6516144
chr20	6290422	rs7363863
chr20	6293817	rs2326734
chr20	6294185	rs237684
chr20	6294205	rs6107777
chr20	6294244	rs6117191
chr20	6294932	rs10211689
chr20	6296450	rs237686
chr20	6301051	rs237689
chr20	6301911	rs4140472
chr20	6302379	rs237691
chr20	6302579	rs237692
chr20	6304348	rs237693
chr20	6306009	rs237694
chr20	6308945	rs237695
chr20	6310364	rs2326735
chr20	6310668	rs2326746
chr20	6313177	rs2326748
chr20	6315267	rs6139963
chr20	6315619	rs6054082
chr20	6323156	rs6054092
chr20	6335681	rs1571216
chr20	6335790	rs7265934
chr20	6335879	rs1571217
chr20	6335992	rs6054114
chr20	6337522	rs8121519
chr20	6339465	rs6054125
chr20	6342010	rs6139969
chr20	6342042	rs6054128
chr20	6346789	rs6107787
chr20	6350729	rs6076983
chr20	6351338	rs6085512
chr20	6354539	rs6139970
chr20	6355355	rs6054147
chr20	6355950	rs3920632
chr20	6356537	rs6076985
chr20	6357333	rs6038449
chr20	6358467	rs6085515
chr20	6358812	rs6054151
chr20	6359493	rs6076986
chr20	6362828	rs6054157
chr20	6369354	rs6054169
chr20	6369485	rs6054170
chr20	6369531	rs6054171
chr20	6370620	rs6054177
chr20	6370770	rs6076987
chr20	6370879	rs7265326
chr20	6372756	rs2326756
chr20	6374534	rs6139973
chr20	6376531	rs2209755
chr20	6378394	rs17792746
chr20	6378489	rs6054194
chr20	6380540	rs6054195
chr20	6380626	rs6085525
chr20	6380697	rs6038471
chr20	6381301	rs13039230
chr20	6381423	rs6117237
chr20	6382833	rs2148815
chr20	6383371	rs6038472
chr20	6383857	rs2209760
chr20	6384063	rs6516160
chr20	6387442	rs2182712
chr20	6389406	rs1571218
chr20	6389636	rs6076990
chr20	6390364	rs2209761
chr20	6396982	rs12625146
chr20	6398162	rs445074
chr20	6398265	rs445218
chr20	6398988	rs453114
chr20	6399375	rs654433
chr20	6399990	rs373038
chr20	6401100	rs2209763
chr20	6403063	rs17720145
chr20	6407421	rs355527
chr20	6412034	rs2423154
chr20	6416343	rs2423157
chr20	6417545	rs6133312
chr20	6417925	rs1115460
chr20	6418302	rs11905859
chr20	6418847	rs2876032
chr20	6421566	rs16992177
chr20	6421836	rs6117250
chr20	6421912	rs2423160
chr20	6422874	rs8124724
chr20	6423634	rs961253
chr20	6425455	rs6085549
chr20	6426995	rs6139980
chr20	6427971	rs6417634
chr20	6428301	rs6054226
chr20	6428358	rs6085552
chr20	6429588	rs6117253
chr20	6430207	rs6038491
chr20	6430556	rs6139981
chr20	6430913	rs6139982
chr20	6435485	rs953420
chr20	6438252	rs2026168
chr20	6440084	rs6117259
chr20	6440564	rs6054240
chr20	6441354	rs6038495
chr20	6442050	rs6117260
chr20	6445490	rs6133317
chr20	6446485	rs6054251
chr20	6448117	rs4815900
chr20	6449217	rs6085561
chr20	6449371	rs6054258
chr20	6449454	rs11087731
chr20	6449550	rs6054260
chr20	6450669	rs953959
chr20	6451176	rs2210122
chr20	6451785	rs6054271
chr20	6453207	rs6038506
chr20	6453403	rs6038507
chr20	6453619	rs2225348
chr20	6455192	rs6140000
chr20	6462314	rs6077004
chr20	6464284	rs7269050
chr20	6465338	rs6054289
chr20	6465503	rs6117271
chr20	6467874	rs6117276
chr20	6468031	rs6117277
chr20	6471105	rs2326787
chr20	6472126	rs6054291
chr20	6472335	rs6085568
chr20	6473662	rs6077007
chr20	6474014	rs6054292
chr20	6474551	rs6140007
chr20	6476689	rs979548
chr20	6477192	rs979547
chr20	6480413	rs6085573
chr20	6482448	rs13041415
chr20	6482865	rs6054303
chr20	6482970	rs6038520
chr20	6483087	rs6054304
chr20	6485997	rs6117293
chr20	6486958	rs4815906
chr20	6487614	rs10485705
chr20	6487724	rs1970008
chr20	6489618	rs928202
chr20	6490158	rs6117294
chr20	6492476	rs6140010
chr20	6494587	rs6038521
chr20	6496875	rs6054311
chr20	6497938	rs4815908
chr20	6500853	rs1536936
chr20	6506001	rs6107820
chr20	6506162	rs6077017
chr20	6506877	rs6140015
chr20	6507040	rs6117303
chr20	6507080	rs6133326
chr20	6509098	rs6516179
chr20	6513305	rs6107821
chr20	6518198	rs6107827
chr20	6519374	rs6038530
chr20	6519815	rs6085589
chr20	6529233	rs2423161
chr20	6533288	rs2423163
chr20	6537873	rs6054334
chr20	6539030	rs6117325
chr20	6548823	rs2180686
chr20	6557885	rs1321440
chr20	6561723	rs6140028
chr20	6561987	rs1407031
chr20	6564010	rs1407033
chr20	6566640	rs1998151
chr20	6568216	rs1321443
chr20	6570774	rs2104012
chr20	6574814	rs6107836
chr20	6578502	rs16992376
chr20	6580129	rs6117342
chr20	6580615	rs1884898
chr20	6591367	rs2145274
chr20	6592808	rs2145275
chr20	6598094	rs6107845
chr20	6599440	rs6085620
chr20	6599572	rs4239767
chr20	6602196	rs12480960
chr20	6603071	rs6054382
chr20	6603957	rs6054383
chr20	6608452	rs1321454
chr20	6610363	rs6038556
chr20	6612045	rs6085627
chr20	6612935	rs6054391
chr20	6614999	rs4813800
chr20	6615935	rs2064857
chr20	6619051	rs6054399
chr20	6623173	rs1407038
chr20	6623301	rs1407039
chr20	6624325	rs13038490
chr20	6629230	rs6107853
chr20	6631709	rs6077039
chr20	6632185	rs1884897
chr20	6632404	rs2024962
chr20	6636830	rs1321433
chr20	6637312	rs6085635
chr20	6639078	rs6085637
chr20	6640246	rs967417
chr20	6640659	rs13042347
chr20	6641038	rs2145270
chr20	6642727	rs979012
chr20	6646252	rs4815914
chr20	6648254	rs6054421
chr20	6650408	rs1358805
chr20	6651286	rs13040103
chr20	6655492	rs1321436
chr20	6656587	rs984677
chr20	6658151	rs6107855
chr20	6660189	rs16992447
chr20	6662525	rs4815919
chr20	6662560	rs6054434
chr20	6664918	rs6054440
chr20	6666429	rs6117378
chr20	6666627	rs6054441
chr20	6666986	rs11696118
chr20	6667480	rs4815922
chr20	6669227	rs13037957
chr20	6669827	rs6038574
chr20	6670374	rs6038575
chr20	6670758	rs6140059
chr20	6671503	rs4456770
chr20	6672177	rs11087739
chr20	6673382	rs2876049
chr20	6675133	rs6077047
chr20	6676907	rs11087740
chr20	6677066	rs6117381
chr20	6683068	rs2143712
chr20	6687532	rs2206920
chr20	6687861	rs6117383
chr20	6688007	rs6038579
chr20	6688066	rs6054457
chr20	6688176	rs4347920
chr20	6688776	rs6054458
chr20	6689734	rs6054459
chr20	6691333	rs6038585
chr20	6691470	rs6107864
chr20	6691713	rs6054464
chr20	6692371	rs6054465
chr20	6692673	rs6038586
chr20	6692839	rs6038587
chr20	6692895	rs6117384
chr20	6693926	rs6054468
chr20	6694240	rs6054471
chr20	6695488	rs7267675
chr20	6696076	rs6054474
chr20	6696481	rs2206922
chr20	6696988	rs6054476
chr20	6697891	rs4815931
chr20	6700023	rs6054477
chr20	6700046	rs2038211
chr20	6700812	rs2038212
chr20	6700868	rs2038213
chr20	6701344	rs6140064
chr20	6702004	rs6133344
chr20	6704730	rs6085658
chr20	6705779	rs6085659
chr20	6707758	rs727689
chr20	6708411	rs6054479
chr20	6710422	rs6085660
chr20	6711478	rs1979856
chr20	6712429	rs6054480
chr20	6712481	rs6085661
chr20	6713232	rs990928
chr20	6713556	rs11698483
chr20	6714274	rs12106163
chr20	6715926	rs12625827
chr20	6717173	rs8120537
chr20	6717441	rs1125749
chr20	6718040	rs2326849
chr20	6718948	rs4813802
chr20	6718968	rs16992563
chr20	6719555	rs6054486
chr20	6719819	rs8122397
chr20	6720779	rs4813803
chr20	6721781	rs2876051
chr20	6721909	rs16992569
chr20	6724599	rs235763
chr20	6725617	rs11696728
chr20	6725846	rs6140071
chr20	6728301	rs2746251
chr20	6729191	rs2650965
chr20	6729787	rs6054494
chr20	6730925	rs2876052
chr20	6731216	rs235713
chr20	6733461	rs1500545
chr20	6734796	rs235735
chr20	6735450	rs6117401
chr20	6735528	rs235734
chr20	6737565	rs6077053
chr20	6738292	rs6054501
chr20	6739584	rs12626091
chr20	6741303	rs11905385
chr20	6742764	rs11906435
chr20	6743180	rs11697956
chr20	6744445	rs13044457
chr20	6745182	rs6085671
chr20	6745480	rs17804047
chr20	6745568	rs6516197
chr20	6747591	rs235721
chr20	6748057	rs6085672
chr20	6748115	rs6117409
chr20	6748160	rs6117410
chr20	6748565	rs11905869
chr20	6748997	rs6140076
chr20	6749142	rs6117415
chr20	6754678	rs13045780
chr20	6756254	rs6054506
chr20	6756737	rs714079
chr20	6759442	rs235711
chr20	6759670	rs6077060
chr20	6759719	rs235710
chr20	6765851	rs1980499
chr20	6766908	rs6107869
chr20	6766960	rs1979855
chr20	6770669	rs7270163
chr20	6773599	rs235764
chr20	6774951	rs235767
chr20	6775501	rs1005464
chr20	6779554	rs3178250
chr20	6779784	rs170986
chr20	6780865	rs6054512
chr20	6781118	rs235770
chr20	6781378	rs235771
chr20	6781574	rs28488
chr20	6782072	rs235772
chr20	6783889	rs6117432
chr20	6784690	rs11905563
chr20	6785194	rs173107
chr20	6785372	rs235757
chr20	6786464	rs235756
chr20	6786995	rs910141
chr20	6788886	rs235753
chr20	6789497	rs235749
chr20	6789641	rs6054514
chr20	6790043	rs6085681
chr20	6790723	rs6054517
chr20	6791419	rs17731603
chr20	6791616	rs235704
chr20	6792723	rs12624364
chr20	6793773	rs13044579
chr20	6798331	rs1157079
chr20	6801125	rs6077066
chr20	6802065	rs1987579
chr20	6802627	rs2650972
chr20	6806860	rs235716
chr20	6811498	rs235725
chr20	6814273	rs6054528
chr20	6815297	rs13043688
chr20	6815572	rs996544
chr20	6815674	rs996545
chr20	6816575	rs7274003
chr20	6817848	rs6054529
chr20	6818997	rs4140511
chr20	6819186	rs6054534
chr20	6819202	rs7263929
chr20	6821089	rs6038609
chr20	6824082	rs993167
chr20	6826629	rs2224191
chr20	6830351	rs372398
chr20	6833198	rs6054538
chr20	6833691	rs16992637
chr20	6833795	rs16992641
chr20	6834096	rs6107882
chr20	6838781	rs6085693
chr20	6840413	rs16992649
chr20	6840468	rs1392626
chr20	6841518	rs6038617
chr20	6843849	rs6054545
chr20	6845415	rs6038619
chr20	6847096	rs11906628
chr20	6851505	rs6085696
chr20	6851638	rs6085697
chr20	6852036	rs6085698
chr20	6853733	rs6038621
chr20	6854511	rs6140102
chr20	6856716	rs6054552
chr20	6857711	rs723511
chr20	6858210	rs6054554
chr20	6858359	rs16992673
chr20	6858847	rs769385
chr20	6860104	rs1015147
chr20	6860857	rs6038627
chr20	6861070	rs6054556
chr20	6864199	rs1392625
chr20	6872801	rs1555136
chr20	6873371	rs4813806
chr20	6873540	rs4813807
chr20	6877207	rs6085703
chr20	6878347	rs1016229
chr20	6880212	rs1028395
chr20	6880248	rs1028394
chr20	6881642	rs1883719
chr20	6882332	rs720858
chr20	6883272	rs6038634
chr20	6884600	rs16992744
chr20	6886270	rs1883717
chr20	6887261	rs2876065
chr20	6897390	rs13044713
chr20	6898223	rs2206692
chr20	6900271	rs16992768
chr20	6901251	rs6107891
chr20	6902817	rs6054590
chr20	6906097	rs6038639
chr20	6912481	rs6038644
chr20	6912547	rs6077089
chr20	6916167	rs6085724
chr20	6918159	rs6038647
chr20	6918181	rs6038648
chr20	6920364	rs6077090
chr20	6921503	rs6085728
chr20	6925214	rs6085732
chr20	6928845	rs8124692
chr20	6931060	rs6077094
chr20	6933970	rs6140124
chr20	6935727	rs16992810
chr20	6937815	rs7260714
chr20	6942029	rs6107895
chr20	6942163	rs2057039
chr20	6942889	rs974099
chr20	6944034	rs6077102
chr20	6945020	rs6085753
chr20	6946028	rs10485708
chr20	6946722	rs6038661
chr20	6949931	rs7263691
chr20	6951070	rs2326851
chr20	6951465	rs2326852
chr20	6951507	rs2876053
chr20	6951573	rs7267551
chr20	6952113	rs6107896
chr20	6954250	rs4815952
chr20	6955535	rs6054625
chr20	6956198	rs6077109
chr20	6957990	rs2057037
chr20	6958932	rs6085775
chr20	6960033	rs6077113
chr20	6961048	rs6085779
chr20	6961773	rs6054631
chr20	6964719	rs6054633
chr20	6965130	rs17733907
chr20	6965351	rs16992838
chr20	6965756	rs1883716
chr20	6966695	rs6038671
chr20	6967017	rs6107898
chr20	6967940	rs6085781
chr20	6968490	rs6038672
chr20	6972143	rs6054638
chr20	6972182	rs6077115
chr20	6975652	rs6038673
chr20	6976281	rs16992851
chr20	6977957	rs6054641
chr20	6978089	rs6054643
chr20	6979499	rs16992856
chr20	6979923	rs6038675
chr20	6982593	rs6085802
chr20	6982632	rs6085803
chr20	6983435	rs6085806
chr20	6984428	rs6085809
chr20	6987083	rs3885922
chr20	6987171	rs4416292
chr20	6987495	rs4815960
chr20	6988832	rs6107902
chr20	6989773	rs6117548
chr20	6989867	rs6107904
chr20	6990184	rs952793
chr20	6990963	rs6038678
chr20	6992750	rs6038679
chr20	6997449	rs6085817
chr20	6997976	rs7270608
chr20	6998506	rs6107905
chr20	6999988	rs6085820
chr20	7000635	rs6133385
chr20	7010186	rs2149639
chr20	7014183	rs6133387
chr20	7015724	rs6038686
chr20	7016759	rs2209982
chr20	7017065	rs1571459
chr20	7017158	rs1012210
chr20	7018081	rs6054677
chr20	7025718	rs4616542
chr20	7025957	rs4616543
chr20	7027236	rs4815963
chr20	7028177	rs995636
chr20	7028357	rs16992972
chr20	7028511	rs16992973
chr20	7029007	rs11907862
chr20	7030572	rs6117564
chr20	7031311	rs4815965
chr20	7031650	rs4443068
chr20	7033798	rs2149642
chr20	7034070	rs2183184
chr20	7035585	rs756320
chr20	7038610	rs16992992
chr20	7039019	rs16992996
chr20	7041610	rs16993000
chr20	7046433	rs2031930
chr20	7047318	rs12625876
chr20	7050117	rs6085840
chr20	7052478	rs6107914
chr20	7053900	rs6117583
chr20	7055361	rs2225264
chr20	7056379	rs6085849
chr20	7060866	rs2225265
chr20	7065565	rs6085856
chr20	7066638	rs6054709
chr20	7068131	rs6054710
chr20	7069370	rs3761882
chr20	7069458	rs3761883
chr20	7069503	rs3761884
chr20	7071686	rs6077138
chr20	7071810	rs4513362
chr20	7077182	rs6054715
chr20	7080995	rs6038705
chr20	7081186	rs7269131
chr20	7081414	rs6140171
chr20	7084496	rs232653
chr20	7086390	rs232651
chr20	7086510	rs232650
chr20	7086973	rs12625772
chr20	7087091	rs3920540
chr20	7087103	rs232649
chr20	7091908	rs1005351
chr20	7104633	rs368007
chr20	7107089	rs232668
chr20	7111739	rs2207719
chr20	7112195	rs6085873
chr20	7112785	rs142092
chr20	7113887	rs232657
chr20	7115383	rs232656
chr20	7122948	rs1159531
chr20	7125642	rs1884302
chr20	7125706	rs1884303
chr20	7127395	rs6117640
chr20	7131739	rs6054755
chr20	7132794	rs2144431
chr20	7137633	rs932516
chr20	7137945	rs6054764
chr20	7138844	rs2326896
chr20	7141025	rs6107929
chr20	7142714	rs6140190
chr20	7149030	rs6054768
chr20	7149091	rs6038724
chr20	7151592	rs1015357
chr20	7151620	rs6117649
chr20	7157110	rs6038729
chr20	7162350	rs719563
chr20	7171321	rs179753
chr20	7173564	rs179752
chr20	7177439	rs179748
chr20	7179348	rs179747
chr20	7181432	rs6054787
chr20	7184078	rs6085916
chr20	7184275	rs2326897
chr20	7189144	rs6117669
chr20	7189433	rs4815978
chr20	7190783	rs11698567
chr20	7190965	rs17373665
chr20	7191534	rs6117672
chr20	7193931	rs13036410
chr20	7200683	rs6133401
chr20	7203988	rs990654
chr20	7210922	rs6054805
chr20	7211313	rs6054806
chr20	7217854	rs6054814
chr20	7218766	rs724940
chr20	7219270	rs6140212
chr20	7221795	rs6054823
chr20	7226740	rs4140471
chr20	7229059	rs1546956
chr20	7229490	rs2326905
chr20	7230868	rs4813818
chr20	7231795	rs6085933
chr20	7234090	rs2064563
chr20	7235319	rs6054837
chr20	7236670	rs2207597
chr20	7237861	rs1569863
chr20	7240283	rs6085938
chr20	7241196	rs932507
chr20	7241667	rs6054842
chr20	7244890	rs4813821
chr20	7245601	rs720010
chr20	7245836	rs6140226
chr20	7247240	rs6054845
chr20	7249794	rs6054847
chr20	7252181	rs6085947
chr20	7252610	rs6077165
chr20	7252703	rs6085948
chr20	7253537	rs2224054
chr20	7254827	rs7269875
chr20	7258500	rs6054852
chr20	7259561	rs2009751
chr20	7262893	rs6117726
chr20	7264635	rs8123252
chr20	7265158	rs6117728
chr20	7265422	rs7266720
chr20	7266592	rs6054856
chr20	7269355	rs926916
chr20	7269646	rs6140236
chr20	7269681	rs13045456
chr20	7271614	rs16993306
chr20	7272830	rs6107955
chr20	7272853	rs6117734
chr20	7274047	rs6054864
chr20	7274160	rs4815988
chr20	7275435	rs6085961
chr20	7279945	rs6085964
chr20	7279969	rs6077177
chr20	7280437	rs6054870
chr20	7281251	rs6038762
chr20	7281693	rs12626140
chr20	7283080	rs6117741
chr20	7283309	rs6054874
chr20	7284191	rs6054876
chr20	7284391	rs6117744
chr20	7284422	rs6117745
chr20	7285439	rs6085968
chr20	7286211	rs16993349
chr20	7286584	rs13042416
chr20	7290436	rs2180116
chr20	7290600	rs6054884
chr20	7290641	rs6054885
chr20	7292535	rs977451
chr20	7298740	rs6038769
chr20	7301404	rs6085983
chr20	7306327	rs6077183
chr20	7306606	rs6085987
chr20	7307621	rs2224050
chr20	7307833	rs13042822
chr20	7308165	rs6054901
chr20	7309185	rs2423190
chr20	7311620	rs6077184
chr20	7311956	rs6516268
chr20	7312393	rs6516269
chr20	7312888	rs2423191
chr20	7314256	rs6054906
chr20	7314326	rs6054907
chr20	7314471	rs6085991
chr20	7316773	rs4813825
chr20	7324930	rs6038778
chr20	7327169	rs721708
chr20	7327891	rs16993414
chr20	7334655	rs6038779
chr20	7336029	rs6038781
chr20	7336603	rs726699
chr20	7340201	rs6054930
chr20	7345820	rs6038785
chr20	7346054	rs971226
chr20	7354514	rs2423201
chr20	7354560	rs2423202
chr20	7357237	rs16993461
chr20	7357949	rs2423212
chr20	7362248	rs2423214
chr20	7366133	rs8118962
chr20	7367970	rs2423220
chr20	7369084	rs2423222
chr20	7373134	rs8115529
chr20	7373673	rs2423223
chr20	7377776	rs11908000
chr20	7381281	rs2423232
chr20	7384106	rs2423233
chr20	7384185	rs2423234
chr20	7385836	rs6054960
chr20	7387657	rs2423238
chr20	7389781	rs6054963
chr20	7391172	rs6086025
chr20	7393601	rs6054965
chr20	7394247	rs6086028
chr20	7395707	rs6140264
chr20	7396025	rs2423243
chr20	7398104	rs2423248
chr20	7399769	rs6086031
chr20	7399927	rs6038803
chr20	7400049	rs6038804
chr20	7400362	rs6038805
chr20	7401023	rs6077203
chr20	7402987	rs6054970
chr20	7404601	rs2423254
chr20	7406312	rs2423256
chr20	7407521	rs2423258
chr20	7408420	rs2423259
chr20	7409935	rs2423262
chr20	7410724	rs2103825
chr20	7413254	rs6054984
chr20	7419155	rs1124635
chr20	7419548	rs16993560
chr20	7423699	rs6054992
chr20	7425791	rs2207717
chr20	7426261	rs6038822
chr20	7428804	rs6055000
chr20	7439273	rs6117805
chr20	7439502	rs6055004
chr20	7439532	rs7270010
chr20	7442866	rs6117808
chr20	7443962	rs6038832
chr20	7444181	rs6038833
chr20	7445139	rs16993598
chr20	7454968	rs17399484
chr20	7458455	rs17308393
chr20	7461193	rs971103
chr20	7461381	rs971101
chr20	7466544	rs2326931
chr20	7472688	rs4813827
chr20	7473214	rs6055034
chr20	7474166	rs6038846
chr20	7476514	rs6140294
chr20	7477360	rs6107991
chr20	7479550	rs2207711
chr20	7479720	rs6117825
chr20	7480188	rs6055040
chr20	7481908	rs2103866
chr20	7482352	rs6140295
chr20	7482381	rs2103865
chr20	7482902	rs6055046
chr20	7482957	rs1159025
chr20	7483618	rs4816001
chr20	7484204	rs4501020
chr20	7484560	rs1569874
chr20	7484785	rs1569873
chr20	7486649	rs2092846
chr20	7486761	rs6055053
chr20	7490490	rs6086068
chr20	7490929	rs6038855
chr20	7494270	rs11908179
chr20	7494821	rs6133429
chr20	7497018	rs16993728
chr20	7498152	rs16993734
chr20	7499525	rs6038857
chr20	7502324	rs6055065
chr20	7507632	rs6055068
chr20	7511386	rs6086074
chr20	7514132	rs7272540
chr20	7514795	rs6077218
chr20	7515918	rs6086075
chr20	7516272	rs6086076
chr20	7516356	rs7263704
chr20	7516547	rs6055075
chr20	7517125	rs6140301
chr20	7518562	rs6038861
chr20	7519754	rs6055076
chr20	7521224	rs6055078
chr20	7531505	rs6055085
chr20	7534046	rs6055089
chr20	7535101	rs6038865
chr20	7535353	rs6055091
chr20	7538965	rs17310112
chr20	7540749	rs2144423
chr20	7547073	rs6055098
chr20	7549953	rs6055103
chr20	7552533	rs6086101
chr20	7557164	rs13037510
chr20	7560925	rs6086103
chr20	7564714	rs4816009
chr20	7566971	rs6055125
chr20	7568938	rs6038880
chr20	7570907	rs6117854
chr20	7571270	rs1022632
chr20	7571348	rs16993799
chr20	7571617	rs1022631
chr20	7571857	rs6108011
chr20	7572395	rs8121908
chr20	7572829	rs6117855
chr20	7573066	rs12625532
chr20	7578091	rs6055131
chr20	7580086	rs2103862
chr20	7580225	rs6140319
chr20	7582024	rs6055137
chr20	7585194	rs6140321
chr20	7585849	rs6055144
chr20	7586265	rs6055145
chr20	7589812	rs2014101
chr20	7590508	rs6133438
chr20	7591260	rs6055149
chr20	7594089	rs10460657
chr20	7600814	rs6140334
chr20	7606003	rs6086112
chr20	7608745	rs6108021
chr20	7608759	rs6108022
chr20	7608818	rs6117882
chr20	7610358	rs6055172
chr20	7610730	rs6133443
chr20	7610949	rs2206397
chr20	7613599	rs6117883
chr20	7614841	rs6140342
chr20	7616043	rs6077231
chr20	7618295	rs6055185
chr20	7621588	rs6140348
chr20	7623474	rs12151931
chr20	7624771	rs6055198
chr20	7626978	rs6140357
chr20	7628010	rs6108026
chr20	7633727	rs4816016
chr20	7634255	rs2206394
chr20	7634629	rs2223530
chr20	7635449	rs7265702
chr20	7636574	rs1040479
chr20	7637430	rs6086132
chr20	7642179	rs6086141
chr20	7644100	rs6086143
chr20	7644859	rs6140362
chr20	7645339	rs6077236
chr20	7646577	rs2050081
chr20	7646647	rs6108030
chr20	7650211	rs6117905
chr20	7651708	rs2206406
chr20	7655479	rs6055235
chr20	7658056	rs6086149
chr20	7658431	rs6086150
chr20	7658446	rs2223534
chr20	7659982	rs17318534
chr20	7663493	rs6055239
chr20	7663552	rs6055240
chr20	7664549	rs6055242
chr20	7665127	rs6055243
chr20	7667703	rs6133451
chr20	7668717	rs6140373
chr20	7668888	rs6038917
chr20	7668993	rs6086158
chr20	7669446	rs6108037
chr20	7672695	rs4813838
chr20	7673131	rs6133455
chr20	7674250	rs6055249
chr20	7675967	rs4816018
chr20	7676709	rs6038918
chr20	7678049	rs6117917
chr20	7678700	rs1569599
chr20	7679344	rs6077242
chr20	7680682	rs16993912
chr20	7682241	rs4140533
chr20	7683635	rs6055253
chr20	7685611	rs6055254
chr20	7689547	rs6133458
chr20	7690258	rs6055257
chr20	7691241	rs6055258
chr20	7691338	rs6038921
chr20	7693985	rs6140385
chr20	7697021	rs969111
chr20	7697456	rs17404319
chr20	7699400	rs6133460
chr20	7699752	rs6108042
chr20	7700711	rs1008096
chr20	7700894	rs4387873
chr20	7700984	rs4258870
chr20	7701012	rs4618123
chr20	7704912	rs8121033
chr20	7706605	rs730520
chr20	7706677	rs761007
chr20	7706836	rs761005
chr20	7707154	rs729943
chr20	7707371	rs6038931
chr20	7707408	rs729944
chr20	7708305	rs6055266
chr20	7708546	rs6140393
chr20	7711813	rs6133472
chr20	7711841	rs6133473
chr20	7712242	rs6133475
chr20	7712812	rs6038934
chr20	7713403	rs6055269
chr20	7719461	rs2294551
chr20	7719696	rs2294547
chr20	7720480	rs11697533
chr20	7720937	rs6055276
chr20	7723565	rs6133481
chr20	7723781	rs6108046
chr20	7725781	rs6055279
chr20	7731173	rs8121909
chr20	7739947	rs8114358
chr20	7742400	rs6133483
chr20	7748626	rs2179466
chr20	7750851	rs16993969
chr20	7756893	rs6140410
chr20	7758729	rs6140412
chr20	7759272	rs6133485
chr20	7761392	rs6140413
chr20	7761853	rs6140414
chr20	7763814	rs16993982
chr20	7767235	rs6133486
chr20	7771719	rs6077251
chr20	7775380	rs2092380
chr20	7776504	rs6086197
chr20	7781336	rs2143250
chr20	7784816	rs6086208
chr20	7796829	rs6140425
chr20	7799387	rs6038955
chr20	7800885	rs6140428
chr20	7805610	rs12625521
chr20	7813428	rs2423265
chr20	7816702	rs6117959
chr20	7818668	rs2423268
chr20	7822911	rs2423269
chr20	7825158	rs909887
chr20	7825340	rs6077264
chr20	7825421	rs6077265
chr20	7826073	rs2423273
chr20	7827034	rs2423276
chr20	7829452	rs10485717
chr20	7829579	rs2423277
chr20	7829733	rs6086234
chr20	7830013	rs6086235
chr20	7831561	rs2423278
chr20	7831703	rs2423279
chr20	7835294	rs6086243
chr20	7837614	rs2423290
chr20	7839121	rs2423294
chr20	7845602	rs6086249
chr20	7845771	rs6077270
chr20	7847175	rs2423303
chr20	7847539	rs11698712
chr20	7848750	rs6140442
chr20	7849695	rs2423305
chr20	7851733	rs6077276
chr20	7854780	rs6077277
chr20	7854970	rs2423317
chr20	7855496	rs6077278
chr20	7861587	rs4239773
chr20	7866509	rs16994091
chr20	7869280	rs2205824
chr20	7869391	rs4816025
chr20	7870392	rs6086260
chr20	7872504	rs978507
chr20	7876057	rs6140453
chr20	7880270	rs6077284
chr20	7882896	rs6055363
chr20	7883352	rs3747926
chr20	7886921	rs2294307
chr20	7888378	rs2294306
chr20	7888809	rs2294305
chr20	7890075	rs2235250
chr20	7892465	rs2423322
chr20	7893171	rs6133511
chr20	7895608	rs6117980
chr20	7896769	rs1569454
chr20	7900460	rs2327003
chr20	7901459	rs2223276
chr20	7907032	rs2423324
chr20	7910186	rs2294300
chr20	7910391	rs1983560
chr20	7911414	rs6055391
chr20	7911954	rs2250429
chr20	7912993	rs2423326
chr20	7913285	rs2423327
chr20	7913414	rs2423328
chr20	7913445	rs16994134
chr20	7913627	rs1540901
chr20	7916402	rs6118004
chr20	7917649	rs2423330
chr20	7919281	rs2205818
chr20	7919749	rs6086284
chr20	7924403	rs941426
chr20	7924636	rs941425
chr20	7924971	rs2423333
chr20	7925022	rs2250567
chr20	7925300	rs2423334
chr20	7926296	rs2142697
chr20	7928519	rs6140463
chr20	7931145	rs7266916
chr20	7931436	rs8113842
chr20	7932494	rs6086287
chr20	7933714	rs4140559
chr20	7935280	rs7260781
chr20	7938037	rs2235244
chr20	7938265	rs2235243
chr20	7939957	rs2255183
chr20	7940944	rs6133516
chr20	7942214	rs12624817
chr20	7942272	rs16994212
chr20	7942445	rs6086290
chr20	7944319	rs4366971
chr20	7948275	rs6118025
chr20	7948873	rs6055408
chr20	7949824	rs6118027
chr20	7959552	rs6038984
chr20	7959588	rs6038985
chr20	7959782	rs2206900
chr20	7961474	rs6055422
chr20	7962107	rs2143701
chr20	7965401	rs1004017
chr20	7966991	rs2876110
chr20	7971009	rs1569726
chr20	7971350	rs6118035
chr20	7972601	rs1569727
chr20	7973272	rs989804
chr20	7974700	rs7270019
chr20	7974992	rs2423340
chr20	7977119	rs6140479
chr20	7978827	rs16994275
chr20	7978861	rs4142417
chr20	7979130	rs6038995
chr20	7980218	rs6133519
chr20	7980810	rs6086303
chr20	7981068	rs1058029
chr20	7981425	rs8764
chr20	7981481	rs1058007
chr20	7982394	rs2076015
chr20	7982671	rs2076014
chr20	7983244	rs6055437
chr20	7983462	rs2076013
chr20	7984395	rs6055438
chr20	7986327	rs4813847
chr20	7986357	rs6140484
chr20	7999743	rs1012891
chr20	8010184	rs6140496
chr20	8011677	rs4142416
chr20	8012157	rs6133524
chr20	8012175	rs6133525
chr20	8015218	rs2205782
chr20	8017509	rs6133527
chr20	8024165	rs7269501
chr20	8025481	rs6039004
chr20	8025549	rs6039005
chr20	8026981	rs6055477
chr20	8027519	rs6140508
chr20	8028480	rs6055481
chr20	8032233	rs6039012
chr20	8032855	rs6039013
chr20	8036487	rs6055488
chr20	8037510	rs6133529
chr20	8041280	rs6133532
chr20	8041708	rs6055494
chr20	8044359	rs4816041
chr20	8045564	rs16994365
chr20	8046372	rs16994369
chr20	8048051	rs2142668
chr20	8050654	rs17427086
chr20	8054806	rs6055499
chr20	8056303	rs6133533
chr20	8056833	rs1024167
chr20	8058002	rs6133535
chr20	8058023	rs6133536
chr20	8060329	rs6055504
chr20	8062313	rs16994386
chr20	8063190	rs6039023
chr20	8065225	rs6118046
chr20	8068274	rs6133541
chr20	8070706	rs4816043
chr20	8071511	rs6055513
chr20	8072904	rs6133544
chr20	8075129	rs6086320
chr20	8084102	rs6055520
chr20	8084523	rs13045064
chr20	8091111	rs6039031
chr20	8093469	rs4239774
chr20	8094576	rs2223252
chr20	8094966	rs2056933
chr20	8096148	rs6055528
chr20	8098302	rs876880
chr20	8099830	rs723458
chr20	8103757	rs1079777
chr20	8103838	rs2207316
chr20	8103879	rs2207317
chr20	8104424	rs6039034
chr20	8106570	rs6118059
chr20	8106934	rs6118062
chr20	8115483	rs6055550
chr20	8116305	rs6086343
chr20	8118605	rs6140539
chr20	8119016	rs6086345
chr20	8119820	rs6118073
chr20	8120690	rs2179984
chr20	8122220	rs6118075
chr20	8124551	rs6086346
chr20	8126750	rs6039040
chr20	8128067	rs6118078
chr20	8129883	rs6039041
chr20	8130637	rs932491
chr20	8131850	rs6086348
chr20	8132758	rs6086350
chr20	8134057	rs6118083
chr20	8134590	rs6140546
chr20	8135857	rs4142365
chr20	8137884	rs6140549
chr20	8137996	rs6055562
chr20	8140450	rs8114499
chr20	8143707	rs6039049
chr20	8144573	rs4816047
chr20	8146273	rs12481262
chr20	8147408	rs11697830
chr20	8147472	rs2327025
chr20	8147795	rs926817
chr20	8148677	rs6055570
chr20	8149490	rs6039051
chr20	8150296	rs16994453
chr20	8151257	rs10485719
chr20	8153493	rs6055577
chr20	8153981	rs6055578
chr20	8157836	rs1033398
chr20	8163488	rs2235212
chr20	8163993	rs978266
chr20	8164072	rs10485720
chr20	8165995	rs2423344
chr20	8169761	rs6055590
chr20	8170615	rs728213
chr20	8173272	rs7271063
chr20	8177856	rs6055594
chr20	8180479	rs6055601
chr20	8181631	rs6055603
chr20	8184751	rs6055611
chr20	8186369	rs6118092
chr20	8187836	rs4816049
chr20	8190925	rs6055624
chr20	8192747	rs6055625
chr20	8199431	rs2423354
chr20	8201255	rs12480099
chr20	8205539	rs6055645
chr20	8205799	rs6077326
chr20	8207422	rs6055647
chr20	8209966	rs6055649
chr20	8212250	rs6055652
chr20	8212392	rs6077327
chr20	8213731	rs8118127
chr20	8217351	rs6077332
chr20	8219894	rs4813853
chr20	8222813	rs4399790
chr20	8224477	rs2876128
chr20	8226339	rs6133556
chr20	8226607	rs10485722
chr20	8228880	rs6055675
chr20	8228968	rs6086370
chr20	8229070	rs6086371
chr20	8229118	rs6086372
chr20	8231030	rs3827071
chr20	8231202	rs3803946
chr20	8231653	rs6086374
chr20	8233139	rs6055685
chr20	8233381	rs4813854
chr20	8236050	rs6039104
chr20	8236831	rs1534897
chr20	8237158	rs2327038
chr20	8238318	rs16994533
chr20	8239422	rs1474581
chr20	8241025	rs1474937
chr20	8241415	rs995040
chr20	8242508	rs2179138
chr20	8244501	rs6039107
chr20	8246247	rs6039109
chr20	8250468	rs6140562
chr20	8252475	rs6133557
chr20	8252798	rs6086377
chr20	8254951	rs1997653
chr20	8255169	rs727684
chr20	8255828	rs6086378
chr20	8256676	rs6140566
chr20	8257642	rs6055697
chr20	8259650	rs6133558
chr20	8259951	rs6086381
chr20	8261689	rs6133561
chr20	8265460	rs2294257
chr20	8266679	rs2294259
chr20	8269535	rs13044527
chr20	8269664	rs6039117
chr20	8270090	rs16994582
chr20	8272638	rs6133564
chr20	8274019	rs6133566
chr20	8274481	rs8125486
chr20	8278031	rs6133567
chr20	8284692	rs2749967
chr20	8286929	rs2745764
chr20	8287092	rs2719791
chr20	8288626	rs6077342
chr20	8288936	rs1033684
chr20	8289119	rs1159629
chr20	8289853	rs2719807
chr20	8292449	rs6039125
chr20	8295218	rs10485723
chr20	8295616	rs6140590
chr20	8296322	rs2745755
chr20	8299770	rs6140592
chr20	8301053	rs17431073
chr20	8304461	rs2719804
chr20	8305644	rs6140595
chr20	8309176	rs6039133
chr20	8311010	rs6133573
chr20	8312380	rs742615
chr20	8314888	rs1509116
chr20	8316666	rs6086402
chr20	8317833	rs6086403
chr20	8318733	rs2745772
chr20	8321611	rs1156958
chr20	8324360	rs2662999
chr20	8328297	rs6516370
chr20	8329558	rs2745776
chr20	8330815	rs984283
chr20	8330899	rs6055744
chr20	8333306	rs6077350
chr20	8334670	rs6055748
chr20	8336371	rs2719774
chr20	8343136	rs2719776
chr20	8343609	rs13037679
chr20	8344771	rs2745787
chr20	8345235	rs2663004
chr20	8349823	rs1232783
chr20	8349868	rs1232782
chr20	8353123	rs1605791
chr20	8353194	rs7354165
chr20	8359726	rs1005987
chr20	8362897	rs8121340
chr20	8372884	rs17347805
chr20	8372902	rs708931
chr20	8374790	rs708926
chr20	8377357	rs708925
chr20	8383715	rs151055
chr20	8384152	rs6140611
chr20	8384184	rs1068103
chr20	8389583	rs1237829
chr20	8389722	rs1232779
chr20	8391284	rs1232777
chr20	8396273	rs2745756
chr20	8399083	rs708920
chr20	8400820	rs708918
chr20	8402449	rs1935671
chr20	8404175	rs1238232
chr20	8406905	rs2719803
chr20	8409264	rs6140613
chr20	8410772	rs1238231
chr20	8411003	rs1775190
chr20	8411615	rs1237071
chr20	8415290	rs708916
chr20	8416089	rs1125525
chr20	8416575	rs2662985
chr20	8418943	rs720995
chr20	8419904	rs742616
chr20	8421069	rs708914
chr20	8422212	rs708913
chr20	8422903	rs708912
chr20	8425355	rs1775197
chr20	8427897	rs2719795
chr20	8428729	rs1775201
chr20	8430075	rs771945
chr20	8431609	rs771944
chr20	8434643	rs771942
chr20	8435566	rs771938
chr20	8438750	rs227142
chr20	8439171	rs16994779
chr20	8440128	rs1232748
chr20	8446743	rs227134
chr20	8446914	rs8115925
chr20	8448691	rs227133
chr20	8452312	rs227130
chr20	8452867	rs2221695
chr20	8452930	rs17349305
chr20	8452941	rs227129
chr20	8457979	rs764440
chr20	8458095	rs6086458
chr20	8458142	rs764439
chr20	8458696	rs6140619
chr20	8461573	rs17362299
chr20	8463477	rs6086459
chr20	8469600	rs4471960
chr20	8471291	rs6118203
chr20	8471304	rs6039170
chr20	8474660	rs17362447
chr20	8475677	rs10485724
chr20	8477253	rs2423356
chr20	8478068	rs1342585
chr20	8481179	rs4813863
chr20	8482834	rs6077364
chr20	8482958	rs6086464
chr20	8483639	rs2327070
chr20	8483872	rs2327072
chr20	8486371	rs1883502
chr20	8490781	rs6055853
chr20	8492931	rs6055858
chr20	8498627	rs1534968
chr20	8503460	rs6086473
chr20	8506450	rs17363114
chr20	8507440	rs6140629
chr20	8509133	rs2050090
chr20	8509723	rs6118219
chr20	8512003	rs6086477
chr20	8514101	rs2206422
chr20	8517769	rs7273511
chr20	8517824	rs6055877
chr20	8517872	rs2423360
chr20	8521939	rs2423361
chr20	8524502	rs12625192
chr20	8527389	rs1569604
chr20	8527957	rs722665
chr20	8528811	rs6118234
chr20	8530357	rs2143205
chr20	8531500	rs2423363
chr20	8532320	rs2064272
chr20	8536048	rs2423364
chr20	8536804	rs2423366
chr20	8536858	rs6055889
chr20	8537284	rs2179440
chr20	8539505	rs6086490
chr20	8542057	rs3817881
chr20	8542274	rs3817879
chr20	8544807	rs11087808
chr20	8545120	rs8119707
chr20	8545130	rs6086491
chr20	8545302	rs6039189
chr20	8545782	rs17436253
chr20	8547238	rs6086493
chr20	8547257	rs6086494
chr20	8547275	rs6086495
chr20	8547345	rs6086496
chr20	8547761	rs2206423
chr20	8549239	rs6039190
chr20	8550729	rs6039191
chr20	8553708	rs4816069
chr20	8554390	rs6118246
chr20	8554905	rs6108152
chr20	8556397	rs10211789
chr20	8556811	rs8123677
chr20	8561345	rs6140637
chr20	8561622	rs13040221
chr20	8566396	rs6055904
chr20	8566415	rs6055905
chr20	8566849	rs6118252
chr20	8567311	rs6039197
chr20	8570697	rs2103653
chr20	8573103	rs6055910
chr20	8573444	rs1883503
chr20	8576046	rs6055912
chr20	8578531	rs7265652
chr20	8578901	rs6086511
chr20	8579999	rs6055916
chr20	8581741	rs764443
chr20	8581993	rs6118257
chr20	8582435	rs12624339
chr20	8582492	rs6055921
chr20	8584268	rs2327046
chr20	8584320	rs6055922
chr20	8584387	rs6055923
chr20	8584529	rs6055924
chr20	8585135	rs6108159
chr20	8585425	rs2327047
chr20	8586145	rs6055926
chr20	8586366	rs6055927
chr20	8586504	rs6055928
chr20	8586872	rs6086518
chr20	8586923	rs6086519
chr20	8587004	rs6086520
chr20	8588775	rs6055930
chr20	8588808	rs6086522
chr20	8590668	rs1855
chr20	8591287	rs6039205
chr20	8591578	rs6108160
chr20	8592790	rs6086525
chr20	8594686	rs6118262
chr20	8595024	rs6039206
chr20	8601756	rs4813865
chr20	8601823	rs6086531
chr20	8602767	rs2223538
chr20	8608115	rs6039208
chr20	8608924	rs6055944
chr20	8609872	rs6118268
chr20	8610549	rs6086536
chr20	8618641	rs8126112
chr20	8621060	rs17365739
chr20	8623097	rs17365886
chr20	8623946	rs6077396
chr20	8624657	rs8126070
chr20	8626686	rs1535067
chr20	8626746	rs4432538
chr20	8626779	rs4419296
chr20	8630672	rs6055957
chr20	8631206	rs6086542
chr20	8631352	rs2223837
chr20	8631786	rs6086543
chr20	8634833	rs12053642
chr20	8635941	rs6039211
chr20	8640957	rs761449
chr20	8645624	rs6108168
chr20	8645635	rs6118279
chr20	8646256	rs1018443
chr20	8648049	rs2235947
chr20	8649210	rs6055974
chr20	8649956	rs6086548
chr20	8650045	rs6055976
chr20	8650500	rs2207070
chr20	8652452	rs6086551
chr20	8652751	rs8115555
chr20	8653086	rs6055978
chr20	8657586	rs6140671
chr20	8657854	rs6140672
chr20	8658827	rs2076639
chr20	8666815	rs4347922
chr20	8667325	rs6055987
chr20	8667803	rs1022596
chr20	8668935	rs6140677
chr20	8669592	rs6140678
chr20	8671680	rs6140680
chr20	8674013	rs6055990
chr20	8675133	rs6108174
chr20	8677033	rs4387877
chr20	8677111	rs12053583
chr20	8678595	rs1033566
chr20	8679043	rs6140683
chr20	8680704	rs6133602
chr20	8681575	rs6055995
chr20	8685146	rs2273190
chr20	8686124	rs6056006
chr20	8686428	rs2876140
chr20	8690067	rs6039237
chr20	8690654	rs768989
chr20	8692751	rs6056024
chr20	8693624	rs4319991
chr20	8697799	rs2295179
chr20	8697907	rs2295180
chr20	8698228	rs6056028
chr20	8698554	rs6140696
chr20	8702764	rs2223954
chr20	8703859	rs16995121
chr20	8706330	rs6077411
chr20	8706817	rs2057144
chr20	8707742	rs6086559
chr20	8707981	rs2144126
chr20	8708007	rs2144127
chr20	8708794	rs6133609
chr20	8714116	rs6133610
chr20	8714824	rs6077412
chr20	8714934	rs8123323
chr20	8715042	rs2207306
chr20	8715072	rs6140701
chr20	8716075	rs2076690
chr20	8716260	rs2076689
chr20	8716875	rs2076685
chr20	8717466	rs3859675
chr20	8718829	rs6056033
chr20	8718872	rs17446308
chr20	8718885	rs6118296
chr20	8722605	rs6086564
chr20	8723792	rs8117234
chr20	8723905	rs6077414
chr20	8726683	rs1555212
chr20	8727280	rs1015170
chr20	8727519	rs17446441
chr20	8727556	rs6086567
chr20	8730522	rs6133612
chr20	8731046	rs6086570
chr20	8736233	rs6056049
chr20	8736857	rs2143266
chr20	8737900	rs6056050
chr20	8741878	rs2327099
chr20	8743457	rs2179478
chr20	8744868	rs6133616
chr20	8746857	rs6140705
chr20	8748472	rs6039249
chr20	8748763	rs6140706
chr20	8749465	rs2143264
chr20	8757087	rs2076413
chr20	8757522	rs6056066
chr20	8758170	rs6118307
chr20	8758852	rs6056070
chr20	8759261	rs6086582
chr20	8760380	rs2064286
chr20	8762990	rs6133617
chr20	8765478	rs737532
chr20	8766370	rs6056080
chr20	8766595	rs909895
chr20	8766767	rs4816077
chr20	8767701	rs6077420
chr20	8773089	rs926506
chr20	8774121	rs4816083
chr20	8774596	rs2235613
chr20	8776057	rs13041711
chr20	8777165	rs6056100
chr20	8779091	rs6086590
chr20	8779497	rs6056104
chr20	8780239	rs1040496
chr20	8780421	rs4496390
chr20	8781379	rs6056107
chr20	8781548	rs6086591
chr20	8784132	rs6086595
chr20	8784632	rs4816085
chr20	8785089	rs718711
chr20	8785361	rs718712
chr20	8785424	rs6039266
chr20	8785732	rs6039267
chr20	8786134	rs8124710
chr20	8786149	rs2206489
chr20	8786235	rs2327088
chr20	8786305	rs6133621
chr20	8787194	rs6056111
chr20	8787551	rs954835
chr20	8788533	rs2327089
chr20	8788776	rs2076411
chr20	8789461	rs4633993
chr20	8789635	rs6039269
chr20	8789671	rs4816086
chr20	8790175	rs2294597
chr20	8790833	rs6056114
chr20	8791269	rs4816088
chr20	8791897	rs4053148
chr20	8792648	rs6056119
chr20	8795234	rs6516403
chr20	8795463	rs6140722
chr20	8795513	rs10485726
chr20	8795683	rs1967681
chr20	8795913	rs1474684
chr20	8798849	rs11906514
chr20	8799026	rs6039278
chr20	8799582	rs1022537
chr20	8800150	rs13433377
chr20	8800433	rs1474683
chr20	8800486	rs6516405
chr20	8802591	rs2072979
chr20	8802632	rs2076409
chr20	8803575	rs7268014
chr20	8804650	rs4816089
chr20	8805068	rs981421
chr20	8806682	rs1997752
chr20	8807080	rs16995277
chr20	8807430	rs6077425
chr20	8810273	rs926505
chr20	8815337	rs16995282
chr20	8824241	rs16995289
chr20	8824657	rs13040543
chr20	8827647	rs6077428
chr20	8827663	rs4816090
chr20	8828188	rs10485727
chr20	8829402	rs724110
chr20	8829551	rs2876145
chr20	8829938	rs6086617
chr20	8830835	rs11906587
chr20	8830993	rs11905228
chr20	8831181	rs6056188
chr20	8832104	rs6118338
chr20	8832178	rs6118339
chr20	8832862	rs6516410
chr20	8833791	rs6118343
chr20	8833893	rs6108199
chr20	8834933	rs6118346
chr20	8835257	rs6056196
chr20	8835383	rs6039298
chr20	8835571	rs6056198
chr20	8837018	rs6077434
chr20	8837375	rs6086624
chr20	8838489	rs11698656
chr20	8838791	rs6086627
chr20	8840223	rs10485728
chr20	8841661	rs6140752
chr20	8842076	rs6140753
chr20	8842284	rs6086632
chr20	8842417	rs6086633
chr20	8843470	rs6140755
chr20	8849267	rs3902336
chr20	8850490	rs6039302
chr20	8856124	rs6056209
chr20	8856689	rs6039306
chr20	8857352	rs6039307
chr20	8857696	rs6086653
chr20	8857729	rs6086654
chr20	8859110	rs6140774
chr20	8859507	rs6133635
chr20	8863198	rs6140779
chr20	8863642	rs6108203
chr20	8864725	rs6108205
chr20	8864772	rs6108206
chr20	8865359	rs6516415
chr20	8868077	rs3848829
chr20	8869388	rs16995365
chr20	8869639	rs6118364
chr20	8869916	rs4083408
chr20	8870674	rs3848831
chr20	8871113	rs2327120
chr20	8871195	rs4380320
chr20	8871414	rs6077449
chr20	8871650	rs6086676
chr20	8871681	rs4502502
chr20	8872076	rs3848832
chr20	8873883	rs6118365
chr20	8874147	rs6056221
chr20	8874437	rs6056223
chr20	8875938	rs6039312
chr20	8876622	rs3848835
chr20	8877100	rs7269546
chr20	8878502	rs3848840
chr20	8878995	rs4813879
chr20	8880207	rs6056226
chr20	8883556	rs708910
chr20	8884359	rs1047383
chr20	8884920	rs6039315
chr20	8885623	rs6056230
chr20	8889434	rs6140786
chr20	8892037	rs6039319
chr20	8892929	rs6140787
chr20	8895443	rs6118375
chr20	8895459	rs41437650
chr20	8897342	rs6056242
chr20	8904496	rs12626115
chr20	8905362	rs6118378
chr20	8906193	rs12625531
chr20	8908230	rs1997867
chr20	8908268	rs1997868
chr20	8908966	rs4295085
chr20	8909086	rs6039322
chr20	8909250	rs6086686
chr20	8910699	rs2179798
chr20	8910728	rs1303860
chr20	8914328	rs6056252
chr20	8915376	rs1074406
chr20	8916835	rs6140795
chr20	8917923	rs6086690
chr20	8918779	rs12151880
chr20	8922042	rs4325831
chr20	8926942	rs6086695
chr20	8927234	rs4327296
chr20	8927576	rs6039329
chr20	8931810	rs6086699
chr20	8932617	rs7270760
chr20	8935155	rs16995415
chr20	8936311	rs6118389
chr20	8938100	rs6118390
chr20	8938358	rs6118391
chr20	8939424	rs4383404
chr20	8940351	rs4557053
chr20	8940538	rs6118392
chr20	8942081	rs6056274
chr20	8942194	rs4239776
chr20	8945188	rs4816109
chr20	8945555	rs6086702
chr20	8946313	rs6056278
chr20	8947942	rs8114886
chr20	8949374	rs3923472
chr20	8953145	rs4416293
chr20	8954665	rs6056281
chr20	8962307	rs6086714
chr20	8962351	rs2808806
chr20	8963495	rs756374
chr20	8964988	rs6516421
chr20	8965824	rs2251251
chr20	8968417	rs2206266
chr20	8969225	rs1534941
chr20	8972660	rs226192
chr20	8975163	rs226191
chr20	8980237	rs6108226
chr20	8981421	rs6039345
chr20	8993715	rs6118412
chr20	8995401	rs6056312
chr20	8997416	rs6108228
chr20	8999454	rs719837
chr20	9000442	rs996350
chr20	9000950	rs6086728
chr20	9000994	rs226186
chr20	9003601	rs2019382
chr20	9004584	rs226185
chr20	9006599	rs226184
chr20	9007765	rs6056327
chr20	9008654	rs4816113
chr20	9009910	rs6056330
chr20	9010141	rs6039354
chr20	9011267	rs6118419
chr20	9012093	rs991826
chr20	9013634	rs2206264
chr20	9013904	rs6140825
chr20	9016344	rs6056333
chr20	9017163	rs6108233
chr20	9020207	rs6140828
chr20	9023019	rs2093148
chr20	9023229	rs2093149
chr20	9025301	rs6118431
chr20	9025806	rs8119079
chr20	9028242	rs6140831
chr20	9028759	rs6108236
chr20	9030400	rs6108237
chr20	9030675	rs6118434
chr20	9031363	rs6140833
chr20	9033406	rs4471962
chr20	9034227	rs13043535
chr20	9040373	rs6118441
chr20	9040400	rs6118442
chr20	9042690	rs6056350
chr20	9043471	rs6108241
chr20	9045250	rs6056355
chr20	9048849	rs6056358
chr20	9049094	rs6039365
chr20	9050982	rs6133656
chr20	9051283	rs7271227
chr20	9051447	rs6118454
chr20	9052815	rs2093147
chr20	9052889	rs6133659
chr20	9053980	rs6056361
chr20	9054363	rs6108249
chr20	9058774	rs6056369
chr20	9059922	rs6056373
chr20	9059957	rs6056374
chr20	9063498	rs927155
chr20	9063939	rs6077477
chr20	9063970	rs6086748
chr20	9066096	rs932584
chr20	9066168	rs927154
chr20	9070822	rs6056381
chr20	9070835	rs2180672
chr20	9071342	rs2024953
chr20	9072473	rs4816115
chr20	9074670	rs2224358
chr20	9075173	rs6118469
chr20	9079512	rs6056386
chr20	9079690	rs6039376
chr20	9084016	rs6086762
chr20	9086285	rs6118478
chr20	9086472	rs6118479
chr20	9087993	rs6039386
chr20	9091815	rs2224359
chr20	9092876	rs6108255
chr20	9094744	rs8115948
chr20	9095510	rs6118487
chr20	9096844	rs1155662
chr20	9101671	rs16995546
chr20	9101696	rs6039390
chr20	9104280	rs6056405
chr20	9107977	rs6118496
chr20	9110588	rs6140861
chr20	9111936	rs6140862
chr20	9117443	rs964309
chr20	9117550	rs964310
chr20	9122240	rs6118498
chr20	9122696	rs7266736
chr20	9125852	rs6118499
chr20	9129246	rs6039393
chr20	9130112	rs13041524
chr20	9130986	rs6108263
chr20	9131686	rs16995573
chr20	9135508	rs13044386
chr20	9136350	rs12479503
chr20	9142911	rs6118505
chr20	9143226	rs2224357
chr20	9144965	rs6056427
chr20	9146847	rs6039399
chr20	9150652	rs6086794
chr20	9151389	rs11697318
chr20	9156777	rs6118508
chr20	9160445	rs6077498
chr20	9165170	rs6086797
chr20	9171449	rs6056440
chr20	9174692	rs6086799
chr20	9175556	rs6056448
chr20	9180538	rs2208297
chr20	9181462	rs1407101
chr20	9183472	rs6039405
chr20	9184511	rs10485729
chr20	9185685	rs6056454
chr20	9187594	rs6056456
chr20	9191089	rs4816126
chr20	9191214	rs1321581
chr20	9194046	rs2876163
chr20	9196465	rs6039410
chr20	9198026	rs7269241
chr20	9201015	rs2145266
chr20	9202992	rs6140895
chr20	9204013	rs8183334
chr20	9208292	rs6086806
chr20	9209340	rs2208295
chr20	9210931	rs16995654
chr20	9214326	rs6086808
chr20	9215443	rs1884894
chr20	9231539	rs5011374
chr20	9231587	rs6516449
chr20	9237097	rs1109361
chr20	9241904	rs6133686
chr20	9244143	rs2224361
chr20	9260191	rs6056500
chr20	9263135	rs6056505
chr20	9264269	rs6118547
chr20	9266933	rs17388852
chr20	9271743	rs2206138
chr20	9272941	rs4816129
chr20	9275428	rs1963144
chr20	9275616	rs6133690
chr20	9275792	rs6140908
chr20	9278724	rs6140909
chr20	9279163	rs867206
chr20	9281714	rs16995716
chr20	9283159	rs742279
chr20	9283267	rs6118558
chr20	9283288	rs16995723
chr20	9286943	rs2223409
chr20	9287045	rs6118560
chr20	9290339	rs1997699
chr20	9294838	rs6516454
chr20	9297804	rs16995731
chr20	9300773	rs16995736
chr20	9301610	rs6056519
chr20	9305683	rs2327162
chr20	9307875	rs6077510
chr20	9308678	rs6077511
chr20	9309179	rs6108280
chr20	9310903	rs6086834
chr20	9311529	rs6056523
chr20	9315653	rs6056526
chr20	9316024	rs6086835
chr20	9317611	rs760847
chr20	9318242	rs2327164
chr20	9318595	rs6056536
chr20	9319706	rs2206139
chr20	9322460	rs7272444
chr20	9326469	rs16995763
chr20	9328181	rs6056551
chr20	9329066	rs6056552
chr20	9329429	rs8120918
chr20	9333294	rs8115510
chr20	9336619	rs6039442
chr20	9342277	rs6086846
chr20	9342342	rs7268671
chr20	9344622	rs6077516
chr20	9346122	rs6039443
chr20	9351027	rs16995778
chr20	9354129	rs6056570
chr20	9360603	rs17389980
chr20	9365555	rs17481185
chr20	9368386	rs725941
chr20	9376790	rs2299676
chr20	9381414	rs13044334
chr20	9382233	rs6086865
chr20	9383602	rs1028337
chr20	9383816	rs1028338
chr20	9383930	rs6133703
chr20	9384152	rs2076234
chr20	9384594	rs13036731
chr20	9387455	rs7265290
chr20	9387907	rs7265537
chr20	9390852	rs7267438
chr20	9391178	rs2179321
chr20	9393873	rs6118591
chr20	9397647	rs6133706
chr20	9398024	rs1997696
chr20	9399302	rs6133707
chr20	9399909	rs6056595
chr20	9402067	rs2076236
chr20	9402245	rs6056597
chr20	9404418	rs6118595
chr20	9411425	rs6056602
chr20	9413290	rs3787309
chr20	9421281	rs6056608
chr20	9421293	rs6056609
chr20	9422833	rs6077536
chr20	9424412	rs11087845
chr20	9424838	rs1883487
chr20	9425105	rs1883488
chr20	9425227	rs7261773
chr20	9426099	rs2299678
chr20	9427598	rs3819579
chr20	9428939	rs2299679
chr20	9429716	rs2299680
chr20	9432566	rs6077537
chr20	9433786	rs1883490
chr20	9433994	rs6118611
chr20	9435393	rs3817877
chr20	9437223	rs6086883
chr20	9437904	rs4369940
chr20	9439799	rs6118616
chr20	9439967	rs6056625
chr20	9440536	rs6118618
chr20	9441863	rs2276475
chr20	9442293	rs6056628
chr20	9443284	rs3819581
chr20	9444257	rs6056629
chr20	9445066	rs2276477
chr20	9449038	rs976651
chr20	9451337	rs2299684
chr20	9457525	rs3746548
chr20	9460193	rs2072954
chr20	9460477	rs2206387
chr20	9467688	rs8122156
chr20	9468300	rs3761164
chr20	9470385	rs2276483
chr20	9470680	rs2276484
chr20	9474444	rs6077544
chr20	9477397	rs6077545
chr20	9478587	rs2076393
chr20	9479280	rs2076392
chr20	9481890	rs6086896
chr20	9482607	rs6086897
chr20	9483046	rs6086900
chr20	9486399	rs6086904
chr20	9486485	rs6077547
chr20	9486644	rs6056645
chr20	9487897	rs6077548
chr20	9488014	rs6086908
chr20	9488952	rs6086911
chr20	9489416	rs6077549
chr20	9492357	rs6086915
chr20	9496306	rs6056647
chr20	9501990	rs16995976
chr20	9503151	rs6077556
chr20	9505320	rs6056654
chr20	9505928	rs16995979
chr20	9506386	rs6056656
chr20	9509297	rs16995983
chr20	9510406	rs16995987
chr20	9510845	rs16995991
chr20	9510884	rs11905991
chr20	9512833	rs4816144
chr20	9513245	rs6056659
chr20	9514640	rs2232256
chr20	9514650	rs2232257
chr20	9514732	rs12151948
chr20	9515779	rs968746
chr20	9516410	rs2232267
chr20	9516741	rs4816145
chr20	9517051	rs8117167
chr20	9518752	rs926475
chr20	9519417	rs2327182
chr20	9520451	rs16996017
chr20	9521433	rs6140956
chr20	9521665	rs16996022
chr20	9522494	rs4813892
chr20	9523821	rs6056665
chr20	9524431	rs6039487
chr20	9525277	rs6039490
chr20	9526058	rs2327183
chr20	9527172	rs6056669
chr20	9527284	rs6133716
chr20	9530925	rs6516466
chr20	9533863	rs11905477
chr20	9537745	rs1045762
chr20	9538820	rs3185693
chr20	9538882	rs10485732
chr20	9539486	rs6039495
chr20	9539495	rs12329540
chr20	9544704	rs2072953
chr20	9544954	rs2072952
chr20	9545521	rs6056686
chr20	9545581	rs6056687
chr20	9546706	rs6056690
chr20	9547954	rs6056691
chr20	9550221	rs2206386
chr20	9552053	rs6039498
chr20	9560191	rs6039502
chr20	9562081	rs6056704
chr20	9562975	rs2297345
chr20	9563186	rs2297348
chr20	9564075	rs10485733
chr20	9565907	rs6133723
chr20	9566583	rs6039504
chr20	9566641	rs6039505
chr20	9566829	rs12053654
chr20	9567083	rs16996067
chr20	9568090	rs13040618
chr20	9573381	rs2026338
chr20	9573478	rs2026339
chr20	9575134	rs9967942
chr20	9575388	rs6056711
chr20	9575512	rs11087847
chr20	9580065	rs3746545
chr20	9581738	rs6056715
chr20	9582275	rs6039512
chr20	9582502	rs6056717
chr20	9583923	rs1888711
chr20	9586610	rs6077566
chr20	9586714	rs6140971
chr20	9589122	rs6077567
chr20	9593416	rs6056725
chr20	9594031	rs16996123
chr20	9595973	rs6056732
chr20	9595996	rs6056733
chr20	9601229	rs6056740
chr20	9601421	rs6140978
chr20	9601477	rs6133729
chr20	9602854	rs16996139
chr20	9604832	rs6140980
chr20	9604891	rs6133730
chr20	9605091	rs11087848
chr20	9605226	rs6140981
chr20	9606089	rs6056747
chr20	9606944	rs16996145
chr20	9608549	rs928366
chr20	9608930	rs2225471
chr20	9609446	rs6086959
chr20	9610557	rs6056750
chr20	9610981	rs6133731
chr20	9611616	rs6056751
chr20	9611691	rs6056752
chr20	9611912	rs6056753
chr20	9611951	rs6056754
chr20	9611970	rs6056755
chr20	9612029	rs6039524
chr20	9614234	rs7272361
chr20	9614526	rs219854
chr20	9614705	rs219855
chr20	9615141	rs219857
chr20	9615640	rs6140985
chr20	9615698	rs6133732
chr20	9615890	rs219860
chr20	9616908	rs219861
chr20	9617497	rs219862
chr20	9621308	rs6118669
chr20	9622228	rs219870
chr20	9623059	rs6118672
chr20	9628330	rs6039529
chr20	9630801	rs6056766
chr20	9630904	rs6086964
chr20	9631771	rs12624753
chr20	9633170	rs16996186
chr20	9635428	rs12624866
chr20	9636777	rs6056773
chr20	9638113	rs6516479
chr20	9638827	rs4813894
chr20	9643211	rs2224609
chr20	9643939	rs6056774
chr20	9644979	rs6086969
chr20	9645139	rs10485734
chr20	9646033	rs6077576
chr20	9646724	rs6516482
chr20	9647260	rs6086972
chr20	9649005	rs6056777
chr20	9649590	rs1885563
chr20	9650260	rs6039533
chr20	9651961	rs4816158
chr20	9653762	rs6039536
chr20	9655648	rs6086976
chr20	9656400	rs6056783
chr20	9659487	rs6039538
chr20	9660640	rs6039540
chr20	9660907	rs6118681
chr20	9663558	rs17408919
chr20	9664772	rs2423395
chr20	9665226	rs6140991
chr20	9666186	rs6133735
chr20	9667753	rs6039542
chr20	9668178	rs2423400
chr20	9668426	rs2423401
chr20	9668586	rs6118687
chr20	9668705	rs2423402
chr20	9669692	rs6077578
chr20	9673314	rs6133736
chr20	9674685	rs6133737
chr20	9675070	rs2254000
chr20	9675189	rs2254003
chr20	9675336	rs2423412
chr20	9675758	rs6118695
chr20	9676835	rs6140997
chr20	9677886	rs2423413
chr20	9678999	rs6039545
chr20	9683216	rs6141004
chr20	9683891	rs2143256
chr20	9683917	rs2143255
chr20	9684206	rs6039546
chr20	9685247	rs6077585
chr20	9685445	rs6039548
chr20	9685487	rs2423420
chr20	9687308	rs2423421
chr20	9689596	rs2206476
chr20	9690255	rs6141008
chr20	9690436	rs2050104
chr20	9692339	rs2050105
chr20	9699890	rs6039552
chr20	9700700	rs6056810
chr20	9701200	rs8120907
chr20	9702368	rs2206474
chr20	9702532	rs2223565
chr20	9703141	rs2206472
chr20	9703597	rs2206470
chr20	9704877	rs6056812
chr20	9704965	rs6108331
chr20	9705328	rs6086988
chr20	9706356	rs6086989
chr20	9708654	rs2423428
chr20	9708700	rs12481219
chr20	9708903	rs6039555
chr20	9709459	rs2423429
chr20	9711385	rs2423432
chr20	9712086	rs6056816
chr20	9718379	rs6118709
chr20	9722322	rs6086998
chr20	9724295	rs2423438
chr20	9725715	rs6141018
chr20	9727945	rs1004725
chr20	9728248	rs6108332
chr20	9728390	rs6039561
chr20	9729521	rs2423441
chr20	9729699	rs2423443
chr20	9730571	rs2423446
chr20	9733230	rs7274475
chr20	9736193	rs2423450
chr20	9737551	rs6516492
chr20	9740094	rs2423456
chr20	9741775	rs8123945
chr20	9742727	rs7274775
chr20	9742919	rs2423457
chr20	9743452	rs4813896
chr20	9745049	rs1033470
chr20	9745453	rs2423460
chr20	9745992	rs4813897
chr20	9749737	rs6141026
chr20	9750273	rs13045381
chr20	9750545	rs6108334
chr20	9752182	rs6133746
chr20	9754122	rs2423462
chr20	9755825	rs742451
chr20	9755845	rs742450
chr20	9756765	rs6118717
chr20	9757883	rs16996383
chr20	9758551	rs984856
chr20	9758719	rs13045260
chr20	9759082	rs16996384
chr20	9759793	rs1569625
chr20	9761228	rs2423467
chr20	9762473	rs1119413
chr20	9762854	rs6039569
chr20	9764089	rs10470072
chr20	9764325	rs926502
chr20	9764802	rs4566434
chr20	9765697	rs6118724
chr20	9767480	rs2327225
chr20	9768181	rs17411374
chr20	9768870	rs6141031
chr20	9771158	rs6039571
chr20	9771760	rs6056855
chr20	9772798	rs6141033
chr20	9772822	rs2064284
chr20	9773672	rs6056860
chr20	9773913	rs6108337
chr20	9775019	rs4470404
chr20	9775048	rs6118726
chr20	9775228	rs2143257
chr20	9776007	rs17502794
chr20	9776234	rs6077598
chr20	9778766	rs6516498
chr20	9779610	rs6039576
chr20	9780495	rs2206485
chr20	9781800	rs6056869
chr20	9782595	rs8125212
chr20	9782681	rs6118730
chr20	9782859	rs6087018
chr20	9783421	rs2206484
chr20	9783615	rs2223569
chr20	9784277	rs6118732
chr20	9784372	rs6118733
chr20	9785004	rs6056871
chr20	9787186	rs6056873
chr20	9788334	rs994487
chr20	9788752	rs2206483
chr20	9790461	rs2206482
chr20	9790488	rs6056875
chr20	9792256	rs6141035
chr20	9793229	rs10485735
chr20	9794903	rs2206481
chr20	9796313	rs6141038
chr20	9797882	rs6056890
chr20	9798005	rs6087027
chr20	9798081	rs6056891
chr20	9798289	rs16996418
chr20	9799279	rs2092382
chr20	9800220	rs16996420
chr20	9802131	rs1119434
chr20	9811252	rs2423477
chr20	9811934	rs2050106
chr20	9812659	rs2143258
chr20	9815691	rs2050107
chr20	9815768	rs2050108
chr20	9816620	rs6141048
chr20	9818415	rs6087032
chr20	9819117	rs17412657
chr20	9821022	rs6118746
chr20	9824187	rs6516503
chr20	9826588	rs8115801
chr20	9826879	rs6056909
chr20	9827013	rs6056911
chr20	9830726	rs7269394
chr20	9834058	rs221015
chr20	9834880	rs221013
chr20	9836212	rs6056921
chr20	9836384	rs221011
chr20	9837168	rs6056922
chr20	9840359	rs761226
chr20	9849489	rs6056932
chr20	9855314	rs6039602
chr20	9855691	rs6056938
chr20	9856056	rs221007
chr20	9856131	rs12479522
chr20	9857720	rs7272472
chr20	9863522	rs11697698
chr20	9864171	rs6056945
chr20	9865407	rs16996477
chr20	9867868	rs6118769
chr20	9868206	rs16996490
chr20	9870172	rs13037497
chr20	9874588	rs6141068
chr20	9878684	rs6141069
chr20	9879869	rs2327233
chr20	9883263	rs6118782
chr20	9884461	rs6056969
chr20	9886488	rs6039614
chr20	9890322	rs1999448
chr20	9891955	rs16996531
chr20	9898518	rs6087052
chr20	9899773	rs988326
chr20	9900461	rs2327206
chr20	9903299	rs6056996
chr20	9905005	rs914596
chr20	9909342	rs6057007
chr20	9911679	rs6057009
chr20	9912414	rs6108352
chr20	9914225	rs8120905
chr20	9914730	rs6118801
chr20	9915966	rs6057017
chr20	9916967	rs6057020
chr20	9918791	rs6057021
chr20	9919270	rs6077612
chr20	9926960	rs6087063
chr20	9928046	rs6057027
chr20	9928357	rs6087065
chr20	9928479	rs6039635
chr20	9930462	rs6087069
chr20	9932275	rs6516523
chr20	9933030	rs6039636
chr20	9938735	rs2210455
chr20	9938924	rs6118819
chr20	9939838	rs6039638
chr20	9944907	rs2327209
chr20	9952443	rs2225533
chr20	9953743	rs950226
chr20	9955038	rs4813906
chr20	9959827	rs6039642
chr20	9959936	rs6057051
chr20	9960138	rs6039643
chr20	9962987	rs6057052
chr20	9964010	rs6118835
chr20	9966168	rs6057054
chr20	9970067	rs953021
chr20	9970635	rs8121254
chr20	9972197	rs6057057
chr20	9973640	rs6057059
chr20	9976998	rs4553890
chr20	9978258	rs420939
chr20	9978764	rs2327256
chr20	9978830	rs2327257
chr20	9980884	rs7268940
chr20	9986879	rs195786
chr20	9988723	rs195794
chr20	9995240	rs6087095
chr20	9995306	rs2064658
chr20	9996073	rs1884397
chr20	9998129	rs7264009
chr20	10002077	rs6057071
chr20	10002652	rs6039649
chr20	10004393	rs17507263
chr20	10005281	rs4816196
chr20	10005437	rs8115116
chr20	10005695	rs6087099
chr20	10005758	rs6057072
chr20	10006628	rs8123132
chr20	10006761	rs6118852
chr20	10007565	rs8124931
chr20	10009180	rs2327258
chr20	10009597	rs724675
chr20	10009927	rs12480468
chr20	10010516	rs6087101
chr20	10010602	rs6057073
chr20	10012804	rs6039651
chr20	10015302	rs6133777
chr20	10016036	rs35359582
chr20	10016603	rs6039654
chr20	10018444	rs6057081
chr20	10021410	rs4404352
chr20	10024077	rs10485737
chr20	10024226	rs725567
chr20	10024362	rs725565
chr20	10028579	rs12481420
chr20	10029745	rs513998
chr20	10030427	rs6039659
chr20	10031291	rs548863
chr20	10037907	rs570855
chr20	10038445	rs575534
chr20	10042794	rs641648
chr20	10043041	rs4813909
chr20	10044303	rs6039663
chr20	10045460	rs6077636
chr20	10045709	rs685723
chr20	10047498	rs2024802
chr20	10048077	rs16996688
chr20	10049804	rs524625
chr20	10050283	rs656111
chr20	10051765	rs683145
chr20	10053658	rs604452
chr20	10055554	rs6087119
chr20	10058346	rs666519
chr20	10060656	rs559129
chr20	10062181	rs633841
chr20	10064201	rs663380
chr20	10064430	rs674630
chr20	10065889	rs583827
chr20	10066180	rs6087125
chr20	10066390	rs496315
chr20	10066787	rs598275
chr20	10067958	rs6039668
chr20	10070019	rs659930
chr20	10070180	rs660454
chr20	10071047	rs674711
chr20	10072369	rs6057129
chr20	10074819	rs576874
chr20	10074832	rs6057132
chr20	10077374	rs531797
chr20	10077600	rs668473
chr20	10078424	rs8122278
chr20	10078522	rs486937
chr20	10080033	rs12625228
chr20	10080984	rs572450
chr20	10083881	rs551927
chr20	10086616	rs530271
chr20	10086646	rs530362
chr20	10087840	rs6104550
chr20	10090487	rs552048
chr20	10090539	rs6032780
chr20	10091200	rs6032783
chr20	10093145	rs602209
chr20	10093777	rs6039690
chr20	10096212	rs6133794
chr20	10100148	rs6039697
chr20	10101152	rs474169
chr20	10101828	rs6039702
chr20	10104406	rs6074095
chr20	10104672	rs6074096
chr20	10106135	rs6133798
chr20	10106151	rs6133799
chr20	10106306	rs595987
chr20	10106582	rs607331
chr20	10106746	rs608188
chr20	10108793	rs637625
chr20	10110116	rs670562
chr20	10110238	rs2064655
chr20	10110322	rs671426
chr20	10111994	rs6077654
chr20	10112516	rs6108398
chr20	10114126	rs570383
chr20	10114773	rs1474881
chr20	10118887	rs586791
chr20	10121882	rs647518
chr20	10123103	rs663250
chr20	10125781	rs598563
chr20	10127038	rs555185
chr20	10127094	rs6133805
chr20	10127889	rs6133806
chr20	10128106	rs509110
chr20	10128218	rs510734
chr20	10128293	rs510915
chr20	10128802	rs11908196
chr20	10129589	rs3761161
chr20	10129840	rs12624858
chr20	10130609	rs7274260
chr20	10131271	rs491244
chr20	10131683	rs6131052
chr20	10132221	rs521258
chr20	10133177	rs13044468
chr20	10134951	rs6032802
chr20	10135564	rs594240
chr20	10141564	rs2144567
chr20	10141627	rs2144568
chr20	10142776	rs6032806
chr20	10148952	rs2210585
chr20	10152491	rs17517821
chr20	10155754	rs2210578
chr20	10157279	rs4813918
chr20	10159442	rs6039743
chr20	10165831	rs6108431
chr20	10166938	rs6077677
chr20	10167820	rs16991180
chr20	10168155	rs6039749
chr20	10169016	rs6131056
chr20	10169960	rs13043422
chr20	10171411	rs6077680
chr20	10171878	rs10485738
chr20	10173647	rs6133821
chr20	10173796	rs6077681
chr20	10174457	rs6032817
chr20	10175474	rs7271768
chr20	10178046	rs8121429
chr20	10178122	rs8121475
chr20	10178433	rs6133822
chr20	10178566	rs6133823
chr20	10179444	rs10485739
chr20	10180577	rs1999552
chr20	10183984	rs17518345
chr20	10185079	rs883381
chr20	10185285	rs883382
chr20	10186127	rs6514090
chr20	10186152	rs8123576
chr20	10186483	rs11908233
chr20	10186893	rs8125127
chr20	10188666	rs6039756
chr20	10190359	rs4813919
chr20	10192529	rs6032821
chr20	10197003	rs6133832
chr20	10197374	rs2225634
chr20	10198883	rs1889188
chr20	10199622	rs6039759
chr20	10200790	rs6108443
chr20	10200934	rs6039760
chr20	10202869	rs6039763
chr20	10205498	rs6039765
chr20	10207964	rs6108445
chr20	10209445	rs4813921
chr20	10213598	rs4813023
chr20	10214030	rs8119844
chr20	10214785	rs6104567
chr20	10216438	rs1889189
chr20	10218306	rs6039769
chr20	10223169	rs6032826
chr20	10225469	rs2225635
chr20	10225606	rs2327264
chr20	10226269	rs6077693
chr20	10228100	rs3787303
chr20	10232447	rs2423487
chr20	10235400	rs6077697
chr20	10236688	rs363011
chr20	10236849	rs363029
chr20	10237252	rs1158497
chr20	10237386	rs6039783
chr20	10237491	rs363030
chr20	10237673	rs2327266
chr20	10237728	rs2327267
chr20	10237996	rs363032
chr20	10238310	rs363035
chr20	10239151	rs363012
chr20	10239289	rs363038
chr20	10239848	rs363039
chr20	10244102	rs6104571
chr20	10245498	rs363043
chr20	10248051	rs363015
chr20	10249643	rs6032829
chr20	10250526	rs363016
chr20	10251664	rs6514092
chr20	10252616	rs6039791
chr20	10253609	rs363050
chr20	10254778	rs363052
chr20	10254937	rs363053
chr20	10255278	rs3025866
chr20	10257168	rs4813024
chr20	10261363	rs6074113
chr20	10262538	rs362562
chr20	10262603	rs362563
chr20	10263978	rs362564
chr20	10266085	rs362569
chr20	10266216	rs362570
chr20	10269640	rs6077712
chr20	10272434	rs362574
chr20	10273827	rs362584
chr20	10275604	rs362585
chr20	10277113	rs4510293
chr20	10278006	rs6039806
chr20	10280494	rs6077718
chr20	10282928	rs6039807
chr20	10285249	rs2284297
chr20	10286176	rs2284300
chr20	10289242	rs362549
chr20	10290277	rs362588
chr20	10291844	rs362592
chr20	10296068	rs362993
chr20	10296804	rs362987
chr20	10296973	rs362998
chr20	10299149	rs363004
chr20	10299435	rs363006
chr20	10299791	rs41378446
chr20	10299857	rs6108463
chr20	10300722	rs362988
chr20	10301379	rs6039820
chr20	10303302	rs6108464
chr20	10303770	rs3787283
chr20	10305665	rs4813925
chr20	10306436	rs3746544
chr20	10307094	rs8636
chr20	10310055	rs6074121
chr20	10310312	rs6133852
chr20	10310359	rs6032845
chr20	10311164	rs362599
chr20	10312121	rs6032846
chr20	10312880	rs362602
chr20	10314609	rs7268664
chr20	10314920	rs6077729
chr20	10315569	rs362552
chr20	10317938	rs7364004
chr20	10318575	rs362553
chr20	10319661	rs994919
chr20	10321685	rs7272324
chr20	10321809	rs6039837
chr20	10322800	rs725918
chr20	10323726	rs6108469
chr20	10323893	rs6108470
chr20	10325855	rs6039847
chr20	10325926	rs6039848
chr20	10326437	rs6039851
chr20	10326978	rs6133868
chr20	10327422	rs6039854
chr20	10327613	rs6032848
chr20	10329188	rs362555
chr20	10329801	rs362614
chr20	10329985	rs932357
chr20	10330517	rs3025892
chr20	10331019	rs47512
chr20	10331111	rs362616
chr20	10332257	rs6039859
chr20	10333735	rs362620
chr20	10338711	rs6104580
chr20	10339548	rs6133869
chr20	10339811	rs12625867
chr20	10339835	rs11087009
chr20	10340628	rs1540902
chr20	10342589	rs2179334
chr20	10343439	rs362623
chr20	10346685	rs6108495
chr20	10348547	rs11087010
chr20	10348699	rs362560
chr20	10349240	rs362561
chr20	10349948	rs6133875
chr20	10352948	rs765328
chr20	10353357	rs6133876
chr20	10353442	rs2423491
chr20	10353830	rs2423492
chr20	10354321	rs2206161
chr20	10356898	rs6104583
chr20	10358696	rs6133877
chr20	10359526	rs2423495
chr20	10359663	rs6133879
chr20	10363891	rs2423501
chr20	10364814	rs6039875
chr20	10366770	rs2327290
chr20	10368672	rs6039882
chr20	10370510	rs6032858
chr20	10371048	rs6039885
chr20	10379403	rs6074125
chr20	10384759	rs6039899
chr20	10386761	rs6039901
chr20	10387261	rs6108519
chr20	10388733	rs6039905
chr20	10391952	rs6077763
chr20	10393445	rs6108529
chr20	10398823	rs6133902
chr20	10402174	rs6133904
chr20	10403333	rs6514111
chr20	10404171	rs221670
chr20	10405365	rs1545
chr20	10405411	rs1547
chr20	10408293	rs6104602
chr20	10411531	rs6108559
chr20	10411947	rs221668
chr20	10412130	rs6108560
chr20	10412514	rs6133917
chr20	10413398	rs16991547
chr20	10420425	rs6133922
chr20	10421832	rs6108567
chr20	10421943	rs16991555
chr20	10425508	rs6133927
chr20	10428406	rs3790155
chr20	10429432	rs6133929
chr20	10429672	rs6108571
chr20	10429783	rs6077783
chr20	10429846	rs221664
chr20	10433995	rs6039930
chr20	10434815	rs6039931
chr20	10434849	rs6039932
chr20	10435792	rs1003712
chr20	10436797	rs6032878
chr20	10438153	rs6074138
chr20	10439768	rs16991592
chr20	10441705	rs2026316
chr20	10441864	rs6077793
chr20	10441927	rs6077794
chr20	10446826	rs6133938
chr20	10447312	rs2327282
chr20	10448128	rs6039943
chr20	10448953	rs2150684
chr20	10450140	rs6104614
chr20	10452118	rs6032881
chr20	10457141	rs6077806
chr20	10460790	rs4813935
chr20	10464344	rs6039953
chr20	10465893	rs6077808
chr20	10469209	rs6077809
chr20	10469958	rs6077811
chr20	10471243	rs225143
chr20	10473426	rs225146
chr20	10475837	rs857011
chr20	10475938	rs708934
chr20	10476926	rs648628
chr20	10478305	rs6108599
chr20	10478965	rs10485740
chr20	10484591	rs6074150
chr20	10486334	rs6039984
chr20	10487548	rs655280
chr20	10487614	rs667547
chr20	10488582	rs640415
chr20	10489153	rs637688
chr20	10489273	rs587708
chr20	10490381	rs619550
chr20	10491844	rs686199
chr20	10491945	rs636753
chr20	10495423	rs652325
chr20	10497958	rs617775
chr20	10498291	rs7269117
chr20	10502055	rs998934
chr20	10502221	rs1466698
chr20	10505595	rs589905
chr20	10507000	rs659785
chr20	10507511	rs672272
chr20	10511631	rs8114269
chr20	10514417	rs684169
chr20	10515447	rs591076
chr20	10518279	rs6040003
chr20	10518309	rs6077823
chr20	10519881	rs6032894
chr20	10520699	rs640572
chr20	10524345	rs607064
chr20	10530843	rs658854
chr20	10532583	rs857006
chr20	10535243	rs628473
chr20	10536039	rs6040015
chr20	10537251	rs755331
chr20	10544249	rs12106093
chr20	10544965	rs640204
chr20	10545028	rs640584
chr20	10551807	rs651877
chr20	10557741	rs16991803
chr20	10568855	rs6040028
chr20	10571251	rs596547
chr20	10576604	rs693974
chr20	10579810	rs16991816
chr20	10580721	rs640336
chr20	10582010	rs656478
chr20	10583260	rs682562
chr20	10593395	rs16991827
chr20	10595304	rs7262417
chr20	10595822	rs6074159
chr20	10595943	rs3748470
chr20	10599348	rs6077844
chr20	10601322	rs16991842
chr20	10601490	rs2172351
chr20	10605586	rs16991848
chr20	10608125	rs6032908
chr20	10610803	rs1234797
chr20	10613971	rs3748471
chr20	10617428	rs1232602
chr20	10621756	rs7270295
chr20	10621918	rs7270364
chr20	10624983	rs1232597
chr20	10628946	rs1232607
chr20	10630415	rs1232605
chr20	10633772	rs2143618
chr20	10633787	rs2143619
chr20	10636508	rs2423508
chr20	10637926	rs8708
chr20	10638366	rs7828
chr20	10639627	rs1051421
chr20	10649224	rs6108653
chr20	10652665	rs6040055
chr20	10656409	rs10485741
chr20	10658574	rs1801138
chr20	10658737	rs2273060
chr20	10658895	rs2273061
chr20	10659193	rs3790158
chr20	10659394	rs17457340
chr20	10659553	rs6040060
chr20	10659658	rs6040061
chr20	10660822	rs3748477
chr20	10660927	rs3748478
chr20	10660985	rs3748479
chr20	10661481	rs7265068
chr20	10662403	rs6040065
chr20	10663011	rs3748480
chr20	10663202	rs7267595
chr20	10663510	rs2235811
chr20	10664057	rs17536052
chr20	10664549	rs6040069
chr20	10665125	rs6133986
chr20	10669113	rs6077868
chr20	10669706	rs6133987
chr20	10669862	rs6077869
chr20	10670064	rs7271215
chr20	10675439	rs910118
chr20	10684558	rs10485742
chr20	10688540	rs2206815
chr20	10690430	rs6074170
chr20	10698447	rs2423511
chr20	10699136	rs12233274
chr20	10699573	rs6040095
chr20	10700115	rs6032919
chr20	10702823	rs2057053
chr20	10705728	rs2423512
chr20	10707224	rs2179688
chr20	10708096	rs6108676
chr20	10711553	rs6032927
chr20	10712068	rs10485744
chr20	10712134	rs10485745
chr20	10712341	rs6077888
chr20	10713877	rs1033517
chr20	10720147	rs7265634
chr20	10720379	rs6134007
chr20	10723345	rs2423515
chr20	10723567	rs11906402
chr20	10723703	rs6104651
chr20	10724359	rs6077892
chr20	10726228	rs2423516
chr20	10728523	rs6134010
chr20	10729767	rs6040109
chr20	10730331	rs6108686
chr20	10734756	rs2327302
chr20	10736109	rs6040113
chr20	10737903	rs6134015
chr20	10739131	rs6040116
chr20	10740525	rs6074178
chr20	10740788	rs6040118
chr20	10743989	rs2181219
chr20	10746365	rs8121890
chr20	10747651	rs6077899
chr20	10748633	rs6074180
chr20	10748865	rs6032934
chr20	10749988	rs6032937
chr20	10750111	rs1022790
chr20	10753335	rs6040139
chr20	10754025	rs8125313
chr20	10754267	rs8125465
chr20	10757300	rs6077908
chr20	10761642	rs6074184
chr20	10762376	rs6108695
chr20	10768251	rs6134030
chr20	10768426	rs2761272
chr20	10771962	rs6134031
chr20	10772589	rs6040146
chr20	10774772	rs6032945
chr20	10778597	rs17538569
chr20	10778727	rs6032948
chr20	10778811	rs6032949
chr20	10785338	rs6134038
chr20	10785514	rs6108701
chr20	10787232	rs1040923
chr20	10788426	rs6032951
chr20	10789229	rs4813944
chr20	10792650	rs6104663
chr20	10797414	rs6040158
chr20	10800788	rs2423519
chr20	10804417	rs2247448
chr20	10806264	rs8124394
chr20	10810317	rs6131124
chr20	10812154	rs6040171
chr20	10812527	rs6040175
chr20	10812913	rs6077928
chr20	10813006	rs1535111
chr20	10816387	rs1535116
chr20	10816422	rs2207363
chr20	10816827	rs2423523
chr20	10822641	rs6032961
chr20	10830091	rs1474817
chr20	10836361	rs6032966
chr20	10836898	rs11698235
chr20	10838562	rs6077929
chr20	10839541	rs6134048
chr20	10842858	rs6134049
chr20	10847619	rs2144186
chr20	10847652	rs1569832
chr20	10847851	rs6077931
chr20	10849331	rs6040194
chr20	10851104	rs6077934
chr20	10851164	rs6040195
chr20	10853430	rs6108719
chr20	10854442	rs6032971
chr20	10854598	rs6134052
chr20	10861797	rs12624791
chr20	10863192	rs2024683
chr20	10865081	rs1997931
chr20	10866500	rs6134059
chr20	10866535	rs6134060
chr20	10867021	rs2273203
chr20	10867433	rs2064508
chr20	10867629	rs11905130
chr20	10869698	rs1884137
chr20	10869816	rs1884136
chr20	10872351	rs6077938
chr20	10872862	rs6040211
chr20	10873083	rs6108727
chr20	10879475	rs4813947
chr20	10883678	rs6040218
chr20	10886348	rs6040221
chr20	10898688	rs4346455
chr20	10900587	rs7261320
chr20	10901904	rs974266
chr20	10902483	rs6040229
chr20	10902779	rs1114344
chr20	10904797	rs764213
chr20	10905968	rs6108735
chr20	10906666	rs4813040
chr20	10906834	rs6514137
chr20	10909283	rs6040233
chr20	10910524	rs16992031
chr20	10911150	rs2144184
chr20	10911580	rs6074200
chr20	10913916	rs12151925
chr20	10917230	rs763383
chr20	10917246	rs763384
chr20	10917818	rs1232587
chr20	10920645	rs1327230
chr20	10921913	rs6134080
chr20	10922123	rs6108746
chr20	10923051	rs4142362
chr20	10923107	rs1232584
chr20	10923902	rs1409860
chr20	10926005	rs1232582
chr20	10926389	rs964266
chr20	10927055	rs6077961
chr20	10935569	rs6108748
chr20	10935595	rs1232574
chr20	10938306	rs6108752
chr20	10938558	rs1926935
chr20	10939065	rs2038991
chr20	10941235	rs17189165
chr20	10941498	rs1887319
chr20	10948413	rs6108756
chr20	10950060	rs6077977
chr20	10951370	rs6077978
chr20	10951648	rs1108849
chr20	10951771	rs748989
chr20	10953559	rs6104678
chr20	10953867	rs11699582
chr20	10954766	rs767087
chr20	10955381	rs1555959
chr20	10955925	rs6108762
chr20	10956727	rs4256020
chr20	10957861	rs6074213
chr20	10959471	rs1000953
chr20	10965452	rs1327231
chr20	10966554	rs6074214
chr20	10968165	rs16990000
chr20	10969591	rs6040258
chr20	10971101	rs6040259
chr20	10971595	rs1359779
chr20	10974437	rs4813949
chr20	10974496	rs4813950
chr20	10974972	rs6040264
chr20	10975453	rs6040268
chr20	10976363	rs6033000
chr20	10976489	rs11906936
chr20	10978262	rs1327232
chr20	10983027	rs6074217
chr20	10985350	rs1887320
chr20	10988085	rs2094347
chr20	10988382	rs1327235
chr20	10991434	rs7267407
chr20	10992191	rs6077996
chr20	10993024	rs9974014
chr20	10994278	rs6077997
chr20	10994314	rs6108790
chr20	10994637	rs6077999
chr20	10995023	rs3949863
chr20	10995193	rs6108793
chr20	10995970	rs6104686
chr20	10997107	rs6131139
chr20	10998873	rs1041200
chr20	10999539	rs6040280
chr20	11001336	rs12479526
chr20	11001446	rs4547586
chr20	11003808	rs6040284
chr20	11005322	rs2026605
chr20	11007451	rs6104690
chr20	11008207	rs17189227
chr20	11008871	rs6108801
chr20	11009298	rs6040291
chr20	11011142	rs6134104
chr20	11014319	rs6108803
chr20	11015656	rs8118592
chr20	11016796	rs2038989
chr20	11017061	rs11087016
chr20	11017368	rs6078016
chr20	11022957	rs6040305
chr20	11024590	rs1926936
chr20	11025772	rs733522
chr20	11025983	rs733524
chr20	11027734	rs4813955
chr20	11032251	rs1028846
chr20	11032804	rs11905962
chr20	11034056	rs6104695
chr20	11034718	rs6040314
chr20	11034811	rs6033014
chr20	11035225	rs12053587
chr20	11037148	rs742920
chr20	11037978	rs209948
chr20	11039457	rs8120300
chr20	11040450	rs209946
chr20	11040995	rs7270518
chr20	11041269	rs6078023
chr20	11041436	rs12053603
chr20	11041763	rs209945
chr20	11041844	rs209944
chr20	11042225	rs6131145
chr20	11045445	rs1327242
chr20	11045749	rs209939
chr20	11046565	rs209938
chr20	11046962	rs6104698
chr20	11048057	rs6074234
chr20	11050021	rs10084494
chr20	11050723	rs6131146
chr20	11051533	rs209951
chr20	11052071	rs6040322
chr20	11052139	rs209950
chr20	11052746	rs6078026
chr20	11055085	rs761569
chr20	11056506	rs6078029
chr20	11056613	rs209949
chr20	11059197	rs451992
chr20	11062488	rs209937
chr20	11063956	rs209935
chr20	11065971	rs6104699
chr20	11067078	rs6033019
chr20	11068957	rs6134123
chr20	11072242	rs6108816
chr20	11073953	rs6040333
chr20	11074090	rs2423539
chr20	11074244	rs6040334
chr20	11074309	rs6078043
chr20	11075820	rs6074239
chr20	11075969	rs6040339
chr20	11077126	rs6040341
chr20	11077424	rs6078047
chr20	11077663	rs6131151
chr20	11079089	rs6074240
chr20	11079225	rs6033026
chr20	11079981	rs4813046
chr20	11080497	rs6040344
chr20	11082829	rs6040345
chr20	11083589	rs6078052
chr20	11091433	rs769002
chr20	11091624	rs6074247
chr20	11092137	rs7354558
chr20	11092741	rs11698505
chr20	11095523	rs6033028
chr20	11097606	rs6078060
chr20	11097758	rs2207315
chr20	11098557	rs6078061
chr20	11104984	rs4813959
chr20	11105982	rs6108824
chr20	11106182	rs4142364
chr20	11106906	rs2423541
chr20	11110810	rs6040357
chr20	11111322	rs41442046
chr20	11111396	rs6033031
chr20	11111594	rs12624835
chr20	11111644	rs12625661
chr20	11113218	rs6108827
chr20	11113861	rs2423542
chr20	11119285	rs993796
chr20	11120029	rs2144148
chr20	11126738	rs6040369
chr20	11129005	rs8125616
chr20	11129692	rs12481225
chr20	11134155	rs12480311
chr20	11135084	rs6108834
chr20	11135544	rs6040373
chr20	11137808	rs12625979
chr20	11142457	rs6108837
chr20	11144516	rs8183005
chr20	11145844	rs12624897
chr20	11146321	rs2223992
chr20	11154259	rs3920525
chr20	11155266	rs6108845
chr20	11157581	rs6108847
chr20	11158632	rs17261519
chr20	11159860	rs2207416
chr20	11161447	rs1033580
chr20	11163184	rs1028480
chr20	11163690	rs1028479
chr20	11164843	rs16992240
chr20	11166884	rs2327339
chr20	11168270	rs2327340
chr20	11169789	rs6033042
chr20	11170589	rs6078084
chr20	11174554	rs6040396
chr20	11175902	rs6040398
chr20	11176127	rs17225014
chr20	11177430	rs2064525
chr20	11178883	rs6078088
chr20	11182113	rs6074259
chr20	11182401	rs6040409
chr20	11185166	rs6040416
chr20	11185524	rs6134154
chr20	11186685	rs4813962
chr20	11188021	rs6078093
chr20	11188955	rs4813048
chr20	11189379	rs16992273
chr20	11194255	rs2207418
chr20	11195474	rs12106258
chr20	11196638	rs17225035
chr20	11196802	rs12624466
chr20	11196881	rs2207412
chr20	11196967	rs12624470
chr20	11197103	rs12106013
chr20	11198400	rs6033054
chr20	11198682	rs12625917
chr20	11199110	rs2143861
chr20	11200220	rs16992291
chr20	11200275	rs6033055
chr20	11205100	rs17189395
chr20	11205722	rs6104722
chr20	11206968	rs11905884
chr20	11209439	rs2207101
chr20	11209609	rs975481
chr20	11212902	rs8183455
chr20	11213577	rs2327345
chr20	11218311	rs7268805
chr20	11218981	rs6033061
chr20	11219325	rs6040435
chr20	11223610	rs6040441
chr20	11226559	rs6104726
chr20	11227074	rs6040442
chr20	11227213	rs6134162
chr20	11228174	rs6040446
chr20	11228471	rs6074263
chr20	11228874	rs6040449
chr20	11233271	rs983343
chr20	11238116	rs6108872
chr20	11238240	rs714691
chr20	11241922	rs6040458
chr20	11242918	rs6033066
chr20	11243328	rs6078106
chr20	11243769	rs6040461
chr20	11244130	rs6040463
chr20	11244882	rs6040466
chr20	11245496	rs4813969
chr20	11247049	rs726867
chr20	11247373	rs4435520
chr20	11247648	rs6040469
chr20	11247664	rs6033069
chr20	11249479	rs6040471
chr20	11250626	rs6131180
chr20	11250705	rs2207105
chr20	11251643	rs2327367
chr20	11251708	rs2876220
chr20	11252041	rs6040477
chr20	11256156	rs2876221
chr20	11258143	rs6040484
chr20	11258388	rs6040485
chr20	11258470	rs6040486
chr20	11258595	rs6108881
chr20	11258613	rs6108882
chr20	11261785	rs4813974
chr20	11261868	rs4239705
chr20	11262404	rs7270445
chr20	11262656	rs12481015
chr20	11266904	rs6033076
chr20	11269700	rs6033078
chr20	11270421	rs12625317
chr20	11270517	rs13433103
chr20	11272906	rs6033079
chr20	11274395	rs2327369
chr20	11274742	rs2327370
chr20	11275004	rs6040499
chr20	11276315	rs6033082
chr20	11276443	rs6033083
chr20	11276641	rs6033084
chr20	11276735	rs1883949
chr20	11277984	rs4813982
chr20	11278971	rs6078116
chr20	11280075	rs6040505
chr20	11281511	rs16992356
chr20	11285877	rs6040510
chr20	11289463	rs16992361
chr20	11290244	rs6134174
chr20	11290966	rs1997877
chr20	11292213	rs6040514
chr20	11292676	rs16992364
chr20	11293594	rs6040515
chr20	11294595	rs967972
chr20	11295586	rs11908191
chr20	11297107	rs6078121
chr20	11301388	rs6033095
chr20	11304597	rs722568
chr20	11304812	rs714655
chr20	11305284	rs6108906
chr20	11305669	rs6108909
chr20	11308837	rs6033098
chr20	11311558	rs6033100
chr20	11316705	rs6033101
chr20	11321218	rs6033108
chr20	11322555	rs1119133
chr20	11323028	rs4485619
chr20	11323160	rs2327377
chr20	11323403	rs2024623
chr20	11323563	rs6078132
chr20	11324543	rs10485747
chr20	11329861	rs6134198
chr20	11332966	rs6040544
chr20	11336835	rs8122608
chr20	11336911	rs2327378
chr20	11337607	rs6074281
chr20	11342935	rs13038948
chr20	11343516	rs6074282
chr20	11346543	rs2207111
chr20	11352452	rs8119401
chr20	11353929	rs6108927
chr20	11354410	rs6078140
chr20	11355827	rs715372
chr20	11355914	rs715371
chr20	11357465	rs6040575
chr20	11364248	rs6131197
chr20	11366655	rs4813990
chr20	11366807	rs2327403
chr20	11370685	rs6131200
chr20	11371616	rs1569775
chr20	11378802	rs6134228
chr20	11380174	rs2092643
chr20	11385281	rs6078159
chr20	11387114	rs996385
chr20	11387132	rs996384
chr20	11387903	rs8119692
chr20	11389066	rs910260
chr20	11390192	rs2207121
chr20	11390814	rs764354
chr20	11391184	rs11087024
chr20	11391235	rs766228
chr20	11392267	rs6040609
chr20	11392445	rs6040610
chr20	11392911	rs720794
chr20	11394157	rs4610128
chr20	11394215	rs2327411
chr20	11394318	rs6078164
chr20	11396325	rs6078166
chr20	11399057	rs6040619
chr20	11399194	rs1154723
chr20	11401180	rs2179832
chr20	11401287	rs2179831
chr20	11401318	rs8124241
chr20	11402679	rs6078167
chr20	11404455	rs6040632
chr20	11409798	rs6040638
chr20	11410118	rs1009748
chr20	11413234	rs6108958
chr20	11413419	rs4315598
chr20	11413457	rs4444612
chr20	11415320	rs6040644
chr20	11418597	rs2327412
chr20	11426313	rs17189710
chr20	11426326	rs6131206
chr20	11430378	rs12625750
chr20	11431376	rs6040669
chr20	11434439	rs7352410
chr20	11437896	rs6078181
chr20	11439474	rs2207113
chr20	11441012	rs6104753
chr20	11446026	rs6040686
chr20	11446082	rs10485749
chr20	11447465	rs6078190
chr20	11449715	rs6040692
chr20	11453170	rs6078194
chr20	11456471	rs6033146
chr20	11458604	rs2180099
chr20	11461771	rs730183
chr20	11462339	rs742986
chr20	11462384	rs742985
chr20	11463488	rs6108990
chr20	11469920	rs6040712
chr20	11474095	rs6033158
chr20	11482001	rs4813058
chr20	11482193	rs4814013
chr20	11483579	rs761682
chr20	11484548	rs742987
chr20	11485585	rs4814015
chr20	11486136	rs969293
chr20	11487048	rs6040732
chr20	11487693	rs960347
chr20	11488444	rs2423544
chr20	11492331	rs2423546
chr20	11492528	rs6131220
chr20	11493242	rs6134267
chr20	11496184	rs978691
chr20	11496236	rs978690
chr20	11496496	rs6134268
chr20	11498743	rs6131222
chr20	11500556	rs2207908
chr20	11500629	rs2224183
chr20	11508671	rs2423554
chr20	11511764	rs6131226
chr20	11519460	rs6104763
chr20	11520494	rs2224184
chr20	11525169	rs17189787
chr20	11528332	rs4814019
chr20	11529811	rs11087025
chr20	11529911	rs6131233
chr20	11534330	rs6134280
chr20	11534885	rs6033173
chr20	11534901	rs767482
chr20	11535770	rs6134281
chr20	11536076	rs6134282
chr20	11540255	rs2423564
chr20	11543166	rs2423566
chr20	11545822	rs2423569
chr20	11549877	rs6104767
chr20	11550690	rs1543428
chr20	11552184	rs6134291
chr20	11552689	rs6040760
chr20	11553205	rs6109031
chr20	11554855	rs2423577
chr20	11561641	rs6134296
chr20	11561984	rs6109040
chr20	11566285	rs4813059
chr20	11569897	rs2327423
chr20	11571380	rs6078242
chr20	11571739	rs17800346
chr20	11573278	rs2144642
chr20	11574836	rs6134298
chr20	11575063	rs6078244
chr20	11575702	rs6104773
chr20	11576115	rs17225295
chr20	11580488	rs6109053
chr20	11580823	rs6134301
chr20	11581153	rs6131239
chr20	11584808	rs13043573
chr20	11585864	rs4814027
chr20	11588600	rs9941750
chr20	11589977	rs6078251
chr20	11590507	rs2876234
chr20	11591261	rs6078252
chr20	11592157	rs6078255
chr20	11592576	rs2144637
chr20	11594069	rs6033187
chr20	11599688	rs6040781
chr20	11601307	rs6104777
chr20	11603917	rs11907347
chr20	11604628	rs6033188
chr20	11604903	rs2175785
chr20	11605589	rs6040785
chr20	11608169	rs6109068
chr20	11608450	rs6104778
chr20	11609512	rs714235
chr20	11609819	rs1543427
chr20	11617290	rs6109071
chr20	11617323	rs6040792
chr20	11618298	rs6033190
chr20	11619323	rs6078265
chr20	11621710	rs6040798
chr20	11622219	rs16992624
chr20	11625977	rs1474897
chr20	11627323	rs880561
chr20	11629806	rs6109085
chr20	11632552	rs17800370
chr20	11639669	rs6040807
chr20	11640759	rs6040808
chr20	11642125	rs6040809
chr20	11642520	rs6078273
chr20	11643032	rs1398842
chr20	11643336	rs6040810
chr20	11645552	rs6040812
chr20	11655393	rs6078280
chr20	11655981	rs6040822
chr20	11661308	rs1007748
chr20	11661446	rs1316918
chr20	11665222	rs6040828
chr20	11668012	rs17189871
chr20	11670215	rs6040831
chr20	11670235	rs6078285
chr20	11672918	rs2102630
chr20	11673688	rs6134318
chr20	11674758	rs6131250
chr20	11680796	rs6040836
chr20	11689618	rs6040838
chr20	11697154	rs6078288
chr20	11701802	rs982920
chr20	11709628	rs6134330
chr20	11711325	rs2026760
chr20	11713578	rs2423582
chr20	11716864	rs6040855
chr20	11718995	rs6033206
chr20	11723553	rs6134336
chr20	11725662	rs2423587
chr20	11727240	rs970657
chr20	11727311	rs1556165
chr20	11736177	rs1355814
chr20	11738302	rs1513598
chr20	11741511	rs6078306
chr20	11743353	rs6033214
chr20	11744280	rs2026761
chr20	11747777	rs2876233
chr20	11749440	rs1513587
chr20	11749510	rs4629225
chr20	11749840	rs17800406
chr20	11750038	rs6131256
chr20	11757071	rs6131258
chr20	11762151	rs2423610
chr20	11767738	rs2244895
chr20	11771791	rs2670436
chr20	11776944	rs6040881
chr20	11778351	rs3848732
chr20	11782318	rs6074345
chr20	11782413	rs6078334
chr20	11782433	rs17225393
chr20	11782654	rs6078336
chr20	11782709	rs2809591
chr20	11783190	rs6104793
chr20	11783392	rs6033222
chr20	11783783	rs2249353
chr20	11783845	rs6040885
chr20	11784561	rs6109143
chr20	11787317	rs6109144
chr20	11787432	rs6040889
chr20	11788339	rs6078340
chr20	11792555	rs6033226
chr20	11792591	rs6033227
chr20	11796077	rs6040901
chr20	11801524	rs13045612
chr20	11801841	rs6074352
chr20	11802531	rs6078351
chr20	11803580	rs6134363
chr20	11805458	rs6074355
chr20	11805784	rs6074356
chr20	11807456	rs13039653
chr20	11807696	rs2795018
chr20	11810360	rs803665
chr20	11810446	rs803664
chr20	11812314	rs6134366
chr20	11813366	rs803659
chr20	11816027	rs991936
chr20	11819232	rs6078353
chr20	11821020	rs2876304
chr20	11826203	rs3887413
chr20	11828794	rs2423618
chr20	11830819	rs2423619
chr20	11831255	rs4083993
chr20	11840319	rs803868
chr20	11840376	rs8123788
chr20	11842785	rs16992747
chr20	11843786	rs7263991
chr20	11844081	rs803873
chr20	11845030	rs3905133
chr20	11846776	rs2423626
chr20	11848859	rs17225450
chr20	11850315	rs2327625
chr20	11851867	rs2795025
chr20	11852470	rs6033236
chr20	11860074	rs6078362
chr20	11865282	rs6033239
chr20	11867566	rs2144351
chr20	11872507	rs803880
chr20	11873882	rs2180121
chr20	11875097	rs2795027
chr20	11875392	rs6040948
chr20	11876131	rs2795029
chr20	11879643	rs6078372
chr20	11880667	rs6040955
chr20	11882852	rs6078373
chr20	11885083	rs6033250
chr20	11892669	rs2795022
chr20	11898436	rs7260870
chr20	11898600	rs1232487
chr20	11899873	rs34392835
chr20	11900056	rs6040976
chr20	11905854	rs1232483
chr20	11907318	rs3762217
chr20	11907832	rs1232480
chr20	11910960	rs4813063
chr20	11915558	rs6074366
chr20	11916767	rs6109184
chr20	11920625	rs4813064
chr20	11921950	rs2294967
chr20	11924994	rs3177118
chr20	11925532	rs1043926
chr20	11925905	rs6134404
chr20	11926410	rs6660
chr20	11928203	rs6074369
chr20	11929662	rs1883791
chr20	11930152	rs11700249
chr20	11932242	rs4814042
chr20	11932957	rs17190066
chr20	11939170	rs4814045
chr20	11940876	rs6109194
chr20	11941589	rs4814046
chr20	11943972	rs6109198
chr20	11945320	rs6078401
chr20	11948474	rs6078404
chr20	11950577	rs6040992
chr20	11951084	rs6109202
chr20	11951607	rs6040993
chr20	11956980	rs6040994
chr20	11957662	rs6109206
chr20	11957847	rs6040995
chr20	11958384	rs6040997
chr20	11958868	rs4814048
chr20	11962206	rs1997813
chr20	11964377	rs1997812
chr20	11964773	rs4401268
chr20	11966213	rs6078410
chr20	11968466	rs720489
chr20	11970045	rs6041004
chr20	11973990	rs6104816
chr20	11975011	rs2223712
chr20	11975164	rs2206809
chr20	11978204	rs2206806
chr20	11979268	rs2327600
chr20	11981317	rs2327595
chr20	11984707	rs6134426
chr20	11985220	rs6041014
chr20	11985598	rs6041015
chr20	11986506	rs6109218
chr20	11986695	rs6041016
chr20	11991027	rs6109219
chr20	11992539	rs6134428
chr20	11992643	rs6131288
chr20	11992872	rs6041020
chr20	11994383	rs12626037
chr20	11995195	rs12626103
chr20	11996747	rs17190199
chr20	11997215	rs1997809
chr20	11997617	rs6041027
chr20	11998547	rs10485751
chr20	12000348	rs2206804
chr20	12001043	rs2073120
chr20	12001984	rs6041029
chr20	12002156	rs6078428
chr20	12003012	rs6109223
chr20	12006717	rs6074374
chr20	12008201	rs6041030
chr20	12010530	rs6078433
chr20	12011240	rs6134432
chr20	12012976	rs17800538
chr20	12014705	rs2057051
chr20	12015619	rs6131295
chr20	12016675	rs4814057
chr20	12023465	rs1555145
chr20	12024005	rs6041036
chr20	12026385	rs7270603
chr20	12026575	rs7270764
chr20	12028748	rs6041037
chr20	12030641	rs13037930
chr20	12030723	rs6109233
chr20	12030757	rs2206801
chr20	12030940	rs2327592
chr20	12031006	rs17262413
chr20	12037214	rs4142486
chr20	12037821	rs7268184
chr20	12038640	rs6078440
chr20	12040351	rs6134444
chr20	12044061	rs1997810
chr20	12057961	rs6033282
chr20	12058146	rs6033284
chr20	12058894	rs16992852
chr20	12059197	rs7268377
chr20	12061030	rs7261428
chr20	12062554	rs8123772
chr20	12062677	rs8123968
chr20	12063100	rs6109251
chr20	12063175	rs6109252
chr20	12064279	rs6041062
chr20	12067738	rs6041065
chr20	12067888	rs13036956
chr20	12068549	rs6041067
chr20	12068724	rs6041070
chr20	12070942	rs1124057
chr20	12071885	rs6033294
chr20	12072847	rs6033296
chr20	12072879	rs6033297
chr20	12077011	rs874659
chr20	12077933	rs2143526
chr20	12083284	rs6514239
chr20	12084345	rs1015142
chr20	12085450	rs2011447
chr20	12087349	rs6041082
chr20	12088110	rs1569683
chr20	12088211	rs6514240
chr20	12088257	rs6514241
chr20	12088429	rs6041083
chr20	12089084	rs6041084
chr20	12089385	rs13040936
chr20	12093052	rs6041086
chr20	12096451	rs6041089
chr20	12098228	rs17800568
chr20	12098413	rs6033305
chr20	12102572	rs13044597
chr20	12107920	rs6041093
chr20	12112222	rs17800574
chr20	12113143	rs6041099
chr20	12115462	rs13039455
chr20	12116249	rs6078460
chr20	12122638	rs13038073
chr20	12132272	rs6041125
chr20	12135657	rs2327574
chr20	12144309	rs6041135
chr20	12145345	rs6033323
chr20	12149954	rs13042738
chr20	12151675	rs13042372
chr20	12153287	rs13039035
chr20	12156496	rs1022561
chr20	12156751	rs1022560
chr20	12158896	rs8125322
chr20	12159408	rs6033327
chr20	12160995	rs13044991
chr20	12169932	rs13044874
chr20	12172748	rs13042484
chr20	12176198	rs6134468
chr20	12176512	rs6131311
chr20	12178086	rs983701
chr20	12179867	rs735349
chr20	12184340	rs6041155
chr20	12184660	rs6041156
chr20	12193177	rs2103899
chr20	12194665	rs6041168
chr20	12194830	rs12480167
chr20	12194999	rs7272905
chr20	12198112	rs6041172
chr20	12198323	rs6041173
chr20	12202561	rs729552
chr20	12203642	rs2327572
chr20	12209373	rs6033344
chr20	12210526	rs17800586
chr20	12210595	rs2180290
chr20	12210846	rs2064686
chr20	12211071	rs41383844
chr20	12213650	rs6033346
chr20	12213776	rs726739
chr20	12217583	rs765072
chr20	12221352	rs1474899
chr20	12221503	rs6041194
chr20	12225033	rs6041202
chr20	12225264	rs6074393
chr20	12225293	rs6041203
chr20	12232173	rs6041215
chr20	12234105	rs6078486
chr20	12234194	rs6104857
chr20	12234721	rs1010481
chr20	12239839	rs2224186
chr20	12239958	rs17225634
chr20	12242155	rs2207916
chr20	12243220	rs4814070
chr20	12243264	rs6078490
chr20	12243468	rs4814072
chr20	12244248	rs6074396
chr20	12246106	rs6134481
chr20	12246658	rs12481516
chr20	12246715	rs12481517
chr20	12247145	rs4814074
chr20	12248139	rs12479608
chr20	12248454	rs12479900
chr20	12249175	rs6078492
chr20	12249376	rs2876278
chr20	12250003	rs4814077
chr20	12253326	rs6134488
chr20	12254154	rs6134489
chr20	12256928	rs2224188
chr20	12257079	rs6131316
chr20	12259213	rs6078495
chr20	12261685	rs2224189
chr20	12264946	rs6033360
chr20	12266520	rs6109329
chr20	12266925	rs6041230
chr20	12267099	rs6041231
chr20	12267697	rs6134494
chr20	12268180	rs4814079
chr20	12268310	rs4814080
chr20	12268552	rs4813080
chr20	12269207	rs7261650
chr20	12269701	rs1080736
chr20	12269750	rs4496385
chr20	12270453	rs6109330
chr20	12274939	rs1998032
chr20	12283468	rs2423646
chr20	12284211	rs926998
chr20	12285769	rs6078501
chr20	12286115	rs6109339
chr20	12287737	rs4299399
chr20	12287894	rs12329408
chr20	12288761	rs6078503
chr20	12289180	rs4813081
chr20	12291958	rs8124535
chr20	12292200	rs8124570
chr20	12292882	rs4268989
chr20	12293089	rs2327557
chr20	12293387	rs961856
chr20	12294826	rs11697280
chr20	12294905	rs11699491
chr20	12295451	rs6109342
chr20	12295501	rs6109343
chr20	12295708	rs6109344
chr20	12298890	rs11697678
chr20	12302010	rs11698353
chr20	12305580	rs1028683
chr20	12311828	rs748835
chr20	12313424	rs9917443
chr20	12314320	rs4814088
chr20	12316735	rs6041262
chr20	12318381	rs6078518
chr20	12321800	rs6074401
chr20	12326841	rs6041265
chr20	12328701	rs2327554
chr20	12331347	rs6033377
chr20	12335805	rs6041271
chr20	12336024	rs17225746
chr20	12339507	rs6078524
chr20	12347841	rs7268465
chr20	12349648	rs997135
chr20	12351800	rs6074409
chr20	12353433	rs2031149
chr20	12356771	rs6078533
chr20	12357972	rs2104252
chr20	12358736	rs4633985
chr20	12365588	rs6074414
chr20	12373505	rs2327549
chr20	12373632	rs3891632
chr20	12374751	rs6033389
chr20	12375283	rs6131328
chr20	12377772	rs4814097
chr20	12379231	rs2208981
chr20	12383615	rs1885830
chr20	12387965	rs1009414
chr20	12388825	rs6134530
chr20	12390171	rs4814099
chr20	12395533	rs6109387
chr20	12397342	rs6109389
chr20	12399883	rs6131332
chr20	12401733	rs6041308
chr20	12402352	rs6041309
chr20	12404147	rs2104251
chr20	12404574	rs972047
chr20	12404916	rs6109391
chr20	12405072	rs11699925
chr20	12407561	rs6041318
chr20	12408664	rs6134540
chr20	12409462	rs6109395
chr20	12409511	rs6104893
chr20	12410778	rs6134542
chr20	12412164	rs12479761
chr20	12414342	rs2208973
chr20	12414689	rs4814112
chr20	12415564	rs11697033
chr20	12415620	rs6078560
chr20	12416397	rs6033406
chr20	12418081	rs6074421
chr20	12420677	rs8121916
chr20	12420886	rs6109397
chr20	12421193	rs6041325
chr20	12428616	rs6074422
chr20	12428757	rs6078568
chr20	12429933	rs6074423
chr20	12433219	rs4476413
chr20	12433319	rs761796
chr20	12436895	rs2024782
chr20	12437702	rs8117503
chr20	12440083	rs6033413
chr20	12440742	rs6074426
chr20	12441893	rs6078580
chr20	12452637	rs6109417
chr20	12455108	rs6074432
chr20	12456127	rs16993185
chr20	12456516	rs7260674
chr20	12457608	rs10485753
chr20	12457656	rs10485754
chr20	12457938	rs6109420
chr20	12459822	rs6078603
chr20	12463139	rs6109425
chr20	12463491	rs6109426
chr20	12464066	rs1884358
chr20	12471104	rs4814118
chr20	12471698	rs6078613
chr20	12474961	rs6134563
chr20	12483434	rs6041383
chr20	12483679	rs6041385
chr20	12484717	rs1156963
chr20	12485046	rs6041387
chr20	12488350	rs6033432
chr20	12488857	rs8182799
chr20	12489504	rs6041389
chr20	12490243	rs6134567
chr20	12498486	rs11905788
chr20	12500621	rs6078631
chr20	12501432	rs6033435
chr20	12501822	rs6104913
chr20	12502954	rs10460629
chr20	12503053	rs4814127
chr20	12503091	rs4814128
chr20	12504271	rs6134575
chr20	12504833	rs6078636
chr20	12504973	rs6074445
chr20	12505589	rs4814130
chr20	12509375	rs13038246
chr20	12509405	rs10485756
chr20	12509621	rs10485757
chr20	12514369	rs6109448
chr20	12514501	rs2224107
chr20	12518344	rs6033438
chr20	12521266	rs6033439
chr20	12523225	rs6041424
chr20	12523272	rs6104922
chr20	12525276	rs6041426
chr20	12525315	rs6041427
chr20	12526999	rs6041429
chr20	12530724	rs6033444
chr20	12531238	rs7264662
chr20	12531677	rs6078661
chr20	12534570	rs10485758
chr20	12534953	rs2009018
chr20	12536832	rs2327524
chr20	12540854	rs6134584
chr20	12548596	rs6078672
chr20	12550533	rs1883720
chr20	12550696	rs16993309
chr20	12552892	rs6074460
chr20	12556561	rs6109466
chr20	12564475	rs6078682
chr20	12565627	rs6074466
chr20	12569158	rs2198288
chr20	12569580	rs6041459
chr20	12573808	rs119008
chr20	12574117	rs6078684
chr20	12575155	rs733049
chr20	12578874	rs6109480
chr20	12592086	rs6109487
chr20	12592149	rs6109488
chr20	12594399	rs1155536
chr20	12594618	rs1155537
chr20	12597768	rs12480718
chr20	12597927	rs12479628
chr20	12598563	rs1969658
chr20	12598696	rs10485759
chr20	12600641	rs1452331
chr20	12606932	rs6041475
chr20	12607936	rs6041477
chr20	12607957	rs6134598
chr20	12608662	rs1452322
chr20	12609290	rs6041478
chr20	12610274	rs6033459
chr20	12613309	rs16993323
chr20	12613738	rs1452324
chr20	12614278	rs2327522
chr20	12614418	rs2327521
chr20	12614724	rs7274881
chr20	12619318	rs6041493
chr20	12619739	rs8125666
chr20	12621823	rs1901561
chr20	12623536	rs16993339
chr20	12624475	rs1377042
chr20	12627423	rs6078701
chr20	12630141	rs6131366
chr20	12631338	rs6104937
chr20	12631385	rs1535026
chr20	12633437	rs12480885
chr20	12633452	rs6131367
chr20	12638379	rs6104939
chr20	12640335	rs7264868
chr20	12641966	rs6041504
chr20	12642514	rs1377033
chr20	12644032	rs13039010
chr20	12644658	rs6033471
chr20	12648918	rs12479500
chr20	12649906	rs6134608
chr20	12650157	rs6033473
chr20	12651084	rs6131371
chr20	12651396	rs12625561
chr20	12652088	rs761242
chr20	12652207	rs761241
chr20	12653490	rs1321158
chr20	12653505	rs6041515
chr20	12654043	rs6104941
chr20	12654544	rs2206695
chr20	12654655	rs2423674
chr20	12657049	rs6041518
chr20	12657955	rs169086
chr20	12658413	rs197196
chr20	12659255	rs1377037
chr20	12659754	rs6041522
chr20	12660127	rs1452319
chr20	12661505	rs6109515
chr20	12668419	rs10485760
chr20	12669665	rs1555669
chr20	12669678	rs1452320
chr20	12669712	rs1452321
chr20	12670775	rs4814139
chr20	12670987	rs4814140
chr20	12671788	rs6041532
chr20	12672973	rs6041535
chr20	12674181	rs4814141
chr20	12674277	rs4814142
chr20	12674350	rs4814143
chr20	12674428	rs4814144
chr20	12675090	rs6134623
chr20	12675163	rs6134624
chr20	12675184	rs6134625
chr20	12675202	rs6131374
chr20	12675408	rs6131375
chr20	12675520	rs6134626
chr20	12676308	rs6134627
chr20	12676486	rs6134628
chr20	12676782	rs12625651
chr20	12677640	rs4814146
chr20	12678382	rs2209339
chr20	12678536	rs6041538
chr20	12679104	rs1020572
chr20	12679772	rs6041541
chr20	12680014	rs17226035
chr20	12681297	rs6041542
chr20	12682443	rs6134632
chr20	12682495	rs6041543
chr20	12684865	rs6041548
chr20	12685609	rs6078720
chr20	12687031	rs2167638
chr20	12687910	rs6074480
chr20	12688747	rs6041550
chr20	12689584	rs1333384
chr20	12696171	rs912546
chr20	12698980	rs6134639
chr20	12699352	rs17226070
chr20	12699369	rs6134640
chr20	12703073	rs1577021
chr20	12703138	rs6041562
chr20	12706258	rs6041567
chr20	12707316	rs4814149
chr20	12707615	rs2093891
chr20	12707737	rs2093892
chr20	12711164	rs2210564
chr20	12711493	rs6041573
chr20	12712492	rs1333400
chr20	12718134	rs6033502
chr20	12719510	rs2876248
chr20	12721868	rs2151447
chr20	12722710	rs944861
chr20	12724019	rs4814152
chr20	12724157	rs4814154
chr20	12724201	rs1333391
chr20	12725201	rs6134649
chr20	12725630	rs1930802
chr20	12726554	rs4813090
chr20	12727178	rs869209
chr20	12727351	rs6104958
chr20	12728191	rs4814155
chr20	12728415	rs4814156
chr20	12729517	rs1333383
chr20	12732422	rs6033504
chr20	12733052	rs2210566
chr20	12741600	rs6104961
chr20	12742526	rs6109532
chr20	12743208	rs6041589
chr20	12743679	rs6109533
chr20	12744839	rs6041592
chr20	12746562	rs6109534
chr20	12748753	rs6104965
chr20	12748832	rs17262774
chr20	12749213	rs6109535
chr20	12750225	rs6041595
chr20	12752944	rs6104966
chr20	12753652	rs13042602
chr20	12760475	rs1333389
chr20	12761990	rs6041605
chr20	12762370	rs845583
chr20	12763161	rs845586
chr20	12763551	rs845587
chr20	12764262	rs664676
chr20	12764624	rs860968
chr20	12765133	rs864625
chr20	12765180	rs864019
chr20	12765686	rs1013211
chr20	12770909	rs11087039
chr20	12771246	rs845582
chr20	12774868	rs6514322
chr20	12776013	rs2073231
chr20	12782369	rs845567
chr20	12783049	rs845569
chr20	12783427	rs845570
chr20	12786199	rs708958
chr20	12788589	rs845575
chr20	12789286	rs9305124
chr20	12790163	rs620789
chr20	12790240	rs474250
chr20	12790691	rs708957
chr20	12793892	rs6078764
chr20	12809374	rs845607
chr20	12810076	rs1099620
chr20	12810239	rs1582033
chr20	12814752	rs1237439
chr20	12815976	rs6041636
chr20	12817406	rs845590
chr20	12822046	rs6131392
chr20	12823040	rs845597
chr20	12823511	rs1413019
chr20	12823846	rs11908263
chr20	12826296	rs6109569
chr20	12827179	rs6041647
chr20	12828534	rs6074503
chr20	12829719	rs4814168
chr20	12831917	rs6078781
chr20	12832118	rs6074504
chr20	12832193	rs6078782
chr20	12833028	rs583455
chr20	12838519	rs990433
chr20	12839169	rs1014863
chr20	12839361	rs1014864
chr20	12841671	rs845610
chr20	12842127	rs845611
chr20	12845904	rs708954
chr20	12846351	rs1321936
chr20	12848524	rs708953
chr20	12850131	rs6134687
chr20	12851858	rs708950
chr20	12851922	rs708949
chr20	12852249	rs708948
chr20	12858894	rs7269295
chr20	12860734	rs6109587
chr20	12864904	rs17262809
chr20	12865059	rs6033531
chr20	12866691	rs6074509
chr20	12866966	rs1407251
chr20	12868272	rs6131403
chr20	12870002	rs6109591
chr20	12872510	rs1407252
chr20	12874683	rs13039920
chr20	12875550	rs6041688
chr20	12876269	rs10485763
chr20	12877085	rs6041692
chr20	12879486	rs6109593
chr20	12880455	rs6109595
chr20	12887191	rs1321946
chr20	12891717	rs1884197
chr20	12893937	rs2073233
chr20	12895329	rs2423712
chr20	12896134	rs6078811
chr20	12897778	rs1156282
chr20	12901963	rs957291
chr20	12907457	rs439580
chr20	12908666	rs570376
chr20	12909558	rs6134717
chr20	12913062	rs398869
chr20	12913653	rs243872
chr20	12913953	rs149164
chr20	12915409	rs6078816
chr20	12916596	rs6074518
chr20	12918030	rs127556
chr20	12918116	rs165557
chr20	12919248	rs165558
chr20	12919699	rs679525
chr20	12920627	rs3908399
chr20	12921247	rs3898706
chr20	12921778	rs187232
chr20	12922448	rs636072
chr20	12924540	rs6074520
chr20	12924820	rs13045508
chr20	12927361	rs3901493
chr20	12927803	rs6134722
chr20	12927932	rs165554
chr20	12929289	rs189663
chr20	12932207	rs191705
chr20	12935274	rs2236002
chr20	12940169	rs6078828
chr20	12941318	rs3910142
chr20	12941961	rs7273791
chr20	12942118	rs6033553
chr20	12942267	rs6041723
chr20	12946818	rs6078834
chr20	12947246	rs6078836
chr20	12948340	rs4572660
chr20	12949297	rs6074528
chr20	12949553	rs6078838
chr20	12949591	rs13036973
chr20	12949614	rs6134729
chr20	12955717	rs6078841
chr20	12957421	rs6109626
chr20	12961048	rs6041737
chr20	12963891	rs433279
chr20	12965021	rs6131414
chr20	12966478	rs6041739
chr20	12972650	rs6078851
chr20	12974953	rs4508668
chr20	12983015	rs6078856
chr20	12984753	rs3848751
chr20	12985403	rs3848752
chr20	12985441	rs168622
chr20	12985672	rs3910135
chr20	12988752	rs680379
chr20	12989261	rs3903704
chr20	12992969	rs6041755
chr20	12993919	rs6078866
chr20	12995503	rs6078867
chr20	12995816	rs6033565
chr20	12996689	rs17812029
chr20	12996858	rs2327450
chr20	12997755	rs2327449
chr20	12997869	rs6074541
chr20	12998425	rs16993611
chr20	12999042	rs17812036
chr20	13000178	rs3916175
chr20	13000237	rs608994
chr20	13000622	rs404368
chr20	13000913	rs3843766
chr20	13001732	rs181716
chr20	13002024	rs3848761
chr20	13005538	rs6074543
chr20	13005777	rs16993620
chr20	13005945	rs168621
chr20	13006288	rs3887985
chr20	13007141	rs3893392
chr20	13007876	rs360534
chr20	13007963	rs6041762
chr20	13008239	rs360533
chr20	13009015	rs189662
chr20	13009253	rs3761896
chr20	13009564	rs3761893
chr20	13009716	rs360529
chr20	13010888	rs646814
chr20	13010991	rs646334
chr20	13011182	rs4814179
chr20	13014465	rs3848762
chr20	13016724	rs4813104
chr20	13018509	rs6041768
chr20	13019460	rs6131421
chr20	13021067	rs3966739
chr20	13029278	rs11698429
chr20	13029324	rs17226299
chr20	13030613	rs17812085
chr20	13030827	rs6041777
chr20	13031242	rs934336
chr20	13032370	rs17812091
chr20	13034666	rs6041781
chr20	13034750	rs919607
chr20	13035110	rs6109661
chr20	13036137	rs6033582
chr20	13038558	rs6041791
chr20	13038711	rs6041792
chr20	13039665	rs4813106
chr20	13041799	rs1594473
chr20	13042144	rs6033591
chr20	13043067	rs1897293
chr20	13043464	rs4814183
chr20	13043615	rs4814184
chr20	13044912	rs1835661
chr20	13045243	rs7272520
chr20	13046215	rs1431441
chr20	13049142	rs6078899
chr20	13054057	rs6078905
chr20	13054087	rs6033599
chr20	13054163	rs6033600
chr20	13054350	rs6078906
chr20	13054945	rs1431431
chr20	13056152	rs6041821
chr20	13056441	rs8116374
chr20	13059015	rs6514360
chr20	13059314	rs6109675
chr20	13059349	rs6105029
chr20	13059606	rs4814194
chr20	13064789	rs2749391
chr20	13067615	rs243881
chr20	13068884	rs3848767
chr20	13069173	rs6041839
chr20	13071614	rs3859620
chr20	13072023	rs2073302
chr20	13072370	rs243887
chr20	13072387	rs243888
chr20	13072634	rs8126205
chr20	13073280	rs3848768
chr20	13073557	rs6041841
chr20	13073659	rs6041842
chr20	13075422	rs10485764
chr20	13076246	rs6134772
chr20	13077245	rs243891
chr20	13077648	rs6109686
chr20	13079437	rs845729
chr20	13079524	rs8113891
chr20	13079572	rs8119959
chr20	13079683	rs8120012
chr20	13080141	rs3848771
chr20	13080654	rs2327690
chr20	13081921	rs6131432
chr20	13083381	rs6134777
chr20	13083898	rs17812131
chr20	13083966	rs3848774
chr20	13085085	rs4281972
chr20	13086653	rs6131438
chr20	13089841	rs171500
chr20	13090583	rs243873
chr20	13091168	rs6109692
chr20	13092642	rs6041848
chr20	13093121	rs6109693
chr20	13093316	rs1030561
chr20	13093683	rs41392045
chr20	13098100	rs845727
chr20	13098983	rs6074557
chr20	13099188	rs2224226
chr20	13099508	rs12625797
chr20	13100046	rs6041856
chr20	13102471	rs6041860
chr20	13103133	rs6109699
chr20	13103438	rs6109703
chr20	13105056	rs16993768
chr20	13105462	rs6109708
chr20	13107964	rs4375935
chr20	13109252	rs11905265
chr20	13111019	rs734261
chr20	13111835	rs6041870
chr20	13112539	rs1884508
chr20	13114585	rs1014380
chr20	13115293	rs6078920
chr20	13116203	rs6033620
chr20	13116664	rs6074558
chr20	13118644	rs743092
chr20	13119678	rs4428077
chr20	13119982	rs6078922
chr20	13122312	rs6074561
chr20	13123019	rs6105042
chr20	13124789	rs6041881
chr20	13124827	rs11908149
chr20	13125206	rs6078931
chr20	13125820	rs4813116
chr20	13126078	rs2236124
chr20	13129633	rs17812191
chr20	13129985	rs17812197
chr20	13130126	rs4814204
chr20	13132052	rs6033623
chr20	13134501	rs6041890
chr20	13138254	rs6078936
chr20	13140288	rs6041898
chr20	13142270	rs4814205
chr20	13143086	rs17190927
chr20	13143953	rs8121193
chr20	13147928	rs2876343
chr20	13149449	rs6078937
chr20	13150431	rs8117306
chr20	13150461	rs8117223
chr20	13151003	rs6041905
chr20	13153816	rs6033626
chr20	13154121	rs6078938
chr20	13158333	rs6033630
chr20	13159174	rs1321255
chr20	13161162	rs6033633
chr20	13162915	rs7264061
chr20	13163699	rs11087047
chr20	13165667	rs4510290
chr20	13170884	rs6041937
chr20	13173638	rs17812209
chr20	13182009	rs4642012
chr20	13182587	rs7273138
chr20	13182798	rs12625907
chr20	13194310	rs16993822
chr20	13199594	rs8123440
chr20	13199985	rs1923342
chr20	13203604	rs6131447
chr20	13204154	rs1923343
chr20	13204725	rs6131449
chr20	13208258	rs13042841
chr20	13208651	rs6134814
chr20	13208855	rs1407342
chr20	13209718	rs16993845
chr20	13210262	rs6109753
chr20	13211448	rs1923346
chr20	13211663	rs6134818
chr20	13212001	rs6105047
chr20	13212939	rs17226481
chr20	13217155	rs13044949
chr20	13218652	rs13044399
chr20	13224691	rs6033643
chr20	13232425	rs6134825
chr20	13235610	rs6109769
chr20	13239701	rs6105055
chr20	13239954	rs721243
chr20	13242211	rs1407335
chr20	13243396	rs4606997
chr20	13244004	rs6078963
chr20	13244703	rs6134830
chr20	13244765	rs6134831
chr20	13248528	rs12624775
chr20	13248679	rs6105057
chr20	13248962	rs6109776
chr20	13249087	rs6134834
chr20	13250012	rs6109777
chr20	13250695	rs7264181
chr20	13252364	rs6109781
chr20	13253477	rs8116153
chr20	13254510	rs6074574
chr20	13257067	rs243898
chr20	13257936	rs10485765
chr20	13258112	rs243899
chr20	13260133	rs9789817
chr20	13261519	rs243903
chr20	13261681	rs6134838
chr20	13262788	rs243907
chr20	13262963	rs181719
chr20	13264086	rs6078968
chr20	13264168	rs910384
chr20	13266336	rs7263067
chr20	13266853	rs6033654
chr20	13266921	rs6074581
chr20	13267647	rs243896
chr20	13269242	rs11907045
chr20	13269406	rs16993894
chr20	13271197	rs6041977
chr20	13275032	rs6109791
chr20	13275645	rs4814212
chr20	13276139	rs6109792
chr20	13276823	rs6041981
chr20	13276877	rs11697966
chr20	13277959	rs2327770
chr20	13277981	rs6105066
chr20	13278239	rs6041984
chr20	13278937	rs6033655
chr20	13279189	rs729646
chr20	13279451	rs729645
chr20	13280428	rs4814213
chr20	13280726	rs6041985
chr20	13281262	rs6041987
chr20	13281473	rs6041988
chr20	13281840	rs719628
chr20	13283655	rs6041989
chr20	13283907	rs17191004
chr20	13284750	rs6041991
chr20	13285905	rs4814214
chr20	13287012	rs1407340
chr20	13287689	rs6109797
chr20	13287718	rs6109798
chr20	13288601	rs3827705
chr20	13290036	rs4814215
chr20	13290118	rs6078976
chr20	13295734	rs2327771
chr20	13296262	rs1998313
chr20	13298687	rs6134841
chr20	13298764	rs6078980
chr20	13300028	rs3789352
chr20	13301042	rs538816
chr20	13302171	rs480623
chr20	13302233	rs6105070
chr20	13302815	rs4814218
chr20	13302938	rs4814219
chr20	13302975	rs17812299
chr20	13304342	rs543022
chr20	13306858	rs1076052
chr20	13307724	rs653215
chr20	13308146	rs11699846
chr20	13308487	rs17263187
chr20	13309151	rs1223267
chr20	13310091	rs6078983
chr20	13310465	rs6033668
chr20	13310797	rs1223269
chr20	13316265	rs1223271
chr20	13316306	rs1575249
chr20	13316458	rs11906207
chr20	13317086	rs2180461
chr20	13319088	rs13433297
chr20	13320173	rs4814225
chr20	13320714	rs477184
chr20	13320732	rs7263538
chr20	13321594	rs581598
chr20	13326605	rs6134847
chr20	13331336	rs6074591
chr20	13333456	rs2224268
chr20	13334165	rs6042028
chr20	13337162	rs6042029
chr20	13339644	rs6033679
chr20	13339777	rs6134850
chr20	13339810	rs6131464
chr20	13340746	rs1321290
chr20	13341943	rs927393
chr20	13343407	rs6042033
chr20	13348925	rs6514377
chr20	13349267	rs6079006
chr20	13351353	rs1575251
chr20	13356349	rs1321294
chr20	13363032	rs6042051
chr20	13364025	rs1321296
chr20	13364561	rs11700138
chr20	13364682	rs11697977
chr20	13364790	rs1232243
chr20	13367316	rs1151919
chr20	13368865	rs518981
chr20	13369604	rs593846
chr20	13374783	rs6079027
chr20	13383052	rs13037506
chr20	13385977	rs4813127
chr20	13388094	rs6079035
chr20	13388749	rs8121784
chr20	13392783	rs6105083
chr20	13393533	rs1812562
chr20	13397470	rs6079042
chr20	13400343	rs6074605
chr20	13401348	rs6109854
chr20	13401796	rs6074606
chr20	13405902	rs6109862
chr20	13415788	rs6042081
chr20	13416493	rs6042083
chr20	13416512	rs6109870
chr20	13416874	rs6109872
chr20	13417822	rs6033699
chr20	13419099	rs1474954
chr20	13420418	rs6079058
chr20	13422673	rs2145140
chr20	13423250	rs932568
chr20	13427315	rs16993972
chr20	13428856	rs911014
chr20	13429991	rs6105094
chr20	13430623	rs927122
chr20	13440398	rs2103987
chr20	13440513	rs6042106
chr20	13447589	rs6105103
chr20	13453060	rs2070334
chr20	13453431	rs6033712
chr20	13454510	rs6079072
chr20	13458246	rs6131476
chr20	13470072	rs7265782
chr20	13474730	rs6042145
chr20	13476347	rs6042154
chr20	13483102	rs2273477
chr20	13483383	rs2273480
chr20	13486349	rs6105115
chr20	13488954	rs6033731
chr20	13493216	rs6042169
chr20	13494198	rs6042171
chr20	13495084	rs6109913
chr20	13495237	rs1998123
chr20	13495443	rs6033735
chr20	13499071	rs6134890
chr20	13501007	rs6134892
chr20	13510875	rs6042183
chr20	13516201	rs6042192
chr20	13516708	rs3803973
chr20	13517900	rs3789343
chr20	13526410	rs6033745
chr20	13528616	rs3761890
chr20	13529426	rs6033749
chr20	13532620	rs6109927
chr20	13533956	rs6033751
chr20	13535379	rs6134904
chr20	13540281	rs6079095
chr20	13545930	rs6079097
chr20	13546610	rs6042211
chr20	13548540	rs6033756
chr20	13549015	rs6134907
chr20	13552091	rs4813135
chr20	13559317	rs2070306
chr20	13561776	rs4814242
chr20	13567183	rs6134913
chr20	13573134	rs6042218
chr20	13576620	rs6042222
chr20	13578969	rs2057258
chr20	13579661	rs13037694
chr20	13581393	rs12106004
chr20	13581834	rs6134919
chr20	13583324	rs6042224
chr20	13586923	rs2057259
chr20	13589684	rs6134922
chr20	13592768	rs6134928
chr20	13600196	rs6033768
chr20	13600221	rs6042236
chr20	13601829	rs6134930
chr20	13609035	rs6033772
chr20	13609996	rs6134937
chr20	13610949	rs6109972
chr20	13613199	rs2295504
chr20	13615160	rs13045526
chr20	13619704	rs6514424
chr20	13625401	rs2070308
chr20	13626664	rs7273818
chr20	13626688	rs6042261
chr20	13626733	rs6033777
chr20	13626908	rs6042262
chr20	13630331	rs6033779
chr20	13631510	rs6109983
chr20	13637735	rs2423729
chr20	13641359	rs3827701
chr20	13650368	rs6042275
chr20	13650550	rs16994094
chr20	13653528	rs16994097
chr20	13654508	rs6109993
chr20	13661266	rs6105146
chr20	13662361	rs13045616
chr20	13666341	rs8126271
chr20	13670236	rs4441543
chr20	13670920	rs11700045
chr20	13671223	rs4814251
chr20	13672335	rs1040756
chr20	13672417	rs2423740
chr20	13672866	rs13043094
chr20	13676375	rs6042302
chr20	13676813	rs34920916
chr20	13677035	rs6042304
chr20	13681330	rs6033803
chr20	13684511	rs2423744
chr20	13689664	rs13041449
chr20	13690650	rs7260968
chr20	13691684	rs2876358
chr20	13693061	rs6042307
chr20	13695505	rs6079136
chr20	13696758	rs16994111
chr20	13708195	rs6131512
chr20	13710915	rs6042313
chr20	13711105	rs6105151
chr20	13711253	rs2026058
chr20	13713381	rs12625704
chr20	13714817	rs6079145
chr20	13715033	rs6110019
chr20	13718634	rs6079149
chr20	13721935	rs1541059
chr20	13725781	rs4813139
chr20	13727155	rs6074637
chr20	13729328	rs6042324
chr20	13731746	rs6033810
chr20	13733462	rs6110023
chr20	13738117	rs16994130
chr20	13744281	rs6042331
chr20	13747093	rs6042333
chr20	13750155	rs13041971
chr20	13751166	rs6079161
chr20	13751984	rs6079162
chr20	13753084	rs6042348
chr20	13755236	rs4814258
chr20	13755583	rs6105163
chr20	13762651	rs754796
chr20	13766571	rs6079166
chr20	13766794	rs3180370
chr20	13768181	rs3789339
chr20	13768195	rs3789338
chr20	13772824	rs10485767
chr20	13780412	rs6033821
chr20	13781011	rs3789336
chr20	13784861	rs6042360
chr20	13785801	rs6110037
chr20	13787684	rs8124299
chr20	13790027	rs1999112
chr20	13790099	rs6074640
chr20	13799842	rs6033824
chr20	13800478	rs926976
chr20	13801763	rs1015517
chr20	13804574	rs6042365
chr20	13807526	rs6042367
chr20	13807980	rs6079181
chr20	13808236	rs736365
chr20	13812095	rs4813143
chr20	13813305	rs2423749
chr20	13814372	rs2273318
chr20	13816011	rs2064644
chr20	13816254	rs2273320
chr20	13817903	rs10485768
chr20	13818030	rs2423751
chr20	13823455	rs13042637
chr20	13827780	rs2876363
chr20	13829714	rs2876364
chr20	13831583	rs2423757
chr20	13832276	rs6042376
chr20	13833700	rs10485769
chr20	13833892	rs11698731
chr20	13837651	rs6110057
chr20	13838465	rs6134981
chr20	13839095	rs6110058
chr20	13840958	rs2423760
chr20	13847007	rs998182
chr20	13847270	rs6134989
chr20	13849491	rs2073290
chr20	13849736	rs2073291
chr20	13854161	rs6042389
chr20	13856961	rs6042394
chr20	13858247	rs4813147
chr20	13860743	rs6110065
chr20	13861767	rs6042398
chr20	13862647	rs4814268
chr20	13865080	rs2073292
chr20	13865545	rs761812
chr20	13874181	rs243916
chr20	13878048	rs6135001
chr20	13879978	rs6105175
chr20	13886519	rs11905248
chr20	13888099	rs243910
chr20	13888560	rs6135002
chr20	13890293	rs6131533
chr20	13892926	rs6042418
chr20	13893175	rs11697210
chr20	13898653	rs13039593
chr20	13903364	rs6042425
chr20	13904688	rs6042426
chr20	13904735	rs6079209
chr20	13911512	rs17191263
chr20	13914223	rs2327807
chr20	13915418	rs7274524
chr20	13915853	rs7267933
chr20	13917532	rs1018705
chr20	13918478	rs6079217
chr20	13924402	rs2423761
chr20	13926354	rs7271827
chr20	13926518	rs6079224
chr20	13927902	rs1321238
chr20	13928804	rs1884559
chr20	13930287	rs1358766
chr20	13930645	rs2423762
chr20	13935756	rs6042435
chr20	13942673	rs6079229
chr20	13944878	rs6033855
chr20	13949297	rs6042449
chr20	13958143	rs6079235
chr20	13961811	rs6042459
chr20	13961914	rs818754
chr20	13962586	rs6110105
chr20	13963215	rs4052974
chr20	13969624	rs6079240
chr20	13970300	rs6079241
chr20	13974233	rs6105196
chr20	13976924	rs6110114
chr20	13983082	rs6110115
chr20	13990589	rs3848777
chr20	13993114	rs17226852
chr20	13993624	rs8117766
chr20	13995143	rs2295413
chr20	13995196	rs2295414
chr20	13997345	rs6110117
chr20	14003058	rs6074674
chr20	14003456	rs3842812
chr20	14004914	rs6042474
chr20	14006967	rs8119080
chr20	14007022	rs17812574
chr20	14014568	rs10485770
chr20	14016072	rs11906598
chr20	14016363	rs3859621
chr20	14017452	rs2263684
chr20	14020182	rs12481175
chr20	14022275	rs6110136
chr20	14029843	rs6110140
chr20	14035702	rs2257832
chr20	14036424	rs6079264
chr20	14049014	rs2259845
chr20	14050561	rs6079272
chr20	14050746	rs6074678
chr20	14051069	rs6105211
chr20	14055883	rs6110153
chr20	14060533	rs3848779
chr20	14060561	rs4814277
chr20	14061832	rs3859622
chr20	14065171	rs6079278
chr20	14065905	rs17263514
chr20	14070457	rs10485771
chr20	14070679	rs4814278
chr20	14073517	rs6110156
chr20	14075301	rs6110157
chr20	14076838	rs6042511
chr20	14085401	rs2995908
chr20	14085630	rs2990505
chr20	14096979	rs8122275
chr20	14099468	rs13040098
chr20	14105565	rs6042530
chr20	14115734	rs927565
chr20	14121063	rs6042541
chr20	14121436	rs6033884
chr20	14122233	rs4814284
chr20	14130580	rs1969777
chr20	14134176	rs7273854
chr20	14134200	rs17191368
chr20	14143723	rs11906933
chr20	14143895	rs6079316
chr20	14144581	rs6042548
chr20	14145082	rs6074695
chr20	14147566	rs6079319
chr20	14153723	rs2146736
chr20	14156377	rs11698906
chr20	14175235	rs2224738
chr20	14175745	rs2209018
chr20	14178796	rs994868
chr20	14181639	rs7264001
chr20	14183333	rs6074702
chr20	14186297	rs4813153
chr20	14186637	rs6074704
chr20	14188490	rs8123267
chr20	14189923	rs1475205
chr20	14191259	rs6105221
chr20	14191797	rs6033897
chr20	14195343	rs7265754
chr20	14200848	rs6079350
chr20	14205741	rs4814288
chr20	14208113	rs6105227
chr20	14209133	rs4814290
chr20	14211041	rs1570484
chr20	14211181	rs1570485
chr20	14213933	rs6079353
chr20	14224402	rs6110206
chr20	14225622	rs2876375
chr20	14234281	rs6033907
chr20	14234955	rs7268327
chr20	14236506	rs6042606
chr20	14243891	rs6042613
chr20	14247435	rs6074712
chr20	14249859	rs3747927
chr20	14256139	rs17263597
chr20	14256611	rs2327841
chr20	14261138	rs2423779
chr20	14264211	rs595247
chr20	14264325	rs1998238
chr20	14265192	rs6110220
chr20	14267811	rs6105236
chr20	14268871	rs6033927
chr20	14270010	rs615331
chr20	14278110	rs6033931
chr20	14283990	rs6079381
chr20	14289450	rs994567
chr20	14300386	rs2208456
chr20	14300436	rs6105243
chr20	14302148	rs1040826
chr20	14308154	rs1980625
chr20	14311963	rs1555412
chr20	14312997	rs6110242
chr20	14313316	rs6135114
chr20	14313534	rs6135115
chr20	14313550	rs6131568
chr20	14313755	rs1040825
chr20	14322635	rs8126410
chr20	14326250	rs6042672
chr20	14326307	rs6079391
chr20	14326378	rs8120693
chr20	14329306	rs761998
chr20	14330309	rs2301025
chr20	14336744	rs204605
chr20	14337033	rs204606
chr20	14337973	rs16994496
chr20	14338417	rs743216
chr20	14338540	rs6042678
chr20	14340275	rs204609
chr20	14343494	rs6110252
chr20	14345094	rs6135125
chr20	14347112	rs16994499
chr20	14347253	rs6079395
chr20	14347685	rs204617
chr20	14353108	rs12329405
chr20	14354709	rs6079398
chr20	14354821	rs6110259
chr20	14357847	rs982554
chr20	14360553	rs6074719
chr20	14362073	rs6135128
chr20	14365862	rs6079401
chr20	14367380	rs204637
chr20	14369416	rs6033952
chr20	14371748	rs204648
chr20	14371995	rs1475745
chr20	14372700	rs1998237
chr20	14372740	rs4464346
chr20	14377471	rs6033955
chr20	14384281	rs10485772
chr20	14385152	rs6105261
chr20	14386250	rs17226957
chr20	14391666	rs6135137
chr20	14393927	rs6110271
chr20	14402169	rs6135138
chr20	14406635	rs11905518
chr20	14407569	rs6110278
chr20	14409016	rs9808596
chr20	14409645	rs16994542
chr20	14410952	rs963329
chr20	14411289	rs13037096
chr20	14414947	rs6079423
chr20	14418879	rs6079430
chr20	14419519	rs6105269
chr20	14427444	rs13041600
chr20	14431680	rs17226992
chr20	14436551	rs8116105
chr20	14439910	rs6074737
chr20	14444691	rs6131581
chr20	14448057	rs41328645
chr20	14452997	rs445417
chr20	14453604	rs2064808
chr20	14455682	rs4813156
chr20	14456292	rs4630827
chr20	14457644	rs365824
chr20	14468538	rs13043921
chr20	14474851	rs6110305
chr20	14477188	rs10485773
chr20	14478927	rs6079459
chr20	14485134	rs6079461
chr20	14485972	rs444594
chr20	14487752	rs441647
chr20	14489313	rs12624575
chr20	14489703	rs429643
chr20	14494387	rs426611
chr20	14495111	rs6079463
chr20	14495150	rs408945
chr20	14495402	rs2327854
chr20	14495629	rs6135159
chr20	14497569	rs7269525
chr20	14497721	rs6105279
chr20	14498626	rs408086
chr20	14498727	rs13036305
chr20	14503820	rs2423789
chr20	14505301	rs2327856
chr20	14508115	rs412345
chr20	14511653	rs435939
chr20	14511869	rs6135162
chr20	14513154	rs6079465
chr20	14514465	rs11698358
chr20	14514843	rs6131589
chr20	14517750	rs6079468
chr20	14523097	rs6042778
chr20	14525296	rs6074749
chr20	14528620	rs6135168
chr20	14528803	rs6074750
chr20	14530279	rs17263841
chr20	14530522	rs1544044
chr20	14532846	rs1998105
chr20	14534174	rs2423805
chr20	14536574	rs6079482
chr20	14538866	rs1015581
chr20	14539796	rs2423807
chr20	14540313	rs17812761
chr20	14540460	rs2423808
chr20	14540498	rs2423809
chr20	14541178	rs1475348
chr20	14541301	rs2423810
chr20	14543066	rs2224290
chr20	14543758	rs4239713
chr20	14543902	rs2327862
chr20	14544095	rs2327863
chr20	14545518	rs2423812
chr20	14546046	rs4814311
chr20	14547867	rs6131592
chr20	14549011	rs13039768
chr20	14549574	rs6074755
chr20	14552811	rs2423815
chr20	14554153	rs2423816
chr20	14556162	rs6042789
chr20	14556216	rs4814312
chr20	14558218	rs2423819
chr20	14560045	rs2024922
chr20	14568030	rs6110333
chr20	14569734	rs2423823
chr20	14573099	rs6131595
chr20	14575549	rs2423830
chr20	14578783	rs6135185
chr20	14581381	rs6074761
chr20	14581814	rs6042797
chr20	14582146	rs6042798
chr20	14585152	rs1028812
chr20	14588112	rs6074763
chr20	14588540	rs2423834
chr20	14589296	rs6079501
chr20	14590998	rs6079502
chr20	14591413	rs6033981
chr20	14591779	rs2876381
chr20	14592018	rs6110346
chr20	14592867	rs6074764
chr20	14593321	rs2145007
chr20	14595049	rs41382748
chr20	14598959	rs6042808
chr20	14599057	rs6042809
chr20	14599297	rs6042810
chr20	14599436	rs10470062
chr20	14602611	rs6135199
chr20	14603987	rs6135200
chr20	14606858	rs41505653
chr20	14607522	rs6033987
chr20	14609822	rs6042817
chr20	14613221	rs1932943
chr20	14615047	rs6042820
chr20	14617088	rs11699420
chr20	14618543	rs6042824
chr20	14624392	rs6033991
chr20	14628277	rs2038908
chr20	14629311	rs2038909
chr20	14629643	rs6110364
chr20	14630321	rs1932937
chr20	14635278	rs6042827
chr20	14637902	rs6135214
chr20	14640308	rs6033994
chr20	14640345	rs6042833
chr20	14642349	rs7261811
chr20	14646199	rs1932935
chr20	14647016	rs6033999
chr20	14649267	rs6042838
chr20	14649799	rs8119230
chr20	14652432	rs6110372
chr20	14656438	rs8183523
chr20	14663733	rs6034002
chr20	14664031	rs6135219
chr20	14664103	rs6135220
chr20	14669711	rs991360
chr20	14674476	rs6135221
chr20	14677718	rs6131600
chr20	14678224	rs11087101
chr20	14680460	rs1932955
chr20	14682075	rs1932954
chr20	14682236	rs6042851
chr20	14687597	rs6034010
chr20	14690429	rs6105308
chr20	14690556	rs6042856
chr20	14691531	rs6034011
chr20	14693192	rs1932953
chr20	14697142	rs1041606
chr20	14697489	rs6135225
chr20	14698851	rs6135226
chr20	14701217	rs1932951
chr20	14701688	rs6135228
chr20	14704701	rs6135233
chr20	14705651	rs2065558
chr20	14707123	rs10485775
chr20	14707873	rs17775664
chr20	14709539	rs11907538
chr20	14713781	rs949877
chr20	14716236	rs6079536
chr20	14716740	rs6079537
chr20	14721745	rs1108641
chr20	14722269	rs6034019
chr20	14725242	rs6079540
chr20	14725970	rs4813165
chr20	14728805	rs6110407
chr20	14732534	rs16994856
chr20	14733244	rs1932945
chr20	14733811	rs6079544
chr20	14737550	rs4814322
chr20	14738403	rs16994866
chr20	14739892	rs2151395
chr20	14742363	rs6074787
chr20	14746661	rs16994889
chr20	14746740	rs10446030
chr20	14748326	rs12481462
chr20	14749223	rs6110421
chr20	14750949	rs204091
chr20	14751939	rs204092
chr20	14751960	rs6079553
chr20	14757197	rs13042992
chr20	14758927	rs6135252
chr20	14759193	rs204097
chr20	14762184	rs4814324
chr20	14763259	rs204104
chr20	14764552	rs204106
chr20	14766825	rs4141463
chr20	14774096	rs204115
chr20	14777465	rs1040740
chr20	14777827	rs6131607
chr20	14778523	rs2180477
chr20	14781064	rs6074798
chr20	14783965	rs6034040
chr20	14788257	rs16994969
chr20	14792143	rs2327889
chr20	14796294	rs980319
chr20	14797055	rs6034043
chr20	14799673	rs6079566
chr20	14799779	rs6079567
chr20	14800139	rs6074801
chr20	14801038	rs6135263
chr20	14801236	rs16990104
chr20	14802096	rs1028542
chr20	14803949	rs6131609
chr20	14804435	rs6042929
chr20	14804680	rs1040741
chr20	14813715	rs4490256
chr20	14816926	rs6042935
chr20	14817871	rs1040742
chr20	14820251	rs6135268
chr20	14820288	rs6135269
chr20	14820312	rs6034046
chr20	14820707	rs6042938
chr20	14822808	rs1040745
chr20	14822932	rs16995022
chr20	14825931	rs6042940
chr20	14826841	rs7265566
chr20	14826953	rs6079575
chr20	14832275	rs385770
chr20	14832356	rs6042943
chr20	14833444	rs368380
chr20	14835132	rs407885
chr20	14835224	rs6110444
chr20	14835643	rs1998086
chr20	14835736	rs1998087
chr20	14836372	rs7352992
chr20	14836539	rs389910
chr20	14836807	rs389171
chr20	14837551	rs439451
chr20	14842826	rs407097
chr20	14845141	rs444827
chr20	14849807	rs438632
chr20	14850979	rs432501
chr20	14856682	rs6074806
chr20	14857319	rs365516
chr20	14859792	rs397254
chr20	14859856	rs6079584
chr20	14861740	rs420561
chr20	14863403	rs407600
chr20	14868013	rs449849
chr20	14868742	rs371365
chr20	14869207	rs10485515
chr20	14869455	rs1041327
chr20	14870079	rs384557
chr20	14870116	rs6079589
chr20	14872404	rs21140
chr20	14878264	rs6042957
chr20	14881589	rs6034053
chr20	14882326	rs6110458
chr20	14882901	rs16995133
chr20	14884242	rs6042962
chr20	14884510	rs14135
chr20	14885972	rs6079596
chr20	14886582	rs984261
chr20	14886776	rs1475531
chr20	14889257	rs913785
chr20	14889752	rs6042967
chr20	14891667	rs6042970
chr20	14895454	rs2183272
chr20	14897008	rs6135296
chr20	14897240	rs6135297
chr20	14899681	rs2210046
chr20	14903655	rs6079602
chr20	14906584	rs6042992
chr20	14909565	rs6135305
chr20	14911141	rs1571518
chr20	14915307	rs963576
chr20	14918775	rs6034062
chr20	14919115	rs2423844
chr20	14919158	rs6034063
chr20	14921130	rs2423846
chr20	14921876	rs6135309
chr20	14923478	rs971137
chr20	14923524	rs2423849
chr20	14925213	rs1408428
chr20	14925880	rs432485
chr20	14926951	rs4561719
chr20	14927015	rs6079611
chr20	14928095	rs716316
chr20	14929612	rs353142
chr20	14930357	rs6135314
chr20	14931037	rs11087114
chr20	14931264	rs7262639
chr20	14932156	rs191615
chr20	14933932	rs6131626
chr20	14934405	rs2423854
chr20	14936540	rs2423856
chr20	14936623	rs6105342
chr20	14938168	rs6043010
chr20	14940588	rs2093866
chr20	14940893	rs2104351
chr20	14940960	rs4299400
chr20	14944629	rs2423864
chr20	14945687	rs173293
chr20	14945716	rs353146
chr20	14947216	rs2423866
chr20	14950848	rs353147
chr20	14956289	rs2423873
chr20	14960809	rs353148
chr20	14965091	rs1983834
chr20	14965193	rs2327894
chr20	14967979	rs12480906
chr20	14968319	rs41353747
chr20	14969117	rs7264266
chr20	14974297	rs11905679
chr20	14979454	rs2423894
chr20	14985177	rs353149
chr20	14986860	rs374192
chr20	14990462	rs2093868
chr20	14990808	rs2423905
chr20	15011896	rs4140562
chr20	15014697	rs11905979
chr20	15026418	rs17355423
chr20	15026708	rs16995216
chr20	15027084	rs6135329
chr20	15027383	rs17270636
chr20	15027824	rs6131629
chr20	15028408	rs13433234
chr20	15031651	rs6034087
chr20	15032585	rs6110500
chr20	15032863	rs6043066
chr20	15034540	rs1016498
chr20	15034795	rs6079637
chr20	15036594	rs4814329
chr20	15039372	rs6034091
chr20	15039985	rs6079638
chr20	15045185	rs377201
chr20	15045429	rs6135332
chr20	15046099	rs13045127
chr20	15047067	rs372274
chr20	15048316	rs911637
chr20	15050398	rs6110505
chr20	15052199	rs392331
chr20	15056388	rs1322103
chr20	15056419	rs424240
chr20	15056969	rs383329
chr20	15057252	rs2423914
chr20	15058274	rs369871
chr20	15058869	rs6079646
chr20	15058955	rs367595
chr20	15060715	rs65567
chr20	15060932	rs453626
chr20	15061953	rs421941
chr20	15062557	rs412108
chr20	15062854	rs365575
chr20	15062977	rs409793
chr20	15064766	rs389435
chr20	15071071	rs6043082
chr20	15071868	rs1407327
chr20	15072421	rs4814335
chr20	15073790	rs415134
chr20	15076029	rs1322106
chr20	15076864	rs6110510
chr20	15077118	rs8121203
chr20	15077383	rs381053
chr20	15078236	rs411944
chr20	15080748	rs370696
chr20	15082304	rs383310
chr20	15082568	rs11698155
chr20	15083022	rs374149
chr20	15083033	rs435532
chr20	15083268	rs448957
chr20	15083345	rs404513
chr20	15083806	rs373561
chr20	15084728	rs441902
chr20	15085793	rs3932489
chr20	15085814	rs386792
chr20	15089403	rs6043088
chr20	15090053	rs6074838
chr20	15090546	rs445945
chr20	15090782	rs6110512
chr20	15093034	rs377954
chr20	15095953	rs6074839
chr20	15096384	rs6043091
chr20	15097697	rs6110516
chr20	15098078	rs377256
chr20	15100670	rs6074840
chr20	15101100	rs407888
chr20	15101900	rs2143245
chr20	15102980	rs374363
chr20	15104456	rs387318
chr20	15104559	rs6110518
chr20	15104650	rs16995312
chr20	15104719	rs17272434
chr20	15105631	rs431587
chr20	15106684	rs7272732
chr20	15107939	rs17357522
chr20	15109615	rs4618118
chr20	15112218	rs454574
chr20	15114622	rs6105361
chr20	15116059	rs6074843
chr20	15116122	rs6079664
chr20	15117438	rs17272940
chr20	15118599	rs2327914
chr20	15118868	rs1040883
chr20	15119105	rs1040882
chr20	15119638	rs6074844
chr20	15120818	rs11699739
chr20	15121880	rs6131640
chr20	15122181	rs7267540
chr20	15122700	rs7269321
chr20	15122954	rs10485517
chr20	15123547	rs1322112
chr20	15126332	rs975993
chr20	15129780	rs970005
chr20	15130492	rs6110524
chr20	15131646	rs6135343
chr20	15133643	rs4610131
chr20	15137867	rs11908639
chr20	15138451	rs6110528
chr20	15139345	rs443355
chr20	15139442	rs17358700
chr20	15139677	rs1743471
chr20	15140098	rs11087123
chr20	15140590	rs410068
chr20	15141608	rs432033
chr20	15141715	rs372586
chr20	15142097	rs381723
chr20	15144692	rs444709
chr20	15144737	rs444687
chr20	15145326	rs1657969
chr20	15145861	rs17293544
chr20	15146953	rs443742
chr20	15147241	rs455205
chr20	15155292	rs17700500
chr20	15156084	rs808924
chr20	15158402	rs463895
chr20	15158699	rs464232
chr20	15158901	rs459874
chr20	15160007	rs6131646
chr20	15160358	rs453600
chr20	15161313	rs465846
chr20	15162539	rs433463
chr20	15163148	rs17773212
chr20	15163160	rs4813172
chr20	15166504	rs799179
chr20	15167738	rs4814348
chr20	15170084	rs16995401
chr20	15173399	rs2025142
chr20	15173692	rs6079691
chr20	15173929	rs6043124
chr20	15174060	rs28696952
chr20	15175484	rs6110540
chr20	15177268	rs7268079
chr20	15180106	rs199300
chr20	15181024	rs6043125
chr20	15182619	rs6131647
chr20	15186129	rs6110544
chr20	15188051	rs6079697
chr20	15189463	rs199301
chr20	15190312	rs6135360
chr20	15191192	rs6135362
chr20	15192594	rs6105371
chr20	15193795	rs6079701
chr20	15196663	rs199305
chr20	15197607	rs199312
chr20	15198377	rs6079702
chr20	15199535	rs149819
chr20	15200648	rs16995428
chr20	15200944	rs175254
chr20	15202697	rs149820
chr20	15203247	rs175223
chr20	15208952	rs175259
chr20	15209624	rs175260
chr20	15210976	rs6079705
chr20	15212416	rs6079706
chr20	15212428	rs175265
chr20	15213286	rs17362002
chr20	15214926	rs17296246
chr20	15217244	rs175269
chr20	15217325	rs16995448
chr20	15222333	rs17368757
chr20	15226818	rs175276
chr20	15229038	rs175279
chr20	15230410	rs175284
chr20	15230867	rs6131652
chr20	15232647	rs175288
chr20	15235318	rs175299
chr20	15235549	rs41420948
chr20	15236219	rs41414046
chr20	15238387	rs175302
chr20	15238854	rs458032
chr20	15239355	rs175304
chr20	15240191	rs175305
chr20	15242129	rs175308
chr20	15242986	rs175310
chr20	15246121	rs6043152
chr20	15248961	rs2021913
chr20	15249169	rs2021912
chr20	15249301	rs2021911
chr20	15250305	rs8115737
chr20	15253009	rs4814351
chr20	15253151	rs6043155
chr20	15253833	rs6034134
chr20	15254123	rs10485520
chr20	15254778	rs4473454
chr20	15256406	rs2142139
chr20	15256565	rs17297763
chr20	15257249	rs4813175
chr20	15261117	rs408714
chr20	15261719	rs416240
chr20	15264119	rs17370127
chr20	15264688	rs6135377
chr20	15265826	rs992580
chr20	15266055	rs6131655
chr20	15266338	rs387336
chr20	15268186	rs6074865
chr20	15270385	rs453349
chr20	15272069	rs390058
chr20	15273405	rs8120608
chr20	15273515	rs6079722
chr20	15273724	rs6079723
chr20	15273829	rs430221
chr20	15281191	rs6043168
chr20	15284255	rs6079727
chr20	15286596	rs6043173
chr20	15286896	rs6034145
chr20	15292814	rs17370650
chr20	15293250	rs6034146
chr20	15293637	rs6043179
chr20	15294236	rs6079734
chr20	15294892	rs7272442
chr20	15297789	rs6043183
chr20	15298418	rs1126347
chr20	15298783	rs6043185
chr20	15300687	rs6043189
chr20	15301802	rs6043194
chr20	15302772	rs6034150
chr20	15303113	rs6135380
chr20	15306670	rs6079740
chr20	15308888	rs6043198
chr20	15309055	rs16995525
chr20	15310906	rs6131660
chr20	15311887	rs6079742
chr20	15315385	rs1304179
chr20	15318986	rs7270966
chr20	15324612	rs6135385
chr20	15324695	rs2423922
chr20	15328286	rs6043209
chr20	15328443	rs6079753
chr20	15329281	rs17299383
chr20	15330785	rs6079756
chr20	15331136	rs2423929
chr20	15332150	rs6079761
chr20	15333459	rs6105393
chr20	15334879	rs6079764
chr20	15335874	rs2038269
chr20	15336482	rs2423934
chr20	15337332	rs16995555
chr20	15338121	rs2423935
chr20	15341060	rs764119
chr20	15342636	rs2423942
chr20	15343527	rs2423943
chr20	15344815	rs6043225
chr20	15350361	rs2058828
chr20	15352103	rs6043230
chr20	15354928	rs2423947
chr20	15355108	rs6110577
chr20	15356036	rs6135395
chr20	15360399	rs7273477
chr20	15361289	rs2423954
chr20	15361366	rs6110579
chr20	15363535	rs6034164
chr20	15363904	rs6079787
chr20	15365019	rs2423958
chr20	15365050	rs6079788
chr20	15365822	rs2423959
chr20	15365979	rs6079789
chr20	15370396	rs13037988
chr20	15371356	rs6079790
chr20	15372041	rs16995635
chr20	15372702	rs17301709
chr20	15373264	rs1013916
chr20	15373819	rs6079791
chr20	15375888	rs16995641
chr20	15378382	rs6034167
chr20	15378767	rs6043241
chr20	15380171	rs6043243
chr20	15382485	rs2876404
chr20	15384982	rs13039835
chr20	15386469	rs6079797
chr20	15386821	rs16995652
chr20	15387228	rs433059
chr20	15388274	rs399698
chr20	15393374	rs388349
chr20	15394479	rs6074887
chr20	15395177	rs6034170
chr20	15399031	rs2327933
chr20	15400015	rs6034171
chr20	15401003	rs6079801
chr20	15402165	rs6043255
chr20	15402274	rs2021974
chr20	15404430	rs6034176
chr20	15406183	rs11907040
chr20	15406754	rs2430677
chr20	15407086	rs6043261
chr20	15407715	rs6043262
chr20	15408301	rs971731
chr20	15408599	rs6079804
chr20	15408901	rs10485525
chr20	15410273	rs4814363
chr20	15410559	rs16995687
chr20	15411875	rs11907371
chr20	15413515	rs449202
chr20	15414708	rs13039585
chr20	15415002	rs741393
chr20	15415694	rs6043264
chr20	15416404	rs450343
chr20	15417031	rs6135407
chr20	15417136	rs6079807
chr20	15417232	rs11087135
chr20	15418200	rs379166
chr20	15419339	rs433078
chr20	15419557	rs11696247
chr20	15419645	rs6079811
chr20	15421435	rs4814368
chr20	15422741	rs6105410
chr20	15423287	rs17678193
chr20	15423800	rs4814371
chr20	15424005	rs6110599
chr20	15424789	rs6110602
chr20	15425479	rs6043270
chr20	15426268	rs6043271
chr20	15428569	rs6034186
chr20	15429422	rs6079817
chr20	15430525	rs6110603
chr20	15430678	rs6043274
chr20	15431203	rs6034188
chr20	15432654	rs932823
chr20	15435267	rs6074891
chr20	15436110	rs13038758
chr20	15437126	rs6079822
chr20	15439059	rs888205
chr20	15439758	rs6034191
chr20	15441479	rs6110606
chr20	15441984	rs6079823
chr20	15443158	rs2208134
chr20	15444014	rs6043282
chr20	15444809	rs2208137
chr20	15447466	rs11698317
chr20	15447917	rs17678835
chr20	15452850	rs2423963
chr20	15453259	rs6079834
chr20	15453553	rs16995774
chr20	15454036	rs8121515
chr20	15454112	rs6074897
chr20	15454558	rs10485526
chr20	15454919	rs6079836
chr20	15455111	rs6079838
chr20	15455357	rs6074898
chr20	15456258	rs6034195
chr20	15456924	rs6074899
chr20	15458086	rs6135414
chr20	15458256	rs10485527
chr20	15462801	rs2224300
chr20	15464017	rs2208132
chr20	15465724	rs6043298
chr20	15466432	rs4141734
chr20	15466513	rs6079845
chr20	15467066	rs6079846
chr20	15467447	rs1884706
chr20	15467918	rs2208133
chr20	15469634	rs4814381
chr20	15470100	rs8118633
chr20	15470534	rs2180525
chr20	15473220	rs6034197
chr20	15473821	rs6043303
chr20	15474928	rs6043307
chr20	15480990	rs6110624
chr20	15481844	rs6043316
chr20	15481966	rs6079849
chr20	15483884	rs721318
chr20	15484868	rs2208135
chr20	15485624	rs4814383
chr20	15485980	rs16995810
chr20	15486430	rs2876409
chr20	15487098	rs12480242
chr20	15487536	rs6074904
chr20	15489163	rs4814384
chr20	15490570	rs4814385
chr20	15493861	rs4814387
chr20	15494633	rs4813181
chr20	15495315	rs6034206
chr20	15495587	rs4813182
chr20	15496081	rs6074905
chr20	15497059	rs2327955
chr20	15497734	rs4814389
chr20	15499663	rs2145014
chr20	15499910	rs6079854
chr20	15501321	rs12151891
chr20	15503259	rs6110633
chr20	15503410	rs12106197
chr20	15503720	rs6110637
chr20	15504503	rs6079855
chr20	15506273	rs6135425
chr20	15506720	rs6079859
chr20	15508197	rs6074907
chr20	15510115	rs1233763
chr20	15510275	rs6043337
chr20	15510749	rs6043338
chr20	15510870	rs1558739
chr20	15512180	rs1420443
chr20	15513234	rs6110641
chr20	15513668	rs1420444
chr20	15514914	rs1233770
chr20	15515663	rs8116068
chr20	15516031	rs6074909
chr20	15516623	rs6043342
chr20	15517001	rs6110647
chr20	15518042	rs1237183
chr20	15518302	rs6043343
chr20	15523925	rs1233779
chr20	15525180	rs4814393
chr20	15527663	rs16995898
chr20	15528465	rs6110655
chr20	15528767	rs17681294
chr20	15529084	rs6043347
chr20	15529698	rs1345368
chr20	15531907	rs1233738
chr20	15533449	rs1816000
chr20	15534176	rs1233736
chr20	15536080	rs6110663
chr20	15536757	rs1233732
chr20	15538968	rs6074914
chr20	15539331	rs6105428
chr20	15539438	rs6043350
chr20	15539699	rs6043351
chr20	15540146	rs16995929
chr20	15540719	rs9917445
chr20	15541856	rs1233731
chr20	15542493	rs1233730
chr20	15542650	rs1233729
chr20	15543340	rs1233727
chr20	15543370	rs7266469
chr20	15544086	rs6074916
chr20	15545937	rs10485529
chr20	15546800	rs13038859
chr20	15547946	rs737006
chr20	15550878	rs1233722
chr20	15552102	rs1233720
chr20	15552682	rs6043359
chr20	15554290	rs16995959
chr20	15554658	rs1157262
chr20	15554809	rs6105432
chr20	15555362	rs1558738
chr20	15556602	rs6110672
chr20	15556853	rs1151921
chr20	15557647	rs1017165
chr20	15558099	rs1035177
chr20	15558182	rs1035179
chr20	15558477	rs6110677
chr20	15561593	rs16995985
chr20	15561967	rs6043363
chr20	15562723	rs1233744
chr20	15564295	rs16996001
chr20	15568168	rs888124
chr20	15568678	rs747398
chr20	15572166	rs1233754
chr20	15572205	rs2216156
chr20	15573257	rs1233756
chr20	15573995	rs1233757
chr20	15574108	rs2876410
chr20	15574305	rs16996043
chr20	15574818	rs719697
chr20	15574996	rs1362510
chr20	15576583	rs1151924
chr20	15577834	rs13044021
chr20	15577924	rs1151926
chr20	15579471	rs10485530
chr20	15580146	rs6079890
chr20	15580459	rs16996054
chr20	15581249	rs409303
chr20	15581268	rs13045278
chr20	15581504	rs6079891
chr20	15582181	rs367114
chr20	15582464	rs6074920
chr20	15583469	rs453573
chr20	15584495	rs12481689
chr20	15584895	rs17693978
chr20	15584989	rs6079894
chr20	15585935	rs6043377
chr20	15589760	rs9636533
chr20	15590362	rs459540
chr20	15591082	rs6079897
chr20	15591507	rs467023
chr20	15594281	rs6043382
chr20	15594608	rs458294
chr20	15596312	rs7265729
chr20	15596362	rs6105440
chr20	15598659	rs17694374
chr20	15598930	rs6034225
chr20	15599638	rs465757
chr20	15599717	rs16996093
chr20	15600069	rs456029
chr20	15600102	rs13433265
chr20	15600839	rs2423967
chr20	15602798	rs11905049
chr20	15602871	rs16996107
chr20	15604764	rs6034227
chr20	15605338	rs397145
chr20	15605770	rs460958
chr20	15605909	rs6135458
chr20	15606559	rs6079903
chr20	15608134	rs200737
chr20	15609172	rs458312
chr20	15609842	rs17694839
chr20	15610253	rs200739
chr20	15611369	rs200741
chr20	15611487	rs12624497
chr20	15611732	rs200742
chr20	15613309	rs200743
chr20	15613722	rs200744
chr20	15614591	rs457627
chr20	15614619	rs200745
chr20	15614752	rs12626138
chr20	15618028	rs462908
chr20	15619559	rs3803976
chr20	15619992	rs200753
chr20	15621419	rs16996153
chr20	15621688	rs200755
chr20	15622022	rs12480038
chr20	15625204	rs200758
chr20	15625776	rs200759
chr20	15627033	rs6043401
chr20	15627936	rs956506
chr20	15628591	rs200762
chr20	15629664	rs200764
chr20	15630671	rs6043402
chr20	15632411	rs200766
chr20	15633093	rs200768
chr20	15634714	rs459716
chr20	15637185	rs1569814
chr20	15637369	rs6135472
chr20	15637435	rs1569815
chr20	15638521	rs4813186
chr20	15638693	rs460870
chr20	15638904	rs1362508
chr20	15640361	rs6110699
chr20	15640717	rs6135475
chr20	15641928	rs6034240
chr20	15642171	rs6131683
chr20	15643511	rs6131684
chr20	15645994	rs455509
chr20	15653376	rs1420440
chr20	15653709	rs6105447
chr20	15656879	rs459928
chr20	15656941	rs16996291
chr20	15658267	rs463020
chr20	15659403	rs2021915
chr20	15660065	rs460818
chr20	15661001	rs466243
chr20	15663892	rs6110712
chr20	15663996	rs455659
chr20	15664022	rs455709
chr20	15664140	rs6110714
chr20	15664350	rs465374
chr20	15664376	rs17624095
chr20	15664388	rs6079923
chr20	15664629	rs12480191
chr20	15666203	rs12480578
chr20	15666301	rs6034250
chr20	15666336	rs6135478
chr20	15667701	rs1420433
chr20	15668721	rs6043422
chr20	15669727	rs7264713
chr20	15670252	rs10485534
chr20	15670791	rs2423969
chr20	15671242	rs1362512
chr20	15671503	rs10485537
chr20	15674067	rs6074938
chr20	15674197	rs6079926
chr20	15674405	rs6034253
chr20	15674668	rs201213
chr20	15675445	rs6034256
chr20	15675498	rs7362631
chr20	15675555	rs6043427
chr20	15676557	rs201215
chr20	15676950	rs722877
chr20	15677349	rs13037804
chr20	15678841	rs6043433
chr20	15680350	rs201221
chr20	15680549	rs201222
chr20	15681093	rs201223
chr20	15681929	rs10485538
chr20	15682506	rs16996377
chr20	15683126	rs6105452
chr20	15683209	rs6043438
chr20	15684545	rs6043440
chr20	15685198	rs6105455
chr20	15686217	rs6034260
chr20	15686351	rs6043442
chr20	15688096	rs16996387
chr20	15688428	rs6034261
chr20	15688794	rs17625034
chr20	15691245	rs6043447
chr20	15691581	rs6043448
chr20	15692115	rs7263789
chr20	15692862	rs6043449
chr20	15693331	rs8118408
chr20	15703442	rs6110752
chr20	15703870	rs6034268
chr20	15705020	rs6034270
chr20	15706613	rs10485539
chr20	15707026	rs17625218
chr20	15707221	rs6043472
chr20	15708182	rs16996398
chr20	15710480	rs2423971
chr20	15710535	rs2423972
chr20	15710595	rs2423973
chr20	15711854	rs6079935
chr20	15712710	rs6043476
chr20	15713299	rs11697106
chr20	15713332	rs6110759
chr20	15713858	rs6079936
chr20	15714122	rs2327960
chr20	15715348	rs11700244
chr20	15715439	rs4452223
chr20	15716112	rs989323
chr20	15717103	rs10485540
chr20	15717380	rs10485541
chr20	15718534	rs2423975
chr20	15718624	rs16996419
chr20	15720456	rs12624386
chr20	15720500	rs16996423
chr20	15721169	rs2050223
chr20	15721392	rs4813189
chr20	15722262	rs1997799
chr20	15724002	rs12106137
chr20	15724799	rs2423981
chr20	15727877	rs6043491
chr20	15728875	rs2423983
chr20	15729625	rs6079947
chr20	15729712	rs6079948
chr20	15733084	rs2143553
chr20	15734316	rs6135489
chr20	15735872	rs6043498
chr20	15736026	rs6043499
chr20	15736895	rs17704207
chr20	15737003	rs16996440
chr20	15737199	rs6079952
chr20	15739380	rs13045059
chr20	15739883	rs6131691
chr20	15740317	rs13036467
chr20	15740614	rs6034277
chr20	15743754	rs17625810
chr20	15745216	rs12480602
chr20	15745545	rs6043503
chr20	15746523	rs2092484
chr20	15748450	rs6043507
chr20	15748669	rs6043508
chr20	15748723	rs6043509
chr20	15749371	rs17625977
chr20	15751934	rs11696971
chr20	15755616	rs2876412
chr20	15755708	rs2327965
chr20	15755905	rs2235763
chr20	15757441	rs1883733
chr20	15757604	rs6043520
chr20	15759722	rs6043522
chr20	15760179	rs6105463
chr20	15763267	rs17704829
chr20	15765850	rs2103709
chr20	15767896	rs6135498
chr20	15768647	rs11699695
chr20	15769612	rs6131701
chr20	15778716	rs6135509
chr20	15780324	rs4813196
chr20	15780547	rs12480226
chr20	15784522	rs764140
chr20	15786082	rs6135515
chr20	15789059	rs6079969
chr20	15789738	rs6135517
chr20	15790149	rs17705904
chr20	15790916	rs6135518
chr20	15791121	rs6110787
chr20	15792231	rs6135521
chr20	15792926	rs16996551
chr20	15795625	rs6135527
chr20	15795882	rs6131712
chr20	15796605	rs6135530
chr20	15798130	rs761262
chr20	15799482	rs2223674
chr20	15801779	rs2191523
chr20	15805156	rs6135542
chr20	15807354	rs2041423
chr20	15807493	rs2041422
chr20	15809491	rs6135546
chr20	15809514	rs6135547
chr20	15811806	rs16996600
chr20	15812417	rs763660
chr20	15812477	rs763661
chr20	15814418	rs6131726
chr20	15815406	rs6135554
chr20	15816861	rs12624706
chr20	15817173	rs6135558
chr20	15817678	rs12480206
chr20	15821990	rs7270597
chr20	15822164	rs12481033
chr20	15823787	rs6043557
chr20	15824856	rs10485542
chr20	15826796	rs6135562
chr20	15827842	rs6131728
chr20	15827904	rs16996627
chr20	15829351	rs16996637
chr20	15830031	rs7268466
chr20	15830155	rs16996640
chr20	15831875	rs6043560
chr20	15832020	rs2191522
chr20	15832237	rs11699625
chr20	15832762	rs6131730
chr20	15832846	rs2327968
chr20	15832999	rs6043561
chr20	15833059	rs2876414
chr20	15833475	rs6043564
chr20	15834671	rs4814403
chr20	15835360	rs6043569
chr20	15835950	rs6034299
chr20	15836127	rs4814404
chr20	15836461	rs6043570
chr20	15838435	rs978767
chr20	15838850	rs8123881
chr20	15839140	rs12481296
chr20	15839266	rs4555415
chr20	15843769	rs6034305
chr20	15845495	rs6079988
chr20	15848590	rs17634776
chr20	15848675	rs175808
chr20	15849499	rs16996681
chr20	15851637	rs175805
chr20	15852600	rs6079990
chr20	15854197	rs2327969
chr20	15854631	rs175803
chr20	15855085	rs6074958
chr20	15856701	rs6135571
chr20	15857832	rs969741
chr20	15860532	rs6131733
chr20	15868234	rs6135575
chr20	15871486	rs6034314
chr20	15877235	rs6034316
chr20	15877428	rs735343
chr20	15877645	rs761684
chr20	15879741	rs175793
chr20	15880321	rs6043590
chr20	15882879	rs6043593
chr20	15882939	rs6043594
chr20	15883891	rs6135588
chr20	15885720	rs13045800
chr20	15888430	rs6074962
chr20	15888626	rs6043596
chr20	15889005	rs6043597
chr20	15891361	rs6135589
chr20	15891894	rs6135590
chr20	15892325	rs6043600
chr20	15893131	rs4387866
chr20	15893680	rs932501
chr20	15893843	rs6135591
chr20	15894070	rs6034319
chr20	15894584	rs3803978
chr20	15897446	rs717145
chr20	15897971	rs6135594
chr20	15898126	rs6074964
chr20	15900085	rs6043605
chr20	15900131	rs6043606
chr20	15905527	rs6043609
chr20	15905649	rs175781
chr20	15905967	rs8183396
chr20	15906622	rs6034324
chr20	15910774	rs2236008
chr20	15911174	rs6105487
chr20	15911328	rs6135598
chr20	15917123	rs6080021
chr20	15917385	rs6034327
chr20	15918167	rs6043616
chr20	15918219	rs6110829
chr20	15918755	rs6080023
chr20	15920161	rs6105492
chr20	15921654	rs6080024
chr20	15921809	rs6110831
chr20	15921985	rs6034328
chr20	15925574	rs6080026
chr20	15925665	rs6135602
chr20	15929573	rs6135608
chr20	15931748	rs6043625
chr20	15931972	rs6105498
chr20	15933819	rs6110836
chr20	15933934	rs6135612
chr20	15935547	rs6043626
chr20	15936992	rs6105500
chr20	15941318	rs6074969
chr20	15941563	rs6043632
chr20	15943987	rs8117004
chr20	15946172	rs6080044
chr20	15946492	rs6110839
chr20	15948843	rs766970
chr20	15950804	rs2281418
chr20	15952518	rs1339256
chr20	15956779	rs4814419
chr20	15957776	rs6074980
chr20	15962084	rs6131746
chr20	15962099	rs7352227
chr20	15962231	rs11697488
chr20	15963988	rs6080057
chr20	15964080	rs6080058
chr20	15964679	rs4814420
chr20	15964741	rs4814421
chr20	15973156	rs6135622
chr20	15976097	rs1339258
chr20	15976312	rs4813203
chr20	15977135	rs6080069
chr20	15977196	rs6074984
chr20	15978281	rs6131753
chr20	15978363	rs6135624
chr20	15978885	rs16996877
chr20	15979188	rs6080070
chr20	15979298	rs6131755
chr20	15979499	rs6043648
chr20	15981044	rs6105508
chr20	15985274	rs6131758
chr20	15985316	rs6043655
chr20	15986260	rs1890564
chr20	15986325	rs11700271
chr20	15986419	rs6043659
chr20	15986649	rs7261973
chr20	15988345	rs708979
chr20	15988432	rs775095
chr20	15988958	rs6110858
chr20	15989449	rs6034343
chr20	15989995	rs6043662
chr20	15990122	rs16996900
chr20	15990408	rs6080076
chr20	15990725	rs16996904
chr20	15993304	rs4814423
chr20	15993330	rs13044855
chr20	15993828	rs1555564
chr20	16000274	rs6043663
chr20	16000474	rs1547117
chr20	16001104	rs8115439
chr20	16002406	rs775116
chr20	16004385	rs6135632
chr20	16008352	rs17711684
chr20	16009291	rs6043668
chr20	16010060	rs775112
chr20	16010139	rs775111
chr20	16011257	rs775109
chr20	16012548	rs775108
chr20	16013764	rs775107
chr20	16014578	rs775106
chr20	16014713	rs7509422
chr20	16018181	rs6080097
chr20	16019021	rs6135641
chr20	16020683	rs775103
chr20	16022580	rs775100
chr20	16022761	rs6080100
chr20	16022876	rs775099
chr20	16023675	rs708980
chr20	16025035	rs744228
chr20	16025112	rs7352926
chr20	16027366	rs6135644
chr20	16027993	rs880170
chr20	16028612	rs1225886
chr20	16029150	rs880169
chr20	16031298	rs775117
chr20	16034281	rs726207
chr20	16035512	rs808943
chr20	16036499	rs775136
chr20	16038607	rs10485544
chr20	16039030	rs6135650
chr20	16040537	rs6080102
chr20	16040623	rs6034354
chr20	16041547	rs6043680
chr20	16041779	rs775129
chr20	16042441	rs6043683
chr20	16042479	rs6034355
chr20	16043191	rs6043684
chr20	16043450	rs12625514
chr20	16043952	rs6034358
chr20	16046217	rs6135653
chr20	16046391	rs6131768
chr20	16047207	rs6080104
chr20	16047228	rs775127
chr20	16047924	rs6080105
chr20	16048831	rs6034360
chr20	16049192	rs6080106
chr20	16049551	rs775126
chr20	16050612	rs6135656
chr20	16051141	rs16997016
chr20	16051738	rs11696319
chr20	16051939	rs11696344
chr20	16052377	rs1225890
chr20	16052471	rs1238278
chr20	16052540	rs1225891
chr20	16052975	rs6080109
chr20	16053252	rs6043689
chr20	16053548	rs8117979
chr20	16053694	rs6080110
chr20	16054386	rs6043695
chr20	16055470	rs912186
chr20	16055605	rs912184
chr20	16056021	rs10485545
chr20	16060129	rs6043703
chr20	16060215	rs6043705
chr20	16060983	rs6043707
chr20	16062601	rs6043708
chr20	16062763	rs16997056
chr20	16064333	rs809587
chr20	16065034	rs775122
chr20	16065582	rs775121
chr20	16065679	rs6080112
chr20	16065880	rs775119
chr20	16066126	rs17646021
chr20	16068642	rs16997071
chr20	16072722	rs813522
chr20	16073937	rs775146
chr20	16073978	rs16997082
chr20	16074337	rs16997087
chr20	16074443	rs6105521
chr20	16074627	rs775144
chr20	16075535	rs2066089
chr20	16079760	rs6034377
chr20	16081241	rs6135660
chr20	16082698	rs6075003
chr20	16082798	rs6135661
chr20	16083473	rs1575445
chr20	16086119	rs6075004
chr20	16086660	rs6080119
chr20	16088358	rs6080120
chr20	16088432	rs6075006
chr20	16092565	rs11696648
chr20	16093550	rs6080123
chr20	16093565	rs6080124
chr20	16094116	rs6135669
chr20	16094909	rs4814430
chr20	16095076	rs1236783
chr20	16095377	rs1225897
chr20	16096052	rs1033859
chr20	16096222	rs1235189
chr20	16097620	rs809588
chr20	16098122	rs6105524
chr20	16100254	rs6135674
chr20	16101575	rs775141
chr20	16106760	rs6110905
chr20	16108056	rs6131779
chr20	16110386	rs6043738
chr20	16110814	rs6043741
chr20	16111070	rs6105527
chr20	16111971	rs1923951
chr20	16115442	rs991720
chr20	16116425	rs1323306
chr20	16120598	rs6043752
chr20	16121246	rs16997215
chr20	16123602	rs1323312
chr20	16124430	rs16997216
chr20	16125395	rs6080131
chr20	16125792	rs6135681
chr20	16126334	rs2760542
chr20	16126591	rs1407825
chr20	16126768	rs753665
chr20	16127725	rs912182
chr20	16129106	rs2760543
chr20	16130383	rs912183
chr20	16132628	rs965627
chr20	16132679	rs17726942
chr20	16132858	rs1359065
chr20	16134916	rs2760547
chr20	16135979	rs2760550
chr20	16137645	rs2760551
chr20	16137808	rs6080134
chr20	16140118	rs2788928
chr20	16145050	rs2760555
chr20	16145453	rs7273081
chr20	16147655	rs1323303
chr20	16154348	rs1590334
chr20	16154880	rs6110922
chr20	16155875	rs1923958
chr20	16157377	rs4814438
chr20	16157604	rs4239715
chr20	16157691	rs4239716
chr20	16158363	rs1890496
chr20	16158708	rs6080149
chr20	16160511	rs6043772
chr20	16161287	rs6110927
chr20	16161688	rs6080154
chr20	16163700	rs871913
chr20	16164630	rs8114494
chr20	16166097	rs4814441
chr20	16167275	rs6105535
chr20	16167824	rs6105536
chr20	16168307	rs6080160
chr20	16168498	rs17728059
chr20	16168815	rs11698862
chr20	16169361	rs3859631
chr20	16169504	rs6080161
chr20	16169819	rs6043775
chr20	16170921	rs6080163
chr20	16172865	rs6131788
chr20	16173324	rs6131789
chr20	16176100	rs6131790
chr20	16177653	rs6135693
chr20	16179496	rs1329820
chr20	16179783	rs1329821
chr20	16181685	rs11697341
chr20	16183436	rs17655092
chr20	16184588	rs1571543
chr20	16185838	rs17655170
chr20	16185882	rs16997294
chr20	16186078	rs11906234
chr20	16187362	rs7262019
chr20	16187666	rs6135697
chr20	16187727	rs6043787
chr20	16187883	rs6110939
chr20	16189287	rs6080165
chr20	16189304	rs6080166
chr20	16189366	rs6080167
chr20	16190222	rs871515
chr20	16191622	rs6080169
chr20	16193483	rs4814446
chr20	16193559	rs4814447
chr20	16195558	rs10485547
chr20	16195658	rs4814451
chr20	16196252	rs6080171
chr20	16197553	rs4814452
chr20	16197616	rs4814453
chr20	16198181	rs6110945
chr20	16200100	rs6075029
chr20	16201896	rs16997320
chr20	16202767	rs3898081
chr20	16203327	rs3904199
chr20	16204823	rs7260918
chr20	16204860	rs6110956
chr20	16205384	rs6043802
chr20	16205733	rs4814454
chr20	16206947	rs6043807
chr20	16207547	rs6131795
chr20	16208618	rs2327990
chr20	16210041	rs11698421
chr20	16213231	rs6110964
chr20	16213990	rs6110966
chr20	16214491	rs6043813
chr20	16214723	rs17656044
chr20	16215152	rs6043814
chr20	16216759	rs4814456
chr20	16216865	rs6110969
chr20	16217951	rs6075033
chr20	16218677	rs6080177
chr20	16221376	rs6110972
chr20	16222025	rs6080181
chr20	16224511	rs6034414
chr20	16225632	rs6514663
chr20	16225824	rs6135707
chr20	16230210	rs6080185
chr20	16231207	rs4814457
chr20	16231976	rs4814459
chr20	16232669	rs913827
chr20	16233060	rs1028948
chr20	16235240	rs6105553
chr20	16235345	rs9784173
chr20	16237265	rs6110981
chr20	16237415	rs4814462
chr20	16238379	rs6080188
chr20	16240298	rs883968
chr20	16241448	rs6131805
chr20	16243163	rs4814463
chr20	16243220	rs2144897
chr20	16243277	rs1541065
chr20	16243312	rs1000121
chr20	16243496	rs10485548
chr20	16244151	rs1541066
chr20	16244197	rs6080191
chr20	16244850	rs2876423
chr20	16248624	rs6075037
chr20	16249745	rs2788914
chr20	16249774	rs6110984
chr20	16250922	rs2749753
chr20	16250967	rs2788915
chr20	16252032	rs2788916
chr20	16252349	rs6043838
chr20	16253098	rs6135716
chr20	16253561	rs1329827
chr20	16254240	rs2180444
chr20	16254469	rs2788919
chr20	16254674	rs2788920
chr20	16255850	rs2144895
chr20	16256192	rs6034432
chr20	16256293	rs6105555
chr20	16257096	rs6110988
chr20	16257378	rs6105557
chr20	16260373	rs6075039
chr20	16260771	rs12480506
chr20	16263961	rs11908227
chr20	16265006	rs3848792
chr20	16265134	rs2257057
chr20	16266594	rs3848793
chr20	16267808	rs877500
chr20	16269221	rs2282054
chr20	16269469	rs17730831
chr20	16269509	rs10485549
chr20	16270177	rs17730901
chr20	16270438	rs4814465
chr20	16271120	rs6075040
chr20	16272336	rs2014
chr20	16275992	rs6111004
chr20	16276267	rs6111005
chr20	16276433	rs4416282
chr20	16276839	rs6111006
chr20	16277874	rs11907241
chr20	16278472	rs2328012
chr20	16278687	rs2328013
chr20	16278879	rs6043847
chr20	16279170	rs6105563
chr20	16281715	rs718610
chr20	16281900	rs6105564
chr20	16283163	rs6043852
chr20	16283866	rs6080201
chr20	16284417	rs3843773
chr20	16284961	rs6034439
chr20	16285125	rs6043854
chr20	16285977	rs6075041
chr20	16287666	rs6043856
chr20	16287862	rs6080204
chr20	16291059	rs7271656
chr20	16291205	rs2328014
chr20	16291544	rs6034445
chr20	16291921	rs6080210
chr20	16292419	rs6080211
chr20	16293020	rs6043875
chr20	16293187	rs6111020
chr20	16293208	rs6111021
chr20	16293470	rs6034446
chr20	16294380	rs7264985
chr20	16294893	rs6111026
chr20	16294985	rs6111027
chr20	16295662	rs6075045
chr20	16296985	rs6080212
chr20	16298823	rs6080214
chr20	16303253	rs1884604
chr20	16305985	rs4563306
chr20	16306201	rs6080217
chr20	16310042	rs913826
chr20	16310361	rs6111042
chr20	16311570	rs17659054
chr20	16315059	rs12480966
chr20	16315799	rs6080222
chr20	16317246	rs13043684
chr20	16318374	rs4814468
chr20	16321890	rs7273594
chr20	16322632	rs17737952
chr20	16323395	rs1329819
chr20	16331884	rs1884606
chr20	16334333	rs8118662
chr20	16336705	rs6111060
chr20	16338938	rs6034458
chr20	16341554	rs4814474
chr20	16342761	rs6075050
chr20	16344204	rs6043904
chr20	16344495	rs2144883
chr20	16344624	rs4814475
chr20	16345220	rs6080233
chr20	16345464	rs17670690
chr20	16347180	rs2328019
chr20	16347198	rs2180441
chr20	16350083	rs13040489
chr20	16351472	rs13041027
chr20	16352030	rs7266663
chr20	16353357	rs6080236
chr20	16355249	rs6111071
chr20	16355666	rs6111072
chr20	16356049	rs6135739
chr20	16358213	rs6080241
chr20	16358263	rs6043911
chr20	16359780	rs2144885
chr20	16359813	rs2144886
chr20	16360191	rs2180443
chr20	16364588	rs2144891
chr20	16365794	rs6111075
chr20	16365950	rs12479724
chr20	16366671	rs4814478
chr20	16366945	rs6080245
chr20	16366997	rs1884597
chr20	16369026	rs2328020
chr20	16369853	rs6080246
chr20	16371903	rs3746783
chr20	16374609	rs2876427
chr20	16378922	rs6034464
chr20	16379005	rs8116503
chr20	16379532	rs2236144
chr20	16379574	rs2236145
chr20	16383948	rs6034465
chr20	16384077	rs6034466
chr20	16387161	rs4814480
chr20	16387499	rs7260832
chr20	16387691	rs4814482
chr20	16390335	rs6105592
chr20	16392170	rs8124834
chr20	16394005	rs1884600
chr20	16395828	rs4814484
chr20	16396455	rs6034469
chr20	16397820	rs6131818
chr20	16399060	rs4814489
chr20	16400981	rs6043924
chr20	16404678	rs3746785
chr20	16411464	rs1304062
chr20	16411493	rs6111100
chr20	16413206	rs2144944
chr20	16417432	rs6135748
chr20	16418234	rs6080252
chr20	16418706	rs6135750
chr20	16419202	rs1884660
chr20	16423282	rs6080255
chr20	16425956	rs11087166
chr20	16427481	rs6080259
chr20	16427627	rs12625552
chr20	16428572	rs761901
chr20	16430210	rs6111113
chr20	16432119	rs8120353
chr20	16432814	rs6075055
chr20	16434041	rs6043943
chr20	16434873	rs6043944
chr20	16435224	rs13044096
chr20	16438600	rs12624346
chr20	16440109	rs6034477
chr20	16443451	rs6135757
chr20	16446317	rs7271622
chr20	16447153	rs6043954
chr20	16451503	rs10485553
chr20	16451747	rs11087169
chr20	16453574	rs6105606
chr20	16454852	rs6111138
chr20	16458905	rs7348023
chr20	16459799	rs4814499
chr20	16464818	rs1028539
chr20	16465387	rs1028540
chr20	16466722	rs7263619
chr20	16467377	rs6043968
chr20	16467560	rs4814501
chr20	16468164	rs6043973
chr20	16469808	rs6034485
chr20	16470997	rs6043979
chr20	16475129	rs932541
chr20	16475387	rs6111151
chr20	16475443	rs6111152
chr20	16478664	rs6044001
chr20	16479142	rs6034491
chr20	16480070	rs6044003
chr20	16481936	rs6111158
chr20	16484031	rs6034497
chr20	16484113	rs6034498
chr20	16486582	rs17741081
chr20	16486705	rs6044011
chr20	16486951	rs6044015
chr20	16487381	rs6135763
chr20	16487542	rs17673447
chr20	16487641	rs1002911
chr20	16488874	rs11905366
chr20	16489836	rs6044019
chr20	16489925	rs6044020
chr20	16492180	rs2143988
chr20	16497846	rs2143983
chr20	16498483	rs8123698
chr20	16499661	rs6131830
chr20	16499705	rs6135765
chr20	16505240	rs11698029
chr20	16506053	rs2295115
chr20	16507140	rs6034509
chr20	16507438	rs6135769
chr20	16512888	rs6135775
chr20	16512935	rs6135776
chr20	16513259	rs8117456
chr20	16514274	rs6044044
chr20	16515351	rs6135780
chr20	16515770	rs6131837
chr20	16516824	rs6044051
chr20	16517409	rs6034511
chr20	16517587	rs6034512
chr20	16518438	rs6080280
chr20	16518612	rs6044053
chr20	16525371	rs1080954
chr20	16525653	rs6135784
chr20	16525676	rs10485555
chr20	16525724	rs720592
chr20	16525737	rs10485556
chr20	16526294	rs6034517
chr20	16527181	rs6131839
chr20	16527416	rs6135786
chr20	16529379	rs6080286
chr20	16531218	rs6075065
chr20	16531346	rs7352372
chr20	16532615	rs6044080
chr20	16532788	rs6080290
chr20	16538348	rs6044094
chr20	16538593	rs7267108
chr20	16540802	rs6034523
chr20	16543062	rs6044098
chr20	16544284	rs6044099
chr20	16544327	rs6044100
chr20	16544822	rs6044102
chr20	16548269	rs6075069
chr20	16551775	rs4814507
chr20	16551896	rs6111174
chr20	16552106	rs16997876
chr20	16552233	rs6514689
chr20	16552395	rs17675492
chr20	16552517	rs16997877
chr20	16553167	rs6034527
chr20	16554303	rs6135795
chr20	16555769	rs6044112
chr20	16555779	rs6075070
chr20	16558523	rs6111177
chr20	16559224	rs1555197
chr20	16559390	rs12106039
chr20	16559955	rs1004895
chr20	16560875	rs6044117
chr20	16564203	rs6075071
chr20	16566201	rs4813224
chr20	16566921	rs6044127
chr20	16573901	rs6080303
chr20	16574387	rs6044134
chr20	16574741	rs6044135
chr20	16577348	rs6044140
chr20	16577615	rs13044683
chr20	16578761	rs6514692
chr20	16578863	rs926773
chr20	16579498	rs6044143
chr20	16580345	rs2143989
chr20	16580558	rs997972
chr20	16582627	rs6135804
chr20	16583565	rs4814512
chr20	16586557	rs3746786
chr20	16587892	rs910319
chr20	16590289	rs2277777
chr20	16590373	rs2277778
chr20	16590544	rs6080311
chr20	16590821	rs6075078
chr20	16590904	rs6080312
chr20	16594230	rs6044156
chr20	16595297	rs2207205
chr20	16597541	rs6080314
chr20	16597976	rs6131849
chr20	16598583	rs2328048
chr20	16600246	rs6080317
chr20	16601803	rs12329492
chr20	16604669	rs928624
chr20	16605422	rs6080320
chr20	16607663	rs945240
chr20	16607950	rs7352087
chr20	16608358	rs6080322
chr20	16611829	rs2152188
chr20	16612514	rs1105853
chr20	16613928	rs6044166
chr20	16615825	rs6044167
chr20	16616679	rs6034554
chr20	16616966	rs11697576
chr20	16620874	rs4813230
chr20	16622004	rs6044175
chr20	16622646	rs6131851
chr20	16622951	rs4813231
chr20	16624059	rs6111204
chr20	16624365	rs6080335
chr20	16624431	rs6075087
chr20	16624556	rs6080336
chr20	16624573	rs6080337
chr20	16625126	rs6075088
chr20	16626409	rs6044176
chr20	16627103	rs6111205
chr20	16627325	rs6111206
chr20	16631333	rs6111207
chr20	16632266	rs4813233
chr20	16632463	rs6135815
chr20	16635090	rs2050406
chr20	16636172	rs4814520
chr20	16637138	rs6111212
chr20	16642046	rs870255
chr20	16642448	rs1105701
chr20	16642571	rs1105700
chr20	16644206	rs2210750
chr20	16644851	rs6111220
chr20	16645217	rs7268334
chr20	16645437	rs964216
chr20	16647268	rs13038362
chr20	16647524	rs2328050
chr20	16647592	rs2328051
chr20	16647781	rs2328052
chr20	16648283	rs4814524
chr20	16648795	rs6111222
chr20	16648834	rs6111223
chr20	16648956	rs6111224
chr20	16651722	rs10485560
chr20	16651764	rs6135823
chr20	16652020	rs6111227
chr20	16652451	rs4814526
chr20	16654393	rs4813237
chr20	16654903	rs6080350
chr20	16660256	rs16998035
chr20	16661502	rs7361672
chr20	16662727	rs6080358
chr20	16662776	rs17745751
chr20	16662824	rs4813238
chr20	16662994	rs13039735
chr20	16663311	rs12479697
chr20	16663386	rs11087179
chr20	16663484	rs11697065
chr20	16666467	rs6111235
chr20	16666824	rs1885578
chr20	16668176	rs4814531
chr20	16668564	rs6080363
chr20	16668868	rs4814533
chr20	16668941	rs4814534
chr20	16669557	rs6111237
chr20	16669805	rs6044207
chr20	16670050	rs6044208
chr20	16670108	rs6111239
chr20	16671832	rs6044211
chr20	16673319	rs4599186
chr20	16673510	rs2328024
chr20	16673876	rs4239719
chr20	16674840	rs6044214
chr20	16676863	rs6044218
chr20	16677655	rs6044224
chr20	16677769	rs2876433
chr20	16679257	rs6135844
chr20	16679340	rs1885569
chr20	16679517	rs1885572
chr20	16680721	rs6111245
chr20	16682424	rs6044228
chr20	16683913	rs7265367
chr20	16684145	rs12106087
chr20	16684587	rs6044230
chr20	16685245	rs6034572
chr20	16685316	rs7260906
chr20	16685408	rs2146220
chr20	16685488	rs17746783
chr20	16687958	rs6044231
chr20	16688766	rs6044234
chr20	16692053	rs6044240
chr20	16694747	rs17747000
chr20	16695559	rs17747030
chr20	16697201	rs6034575
chr20	16697306	rs4441544
chr20	16697567	rs2208766
chr20	16699565	rs4814541
chr20	16699971	rs17684891
chr20	16701153	rs6044250
chr20	16702290	rs6044253
chr20	16703133	rs6135858
chr20	16708128	rs17685065
chr20	16713957	rs6044262
chr20	16714741	rs2206654
chr20	16715817	rs7269423
chr20	16716820	rs6135865
chr20	16718155	rs4814547
chr20	16719806	rs2206651
chr20	16721856	rs761228
chr20	16721930	rs6111255
chr20	16722018	rs11907513
chr20	16722606	rs2423994
chr20	16726753	rs2092470
chr20	16727519	rs3787508
chr20	16728427	rs3761299
chr20	16729017	rs3761296
chr20	16729208	rs3761295
chr20	16730146	rs2073055
chr20	16731635	rs6111262
chr20	16734760	rs12481238
chr20	16735430	rs2423995
chr20	16735699	rs6075098
chr20	16736400	rs6044276
chr20	16739639	rs2423997
chr20	16741247	rs1051179
chr20	16742131	rs2423999
chr20	16742280	rs3171297
chr20	16744125	rs4813245
chr20	16744583	rs6075099
chr20	16744933	rs2057030
chr20	16745423	rs6034592
chr20	16745538	rs6111267
chr20	16746088	rs11696750
chr20	16747214	rs6135875
chr20	16747384	rs3761294
chr20	16747842	rs2143510
chr20	16748052	rs3787506
chr20	16748403	rs17686437
chr20	16748493	rs6135876
chr20	16748617	rs6080387
chr20	16749834	rs6075101
chr20	16749877	rs6135878
chr20	16751359	rs12479958
chr20	16753203	rs4814550
chr20	16755628	rs6034593
chr20	16759207	rs6080397
chr20	16759597	rs6105651
chr20	16759776	rs6080399
chr20	16759952	rs4814551
chr20	16760076	rs1555127
chr20	16760180	rs4491792
chr20	16760514	rs4814553
chr20	16762340	rs16998225
chr20	16763266	rs6080400
chr20	16764149	rs10084490
chr20	16764928	rs6111273
chr20	16764947	rs6111274
chr20	16765073	rs6135887
chr20	16766297	rs6044296
chr20	16766899	rs6044299
chr20	16767093	rs6111277
chr20	16767567	rs6044302
chr20	16767921	rs6044305
chr20	16772676	rs4813248
chr20	16773234	rs2328075
chr20	16773340	rs6080411
chr20	16777533	rs6135896
chr20	16778457	rs6044318
chr20	16780960	rs4813250
chr20	16794449	rs2206655
chr20	16795203	rs6075114
chr20	16796271	rs6044344
chr20	16803308	rs6075116
chr20	16803492	rs6044354
chr20	16805126	rs6044359
chr20	16805161	rs6105661
chr20	16805352	rs11699435
chr20	16806058	rs6034624
chr20	16806669	rs6080436
chr20	16807173	rs6044366
chr20	16807329	rs6034626
chr20	16808175	rs6131866
chr20	16811555	rs6135909
chr20	16811596	rs6034629
chr20	16812363	rs6111303
chr20	16814005	rs6044374
chr20	16815012	rs714509
chr20	16815098	rs13043192
chr20	16815945	rs8120948
chr20	16819730	rs1883698
chr20	16821113	rs6044385
chr20	16821784	rs6044386
chr20	16823584	rs1072083
chr20	16828439	rs6131868
chr20	16828572	rs6044397
chr20	16828982	rs6034640
chr20	16829165	rs6044398
chr20	16830789	rs17688807
chr20	16831557	rs6044410
chr20	16832387	rs16998372
chr20	16832456	rs10485563
chr20	16832467	rs17762326
chr20	16832657	rs6044412
chr20	16833042	rs6044413
chr20	16835561	rs6034646
chr20	16837061	rs6044417
chr20	16837180	rs6111309
chr20	16842047	rs6044421
chr20	16843716	rs6044425
chr20	16844288	rs6044426
chr20	16846907	rs6044430
chr20	16847116	rs2208273
chr20	16851248	rs6080452
chr20	16851450	rs6135923
chr20	16857633	rs2208274
chr20	16859193	rs761959
chr20	16859513	rs6044450
chr20	16861631	rs6075131
chr20	16862406	rs6044461
chr20	16862840	rs6044462
chr20	16864049	rs6080455
chr20	16864880	rs2014755
chr20	16866112	rs1040784
chr20	16873825	rs2224355
chr20	16874201	rs2328059
chr20	16874575	rs6080459
chr20	16876100	rs2208277
chr20	16876399	rs41521747
chr20	16876894	rs997424
chr20	16877699	rs2093144
chr20	16877986	rs6111325
chr20	16878012	rs6044480
chr20	16879071	rs17763056
chr20	16885298	rs2328109
chr20	16885638	rs6080469
chr20	16886358	rs1884858
chr20	16886761	rs10222023
chr20	16886780	rs1884859
chr20	16887520	rs13038015
chr20	16892620	rs2328111
chr20	16895329	rs6044500
chr20	16901661	rs927153
chr20	16902010	rs7264873
chr20	16903852	rs6044502
chr20	16907070	rs6044503
chr20	16907074	rs6080482
chr20	16913648	rs17690253
chr20	16918923	rs2224306
chr20	16918932	rs2057245
chr20	16919453	rs6044510
chr20	16919591	rs6080491
chr20	16919834	rs714637
chr20	16920743	rs2208149
chr20	16921241	rs6080492
chr20	16921719	rs4239721
chr20	16924684	rs6080493
chr20	16926260	rs991747
chr20	16926784	rs6080495
chr20	16926991	rs11697579
chr20	16927894	rs1535221
chr20	16937972	rs6034689
chr20	16940049	rs13043102
chr20	16941937	rs6034690
chr20	16942008	rs1028372
chr20	16942057	rs2143272
chr20	16943097	rs16998470
chr20	16946451	rs2424004
chr20	16946623	rs768445
chr20	16950158	rs6075150
chr20	16950405	rs2424008
chr20	16950528	rs2424009
chr20	16951831	rs6080504
chr20	16953963	rs6105683
chr20	16954005	rs6044532
chr20	16958139	rs6080506
chr20	16964284	rs6044537
chr20	16967124	rs2068078
chr20	16967789	rs2424016
chr20	16968230	rs13041557
chr20	16968856	rs2424019
chr20	16969943	rs16998509
chr20	16971696	rs742453
chr20	16974638	rs1883551
chr20	16975245	rs4371418
chr20	16976452	rs6111368
chr20	16977119	rs4813259
chr20	16984757	rs2206498
chr20	16985403	rs6034708
chr20	16986636	rs6034709
chr20	16988191	rs7271862
chr20	16988274	rs6044554
chr20	16988369	rs41492957
chr20	16988740	rs6034710
chr20	16990156	rs4814579
chr20	16995464	rs6111375
chr20	16997301	rs6044560
chr20	16998784	rs6080527
chr20	16999494	rs6034713
chr20	17002273	rs6044565
chr20	17002953	rs11697842
chr20	17006874	rs981506
chr20	17011051	rs13037370
chr20	17011347	rs4317000
chr20	17011970	rs1016214
chr20	17013040	rs6080533
chr20	17013667	rs7263422
chr20	17013692	rs1883552
chr20	17015048	rs17692104
chr20	17017730	rs763771
chr20	17019111	rs2206496
chr20	17019725	rs7272488
chr20	17021228	rs2206495
chr20	17023022	rs2235615
chr20	17026765	rs34381147
chr20	17028277	rs12480509
chr20	17028659	rs41499348
chr20	17028788	rs41531847
chr20	17029200	rs2072983
chr20	17034972	rs4814581
chr20	17038329	rs16998603
chr20	17040329	rs10485566
chr20	17041438	rs16998606
chr20	17041852	rs6044586
chr20	17042585	rs9789779
chr20	17043462	rs4814582
chr20	17048849	rs6080539
chr20	17049453	rs6034731
chr20	17050556	rs2057
chr20	17051494	rs17771883
chr20	17055540	rs7270082
chr20	17057231	rs6075164
chr20	17057618	rs6075165
chr20	17059314	rs6080544
chr20	17059708	rs7274416
chr20	17060431	rs7261795
chr20	17062698	rs6131892
chr20	17064830	rs4814585
chr20	17065281	rs6514765
chr20	17065296	rs6075167
chr20	17069524	rs6080549
chr20	17069617	rs16998644
chr20	17071658	rs6131893
chr20	17073132	rs4396776
chr20	17074869	rs1987600
chr20	17075276	rs12480240
chr20	17079716	rs6131894
chr20	17083117	rs6131897
chr20	17083744	rs6044612
chr20	17087894	rs1340940
chr20	17088386	rs766893
chr20	17090073	rs708987
chr20	17091036	rs956110
chr20	17091398	rs10485567
chr20	17094032	rs1340943
chr20	17095566	rs16998726
chr20	17096303	rs1417563
chr20	17097103	rs852017
chr20	17097720	rs852019
chr20	17098364	rs16998735
chr20	17101005	rs8182714
chr20	17101118	rs852024
chr20	17101398	rs852025
chr20	17101533	rs852026
chr20	17101707	rs852028
chr20	17103424	rs852029
chr20	17103556	rs10485569
chr20	17105069	rs1417564
chr20	17105416	rs6034740
chr20	17105746	rs852035
chr20	17110808	rs6034742
chr20	17114129	rs1101129
chr20	17114565	rs1101130
chr20	17122215	rs852056
chr20	17122549	rs1101149
chr20	17122675	rs1101150
chr20	17123244	rs852058
chr20	17129975	rs6044641
chr20	17131064	rs6135981
chr20	17131322	rs1033807
chr20	17132043	rs1361514
chr20	17133654	rs6034751
chr20	17134239	rs6135982
chr20	17136179	rs6131907
chr20	17137038	rs1417566
chr20	17137071	rs1417567
chr20	17141948	rs852069
chr20	17147779	rs6044652
chr20	17148121	rs964958
chr20	17148437	rs2010316
chr20	17148696	rs852072
chr20	17149520	rs911902
chr20	17150624	rs852075
chr20	17151280	rs6075181
chr20	17152417	rs708984
chr20	17153615	rs6034754
chr20	17155501	rs708983
chr20	17156129	rs852079
chr20	17156344	rs852080
chr20	17158077	rs6135990
chr20	17161507	rs6135994
chr20	17162730	rs6135995
chr20	17162806	rs6135996
chr20	17166830	rs852090
chr20	17169270	rs852095
chr20	17170047	rs8120620
chr20	17172418	rs852099
chr20	17173151	rs852101
chr20	17173740	rs852102
chr20	17173810	rs6136003
chr20	17174050	rs1417557
chr20	17174137	rs852104
chr20	17174252	rs852105
chr20	17178431	rs852107
chr20	17180130	rs6131915
chr20	17181785	rs1101156
chr20	17190728	rs947088
chr20	17197789	rs1578411
chr20	17199350	rs1578409
chr20	17200653	rs6044678
chr20	17202839	rs6080603
chr20	17204107	rs6136020
chr20	17205717	rs6044680
chr20	17208229	rs6080604
chr20	17209546	rs6131920
chr20	17213024	rs7274133
chr20	17214186	rs9679796
chr20	17214420	rs1582183
chr20	17216235	rs1578408
chr20	17221919	rs6136030
chr20	17222508	rs6136031
chr20	17227076	rs3818916
chr20	17229920	rs1578401
chr20	17231321	rs1592016
chr20	17232176	rs1578402
chr20	17232983	rs6034775
chr20	17237321	rs1578403
chr20	17240707	rs13041471
chr20	17240995	rs951843
chr20	17243839	rs10211683
chr20	17245799	rs4813265
chr20	17247009	rs12625236
chr20	17247024	rs6044696
chr20	17248099	rs1578405
chr20	17248251	rs8121977
chr20	17250418	rs8117463
chr20	17255935	rs1592022
chr20	17256260	rs4814600
chr20	17258873	rs13043551
chr20	17259052	rs722798
chr20	17261492	rs1340932
chr20	17264306	rs6136040
chr20	17265390	rs6044709
chr20	17267148	rs6044710
chr20	17268805	rs6044714
chr20	17269143	rs6044715
chr20	17270725	rs6105735
chr20	17271568	rs6080616
chr20	17271871	rs8117664
chr20	17272348	rs1417558
chr20	17273649	rs6111480
chr20	17275915	rs6044721
chr20	17278947	rs6075190
chr20	17280660	rs16998899
chr20	17280949	rs16998902
chr20	17282070	rs6136050
chr20	17282354	rs1934887
chr20	17283959	rs11696277
chr20	17287630	rs6111487
chr20	17291606	rs1024175
chr20	17293416	rs12624724
chr20	17294888	rs1417560
chr20	17298877	rs6131931
chr20	17300869	rs8183636
chr20	17301117	rs6044730
chr20	17302204	rs16998917
chr20	17307632	rs6136060
chr20	17308405	rs6111495
chr20	17309091	rs6136062
chr20	17311684	rs4814603
chr20	17314465	rs6136064
chr20	17315361	rs6044732
chr20	17316866	rs6080636
chr20	17317690	rs12480782
chr20	17323550	rs6111497
chr20	17326883	rs6044735
chr20	17330932	rs926492
chr20	17332809	rs2424074
chr20	17333318	rs8116679
chr20	17334546	rs2206454
chr20	17335297	rs6044739
chr20	17335317	rs6111511
chr20	17335371	rs6044740
chr20	17339412	rs6075193
chr20	17339925	rs6514790
chr20	17340158	rs6080641
chr20	17340268	rs6080642
chr20	17340617	rs6080643
chr20	17341740	rs4814604
chr20	17342042	rs6105744
chr20	17343358	rs2208203
chr20	17343924	rs8114053
chr20	17344131	rs6136076
chr20	17346159	rs981662
chr20	17346303	rs12480205
chr20	17347064	rs4814605
chr20	17347247	rs4814606
chr20	17348274	rs881659
chr20	17349080	rs737141
chr20	17349574	rs6080649
chr20	17350601	rs11905775
chr20	17350688	rs6044751
chr20	17351648	rs7266189
chr20	17353993	rs6136079
chr20	17354196	rs16990251
chr20	17354262	rs6080654
chr20	17354883	rs6075196
chr20	17355703	rs6075198
chr20	17357169	rs2021935
chr20	17359129	rs2208199
chr20	17361966	rs1077138
chr20	17364007	rs6044757
chr20	17366162	rs6080661
chr20	17367963	rs6131942
chr20	17370040	rs6034804
chr20	17373896	rs11696192
chr20	17374022	rs6080665
chr20	17375103	rs10485570
chr20	17375921	rs12106074
chr20	17376380	rs6075201
chr20	17376928	rs4814615
chr20	17377785	rs6034809
chr20	17378133	rs1570008
chr20	17379653	rs6034810
chr20	17380837	rs16999051
chr20	17381356	rs16999053
chr20	17382355	rs4814616
chr20	17383952	rs6080670
chr20	17386949	rs6044776
chr20	17387736	rs11698484
chr20	17387897	rs6044777
chr20	17388944	rs17715103
chr20	17389308	rs2021788
chr20	17390864	rs16999070
chr20	17392232	rs4814617
chr20	17392918	rs6034815
chr20	17393868	rs11698919
chr20	17399845	rs6111532
chr20	17399949	rs6034816
chr20	17400241	rs6105750
chr20	17400534	rs6131943
chr20	17402092	rs2206447
chr20	17403941	rs6080678
chr20	17404784	rs6105751
chr20	17405533	rs16999097
chr20	17406995	rs8123138
chr20	17407743	rs6080682
chr20	17407797	rs16999102
chr20	17408936	rs6044792
chr20	17409185	rs2217182
chr20	17409232	rs2859875
chr20	17410965	rs6080684
chr20	17418334	rs2269002
chr20	17419889	rs2269003
chr20	17421464	rs6080690
chr20	17424402	rs6075207
chr20	17425599	rs2876456
chr20	17427284	rs6131948
chr20	17427858	rs742424
chr20	17430198	rs6044808
chr20	17431213	rs7273642
chr20	17431553	rs7260694
chr20	17432695	rs8115774
chr20	17433228	rs6131949
chr20	17434574	rs6075209
chr20	17434773	rs2269010
chr20	17435133	rs2269011
chr20	17435314	rs2269012
chr20	17437944	rs6131950
chr20	17438364	rs6080697
chr20	17438526	rs6044814
chr20	17441333	rs2021786
chr20	17441418	rs2021785
chr20	17442395	rs13039651
chr20	17442466	rs6131952
chr20	17443694	rs2269015
chr20	17443864	rs6034829
chr20	17444061	rs2269016
chr20	17448508	rs6044827
chr20	17450452	rs6111539
chr20	17451688	rs13040219
chr20	17452434	rs2269023
chr20	17452953	rs6044832
chr20	17454617	rs6044833
chr20	17454919	rs2269025
chr20	17455926	rs13042787
chr20	17456844	rs919189
chr20	17457815	rs6131957
chr20	17461964	rs2269026
chr20	17462263	rs2269027
chr20	17462717	rs6075212
chr20	17464192	rs718740
chr20	17464804	rs2284915
chr20	17464890	rs2284916
chr20	17466365	rs2269032
chr20	17467230	rs956347
chr20	17467974	rs4290721
chr20	17469068	rs2269034
chr20	17470640	rs2072960
chr20	17471156	rs6136105
chr20	17472213	rs17779107
chr20	17472490	rs2269036
chr20	17474123	rs3898998
chr20	17474375	rs6136109
chr20	17475773	rs761015
chr20	17476198	rs726256
chr20	17477029	rs761018
chr20	17478498	rs6080708
chr20	17478939	rs6131961
chr20	17479260	rs3790337
chr20	17481505	rs11907226
chr20	17483272	rs6044842
chr20	17484568	rs6044845
chr20	17485504	rs7263582
chr20	17486387	rs6131964
chr20	17487744	rs761019
chr20	17490416	rs1076688
chr20	17491870	rs6080714
chr20	17493026	rs4814623
chr20	17494045	rs6105762
chr20	17494146	rs6080717
chr20	17494572	rs6136118
chr20	17495476	rs2239654
chr20	17496002	rs761020
chr20	17496120	rs6034836
chr20	17496947	rs6080719
chr20	17497106	rs6044850
chr20	17497136	rs6136119
chr20	17497913	rs6111548
chr20	17498659	rs6080720
chr20	17498972	rs11537702
chr20	17499085	rs6111549
chr20	17499118	rs2235585
chr20	17499582	rs13044625
chr20	17500569	rs2269039
chr20	17501250	rs2269040
chr20	17504721	rs6075218
chr20	17505191	rs2023509
chr20	17505467	rs2023508
chr20	17505931	rs6034837
chr20	17507770	rs3828011
chr20	17507991	rs3790329
chr20	17508299	rs6044855
chr20	17508555	rs17717798
chr20	17508768	rs1016211
chr20	17509636	rs6111553
chr20	17510745	rs6080726
chr20	17511229	rs2269047
chr20	17512110	rs1559956
chr20	17523456	rs2269051
chr20	17524581	rs2072958
chr20	17528369	rs3790328
chr20	17533507	rs6044864
chr20	17540253	rs201933
chr20	17542153	rs201932
chr20	17542275	rs201931
chr20	17542707	rs16999368
chr20	17543344	rs201930
chr20	17544258	rs201928
chr20	17545013	rs16999380
chr20	17556667	rs911356
chr20	17559507	rs763394
chr20	17561185	rs16999416
chr20	17565577	rs6105777
chr20	17571704	rs1407195
chr20	17575455	rs6034857
chr20	17575942	rs17791728
chr20	17577072	rs6044891
chr20	17580396	rs4814626
chr20	17582037	rs7269510
chr20	17586209	rs16999438
chr20	17586514	rs6044894
chr20	17586933	rs6044895
chr20	17592112	rs6136143
chr20	17597594	rs4813273
chr20	17600547	rs13038541
chr20	17604969	rs2273617
chr20	17607288	rs11907325
chr20	17608160	rs1051234
chr20	17610028	rs6136147
chr20	17610934	rs11698138
chr20	17612670	rs4814628
chr20	17612968	rs11699364
chr20	17613339	rs1885082
chr20	17614084	rs13734
chr20	17615510	rs1132274
chr20	17615574	rs12479820
chr20	17616086	rs2236250
chr20	17616400	rs2236251
chr20	17616686	rs911347
chr20	17616886	rs2236252
chr20	17618442	rs6105783
chr20	17618911	rs12480826
chr20	17619377	rs9768
chr20	17619712	rs11960
chr20	17623615	rs7261614
chr20	17628680	rs6034868
chr20	17630754	rs911351
chr20	17631132	rs3790325
chr20	17638179	rs3828009
chr20	17638809	rs3790320
chr20	17639447	rs7272683
chr20	17640556	rs7267054
chr20	17641482	rs6044930
chr20	17641784	rs2236255
chr20	17643440	rs1318352
chr20	17648517	rs6080761
chr20	17648794	rs3790316
chr20	17650928	rs7262442
chr20	17653134	rs6111593
chr20	17661283	rs6080765
chr20	17662462	rs6080766
chr20	17663347	rs6080767
chr20	17664843	rs12625919
chr20	17666116	rs8120179
chr20	17671758	rs3790308
chr20	17680098	rs6075234
chr20	17688921	rs7268801
chr20	17689784	rs6131985
chr20	17690202	rs6131987
chr20	17694326	rs6044957
chr20	17695061	rs6111616
chr20	17698755	rs6136169
chr20	17699353	rs6080785
chr20	17699899	rs2277868
chr20	17700027	rs3194551
chr20	17700610	rs911352
chr20	17702430	rs11696194
chr20	17702735	rs6080788
chr20	17703108	rs6080790
chr20	17706124	rs4814637
chr20	17706300	rs2180824
chr20	17706897	rs4813277
chr20	17707548	rs16999588
chr20	17708435	rs6075239
chr20	17709594	rs7264433
chr20	17710761	rs6131989
chr20	17712616	rs6034887
chr20	17715080	rs6111630
chr20	17716014	rs4814638
chr20	17717865	rs13042529
chr20	17718665	rs6080797
chr20	17721722	rs6111634
chr20	17722108	rs2039076
chr20	17722406	rs2296902
chr20	17723415	rs6044967
chr20	17724087	rs6080800
chr20	17724131	rs6080801
chr20	17724581	rs2296903
chr20	17725032	rs4814640
chr20	17725204	rs2296907
chr20	17726756	rs2182948
chr20	17729114	rs6080802
chr20	17730270	rs4814641
chr20	17730348	rs4814642
chr20	17730851	rs6034891
chr20	17731431	rs6044970
chr20	17733074	rs6044980
chr20	17733076	rs16999625
chr20	17733674	rs6034892
chr20	17733880	rs6044981
chr20	17733971	rs6044982
chr20	17736012	rs913457
chr20	17736182	rs913458
chr20	17740873	rs2077520
chr20	17744058	rs13039901
chr20	17744296	rs4814649
chr20	17745030	rs4814650
chr20	17746038	rs6044991
chr20	17746578	rs6136179
chr20	17748174	rs7352641
chr20	17749518	rs10470053
chr20	17749899	rs6044994
chr20	17752930	rs6075242
chr20	17753058	rs17793632
chr20	17753998	rs2769856
chr20	17754863	rs6131996
chr20	17756108	rs4814651
chr20	17756736	rs16999663
chr20	17758528	rs2618599
chr20	17759647	rs6105810
chr20	17759791	rs2149254
chr20	17761113	rs35426455
chr20	17761294	rs734732
chr20	17763987	rs6111664
chr20	17765782	rs13043600
chr20	17769173	rs6034901
chr20	17769254	rs6034902
chr20	17769745	rs8117187
chr20	17771366	rs7261451
chr20	17771668	rs16999677
chr20	17772934	rs241135
chr20	17774711	rs7274668
chr20	17776083	rs2745832
chr20	17779987	rs7264107
chr20	17781728	rs6045009
chr20	17782212	rs8120458
chr20	17783112	rs7270298
chr20	17784203	rs13038653
chr20	17784353	rs11699601
chr20	17785374	rs12479597
chr20	17786005	rs6136189
chr20	17786635	rs2245089
chr20	17786928	rs2745815
chr20	17788683	rs6080826
chr20	17790468	rs6080830
chr20	17793193	rs2618623
chr20	17793225	rs7265446
chr20	17793927	rs2245818
chr20	17793991	rs6075245
chr20	17794120	rs1999040
chr20	17794614	rs6080834
chr20	17796047	rs6105814
chr20	17796556	rs4813285
chr20	17797111	rs41395244
chr20	17797359	rs6080835
chr20	17799563	rs2618627
chr20	17799615	rs4814660
chr20	17799861	rs4814661
chr20	17799996	rs2745820
chr20	17800276	rs2745821
chr20	17800812	rs2745822
chr20	17801599	rs6514812
chr20	17808576	rs2143544
chr20	17808883	rs6132000
chr20	17809833	rs6111682
chr20	17810397	rs1831159
chr20	17810419	rs16823
chr20	17812200	rs1887688
chr20	17812767	rs2618617
chr20	17814408	rs10485572
chr20	17816785	rs2745831
chr20	17819927	rs6045023
chr20	17820071	rs6105818
chr20	17821030	rs6111688
chr20	17822088	rs2745833
chr20	17822504	rs7272789
chr20	17824467	rs2618534
chr20	17825546	rs6111689
chr20	17825838	rs2143543
chr20	17827881	rs4814666
chr20	17828196	rs1883724
chr20	17828522	rs2618537
chr20	17828653	rs6111692
chr20	17829950	rs1854301
chr20	17830150	rs1328330
chr20	17832222	rs6045027
chr20	17832449	rs241140
chr20	17832637	rs241139
chr20	17833955	rs806768
chr20	17834199	rs809379
chr20	17835019	rs389557
chr20	17835151	rs6045031
chr20	17835831	rs403848
chr20	17836343	rs6045032
chr20	17837496	rs6080859
chr20	17838854	rs398523
chr20	17839665	rs6080860
chr20	17842015	rs2745844
chr20	17842190	rs6111696
chr20	17843822	rs2618604
chr20	17846429	rs2618610
chr20	17848636	rs2745851
chr20	17854309	rs2618582
chr20	17854703	rs2618580
chr20	17859880	rs6080869
chr20	17861362	rs2252247
chr20	17861674	rs6034914
chr20	17863180	rs1977107
chr20	17865111	rs1073051
chr20	17865277	rs2328223
chr20	17867091	rs2745865
chr20	17867562	rs761248
chr20	17869696	rs6136213
chr20	17872606	rs2745796
chr20	17876256	rs2745799
chr20	17876817	rs2745800
chr20	17878200	rs6111714
chr20	17879062	rs2745803
chr20	17881170	rs240753
chr20	17881624	rs6105828
chr20	17885700	rs2618553
chr20	17885918	rs6075257
chr20	17886419	rs6080886
chr20	17886906	rs6080887
chr20	17887979	rs6111720
chr20	17888210	rs11699804
chr20	17888339	rs6111721
chr20	17888401	rs4814674
chr20	17888517	rs4814675
chr20	17888656	rs6045053
chr20	17889898	rs6105829
chr20	17890079	rs6105830
chr20	17895086	rs6080891
chr20	17895273	rs6045062
chr20	17896012	rs6080892
chr20	17897078	rs6045067
chr20	17897705	rs2618643
chr20	17899032	rs6045072
chr20	17899116	rs2749950
chr20	17899222	rs6105835
chr20	17900033	rs2618646
chr20	17901808	rs2618647
chr20	17902164	rs2618648
chr20	17902651	rs2749957
chr20	17902887	rs8125763
chr20	17903037	rs8125824
chr20	17903183	rs8125878
chr20	17903397	rs8121302
chr20	17905107	rs11697218
chr20	17906194	rs2618650
chr20	17908758	rs8123844
chr20	17909237	rs11699560
chr20	17910424	rs6080898
chr20	17912223	rs2618600
chr20	17914710	rs7266569
chr20	17914738	rs7273481
chr20	17918093	rs6075263
chr20	17919443	rs6045092
chr20	17924175	rs6045099
chr20	17928779	rs11696646
chr20	17930319	rs6045103
chr20	17932642	rs6045109
chr20	17934148	rs1555308
chr20	17934299	rs2180529
chr20	17934902	rs11697158
chr20	17940759	rs1884707
chr20	17940841	rs1884708
chr20	17940928	rs6514828
chr20	17941573	rs7267254
chr20	17943570	rs6080911
chr20	17945226	rs1884709
chr20	17949448	rs2295456
chr20	17949555	rs6075269
chr20	17949662	rs11697739
chr20	17950451	rs3736771
chr20	17952867	rs910900
chr20	17953042	rs910901
chr20	17954627	rs7268634
chr20	17955178	rs10485575
chr20	17958088	rs6132012
chr20	17958239	rs17802375
chr20	17961755	rs6080918
chr20	17964600	rs7271350
chr20	17966694	rs17802664
chr20	17967003	rs4519603
chr20	17968809	rs910902
chr20	17972928	rs8121408
chr20	17974395	rs6105851
chr20	17974510	rs6105852
chr20	17988781	rs6136251
chr20	17995393	rs6111780
chr20	17996541	rs6080927
chr20	17996905	rs11087239
chr20	17999920	rs6111783
chr20	17999942	rs6080929
chr20	18003950	rs6045134
chr20	18005414	rs910897
chr20	18012625	rs3748492
chr20	18012816	rs8120836
chr20	18024469	rs1976
chr20	18024956	rs2281543
chr20	18026062	rs6080941
chr20	18027202	rs6045141
chr20	18028031	rs6105858
chr20	18030254	rs6080944
chr20	18032471	rs1205254
chr20	18033910	rs7261260
chr20	18034219	rs6111800
chr20	18035114	rs17803282
chr20	18035592	rs6080945
chr20	18037494	rs6045156
chr20	18037823	rs6045157
chr20	18038027	rs6045160
chr20	18038630	rs4814685
chr20	18038816	rs4814686
chr20	18039057	rs6105860
chr20	18040381	rs2149475
chr20	18040781	rs2149474
chr20	18041433	rs6136266
chr20	18041527	rs1571431
chr20	18041718	rs6111803
chr20	18043172	rs12625384
chr20	18043403	rs6132020
chr20	18044568	rs1122812
chr20	18045272	rs6132022
chr20	18049713	rs4814689
chr20	18052563	rs6514835
chr20	18054925	rs6034947
chr20	18063283	rs6045173
chr20	18063788	rs6034955
chr20	18067440	rs6045177
chr20	18077417	rs6111818
chr20	18077534	rs6132025
chr20	18082908	rs6080964
chr20	18085435	rs4814694
chr20	18086718	rs6080967
chr20	18086998	rs6045188
chr20	18088914	rs13039840
chr20	18089652	rs4813300
chr20	18089684	rs4813301
chr20	18093200	rs2876488
chr20	18097908	rs1124933
chr20	18098487	rs17725255
chr20	18099053	rs6111826
chr20	18101562	rs11699002
chr20	18101784	rs4522678
chr20	18102081	rs6105875
chr20	18106305	rs1999086
chr20	18112538	rs6111842
chr20	18114088	rs7269870
chr20	18118170	rs8116431
chr20	18120632	rs1928099
chr20	18130797	rs4814699
chr20	18132842	rs6080991
chr20	18134799	rs6111852
chr20	18138763	rs6034985
chr20	18140117	rs6136307
chr20	18142378	rs11299
chr20	18143993	rs6132034
chr20	18144163	rs6080998
chr20	18144696	rs1205217
chr20	18144797	rs1205218
chr20	18148104	rs8116338
chr20	18150976	rs1009545
chr20	18153203	rs6045218
chr20	18154618	rs6111862
chr20	18158908	rs13045938
chr20	18161920	rs3828013
chr20	18162280	rs3748511
chr20	18162711	rs1205194
chr20	18166059	rs1205200
chr20	18168994	rs1205201
chr20	18173986	rs1205205
chr20	18175162	rs1205206
chr20	18186430	rs6081026
chr20	18186561	rs2244073
chr20	18187709	rs8517
chr20	18188293	rs3177093
chr20	18188632	rs4813304
chr20	18190633	rs6034989
chr20	18195857	rs6081034
chr20	18197580	rs6081035
chr20	18199229	rs17804332
chr20	18202325	rs6045246
chr20	18204790	rs6081038
chr20	18205118	rs4814705
chr20	18206955	rs2747405
chr20	18208272	rs2092727
chr20	18211607	rs1884104
chr20	18212609	rs6034993
chr20	18216088	rs6081050
chr20	18216532	rs2092729
chr20	18218138	rs6136330
chr20	18221193	rs979242
chr20	18224387	rs6075304
chr20	18229163	rs2424119
chr20	18238177	rs13045504
chr20	18246052	rs6081070
chr20	18246526	rs4814709
chr20	18252312	rs2424126
chr20	18254132	rs8123674
chr20	18254872	rs17804825
chr20	18255593	rs11698408
chr20	18255778	rs6132037
chr20	18256863	rs962500
chr20	18257406	rs6081077
chr20	18265466	rs2843438
chr20	18269010	rs6045309
chr20	18269549	rs4814714
chr20	18270692	rs2255172
chr20	18271195	rs2255184
chr20	18272729	rs910250
chr20	18272894	rs910249
chr20	18275127	rs6081085
chr20	18278748	rs2245003
chr20	18280202	rs6111901
chr20	18280958	rs4142319
chr20	18283824	rs2843434
chr20	18285989	rs910248
chr20	18287633	rs6045313
chr20	18292908	rs926718
chr20	18292955	rs926717
chr20	18293129	rs2103757
chr20	18296733	rs4814716
chr20	18299616	rs6075313
chr20	18303760	rs6035016
chr20	18305436	rs3829702
chr20	18309354	rs2284897
chr20	18310420	rs2424155
chr20	18311863	rs17732567
chr20	18312174	rs3918466
chr20	18313626	rs2284896
chr20	18314615	rs17805694
chr20	18315432	rs2228273
chr20	18315829	rs1050475
chr20	18316549	rs1050476
chr20	18317189	rs2253483
chr20	18319065	rs8116972
chr20	18320963	rs2253997
chr20	18321385	rs969710
chr20	18325701	rs1115258
chr20	18329527	rs2424158
chr20	18332188	rs6045335
chr20	18341326	rs7262420
chr20	18344711	rs2424167
chr20	18348172	rs2424171
chr20	18352237	rs6045357
chr20	18357163	rs7263014
chr20	18357694	rs6035028
chr20	18359213	rs2300813
chr20	18359587	rs2300812
chr20	18360552	rs17733006
chr20	18361170	rs2255868
chr20	18361374	rs2268949
chr20	18365549	rs2300811
chr20	18367419	rs2038237
chr20	18367636	rs4142318
chr20	18372689	rs926719
chr20	18372906	rs3966686
chr20	18378200	rs2300808
chr20	18378779	rs2300805
chr20	18378868	rs2300804
chr20	18380959	rs1883938
chr20	18381653	rs2328293
chr20	18381742	rs2295067
chr20	18385979	rs17733134
chr20	18387706	rs2076642
chr20	18392052	rs2207088
chr20	18394027	rs3752307
chr20	18394937	rs4361192
chr20	18396385	rs2295069
chr20	18400131	rs6045381
chr20	18406504	rs8123443
chr20	18408559	rs4814744
chr20	18409485	rs6136365
chr20	18410336	rs6132057
chr20	18410984	rs4814746
chr20	18412855	rs6075338
chr20	18412948	rs6136368
chr20	18415344	rs6035037
chr20	18415804	rs6035039
chr20	18416722	rs6045394
chr20	18420111	rs6132058
chr20	18422174	rs1543455
chr20	18425037	rs6105916
chr20	18426035	rs6132059
chr20	18426473	rs16979106
chr20	18431021	rs4813327
chr20	18431564	rs16979132
chr20	18432730	rs6105921
chr20	18437267	rs6081140
chr20	18437688	rs4814749
chr20	18440702	rs6111961
chr20	18441135	rs12625434
chr20	18441200	rs12624463
chr20	18444182	rs932580
chr20	18447789	rs6045407
chr20	18453177	rs2424197
chr20	18453214	rs6045411
chr20	18454391	rs2424200
chr20	18454537	rs2424201
chr20	18455156	rs6045413
chr20	18457155	rs6035046
chr20	18458310	rs6081150
chr20	18458966	rs2424204
chr20	18459240	rs2180660
chr20	18459541	rs2424205
chr20	18463412	rs6035048
chr20	18465319	rs6035051
chr20	18466452	rs12625681
chr20	18466480	rs16979225
chr20	18472020	rs6045426
chr20	18475735	rs16979233
chr20	18477416	rs6081157
chr20	18479997	rs6081160
chr20	18481777	rs1055171
chr20	18481848	rs4813332
chr20	18484029	rs1055177
chr20	18484357	rs5867
chr20	18490979	rs17734179
chr20	18492398	rs6075348
chr20	18493152	rs2424218
chr20	18493314	rs11087256
chr20	18496970	rs2247746
chr20	18497533	rs2424223
chr20	18498286	rs6136390
chr20	18500991	rs6081172
chr20	18502346	rs6136392
chr20	18502461	rs7262824
chr20	18503999	rs6132068
chr20	18506862	rs1022684
chr20	18507148	rs3762199
chr20	18510269	rs6075351
chr20	18511867	rs2295554
chr20	18515479	rs6045443
chr20	18525361	rs911114
chr20	18525483	rs941681
chr20	18526033	rs1109030
chr20	18527660	rs17734573
chr20	18528281	rs6075358
chr20	18529531	rs6081183
chr20	18532095	rs3818217
chr20	18532183	rs2295555
chr20	18532728	rs17807673
chr20	18532888	rs6081190
chr20	18532961	rs2295556
chr20	18534241	rs12481256
chr20	18535944	rs6035066
chr20	18540436	rs2093150
chr20	18541675	rs6045454
chr20	18542289	rs2273525
chr20	18543220	rs2295557
chr20	18547610	rs4814760
chr20	18560453	rs6514907
chr20	18570293	rs6045470
chr20	18574225	rs6075367
chr20	18583730	rs6132084
chr20	18587399	rs6132086
chr20	18588955	rs963435
chr20	18589047	rs10485582
chr20	18590928	rs6081232
chr20	18593603	rs6136423
chr20	18594755	rs6045490
chr20	18594773	rs6045491
chr20	18594841	rs6045492
chr20	18596336	rs6081237
chr20	18607005	rs11699119
chr20	18609101	rs6081242
chr20	18613739	rs1358801
chr20	18616397	rs6075378
chr20	18619931	rs6045514
chr20	18625084	rs7263884
chr20	18626653	rs6081256
chr20	18626825	rs6045520
chr20	18628670	rs2295573
chr20	18628958	rs6136445
chr20	18631343	rs6081261
chr20	18633963	rs927158
chr20	18634119	rs1040790
chr20	18634419	rs1040792
chr20	18635720	rs17735473
chr20	18637783	rs4814768
chr20	18638426	rs16979437
chr20	18639805	rs6045530
chr20	18644410	rs16979446
chr20	18644550	rs6081272
chr20	18652222	rs6136453
chr20	18655378	rs2180601
chr20	18662917	rs6132096
chr20	18664389	rs4813338
chr20	18671891	rs6081286
chr20	18672384	rs1018522
chr20	18672677	rs6136462
chr20	18676957	rs6132097
chr20	18678893	rs6136466
chr20	18681060	rs6136469
chr20	18682059	rs879399
chr20	18685614	rs6081299
chr20	18692152	rs6112068
chr20	18694836	rs6081303
chr20	18700044	rs2145247
chr20	18701000	rs6081311
chr20	18709460	rs6035106
chr20	18710637	rs6081318
chr20	18713197	rs6136485
chr20	18716811	rs6136490
chr20	18717021	rs7265126
chr20	18719417	rs16979505
chr20	18723723	rs6045570
chr20	18725837	rs911012
chr20	18726094	rs6132107
chr20	18726273	rs6075403
chr20	18730144	rs6081330
chr20	18732272	rs6081333
chr20	18732444	rs16979534
chr20	18733253	rs6081334
chr20	18734442	rs6075407
chr20	18736085	rs4814783
chr20	18736374	rs911011
chr20	18736497	rs6045574
chr20	18737080	rs6136499
chr20	18738217	rs6075409
chr20	18739182	rs868128
chr20	18739697	rs16979572
chr20	18739775	rs6081341
chr20	18744346	rs3827973
chr20	18745080	rs1884783
chr20	18746003	rs4814785
chr20	18748627	rs6112087
chr20	18748951	rs6136503
chr20	18749876	rs6075413
chr20	18750120	rs11906552
chr20	18750618	rs1884787
chr20	18752322	rs13037428
chr20	18753034	rs6075416
chr20	18754068	rs11904941
chr20	18754195	rs10485586
chr20	18754468	rs1884788
chr20	18754713	rs1884789
chr20	18754759	rs16979602
chr20	18762883	rs1079235
chr20	18763145	rs6081362
chr20	18763739	rs9139
chr20	18763935	rs6081365
chr20	18766814	rs2328334
chr20	18767344	rs6136509
chr20	18767421	rs6045588
chr20	18768198	rs6045590
chr20	18768771	rs4814789
chr20	18768827	rs16979624
chr20	18769363	rs4324384
chr20	18770030	rs6045594
chr20	18774947	rs6035127
chr20	18777605	rs1111034
chr20	18777980	rs1111036
chr20	18778621	rs1884795
chr20	18779277	rs2057272
chr20	18781070	rs6132112
chr20	18781393	rs8182677
chr20	18782357	rs17748663
chr20	18782522	rs6081369
chr20	18782973	rs859036
chr20	18783243	rs859035
chr20	18783254	rs16979644
chr20	18783687	rs41412744
chr20	18784329	rs1321324
chr20	18784363	rs1321323
chr20	18784596	rs708988
chr20	18785343	rs859034
chr20	18788298	rs6136514
chr20	18790226	rs6136515
chr20	18793786	rs17810890
chr20	18794591	rs7262320
chr20	18794826	rs7262363
chr20	18795265	rs859025
chr20	18796142	rs6081377
chr20	18796291	rs7264608
chr20	18796433	rs761351
chr20	18797336	rs3762220
chr20	18798623	rs3762222
chr20	18802611	rs11087265
chr20	18802849	rs6045621
chr20	18802877	rs11698371
chr20	18803456	rs4814796
chr20	18806997	rs6045625
chr20	18808506	rs1004777
chr20	18808585	rs2006779
chr20	18810502	rs6035133
chr20	18811152	rs13042967
chr20	18812573	rs6081382
chr20	18814070	rs1053834
chr20	18814110	rs1053839
chr20	18814469	rs6045628
chr20	18817367	rs6045633
chr20	18817411	rs6045634
chr20	18817755	rs6105966
chr20	18820026	rs41526044
chr20	18820392	rs6136523
chr20	18822789	rs4992207
chr20	18825402	rs6136525
chr20	18828338	rs8120864
chr20	18830061	rs6136530
chr20	18831730	rs17811095
chr20	18831843	rs6136533
chr20	18833519	rs6136534
chr20	18844160	rs6136538
chr20	18844668	rs6105974
chr20	18850168	rs4813344
chr20	18852566	rs6112130
chr20	18854634	rs2223738
chr20	18855017	rs2206876
chr20	18857141	rs2206875
chr20	18873606	rs6035146
chr20	18886012	rs6136554
chr20	18887010	rs6105981
chr20	18889260	rs6136555
chr20	18889416	rs6136556
chr20	18897427	rs6136558
chr20	18901576	rs2424226
chr20	18901860	rs2424227
chr20	18902198	rs979864
chr20	18905094	rs742731
chr20	18905128	rs731668
chr20	18906019	rs2876503
chr20	18906560	rs2038205
chr20	18906787	rs1997824
chr20	18907127	rs7261100
chr20	18908523	rs6045683
chr20	18909041	rs6136562
chr20	18910585	rs4305333
chr20	18911030	rs2424228
chr20	18912626	rs6035155
chr20	18912750	rs6045689
chr20	18913199	rs2057062
chr20	18914058	rs6035156
chr20	18914649	rs6132132
chr20	18916251	rs7268939
chr20	18918522	rs2424233
chr20	18920768	rs6045692
chr20	18921584	rs6132135
chr20	18921758	rs6112165
chr20	18924811	rs6081411
chr20	18925271	rs11698826
chr20	18927136	rs6075430
chr20	18928237	rs8120236
chr20	18928914	rs6136569
chr20	18929086	rs6136570
chr20	18929846	rs2208760
chr20	18933269	rs6075434
chr20	18940230	rs6105992
chr20	18944334	rs2008703
chr20	18946487	rs6112171
chr20	18948704	rs6045706
chr20	18948838	rs6105993
chr20	18949130	rs6105994
chr20	18949390	rs4814813
chr20	18955136	rs16979810
chr20	18956733	rs2328359
chr20	18959755	rs1555506
chr20	18960228	rs6112174
chr20	18960526	rs13043171
chr20	18961918	rs1555510
chr20	18964415	rs8116885
chr20	18970277	rs10485587
chr20	18970960	rs6081450
chr20	18971954	rs6081451
chr20	18972526	rs7262069
chr20	18973354	rs2224613
chr20	18973805	rs6035176
chr20	18973849	rs6112178
chr20	18974482	rs6075446
chr20	18978553	rs6035179
chr20	18978847	rs6081456
chr20	18981664	rs2104196
chr20	18983716	rs6045728
chr20	18986205	rs16979854
chr20	18986332	rs6045732
chr20	18987553	rs874468
chr20	18987729	rs874467
chr20	18988261	rs6106001
chr20	18992525	rs6075447
chr20	18994209	rs6045738
chr20	18995355	rs16979870
chr20	18999724	rs2104197
chr20	19000670	rs1106525
chr20	19001408	rs911896
chr20	19001821	rs12624846
chr20	19002330	rs6132146
chr20	19002399	rs6132147
chr20	19005020	rs17811886
chr20	19005198	rs1998382
chr20	19006084	rs1107458
chr20	19006510	rs6035189
chr20	19006826	rs6075448
chr20	19009307	rs1535487
chr20	19010501	rs2146215
chr20	19012470	rs2876507
chr20	19013086	rs6081461
chr20	19013408	rs716575
chr20	19013733	rs6045762
chr20	19014188	rs4814820
chr20	19015356	rs8113962
chr20	19015481	rs8119947
chr20	19017061	rs6045763
chr20	19019182	rs6045766
chr20	19023458	rs8124833
chr20	19024816	rs745552
chr20	19025469	rs7508866
chr20	19026455	rs17812022
chr20	19031000	rs6081464
chr20	19044992	rs6075455
chr20	19045143	rs6035202
chr20	19045296	rs12480352
chr20	19045692	rs6045783
chr20	19052198	rs4141980
chr20	19059644	rs2224632
chr20	19062981	rs6045798
chr20	19063630	rs2208793
chr20	19063728	rs16979961
chr20	19067279	rs6075458
chr20	19067989	rs6045803
chr20	19070073	rs6045806
chr20	19070206	rs2057402
chr20	19070458	rs6081474
chr20	19071892	rs6075459
chr20	19072348	rs1109825
chr20	19075087	rs1033815
chr20	19076091	rs6081476
chr20	19077060	rs6136613
chr20	19077526	rs6136614
chr20	19077644	rs6136615
chr20	19079869	rs6035211
chr20	19079912	rs6035212
chr20	19080472	rs6081479
chr20	19081416	rs6035213
chr20	19081977	rs6075463
chr20	19085134	rs6045817
chr20	19089508	rs6132156
chr20	19091161	rs2181244
chr20	19091284	rs17750219
chr20	19093935	rs6132157
chr20	19093976	rs6081488
chr20	19094560	rs2208795
chr20	19096119	rs6081489
chr20	19097006	rs6112221
chr20	19098493	rs17812308
chr20	19098649	rs7267946
chr20	19100050	rs6075468
chr20	19101823	rs13043431
chr20	19103564	rs6136625
chr20	19110252	rs6035220
chr20	19110437	rs6075471
chr20	19110904	rs6045834
chr20	19113658	rs12479781
chr20	19113934	rs6075473
chr20	19114590	rs6132158
chr20	19115981	rs6045837
chr20	19116819	rs6112234
chr20	19117621	rs6136629
chr20	19117867	rs6045843
chr20	19118391	rs6081495
chr20	19118441	rs6136630
chr20	19119504	rs2208796
chr20	19121053	rs1033814
chr20	19129128	rs6081506
chr20	19130612	rs6075475
chr20	19131095	rs927469
chr20	19133274	rs6112243
chr20	19133289	rs6112244
chr20	19135917	rs12106200
chr20	19137519	rs1570344
chr20	19144366	rs6035231
chr20	19146653	rs41319749
chr20	19146687	rs6045861
chr20	19146772	rs6045863
chr20	19152484	rs6081512
chr20	19154528	rs1885623
chr20	19160097	rs6035244
chr20	19162438	rs6035245
chr20	19168298	rs6045879
chr20	19171848	rs6075479
chr20	19171968	rs6045880
chr20	19173111	rs2328366
chr20	19177367	rs6035251
chr20	19180023	rs17812573
chr20	19180155	rs6081528
chr20	19181915	rs7272481
chr20	19182638	rs8119810
chr20	19186368	rs8114207
chr20	19193306	rs13041900
chr20	19198891	rs6081530
chr20	19199007	rs6035255
chr20	19205126	rs6045905
chr20	19205580	rs16980218
chr20	19206071	rs988069
chr20	19207582	rs6075485
chr20	19207624	rs17750573
chr20	19208238	rs927472
chr20	19209551	rs3748483
chr20	19214675	rs6112257
chr20	19216786	rs2328368
chr20	19217646	rs6112259
chr20	19217823	rs3827975
chr20	19219964	rs13043855
chr20	19220625	rs1547100
chr20	19225186	rs6035258
chr20	19228326	rs6075489
chr20	19230761	rs1033546
chr20	19231033	rs6112262
chr20	19231448	rs6112263
chr20	19232246	rs6081541
chr20	19234998	rs723768
chr20	19235883	rs6136659
chr20	19239684	rs6106042
chr20	19240193	rs3790166
chr20	19240267	rs3790167
chr20	19241692	rs16980240
chr20	19242058	rs1883941
chr20	19242412	rs6035263
chr20	19243873	rs13039708
chr20	19243943	rs6081547
chr20	19245440	rs7265772
chr20	19246994	rs4140454
chr20	19247595	rs6106047
chr20	19250488	rs8124502
chr20	19254699	rs12481485
chr20	19255246	rs1012646
chr20	19258101	rs761465
chr20	19260832	rs4814836
chr20	19261036	rs4814837
chr20	19261627	rs6045939
chr20	19265079	rs6081555
chr20	19266950	rs6045943
chr20	19269275	rs8122378
chr20	19270329	rs932459
chr20	19273929	rs3790170
chr20	19274204	rs6045946
chr20	19275156	rs879152
chr20	19275596	rs2295073
chr20	19277749	rs3790171
chr20	19278247	rs6136670
chr20	19279682	rs6112287
chr20	19280979	rs1569767
chr20	19281278	rs3790176
chr20	19282333	rs6035269
chr20	19285135	rs6035270
chr20	19285159	rs6045949
chr20	19288617	rs16980299
chr20	19289837	rs6035274
chr20	19291296	rs1033549
chr20	19291566	rs6035275
chr20	19298289	rs6045975
chr20	19300015	rs6081560
chr20	19300629	rs3827977
chr20	19303836	rs6035283
chr20	19305504	rs6112304
chr20	19311120	rs16980339
chr20	19311224	rs6112308
chr20	19312282	rs6045989
chr20	19315322	rs2143856
chr20	19317705	rs7269490
chr20	19323433	rs3790181
chr20	19329399	rs6136681
chr20	19333482	rs6075501
chr20	19334619	rs6136684
chr20	19338193	rs2223848
chr20	19338740	rs8114946
chr20	19339202	rs4814838
chr20	19340290	rs1006268
chr20	19343257	rs2024617
chr20	19344000	rs6081576
chr20	19350411	rs6046009
chr20	19352758	rs6046010
chr20	19353404	rs6514997
chr20	19354799	rs2179819
chr20	19355035	rs6046013
chr20	19357925	rs6075502
chr20	19359137	rs6035306
chr20	19360075	rs7265616
chr20	19360192	rs742821
chr20	19360687	rs728481
chr20	19360798	rs2009871
chr20	19361806	rs6035308
chr20	19365540	rs6046024
chr20	19365654	rs1033547
chr20	19366531	rs980521
chr20	19367916	rs6075505
chr20	19368247	rs6035311
chr20	19372150	rs4814843
chr20	19372209	rs4814844
chr20	19372613	rs3790195
chr20	19375165	rs7263597
chr20	19378817	rs4814847
chr20	19380545	rs7509232
chr20	19381946	rs1569766
chr20	19382890	rs6035316
chr20	19383054	rs2295072
chr20	19383335	rs2424234
chr20	19384752	rs4813354
chr20	19391799	rs6136703
chr20	19392611	rs2223851
chr20	19395700	rs12233289
chr20	19402160	rs6515002
chr20	19404441	rs6046060
chr20	19406832	rs7264831
chr20	19408035	rs6035327
chr20	19418101	rs4813357
chr20	19418505	rs6112362
chr20	19419774	rs4813358
chr20	19421962	rs6112365
chr20	19424206	rs6106075
chr20	19424874	rs4814851
chr20	19425882	rs13044355
chr20	19426339	rs6046080
chr20	19428863	rs8118557
chr20	19428886	rs3790201
chr20	19429536	rs6035334
chr20	19429943	rs11907755
chr20	19430926	rs2328383
chr20	19431504	rs1076717
chr20	19433755	rs6046092
chr20	19434303	rs6136727
chr20	19435950	rs742598
chr20	19436426	rs6081598
chr20	19440297	rs2328385
chr20	19440998	rs3790209
chr20	19447248	rs1535020
chr20	19450373	rs6035340
chr20	19452670	rs4814856
chr20	19453492	rs2179601
chr20	19456895	rs6081600
chr20	19457012	rs13039734
chr20	19458956	rs7266021
chr20	19459349	rs6106080
chr20	19459367	rs6035345
chr20	19459524	rs4429536
chr20	19460083	rs6106082
chr20	19461006	rs3790217
chr20	19461905	rs6046109
chr20	19463266	rs6081603
chr20	19465613	rs6046113
chr20	19465731	rs6035349
chr20	19465982	rs16980635
chr20	19469139	rs2206638
chr20	19469312	rs6075514
chr20	19470450	rs6075515
chr20	19470679	rs6132208
chr20	19472496	rs6081606
chr20	19473847	rs3790221
chr20	19474559	rs6046121
chr20	19475416	rs6075517
chr20	19475820	rs6046126
chr20	19475925	rs6046127
chr20	19475993	rs6046129
chr20	19476866	rs3790222
chr20	19477234	rs3790224
chr20	19478684	rs4814858
chr20	19479388	rs6081611
chr20	19481563	rs6035353
chr20	19482708	rs761222
chr20	19482847	rs761221
chr20	19483030	rs761220
chr20	19488358	rs3790227
chr20	19488506	rs3790228
chr20	19489041	rs4814863
chr20	19497617	rs6046145
chr20	19497709	rs6046146
chr20	19501197	rs6046148
chr20	19503411	rs7264540
chr20	19503646	rs2294898
chr20	19504250	rs2294895
chr20	19506891	rs6046151
chr20	19508308	rs4813361
chr20	19509516	rs16980706
chr20	19512870	rs6081622
chr20	19514157	rs1109605
chr20	19517002	rs2206641
chr20	19517245	rs6112437
chr20	19518001	rs2067845
chr20	19518271	rs651862
chr20	19518331	rs598361
chr20	19518693	rs16980718
chr20	19519214	rs637027
chr20	19519258	rs636966
chr20	19519426	rs636116
chr20	19521507	rs2103701
chr20	19522234	rs592780
chr20	19522395	rs6075523
chr20	19523827	rs7269797
chr20	19524580	rs606246
chr20	19525611	rs660526
chr20	19526396	rs640553
chr20	19526466	rs6046158
chr20	19526520	rs3790240
chr20	19526929	rs6046160
chr20	19526998	rs6081633
chr20	19527087	rs11696394
chr20	19528205	rs16980779
chr20	19529274	rs6075524
chr20	19529303	rs1107684
chr20	19529366	rs2104462
chr20	19530752	rs6046162
chr20	19531942	rs10211763
chr20	19533427	rs8117177
chr20	19535610	rs6035372
chr20	19541030	rs2876537
chr20	19542021	rs6046168
chr20	19542412	rs3790254
chr20	19542672	rs4813362
chr20	19543914	rs6046169
chr20	19545422	rs6081636
chr20	19546294	rs2328406
chr20	19546579	rs6046170
chr20	19546864	rs2328409
chr20	19547193	rs6046172
chr20	19547870	rs3790256
chr20	19550191	rs4239730
chr20	19550522	rs16980823
chr20	19551565	rs2225027
chr20	19554612	rs942996
chr20	19555483	rs1555852
chr20	19557472	rs6081651
chr20	19558451	rs8117786
chr20	19559638	rs6046182
chr20	19561142	rs6112463
chr20	19562382	rs3934503
chr20	19564280	rs2148156
chr20	19566569	rs2328411
chr20	19566626	rs2328412
chr20	19566654	rs2328413
chr20	19567680	rs6035378
chr20	19574059	rs6112466
chr20	19578651	rs6046188
chr20	19579256	rs1536267
chr20	19580020	rs3790261
chr20	19580296	rs3790262
chr20	19580966	rs6075535
chr20	19581935	rs6112470
chr20	19583221	rs3827993
chr20	19584319	rs942992
chr20	19585027	rs17293432
chr20	19585049	rs3790267
chr20	19587335	rs16990398
chr20	19588067	rs6046193
chr20	19589867	rs6081671
chr20	19591397	rs6035385
chr20	19592069	rs2876538
chr20	19592748	rs6112481
chr20	19593532	rs6046200
chr20	19593646	rs6046201
chr20	19594529	rs3827998
chr20	19594618	rs3827999
chr20	19594629	rs3828000
chr20	19595401	rs6035387
chr20	19595425	rs6515028
chr20	19595592	rs6075538
chr20	19596512	rs3790270
chr20	19598385	rs6075539
chr20	19601044	rs6515030
chr20	19602304	rs6106111
chr20	19602730	rs6081676
chr20	19605017	rs942990
chr20	19605243	rs942989
chr20	19606761	rs6081678
chr20	19609046	rs16980886
chr20	19610379	rs6136790
chr20	19611191	rs6132222
chr20	19611960	rs6136792
chr20	19612927	rs4589832
chr20	19617849	rs6075544
chr20	19619185	rs942994
chr20	19619326	rs1321345
chr20	19619695	rs6081684
chr20	19621398	rs728173
chr20	19622558	rs1321346
chr20	19624518	rs6075545
chr20	19626497	rs1321348
chr20	19627243	rs2424237
chr20	19628653	rs3790276
chr20	19628817	rs6136800
chr20	19630092	rs722850
chr20	19631940	rs2424239
chr20	19632755	rs6046214
chr20	19633880	rs6046215
chr20	19634107	rs6081690
chr20	19635154	rs726389
chr20	19636193	rs4814877
chr20	19636348	rs4814878
chr20	19636765	rs719541
chr20	19637393	rs1570020
chr20	19642861	rs4814879
chr20	19643729	rs16980954
chr20	19649880	rs1406968
chr20	19650619	rs6081694
chr20	19652584	rs4814882
chr20	19653249	rs6136803
chr20	19654088	rs3790278
chr20	19654103	rs3790279
chr20	19656698	rs4813368
chr20	19661692	rs3790283
chr20	19662037	rs3790285
chr20	19665504	rs11087290
chr20	19666883	rs2424244
chr20	19667499	rs6046236
chr20	19669072	rs2424245
chr20	19669113	rs2424246
chr20	19669680	rs2424248
chr20	19675294	rs3790286
chr20	19677101	rs733270
chr20	19677490	rs733269
chr20	19680581	rs6112513
chr20	19681613	rs873628
chr20	19683402	rs6112516
chr20	19686766	rs6035409
chr20	19689700	rs6515031
chr20	19692613	rs6075559
chr20	19693498	rs6136812
chr20	19693612	rs6046254
chr20	19696532	rs6112527
chr20	19699351	rs8117105
chr20	19700013	rs6106122
chr20	19701426	rs1321342
chr20	19702265	rs1535253
chr20	19702801	rs6081714
chr20	19703074	rs6136819
chr20	19703392	rs7263316
chr20	19706828	rs6132229
chr20	19708946	rs17296567
chr20	19710802	rs4814885
chr20	19712848	rs1998118
chr20	19713134	rs1321350
chr20	19713760	rs10154016
chr20	19714706	rs1923058
chr20	19715365	rs6112532
chr20	19718139	rs2145104
chr20	19718504	rs2180583
chr20	19720530	rs873328
chr20	19720604	rs873327
chr20	19721405	rs3828002
chr20	19721527	rs6046271
chr20	19721869	rs16981035
chr20	19722691	rs8994
chr20	19723067	rs11906326
chr20	19723868	rs751484
chr20	19725973	rs7272615
chr20	19726050	rs6081719
chr20	19726365	rs1998115
chr20	19726625	rs6046275
chr20	19726813	rs8125901
chr20	19727707	rs769122
chr20	19731359	rs808678
chr20	19733810	rs6081724
chr20	19734141	rs6046282
chr20	19735449	rs4814890
chr20	19735585	rs808681
chr20	19736026	rs808683
chr20	19737443	rs808689
chr20	19739192	rs808692
chr20	19739859	rs6046285
chr20	19739924	rs6035428
chr20	19740578	rs12481636
chr20	19741463	rs808695
chr20	19741475	rs808696
chr20	19742117	rs2876546
chr20	19742407	rs708989
chr20	19742807	rs6046289
chr20	19742969	rs12480058
chr20	19743067	rs808700
chr20	19743399	rs808701
chr20	19745997	rs996516
chr20	19746394	rs6046295
chr20	19746632	rs809474
chr20	19746841	rs6112545
chr20	19748010	rs6046297
chr20	19748667	rs808706
chr20	19749040	rs6112547
chr20	19749976	rs6081731
chr20	19750526	rs9808581
chr20	19750843	rs708992
chr20	19757253	rs808716
chr20	19760014	rs17370078
chr20	19760212	rs6046302
chr20	19760847	rs2224326
chr20	19763697	rs6081741
chr20	19769313	rs2069126
chr20	19770686	rs746804
chr20	19772430	rs1884770
chr20	19772894	rs4814894
chr20	19772982	rs6035434
chr20	19774843	rs12480690
chr20	19775029	rs6046308
chr20	19777624	rs1980587
chr20	19779516	rs17298185
chr20	19779909	rs16981111
chr20	19781214	rs12106115
chr20	19782004	rs9653629
chr20	19784172	rs16981118
chr20	19784530	rs2328452
chr20	19785660	rs12480900
chr20	19786381	rs6046317
chr20	19786780	rs1040762
chr20	19786998	rs4814897
chr20	19793960	rs6046326
chr20	19794574	rs8115759
chr20	19795504	rs4814898
chr20	19796540	rs12481515
chr20	19796881	rs6136836
chr20	19800330	rs6112580
chr20	19801644	rs17298654
chr20	19801929	rs16981133
chr20	19802024	rs12481484
chr20	19807372	rs6035442
chr20	19808260	rs8123292
chr20	19808596	rs2328431
chr20	19809175	rs16981140
chr20	19809251	rs7273419
chr20	19809958	rs16981148
chr20	19810505	rs7266076
chr20	19811368	rs6035444
chr20	19811672	rs6046334
chr20	19812167	rs6046336
chr20	19813272	rs6035447
chr20	19813430	rs12481299
chr20	19813641	rs4814900
chr20	19813998	rs4813374
chr20	19814056	rs4814902
chr20	19815389	rs10485593
chr20	19815742	rs6136847
chr20	19815874	rs2876543
chr20	19816403	rs13045300
chr20	19816496	rs13045057
chr20	19816572	rs16981175
chr20	19816602	rs6112589
chr20	19817625	rs8118523
chr20	19817923	rs13041912
chr20	19819968	rs927112
chr20	19820325	rs1884767
chr20	19824224	rs6081756
chr20	19824567	rs6081757
chr20	19826835	rs11908323
chr20	19828829	rs6035452
chr20	19828880	rs6075577
chr20	19831601	rs4814905
chr20	19834662	rs6112599
chr20	19835803	rs1570159
chr20	19836983	rs4814907
chr20	19837996	rs4814908
chr20	19840059	rs6112602
chr20	19840141	rs1535339
chr20	19843146	rs6081766
chr20	19843749	rs10485594
chr20	19844226	rs4814909
chr20	19848848	rs6106144
chr20	19849223	rs6112615
chr20	19850519	rs941736
chr20	19851394	rs16981220
chr20	19851760	rs4814910
chr20	19852129	rs4813375
chr20	19852148	rs7263747
chr20	19852226	rs7263900
chr20	19852372	rs13040206
chr20	19852793	rs6136859
chr20	19855573	rs6035459
chr20	19858591	rs6081774
chr20	19860852	rs6075584
chr20	19861072	rs17373110
chr20	19861152	rs17301007
chr20	19863250	rs4814911
chr20	19864409	rs6046379
chr20	19865298	rs6035462
chr20	19867383	rs1543472
chr20	19867955	rs13044506
chr20	19868765	rs2064948
chr20	19870227	rs2328470
chr20	19870811	rs4813376
chr20	19871448	rs6046390
chr20	19871537	rs6046391
chr20	19871606	rs6046393
chr20	19871834	rs11906812
chr20	19871859	rs6046396
chr20	19873765	rs12481305
chr20	19878037	rs6136866
chr20	19878700	rs13036781
chr20	19879491	rs16981265
chr20	19881048	rs4814918
chr20	19881604	rs2145552
chr20	19882329	rs6046403
chr20	19884700	rs7273995
chr20	19885928	rs6136870
chr20	19886398	rs6132239
chr20	19888239	rs6136874
chr20	19888449	rs6046415
chr20	19888896	rs6106149
chr20	19889341	rs2208448
chr20	19890942	rs6035468
chr20	19893178	rs911379
chr20	19893578	rs17301932
chr20	19894848	rs11698652
chr20	19895314	rs4814921
chr20	19901248	rs6112641
chr20	19901497	rs4814923
chr20	19901740	rs4814924
chr20	19902095	rs11699692
chr20	19903179	rs6106154
chr20	19903462	rs6112647
chr20	19906725	rs911380
chr20	19906819	rs911381
chr20	19908092	rs2102471
chr20	19909436	rs438920
chr20	19909996	rs407633
chr20	19912866	rs544839
chr20	19917300	rs429588
chr20	19922173	rs6136885
chr20	19923825	rs6112659
chr20	19925071	rs369005
chr20	19926428	rs6136886
chr20	19926650	rs1040577
chr20	19926754	rs450940
chr20	19927096	rs16981318
chr20	19928559	rs13041555
chr20	19930696	rs6132247
chr20	19930764	rs6046463
chr20	19931657	rs12106223
chr20	19933722	rs1003426
chr20	19934607	rs16981330
chr20	19935500	rs16981333
chr20	19936926	rs199541
chr20	19940543	rs199549
chr20	19942356	rs6112671
chr20	19943201	rs6035481
chr20	19943538	rs9653635
chr20	19944161	rs9653630
chr20	19944602	rs6035482
chr20	19944666	rs6035483
chr20	19945354	rs6035486
chr20	19948046	rs13039938
chr20	19949505	rs6081823
chr20	19949585	rs16981373
chr20	19949783	rs11699866
chr20	19950144	rs6035488
chr20	19951246	rs199552
chr20	19951751	rs6112679
chr20	19952544	rs1876813
chr20	19953967	rs6046482
chr20	19954863	rs6136897
chr20	19955001	rs6132252
chr20	19955534	rs4438558
chr20	19955751	rs199557
chr20	19957325	rs199559
chr20	19959244	rs6046488
chr20	19959378	rs6112689
chr20	19959576	rs6112690
chr20	19963797	rs8121827
chr20	19964849	rs6046489
chr20	19965432	rs2328472
chr20	19967598	rs418251
chr20	19967920	rs17303415
chr20	19968656	rs6035493
chr20	19970252	rs9973991
chr20	19971016	rs3803982
chr20	19971218	rs2273103
chr20	19973075	rs6515052
chr20	19973957	rs199575
chr20	19977356	rs2235896
chr20	19977659	rs199577
chr20	19978363	rs199579
chr20	19979522	rs199582
chr20	19979540	rs199583
chr20	19980450	rs199587
chr20	19981347	rs199595
chr20	19981995	rs2235894
chr20	19982304	rs2235892
chr20	19983630	rs6035499
chr20	19984446	rs6046510
chr20	19984997	rs6046513
chr20	19985761	rs199599
chr20	19986110	rs6046517
chr20	19987589	rs6046520
chr20	19987711	rs1983197
chr20	19990061	rs2076584
chr20	19990468	rs199604
chr20	19991199	rs6081832
chr20	19993229	rs2424253
chr20	19993581	rs199606
chr20	19995174	rs2235888
chr20	19999380	rs6075602
chr20	20001903	rs14344
chr20	20002746	rs2235886
chr20	20003823	rs6046528
chr20	20005326	rs6112714
chr20	20008248	rs56916
chr20	20011669	rs199572
chr20	20020839	rs200175
chr20	20025724	rs7263
chr20	20026681	rs200177
chr20	20027937	rs6081840
chr20	20034311	rs6132261
chr20	20035701	rs12624987
chr20	20036999	rs13037134
chr20	20038503	rs7271629
chr20	20039569	rs3748489
chr20	20040575	rs7264835
chr20	20040657	rs3828003
chr20	20041000	rs3748491
chr20	20042771	rs6046566
chr20	20042858	rs6035530
chr20	20046350	rs16981473
chr20	20047182	rs7263095
chr20	20047528	rs6081847
chr20	20048186	rs3765455
chr20	20048820	rs6046570
chr20	20050226	rs2073123
chr20	20050988	rs16981480
chr20	20051023	rs16981483
chr20	20052060	rs6081848
chr20	20052354	rs2255255
chr20	20052675	rs2273058
chr20	20052779	rs6046572
chr20	20052966	rs12624829
chr20	20053111	rs6075607
chr20	20053196	rs6136926
chr20	20053322	rs6136927
chr20	20053330	rs6136928
chr20	20053411	rs6075608
chr20	20053675	rs6046573
chr20	20054653	rs6046579
chr20	20055123	rs4814934
chr20	20055431	rs725466
chr20	20056253	rs1509574
chr20	20056578	rs1509573
chr20	20057150	rs6046580
chr20	20062239	rs6081854
chr20	20066915	rs6081862
chr20	20068079	rs6081863
chr20	20068221	rs6081864
chr20	20068264	rs16981514
chr20	20068391	rs4547592
chr20	20069753	rs200183
chr20	20070104	rs6136936
chr20	20071246	rs200184
chr20	20073032	rs6046593
chr20	20074115	rs6112745
chr20	20075438	rs8126258
chr20	20075758	rs6035543
chr20	20075898	rs6046594
chr20	20076874	rs974202
chr20	20077002	rs974201
chr20	20078348	rs6136938
chr20	20078363	rs6081868
chr20	20079071	rs9808594
chr20	20079607	rs6046596
chr20	20080101	rs6081869
chr20	20081113	rs6046600
chr20	20081173	rs6035545
chr20	20082346	rs6046605
chr20	20084057	rs2092520
chr20	20085179	rs6112750
chr20	20086984	rs926644
chr20	20088015	rs761326
chr20	20089998	rs6081870
chr20	20090990	rs6046614
chr20	20094629	rs6081873
chr20	20095352	rs6046616
chr20	20095425	rs6035548
chr20	20097253	rs1155188
chr20	20098123	rs4814937
chr20	20098716	rs6075614
chr20	20098856	rs1883797
chr20	20099488	rs6046620
chr20	20099848	rs2328491
chr20	20101423	rs1040564
chr20	20102752	rs6081875
chr20	20103305	rs742698
chr20	20103852	rs1883798
chr20	20105354	rs6081877
chr20	20110678	rs9679967
chr20	20111294	rs13039148
chr20	20112199	rs2328492
chr20	20121454	rs6046636
chr20	20133920	rs1028436
chr20	20134689	rs7274545
chr20	20135683	rs6081887
chr20	20139433	rs761468
chr20	20139770	rs926724
chr20	20140022	rs926723
chr20	20142033	rs1569769
chr20	20142664	rs2249280
chr20	20142980	rs7265615
chr20	20143935	rs2328495
chr20	20149867	rs2424284
chr20	20152627	rs6081897
chr20	20159859	rs6132272
chr20	20160509	rs2179824
chr20	20162245	rs4814948
chr20	20162836	rs964139
chr20	20163239	rs6136956
chr20	20164128	rs6081901
chr20	20164574	rs6046677
chr20	20166207	rs6046678
chr20	20166231	rs6046679
chr20	20166290	rs6106204
chr20	20167685	rs17307939
chr20	20167767	rs6046685
chr20	20169032	rs2273124
chr20	20169056	rs12625290
chr20	20169383	rs6075630
chr20	20171728	rs11696933
chr20	20171818	rs996197
chr20	20171937	rs2328500
chr20	20172196	rs6075631
chr20	20172211	rs6081903
chr20	20172285	rs6081904
chr20	20172720	rs6046689
chr20	20173950	rs6046697
chr20	20177123	rs4814955
chr20	20177449	rs4271827
chr20	20178223	rs6106205
chr20	20178981	rs2064448
chr20	20185794	rs11699264
chr20	20186313	rs4814956
chr20	20187853	rs2179825
chr20	20188518	rs1008497
chr20	20188997	rs4814958
chr20	20190396	rs6112816
chr20	20195743	rs16981668
chr20	20197268	rs16981671
chr20	20197606	rs6046722
chr20	20198596	rs1040583
chr20	20198614	rs16981676
chr20	20198644	rs1040582
chr20	20201917	rs9941749
chr20	20203163	rs6081918
chr20	20205230	rs6035581
chr20	20205358	rs1883946
chr20	20208216	rs6035582
chr20	20211955	rs4814964
chr20	20215895	rs12625640
chr20	20216256	rs2424291
chr20	20217519	rs17400417
chr20	20218096	rs6081924
chr20	20223570	rs2424294
chr20	20225074	rs1887553
chr20	20228206	rs10485596
chr20	20229332	rs1327901
chr20	20229428	rs1556023
chr20	20230001	rs16981724
chr20	20231152	rs1556024
chr20	20233616	rs6081933
chr20	20236683	rs2424295
chr20	20240225	rs6112828
chr20	20242334	rs1003356
chr20	20247899	rs6075634
chr20	20248260	rs12480722
chr20	20249037	rs6132276
chr20	20252724	rs4814969
chr20	20252958	rs6046758
chr20	20253295	rs6046759
chr20	20253305	rs6046760
chr20	20254913	rs12624806
chr20	20255937	rs6046764
chr20	20257680	rs6081940
chr20	20258306	rs2424300
chr20	20258406	rs10485597
chr20	20260312	rs2424301
chr20	20260900	rs996568
chr20	20260931	rs996569
chr20	20261050	rs996570
chr20	20262144	rs2424302
chr20	20265662	rs2424303
chr20	20265925	rs7269093
chr20	20266710	rs6112842
chr20	20267697	rs6515093
chr20	20267913	rs6075636
chr20	20268275	rs12106090
chr20	20270319	rs2424305
chr20	20270339	rs2424306
chr20	20271542	rs1327905
chr20	20273916	rs2424313
chr20	20275085	rs1327907
chr20	20275887	rs1410260
chr20	20276376	rs2424316
chr20	20277062	rs17310719
chr20	20277115	rs17310726
chr20	20277314	rs2424317
chr20	20277539	rs17401989
chr20	20277751	rs1927333
chr20	20279211	rs6081947
chr20	20279670	rs6075637
chr20	20280696	rs2149043
chr20	20287074	rs1327911
chr20	20288051	rs6035595
chr20	20289043	rs6035596
chr20	20289369	rs6081949
chr20	20289718	rs6035597
chr20	20291359	rs2424331
chr20	20292377	rs927094
chr20	20294593	rs6081951
chr20	20296641	rs2424332
chr20	20297500	rs2424333
chr20	20301700	rs2424335
chr20	20303187	rs6112855
chr20	20304245	rs2424339
chr20	20305629	rs2424340
chr20	20307846	rs2424343
chr20	20308725	rs2424346
chr20	20308769	rs6112858
chr20	20312405	rs6112860
chr20	20313429	rs4813383
chr20	20317748	rs6075643
chr20	20317839	rs1000269
chr20	20321605	rs6136993
chr20	20322732	rs6046790
chr20	20324288	rs6136995
chr20	20325196	rs6046795
chr20	20325622	rs6106234
chr20	20326120	rs6075644
chr20	20328107	rs6112866
chr20	20334991	rs6046802
chr20	20337922	rs11697421
chr20	20338258	rs6046803
chr20	20340192	rs11908058
chr20	20343466	rs6137002
chr20	20343643	rs6081965
chr20	20343661	rs6132290
chr20	20343697	rs6046805
chr20	20347549	rs6046807
chr20	20358666	rs721424
chr20	20360547	rs2274673
chr20	20362184	rs6106241
chr20	20365534	rs6046818
chr20	20367609	rs8117259
chr20	20372250	rs1360127
chr20	20372871	rs960962
chr20	20375742	rs6035613
chr20	20383114	rs7263846
chr20	20384582	rs8119972
chr20	20387655	rs880971
chr20	20389211	rs6137015
chr20	20389284	rs6137016
chr20	20390762	rs3748446
chr20	20391100	rs3827963
chr20	20391209	rs3748445
chr20	20393169	rs6035618
chr20	20393324	rs6137017
chr20	20394344	rs2328510
chr20	20398064	rs1122098
chr20	20398288	rs1122099
chr20	20400658	rs6137023
chr20	20401286	rs6081988
chr20	20402268	rs6106244
chr20	20406065	rs2180670
chr20	20408909	rs4813388
chr20	20409979	rs17717757
chr20	20412575	rs2068259
chr20	20415152	rs913669
chr20	20416610	rs17661437
chr20	20417939	rs6046841
chr20	20419085	rs6046845
chr20	20427138	rs928069
chr20	20428880	rs2328513
chr20	20431066	rs1410936
chr20	20432236	rs1928367
chr20	20439083	rs6081999
chr20	20442375	rs6046863
chr20	20446334	rs3762195
chr20	20448960	rs6137033
chr20	20464736	rs6046874
chr20	20469221	rs6046884
chr20	20471669	rs1044869
chr20	20476154	rs6046893
chr20	20482241	rs1555361
chr20	20494797	rs6082021
chr20	20495626	rs1555360
chr20	20503399	rs2273528
chr20	20504944	rs6112923
chr20	20507249	rs6075667
chr20	20521174	rs6046909
chr20	20524322	rs6046910
chr20	20535376	rs3827962
chr20	20537748	rs6082034
chr20	20549920	rs4814978
chr20	20549937	rs6046924
chr20	20553719	rs6035647
chr20	20559392	rs6082047
chr20	20563277	rs6082049
chr20	20563492	rs6082050
chr20	20569739	rs17803719
chr20	20572868	rs1210347
chr20	20573821	rs6075675
chr20	20574094	rs12480149
chr20	20574321	rs13038909
chr20	20575248	rs6035651
chr20	20585819	rs6132318
chr20	20592583	rs17741669
chr20	20605627	rs6046956
chr20	20607613	rs6035660
chr20	20607790	rs6046959
chr20	20614905	rs3748442
chr20	20623824	rs6082070
chr20	20625986	rs6046968
chr20	20632378	rs12626071
chr20	20638662	rs6046975
chr20	20639764	rs6082078
chr20	20640948	rs6082079
chr20	20650266	rs4813392
chr20	20653462	rs6132333
chr20	20655620	rs6082083
chr20	20656385	rs7265332
chr20	20658401	rs731866
chr20	20665704	rs6082091
chr20	20674822	rs2144280
chr20	20684030	rs7351929
chr20	20684117	rs13044982
chr20	20694510	rs6137105
chr20	20695119	rs6082107
chr20	20700491	rs6046994
chr20	20726349	rs6082124
chr20	20727009	rs6137118
chr20	20733008	rs6082126
chr20	20734393	rs6035682
chr20	20736071	rs6082131
chr20	20741456	rs6082134
chr20	20742347	rs4813393
chr20	20744476	rs6082136
chr20	20749630	rs6047025
chr20	20750031	rs6047026
chr20	20750787	rs4614991
chr20	20754934	rs6035684
chr20	20756108	rs6075703
chr20	20758388	rs6082145
chr20	20760758	rs4814986
chr20	20761486	rs8123534
chr20	20761753	rs2026568
chr20	20767805	rs6047038
chr20	20771530	rs6082154
chr20	20772012	rs12626010
chr20	20772901	rs953362
chr20	20773040	rs953363
chr20	20774316	rs1409427
chr20	20777172	rs1409428
chr20	20780372	rs6137147
chr20	20780963	rs6075709
chr20	20783300	rs6082156
chr20	20784594	rs6082159
chr20	20785617	rs11698059
chr20	20786441	rs943218
chr20	20787848	rs6082163
chr20	20792447	rs4813394
chr20	20792692	rs6106289
chr20	20797537	rs2328559
chr20	20798151	rs1884496
chr20	20804455	rs6082177
chr20	20806578	rs2328560
chr20	20807645	rs5025224
chr20	20811537	rs2018896
chr20	20811807	rs4407318
chr20	20814559	rs2144765
chr20	20814608	rs6047057
chr20	20820013	rs6047064
chr20	20821470	rs6082185
chr20	20822898	rs6106292
chr20	20823022	rs1555270
chr20	20823136	rs1555271
chr20	20823155	rs6106293
chr20	20823221	rs6106294
chr20	20823871	rs6113019
chr20	20824041	rs1998048
chr20	20824180	rs6082187
chr20	20824446	rs6082190
chr20	20824641	rs17718943
chr20	20824748	rs6035704
chr20	20833489	rs1555901
chr20	20837102	rs6047074
chr20	20837304	rs6113023
chr20	20840981	rs963487
chr20	20841506	rs6035707
chr20	20841561	rs17719002
chr20	20841792	rs6035708
chr20	20842506	rs17742487
chr20	20842872	rs6035710
chr20	20843075	rs6035711
chr20	20844604	rs6082202
chr20	20845133	rs6035712
chr20	20847088	rs943217
chr20	20847188	rs9305131
chr20	20849969	rs1326395
chr20	20850355	rs6075728
chr20	20854431	rs1326396
chr20	20856568	rs6035719
chr20	20856608	rs6035720
chr20	20857475	rs6047098
chr20	20862798	rs6106298
chr20	20863864	rs6082210
chr20	20866484	rs4814994
chr20	20866613	rs4814995
chr20	20868325	rs6047116
chr20	20868429	rs6082212
chr20	20869392	rs16982204
chr20	20875611	rs6075733
chr20	20876379	rs6082221
chr20	20876749	rs4814999
chr20	20880821	rs6082223
chr20	20881425	rs11907984
chr20	20881659	rs4813399
chr20	20883847	rs6082225
chr20	20884457	rs6113038
chr20	20884860	rs6047127
chr20	20885056	rs6035729
chr20	20885127	rs12625787
chr20	20886260	rs4815002
chr20	20887015	rs4813401
chr20	20887400	rs12625535
chr20	20887672	rs1884497
chr20	20889045	rs6047132
chr20	20889208	rs6047133
chr20	20897819	rs17662931
chr20	20902170	rs6047143
chr20	20905839	rs6132358
chr20	20908920	rs6075736
chr20	20909042	rs6075737
chr20	20909160	rs4813402
chr20	20916299	rs927030
chr20	20918375	rs4815006
chr20	20919403	rs6082241
chr20	20931576	rs4815007
chr20	20933238	rs17662988
chr20	20933358	rs6082248
chr20	20934500	rs4815008
chr20	20941493	rs6047162
chr20	20942886	rs4815009
chr20	20943360	rs6035738
chr20	20951857	rs6082253
chr20	20959053	rs6047165
chr20	20959236	rs4815011
chr20	20959410	rs17735720
chr20	20959886	rs7273530
chr20	20961930	rs6137189
chr20	20962395	rs6047168
chr20	20964532	rs6113084
chr20	20966920	rs6082258
chr20	20968220	rs6137194
chr20	20969496	rs17735762
chr20	20970233	rs6047176
chr20	20971548	rs6082263
chr20	20972722	rs13045729
chr20	20973583	rs8121826
chr20	20974452	rs6137197
chr20	20977146	rs996624
chr20	20978078	rs6082266
chr20	20980626	rs4813406
chr20	20980651	rs4813407
chr20	20981464	rs6082268
chr20	20983844	rs6082269
chr20	20985077	rs1555467
chr20	20985110	rs911644
chr20	20987937	rs6106325
chr20	20990677	rs6047186
chr20	20991516	rs6113094
chr20	20992308	rs1885414
chr20	20994147	rs4141692
chr20	20997151	rs6113097
chr20	20998996	rs6047191
chr20	21000297	rs6106327
chr20	21001209	rs13037443
chr20	21001745	rs755963
chr20	21002358	rs754805
chr20	21003869	rs6113100
chr20	21004497	rs6082276
chr20	21006870	rs6082278
chr20	21009986	rs6082281
chr20	21010909	rs6047201
chr20	21012565	rs6035759
chr20	21012646	rs6035760
chr20	21012772	rs6035761
chr20	21013197	rs8119865
chr20	21014524	rs6035763
chr20	21014959	rs2208658
chr20	21017061	rs6137217
chr20	21017293	rs6113104
chr20	21017573	rs7269814
chr20	21017939	rs6047205
chr20	21018345	rs6113105
chr20	21018518	rs2145967
chr20	21024605	rs6075750
chr20	21030294	rs1884764
chr20	21030354	rs12625886
chr20	21030450	rs12626096
chr20	21030522	rs1474949
chr20	21030595	rs12626090
chr20	21031532	rs7262228
chr20	21033115	rs2208185
chr20	21035837	rs13043692
chr20	21036638	rs4599194
chr20	21038664	rs6082289
chr20	21041437	rs6047215
chr20	21043741	rs6047216
chr20	21043982	rs978216
chr20	21044049	rs978217
chr20	21046302	rs6075755
chr20	21047374	rs6082298
chr20	21048854	rs17736216
chr20	21049031	rs6075758
chr20	21054571	rs6082304
chr20	21055973	rs6113115
chr20	21062461	rs6082312
chr20	21062529	rs6082313
chr20	21068721	rs6137241
chr20	21074352	rs6113120
chr20	21074404	rs6035772
chr20	21074713	rs12624732
chr20	21076181	rs6035773
chr20	21078607	rs6047233
chr20	21078826	rs10460651
chr20	21084844	rs11087340
chr20	21084909	rs11087341
chr20	21087893	rs6137255
chr20	21088758	rs6047241
chr20	21090076	rs6113129
chr20	21093483	rs2295520
chr20	21096463	rs910976
chr20	21097131	rs4815020
chr20	21097262	rs6047244
chr20	21097415	rs6035780
chr20	21097896	rs6137261
chr20	21098378	rs6132399
chr20	21098915	rs6047246
chr20	21100317	rs4141923
chr20	21100847	rs2236176
chr20	21115295	rs6047255
chr20	21117636	rs6047258
chr20	21117678	rs6047259
chr20	21119497	rs6082329
chr20	21127709	rs6082331
chr20	21135350	rs6047267
chr20	21139902	rs4815021
chr20	21144075	rs8113922
chr20	21146082	rs3762194
chr20	21154158	rs6047273
chr20	21161712	rs6047279
chr20	21162172	rs2236178
chr20	21165245	rs6035795
chr20	21173053	rs6035802
chr20	21173847	rs6047293
chr20	21176870	rs2093070
chr20	21183159	rs2145100
chr20	21191435	rs11906053
chr20	21194910	rs879064
chr20	21195965	rs2144782
chr20	21201749	rs12625304
chr20	21207322	rs6113163
chr20	21215165	rs6137292
chr20	21222177	rs4813418
chr20	21227106	rs6035813
chr20	21228388	rs11697462
chr20	21230364	rs6035814
chr20	21233206	rs6082351
chr20	21237385	rs6137297
chr20	21237707	rs6047319
chr20	21238311	rs6047320
chr20	21239574	rs17664036
chr20	21242772	rs1569959
chr20	21243025	rs2252720
chr20	21243433	rs910803
chr20	21251281	rs2328621
chr20	21252915	rs1000176
chr20	21258013	rs4813420
chr20	21264606	rs6047337
chr20	21265982	rs6082361
chr20	21267350	rs910804
chr20	21267478	rs910805
chr20	21281046	rs6047348
chr20	21281641	rs17736818
chr20	21287631	rs6075788
chr20	21291136	rs6047359
chr20	21294030	rs6035837
chr20	21294655	rs6075789
chr20	21302458	rs3761289
chr20	21302797	rs3761290
chr20	21311200	rs6082384
chr20	21312391	rs6047371
chr20	21313246	rs1359761
chr20	21314277	rs202828
chr20	21317808	rs202829
chr20	21320839	rs6047377
chr20	21321263	rs202833
chr20	21321353	rs202834
chr20	21321689	rs1546996
chr20	21322247	rs202835
chr20	21324514	rs202836
chr20	21329677	rs4496388
chr20	21331650	rs202837
chr20	21333441	rs202840
chr20	21335516	rs202841
chr20	21340015	rs1546995
chr20	21340656	rs202845
chr20	21343872	rs6082391
chr20	21344796	rs6082392
chr20	21345073	rs6035850
chr20	21345460	rs13043724
chr20	21347549	rs202848
chr20	21349142	rs1958122
chr20	21350903	rs6047396
chr20	21353030	rs6075794
chr20	21354475	rs2025811
chr20	21356187	rs3787500
chr20	21359124	rs1327150
chr20	21360061	rs17744318
chr20	21360353	rs6137328
chr20	21361740	rs4497932
chr20	21363306	rs3848794
chr20	21367643	rs6075797
chr20	21371598	rs6047404
chr20	21371667	rs6035860
chr20	21372771	rs4815041
chr20	21375208	rs6047407
chr20	21376499	rs11905977
chr20	21379027	rs6132420
chr20	21379149	rs6047413
chr20	21379890	rs6047414
chr20	21382120	rs6047417
chr20	21382284	rs16982707
chr20	21384341	rs7273533
chr20	21385622	rs6035864
chr20	21387103	rs2296730
chr20	21388294	rs6035865
chr20	21390733	rs1555946
chr20	21395188	rs6035868
chr20	21400483	rs1409818
chr20	21406893	rs13040764
chr20	21412561	rs6132424
chr20	21426749	rs6132427
chr20	21436041	rs811698
chr20	21445437	rs6137347
chr20	21449210	rs804382
chr20	21454319	rs2145816
chr20	21456154	rs804384
chr20	21457201	rs2424370
chr20	21458745	rs2424371
chr20	21463745	rs804387
chr20	21470501	rs813393
chr20	21470853	rs804389
chr20	21471210	rs4813428
chr20	21477034	rs2249048
chr20	21489816	rs1885284
chr20	21490075	rs746764
chr20	21490716	rs10854249
chr20	21491588	rs6137361
chr20	21493717	rs17744800
chr20	21497734	rs2180965
chr20	21497763	rs17812401
chr20	21498425	rs13042739
chr20	21504609	rs6137371
chr20	21505168	rs4813429
chr20	21509513	rs744193
chr20	21510461	rs11906245
chr20	21521679	rs11697013
chr20	21521899	rs11697047
chr20	21531894	rs6035877
chr20	21536767	rs6082445
chr20	21544084	rs11087353
chr20	21545162	rs6137384
chr20	21546490	rs6035881
chr20	21546627	rs11697118
chr20	21547235	rs12624822
chr20	21552053	rs1544290
chr20	21556320	rs4813430
chr20	21557266	rs6137387
chr20	21558435	rs6047480
chr20	21559267	rs12625648
chr20	21560765	rs4813431
chr20	21561099	rs6047484
chr20	21568786	rs6035892
chr20	21570020	rs6047488
chr20	21571866	rs6082455
chr20	21574061	rs6047490
chr20	21574222	rs2424376
chr20	21576077	rs6082457
chr20	21578451	rs743156
chr20	21582339	rs11906736
chr20	21582929	rs2424378
chr20	21583478	rs2424381
chr20	21584365	rs4813433
chr20	21584569	rs2424382
chr20	21586667	rs2424384
chr20	21590199	rs1014889
chr20	21593084	rs1074606
chr20	21594377	rs6075820
chr20	21601700	rs6035902
chr20	21610225	rs6113295
chr20	21610843	rs1024207
chr20	21611600	rs2295458
chr20	21616599	rs6082471
chr20	21622325	rs6047518
chr20	21622703	rs6047519
chr20	21622818	rs6035906
chr20	21625681	rs6047522
chr20	21625829	rs2224305
chr20	21630345	rs761921
chr20	21638635	rs6082475
chr20	21638763	rs6047531
chr20	21640029	rs2424386
chr20	21642533	rs2424387
chr20	21647948	rs2424391
chr20	21656344	rs2143671
chr20	21661756	rs6132453
chr20	21668773	rs720011
chr20	21673617	rs6047563
chr20	21676964	rs6047565
chr20	21679637	rs2179715
chr20	21680850	rs1028412
chr20	21681795	rs6035923
chr20	21681879	rs6035924
chr20	21684347	rs16982885
chr20	21686775	rs742729
chr20	21689581	rs6035927
chr20	21691038	rs6047577
chr20	21694920	rs6035930
chr20	21695033	rs6047583
chr20	21695583	rs7270286
chr20	21696642	rs8118100
chr20	21697114	rs8124300
chr20	21699292	rs3761292
chr20	21699707	rs6035931
chr20	21700719	rs3886307
chr20	21718614	rs6113329
chr20	21722977	rs2328669
chr20	21725852	rs6113334
chr20	21731384	rs7271722
chr20	21734169	rs2424400
chr20	21743081	rs6047604
chr20	21754120	rs2424403
chr20	21762890	rs2424406
chr20	21764476	rs2424407
chr20	21773161	rs6137432
chr20	21775112	rs6137433
chr20	21784098	rs975165
chr20	21789760	rs2328672
chr20	21790270	rs2208308
chr20	21791207	rs2208310
chr20	21792611	rs2208311
chr20	21797277	rs2876622
chr20	21800394	rs6113378
chr20	21800725	rs6047633
chr20	21801518	rs6082514
chr20	21803493	rs873137
chr20	21804238	rs6047636
chr20	21804312	rs6113381
chr20	21804435	rs6047637
chr20	21805001	rs6137444
chr20	21806930	rs6113382
chr20	21810344	rs16982990
chr20	21811216	rs6047641
chr20	21816217	rs2180700
chr20	21819872	rs6047646
chr20	21823703	rs17665823
chr20	21824490	rs12624315
chr20	21827621	rs2224260
chr20	21828270	rs16983004
chr20	21828771	rs11696327
chr20	21833397	rs2224261
chr20	21833492	rs6047657
chr20	21834554	rs6113393
chr20	21840579	rs6106421
chr20	21840624	rs6113395
chr20	21841272	rs6047663
chr20	21843133	rs764777
chr20	21843193	rs2010733
chr20	21843644	rs8122229
chr20	21849869	rs2328647
chr20	21863992	rs1014883
chr20	21864056	rs1014884
chr20	21864189	rs1014885
chr20	21868198	rs8121238
chr20	21868644	rs2180438
chr20	21870148	rs12479719
chr20	21872462	rs2180439
chr20	21876276	rs1012184
chr20	21882759	rs4815080
chr20	21885513	rs6075852
chr20	21895090	rs6035980
chr20	21896382	rs4815081
chr20	21904055	rs6137473
chr20	21910052	rs1884592
chr20	21910179	rs1884593
chr20	21917018	rs6137476
chr20	21918503	rs6047731
chr20	21919479	rs4390829
chr20	21926142	rs6113424
chr20	21933556	rs927059
chr20	21936755	rs2024885
chr20	21937650	rs2328682
chr20	21937809	rs2328683
chr20	21938416	rs6047745
chr20	21943535	rs2424408
chr20	21947013	rs17739244
chr20	21951045	rs6035995
chr20	21957892	rs4815086
chr20	21966290	rs201543
chr20	21968955	rs6106434
chr20	21971209	rs2207878
chr20	21971416	rs970616
chr20	21973011	rs6047768
chr20	21977411	rs6047769
chr20	21980772	rs1555264
chr20	21980834	rs1555265
chr20	21981282	rs11699227
chr20	21981695	rs169311
chr20	21987312	rs201546
chr20	21993334	rs6137505
chr20	21996456	rs6113456
chr20	21998471	rs2424425
chr20	22004860	rs6047798
chr20	22008192	rs127747
chr20	22016477	rs201559
chr20	22019536	rs201562
chr20	22026964	rs201564
chr20	22032224	rs201569
chr20	22032876	rs201571
chr20	22034116	rs201572
chr20	22035948	rs17739590
chr20	22047036	rs201587
chr20	22054033	rs201594
chr20	22054778	rs4815090
chr20	22056771	rs12625546
chr20	22059230	rs6036025
chr20	22059784	rs6132477
chr20	22060939	rs927833
chr20	22061780	rs913063
chr20	22063283	rs6137527
chr20	22069865	rs1160312
chr20	22076777	rs6113491
chr20	22080849	rs6113495
chr20	22084828	rs11698943
chr20	22095551	rs6113508
chr20	22099902	rs1883751
chr20	22101011	rs16983445
chr20	22121515	rs6047915
chr20	22123783	rs6047917
chr20	22129257	rs6137547
chr20	22135091	rs804516
chr20	22139194	rs973106
chr20	22142491	rs6113539
chr20	22143779	rs804527
chr20	22147916	rs804531
chr20	22150556	rs1415799
chr20	22156201	rs6113548
chr20	22159568	rs8117094
chr20	22161957	rs804544
chr20	22165234	rs804556
chr20	22165377	rs804557
chr20	22167763	rs721353
chr20	22171014	rs804569
chr20	22180391	rs804581
chr20	22182218	rs6137567
chr20	22188884	rs804587
chr20	22194130	rs6137571
chr20	22204694	rs767457
chr20	22205955	rs804596
chr20	22207055	rs6137580
chr20	22208160	rs6106474
chr20	22211187	rs12329414
chr20	22211419	rs804605
chr20	22211808	rs804606
chr20	22213313	rs804608
chr20	22214132	rs804610
chr20	22214427	rs6113583
chr20	22216573	rs6137582
chr20	22217353	rs709004
chr20	22217500	rs804612
chr20	22218865	rs742655
chr20	22220537	rs804615
chr20	22226331	rs1090292
chr20	22226518	rs1090293
chr20	22230347	rs804623
chr20	22232324	rs12625315
chr20	22234183	rs1337906
chr20	22238895	rs17740561
chr20	22243002	rs6106481
chr20	22250823	rs6047975
chr20	22260462	rs804687
chr20	22261698	rs804688
chr20	22262170	rs6515227
chr20	22262283	rs6137590
chr20	22263375	rs6113598
chr20	22265812	rs6047982
chr20	22271637	rs6113604
chr20	22280394	rs11908623
chr20	22284079	rs200368
chr20	22286420	rs1028444
chr20	22288802	rs200371
chr20	22290451	rs1832371
chr20	22290965	rs427808
chr20	22291747	rs6137596
chr20	22295661	rs4813451
chr20	22296482	rs199783
chr20	22299965	rs6113622
chr20	22301316	rs17192831
chr20	22302353	rs199789
chr20	22302649	rs183218
chr20	22303240	rs199790
chr20	22303736	rs172037
chr20	22306665	rs199793
chr20	22310142	rs8124887
chr20	22310581	rs4815103
chr20	22314184	rs1429447
chr20	22316409	rs4564856
chr20	22318144	rs199797
chr20	22319397	rs6082669
chr20	22321658	rs2424430
chr20	22322623	rs2424433
chr20	22322766	rs6075900
chr20	22323492	rs2208302
chr20	22324213	rs431904
chr20	22325688	rs6048023
chr20	22326709	rs1429449
chr20	22326810	rs1429450
chr20	22327353	rs4815105
chr20	22328204	rs6048024
chr20	22328552	rs6137604
chr20	22328589	rs6132506
chr20	22330885	rs4815108
chr20	22331141	rs6113640
chr20	22334165	rs927170
chr20	22335914	rs199812
chr20	22336980	rs418300
chr20	22337277	rs17753094
chr20	22339827	rs6075903
chr20	22340161	rs183884
chr20	22341585	rs127929
chr20	22341874	rs6515231
chr20	22342166	rs199819
chr20	22342400	rs199820
chr20	22344936	rs4815111
chr20	22345434	rs1884904
chr20	22346300	rs1155011
chr20	22346473	rs391040
chr20	22346776	rs199826
chr20	22348283	rs11700378
chr20	22352470	rs169233
chr20	22352726	rs12481593
chr20	22354794	rs199832
chr20	22361875	rs199837
chr20	22376514	rs743188
chr20	22380403	rs199841
chr20	22380758	rs172038
chr20	22384161	rs2876638
chr20	22384908	rs199843
chr20	22386410	rs17746683
chr20	22388103	rs199761
chr20	22391033	rs17753384
chr20	22392959	rs191828
chr20	22393902	rs169226
chr20	22395421	rs175323
chr20	22395783	rs199767
chr20	22395956	rs6137633
chr20	22396943	rs6137634
chr20	22397086	rs6137635
chr20	22398422	rs6132511
chr20	22398591	rs199768
chr20	22404256	rs12481108
chr20	22404679	rs199774
chr20	22407516	rs199778
chr20	22410551	rs2757072
chr20	22413674	rs1346655
chr20	22415848	rs1429455
chr20	22420269	rs1204631
chr20	22421563	rs12481141
chr20	22422649	rs6036107
chr20	22423013	rs6082699
chr20	22434087	rs2564426
chr20	22435192	rs2757069
chr20	22435438	rs1366856
chr20	22435484	rs1366855
chr20	22436191	rs6048084
chr20	22443239	rs17753528
chr20	22443589	rs6048095
chr20	22444231	rs6048096
chr20	22447646	rs7274134
chr20	22449349	rs6048101
chr20	22449712	rs6036116
chr20	22449889	rs7267567
chr20	22451007	rs8121629
chr20	22455491	rs6048105
chr20	22456453	rs4632416
chr20	22459174	rs4459793
chr20	22460486	rs6036119
chr20	22460543	rs6036120
chr20	22461358	rs6048110
chr20	22462177	rs6048112
chr20	22463253	rs6036122
chr20	22463295	rs6048114
chr20	22466378	rs4501019
chr20	22467357	rs17815747
chr20	22475086	rs6048117
chr20	22480226	rs8123670
chr20	22481852	rs950519
chr20	22483009	rs12624718
chr20	22483542	rs12624953
chr20	22494412	rs16984013
chr20	22495599	rs6048129
chr20	22497115	rs6048132
chr20	22497327	rs6048133
chr20	22497376	rs1415814
chr20	22497456	rs1415816
chr20	22500136	rs12624557
chr20	22500288	rs883626
chr20	22503632	rs6048136
chr20	22503726	rs11907324
chr20	22504167	rs6048138
chr20	22504684	rs6048141
chr20	22507350	rs6082725
chr20	22508116	rs6082726
chr20	22524953	rs6075923
chr20	22525412	rs6048155
chr20	22526089	rs8117447
chr20	22529644	rs6048163
chr20	22531891	rs6075924
chr20	22533754	rs6048167
chr20	22533983	rs6048169
chr20	22534857	rs6048171
chr20	22535546	rs6048172
chr20	22536117	rs6036142
chr20	22538726	rs13040491
chr20	22543443	rs5029909
chr20	22553503	rs945982
chr20	22556674	rs6048183
chr20	22557227	rs6048184
chr20	22557624	rs6048186
chr20	22560277	rs1203876
chr20	22562396	rs4815127
chr20	22563062	rs1203884
chr20	22567645	rs2277762
chr20	22576461	rs6113722
chr20	22578963	rs6048205
chr20	22580051	rs1203905
chr20	22580333	rs1203907
chr20	22580744	rs6048206
chr20	22581800	rs1055080
chr20	22587304	rs1209523
chr20	22587957	rs1337919
chr20	22590445	rs6048209
chr20	22590570	rs1337921
chr20	22592696	rs8123991
chr20	22593298	rs6048211
chr20	22595877	rs1203917
chr20	22600263	rs16984154
chr20	22600422	rs6036158
chr20	22600630	rs6048216
chr20	22605190	rs1203923
chr20	22610197	rs1203930
chr20	22612556	rs12479757
chr20	22614320	rs1203938
chr20	22616187	rs1203943
chr20	22616241	rs1203944
chr20	22616565	rs16984209
chr20	22616977	rs1572579
chr20	22625059	rs1203949
chr20	22628040	rs1146365
chr20	22630663	rs1203951
chr20	22633494	rs1203952
chr20	22635505	rs1203953
chr20	22639402	rs2424439
chr20	22652293	rs747911
chr20	22652422	rs747912
chr20	22652517	rs910956
chr20	22660132	rs2145058
chr20	22662187	rs2424451
chr20	22662965	rs2424455
chr20	22663923	rs4815134
chr20	22669410	rs6082774
chr20	22669505	rs6048241
chr20	22670000	rs6137721
chr20	22670023	rs6113759
chr20	22672946	rs6113762
chr20	22673262	rs6132536
chr20	22673477	rs6075934
chr20	22679757	rs6082784
chr20	22682100	rs6036175
chr20	22687667	rs6036176
chr20	22687871	rs6082791
chr20	22688144	rs1571251
chr20	22691782	rs6137726
chr20	22697579	rs2148921
chr20	22699339	rs6036180
chr20	22701135	rs745659
chr20	22701471	rs996070
chr20	22702223	rs913296
chr20	22702283	rs8117748
chr20	22702388	rs8125753
chr20	22703627	rs13039845
chr20	22708849	rs16984335
chr20	22709048	rs6075938
chr20	22709115	rs13037831
chr20	22710511	rs6036187
chr20	22711390	rs13044630
chr20	22715418	rs2225133
chr20	22715434	rs13037517
chr20	22715505	rs13036763
chr20	22715538	rs13037670
chr20	22716524	rs10485635
chr20	22717119	rs10485636
chr20	22718578	rs17816623
chr20	22718752	rs13043823
chr20	22720197	rs6137732
chr20	22720482	rs6048283
chr20	22720918	rs6048285
chr20	22721920	rs6036189
chr20	22722529	rs6132542
chr20	22722552	rs6048289
chr20	22723039	rs6036192
chr20	22723138	rs6113789
chr20	22723494	rs6048291
chr20	22725774	rs2896874
chr20	22727721	rs6048300
chr20	22728077	rs6048302
chr20	22730696	rs7270374
chr20	22730786	rs7262725
chr20	22732627	rs4514951
chr20	22734389	rs6036199
chr20	22743861	rs13036740
chr20	22744076	rs6075942
chr20	22745471	rs6036207
chr20	22745564	rs13037649
chr20	22746910	rs7270365
chr20	22747211	rs17816810
chr20	22749762	rs1571250
chr20	22750345	rs965763
chr20	22751510	rs11907108
chr20	22751758	rs16984397
chr20	22751813	rs17754749
chr20	22751981	rs6036209
chr20	22752111	rs6048327
chr20	22752207	rs17827832
chr20	22752975	rs13037976
chr20	22754027	rs6048328
chr20	22758097	rs6036213
chr20	22758176	rs6048333
chr20	22760259	rs2424460
chr20	22762661	rs4815142
chr20	22763804	rs2424463
chr20	22765149	rs6082813
chr20	22765406	rs6082815
chr20	22765617	rs6075948
chr20	22765777	rs2424465
chr20	22766047	rs8124740
chr20	22767999	rs1761
chr20	22768497	rs6082819
chr20	22769895	rs2092660
chr20	22772205	rs6075950
chr20	22772714	rs7261797
chr20	22773057	rs2424471
chr20	22774695	rs11906222
chr20	22776676	rs13042234
chr20	22777163	rs926743
chr20	22777322	rs926744
chr20	22778263	rs16984451
chr20	22784137	rs2103766
chr20	22786642	rs2424476
chr20	22790766	rs6075965
chr20	22791372	rs11906944
chr20	22792465	rs6082840
chr20	22794943	rs7353078
chr20	22794977	rs2404492
chr20	22795226	rs2404493
chr20	22795677	rs2179859
chr20	22795708	rs2143904
chr20	22796185	rs11087397
chr20	22797862	rs11698001
chr20	22798077	rs6082843
chr20	22798559	rs4813469
chr20	22798811	rs11907005
chr20	22798829	rs6036219
chr20	22799716	rs6048352
chr20	22800188	rs6048354
chr20	22800361	rs6082845
chr20	22800518	rs6048357
chr20	22800624	rs8115044
chr20	22801540	rs6075967
chr20	22801948	rs11907812
chr20	22802266	rs16984513
chr20	22803234	rs2404447
chr20	22804718	rs6048358
chr20	22805392	rs7272134
chr20	22805678	rs16984521
chr20	22805796	rs4815146
chr20	22806984	rs7267722
chr20	22808597	rs1106896
chr20	22809387	rs11907115
chr20	22809910	rs2207170
chr20	22814216	rs6137759
chr20	22816608	rs6106563
chr20	22817920	rs910287
chr20	22819274	rs2207171
chr20	22823271	rs6082866
chr20	22823469	rs6048371
chr20	22823788	rs6048372
chr20	22825606	rs6048374
chr20	22827232	rs6036227
chr20	22832925	rs6137763
chr20	22836482	rs926745
chr20	22843600	rs6137770
chr20	22847101	rs4815150
chr20	22850741	rs1117123
chr20	22858010	rs6113825
chr20	22864648	rs12624691
chr20	22867185	rs12480596
chr20	22877987	rs2150568
chr20	22881609	rs1411785
chr20	22889271	rs7273411
chr20	22892514	rs6048417
chr20	22892616	rs6082896
chr20	22894339	rs16984750
chr20	22896536	rs6048420
chr20	22896736	rs4815154
chr20	22899677	rs6082903
chr20	22905072	rs1537134
chr20	22906619	rs6075982
chr20	22909665	rs4815156
chr20	22918940	rs6082920
chr20	22919434	rs729301
chr20	22921127	rs4539856
chr20	22927646	rs6082923
chr20	22938865	rs6113851
chr20	22940019	rs2150571
chr20	22940241	rs1331066
chr20	22944763	rs2183644
chr20	22947788	rs944467
chr20	22949705	rs7264200
chr20	22952467	rs955667
chr20	22954848	rs6082944
chr20	22957331	rs6113860
chr20	22957884	rs6075993
chr20	22958408	rs869611
chr20	22963149	rs6082950
chr20	22966616	rs6082952
chr20	22973693	rs6048470
chr20	22981253	rs1360400
chr20	22981594	rs2424489
chr20	22983218	rs2143866
chr20	22983953	rs6106582
chr20	22984317	rs2424490
chr20	22984345	rs2424491
chr20	22985725	rs4290724
chr20	22986936	rs1360401
chr20	22994141	rs2258208
chr20	22995023	rs6048489
chr20	22995286	rs717756
chr20	22998336	rs2567610
chr20	22998579	rs2424495
chr20	22998926	rs2746619
chr20	22999833	rs1005920
chr20	22999990	rs6048493
chr20	23001092	rs4815169
chr20	23001450	rs11696756
chr20	23007789	rs2424500
chr20	23008412	rs1360407
chr20	23013546	rs2424502
chr20	23016829	rs1883956
chr20	23022033	rs6082979
chr20	23025690	rs2092635
chr20	23025710	rs2092636
chr20	23027753	rs11697609
chr20	23028657	rs220988
chr20	23029518	rs3991894
chr20	23030831	rs11696134
chr20	23031081	rs8120756
chr20	23034455	rs2268199
chr20	23036333	rs3746726
chr20	23036380	rs2567609
chr20	23036407	rs3746728
chr20	23036445	rs2567608
chr20	23039087	rs2235953
chr20	23039366	rs1883957
chr20	23040960	rs6076013
chr20	23041141	rs2567614
chr20	23043282	rs6082986
chr20	23044658	rs2007363
chr20	23045634	rs3176126
chr20	23045859	rs1962
chr20	23046776	rs3176123
chr20	23046984	rs1042580
chr20	23053637	rs6048519
chr20	23053919	rs8123616
chr20	23054467	rs2424503
chr20	23055412	rs2424505
chr20	23056728	rs2896939
chr20	23058404	rs2007743
chr20	23060729	rs1318041
chr20	23063438	rs6036291
chr20	23063721	rs6048526
chr20	23065077	rs16984890
chr20	23067996	rs2424514
chr20	23068096	rs2424515
chr20	23069189	rs2749816
chr20	23071645	rs1821119
chr20	23074690	rs6048532
chr20	23076710	rs1998080
chr20	23076845	rs1998081
chr20	23077041	rs1998082
chr20	23077230	rs17682491
chr20	23078618	rs2749817
chr20	23078642	rs17682515
chr20	23079620	rs7492
chr20	23082290	rs2749812
chr20	23082347	rs2749813
chr20	23083642	rs6076019
chr20	23084572	rs3746731
chr20	23084705	rs3746732
chr20	23087162	rs6137821
chr20	23090394	rs6048544
chr20	23090938	rs6113933
chr20	23093267	rs6106598
chr20	23093564	rs6048546
chr20	23093738	rs1884655
chr20	23094399	rs844808
chr20	23096277	rs4813479
chr20	23098359	rs844813
chr20	23099732	rs6083004
chr20	23101766	rs844821
chr20	23102025	rs844823
chr20	23102244	rs844825
chr20	23102891	rs6137826
chr20	23104366	rs844828
chr20	23105867	rs844834
chr20	23110624	rs844843
chr20	23110863	rs6132564
chr20	23111342	rs6137831
chr20	23112001	rs17756373
chr20	23113716	rs6137832
chr20	23114411	rs13041854
chr20	23114460	rs844851
chr20	23115636	rs6076027
chr20	23116984	rs6036310
chr20	23117243	rs1320561
chr20	23118559	rs699794
chr20	23119232	rs1338945
chr20	23119565	rs844867
chr20	23122028	rs844879
chr20	23123581	rs8122415
chr20	23123884	rs844882
chr20	23124543	rs844885
chr20	23124644	rs6137835
chr20	23125447	rs844887
chr20	23126100	rs844888
chr20	23126242	rs844889
chr20	23126801	rs6083009
chr20	23128565	rs6083010
chr20	23129016	rs6113954
chr20	23131804	rs6083014
chr20	23132057	rs6083015
chr20	23132455	rs844895
chr20	23132808	rs699796
chr20	23132817	rs699797
chr20	23132952	rs6113957
chr20	23137562	rs6515304
chr20	23139129	rs6083017
chr20	23147024	rs6132569
chr20	23147563	rs4815176
chr20	23147692	rs6083020
chr20	23149591	rs755697
chr20	23151058	rs844904
chr20	23151420	rs844906
chr20	23151872	rs7266428
chr20	23151941	rs6137845
chr20	23152298	rs6036322
chr20	23153052	rs844909
chr20	23153159	rs6113965
chr20	23156314	rs17750117
chr20	23156799	rs844910
chr20	23160808	rs844914
chr20	23161018	rs844917
chr20	23161575	rs6113968
chr20	23161841	rs7261570
chr20	23162093	rs4815178
chr20	23162329	rs4815179
chr20	23163433	rs6083025
chr20	23163461	rs6076033
chr20	23163816	rs17756595
chr20	23164618	rs6083026
chr20	23167740	rs1998084
chr20	23169102	rs10485640
chr20	23170927	rs6113975
chr20	23176638	rs6113979
chr20	23177765	rs844930
chr20	23179865	rs6106614
chr20	23181170	rs844935
chr20	23189289	rs2024897
chr20	23190094	rs11896
chr20	23192860	rs6076036
chr20	23192966	rs6083030
chr20	23193577	rs6106615
chr20	23195875	rs4815181
chr20	23198967	rs8118328
chr20	23199352	rs6137866
chr20	23200717	rs6083035
chr20	23203850	rs6083038
chr20	23204964	rs11698184
chr20	23205648	rs11698699
chr20	23206178	rs870225
chr20	23207054	rs6113989
chr20	23208991	rs6113992
chr20	23210862	rs1005856
chr20	23211433	rs6048591
chr20	23211901	rs6048592
chr20	23216582	rs6113997
chr20	23216766	rs16985096
chr20	23216976	rs16985100
chr20	23225278	rs7272365
chr20	23226089	rs6083050
chr20	23227776	rs11697048
chr20	23231054	rs6048619
chr20	23231107	rs6106617
chr20	23236957	rs6114006
chr20	23237180	rs10485641
chr20	23242755	rs4813483
chr20	23246782	rs6036345
chr20	23247584	rs7268341
chr20	23247709	rs4813485
chr20	23247818	rs7261602
chr20	23249928	rs1572709
chr20	23252911	rs6114020
chr20	23254002	rs2424520
chr20	23254062	rs2424521
chr20	23256734	rs4815183
chr20	23257091	rs4815184
chr20	23257730	rs1209527
chr20	23260332	rs2424525
chr20	23260894	rs4815186
chr20	23264986	rs1203987
chr20	23265259	rs6106629
chr20	23269446	rs1114221
chr20	23272947	rs4815189
chr20	23274198	rs2185870
chr20	23275176	rs2211468
chr20	23275206	rs1891684
chr20	23276233	rs11697315
chr20	23276763	rs6048669
chr20	23278339	rs1541237
chr20	23278937	rs6106632
chr20	23279141	rs2096253
chr20	23280087	rs12480355
chr20	23280176	rs2405226
chr20	23280702	rs1573172
chr20	23282039	rs6132590
chr20	23283408	rs6036361
chr20	23285979	rs1541230
chr20	23286377	rs6137886
chr20	23286843	rs1541232
chr20	23287427	rs6114038
chr20	23288000	rs4815191
chr20	23288305	rs6083074
chr20	23291185	rs4815192
chr20	23301442	rs6048693
chr20	23304378	rs11906294
chr20	23305266	rs6048699
chr20	23308493	rs6048703
chr20	23312212	rs2995711
chr20	23313543	rs2995713
chr20	23313975	rs2995714
chr20	23314747	rs2995718
chr20	23315572	rs6048704
chr20	23315683	rs2995719
chr20	23316237	rs2995720
chr20	23316683	rs2995722
chr20	23317014	rs3004174
chr20	23317659	rs2995724
chr20	23321731	rs6137892
chr20	23322026	rs6137893
chr20	23323539	rs2405229
chr20	23325131	rs3004096
chr20	23326189	rs6076051
chr20	23329951	rs2995729
chr20	23331888	rs1109557
chr20	23332395	rs6048726
chr20	23332555	rs1984279
chr20	23335864	rs6036381
chr20	23343350	rs1112819
chr20	23344014	rs2066451
chr20	23344410	rs6048740
chr20	23344513	rs4813490
chr20	23347367	rs6048743
chr20	23347504	rs6036387
chr20	23348458	rs6076053
chr20	23349986	rs6048748
chr20	23350384	rs2236024
chr20	23350504	rs4815196
chr20	23351967	rs6083082
chr20	23352953	rs12625187
chr20	23353619	rs6132600
chr20	23355345	rs6076057
chr20	23355482	rs6083085
chr20	23355624	rs6076059
chr20	23355795	rs1419005
chr20	23361463	rs1936012
chr20	23361839	rs743024
chr20	23363796	rs16985266
chr20	23363874	rs6137907
chr20	23363953	rs6137908
chr20	23364091	rs6137909
chr20	23364432	rs6076060
chr20	23365207	rs6048760
chr20	23365313	rs6036393
chr20	23366916	rs999072
chr20	23369112	rs3746733
chr20	23369128	rs3746734
chr20	23370153	rs10485644
chr20	23370696	rs12625257
chr20	23371252	rs1419008
chr20	23372048	rs7988
chr20	23373632	rs12625164
chr20	23374111	rs2252824
chr20	23374786	rs8615
chr20	23377088	rs6137913
chr20	23377596	rs6083099
chr20	23377721	rs16985303
chr20	23377872	rs6137915
chr20	23383352	rs1936013
chr20	23385401	rs6083104
chr20	23392117	rs2424531
chr20	23393133	rs6048778
chr20	23395270	rs2424533
chr20	23395846	rs999068
chr20	23397005	rs3736755
chr20	23397178	rs17750862
chr20	23397708	rs2243448
chr20	23397822	rs2281433
chr20	23398229	rs2424534
chr20	23400743	rs6076069
chr20	23400964	rs2424536
chr20	23401439	rs2424538
chr20	23404267	rs2424539
chr20	23407179	rs2253834
chr20	23409318	rs2424543
chr20	23409569	rs6137939
chr20	23410239	rs2424545
chr20	23412053	rs2424547
chr20	23420215	rs743023
chr20	23422196	rs2424552
chr20	23423302	rs2424553
chr20	23424644	rs2180139
chr20	23425499	rs6137945
chr20	23425882	rs6076072
chr20	23438675	rs12625994
chr20	23438919	rs2424556
chr20	23440442	rs7361799
chr20	23440464	rs17757442
chr20	23442460	rs6083125
chr20	23443976	rs3746736
chr20	23444001	rs3746737
chr20	23446011	rs761724
chr20	23446762	rs1076776
chr20	23447821	rs6083128
chr20	23449593	rs11908625
chr20	23449882	rs2424559
chr20	23451891	rs2236021
chr20	23452965	rs2064587
chr20	23453630	rs6114094
chr20	23458252	rs6048803
chr20	23458485	rs761845
chr20	23461405	rs2224220
chr20	23461448	rs12625999
chr20	23464960	rs6114100
chr20	23465685	rs6114101
chr20	23465792	rs6048810
chr20	23474121	rs6048822
chr20	23475163	rs7351246
chr20	23475769	rs1028524
chr20	23475901	rs1028523
chr20	23477413	rs6048826
chr20	23479339	rs6036424
chr20	23479691	rs6106669
chr20	23480445	rs6114142
chr20	23481008	rs16985393
chr20	23481141	rs6137975
chr20	23488656	rs6048836
chr20	23491044	rs2073300
chr20	23491358	rs2073299
chr20	23493373	rs3004100
chr20	23493442	rs2236085
chr20	23494171	rs2224219
chr20	23495752	rs2273378
chr20	23498155	rs2983295
chr20	23498451	rs2983296
chr20	23501169	rs2983299
chr20	23501759	rs3004110
chr20	23501793	rs3004111
chr20	23503043	rs16985410
chr20	23503688	rs3004113
chr20	23505952	rs2983301
chr20	23506291	rs3004117
chr20	23506960	rs238672
chr20	23508560	rs2983303
chr20	23509041	rs3004119
chr20	23509093	rs6048845
chr20	23511141	rs6076080
chr20	23517894	rs7266535
chr20	23518896	rs238653
chr20	23519959	rs238651
chr20	23520334	rs238650
chr20	23520713	rs238649
chr20	23523918	rs238646
chr20	23524419	rs238645
chr20	23532137	rs3004122
chr20	23532481	rs6083140
chr20	23536272	rs6114167
chr20	23536321	rs6076082
chr20	23537054	rs2983632
chr20	23537352	rs4815205
chr20	23538781	rs2983645
chr20	23542714	rs1155362
chr20	23542940	rs3004125
chr20	23543592	rs3004126
chr20	23544076	rs1555356
chr20	23544699	rs1467501
chr20	23544766	rs1555358
chr20	23545651	rs911125
chr20	23547899	rs6076084
chr20	23550175	rs6132639
chr20	23550304	rs1028560
chr20	23564127	rs6083171
chr20	23564419	rs2295560
chr20	23567107	rs6138001
chr20	23567133	rs13040567
chr20	23567764	rs2247337
chr20	23568579	rs6083173
chr20	23568904	rs1467503
chr20	23570738	rs6048891
chr20	23571661	rs6138003
chr20	23583627	rs5029045
chr20	23584899	rs6048906
chr20	23585157	rs4815221
chr20	23585212	rs2983626
chr20	23585345	rs2015529
chr20	23587150	rs6083189
chr20	23587281	rs6083190
chr20	23587417	rs6048912
chr20	23588114	rs2405390
chr20	23588153	rs2405391
chr20	23588763	rs4346460
chr20	23596207	rs6048920
chr20	23596327	rs4815222
chr20	23597552	rs1158167
chr20	23598263	rs6114188
chr20	23598646	rs2093145
chr20	23598889	rs2208289
chr20	23601781	rs3004144
chr20	23602386	rs6036464
chr20	23602755	rs3810575
chr20	23603088	rs13037490
chr20	23603479	rs726217
chr20	23605351	rs6048928
chr20	23605547	rs2983639
chr20	23605723	rs2983640
chr20	23605922	rs1966182
chr20	23606304	rs13043610
chr20	23606340	rs2983641
chr20	23607366	rs6036465
chr20	23610826	rs6106689
chr20	23611906	rs10485646
chr20	23612077	rs17751897
chr20	23613655	rs6515370
chr20	23621670	rs6048946
chr20	23625196	rs1011226
chr20	23626208	rs12625716
chr20	23626620	rs6048952
chr20	23630722	rs6036478
chr20	23633113	rs2424577
chr20	23635668	rs6048959
chr20	23635832	rs35610040
chr20	23635855	rs3827141
chr20	23636144	rs3787498
chr20	23636170	rs3787499
chr20	23636370	rs3827142
chr20	23638980	rs3827143
chr20	23641913	rs2424582
chr20	23642121	rs2254635
chr20	23642243	rs2405367
chr20	23644910	rs2145231
chr20	23645109	rs911122
chr20	23645435	rs2424586
chr20	23647807	rs6114215
chr20	23648585	rs13037020
chr20	23652139	rs8122922
chr20	23656343	rs2424590
chr20	23656456	rs2424591
chr20	23661752	rs13040731
chr20	23661790	rs16985615
chr20	23661821	rs3004153
chr20	23663750	rs2424595
chr20	23667395	rs2424598
chr20	23673681	rs16985619
chr20	23691103	rs3761286
chr20	23697192	rs6049003
chr20	23698253	rs947010
chr20	23699419	rs6515382
chr20	23701496	rs8123755
chr20	23702173	rs6036488
chr20	23705167	rs6114230
chr20	23706789	rs6036489
chr20	23709384	rs7263120
chr20	23709830	rs7263473
chr20	23713676	rs6132651
chr20	23718796	rs4378870
chr20	23720187	rs7266357
chr20	23721534	rs6036492
chr20	23721782	rs4072312
chr20	23722537	rs11699507
chr20	23723651	rs6132653
chr20	23728328	rs6083237
chr20	23728908	rs4328700
chr20	23733410	rs3922396
chr20	23739785	rs6036504
chr20	23741355	rs6036507
chr20	23741383	rs6138054
chr20	23741682	rs6049048
chr20	23744382	rs4134385
chr20	23744891	rs6049057
chr20	23746320	rs6049062
chr20	23746402	rs8115789
chr20	23746508	rs6049064
chr20	23746654	rs8115868
chr20	23746938	rs6036515
chr20	23750775	rs2070856
chr20	23750789	rs13045477
chr20	23750857	rs6076122
chr20	23752362	rs6114257
chr20	23752605	rs4491793
chr20	23753573	rs6114258
chr20	23753971	rs4470397
chr20	23756031	rs6049074
chr20	23759524	rs4419289
chr20	23759954	rs4627645
chr20	23765506	rs6049088
chr20	23765890	rs6138059
chr20	23768999	rs4375938
chr20	23769077	rs3884632
chr20	23769516	rs4300906
chr20	23770260	rs12329441
chr20	23770297	rs13043744
chr20	23771835	rs6138069
chr20	23771916	rs6076126
chr20	23772915	rs6049097
chr20	23775502	rs6138072
chr20	23778063	rs6049106
chr20	23778571	rs6049110
chr20	23782813	rs6132660
chr20	23785459	rs4564858
chr20	23785640	rs8126263
chr20	23792017	rs6049126
chr20	23792070	rs6138086
chr20	23793923	rs6036534
chr20	23795182	rs6049129
chr20	23796493	rs6114296
chr20	23798920	rs6049134
chr20	23799193	rs6138090
chr20	23804789	rs6049139
chr20	23805170	rs6083269
chr20	23811022	rs6138110
chr20	23815517	rs6106724
chr20	23819701	rs6114312
chr20	23819882	rs4625984
chr20	23821110	rs6076132
chr20	23821222	rs4533555
chr20	23821455	rs6083274
chr20	23822811	rs4547593
chr20	23823329	rs6114318
chr20	23826391	rs4407312
chr20	23827687	rs4504066
chr20	23830402	rs6083276
chr20	23830537	rs6076136
chr20	23830549	rs8182947
chr20	23831199	rs7269811
chr20	23832106	rs6076137
chr20	23832981	rs8184710
chr20	23833795	rs6083281
chr20	23834500	rs6083283
chr20	23834662	rs6114326
chr20	23835369	rs4077908
chr20	23842139	rs4640456
chr20	23842209	rs6083297
chr20	23843060	rs4416287
chr20	23843219	rs6083298
chr20	23846794	rs6138139
chr20	23855487	rs6049178
chr20	23859357	rs6114343
chr20	23866372	rs6138150
chr20	23866528	rs6049191
chr20	23869416	rs6036561
chr20	23869493	rs6138152
chr20	23869525	rs6138153
chr20	23871494	rs6049197
chr20	23877345	rs2071445
chr20	23877791	rs2285059
chr20	23878347	rs4815244
chr20	23879116	rs2071443
chr20	23879541	rs1799841
chr20	23880361	rs4295079
chr20	23882207	rs6076157
chr20	23883158	rs6083315
chr20	23884840	rs6049203
chr20	23887033	rs6049205
chr20	23892881	rs6138159
chr20	23903151	rs6036568
chr20	23911004	rs6083320
chr20	23913913	rs2995108
chr20	23921182	rs1741630
chr20	23923336	rs2995100
chr20	23925013	rs1741632
chr20	23925118	rs2995685
chr20	23925265	rs2261386
chr20	23925469	rs2261383
chr20	23927107	rs1797040
chr20	23927533	rs1797039
chr20	23927562	rs2260451
chr20	23928219	rs2260409
chr20	23929167	rs1797037
chr20	23929378	rs2260365
chr20	23929639	rs1797036
chr20	23933387	rs2257471
chr20	23938464	rs1797031
chr20	23944421	rs6049246
chr20	23945396	rs6036584
chr20	23949906	rs2983539
chr20	23954448	rs2983543
chr20	23957159	rs2208661
chr20	23957687	rs2145969
chr20	23958640	rs4815252
chr20	23959906	rs6049260
chr20	23960448	rs2984264
chr20	23960724	rs2038582
chr20	23971104	rs6049272
chr20	23972062	rs4815261
chr20	23972784	rs3004167
chr20	23972954	rs2224548
chr20	23973194	rs6076170
chr20	23974154	rs3004169
chr20	23975105	rs755031
chr20	23975141	rs755032
chr20	23978996	rs3875211
chr20	23996435	rs3887942
chr20	23998668	rs6036600
chr20	24000868	rs6036602
chr20	24002405	rs6049299
chr20	24003570	rs6114404
chr20	24003599	rs8125708
chr20	24004536	rs7261741
chr20	24006883	rs6049301
chr20	24008390	rs3848798
chr20	24009293	rs3848799
chr20	24009573	rs6049306
chr20	24014038	rs6049327
chr20	24015162	rs6049329
chr20	24015987	rs3848800
chr20	24017064	rs6049331
chr20	24018541	rs6036614
chr20	24019422	rs13044207
chr20	24021606	rs7509621
chr20	24024025	rs6049338
chr20	24026047	rs6049339
chr20	24031551	rs3859656
chr20	24031888	rs6049345
chr20	24031936	rs11905605
chr20	24032531	rs6049346
chr20	24032564	rs6114415
chr20	24033190	rs6049347
chr20	24035436	rs6049350
chr20	24036939	rs10485831
chr20	24037528	rs4296496
chr20	24038797	rs7344251
chr20	24039684	rs16986162
chr20	24040120	rs6114422
chr20	24040139	rs6114423
chr20	24040628	rs16986164
chr20	24040639	rs16986166
chr20	24040855	rs6106767
chr20	24040934	rs6049354
chr20	24042436	rs16986175
chr20	24042698	rs11700365
chr20	24043146	rs10439594
chr20	24043308	rs6114429
chr20	24043337	rs6114430
chr20	24043622	rs4416288
chr20	24043772	rs4555417
chr20	24047258	rs3905230
chr20	24060932	rs1743482
chr20	24066199	rs6049370
chr20	24066686	rs16986203
chr20	24072220	rs1797022
chr20	24073355	rs6114464
chr20	24074905	rs6114467
chr20	24076646	rs6106780
chr20	24077771	rs6049375
chr20	24080550	rs1573008
chr20	24080709	rs858140
chr20	24081314	rs858141
chr20	24081449	rs6049376
chr20	24083046	rs858143
chr20	24092477	rs761865
chr20	24093328	rs6049385
chr20	24093713	rs6138201
chr20	24094538	rs6049387
chr20	24097492	rs6049391
chr20	24097840	rs6036641
chr20	24098856	rs6036642
chr20	24103706	rs761864
chr20	24106065	rs6049403
chr20	24113272	rs6049407
chr20	24118037	rs6036659
chr20	24119687	rs6138211
chr20	24120128	rs6114487
chr20	24121686	rs2224232
chr20	24124040	rs6049419
chr20	24128098	rs6132702
chr20	24128137	rs11699478
chr20	24130330	rs12480224
chr20	24134267	rs6138213
chr20	24135247	rs6138214
chr20	24136062	rs1006194
chr20	24137946	rs1555286
chr20	24138264	rs11698145
chr20	24140714	rs2890401
chr20	24142545	rs6049428
chr20	24143446	rs2180377
chr20	24144511	rs7270353
chr20	24146387	rs6049433
chr20	24149989	rs6049435
chr20	24154219	rs17249858
chr20	24154281	rs6138224
chr20	24154488	rs6049446
chr20	24156942	rs6114503
chr20	24157567	rs6076195
chr20	24159304	rs17823566
chr20	24159719	rs6049453
chr20	24160291	rs6049455
chr20	24161950	rs6083409
chr20	24165066	rs6114508
chr20	24165197	rs6036670
chr20	24165742	rs2208014
chr20	24178629	rs6049473
chr20	24178891	rs6049474
chr20	24179913	rs8125641
chr20	24182140	rs6083422
chr20	24182341	rs8123478
chr20	24184301	rs11698401
chr20	24184608	rs6049484
chr20	24188609	rs7263427
chr20	24189995	rs6114529
chr20	24195189	rs1587200
chr20	24196457	rs2749422
chr20	24200295	rs6083433
chr20	24202356	rs7268880
chr20	24203167	rs6138232
chr20	24204674	rs224156
chr20	24205928	rs85689
chr20	24207148	rs7272205
chr20	24209984	rs565833
chr20	24211740	rs9679837
chr20	24215058	rs502250
chr20	24215733	rs573964
chr20	24215942	rs473253
chr20	24215983	rs472526
chr20	24221903	rs478843
chr20	24223909	rs550792
chr20	24226699	rs575635
chr20	24233612	rs496268
chr20	24234111	rs491653
chr20	24238253	rs858070
chr20	24239291	rs858066
chr20	24239544	rs858065
chr20	24239605	rs858064
chr20	24239938	rs858063
chr20	24240544	rs6083453
chr20	24241711	rs6083457
chr20	24243744	rs224784
chr20	24247037	rs858059
chr20	24247535	rs6083462
chr20	24247673	rs858058
chr20	24249419	rs1102973
chr20	24253315	rs17249942
chr20	24253392	rs6049549
chr20	24260974	rs926996
chr20	24261269	rs6049554
chr20	24261502	rs224787
chr20	24262973	rs13353378
chr20	24265161	rs6114569
chr20	24266604	rs6036711
chr20	24266920	rs6036712
chr20	24267569	rs7265990
chr20	24267708	rs224786
chr20	24275752	rs6049562
chr20	24276000	rs6049563
chr20	24280970	rs224791
chr20	24285015	rs6036718
chr20	24286012	rs6076217
chr20	24292808	rs6114608
chr20	24296439	rs6114613
chr20	24296559	rs6049572
chr20	24301594	rs1293713
chr20	24301646	rs6114624
chr20	24303665	rs6114628
chr20	24307870	rs6106844
chr20	24308419	rs6049577
chr20	24311430	rs11696792
chr20	24320930	rs6076221
chr20	24323692	rs6049591
chr20	24324129	rs6049592
chr20	24326280	rs4611717
chr20	24332837	rs6106856
chr20	24333421	rs6138267
chr20	24337274	rs8116738
chr20	24343340	rs6049612
chr20	24344228	rs6036741
chr20	24347672	rs16986484
chr20	24347802	rs2092467
chr20	24348438	rs926607
chr20	24349463	rs2064343
chr20	24349479	rs6083497
chr20	24350674	rs6049617
chr20	24352095	rs6036744
chr20	24355302	rs6138276
chr20	24355729	rs9679898
chr20	24356159	rs6036746
chr20	24357525	rs6036747
chr20	24357814	rs6036748
chr20	24361702	rs6049623
chr20	24362751	rs6049624
chr20	24363198	rs1016591
chr20	24364247	rs1474735
chr20	24364508	rs1474734
chr20	24365502	rs1540913
chr20	24365699	rs1540912
chr20	24370643	rs6049631
chr20	24375944	rs6076225
chr20	24376252	rs11699305
chr20	24381032	rs6036754
chr20	24381043	rs2206646
chr20	24382261	rs11696764
chr20	24383569	rs6036755
chr20	24384241	rs7266805
chr20	24385078	rs11087466
chr20	24385218	rs6049640
chr20	24386254	rs6138286
chr20	24390426	rs1997790
chr20	24391719	rs932418
chr20	24395117	rs6106862
chr20	24402463	rs6114689
chr20	24404190	rs2092468
chr20	24409517	rs8124204
chr20	24412554	rs6049660
chr20	24412748	rs17823680
chr20	24413263	rs6114698
chr20	24413933	rs6114701
chr20	24414067	rs6106872
chr20	24414134	rs13042428
chr20	24416134	rs2092469
chr20	24416479	rs4536719
chr20	24416639	rs9974024
chr20	24417156	rs7265908
chr20	24417573	rs7274700
chr20	24417621	rs6132734
chr20	24419422	rs2892180
chr20	24421000	rs6515493
chr20	24421227	rs6114708
chr20	24424016	rs6114710
chr20	24438605	rs7266811
chr20	24440367	rs2206644
chr20	24440534	rs2223648
chr20	24442046	rs11696699
chr20	24442780	rs722834
chr20	24443301	rs926609
chr20	24443584	rs6114728
chr20	24444068	rs6036793
chr20	24445351	rs6049692
chr20	24447177	rs6049698
chr20	24447649	rs6138298
chr20	24449378	rs6049700
chr20	24450172	rs6036803
chr20	24450453	rs6114732
chr20	24450589	rs4815271
chr20	24451198	rs2050203
chr20	24452435	rs6036804
chr20	24455847	rs6049705
chr20	24456567	rs6076229
chr20	24464519	rs6114735
chr20	24464914	rs722602
chr20	24471983	rs6049713
chr20	24478237	rs6049718
chr20	24483661	rs8118265
chr20	24491267	rs6049735
chr20	24492125	rs11907737
chr20	24494577	rs16986675
chr20	24497509	rs7262203
chr20	24497617	rs6049739
chr20	24504889	rs1467660
chr20	24506264	rs6076231
chr20	24506367	rs6138309
chr20	24507448	rs6083539
chr20	24507704	rs1326305
chr20	24511370	rs2386954
chr20	24511493	rs6114748
chr20	24520085	rs1555892
chr20	24522894	rs13041233
chr20	24524214	rs6049754
chr20	24527785	rs6049757
chr20	24532960	rs6049760
chr20	24534575	rs6114760
chr20	24536415	rs6132742
chr20	24539684	rs6049766
chr20	24541099	rs6036832
chr20	24541615	rs6049769
chr20	24542087	rs6138318
chr20	24543257	rs6083553
chr20	24544056	rs6049772
chr20	24546088	rs6049775
chr20	24546319	rs6049776
chr20	24546887	rs6114768
chr20	24547429	rs6036834
chr20	24547982	rs6036836
chr20	24551977	rs1326298
chr20	24559869	rs4815278
chr20	24562372	rs6083557
chr20	24564245	rs6083558
chr20	24566508	rs13039850
chr20	24574894	rs7267732
chr20	24576161	rs17250061
chr20	24576891	rs727409
chr20	24577228	rs6083562
chr20	24577252	rs6114780
chr20	24577338	rs6138330
chr20	24577496	rs4815279
chr20	24583681	rs6138332
chr20	24584414	rs8119291
chr20	24586731	rs6036843
chr20	24590818	rs6049796
chr20	24592166	rs6049799
chr20	24592595	rs4815281
chr20	24596873	rs4813522
chr20	24598220	rs6049804
chr20	24598337	rs6049805
chr20	24604202	rs11905582
chr20	24605747	rs12480522
chr20	24609154	rs6049811
chr20	24609370	rs11699265
chr20	24609696	rs12481129
chr20	24610392	rs17823746
chr20	24611300	rs11700002
chr20	24612702	rs6049813
chr20	24613633	rs4815285
chr20	24617060	rs4815286
chr20	24620241	rs11697994
chr20	24621307	rs13038938
chr20	24623664	rs4815290
chr20	24627756	rs4815291
chr20	24629009	rs1883924
chr20	24630255	rs742803
chr20	24630949	rs761437
chr20	24632172	rs4813524
chr20	24632935	rs2024608
chr20	24633595	rs4813525
chr20	24633871	rs1997870
chr20	24634603	rs11699457
chr20	24635550	rs4815292
chr20	24637644	rs4815293
chr20	24637945	rs6083569
chr20	24638059	rs6049825
chr20	24638178	rs11697115
chr20	24643138	rs6114812
chr20	24643615	rs6036858
chr20	24647328	rs6049828
chr20	24648404	rs6049829
chr20	24648435	rs11696125
chr20	24649158	rs11087473
chr20	24649724	rs4815295
chr20	24655446	rs6049834
chr20	24655765	rs6049835
chr20	24659280	rs6076248
chr20	24661863	rs12625030
chr20	24662124	rs13041031
chr20	24662294	rs13040961
chr20	24662407	rs13045365
chr20	24663929	rs729540
chr20	24665003	rs3746326
chr20	24667089	rs12624459
chr20	24667619	rs2387080
chr20	24670313	rs6036869
chr20	24674563	rs4140548
chr20	24676324	rs742807
chr20	24679661	rs6049877
chr20	24681429	rs3813914
chr20	24685347	rs4815299
chr20	24685464	rs8114713
chr20	24694969	rs8121573
chr20	24698776	rs11698940
chr20	24700716	rs6114836
chr20	24702918	rs6049886
chr20	24704215	rs6114838
chr20	24704804	rs2424621
chr20	24705739	rs11699876
chr20	24711292	rs4813529
chr20	24720288	rs13041502
chr20	24723205	rs926708
chr20	24726432	rs6083597
chr20	24727276	rs2424627
chr20	24728017	rs11698382
chr20	24729615	rs13037383
chr20	24730591	rs926709
chr20	24733187	rs6049925
chr20	24733276	rs6036896
chr20	24733704	rs714689
chr20	24734908	rs910237
chr20	24735652	rs2424631
chr20	24736240	rs2424634
chr20	24736449	rs2424635
chr20	24736472	rs2424637
chr20	24737038	rs2424638
chr20	24737231	rs2424641
chr20	24738093	rs6049931
chr20	24739983	rs974646
chr20	24742973	rs7360533
chr20	24744193	rs6138357
chr20	24746466	rs2424652
chr20	24747097	rs6083603
chr20	24749600	rs6036900
chr20	24754300	rs2424664
chr20	24754703	rs2424667
chr20	24755030	rs4815307
chr20	24755310	rs2424668
chr20	24757590	rs6076272
chr20	24757674	rs2424671
chr20	24762027	rs2424676
chr20	24766852	rs2892219
chr20	24767796	rs2244284
chr20	24768193	rs2424681
chr20	24770483	rs6132763
chr20	24774795	rs4813536
chr20	24779057	rs4815311
chr20	24779158	rs4813537
chr20	24779741	rs11698988
chr20	24780556	rs6114868
chr20	24782954	rs12624499
chr20	24783231	rs226664
chr20	24783547	rs226665
chr20	24789220	rs226668
chr20	24789595	rs226670
chr20	24790578	rs1109682
chr20	24791155	rs6049976
chr20	24791869	rs226681
chr20	24795306	rs85805
chr20	24796541	rs226690
chr20	24798091	rs4815315
chr20	24799274	rs226695
chr20	24800719	rs226696
chr20	24800784	rs226697
chr20	24801017	rs7262621
chr20	24802847	rs11908480
chr20	24803240	rs172877
chr20	24808990	rs6138379
chr20	24809768	rs914305
chr20	24814339	rs4815316
chr20	24816305	rs1571772
chr20	24816539	rs7269852
chr20	24818220	rs6083628
chr20	24819121	rs7509561
chr20	24821872	rs6083632
chr20	24824673	rs6050002
chr20	24828231	rs6114886
chr20	24830832	rs6036924
chr20	24832526	rs6050016
chr20	24832906	rs8119131
chr20	24837444	rs6083638
chr20	24840752	rs6036928
chr20	24843326	rs6515535
chr20	24850499	rs6050040
chr20	24851444	rs6036932
chr20	24854782	rs2150649
chr20	24855380	rs2151460
chr20	24857929	rs6036938
chr20	24857941	rs11698140
chr20	24859528	rs11700219
chr20	24860054	rs6036939
chr20	24860246	rs6083648
chr20	24865596	rs6114899
chr20	24867290	rs12185807
chr20	24867937	rs884070
chr20	24868079	rs11698958
chr20	24869779	rs6083649
chr20	24871128	rs6050058
chr20	24875093	rs6036948
chr20	24879281	rs6083658
chr20	24887762	rs1113872
chr20	24890749	rs7266572
chr20	24893459	rs6083670
chr20	24894157	rs6036961
chr20	24894437	rs6036962
chr20	24896092	rs6106962
chr20	24896449	rs6036965
chr20	24896582	rs6050097
chr20	24899779	rs1411895
chr20	24907442	rs6114921
chr20	24910309	rs1029033
chr20	24910371	rs6114925
chr20	24911259	rs6050118
chr20	24912079	rs914309
chr20	24913282	rs13038639
chr20	24913311	rs6050122
chr20	24916657	rs8121279
chr20	24916719	rs914314
chr20	24917849	rs6050129
chr20	24918220	rs885402
chr20	24918620	rs961218
chr20	24919205	rs1854849
chr20	24933852	rs11696281
chr20	24933954	rs227633
chr20	24934659	rs6050164
chr20	24935025	rs227634
chr20	24935203	rs6050167
chr20	24935576	rs227635
chr20	24936416	rs6050170
chr20	24937060	rs6106974
chr20	24938295	rs6106975
chr20	24939179	rs4813541
chr20	24942547	rs6132774
chr20	24942769	rs926661
chr20	24943182	rs6050183
chr20	24949277	rs11087490
chr20	24949449	rs227653
chr20	24950006	rs7264679
chr20	24951392	rs227658
chr20	24955112	rs6050200
chr20	24955190	rs6050201
chr20	24957485	rs6050206
chr20	24957523	rs6036997
chr20	24957559	rs13041643
chr20	24960836	rs6083696
chr20	24961454	rs12329446
chr20	24961784	rs36090194
chr20	24963530	rs6707
chr20	24966840	rs6083697
chr20	24968101	rs6050215
chr20	24969737	rs2064404
chr20	24970850	rs6132775
chr20	24971401	rs6050225
chr20	24975345	rs6132777
chr20	24983566	rs2008275
chr20	24991697	rs7268095
chr20	24993133	rs6138458
chr20	24993261	rs2235847
chr20	24993478	rs6114979
chr20	24993652	rs6114980
chr20	24993765	rs6114981
chr20	24995199	rs8125909
chr20	24998806	rs4239751
chr20	24999944	rs6114991
chr20	25000029	rs6083714
chr20	25000418	rs2387573
chr20	25004622	rs6114995
chr20	25005182	rs1555157
chr20	25007151	rs6132784
chr20	25007446	rs6114999
chr20	25013653	rs6050249
chr20	25014378	rs11697253
chr20	25014529	rs11699487
chr20	25016501	rs6138466
chr20	25019159	rs3746330
chr20	25020098	rs6115003
chr20	25023435	rs4813543
chr20	25026453	rs6050255
chr20	25030787	rs6050259
chr20	25031519	rs6138473
chr20	25032173	rs6132789
chr20	25032721	rs6138475
chr20	25033570	rs6050261
chr20	25036671	rs4815361
chr20	25037990	rs6138478
chr20	25038237	rs6050266
chr20	25038463	rs6050267
chr20	25039411	rs2144371
chr20	25039805	rs6115010
chr20	25040301	rs6083725
chr20	25044243	rs6115013
chr20	25044970	rs6083729
chr20	25046442	rs910527
chr20	25046695	rs6132792
chr20	25055075	rs4815364
chr20	25058463	rs3746332
chr20	25060248	rs6037013
chr20	25062475	rs6050291
chr20	25068647	rs2207631
chr20	25069273	rs4815366
chr20	25072469	rs743018
chr20	25073741	rs4813547
chr20	25073804	rs4815367
chr20	25074809	rs2207632
chr20	25077499	rs7263632
chr20	25078806	rs6138482
chr20	25078910	rs12480307
chr20	25080672	rs4815368
chr20	25083676	rs6115024
chr20	25084882	rs6076315
chr20	25090818	rs2207634
chr20	25092046	rs6076316
chr20	25100654	rs6138487
chr20	25101525	rs4141461
chr20	25104145	rs7266451
chr20	25105124	rs2224073
chr20	25114273	rs6083754
chr20	25115858	rs2387578
chr20	25117156	rs6138492
chr20	25119717	rs6050338
chr20	25124374	rs6050341
chr20	25126652	rs8115505
chr20	25127496	rs4815374
chr20	25127747	rs4815375
chr20	25132603	rs6037029
chr20	25132771	rs6115048
chr20	25135000	rs6138506
chr20	25137635	rs6050351
chr20	25139962	rs6037033
chr20	25140244	rs6037034
chr20	25142309	rs6050359
chr20	25142846	rs6050360
chr20	25143452	rs6050363
chr20	25149759	rs8115729
chr20	25152589	rs6050372
chr20	25153330	rs6050374
chr20	25156188	rs6050379
chr20	25161319	rs4815381
chr20	25174506	rs11699149
chr20	25176514	rs6050403
chr20	25177561	rs4815389
chr20	25177605	rs4815390
chr20	25187088	rs6138531
chr20	25190007	rs6050418
chr20	25190151	rs6138532
chr20	25197169	rs2268879
chr20	25197284	rs6050422
chr20	25197483	rs6050425
chr20	25200438	rs6050427
chr20	25203272	rs6050431
chr20	25203830	rs6138537
chr20	25205480	rs6083776
chr20	25206577	rs2076559
chr20	25206939	rs11699392
chr20	25209962	rs1007707
chr20	25211137	rs6050438
chr20	25211413	rs8122855
chr20	25213213	rs6115089
chr20	25213227	rs2076560
chr20	25214132	rs6083780
chr20	25214382	rs3787076
chr20	25214873	rs6050446
chr20	25215277	rs2073077
chr20	25216019	rs6050447
chr20	25218473	rs1980497
chr20	25219356	rs11699316
chr20	25221872	rs6050456
chr20	25226018	rs1044573
chr20	25226258	rs6037064
chr20	25226438	rs7453
chr20	25226739	rs6115092
chr20	25227295	rs8115257
chr20	25227636	rs3746337
chr20	25233436	rs2067793
chr20	25236128	rs6107015
chr20	25239357	rs6050473
chr20	25239900	rs8119343
chr20	25240911	rs6050477
chr20	25242439	rs6107016
chr20	25248928	rs6115101
chr20	25250205	rs6050486
chr20	25251770	rs3787078
chr20	25254493	rs3787081
chr20	25256702	rs4815398
chr20	25258597	rs6138553
chr20	25259553	rs2281558
chr20	25260447	rs2474762
chr20	25269098	rs13038092
chr20	25269941	rs8184820
chr20	25271364	rs6050511
chr20	25271525	rs2281559
chr20	25272263	rs6050512
chr20	25272602	rs8124539
chr20	25274052	rs6050513
chr20	25275630	rs2260997
chr20	25275962	rs11697384
chr20	25280295	rs2227890
chr20	25281148	rs2261747
chr20	25282133	rs2227891
chr20	25284028	rs2257705
chr20	25284178	rs2227892
chr20	25284918	rs2257461
chr20	25285348	rs2257233
chr20	25286986	rs2424701
chr20	25289703	rs2257991
chr20	25290690	rs2258066
chr20	25291687	rs2258135
chr20	25291997	rs2474777
chr20	25292210	rs6107023
chr20	25293293	rs2424704
chr20	25293682	rs2258617
chr20	25295207	rs2258719
chr20	25295661	rs1130694
chr20	25295707	rs2258728
chr20	25296608	rs9927
chr20	25297964	rs7020
chr20	25299569	rs2259837
chr20	25302331	rs746748
chr20	25304871	rs6115140
chr20	25307996	rs6107027
chr20	25309876	rs2500432
chr20	25311212	rs1888999
chr20	25315151	rs2297496
chr20	25315699	rs2500433
chr20	25317273	rs2297497
chr20	25317451	rs7267979
chr20	25318352	rs1888997
chr20	25320386	rs2274890
chr20	25321736	rs4813558
chr20	25328345	rs2482923
chr20	25336720	rs6083805
chr20	25338576	rs6076336
chr20	25347907	rs6050555
chr20	25349279	rs6050559
chr20	25353809	rs2482931
chr20	25354219	rs6050561
chr20	25355051	rs6037095
chr20	25359028	rs2500446
chr20	25365446	rs6083818
chr20	25366585	rs6037097
chr20	25366927	rs6050565
chr20	25369587	rs4815411
chr20	25369689	rs4815412
chr20	25371952	rs4813562
chr20	25373925	rs6050567
chr20	25380190	rs2500405
chr20	25382421	rs6083824
chr20	25383227	rs8123947
chr20	25388459	rs6037103
chr20	25389282	rs6083828
chr20	25393563	rs6037105
chr20	25394038	rs869358
chr20	25397536	rs2387881
chr20	25398890	rs4815417
chr20	25407434	rs3761117
chr20	25414892	rs2482911
chr20	25418154	rs6076347
chr20	25419518	rs6115178
chr20	25421226	rs2500406
chr20	25422142	rs4423675
chr20	25423905	rs6083853
chr20	25431499	rs2482918
chr20	25433783	rs6050611
chr20	25441847	rs3764694
chr20	25445172	rs6138569
chr20	25447625	rs6050626
chr20	25448150	rs1047171
chr20	25451965	rs6050632
chr20	25452900	rs2856
chr20	25453185	rs12428
chr20	25453378	rs16987764
chr20	25453423	rs16987767
chr20	25453503	rs17857107
chr20	25453715	rs2072975
chr20	25458147	rs8115804
chr20	25458316	rs6138575
chr20	25458753	rs2235605
chr20	25459214	rs398036
chr20	25459551	rs397119
chr20	25459842	rs6115191
chr20	25467295	rs404148
chr20	25470544	rs449370
chr20	25476386	rs6115193
chr20	25477661	rs417110
chr20	25479128	rs11905437
chr20	25479283	rs84816
chr20	25479884	rs11697535
chr20	25484953	rs2281212
chr20	25486723	rs446649
chr20	25487356	rs433352
chr20	25489208	rs2072977
chr20	25489420	rs431579
chr20	25492287	rs403424
chr20	25497247	rs6037128
chr20	25500481	rs404775
chr20	25502980	rs374701
chr20	25503987	rs13044759
chr20	25504716	rs16987799
chr20	25506741	rs6115200
chr20	25506781	rs376742
chr20	25506887	rs6138588
chr20	25508248	rs7272126
chr20	25511554	rs16987806
chr20	25511759	rs6037131
chr20	25516902	rs6115202
chr20	25519181	rs443009
chr20	25525946	rs402120
chr20	25528996	rs6138595
chr20	25532900	rs6138598
chr20	25536789	rs6138599
chr20	25547348	rs2210052
chr20	25549983	rs1983974
chr20	25554182	rs928121
chr20	25558850	rs6138601
chr20	25559001	rs6115208
chr20	25576165	rs6076364
chr20	25576790	rs6115214
chr20	25577662	rs6083886
chr20	25584603	rs6050690
chr20	25585849	rs6115218
chr20	25592787	rs4815436
chr20	25600788	rs6132850
chr20	25603899	rs242127
chr20	25605275	rs6083897
chr20	25607771	rs6115224
chr20	25610741	rs6115227
chr20	25613052	rs12481037
chr20	25613384	rs242130
chr20	25613463	rs9941767
chr20	25614487	rs958075
chr20	25615232	rs11700338
chr20	25615676	rs6050710
chr20	25618924	rs2387976
chr20	25624891	rs16987934
chr20	25624914	rs6037164
chr20	25625446	rs6037166
chr20	25625691	rs6050724
chr20	25625733	rs4815438
chr20	25629821	rs6050732
chr20	25636389	rs8121013
chr20	25648032	rs6050755
chr20	25649164	rs6050757
chr20	25661143	rs6050770
chr20	25668419	rs6515674
chr20	25671561	rs7268237
chr20	25674628	rs35364051
chr20	25677109	rs981441
chr20	25686101	rs926487
chr20	25687118	rs6138638
chr20	25687432	rs6050788
chr20	25692351	rs6050791
chr20	25693871	rs3813916
chr20	25694966	rs4815445
chr20	25697392	rs6037199
chr20	25707365	rs6037206
chr20	25723498	rs11698047
chr20	25725921	rs6115273
chr20	25734871	rs6138650
chr20	25736348	rs6132861
chr20	25737845	rs8116474
chr20	25739718	rs6115275
chr20	25740386	rs6037229
chr20	25740533	rs9917437
chr20	25740612	rs6132862
chr20	25741826	rs7260957
chr20	25742996	rs12106173
chr20	25750332	rs6050867
chr20	25756752	rs6132864
chr20	25779474	rs6115296
chr20	25859033	rs6050941
chr20	25864357	rs2185914
chr20	25865858	rs6115349
chr20	25869100	rs7363150
chr20	25881642	rs6132882
chr20	25884215	rs6050965
chr20	25891165	rs6115375
chr20	25898089	rs1807476
chr20	25916908	rs6138722
chr20	25942357	rs6107104
chr20	25956490	rs2103810
chr20	25962234	rs6132907
chr20	25967691	rs6132909
chr20	25969641	rs8115167
chr20	25976688	rs6051072
chr20	25978526	rs4815493
chr20	25979080	rs4813595
chr20	25979499	rs6107119
chr20	25988629	rs6115458
chr20	25990129	rs6115461
chr20	25998213	rs2424750
chr20	26004160	rs2386804
chr20	26009366	rs6051087
chr20	26091946	rs6115515
chr20	26092394	rs6132918
chr20	26095344	rs6115517
chr20	26104702	rs2697515
chr20	26125809	rs2489733
chr20	26132933	rs11907719
chr20	26133007	rs6115535
chr20	26134874	rs6138809
chr20	26165527	rs845982
chr20	26169431	rs1937065
chr20	26172890	rs2752931
chr20	26178309	rs6107151
chr20	26180779	rs6138822
chr20	26196177	rs2752934
chr20	26202054	rs12625395
chr20	26212019	rs845784
chr20	26213468	rs845785
chr20	26217295	rs845787
chr20	26218217	rs845789
chr20	26242063	rs845794
chr20	26244015	rs6138833
chr20	26244509	rs845796
chr20	26247633	rs2752929
chr20	26251592	rs845802
chr20	26259328	rs6132939
chr20	26262275	rs1189968
chr20	26265450	rs2697511
chr20	26273046	rs1189976
chr20	26309289	rs11906869
chr20	26327161	rs6084125
chr20	30195269	rs6057245
chr20	30287844	rs7265451
chr20	30295149	rs1811868
chr20	30302666	rs6087210
chr20	30305953	rs1830542
chr20	30310795	rs6057147
chr20	30323787	rs6141181
chr20	30325927	rs2379750
chr20	30332778	rs6118889
chr20	31245806	rs6059724
chr20	31252320	rs6088630
chr20	31255379	rs6141536
chr20	31258500	rs6060436
chr20	31259815	rs6088901
chr20	31261849	rs6060617
chr20	31269305	rs1078258
chr20	31272364	rs6119722
chr20	31272881	rs6121224
chr20	31278917	rs6060993
chr20	31286154	rs4911194
chr20	31286861	rs6058491
chr20	31287179	rs2076375
chr20	31287655	rs2076374
chr20	31293239	rs4292148
chr20	31294348	rs6058507
chr20	31294405	rs6061081
chr20	31296736	rs13433373
chr20	31301965	rs1018405
chr20	31302677	rs1018403
chr20	31305698	rs6061162
chr20	31307873	rs5001275
chr20	31311939	rs6061207
chr20	31312478	rs7273790
chr20	31313619	rs6061213
chr20	31316574	rs6141273
chr20	31318384	rs4911204
chr20	31323232	rs1997740
chr20	31323577	rs17247853
chr20	31339363	rs2206384
chr20	31350259	rs2223528
chr20	31354892	rs6057603
chr20	31357274	rs6087401
chr20	31367644	rs17248462
chr20	31372655	rs6057649
chr20	31376027	rs6057657
chr20	31378311	rs6579041
chr20	31382110	rs6058951
chr20	31382836	rs2223526
chr20	31385142	rs6058963
chr20	31388562	rs4300919
chr20	31389146	rs17327630
chr20	31389353	rs2295500
chr20	31390413	rs2206381
chr20	31392984	rs6120088
chr20	31393067	rs2143191
chr20	31394104	rs765736
chr20	31395638	rs17124898
chr20	31398024	rs12479885
chr20	31402449	rs6087445
chr20	31403242	rs6119324
chr20	31403416	rs6088109
chr20	31404276	rs4911301
chr20	31407714	rs17090740
chr20	31414733	rs6088148
chr20	31416789	rs7273187
chr20	31417628	rs6087468
chr20	31419364	rs6057809
chr20	31422680	rs6059244
chr20	31428640	rs4911329
chr20	31430739	rs2145078
chr20	31431051	rs2180566
chr20	31433986	rs6088215
chr20	31439755	rs6088236
chr20	31449980	rs2273468
chr20	31454162	rs6119392
chr20	31457590	rs6088273
chr20	31465341	rs34267307
chr20	31465452	rs6059440
chr20	31472759	rs6088308
chr20	31473250	rs1543438
chr20	31473909	rs6057912
chr20	31475539	rs2233826
chr20	31478012	rs2233831
chr20	31478484	rs3861819
chr20	31478553	rs717064
chr20	31482436	rs2233832
chr20	31484041	rs2233834
chr20	31495818	rs215909
chr20	31496612	rs6119442
chr20	31509022	rs6057998
chr20	31513305	rs6059727
chr20	31514014	rs6058012
chr20	31517004	rs6059740
chr20	31520730	rs879597
chr20	31522026	rs6058022
chr20	31523837	rs6088462
chr20	31524287	rs1406920
chr20	31528184	rs6059781
chr20	31531331	rs6059806
chr20	31532979	rs6058035
chr20	31539924	rs11699147
chr20	31542972	rs6058069
chr20	31545611	rs6059906
chr20	31546015	rs4911156
chr20	31548187	rs1115713
chr20	31552083	rs6058088
chr20	31554218	rs6059952
chr20	31555475	rs6059958
chr20	31559467	rs6059981
chr20	31562274	rs6060002
chr20	31562476	rs6058110
chr20	31566131	rs2376862
chr20	31568575	rs6120719
chr20	31569223	rs4607
chr20	31571501	rs6120731
chr20	31577324	rs6060089
chr20	31580833	rs2376863
chr20	31581449	rs8121699
chr20	31591224	rs750144
chr20	31595795	rs412142
chr20	31597063	rs6120815
chr20	31604586	rs6058189
chr20	31605104	rs6060260
chr20	31605268	rs6060262
chr20	31605735	rs15817
chr20	31619856	rs6120890
chr20	31627036	rs6060381
chr20	31633301	rs6060403
chr20	31643834	rs6060446
chr20	31644486	rs1484998
chr20	31644649	rs6120970
chr20	31644870	rs11907253
chr20	31645101	rs6060454
chr20	31647499	rs6058259
chr20	31651243	rs6058274
chr20	31655555	rs6060531
chr20	31661000	rs6060563
chr20	31666970	rs6121038
chr20	31669951	rs6060599
chr20	31671342	rs7272062
chr20	31671443	rs6119651
chr20	31674356	rs6060627
chr20	31688103	rs6058381
chr20	31694420	rs6060763
chr20	31696344	rs17338790
chr20	31699893	rs17253922
chr20	31702021	rs6088997
chr20	31705000	rs6060812
chr20	31706231	rs6060821
chr20	31715496	rs6060870
chr20	31718172	rs1484994
chr20	31719396	rs3181073
chr20	31731396	rs2376997
chr20	31737910	rs17093560
chr20	31739037	rs6060913
chr20	31742503	rs6060915
chr20	31743244	rs4453755
chr20	31743271	rs6119718
chr20	31746106	rs6060922
chr20	31759765	rs6119720
chr20	31760029	rs6060930
chr20	31766339	rs6087778
chr20	31775842	rs6060938
chr20	31783089	rs17339879
chr20	31783651	rs6060943
chr20	31785439	rs13041282
chr20	31789970	rs6089070
chr20	31790228	rs6060950
chr20	31794305	rs6060952
chr20	31794512	rs3203770
chr20	31797268	rs6060955
chr20	31797389	rs6058463
chr20	31802244	rs6060959
chr20	31805081	rs6089075
chr20	31806714	rs6060960
chr20	31809888	rs6058465
chr20	31810707	rs879982
chr20	31812854	rs6060964
chr20	31814699	rs2377317
chr20	31818295	rs6060965
chr20	31819896	rs1009454
chr20	31820777	rs4911532
chr20	31823797	rs6060972
chr20	31825360	rs6119729
chr20	31829719	rs6060979
chr20	31832151	rs6060980
chr20	31833656	rs6089093
chr20	31834775	rs17340555
chr20	31839611	rs6058473
chr20	31843452	rs6060992
chr20	31843968	rs6089094
chr20	31845336	rs6089096
chr20	31848863	rs12480325
chr20	31849719	rs3746599
chr20	31852354	rs8125378
chr20	31853408	rs12479577
chr20	31864041	rs6087786
chr20	31864286	rs6087787
chr20	31864759	rs8124961
chr20	31864979	rs4911536
chr20	31865231	rs2377318
chr20	31869936	rs3746600
chr20	31871636	rs8120234
chr20	31873066	rs6058475
chr20	31877116	rs6089103
chr20	31880008	rs6089106
chr20	31882167	rs10485497
chr20	31885385	rs6061015
chr20	31890473	rs8125078
chr20	31891437	rs6061020
chr20	31893895	rs11698120
chr20	31901867	rs2103656
chr20	31902059	rs2092363
chr20	31906181	rs1883506
chr20	31911523	rs17341369
chr20	31916727	rs8121840
chr20	31918318	rs17341431
chr20	31918870	rs7271152
chr20	31920657	rs4911538
chr20	31923305	rs6061032
chr20	31925932	rs4911195
chr20	31926358	rs6089119
chr20	31929243	rs4243978
chr20	31929700	rs4911540
chr20	31930765	rs6061036
chr20	31934129	rs6089122
chr20	31939262	rs6061043
chr20	31943136	rs6058498
chr20	31944240	rs6061045
chr20	31944906	rs6061046
chr20	31946080	rs8122147
chr20	31946146	rs6089127
chr20	31955998	rs6061050
chr20	31956443	rs6089130
chr20	31956593	rs6061052
chr20	31964297	rs6061062
chr20	31970744	rs8120417
chr20	31971818	rs6058504
chr20	31973135	rs6087804
chr20	31974214	rs6089135
chr20	31974797	rs6061069
chr20	31977893	rs6119747
chr20	31979874	rs6121302
chr20	31982062	rs754568
chr20	31990664	rs6089140
chr20	31996213	rs6061080
chr20	31998221	rs714605
chr20	32001220	rs6121306
chr20	32001930	rs6087810
chr20	32002448	rs6061085
chr20	32003551	rs6061086
chr20	32004611	rs6061088
chr20	32006652	rs6058510
chr20	32006896	rs8119189
chr20	32007579	rs6058511
chr20	32011688	rs6087812
chr20	32012864	rs6061095
chr20	32017169	rs6061102
chr20	32020243	rs6061104
chr20	32029032	rs6089151
chr20	32030984	rs6061112
chr20	32032829	rs6121318
chr20	32036762	rs17349892
chr20	32042239	rs4561724
chr20	32051627	rs1004910
chr20	32055792	rs6121328
chr20	32056662	rs6061136
chr20	32057679	rs7266178
chr20	32058156	rs6058522
chr20	32060775	rs4911541
chr20	32064574	rs3787367
chr20	32069816	rs6089164
chr20	32073494	rs2297304
chr20	32074444	rs6061153
chr20	32075002	rs3746601
chr20	32076571	rs242599
chr20	32077833	rs6119761
chr20	32079145	rs242602
chr20	32085033	rs242608
chr20	32085621	rs242609
chr20	32090749	rs17259459
chr20	32092422	rs926687
chr20	32093740	rs980368
chr20	32094196	rs6121337
chr20	32094968	rs6089171
chr20	32107342	rs4911543
chr20	32111829	rs6058526
chr20	32113710	rs2295034
chr20	32114341	rs2295035
chr20	32129176	rs7271281
chr20	32130530	rs4911546
chr20	32131259	rs2235898
chr20	32131775	rs2235900
chr20	32131988	rs6087820
chr20	32133547	rs2235902
chr20	32137845	rs6142618
chr20	32139880	rs4911198
chr20	32140338	rs2281361
chr20	32140725	rs2281362
chr20	32143520	rs6089195
chr20	32143669	rs6061185
chr20	32143764	rs6121360
chr20	32145514	rs6121362
chr20	32146060	rs12479832
chr20	32147681	rs4911549
chr20	32155193	rs1205843
chr20	32157410	rs6087828
chr20	32157466	rs6061194
chr20	32158445	rs6061195
chr20	32165467	rs14316
chr20	32167895	rs1546922
chr20	32170845	rs6058541
chr20	32177785	rs6121376
chr20	32182645	rs6142632
chr20	32189533	rs3813922
chr20	32189997	rs11907716
chr20	32201259	rs733320
chr20	32203375	rs3787371
chr20	32206982	rs1407013
chr20	32210865	rs6141636
chr20	32221413	rs3803989
chr20	32231047	rs17268666
chr20	32232109	rs6087840
chr20	32239479	rs6119786
chr20	32256733	rs4911087
chr20	32261714	rs4243971
chr20	32262445	rs2377473
chr20	32266575	rs6057548
chr20	32273988	rs4911088
chr20	32281908	rs6087860
chr20	32282123	rs6087861
chr20	32282730	rs6087862
chr20	32284466	rs6141659
chr20	32285519	rs3787373
chr20	32286409	rs6087361
chr20	32289514	rs6141282
chr20	32294357	rs6141662
chr20	32304151	rs6057559
chr20	32304631	rs6141285
chr20	32314976	rs6141670
chr20	32316974	rs2145245
chr20	32318611	rs6087872
chr20	32324404	rs13043343
chr20	32326903	rs3746606
chr20	32329704	rs933004
chr20	32330729	rs1028563
chr20	32331380	rs1029116
chr20	32333144	rs2151437
chr20	32334043	rs3813921
chr20	32334595	rs14353
chr20	32334596	rs13111
chr20	32351702	rs2424873
chr20	32353569	rs2424874
chr20	32354795	rs1412997
chr20	32355017	rs1412998
chr20	32360478	rs2208131
chr20	32361172	rs11699120
chr20	32365359	rs6141294
chr20	32366492	rs2295454
chr20	32368199	rs6141295
chr20	32368305	rs2424878
chr20	32371901	rs2424879
chr20	32373397	rs4911222
chr20	32388501	rs4575791
chr20	32396436	rs6141302
chr20	32404488	rs2424887
chr20	32424134	rs17270685
chr20	32424558	rs6141716
chr20	32426173	rs4911229
chr20	32429316	rs4911230
chr20	32430560	rs4911093
chr20	32431221	rs2295765
chr20	32431922	rs6141720
chr20	32437360	rs2295764
chr20	32437732	rs2295762
chr20	32439711	rs1737896
chr20	32440324	rs6141721
chr20	32442766	rs1467479
chr20	32445771	rs3746611
chr20	32449070	rs6141723
chr20	32454545	rs1742981
chr20	32460579	rs1555133
chr20	32470559	rs4911234
chr20	32478378	rs293535
chr20	32485365	rs293540
chr20	32486569	rs6141734
chr20	32487893	rs293542
chr20	32490871	rs6058719
chr20	32491454	rs293545
chr20	32492289	rs6058720
chr20	32493684	rs293548
chr20	32498054	rs293554
chr20	32499385	rs293555
chr20	32503403	rs293561
chr20	32503432	rs875519
chr20	32510057	rs293565
chr20	32510074	rs293566
chr20	32510186	rs6579021
chr20	32510762	rs293567
chr20	32511508	rs159428
chr20	32517173	rs293569
chr20	32517220	rs293570
chr20	32517586	rs6119879
chr20	32522360	rs293572
chr20	32526676	rs879829
chr20	32533567	rs4911097
chr20	32540756	rs880112
chr20	32544972	rs6119261
chr20	32549249	rs6141751
chr20	32549884	rs6119892
chr20	32552363	rs4911241
chr20	32556660	rs17357696
chr20	32557005	rs6141319
chr20	32557613	rs6119897
chr20	32566171	rs6119900
chr20	32566471	rs7268588
chr20	32573953	rs6119904
chr20	32574323	rs1535374
chr20	32590184	rs6058750
chr20	32591698	rs4911102
chr20	32593646	rs6087943
chr20	32593666	rs7266642
chr20	32594006	rs6057602
chr20	32596479	rs6058753
chr20	32596797	rs6087398
chr20	32602191	rs2889678
chr20	32602673	rs6058754
chr20	32603213	rs12480732
chr20	32603622	rs6058755
chr20	32605243	rs11167172
chr20	32605577	rs6119272
chr20	32607549	rs6087948
chr20	32611779	rs1077053
chr20	32612228	rs911528
chr20	32617969	rs456798
chr20	32618552	rs455602
chr20	32623933	rs17293048
chr20	32625305	rs8119311
chr20	32625845	rs1407256
chr20	32626095	rs10485499
chr20	32626601	rs4911249
chr20	32630459	rs6119921
chr20	32633445	rs6057606
chr20	32634182	rs6057607
chr20	32635831	rs6058770
chr20	32636213	rs7268275
chr20	32637553	rs12624715
chr20	32638298	rs1885050
chr20	32641590	rs6141768
chr20	32647980	rs6058783
chr20	32651223	rs6579027
chr20	32651496	rs11697969
chr20	32652417	rs6087960
chr20	32653223	rs6087406
chr20	32653587	rs6057610
chr20	32658860	rs6141772
chr20	32661077	rs11167174
chr20	32667182	rs4594522
chr20	32667998	rs6057614
chr20	32675118	rs12480157
chr20	32676281	rs6057618
chr20	32681122	rs927239
chr20	32682768	rs6119935
chr20	32695163	rs28664227
chr20	32706853	rs28548540
chr20	32716140	rs6058819
chr20	32717839	rs6057626
chr20	32720881	rs6057628
chr20	32725109	rs4425162
chr20	32726818	rs2064933
chr20	32728060	rs2064937
chr20	32729055	rs6058834
chr20	32730930	rs6057630
chr20	32732034	rs6057632
chr20	32736112	rs6058845
chr20	32736328	rs6058847
chr20	32741898	rs6119946
chr20	32742309	rs4911252
chr20	32746450	rs6087983
chr20	32747440	rs6087984
chr20	32748172	rs2424895
chr20	32751455	rs2424898
chr20	32751526	rs6057638
chr20	32752550	rs6141803
chr20	32752994	rs6087988
chr20	32760944	rs6058869
chr20	32762102	rs6087990
chr20	32771303	rs2424906
chr20	32771891	rs17123571
chr20	32772013	rs2424907
chr20	32772577	rs2424908
chr20	32774614	rs6058880
chr20	32776360	rs6119954
chr20	32777913	rs6058883
chr20	32778437	rs6141813
chr20	32786453	rs2424913
chr20	32786714	rs2424914
chr20	32787185	rs4911107
chr20	32787505	rs4911108
chr20	32787580	rs6057645
chr20	32788476	rs4911259
chr20	32789189	rs6119285
chr20	32795054	rs6088008
chr20	32795547	rs910085
chr20	32796330	rs998382
chr20	32797074	rs6057648
chr20	32798541	rs6058891
chr20	32798643	rs2424922
chr20	32800830	rs2424928
chr20	32803423	rs709046
chr20	32804560	rs4911110
chr20	32804971	rs6058893
chr20	32804992	rs6058894
chr20	32805997	rs4911263
chr20	32807671	rs6119286
chr20	32808346	rs6058896
chr20	32808730	rs2424932
chr20	32810299	rs6058897
chr20	32810562	rs437302
chr20	32811070	rs8118663
chr20	32814411	rs853858
chr20	32815620	rs242542
chr20	32821799	rs17123673
chr20	32821986	rs242551
chr20	32830490	rs20654
chr20	32837263	rs410488
chr20	32839536	rs2235760
chr20	32840155	rs13045669
chr20	32842032	rs8121782
chr20	32842964	rs6579038
chr20	32845107	rs242534
chr20	32845384	rs242535
chr20	32847454	rs242536
chr20	32849801	rs7270085
chr20	32851549	rs853849
chr20	32852337	rs41340545
chr20	32852422	rs6119294
chr20	32854150	rs242528
chr20	32857341	rs6057659
chr20	32859562	rs17123726
chr20	32863545	rs6141834
chr20	32865150	rs17370071
chr20	32870081	rs6057661
chr20	32871729	rs2000291
chr20	32871915	rs17123741
chr20	32873276	rs2014837
chr20	32878728	rs13037496
chr20	32879617	rs13042651
chr20	32881771	rs6058930
chr20	32883507	rs6141353
chr20	32884626	rs6141354
chr20	32885852	rs6120013
chr20	32886964	rs6141842
chr20	32887065	rs6141843
chr20	32888858	rs6120015
chr20	32894078	rs35919572
chr20	32895106	rs6141846
chr20	32896174	rs8183625
chr20	32898245	rs6088033
chr20	32906576	rs6120033
chr20	32908171	rs17370942
chr20	32914526	rs6119304
chr20	32915637	rs6088037
chr20	32917206	rs17123864
chr20	32917383	rs13043425
chr20	32917486	rs13037781
chr20	32920346	rs17371144
chr20	32922310	rs11698786
chr20	32923896	rs11697967
chr20	32924479	rs41492345
chr20	32930492	rs6058961
chr20	32932914	rs6057673
chr20	32933057	rs6058962
chr20	32933379	rs6057674
chr20	32942028	rs6058969
chr20	32943738	rs13045180
chr20	32944847	rs7275157
chr20	32946328	rs13040407
chr20	32947459	rs6057677
chr20	32952715	rs6579050
chr20	32956284	rs1891776
chr20	32959312	rs7262808
chr20	32960724	rs11167188
chr20	32961618	rs11167189
chr20	32970916	rs1891774
chr20	32977930	rs17299411
chr20	32978321	rs751695
chr20	32979217	rs11698354
chr20	32980292	rs11698949
chr20	32981616	rs6088054
chr20	32983231	rs11696442
chr20	32983679	rs6087436
chr20	32984632	rs6088055
chr20	32985514	rs13044628
chr20	32985722	rs2274343
chr20	32991659	rs6057691
chr20	32992076	rs6057692
chr20	32993353	rs4911112
chr20	32995578	rs2070310
chr20	32996372	rs6141862
chr20	32997486	rs221975
chr20	32997609	rs190097
chr20	32997739	rs440139
chr20	32999987	rs15850
chr20	33000220	rs17123973
chr20	33002880	rs1133358
chr20	33002939	rs6059011
chr20	33004436	rs6088062
chr20	33005210	rs1543572
chr20	33006062	rs6059013
chr20	33010975	rs6120085
chr20	33012153	rs17123993
chr20	33012411	rs6059016
chr20	33018431	rs3746388
chr20	33020444	rs6057703
chr20	33021775	rs17124003
chr20	33022259	rs6119316
chr20	33022295	rs7262249
chr20	33024534	rs6059020
chr20	33024838	rs11696113
chr20	33026982	rs1998112
chr20	33027809	rs4911283
chr20	33031156	rs1998113
chr20	33031551	rs4911286
chr20	33031694	rs17301126
chr20	33031772	rs6059027
chr20	33032116	rs2070313
chr20	33032729	rs2070314
chr20	33033777	rs2070316
chr20	33034277	rs2070317
chr20	33034962	rs6059032
chr20	33035364	rs6059034
chr20	33036562	rs6059035
chr20	33038815	rs6057708
chr20	33039485	rs4911287
chr20	33040541	rs6088080
chr20	33042105	rs2070319
chr20	33042918	rs439255
chr20	33051314	rs1972218
chr20	33055705	rs384430
chr20	33056714	rs408538
chr20	33059320	rs6088082
chr20	33060058	rs6088084
chr20	33060129	rs2424936
chr20	33061050	rs221981
chr20	33061566	rs6088085
chr20	33061975	rs398444
chr20	33062297	rs399355
chr20	33062660	rs370177
chr20	33063777	rs403461
chr20	33064486	rs4911290
chr20	33064790	rs2093066
chr20	33065010	rs2093067
chr20	33065762	rs221982
chr20	33066287	rs729865
chr20	33072737	rs378098
chr20	33077127	rs6088091
chr20	33077476	rs2424941
chr20	33079888	rs13044428
chr20	33079936	rs13039811
chr20	33080735	rs761938
chr20	33081738	rs221985
chr20	33082184	rs2073325
chr20	33083793	rs4339026
chr20	33083813	rs2424943
chr20	33083857	rs2424945
chr20	33083960	rs1547004
chr20	33084172	rs2424947
chr20	33084650	rs2424948
chr20	33086040	rs2070325
chr20	33086765	rs927107
chr20	33087026	rs41418846
chr20	33087205	rs7265752
chr20	33088998	rs2889732
chr20	33090728	rs2070326
chr20	33092428	rs2070327
chr20	33092528	rs17122711
chr20	33094972	rs2024934
chr20	33095238	rs12329638
chr20	33097599	rs13041016
chr20	33098044	rs6059079
chr20	33099256	rs2057261
chr20	33099326	rs2057262
chr20	33100435	rs11699009
chr20	33100454	rs11696307
chr20	33100524	rs11696310
chr20	33101256	rs17124134
chr20	33102548	rs2070328
chr20	33106766	rs11699448
chr20	33113527	rs6087446
chr20	33114142	rs13041320
chr20	33119107	rs6057727
chr20	33120891	rs6059091
chr20	33120912	rs6088110
chr20	33124784	rs755171
chr20	33124996	rs13044437
chr20	33125686	rs6059096
chr20	33127031	rs6088116
chr20	33129347	rs6059099
chr20	33129889	rs6059100
chr20	33130847	rs6059101
chr20	33132824	rs6087449
chr20	33133058	rs13040018
chr20	33133887	rs6059104
chr20	33135509	rs7275145
chr20	33137296	rs6059106
chr20	33138692	rs11906436
chr20	33140406	rs1358803
chr20	33140761	rs1358804
chr20	33141241	rs1407024
chr20	33146311	rs1570035
chr20	33152998	rs6087456
chr20	33155516	rs2145253
chr20	33161919	rs6120127
chr20	33165801	rs17124271
chr20	33167733	rs7268823
chr20	33169148	rs17124277
chr20	33172902	rs6579083
chr20	33174113	rs17304572
chr20	33180849	rs6120141
chr20	33202571	rs17396317
chr20	33205198	rs735625
chr20	33205263	rs911139
chr20	33210631	rs17124372
chr20	33215010	rs6141892
chr20	33217658	rs17124391
chr20	33218782	rs17305657
chr20	33223745	rs725914
chr20	33225117	rs3818222
chr20	33225328	rs4911305
chr20	33226542	rs1570033
chr20	33229798	rs6059169
chr20	33234614	rs6059177
chr20	33235193	rs2752901
chr20	33235218	rs2752902
chr20	33235584	rs2752903
chr20	33235824	rs750064
chr20	33236859	rs6141897
chr20	33236963	rs3787144
chr20	33237046	rs3787145
chr20	33237567	rs6059181
chr20	33238221	rs6059183
chr20	33240448	rs6059186
chr20	33240459	rs6059187
chr20	33241277	rs2273529
chr20	33243302	rs2295575
chr20	33251230	rs1570034
chr20	33252646	rs6057786
chr20	33256964	rs2377864
chr20	33260308	rs6057798
chr20	33260665	rs6059214
chr20	33261615	rs6141903
chr20	33261700	rs6057800
chr20	33262842	rs6141378
chr20	33264202	rs1321419
chr20	33269522	rs982562
chr20	33271571	rs1884882
chr20	33271589	rs1884883
chr20	33275758	rs1884884
chr20	33275851	rs17307318
chr20	33277891	rs7262822
chr20	33282484	rs13039715
chr20	33282834	rs6057810
chr20	33285122	rs6057813
chr20	33286015	rs3746393
chr20	33288875	rs1078761
chr20	33290092	rs1884885
chr20	33290337	rs1884886
chr20	33296263	rs6141382
chr20	33298303	rs6120218
chr20	33299612	rs2424967
chr20	33303197	rs2253335
chr20	33312969	rs915183
chr20	33316866	rs6088174
chr20	33317006	rs6087476
chr20	33318007	rs6088177
chr20	33320924	rs6120235
chr20	33325676	rs2184436
chr20	33325845	rs6120237
chr20	33326225	rs4911320
chr20	33327897	rs6141925
chr20	33328267	rs4911323
chr20	33329563	rs1475768
chr20	33329701	rs1475769
chr20	33333733	rs6057825
chr20	33338684	rs169797
chr20	33339555	rs293722
chr20	33339900	rs293723
chr20	33344241	rs293726
chr20	33345258	rs293727
chr20	33345474	rs293728
chr20	33346372	rs17124619
chr20	33349242	rs293707
chr20	33350240	rs11698045
chr20	33350418	rs372769
chr20	33351904	rs293710
chr20	33352734	rs293712
chr20	33354441	rs293713
chr20	33357558	rs291669
chr20	33358454	rs13038201
chr20	33363039	rs291671
chr20	33368248	rs6120241
chr20	33374054	rs291676
chr20	33378892	rs2065703
chr20	33381852	rs291705
chr20	33386589	rs158676
chr20	33393626	rs184110
chr20	33394043	rs291700
chr20	33396318	rs6059298
chr20	33397442	rs291697
chr20	33398077	rs11698208
chr20	33400396	rs291695
chr20	33411689	rs6088213
chr20	33412545	rs291694
chr20	33413486	rs657040
chr20	33416138	rs6088214
chr20	33416168	rs291689
chr20	33427230	rs6087487
chr20	33434445	rs291680
chr20	33441633	rs293721
chr20	33468281	rs6141400
chr20	33480139	rs17401449
chr20	33492309	rs6059349
chr20	33495905	rs1999242
chr20	33506518	rs36033023
chr20	33522398	rs6088244
chr20	33541083	rs209665
chr20	33552481	rs209677
chr20	33574915	rs6059378
chr20	33581794	rs6120309
chr20	33589273	rs6120316
chr20	33599262	rs6059384
chr20	33612066	rs6120328
chr20	33614973	rs9679764
chr20	33624884	rs3803939
chr20	33645143	rs2075734
chr20	33651087	rs2009550
chr20	33651662	rs4911353
chr20	33654045	rs17124881
chr20	33657598	rs17124885
chr20	33660357	rs3746460
chr20	33660475	rs17124895
chr20	33667025	rs7263119
chr20	33667228	rs4911356
chr20	33675156	rs3213183
chr20	33675427	rs3213182
chr20	33676727	rs3213177
chr20	33677707	rs2071056
chr20	33678033	rs2071054
chr20	33684395	rs3213150
chr20	33688208	rs3213130
chr20	33690190	rs2626533
chr20	33706778	rs959144
chr20	33707735	rs910397
chr20	33708487	rs2377925
chr20	33710994	rs6142004
chr20	33711125	rs2626528
chr20	33711236	rs2747554
chr20	33716405	rs6142005
chr20	33738709	rs6142010
chr20	33741162	rs6087514
chr20	33742018	rs6088289
chr20	33745375	rs7274811
chr20	33752271	rs2626537
chr20	33754150	rs6120365
chr20	33754473	rs6141422
chr20	33767184	rs3813920
chr20	33777663	rs6088300
chr20	33778742	rs7271022
chr20	33779897	rs2207354
chr20	33781548	rs6088301
chr20	33785720	rs4911132
chr20	33787192	rs2747561
chr20	33790754	rs2747564
chr20	33790926	rs2747565
chr20	33791825	rs2747566
chr20	33797038	rs2626552
chr20	33798464	rs910398
chr20	33805194	rs2747568
chr20	33810489	rs6087526
chr20	33812107	rs6142027
chr20	33815835	rs6119407
chr20	33819778	rs13042412
chr20	33823411	rs2626559
chr20	33827283	rs736953
chr20	33830562	rs2747539
chr20	33832268	rs17405840
chr20	33833936	rs4911368
chr20	33836254	rs6088314
chr20	33837597	rs2103804
chr20	33839036	rs6088316
chr20	33840329	rs2092737
chr20	33844581	rs2626558
chr20	33847691	rs13041078
chr20	33849748	rs6142034
chr20	33856168	rs6087534
chr20	33859476	rs6059498
chr20	33860114	rs6059499
chr20	33861523	rs1040552
chr20	33861776	rs6142035
chr20	33863887	rs6120395
chr20	33864409	rs4911134
chr20	33865770	rs6088322
chr20	33866607	rs7261505
chr20	33869352	rs6059504
chr20	33872437	rs11908310
chr20	33878120	rs6120400
chr20	33878248	rs6057920
chr20	33879333	rs6120401
chr20	33883066	rs6119412
chr20	33886765	rs6057924
chr20	33890166	rs6057930
chr20	33892184	rs734484
chr20	33893855	rs733803
chr20	33894580	rs736264
chr20	33894826	rs742614
chr20	33896623	rs2092477
chr20	33896881	rs6057932
chr20	33897844	rs2050210
chr20	33902088	rs17091328
chr20	33908259	rs6088343
chr20	33913103	rs732559
chr20	33915254	rs2092475
chr20	33921845	rs2378026
chr20	33924238	rs6087542
chr20	33926255	rs6142046
chr20	33926580	rs6142047
chr20	33928511	rs4911377
chr20	33929779	rs6120440
chr20	33930548	rs725478
chr20	33932182	rs761238
chr20	33932197	rs761237
chr20	33932245	rs761236
chr20	33939322	rs6142050
chr20	33947499	rs4911379
chr20	33948558	rs973409
chr20	33949546	rs976728
chr20	33952792	rs6088352
chr20	33953762	rs6088353
chr20	33955008	rs13041173
chr20	33962697	rs6088358
chr20	33964781	rs1883707
chr20	33965241	rs4012234
chr20	33968001	rs4911384
chr20	33969366	rs6142068
chr20	33970036	rs10485503
chr20	33976272	rs2064348
chr20	33977235	rs4911389
chr20	33978335	rs6119437
chr20	33986094	rs6142078
chr20	33995065	rs1007090
chr20	34000289	rs2284378
chr20	34006908	rs2284380
chr20	34008944	rs2268079
chr20	34016024	rs2268081
chr20	34018493	rs17091470
chr20	34018929	rs13043392
chr20	34022595	rs1555075
chr20	34027417	rs4911145
chr20	34035612	rs4911399
chr20	34041516	rs6088387
chr20	34043582	rs2268084
chr20	34049195	rs2284385
chr20	34055294	rs2300209
chr20	34056071	rs6059649
chr20	34056590	rs2284386
chr20	34056782	rs2284387
chr20	34057745	rs8119937
chr20	34060932	rs2268086
chr20	34061258	rs2268088
chr20	34067935	rs2284388
chr20	34069784	rs2284390
chr20	34072384	rs10485504
chr20	34075112	rs6087554
chr20	34079492	rs2268089
chr20	34080438	rs4911148
chr20	34086691	rs6088393
chr20	34087161	rs4911405
chr20	34087830	rs6120513
chr20	34087921	rs6059662
chr20	34090237	rs3765435
chr20	34096503	rs2235596
chr20	34108259	rs2038123
chr20	34110469	rs6087557
chr20	34112760	rs4911408
chr20	34121638	rs2223553
chr20	34126922	rs2378078
chr20	34139269	rs6119459
chr20	34141638	rs4911414
chr20	34150529	rs1015363
chr20	34150806	rs1015362
chr20	34150880	rs1015361
chr20	34158397	rs6059692
chr20	34170191	rs6059698
chr20	34176377	rs17332951
chr20	34191573	rs6059709
chr20	34193016	rs6059711
chr20	34196021	rs6087561
chr20	34200335	rs6088423
chr20	34210924	rs6088429
chr20	34214053	rs6088433
chr20	34219085	rs6059729
chr20	34221443	rs6119473
chr20	34232065	rs6142129
chr20	34244325	rs6088443
chr20	34251648	rs819164
chr20	34254551	rs819163
chr20	34257443	rs6058014
chr20	34258230	rs2378132
chr20	34259905	rs6059743
chr20	34260913	rs819136
chr20	34262569	rs2424984
chr20	34273201	rs819142
chr20	34273750	rs819144
chr20	34278038	rs819176
chr20	34278756	rs819173
chr20	34279700	rs819172
chr20	34283744	rs864702
chr20	34289960	rs1205357
chr20	34292956	rs819157
chr20	34293217	rs819156
chr20	34301898	rs819147
chr20	34302531	rs1205366
chr20	34303394	rs819146
chr20	34310533	rs1205350
chr20	34315881	rs819167
chr20	34325728	rs6088466
chr20	34326893	rs1205345
chr20	34336065	rs1205340
chr20	34337161	rs1205339
chr20	34364319	rs12624640
chr20	34367617	rs6087577
chr20	34369410	rs3746455
chr20	34373741	rs4911153
chr20	34379508	rs6141465
chr20	34386657	rs6088480
chr20	34392333	rs7266612
chr20	34397349	rs6087579
chr20	34404786	rs6087580
chr20	34406451	rs4911418
chr20	34406909	rs6579165
chr20	34408295	rs4911154
chr20	34410848	rs4911420
chr20	34411142	rs4911421
chr20	34411539	rs4911422
chr20	34417828	rs2225837
chr20	34421099	rs4277599
chr20	34424254	rs2424992
chr20	34426737	rs6059824
chr20	34428552	rs6059827
chr20	34431493	rs6059834
chr20	34432640	rs6088498
chr20	34434991	rs17303568
chr20	34436005	rs6120644
chr20	34437762	rs10485505
chr20	34445110	rs6579167
chr20	34448677	rs6059844
chr20	34449531	rs3736762
chr20	34452168	rs6120650
chr20	34457057	rs6058051
chr20	34458956	rs11700080
chr20	34476025	rs6059860
chr20	34478564	rs6087588
chr20	34488005	rs6059866
chr20	34490298	rs6059867
chr20	34491655	rs6059868
chr20	34494101	rs6120663
chr20	34498285	rs6059875
chr20	34500864	rs6059880
chr20	34508086	rs6088512
chr20	34515030	rs6088514
chr20	34517223	rs6120669
chr20	34517961	rs6059892
chr20	34522237	rs6088515
chr20	34523041	rs1122174
chr20	34525419	rs6059897
chr20	34526396	rs8116198
chr20	34526698	rs6087592
chr20	34528678	rs6058073
chr20	34541360	rs2281695
chr20	34544355	rs6059908
chr20	34544387	rs6088519
chr20	34544560	rs6088520
chr20	34545113	rs2424994
chr20	34545380	rs6088521
chr20	34545749	rs4911429
chr20	34551887	rs6059909
chr20	34553468	rs6088525
chr20	34555069	rs6058079
chr20	34558064	rs2144956
chr20	34561057	rs6059916
chr20	34562699	rs6059918
chr20	34563741	rs6059919
chr20	34568037	rs6088527
chr20	34569413	rs6087600
chr20	34573421	rs764597
chr20	34576473	rs2889849
chr20	34577000	rs6059926
chr20	34579545	rs6059928
chr20	34583841	rs4302281
chr20	34583968	rs910873
chr20	34586023	rs2295443
chr20	34586079	rs2295444
chr20	34587662	rs6059932
chr20	34591563	rs4564863
chr20	34592348	rs17305573
chr20	34596445	rs6059936
chr20	34598676	rs2378199
chr20	34601302	rs6088536
chr20	34603223	rs7264012
chr20	34605624	rs721613
chr20	34606453	rs6058089
chr20	34607804	rs6088537
chr20	34609685	rs6087607
chr20	34616606	rs6088542
chr20	34618387	rs6088543
chr20	34624251	rs6142206
chr20	34626737	rs6087609
chr20	34630286	rs2378249
chr20	34632266	rs6059956
chr20	34635208	rs6142210
chr20	34638687	rs6088552
chr20	34640868	rs7274854
chr20	34641259	rs7269596
chr20	34643275	rs2068474
chr20	34643686	rs6059961
chr20	34651177	rs6087613
chr20	34651708	rs4911158
chr20	34657480	rs6059969
chr20	34667182	rs6088565
chr20	34678167	rs6088568
chr20	34680491	rs6088570
chr20	34685599	rs6088575
chr20	34688946	rs2378251
chr20	34689049	rs2889855
chr20	34693800	rs6088578
chr20	34700603	rs6087618
chr20	34700742	rs6058107
chr20	34700851	rs6058108
chr20	34704973	rs910869
chr20	34706549	rs6060001
chr20	34707141	rs6060003
chr20	34721005	rs6060013
chr20	34725238	rs6060017
chr20	34725762	rs6088590
chr20	34731584	rs6141509
chr20	34735284	rs13044758
chr20	34737712	rs1018503
chr20	34739072	rs6060025
chr20	34743581	rs3787223
chr20	34743957	rs2424996
chr20	34745404	rs910871
chr20	34747722	rs6120708
chr20	34749948	rs3787220
chr20	34750782	rs1884431
chr20	34752510	rs6060030
chr20	34753885	rs2378259
chr20	34754636	rs1884432
chr20	34754674	rs6087625
chr20	34755354	rs6088594
chr20	34758244	rs959829
chr20	34759525	rs6087626
chr20	34762137	rs4911160
chr20	34763184	rs4417778
chr20	34764061	rs6060034
chr20	34767243	rs4911442
chr20	34768708	rs2295353
chr20	34768738	rs2295354
chr20	34769912	rs6060038
chr20	34776781	rs6060043
chr20	34776852	rs6120723
chr20	34779597	rs6060047
chr20	34782463	rs6060048
chr20	34786010	rs6119524
chr20	34789762	rs6141514
chr20	34794862	rs6060052
chr20	34797002	rs2424997
chr20	34798627	rs2424999
chr20	34809500	rs7271289
chr20	34811280	rs6120737
chr20	34812671	rs6088615
chr20	34813904	rs1018447
chr20	34814428	rs4911161
chr20	34815781	rs2425003
chr20	34817424	rs6120739
chr20	34817861	rs2889861
chr20	34819901	rs6087632
chr20	34824068	rs6088619
chr20	34826006	rs6087634
chr20	34837997	rs12626122
chr20	34847358	rs17092148
chr20	34853454	rs6119534
chr20	34854335	rs6119535
chr20	34861966	rs6120747
chr20	34863345	rs11546155
chr20	34864797	rs17122844
chr20	34871324	rs7263157
chr20	34877486	rs6120750
chr20	34878698	rs6088635
chr20	34879914	rs6087641
chr20	34880990	rs1013677
chr20	34882711	rs6088638
chr20	34882891	rs4911163
chr20	34884706	rs6088640
chr20	34887271	rs6058137
chr20	34890418	rs2295097
chr20	34890578	rs1060615
chr20	34895383	rs6088642
chr20	34900968	rs6120757
chr20	34904720	rs6120758
chr20	34907707	rs7266550
chr20	34908366	rs2064454
chr20	34918134	rs6088646
chr20	34919161	rs2076667
chr20	34921472	rs3818273
chr20	34921720	rs2273683
chr20	34922859	rs6087649
chr20	34924433	rs4911449
chr20	34926662	rs6088650
chr20	34928268	rs725521
chr20	34934251	rs6087653
chr20	34935352	rs2236270
chr20	34936037	rs2236271
chr20	34937604	rs7265992
chr20	34940035	rs6088655
chr20	34941963	rs2273684
chr20	34945933	rs734111
chr20	34949094	rs6060124
chr20	34954802	rs6088659
chr20	34955093	rs6088660
chr20	34959830	rs6088662
chr20	34965259	rs4911455
chr20	34966517	rs7263251
chr20	34969014	rs6058150
chr20	34972369	rs6120777
chr20	34977366	rs6120778
chr20	34977677	rs6060137
chr20	34977862	rs17310782
chr20	34977952	rs11906160
chr20	34978704	rs6060140
chr20	34978919	rs6088667
chr20	34985697	rs4911456
chr20	34986962	rs3746446
chr20	34988402	rs7261167
chr20	34989558	rs1885114
chr20	34994152	rs2425012
chr20	34996486	rs3746438
chr20	34998031	rs6058154
chr20	35002293	rs4911167
chr20	35002614	rs1058003
chr20	35004445	rs752448
chr20	35004918	rs17092209
chr20	35006423	rs6060151
chr20	35008110	rs17092215
chr20	35009073	rs3818253
chr20	35011798	rs6060154
chr20	35016239	rs3736802
chr20	35018054	rs6579211
chr20	35019661	rs6088677
chr20	35019748	rs6088678
chr20	35023935	rs6060163
chr20	35028725	rs6087660
chr20	35033214	rs6060168
chr20	35034439	rs6142280
chr20	35035898	rs6120804
chr20	35044797	rs3803938
chr20	35045955	rs6088691
chr20	35046676	rs13042358
chr20	35050785	rs6088692
chr20	35054677	rs8117847
chr20	35054929	rs4911462
chr20	35055453	rs4142034
chr20	35057846	rs1885119
chr20	35062127	rs6060194
chr20	35069323	rs1998233
chr20	35071066	rs6060205
chr20	35079757	rs2145557
chr20	35086657	rs6120828
chr20	35101505	rs6060230
chr20	35101525	rs6058179
chr20	35106054	rs6088713
chr20	35106777	rs6060239
chr20	35111632	rs6060244
chr20	35113304	rs6060246
chr20	35115331	rs17092297
chr20	35115804	rs3746429
chr20	35118208	rs6088721
chr20	35118384	rs6088722
chr20	35119019	rs2065108
chr20	35121087	rs2378333
chr20	35125836	rs6088727
chr20	35125871	rs6088728
chr20	35126160	rs2295885
chr20	35126172	rs2295886
chr20	35126384	rs2295887
chr20	35130903	rs1535466
chr20	35132142	rs1033798
chr20	35132230	rs1033799
chr20	35132354	rs6060257
chr20	35141344	rs7361656
chr20	35141639	rs11906318
chr20	35142584	rs6120849
chr20	35142661	rs3746427
chr20	35145377	rs2050652
chr20	35146690	rs1415771
chr20	35148385	rs17092378
chr20	35149011	rs6060270
chr20	35149858	rs11907010
chr20	35155806	rs11696967
chr20	35156331	rs6088732
chr20	35157873	rs6088735
chr20	35159528	rs6088738
chr20	35165459	rs6060278
chr20	35166602	rs8119351
chr20	35166801	rs6088747
chr20	35174686	rs2069948
chr20	35176751	rs867186
chr20	35177813	rs1415774
chr20	35180720	rs7265317
chr20	35182684	rs6060285
chr20	35186641	rs6087683
chr20	35187397	rs11167260
chr20	35190180	rs6058202
chr20	35193167	rs6060300
chr20	35195439	rs6060301
chr20	35201240	rs6142324
chr20	35203478	rs2093058
chr20	35203787	rs2224320
chr20	35205356	rs6088764
chr20	35209685	rs6120870
chr20	35211373	rs17406518
chr20	35211477	rs6088765
chr20	35213480	rs11699306
chr20	35216418	rs6060309
chr20	35217473	rs6060310
chr20	35231612	rs2425019
chr20	35237575	rs12479765
chr20	35243384	rs2425022
chr20	35247970	rs6088776
chr20	35252136	rs2247828
chr20	35252170	rs6058210
chr20	35257135	rs2425024
chr20	35258430	rs11167262
chr20	35259351	rs2425025
chr20	35261376	rs1555322
chr20	35265470	rs6060331
chr20	35267651	rs2425032
chr20	35269439	rs1205411
chr20	35269741	rs2275274
chr20	35271872	rs11696548
chr20	35275830	rs6060341
chr20	35276681	rs7280
chr20	35279894	rs619865
chr20	35280121	rs2250205
chr20	35280899	rs2425043
chr20	35281932	rs2425044
chr20	35283507	rs932562
chr20	35283858	rs2425046
chr20	35283872	rs2425047
chr20	35284920	rs2425048
chr20	35286917	rs2425049
chr20	35291403	rs6579227
chr20	35291675	rs2425050
chr20	35292743	rs8120559
chr20	35292926	rs2425052
chr20	35293971	rs6058224
chr20	35295212	rs7272884
chr20	35297352	rs13037376
chr20	35300180	rs13038012
chr20	35302258	rs6060355
chr20	35303201	rs3764732
chr20	35308144	rs6058227
chr20	35317523	rs2145082
chr20	35317816	rs1406948
chr20	35319358	rs6060369
chr20	35320106	rs6088791
chr20	35321949	rs6060370
chr20	35321981	rs6088792
chr20	35325488	rs6120904
chr20	35326405	rs6060373
chr20	35326442	rs17092565
chr20	35333172	rs6060375
chr20	35335763	rs2425062
chr20	35343541	rs1540927
chr20	35355478	rs941665
chr20	35364817	rs4911178
chr20	35372505	rs6142358
chr20	35375371	rs17331061
chr20	35383282	rs6141548
chr20	35384111	rs4911494
chr20	35384175	rs4911495
chr20	35384250	rs4911496
chr20	35387378	rs6088813
chr20	35395043	rs1204656
chr20	35405288	rs1204660
chr20	35413255	rs6087704
chr20	35413447	rs6087705
chr20	35417437	rs6060402
chr20	35418373	rs6088832
chr20	35422754	rs224320
chr20	35424431	rs4911181
chr20	35425455	rs8123889
chr20	35431221	rs224328
chr20	35434398	rs224330
chr20	35434589	rs224331
chr20	35434874	rs224332
chr20	35436182	rs224333
chr20	35436939	rs224334
chr20	35437976	rs143384
chr20	35439830	rs739329
chr20	35460341	rs1570841
chr20	35466584	rs8116304
chr20	35467881	rs1886696
chr20	35471512	rs6060431
chr20	35471850	rs224360
chr20	35474817	rs224362
chr20	35474885	rs224363
chr20	35479165	rs17332774
chr20	35481545	rs6060435
chr20	35487005	rs224371
chr20	35488172	rs4911507
chr20	35491374	rs224373
chr20	35501891	rs2274238
chr20	35502691	rs3748433
chr20	35505928	rs6060442
chr20	35506720	rs7274597
chr20	35508896	rs2236165
chr20	35509524	rs2236164
chr20	35511960	rs10359
chr20	35513992	rs2236160
chr20	35514360	rs2236159
chr20	35521445	rs11167267
chr20	35521599	rs224395
chr20	35528453	rs7261862
chr20	35529579	rs6060450
chr20	35540122	rs2104417
chr20	35547876	rs224415
chr20	35554516	rs17092784
chr20	35555321	rs224419
chr20	35556975	rs8825
chr20	35564866	rs2277862
chr20	35565425	rs224430
chr20	35566170	rs224435
chr20	35566207	rs224436
chr20	35566454	rs224437
chr20	35566823	rs7264396
chr20	35572533	rs6119625
chr20	35576541	rs1557203
chr20	35579460	rs8116470
chr20	35582252	rs6119628
chr20	35583402	rs6088887
chr20	35585124	rs1536147
chr20	35592613	rs1886695
chr20	35597239	rs6120993
chr20	35599391	rs6120998
chr20	35599806	rs6058276
chr20	35602777	rs738703
chr20	35602948	rs3746410
chr20	35603707	rs6060499
chr20	35606132	rs761825
chr20	35606321	rs761826
chr20	35606889	rs6058277
chr20	35607349	rs882436
chr20	35617113	rs11698601
chr20	35619975	rs761827
chr20	35620594	rs2425067
chr20	35626251	rs11543239
chr20	35626446	rs6060516
chr20	35631574	rs6579255
chr20	35632833	rs11543244
chr20	35637380	rs6060526
chr20	35640758	rs6058288
chr20	35641575	rs17092883
chr20	35641723	rs17426419
chr20	35645356	rs3787168
chr20	35646698	rs12480622
chr20	35649302	rs8050
chr20	35650012	rs17426738
chr20	35651460	rs6060539
chr20	35651548	rs17092915
chr20	35655095	rs6121015
chr20	35655688	rs17092937
chr20	35657457	rs11696527
chr20	35659927	rs6060540
chr20	35662726	rs6121019
chr20	35668718	rs6121023
chr20	35669429	rs2180280
chr20	35669741	rs6060546
chr20	35674089	rs17336615
chr20	35681303	rs6058296
chr20	35686515	rs6121029
chr20	35695704	rs11907022
chr20	35697520	rs6060565
chr20	35700932	rs3088078
chr20	35703244	rs6060570
chr20	35705039	rs2425071
chr20	35706487	rs2050729
chr20	35707327	rs2425076
chr20	35710706	rs6087733
chr20	35716861	rs2425090
chr20	35717523	rs6060578
chr20	35719052	rs2425094
chr20	35721721	rs2425099
chr20	35724736	rs11696947
chr20	35724791	rs11699044
chr20	35725375	rs6060582
chr20	35730893	rs2425110
chr20	35730989	rs17093026
chr20	35731421	rs13038622
chr20	35736562	rs6058312
chr20	35740926	rs2425122
chr20	35743032	rs2425125
chr20	35744862	rs3827029
chr20	35750468	rs2425132
chr20	35751278	rs1970357
chr20	35752353	rs11167275
chr20	35757474	rs2425137
chr20	35757788	rs2425138
chr20	35762201	rs2425141
chr20	35771665	rs2425149
chr20	35779355	rs6058322
chr20	35795712	rs11906854
chr20	35802605	rs6060612
chr20	35810706	rs12479473
chr20	35826396	rs6060625
chr20	35834679	rs6060632
chr20	35845639	rs7270009
chr20	35854750	rs2425170
chr20	35857220	rs2425173
chr20	35858473	rs2425178
chr20	35859238	rs2425180
chr20	35869591	rs6121073
chr20	35871358	rs17093190
chr20	35878460	rs6060656
chr20	35879293	rs7271036
chr20	35887025	rs3827030
chr20	35892635	rs6060669
chr20	35894145	rs17093216
chr20	35894474	rs6060673
chr20	35894612	rs7261957
chr20	35896323	rs7275167
chr20	35901643	rs7267005
chr20	35901747	rs7272202
chr20	35903608	rs6058356
chr20	35910629	rs6060676
chr20	35911446	rs6060677
chr20	35913170	rs17093238
chr20	35913229	rs41365845
chr20	35914185	rs17431878
chr20	35917132	rs6058363
chr20	35918225	rs6060681
chr20	35921756	rs6060684
chr20	35927568	rs6058368
chr20	35929213	rs6060690
chr20	35930240	rs17122884
chr20	35934138	rs6060696
chr20	35941984	rs6060703
chr20	35947451	rs6088971
chr20	35948133	rs6060710
chr20	35949238	rs3829829
chr20	35955203	rs11699815
chr20	35956725	rs6060717
chr20	35958114	rs6119683
chr20	35960414	rs6060720
chr20	35968083	rs6058383
chr20	35968294	rs1341603
chr20	35972604	rs11167280
chr20	35972687	rs17347958
chr20	35974659	rs17093270
chr20	35980170	rs6058387
chr20	35982657	rs6142470
chr20	35983562	rs6060741
chr20	35983924	rs6058388
chr20	35990302	rs6142475
chr20	35991475	rs2050930
chr20	36007514	rs8118743
chr20	36008449	rs6060750
chr20	36010040	rs6060752
chr20	36019079	rs8122716
chr20	36020557	rs6060756
chr20	36025198	rs2590965
chr20	36025729	rs2794382
chr20	36029207	rs1891154
chr20	36030042	rs2794384
chr20	36034994	rs11699653
chr20	36047299	rs6142495
chr20	36048359	rs3171389
chr20	36051737	rs2746087
chr20	36059535	rs7263536
chr20	36061268	rs6087753
chr20	36067022	rs2590970
chr20	36074965	rs932434
chr20	36084587	rs6060787
chr20	36098153	rs2746100
chr20	36099887	rs761312
chr20	36101325	rs2746102
chr20	36107927	rs6060799
chr20	36109383	rs6142508
chr20	36113870	rs6119695
chr20	36119944	rs17093377
chr20	36123916	rs17362569
chr20	36124388	rs6141600
chr20	36124464	rs2746105
chr20	36125411	rs6121156
chr20	36127515	rs6142512
chr20	36128126	rs6141601
chr20	36128316	rs2590991
chr20	36129428	rs6060809
chr20	36134333	rs2746086
chr20	36136540	rs2179666
chr20	36140997	rs2590949
chr20	36144450	rs1474976
chr20	36146240	rs6060820
chr20	36147283	rs17362834
chr20	36149115	rs6121163
chr20	36156000	rs6060827
chr20	36158904	rs752697
chr20	36163732	rs4142032
chr20	36166588	rs6058427
chr20	36169578	rs6060840
chr20	36170390	rs2752898
chr20	36173010	rs6060842
chr20	36179572	rs6060844
chr20	36187629	rs2247688
chr20	36188559	rs6060849
chr20	36194249	rs2295568
chr20	36207450	rs6058434
chr20	36215942	rs6060861
chr20	36229623	rs17093449
chr20	36230908	rs6060868
chr20	36231997	rs3813918
chr20	36232367	rs8122857
chr20	36232725	rs1046383
chr20	36234393	rs11700361
chr20	36240537	rs716431
chr20	36240687	rs709050
chr20	36241946	rs6058435
chr20	36252868	rs7266807
chr20	36255033	rs6060873
chr20	36258398	rs6121187
chr20	36260194	rs2425193
chr20	36261368	rs2104007
chr20	36262442	rs2425196
chr20	36265373	rs2425201
chr20	36266402	rs2425202
chr20	36271121	rs2425207
chr20	36272410	rs2425209
chr20	36278201	rs13045792
chr20	36282301	rs13038810
chr20	36287223	rs6060891
chr20	36303494	rs6060901
chr20	36320736	rs6025255
chr20	36322201	rs4239689
chr20	36331500	rs6019660
chr20	36331798	rs4519594
chr20	36335898	rs4073786
chr20	36338061	rs6024358
chr20	36340172	rs6015104
chr20	36340439	rs4459787
chr20	36343360	rs6071459
chr20	36352062	rs4453743
chr20	36357460	rs6028949
chr20	36358419	rs6072001
chr20	36359430	rs6072022
chr20	36365789	rs6072251
chr20	36371037	rs2425220
chr20	36372640	rs2425222
chr20	36372875	rs6129926
chr20	36373117	rs2425223
chr20	36377284	rs2425226
chr20	36378202	rs2425227
chr20	36381266	rs2425233
chr20	36381548	rs6130176
chr20	36384083	rs6103072
chr20	36385330	rs2425237
chr20	36390009	rs2425241
chr20	36390516	rs2425242
chr20	36392066	rs2425243
chr20	36395210	rs2425247
chr20	36397359	rs4812795
chr20	36398197	rs2425249
chr20	36401266	rs2425253
chr20	36402023	rs2425254
chr20	36403431	rs4812865
chr20	36412885	rs6073885
chr20	36415386	rs6017722
chr20	36415889	rs6032628
chr20	36418517	rs4305332
chr20	36418546	rs4322899
chr20	36418818	rs4494819
chr20	36420192	rs906467
chr20	36420229	rs906466
chr20	36421662	rs6063011
chr20	36421920	rs8114927
chr20	36422230	rs4809596
chr20	36422804	rs6124857
chr20	36424412	rs1702766
chr20	36428169	rs2425256
chr20	36434261	rs1275392
chr20	36437915	rs1275394
chr20	36438455	rs1275395
chr20	36439615	rs1275396
chr20	36449399	rs34716589
chr20	36468716	rs1275404
chr20	36484709	rs6068398
chr20	36518514	rs6024819
chr20	36527739	rs220079
chr20	36538081	rs6015247
chr20	36544154	rs220076
chr20	36547864	rs16986188
chr20	36551093	rs694379
chr20	36555296	rs6071089
chr20	36578696	rs2234085
chr20	36586948	rs85440
chr20	36592755	rs6016004
chr20	36598470	rs8119377
chr20	36608198	rs6071671
chr20	36608922	rs555394
chr20	36612449	rs11540276
chr20	36623559	rs4812383
chr20	36627073	rs4810266
chr20	36644375	rs221310
chr20	36646270	rs221309
chr20	36647995	rs221308
chr20	36648182	rs4812405
chr20	36651865	rs221306
chr20	36653556	rs723887
chr20	36658057	rs221311
chr20	36670265	rs221314
chr20	36686638	rs221307
chr20	36686764	rs6129459
chr20	36693605	rs6065197
chr20	36700136	rs6071949
chr20	36715427	rs6071999
chr20	36724315	rs6072018
chr20	36732236	rs2425266
chr20	36733736	rs6101995
chr20	36741958	rs6129628
chr20	36763614	rs6072131
chr20	36779237	rs11697056
chr20	36784431	rs2298308
chr20	36810599	rs2425306
chr20	36813896	rs6102336
chr20	36835030	rs4812515
chr20	36839310	rs1146250
chr20	36845806	rs1146253
chr20	36849449	rs1291098
chr20	36849739	rs11697412
chr20	36849949	rs1016119
chr20	36858756	rs1146261
chr20	36859201	rs1146262
chr20	36860602	rs1146264
chr20	36861518	rs1146266
chr20	36861937	rs11699738
chr20	36862483	rs926907
chr20	36865683	rs1291101
chr20	36868185	rs1291104
chr20	36870936	rs1291111
chr20	36871655	rs11697895
chr20	36871748	rs1291112
chr20	36873837	rs1291117
chr20	36879139	rs3748459
chr20	36879332	rs3748462
chr20	36882545	rs1291129
chr20	36884245	rs1291133
chr20	36890036	rs1291141
chr20	36891072	rs6029941
chr20	36891543	rs7265241
chr20	36896959	rs1291142
chr20	36899487	rs1291144
chr20	36905059	rs1291149
chr20	36908803	rs12481143
chr20	36916270	rs4812586
chr20	36917974	rs1935919
chr20	36922468	rs7268811
chr20	36925219	rs6030188
chr20	36925642	rs6030195
chr20	36926125	rs6130119
chr20	36927789	rs6016783
chr20	36929460	rs12481274
chr20	36930949	rs6072746
chr20	36933066	rs6130139
chr20	36936286	rs6065494
chr20	36941421	rs6030315
chr20	36941608	rs1891643
chr20	36943806	rs6072797
chr20	36945441	rs6030346
chr20	36950277	rs4810362
chr20	36955185	rs8115958
chr20	36956221	rs6030416
chr20	36957019	rs6030424
chr20	36960723	rs6103024
chr20	36961846	rs4812641
chr20	36989101	rs6130281
chr20	36991363	rs6030620
chr20	37007920	rs6093789
chr20	37010328	rs6130318
chr20	37021026	rs1937001
chr20	37037843	rs8117911
chr20	37042499	rs1936994
chr20	37044653	rs3897903
chr20	37044679	rs6124577
chr20	37048374	rs2425323
chr20	37082050	rs1892205
chr20	37084773	rs6017232
chr20	37089312	rs6073285
chr20	37093456	rs1744762
chr20	37094427	rs1744765
chr20	37101547	rs1780705
chr20	37110735	rs1780706
chr20	37112391	rs1744760
chr20	37114735	rs1632294
chr20	37116919	rs13043411
chr20	37127457	rs13041006
chr20	37129956	rs1780673
chr20	37130899	rs1744766
chr20	37131453	rs4239699
chr20	37134277	rs1618407
chr20	37137934	rs8115854
chr20	37138813	rs1744767
chr20	37141189	rs1744769
chr20	37141244	rs1780680
chr20	37144941	rs1780682
chr20	37149272	rs1621845
chr20	37152116	rs1780686
chr20	37152326	rs13038765
chr20	37155091	rs1615246
chr20	37156418	rs11698899
chr20	37157785	rs1780687
chr20	37158137	rs1780688
chr20	37159070	rs1744775
chr20	37159445	rs1780690
chr20	37162162	rs1291065
chr20	37165124	rs1291070
chr20	37167833	rs1291074
chr20	37172340	rs1291079
chr20	37173405	rs1291080
chr20	37173562	rs8115589
chr20	37174785	rs8120307
chr20	37174900	rs6031843
chr20	37176382	rs1291081
chr20	37177464	rs8122715
chr20	37179804	rs8115763
chr20	37181380	rs6031882
chr20	37183083	rs1079658
chr20	37184123	rs16986470
chr20	37185111	rs2284356
chr20	37185948	rs4812877
chr20	37193880	rs2300153
chr20	37195287	rs4812880
chr20	37198011	rs6073647
chr20	37198027	rs7268848
chr20	37198280	rs2076399
chr20	37199279	rs2076398
chr20	37201541	rs11908607
chr20	37207254	rs11698281
chr20	37207486	rs1079657
chr20	37210188	rs2050091
chr20	37214520	rs11700106
chr20	37216002	rs6130802
chr20	37222593	rs765630
chr20	37223992	rs2076397
chr20	37226621	rs879818
chr20	37233570	rs4810454
chr20	37234305	rs2281202
chr20	37237389	rs1016164
chr20	37239816	rs6017596
chr20	37241216	rs2050093
chr20	37242821	rs8114696
chr20	37244244	rs1001352
chr20	37244792	rs1534974
chr20	37248607	rs1073768
chr20	37251001	rs4988491
chr20	37253578	rs7271761
chr20	37254295	rs4988492
chr20	37259124	rs6032470
chr20	37265287	rs7267965
chr20	37273274	rs6017708
chr20	37277376	rs6104392
chr20	37280891	rs6073964
chr20	37287939	rs6032622
chr20	37296893	rs6074018
chr20	37298449	rs6032665
chr20	37310211	rs6032725
chr20	37310362	rs11906047
chr20	37311834	rs16986569
chr20	37314315	rs6104528
chr20	37314376	rs6104529
chr20	37316771	rs1806940
chr20	37318360	rs6065949
chr20	37321843	rs6011945
chr20	37326534	rs10470023
chr20	37329432	rs6011959
chr20	37329701	rs6090496
chr20	37335795	rs6011973
chr20	37339690	rs6017901
chr20	37340671	rs6094373
chr20	37342875	rs6017916
chr20	37343884	rs6011987
chr20	37344696	rs7275012
chr20	37347409	rs6017938
chr20	37354486	rs747182
chr20	37356025	rs16986606
chr20	37358250	rs6017996
chr20	37362389	rs6018027
chr20	37364924	rs6063022
chr20	37370222	rs6018088
chr20	37371479	rs6018100
chr20	37376872	rs6094509
chr20	37378728	rs12329503
chr20	37380742	rs6090585
chr20	37381254	rs6018199
chr20	37382454	rs911496
chr20	37387840	rs6124914
chr20	37388937	rs754626
chr20	37394136	rs6018257
chr20	37404490	rs17785475
chr20	37406204	rs6122566
chr20	37409071	rs6018348
chr20	37413237	rs11905013
chr20	37414503	rs4810624
chr20	37423192	rs6018428
chr20	37423443	rs6018432
chr20	37426319	rs4810633
chr20	37426562	rs4810634
chr20	37433221	rs1885259
chr20	37435163	rs11086214
chr20	37438840	rs10854175
chr20	37439471	rs6012200
chr20	37439987	rs17194885
chr20	37442038	rs1885260
chr20	37447464	rs4809641
chr20	37448174	rs8114302
chr20	37449677	rs6018599
chr20	37453393	rs6018626
chr20	37453742	rs6018627
chr20	37453828	rs6012240
chr20	37456380	rs6012245
chr20	37464512	rs6125111
chr20	37466486	rs2425335
chr20	37468675	rs11905915
chr20	37473881	rs2344095
chr20	37482335	rs2144509
chr20	37486981	rs13043021
chr20	37488588	rs12479593
chr20	37496291	rs2344097
chr20	37504544	rs6018954
chr20	37507707	rs6066671
chr20	37510570	rs3764718
chr20	37511248	rs4810777
chr20	37513137	rs4809685
chr20	37520095	rs3795148
chr20	37520583	rs6019062
chr20	37520652	rs6095071
chr20	37524958	rs6019103
chr20	37525602	rs6090836
chr20	37526060	rs12481150
chr20	37527967	rs10854179
chr20	37532314	rs6019196
chr20	37536191	rs4810805
chr20	37538961	rs6019268
chr20	37544147	rs910596
chr20	37544324	rs910594
chr20	37547164	rs4810841
chr20	37557434	rs1474874
chr20	37565544	rs6019425
chr20	37568354	rs6066870
chr20	37573946	rs6066892
chr20	37575220	rs11906556
chr20	37575707	rs11698643
chr20	37577356	rs6012560
chr20	37578005	rs6019534
chr20	37578904	rs17785799
chr20	37579071	rs17785805
chr20	37579107	rs6095371
chr20	37581750	rs4810899
chr20	37582152	rs749183
chr20	37584353	rs17723926
chr20	37585381	rs17785847
chr20	37586112	rs2880768
chr20	37593782	rs11907205
chr20	37596132	rs4431008
chr20	37597364	rs4810915
chr20	37600220	rs2144504
chr20	37600425	rs17785937
chr20	37600728	rs6125569
chr20	37601033	rs6125574
chr20	37602042	rs6122759
chr20	37602119	rs6066985
chr20	37604643	rs6063366
chr20	37604673	rs6063367
chr20	37606608	rs4810929
chr20	37606692	rs4810930
chr20	37606719	rs6067017
chr20	37611619	rs6125601
chr20	37613969	rs6019729
chr20	37615408	rs6512578
chr20	37615421	rs6067039
chr20	37617393	rs4810945
chr20	37618011	rs6125623
chr20	37620600	rs5011367
chr20	37621089	rs6090964
chr20	37621257	rs6090965
chr20	37621306	rs6095491
chr20	37621900	rs4809742
chr20	37622767	rs17724175
chr20	37623152	rs4810949
chr20	37625245	rs6019803
chr20	37625442	rs12165255
chr20	37625532	rs6063396
chr20	37625612	rs2224132
chr20	37625952	rs2224133
chr20	37629659	rs4810958
chr20	37629863	rs2144507
chr20	37630118	rs11696779
chr20	37631089	rs4343528
chr20	37631782	rs6125653
chr20	37633519	rs6067104
chr20	37635605	rs1810565
chr20	37635725	rs1621301
chr20	37637279	rs198498
chr20	37638399	rs198495
chr20	37639166	rs198494
chr20	37641370	rs4810966
chr20	37641664	rs198493
chr20	37644978	rs198491
chr20	37645317	rs198490
chr20	37647855	rs198488
chr20	37648111	rs198486
chr20	37648957	rs198485
chr20	37657633	rs1928630
chr20	37658029	rs11700312
chr20	37661734	rs10154012
chr20	37668286	rs11698997
chr20	37669140	rs7509215
chr20	37674643	rs6020113
chr20	37675713	rs6012770
chr20	37676238	rs6020122
chr20	37676644	rs6020127
chr20	37676762	rs10485478
chr20	37676773	rs6020129
chr20	37677050	rs6020130
chr20	37677114	rs6020131
chr20	37678143	rs928200
chr20	37678154	rs928199
chr20	37678328	rs7363432
chr20	37678485	rs6095711
chr20	37678564	rs6125821
chr20	37681912	rs882104
chr20	37682226	rs6095722
chr20	37687530	rs1330024
chr20	37692942	rs7274285
chr20	37694912	rs6020251
chr20	37699980	rs6125916
chr20	37701716	rs6091103
chr20	37703593	rs6020339
chr20	37705451	rs1884635
chr20	37711234	rs6067377
chr20	37714276	rs6095861
chr20	37733834	rs6067463
chr20	37741864	rs2344481
chr20	37745733	rs6067491
chr20	37746669	rs2297154
chr20	37748178	rs17724627
chr20	37754119	rs16986921
chr20	37758210	rs6020712
chr20	37762430	rs6126098
chr20	37771178	rs6013029
chr20	37776305	rs238300
chr20	37776514	rs238302
chr20	37777265	rs6020846
chr20	37786624	rs238308
chr20	37794294	rs6067638
chr20	37796949	rs6067647
chr20	37797063	rs8126174
chr20	37800821	rs1076664
chr20	37802005	rs6063608
chr20	37804886	rs2281148
chr20	37806455	rs2281146
chr20	37809419	rs2294442
chr20	37816474	rs6067731
chr20	37829664	rs4811175
chr20	37830463	rs6123033
chr20	37839237	rs17786860
chr20	37840553	rs1543332
chr20	37841292	rs4811196
chr20	37843197	rs4239666
chr20	37843271	rs4811199
chr20	37843352	rs2179319
chr20	37843383	rs2179320
chr20	37843596	rs9679781
chr20	37843666	rs6067831
chr20	37844050	rs6096486
chr20	37845424	rs2235467
chr20	37847798	rs2235463
chr20	37849826	rs4809859
chr20	37849883	rs6096513
chr20	37851061	rs4811210
chr20	37851225	rs4811211
chr20	37851857	rs6021357
chr20	37852253	rs2206135
chr20	37852581	rs2235461
chr20	37852641	rs2235460
chr20	37852697	rs6067889
chr20	37853405	rs2235459
chr20	37857661	rs4811231
chr20	37861662	rs6067923
chr20	37863280	rs4811238
chr20	37863929	rs760845
chr20	37865541	rs4811243
chr20	37867355	rs4811246
chr20	37867890	rs909770
chr20	37868513	rs4811247
chr20	37869242	rs6067961
chr20	37871911	rs717599
chr20	37872205	rs1106966
chr20	37873503	rs4809871
chr20	37873938	rs6067989
chr20	37874353	rs7270447
chr20	37874901	rs4809875
chr20	37874942	rs4809876
chr20	37876382	rs6068008
chr20	37878219	rs4809878
chr20	37881355	rs6096675
chr20	37885750	rs6021615
chr20	37886140	rs8121556
chr20	37886154	rs6021618
chr20	37887522	rs4811279
chr20	37887572	rs4811280
chr20	37890001	rs6068052
chr20	37893167	rs6126457
chr20	37896974	rs6126462
chr20	37897686	rs1569938
chr20	37898813	rs6096781
chr20	37901176	rs1569940
chr20	37902147	rs6068087
chr20	37905877	rs6013413
chr20	37909044	rs6096822
chr20	37912121	rs6021826
chr20	37912392	rs8114158
chr20	37917525	rs6021854
chr20	37918229	rs6021856
chr20	37919369	rs6021867
chr20	37921112	rs6021884
chr20	37922609	rs6013448
chr20	37925108	rs6091517
chr20	37929137	rs6123167
chr20	37930258	rs6013469
chr20	37932909	rs6013474
chr20	37933480	rs1998049
chr20	37935142	rs6096989
chr20	37935992	rs2012905
chr20	37938019	rs6021960
chr20	37938665	rs4811359
chr20	37943526	rs6021982
chr20	37946546	rs13043500
chr20	37948207	rs6022011
chr20	37949287	rs4811372
chr20	37950376	rs6126636
chr20	37951296	rs6022025
chr20	37954595	rs4811384
chr20	37954994	rs6013504
chr20	37955309	rs6013507
chr20	37955641	rs11698112
chr20	37959481	rs16987050
chr20	37961276	rs6097106
chr20	37968202	rs8115683
chr20	37969825	rs6022114
chr20	37970964	rs1569906
chr20	37971502	rs1000158
chr20	37972293	rs6022123
chr20	37976296	rs6022147
chr20	37976700	rs6022152
chr20	37982105	rs4516496
chr20	37983262	rs2037
chr20	37985376	rs6013590
chr20	37987014	rs6022212
chr20	37988292	rs6022227
chr20	37991079	rs6022259
chr20	37996354	rs2273349
chr20	37998608	rs746983
chr20	37999103	rs2273351
chr20	38000156	rs6097259
chr20	38000176	rs3938421
chr20	38009984	rs6068490
chr20	38014044	rs13037289
chr20	38014358	rs12480128
chr20	38021663	rs6022419
chr20	38031593	rs6068552
chr20	38032532	rs6022498
chr20	38033853	rs881556
chr20	38037308	rs6022537
chr20	38037680	rs6022547
chr20	38040117	rs6022577
chr20	38040472	rs2273353
chr20	38050014	rs6097507
chr20	38053508	rs17196689
chr20	38053899	rs910664
chr20	38054076	rs6068623
chr20	38057513	rs2256288
chr20	38060491	rs6022716
chr20	38061181	rs6022723
chr20	38064440	rs6063998
chr20	38070518	rs6022796
chr20	38073368	rs6068703
chr20	38083532	rs1569907
chr20	38087420	rs12625508
chr20	38088540	rs6097732
chr20	38089657	rs3746466
chr20	38102181	rs6068818
chr20	38108937	rs6127142
chr20	38109369	rs6023059
chr20	38110188	rs6023064
chr20	38110588	rs6023069
chr20	38113202	rs6127155
chr20	38114841	rs6091845
chr20	38116877	rs6097906
chr20	38125472	rs35930097
chr20	38130456	rs2076378
chr20	38132800	rs1555074
chr20	38134792	rs16987150
chr20	38137199	rs34046288
chr20	38138701	rs2076387
chr20	38139907	rs2076388
chr20	38141390	rs2076389
chr20	38141437	rs12624511
chr20	38142186	rs2076390
chr20	38148826	rs13040190
chr20	38155197	rs6023527
chr20	38156725	rs2284878
chr20	38157627	rs2284880
chr20	38157724	rs2284881
chr20	38159789	rs4811529
chr20	38163094	rs7271155
chr20	38163426	rs7270898
chr20	38164843	rs7275079
chr20	38165099	rs2067027
chr20	38167757	rs760999
chr20	38168010	rs11086468
chr20	38168598	rs761002
chr20	38168741	rs761003
chr20	38173944	rs6023676
chr20	38174624	rs6014196
chr20	38175731	rs8123859
chr20	38180062	rs6014227
chr20	38180176	rs6098332
chr20	38180767	rs6092006
chr20	38183015	rs13038155
chr20	38186039	rs4811565
chr20	38187703	rs2143193
chr20	38188749	rs1474669
chr20	38189314	rs6127376
chr20	38189927	rs10485481
chr20	38191191	rs6069099
chr20	38192680	rs6069105
chr20	38195264	rs4809987
chr20	38195610	rs6069120
chr20	38199903	rs742415
chr20	38201731	rs6069151
chr20	38202112	rs4811580
chr20	38202888	rs6098467
chr20	38204124	rs6023939
chr20	38206460	rs2881138
chr20	38207790	rs6127436
chr20	38208153	rs6127438
chr20	38208389	rs6092091
chr20	38210895	rs3746467
chr20	38211754	rs6123471
chr20	38212849	rs1053932
chr20	38212891	rs1053931
chr20	38213354	rs1534967
chr20	38214434	rs6024001
chr20	38214481	rs6127466
chr20	38214854	rs6069232
chr20	38215590	rs6069234
chr20	38215636	rs6127471
chr20	38215714	rs5026717
chr20	38217336	rs760998
chr20	38220686	rs4811602
chr20	38226243	rs7274644
chr20	38228214	rs16987188
chr20	38231644	rs1205419
chr20	38231737	rs1205420
chr20	38234638	rs877600
chr20	38238151	rs1209245
chr20	38238290	rs1205428
chr20	38238346	rs1205429
chr20	38239789	rs1205433
chr20	38241114	rs1205434
chr20	38242130	rs1205436
chr20	38244132	rs6014430
chr20	38244416	rs6024258
chr20	38247165	rs1205438
chr20	38247781	rs1205441
chr20	38250958	rs6127552
chr20	38262282	rs6127578
chr20	38267458	rs1934915
chr20	38270022	rs6127586
chr20	38271888	rs4353702
chr20	38272064	rs1891033
chr20	38273049	rs6098910
chr20	38273273	rs1113246
chr20	38275548	rs6098926
chr20	38277492	rs2185558
chr20	38282965	rs6069524
chr20	38283558	rs6024572
chr20	38286018	rs6064324
chr20	38291214	rs6014601
chr20	38291989	rs6064334
chr20	38292351	rs951514
chr20	38293108	rs4287822
chr20	38293519	rs17790348
chr20	38295280	rs12481567
chr20	38303893	rs3746472
chr20	38304245	rs5743497
chr20	38304258	rs1341023
chr20	38304651	rs6024718
chr20	38305060	rs6099053
chr20	38305977	rs6069673
chr20	38308738	rs6069682
chr20	38308844	rs2066252
chr20	38309833	rs1341021
chr20	38310476	rs5741801
chr20	38311243	rs6099074
chr20	38311767	rs3746476
chr20	38311912	rs5743509
chr20	38315258	rs7273966
chr20	38317134	rs6014705
chr20	38317234	rs6024822
chr20	38318446	rs4358188
chr20	38319457	rs6069714
chr20	38323940	rs5741804
chr20	38324695	rs5741806
chr20	38326322	rs5743523
chr20	38326632	rs8118267
chr20	38326732	rs8115192
chr20	38327624	rs5741809
chr20	38327723	rs5743529
chr20	38327795	rs5743530
chr20	38328224	rs11905461
chr20	38329435	rs6024905
chr20	38329519	rs4592915
chr20	38330951	rs5743534
chr20	38331180	rs5743539
chr20	38331330	rs6127771
chr20	38332198	rs6127776
chr20	38334265	rs2275954
chr20	38334823	rs2154374
chr20	38337215	rs1131847
chr20	38337691	rs2022498
chr20	38337932	rs1579101
chr20	38338129	rs2022499
chr20	38340744	rs2425363
chr20	38340938	rs2425364
chr20	38341570	rs11086556
chr20	38343306	rs7273717
chr20	38345681	rs2232571
chr20	38345754	rs1780617
chr20	38345891	rs2232573
chr20	38346312	rs2232578
chr20	38346542	rs2232580
chr20	38348300	rs8120088
chr20	38349567	rs1739654
chr20	38350730	rs2232581
chr20	38354288	rs2232585
chr20	38354582	rs5741816
chr20	38357231	rs11536949
chr20	38357381	rs6127841
chr20	38359164	rs6069875
chr20	38360442	rs12624843
chr20	38360615	rs1780623
chr20	38360727	rs2232596
chr20	38363237	rs11536972
chr20	38364156	rs2232602
chr20	38364393	rs2298267
chr20	38364679	rs2232607
chr20	38365654	rs1739638
chr20	38367046	rs6099305
chr20	38368705	rs6099309
chr20	38368988	rs1780627
chr20	38369011	rs2232613
chr20	38372987	rs2232617
chr20	38373117	rs2232618
chr20	38373290	rs1739640
chr20	38373945	rs2232619
chr20	38376987	rs11536997
chr20	38380824	rs1780629
chr20	38381281	rs737091
chr20	38382587	rs1609565
chr20	38382626	rs1609566
chr20	38383652	rs6127905
chr20	38383987	rs4811788
chr20	38384518	rs6127908
chr20	38390191	rs6092422
chr20	38392336	rs736368
chr20	38397738	rs6064503
chr20	38398565	rs1739643
chr20	38398584	rs1739644
chr20	38400365	rs4811821
chr20	38401177	rs1780634
chr20	38406571	rs6127987
chr20	38408937	rs1739646
chr20	38416886	rs6025511
chr20	38420312	rs1739652
chr20	38422106	rs3752277
chr20	38422170	rs3752278
chr20	38422313	rs3752279
chr20	38422361	rs3752280
chr20	38424935	rs1780636
chr20	38426138	rs752775
chr20	38426372	rs752774
chr20	38428176	rs12479998
chr20	38430706	rs788344
chr20	38434831	rs788348
chr20	38435792	rs6123705
chr20	38435993	rs788350
chr20	38436101	rs1315306
chr20	38438846	rs6099675
chr20	38444448	rs805528
chr20	38445556	rs805530
chr20	38446083	rs805531
chr20	38448977	rs1002154
chr20	38450594	rs12397
chr20	38451364	rs805532
chr20	38451515	rs6070221
chr20	38456337	rs6025762
chr20	38471571	rs1609994
chr20	38472785	rs6070311
chr20	38475108	rs6070315
chr20	38477514	rs1303567
chr20	38479103	rs1303588
chr20	38483575	rs805546
chr20	38484292	rs1303582
chr20	38485243	rs1303581
chr20	38489837	rs805536
chr20	38497214	rs1303577
chr20	38498708	rs805538
chr20	38499437	rs16987350
chr20	38500598	rs1303574
chr20	38503078	rs1315305
chr20	38522075	rs6070459
chr20	38522193	rs6064651
chr20	38531805	rs6100093
chr20	38537715	rs805540
chr20	38539826	rs6070521
chr20	38541011	rs805542
chr20	38544843	rs13043114
chr20	38546873	rs8117073
chr20	38550856	rs12479613
chr20	38552775	rs4812025
chr20	38557366	rs2864932
chr20	38564175	rs6070633
chr20	38565611	rs2185594
chr20	38566691	rs16987400
chr20	38568758	rs1295992
chr20	38569024	rs2179664
chr20	38569058	rs1292938
chr20	38570215	rs6064720
chr20	38570896	rs6070645
chr20	38571679	rs2206783
chr20	38572462	rs7271966
chr20	38573530	rs1115600
chr20	38577249	rs6070663
chr20	38579884	rs6064733
chr20	38580343	rs1033516
chr20	38580475	rs8114511
chr20	38580863	rs4812047
chr20	38581919	rs6015420
chr20	38582636	rs6128478
chr20	38590911	rs6100336
chr20	38591331	rs6026701
chr20	38600016	rs8118494
chr20	38600924	rs13042097
chr20	38603366	rs1005611
chr20	38606495	rs1883784
chr20	38606662	rs926638
chr20	38607050	rs6064761
chr20	38607174	rs6070750
chr20	38607858	rs6015464
chr20	38608504	rs6070754
chr20	38610060	rs6100402
chr20	38612123	rs1569707
chr20	38617315	rs85151
chr20	38618848	rs6070782
chr20	38622519	rs8123363
chr20	38623282	rs6123893
chr20	38623699	rs6064779
chr20	38624548	rs6070799
chr20	38625307	rs11696570
chr20	38625345	rs220541
chr20	38627993	rs6064791
chr20	38633485	rs6070829
chr20	38637562	rs6026964
chr20	38640076	rs6026978
chr20	38642495	rs220531
chr20	38643223	rs220530
chr20	38643946	rs419162
chr20	38645267	rs220529
chr20	38648975	rs220525
chr20	38649926	rs6027040
chr20	38650303	rs220520
chr20	38651324	rs2294952
chr20	38653926	rs220517
chr20	38654331	rs6070933
chr20	38656350	rs6064832
chr20	38664952	rs220504
chr20	38665053	rs732503
chr20	38666240	rs220503
chr20	38668145	rs220502
chr20	38668483	rs220501
chr20	38669133	rs6027163
chr20	38672659	rs6092841
chr20	38674156	rs220495
chr20	38676778	rs6027213
chr20	38678651	rs7344456
chr20	38681211	rs1040898
chr20	38681360	rs6027232
chr20	38681739	rs6015618
chr20	38686031	rs6027258
chr20	38688270	rs6015631
chr20	38688467	rs6027273
chr20	38689862	rs6015637
chr20	38691773	rs16987501
chr20	38693424	rs6071120
chr20	38694151	rs722078
chr20	38694540	rs6027331
chr20	38699225	rs6015679
chr20	38699962	rs6071146
chr20	38700217	rs1570275
chr20	38702166	rs6015693
chr20	38702935	rs9679799
chr20	38703838	rs6027422
chr20	38705448	rs1158857
chr20	38707831	rs6071173
chr20	38707898	rs6071174
chr20	38712293	rs17759654
chr20	38713310	rs6071181
chr20	38717726	rs911719
chr20	38720715	rs6092933
chr20	38721094	rs6027580
chr20	38721262	rs6092935
chr20	38723469	rs8118790
chr20	38723915	rs4328688
chr20	38724206	rs13042447
chr20	38726162	rs6128821
chr20	38726186	rs6128822
chr20	38730430	rs6128836
chr20	38730683	rs16987521
chr20	38731516	rs1406858
chr20	38732301	rs1010321
chr20	38732778	rs998277
chr20	38732861	rs997848
chr20	38733301	rs2246672
chr20	38734060	rs2246804
chr20	38739626	rs2144538
chr20	38740401	rs6092968
chr20	38741279	rs2250345
chr20	38741353	rs2250350
chr20	38742290	rs2250474
chr20	38746826	rs6027727
chr20	38749720	rs2254234
chr20	38751083	rs2254382
chr20	38754997	rs2748663
chr20	38755198	rs2757521
chr20	38757734	rs2255213
chr20	38759219	rs6128907
chr20	38759788	rs2244281
chr20	38761363	rs2244440
chr20	38762789	rs6128918
chr20	38763546	rs2244797
chr20	38764146	rs6124015
chr20	38765389	rs10485651
chr20	38766469	rs2243520
chr20	38767477	rs2245231
chr20	38768868	rs2757522
chr20	38769266	rs2247983
chr20	38771344	rs6124026
chr20	38776701	rs2748665
chr20	38777103	rs2748666
chr20	38784177	rs2252554
chr20	38786294	rs6129020
chr20	38787893	rs1321100
chr20	38790643	rs2077109
chr20	38791407	rs2425371
chr20	38792095	rs2745008
chr20	38795553	rs6124071
chr20	38799290	rs8115770
chr20	38799537	rs8117109
chr20	38812275	rs6071578
chr20	38815578	rs6071589
chr20	38819276	rs10854216
chr20	38824551	rs6065094
chr20	38825009	rs6124088
chr20	38827352	rs2015901
chr20	38829366	rs1006945
chr20	38831819	rs6028156
chr20	38832117	rs16987624
chr20	38840613	rs208822
chr20	38844259	rs4381836
chr20	38853973	rs4812319
chr20	38861637	rs208820
chr20	38862535	rs208819
chr20	38863300	rs6015971
chr20	38864933	rs208814
chr20	38865118	rs208813
chr20	38868696	rs208811
chr20	38870496	rs208807
chr20	38879872	rs208801
chr20	38882180	rs415256
chr20	38882760	rs208799
chr20	38882811	rs208798
chr20	38886690	rs731671
chr20	38887226	rs6129123
chr20	38887291	rs6129124
chr20	38887675	rs6015978
chr20	38889110	rs12624956
chr20	38889343	rs6071620
chr20	38889909	rs2294557
chr20	38889922	rs909866
chr20	38890258	rs6028180
chr20	38890678	rs742421
chr20	38899042	rs4810239
chr20	38905726	rs6015982
chr20	38905939	rs12626105
chr20	38906022	rs4812332
chr20	38908969	rs4812335
chr20	38920087	rs748063
chr20	38920666	rs4810245
chr20	38922292	rs10392
chr20	38922825	rs10477
chr20	38931743	rs16987681
chr20	38934293	rs4812337
chr20	38934709	rs725322
chr20	38935878	rs16987683
chr20	38936192	rs16987685
chr20	38940759	rs732486
chr20	38941832	rs3752292
chr20	38942082	rs3752293
chr20	38947517	rs1569539
chr20	38948626	rs4812341
chr20	38949744	rs7264022
chr20	38951487	rs4300896
chr20	38958199	rs7265661
chr20	38962555	rs974560
chr20	38962718	rs974559
chr20	38972600	rs16987712
chr20	38975012	rs16987715
chr20	38975293	rs12625983
chr20	38978503	rs6028233
chr20	38984596	rs2064181
chr20	38986786	rs2867895
chr20	38990061	rs16987734
chr20	38996372	rs16987738
chr20	38996725	rs2867896
chr20	38998430	rs17830053
chr20	38998620	rs2179318
chr20	39002476	rs4812349
chr20	39003464	rs8121775
chr20	39006061	rs3829696
chr20	39006384	rs3752298
chr20	39007071	rs8120914
chr20	39015016	rs3764703
chr20	39017385	rs926393
chr20	39018962	rs2867897
chr20	39025381	rs3752301
chr20	39035921	rs1534928
chr20	39038539	rs3752302
chr20	39039629	rs6729
chr20	39043566	rs6129156
chr20	39045324	rs6129158
chr20	39051206	rs742276
chr20	39054428	rs4812357
chr20	39054588	rs4812358
chr20	39055830	rs7270243
chr20	39055928	rs7260808
chr20	39056573	rs1569538
chr20	39060585	rs6129167
chr20	39060717	rs6129168
chr20	39061821	rs926392
chr20	39061842	rs926391
chr20	39064921	rs4616534
chr20	39064949	rs1007913
chr20	39067355	rs16987788
chr20	39067877	rs2103613
chr20	39070610	rs873082
chr20	39074651	rs6028264
chr20	39075169	rs16987791
chr20	39080784	rs724176
chr20	39082156	rs912180
chr20	39085333	rs6016010
chr20	39088907	rs6071653
chr20	39093380	rs6071654
chr20	39096323	rs17764246
chr20	39099514	rs6028277
chr20	39100945	rs6129179
chr20	39101991	rs17831740
chr20	39103384	rs6028282
chr20	39108827	rs17764371
chr20	39114003	rs17764413
chr20	39117811	rs209901
chr20	39119094	rs6129188
chr20	39119927	rs16987800
chr20	39125059	rs6124112
chr20	39129026	rs2868502
chr20	39129112	rs2868503
chr20	39131252	rs1883750
chr20	39131713	rs6129193
chr20	39136736	rs6028298
chr20	39142402	rs6129197
chr20	39142935	rs2868504
chr20	39146788	rs12625154
chr20	39147157	rs2050226
chr20	39156795	rs12481160
chr20	39157075	rs6129200
chr20	39157444	rs6124115
chr20	39167968	rs17764999
chr20	39167978	rs6028308
chr20	39169764	rs6129205
chr20	39171620	rs910100
chr20	39172533	rs13042087
chr20	39179241	rs2206749
chr20	39188825	rs6129210
chr20	39192194	rs2868505
chr20	39192353	rs761280
chr20	39195630	rs6129215
chr20	39200898	rs6129220
chr20	39208668	rs6028332
chr20	39210097	rs2425381
chr20	39216834	rs6028335
chr20	39223116	rs6016028
chr20	39224096	rs17765781
chr20	39224326	rs1332883
chr20	39227430	rs6028341
chr20	39227683	rs742651
chr20	39229452	rs7271186
chr20	39232096	rs6129222
chr20	39243780	rs4812366
chr20	39245170	rs932426
chr20	39246402	rs1012338
chr20	39247791	rs6028354
chr20	39248129	rs932428
chr20	39248425	rs7262174
chr20	39250171	rs2206747
chr20	39252839	rs2009579
chr20	39253126	rs729520
chr20	39255669	rs6124128
chr20	39255922	rs17766229
chr20	39271057	rs2073314
chr20	39273447	rs8125860
chr20	39276535	rs7266026
chr20	39277206	rs8125861
chr20	39277717	rs16987872
chr20	39278098	rs4812368
chr20	39280311	rs2208139
chr20	39280672	rs2224304
chr20	39280732	rs16987875
chr20	39280851	rs10485652
chr20	39284024	rs3918508
chr20	39285535	rs2067034
chr20	39285883	rs1884712
chr20	39289453	rs988323
chr20	39293163	rs9636528
chr20	39298259	rs17186303
chr20	39299832	rs6124135
chr20	39300256	rs6028383
chr20	39300658	rs4812374
chr20	39303384	rs11699853
chr20	39304531	rs11907653
chr20	39305030	rs8123469
chr20	39307938	rs16987902
chr20	39314348	rs1012795
chr20	39320412	rs6101464
chr20	39324969	rs6101467
chr20	39328646	rs4810260
chr20	39329615	rs6129261
chr20	39329690	rs8117671
chr20	39332072	rs6129263
chr20	39332328	rs4812377
chr20	39333546	rs6093157
chr20	39333779	rs6129266
chr20	39334539	rs6124140
chr20	39335143	rs4810263
chr20	39336456	rs2067008
chr20	39337091	rs2070290
chr20	39340226	rs5012131
chr20	39342452	rs6028397
chr20	39343000	rs6028398
chr20	39347923	rs6028403
chr20	39348383	rs6129271
chr20	39352861	rs6101477
chr20	39358835	rs6101483
chr20	39358917	rs4812381
chr20	39359885	rs13042328
chr20	39363174	rs16987952
chr20	39364664	rs6101486
chr20	39365360	rs932384
chr20	39365539	rs932385
chr20	39374170	rs6124142
chr20	39374762	rs16987960
chr20	39375134	rs6101492
chr20	39376008	rs909873
chr20	39378013	rs13045507
chr20	39380194	rs6016066
chr20	39383467	rs959415
chr20	39385347	rs17188356
chr20	39387873	rs1569608
chr20	39394153	rs7263998
chr20	39394802	rs16987984
chr20	39396293	rs909874
chr20	39396592	rs909876
chr20	39401531	rs8121586
chr20	39403809	rs6101506
chr20	39403844	rs6124147
chr20	39405331	rs16988021
chr20	39415517	rs6101520
chr20	39415893	rs1997744
chr20	39418917	rs2206442
chr20	39419314	rs1980481
chr20	39420668	rs7271363
chr20	39426372	rs2143215
chr20	39426785	rs932386
chr20	39427673	rs2903983
chr20	39432162	rs8120943
chr20	39432726	rs8122510
chr20	39437882	rs2143216
chr20	39442765	rs16988050
chr20	39444593	rs6129320
chr20	39445374	rs11086752
chr20	39445431	rs6101544
chr20	39445473	rs6101545
chr20	39445652	rs6101547
chr20	39446558	rs7264390
chr20	39448557	rs6129323
chr20	39449471	rs16988070
chr20	39449678	rs6124155
chr20	39449852	rs6124156
chr20	39450345	rs13036738
chr20	39451321	rs2869010
chr20	39452506	rs2206435
chr20	39459293	rs16988087
chr20	39459527	rs1883513
chr20	39459556	rs1883514
chr20	39459604	rs1883515
chr20	39461838	rs6124157
chr20	39462746	rs2903985
chr20	39463589	rs2869013
chr20	39466068	rs1078029
chr20	39475185	rs11906888
chr20	39477359	rs6093184
chr20	39479869	rs7274815
chr20	39482057	rs16988107
chr20	39489547	rs6016078
chr20	39489863	rs6028457
chr20	39491404	rs10485656
chr20	39493751	rs6028462
chr20	39499256	rs6101580
chr20	39499781	rs6129346
chr20	39500359	rs6028466
chr20	39500826	rs1569606
chr20	39501063	rs1569607
chr20	39507275	rs8117351
chr20	39510068	rs6028476
chr20	39511457	rs7264045
chr20	39514185	rs4810269
chr20	39517058	rs6129355
chr20	39517171	rs6129356
chr20	39518570	rs1008653
chr20	39521918	rs11697113
chr20	39522438	rs13045609
chr20	39527409	rs6028484
chr20	39529583	rs6101598
chr20	39530253	rs6028485
chr20	39531731	rs6028491
chr20	39532105	rs6028492
chr20	39532787	rs3887337
chr20	39534826	rs1884370
chr20	39534874	rs1884369
chr20	39535591	rs16988131
chr20	39536862	rs6093197
chr20	39538258	rs4812398
chr20	39538874	rs7262018
chr20	39540334	rs6129359
chr20	39540855	rs16988137
chr20	39542543	rs6101600
chr20	39544144	rs6028497
chr20	39544622	rs6028498
chr20	39547859	rs8114090
chr20	39551031	rs11907477
chr20	39551867	rs6028505
chr20	39552314	rs6093203
chr20	39553018	rs6028507
chr20	39554115	rs6016098
chr20	39555184	rs4812401
chr20	39555610	rs6028509
chr20	39563147	rs6129366
chr20	39565351	rs7272926
chr20	39569542	rs13044740
chr20	39573032	rs13044261
chr20	39573752	rs6028528
chr20	39575706	rs1024198
chr20	39578240	rs10485657
chr20	39579013	rs6016114
chr20	39583054	rs11697583
chr20	39586207	rs4264615
chr20	39586631	rs7273825
chr20	39591138	rs4812402
chr20	39592076	rs1008247
chr20	39595575	rs6028539
chr20	39596602	rs16988179
chr20	39596879	rs6016119
chr20	39597117	rs4812404
chr20	39604521	rs2057334
chr20	39607385	rs11697337
chr20	39611349	rs6016121
chr20	39611631	rs2208464
chr20	39613659	rs6028551
chr20	39615200	rs6028552
chr20	39615757	rs12481199
chr20	39615950	rs911399
chr20	39616003	rs735470
chr20	39616109	rs6101628
chr20	39619331	rs6016127
chr20	39623517	rs6129380
chr20	39625907	rs6028560
chr20	39625945	rs6028561
chr20	39628046	rs1506599
chr20	39628647	rs805935
chr20	39628770	rs6028564
chr20	39629894	rs6016130
chr20	39630901	rs805937
chr20	39633013	rs432017
chr20	39633076	rs805944
chr20	39633431	rs436995
chr20	39633529	rs396448
chr20	39633751	rs6065147
chr20	39634466	rs442195
chr20	39634667	rs16988266
chr20	39636503	rs1701852
chr20	39636969	rs1395363
chr20	39637166	rs2658740
chr20	39637519	rs1701853
chr20	39638765	rs1627708
chr20	39638907	rs10485658
chr20	39640219	rs1629959
chr20	39640891	rs6071752
chr20	39641460	rs1655330
chr20	39643448	rs1160080
chr20	39643801	rs1701858
chr20	39644055	rs1395364
chr20	39648580	rs294426
chr20	39650355	rs294428
chr20	39652595	rs211092
chr20	39652671	rs294434
chr20	39655481	rs6028587
chr20	39658388	rs927289
chr20	39658797	rs927290
chr20	39659004	rs789434
chr20	39659109	rs1885129
chr20	39659754	rs789433
chr20	39661823	rs1655353
chr20	39663773	rs6028593
chr20	39664255	rs789430
chr20	39665454	rs789426
chr20	39666040	rs6028594
chr20	39666916	rs1701870
chr20	39669688	rs789407
chr20	39671282	rs6071769
chr20	39671653	rs1086125
chr20	39671934	rs11698332
chr20	39672165	rs6016142
chr20	39672874	rs6028599
chr20	39674401	rs1701861
chr20	39674703	rs1701860
chr20	39674820	rs1655349
chr20	39675331	rs1433707
chr20	39680465	rs292898
chr20	39680904	rs6016143
chr20	39682727	rs294409
chr20	39683827	rs182390
chr20	39689853	rs16988358
chr20	39693195	rs6071775
chr20	39693270	rs6101666
chr20	39698095	rs6028610
chr20	39699632	rs292887
chr20	39701211	rs169780
chr20	39704039	rs6071781
chr20	39704937	rs292858
chr20	39705274	rs292859
chr20	39706181	rs6065150
chr20	39708889	rs1354748
chr20	39709568	rs292868
chr20	39709978	rs292870
chr20	39713155	rs295158
chr20	39714001	rs292877
chr20	39715142	rs292881
chr20	39717067	rs11698323
chr20	39717522	rs295164
chr20	39720855	rs1007905
chr20	39721770	rs6129406
chr20	39726135	rs295177
chr20	39727886	rs11086760
chr20	39735075	rs295182
chr20	39739283	rs295186
chr20	39739568	rs295187
chr20	39753983	rs6028637
chr20	39755484	rs16988448
chr20	39758982	rs6028643
chr20	39759032	rs6028644
chr20	39761097	rs1028788
chr20	39770728	rs159347
chr20	39774707	rs159342
chr20	39776293	rs16988469
chr20	39777386	rs211889
chr20	39783015	rs159334
chr20	39783053	rs211883
chr20	39789689	rs211881
chr20	39797800	rs186094
chr20	39800269	rs2024907
chr20	39806783	rs12479744
chr20	39806910	rs6071808
chr20	39808427	rs13039016
chr20	39810129	rs11086761
chr20	39812884	rs6129421
chr20	39814770	rs985008
chr20	39815852	rs211868
chr20	39815896	rs211867
chr20	39823261	rs11699810
chr20	39825525	rs211863
chr20	39825934	rs17801258
chr20	39826634	rs11697435
chr20	39826660	rs169835
chr20	39827073	rs211862
chr20	39829694	rs932765
chr20	39834088	rs211857
chr20	39839032	rs4812412
chr20	39840013	rs211845
chr20	39840579	rs59528
chr20	39840906	rs736314
chr20	39841249	rs6124190
chr20	39843516	rs6071822
chr20	39846160	rs211841
chr20	39846564	rs10485662
chr20	39847414	rs4284893
chr20	39847637	rs211838
chr20	39850205	rs396182
chr20	39850774	rs211832
chr20	39851808	rs211830
chr20	39851867	rs16988533
chr20	39852169	rs6028686
chr20	39852541	rs6028687
chr20	39852933	rs8116303
chr20	39853217	rs2180486
chr20	39855818	rs6028688
chr20	39858607	rs6071828
chr20	39858848	rs10211813
chr20	39860133	rs4812414
chr20	39862513	rs6071834
chr20	39863415	rs6028694
chr20	39863984	rs6101737
chr20	39864161	rs6101739
chr20	39864172	rs17802541
chr20	39864416	rs6028695
chr20	39868056	rs6071838
chr20	39874702	rs6071843
chr20	39878234	rs7273678
chr20	39880298	rs6071848
chr20	39881734	rs7261610
chr20	39888893	rs1884673
chr20	39889050	rs2070288
chr20	39889578	rs6129436
chr20	39894622	rs16988582
chr20	39894977	rs713225
chr20	39897264	rs12625145
chr20	39902750	rs6028710
chr20	39903264	rs11086765
chr20	39906462	rs2425384
chr20	39909900	rs11699371
chr20	39910126	rs6065171
chr20	39910267	rs6028712
chr20	39913876	rs4812416
chr20	39913927	rs17803745
chr20	39914800	rs16988591
chr20	39923436	rs2224538
chr20	39927743	rs6065172
chr20	39933039	rs12481388
chr20	39934603	rs2145943
chr20	39936637	rs2208648
chr20	39939284	rs6129448
chr20	39941338	rs2870132
chr20	39943888	rs6071876
chr20	39945939	rs6093263
chr20	39946048	rs6016200
chr20	39950648	rs6028738
chr20	39953703	rs958523
chr20	39954023	rs6124199
chr20	39961171	rs6129451
chr20	39963189	rs16988647
chr20	39965286	rs2025127
chr20	39968947	rs2870134
chr20	39976263	rs6071880
chr20	39976462	rs17230678
chr20	39977468	rs12479923
chr20	39979613	rs6124201
chr20	39982233	rs17230825
chr20	39984745	rs6065177
chr20	39986556	rs6028763
chr20	39987261	rs11697792
chr20	39987940	rs6124202
chr20	39988328	rs4810279
chr20	39990404	rs4616538
chr20	39992814	rs6071887
chr20	39993449	rs13039424
chr20	39993639	rs1983762
chr20	39998349	rs6065179
chr20	40002136	rs10485664
chr20	40003760	rs6071894
chr20	40006189	rs6129460
chr20	40006981	rs6071896
chr20	40010498	rs2208652
chr20	40011196	rs927377
chr20	40011438	rs927378
chr20	40011715	rs2145944
chr20	40014137	rs6065183
chr20	40014945	rs12625121
chr20	40015947	rs4810282
chr20	40016120	rs17231605
chr20	40016182	rs6028790
chr20	40016441	rs6028791
chr20	40017965	rs6124203
chr20	40018702	rs6028795
chr20	40019822	rs6028799
chr20	40019992	rs6028800
chr20	40020057	rs6028801
chr20	40021596	rs6129463
chr20	40021804	rs1078078
chr20	40022510	rs748382
chr20	40022872	rs2208645
chr20	40024575	rs16988702
chr20	40024961	rs12479552
chr20	40025783	rs6028804
chr20	40027058	rs2224536
chr20	40028522	rs6071905
chr20	40030563	rs6124206
chr20	40031317	rs7262936
chr20	40031921	rs16988714
chr20	40032697	rs6028806
chr20	40032906	rs6093275
chr20	40034464	rs12329566
chr20	40034572	rs6028809
chr20	40040435	rs6093278
chr20	40041985	rs6093281
chr20	40046616	rs6071911
chr20	40047162	rs2179083
chr20	40048778	rs2425387
chr20	40049601	rs10485665
chr20	40050182	rs10485666
chr20	40050667	rs3092204
chr20	40051409	rs2425388
chr20	40052004	rs2425389
chr20	40054827	rs10485667
chr20	40055413	rs4254
chr20	40056058	rs1033379
chr20	40056900	rs2870137
chr20	40064169	rs3092151
chr20	40064263	rs2425398
chr20	40073986	rs2425404
chr20	40074368	rs3092776
chr20	40075545	rs2904324
chr20	40078232	rs6028848
chr20	40079434	rs2056919
chr20	40079610	rs2049916
chr20	40079993	rs6071925
chr20	40080360	rs16988767
chr20	40080805	rs6071927
chr20	40081803	rs6028850
chr20	40082639	rs6065202
chr20	40082719	rs7269881
chr20	40082820	rs4812425
chr20	40083021	rs4812426
chr20	40085485	rs6071930
chr20	40089159	rs6028855
chr20	40089384	rs16988784
chr20	40092341	rs2179085
chr20	40099684	rs6028872
chr20	40099937	rs6101843
chr20	40100788	rs2205693
chr20	40103914	rs6101845
chr20	40105112	rs2010380
chr20	40106581	rs6065206
chr20	40109343	rs6129491
chr20	40112626	rs6028880
chr20	40113104	rs4810289
chr20	40115257	rs1474568
chr20	40118090	rs6129493
chr20	40122590	rs4812430
chr20	40122733	rs6028885
chr20	40123815	rs1406962
chr20	40125977	rs1883147
chr20	40126770	rs6016262
chr20	40128255	rs6101860
chr20	40128361	rs7265401
chr20	40129667	rs760576
chr20	40132004	rs4812432
chr20	40133377	rs983835
chr20	40134924	rs13037747
chr20	40135623	rs6028894
chr20	40141511	rs13036709
chr20	40154306	rs7271724
chr20	40156000	rs6028910
chr20	40156912	rs6028911
chr20	40158146	rs6028917
chr20	40161346	rs6028921
chr20	40161768	rs6129503
chr20	40163527	rs6016274
chr20	40163657	rs6016275
chr20	40167438	rs6028923
chr20	40167484	rs6028924
chr20	40168783	rs4810291
chr20	40169106	rs6071961
chr20	40169166	rs6016277
chr20	40169709	rs6016280
chr20	40169864	rs6028930
chr20	40170607	rs6028932
chr20	40170943	rs6028933
chr20	40173002	rs6016283
chr20	40175116	rs6028936
chr20	40176426	rs6028939
chr20	40177096	rs8121562
chr20	40177289	rs8126454
chr20	40181323	rs6065212
chr20	40184061	rs4142036
chr20	40184632	rs6028942
chr20	40192165	rs6028945
chr20	40195353	rs6101890
chr20	40197717	rs6028950
chr20	40198818	rs6028952
chr20	40200605	rs6101893
chr20	40205993	rs6101903
chr20	40206467	rs16988841
chr20	40206752	rs1321338
chr20	40207134	rs1406967
chr20	40220943	rs1358790
chr20	40221125	rs8123577
chr20	40228016	rs6129524
chr20	40229707	rs6065217
chr20	40239936	rs6071980
chr20	40241479	rs1980593
chr20	40241613	rs1980594
chr20	40243779	rs4812435
chr20	40244453	rs6101922
chr20	40245443	rs6028976
chr20	40246377	rs1004483
chr20	40250597	rs16988882
chr20	40251555	rs8118864
chr20	40251603	rs6124220
chr20	40255070	rs6028984
chr20	40255548	rs6129532
chr20	40257821	rs16988891
chr20	40258260	rs13036801
chr20	40258944	rs4810292
chr20	40261343	rs6071991
chr20	40264672	rs6071993
chr20	40264746	rs6124225
chr20	40265604	rs6016306
chr20	40265910	rs6028999
chr20	40266146	rs6071994
chr20	40269015	rs10153982
chr20	40274889	rs6029005
chr20	40275224	rs6029006
chr20	40275370	rs13038115
chr20	40275451	rs6093318
chr20	40277183	rs6101934
chr20	40284166	rs16988918
chr20	40288353	rs6101937
chr20	40289513	rs6029012
chr20	40294524	rs11908573
chr20	40298958	rs6093323
chr20	40316608	rs7263682
chr20	40322901	rs6029030
chr20	40327105	rs6029032
chr20	40329285	rs3817845
chr20	40329698	rs11697014
chr20	40331865	rs6029036
chr20	40335727	rs6016319
chr20	40336821	rs6016320
chr20	40339424	rs6029045
chr20	40354288	rs10485671
chr20	40356365	rs6016329
chr20	40358946	rs728331
chr20	40360133	rs6029061
chr20	40361323	rs1535208
chr20	40364558	rs6029068
chr20	40365554	rs6016334
chr20	40369970	rs6029073
chr20	40375244	rs6029079
chr20	40376499	rs8124453
chr20	40381023	rs16989014
chr20	40387620	rs6029091
chr20	40392602	rs8121510
chr20	40392690	rs6101962
chr20	40392698	rs6101963
chr20	40393419	rs16989029
chr20	40395598	rs9653623
chr20	40399796	rs8124695
chr20	40400387	rs6101964
chr20	40407566	rs6093337
chr20	40407897	rs6093338
chr20	40408031	rs6101972
chr20	40410188	rs6016348
chr20	40411175	rs6101974
chr20	40413231	rs3092155
chr20	40416364	rs16989035
chr20	40418676	rs12481660
chr20	40420233	rs6029108
chr20	40420999	rs6029109
chr20	40422235	rs6129596
chr20	40424851	rs6016352
chr20	40426180	rs16985185
chr20	40426392	rs16985186
chr20	40427455	rs7269522
chr20	40428244	rs17817945
chr20	40429152	rs6029111
chr20	40438275	rs6093346
chr20	40439732	rs7267007
chr20	40446406	rs7270336
chr20	40446583	rs6029119
chr20	40448942	rs6016357
chr20	40448970	rs6016358
chr20	40453668	rs6101991
chr20	40458355	rs6029123
chr20	40462874	rs2902941
chr20	40465157	rs6029126
chr20	40470283	rs7272909
chr20	40472055	rs8115272
chr20	40474731	rs6016361
chr20	40475597	rs8122168
chr20	40477878	rs6029132
chr20	40478338	rs6016363
chr20	40479864	rs6016365
chr20	40481539	rs12481155
chr20	40484266	rs6029138
chr20	40484365	rs6102000
chr20	40485764	rs10211729
chr20	40486976	rs1883971
chr20	40488151	rs2865162
chr20	40489355	rs6029141
chr20	40490022	rs6029143
chr20	40494142	rs2207135
chr20	40498074	rs6029151
chr20	40499938	rs6029153
chr20	40501073	rs6072046
chr20	40502560	rs2024629
chr20	40505449	rs6102009
chr20	40506642	rs6029159
chr20	40507867	rs6029160
chr20	40518296	rs2207131
chr20	40518647	rs4812439
chr20	40525455	rs6016373
chr20	40530479	rs1012167
chr20	40534851	rs11907983
chr20	40536627	rs6029173
chr20	40536742	rs11907142
chr20	40538064	rs11908206
chr20	40540320	rs17241518
chr20	40544088	rs6016377
chr20	40545117	rs6129626
chr20	40546240	rs6029174
chr20	40546389	rs6124249
chr20	40546627	rs6016378
chr20	40548332	rs6513671
chr20	40548366	rs6016379
chr20	40549917	rs6029178
chr20	40550283	rs6029180
chr20	40551796	rs6016381
chr20	40561198	rs6102038
chr20	40563677	rs4810296
chr20	40564766	rs6093367
chr20	40566452	rs6102040
chr20	40572274	rs6029188
chr20	40580878	rs2206689
chr20	40590420	rs6102050
chr20	40590469	rs6102051
chr20	40593343	rs6093370
chr20	40594500	rs17242421
chr20	40594847	rs17820549
chr20	40600144	rs6102059
chr20	40601342	rs6129647
chr20	40602466	rs6124255
chr20	40605583	rs6129649
chr20	40612306	rs6072072
chr20	40617135	rs926663
chr20	40618716	rs6029215
chr20	40626908	rs6029228
chr20	40627924	rs6065258
chr20	40628962	rs2865510
chr20	40631473	rs16989205
chr20	40632414	rs6072081
chr20	40633339	rs6065259
chr20	40639545	rs6102074
chr20	40639876	rs17820943
chr20	40640434	rs13041247
chr20	40642128	rs6029247
chr20	40642176	rs11696257
chr20	40642760	rs6072084
chr20	40643980	rs4812447
chr20	40644729	rs6102078
chr20	40644869	rs6016398
chr20	40645443	rs11698025
chr20	40645642	rs6093375
chr20	40645688	rs6072086
chr20	40646963	rs6129653
chr20	40647252	rs6072087
chr20	40647722	rs6029251
chr20	40649002	rs735031
chr20	40651414	rs6016400
chr20	40652989	rs6102085
chr20	40654080	rs6016404
chr20	40657315	rs2024573
chr20	40657831	rs910137
chr20	40658146	rs910135
chr20	40659609	rs17243177
chr20	40659695	rs6072089
chr20	40659850	rs6072090
chr20	40662419	rs6016408
chr20	40663001	rs17821311
chr20	40663144	rs16989232
chr20	40664757	rs742748
chr20	40664797	rs16989237
chr20	40665192	rs10485674
chr20	40668389	rs10485675
chr20	40670812	rs6016412
chr20	40670934	rs6513680
chr20	40671458	rs6016413
chr20	40673017	rs761370
chr20	40679023	rs742745
chr20	40679705	rs6065265
chr20	40685050	rs6029273
chr20	40686030	rs3577
chr20	40692111	rs6102095
chr20	40698719	rs2425417
chr20	40699623	rs3091728
chr20	40701214	rs16989255
chr20	40704844	rs6093381
chr20	40705129	rs2425418
chr20	40705844	rs2425419
chr20	40711134	rs2064406
chr20	40711367	rs6093382
chr20	40714199	rs1883840
chr20	40714824	rs6016425
chr20	40716626	rs2425421
chr20	40717572	rs3091957
chr20	40718717	rs2425425
chr20	40720733	rs6029293
chr20	40720849	rs2425427
chr20	40725044	rs1076759
chr20	40725192	rs1078571
chr20	40726837	rs7361464
chr20	40726918	rs2425433
chr20	40727888	rs8115280
chr20	40728825	rs723080
chr20	40731842	rs2425437
chr20	40734052	rs3091601
chr20	40734080	rs6102120
chr20	40734938	rs3091762
chr20	40737696	rs2425444
chr20	40737973	rs2425445
chr20	40739205	rs3092451
chr20	40739657	rs3091920
chr20	40740629	rs2425451
chr20	40740661	rs3092223
chr20	40745187	rs2050204
chr20	40745358	rs2064346
chr20	40746091	rs11906777
chr20	40746954	rs6129674
chr20	40746996	rs761564
chr20	40747122	rs6102127
chr20	40748124	rs1569679
chr20	40748641	rs1883702
chr20	40753880	rs1160000
chr20	40755704	rs6102131
chr20	40756291	rs6129675
chr20	40756614	rs2865879
chr20	40759500	rs6016431
chr20	40759574	rs1014748
chr20	40762408	rs10485676
chr20	40762729	rs6129677
chr20	40764916	rs6029316
chr20	40766570	rs6072130
chr20	40769532	rs2206665
chr20	40775256	rs2865892
chr20	40777935	rs4812456
chr20	40781896	rs742912
chr20	40782509	rs761566
chr20	40783240	rs6029326
chr20	40784540	rs6102148
chr20	40786284	rs6072145
chr20	40786530	rs12624952
chr20	40786682	rs6093392
chr20	40788481	rs6065274
chr20	40789413	rs6029334
chr20	40789920	rs6029335
chr20	40791117	rs6124268
chr20	40795633	rs2206663
chr20	40797494	rs6102159
chr20	40800182	rs2223657
chr20	40804179	rs722728
chr20	40804399	rs761567
chr20	40805887	rs4812462
chr20	40809601	rs6102167
chr20	40810299	rs1883700
chr20	40810518	rs4812465
chr20	40810843	rs4812466
chr20	40811397	rs11905364
chr20	40811614	rs6029347
chr20	40814721	rs6029350
chr20	40815215	rs13039428
chr20	40820665	rs6029356
chr20	40822348	rs6029360
chr20	40823698	rs6029361
chr20	40827459	rs11700116
chr20	40828099	rs6029368
chr20	40828684	rs16989351
chr20	40830761	rs6016445
chr20	40830890	rs6129690
chr20	40836898	rs2865899
chr20	40838081	rs6129692
chr20	40838540	rs6029378
chr20	40840864	rs17175419
chr20	40841569	rs13042640
chr20	40841760	rs16989357
chr20	40842787	rs6072161
chr20	40844475	rs6029379
chr20	40844690	rs16989368
chr20	40846165	rs13045039
chr20	40846499	rs1000349
chr20	40847838	rs13045690
chr20	40847942	rs16989370
chr20	40848312	rs6072163
chr20	40849893	rs6102185
chr20	40849950	rs4810306
chr20	40852634	rs6129693
chr20	40854259	rs6016450
chr20	40854731	rs6029384
chr20	40856047	rs11699092
chr20	40858470	rs1005533
chr20	40862237	rs6016451
chr20	40863341	rs6124282
chr20	40863404	rs6029388
chr20	40866127	rs6029393
chr20	40868107	rs6029399
chr20	40868199	rs875627
chr20	40868828	rs11696653
chr20	40869046	rs6129694
chr20	40871915	rs7267006
chr20	40873997	rs2865904
chr20	40877855	rs6016459
chr20	40884862	rs4142345
chr20	40885225	rs4142346
chr20	40885766	rs8115752
chr20	40889786	rs6129698
chr20	40891137	rs16989412
chr20	40891915	rs6129699
chr20	40892941	rs6129700
chr20	40892977	rs6124288
chr20	40893769	rs6124289
chr20	40900398	rs6029424
chr20	40907671	rs6102209
chr20	40908348	rs2144130
chr20	40916247	rs6029438
chr20	40920188	rs6065285
chr20	40922983	rs6102218
chr20	40929661	rs6093408
chr20	40930941	rs6102221
chr20	40932446	rs6065286
chr20	40937084	rs6072196
chr20	40939134	rs6065288
chr20	40939952	rs2144129
chr20	40940890	rs6102227
chr20	40941012	rs6029456
chr20	40944738	rs6102229
chr20	40946998	rs6102231
chr20	40948879	rs2223955
chr20	40948962	rs2425455
chr20	40949102	rs2207309
chr20	40949242	rs16989457
chr20	40949990	rs2425456
chr20	40951810	rs6065289
chr20	40951947	rs6065290
chr20	40954377	rs3092230
chr20	40955312	rs3092685
chr20	40960111	rs6093411
chr20	40960582	rs6102233
chr20	40960888	rs3092030
chr20	40961327	rs3091955
chr20	40963880	rs2425459
chr20	40966320	rs2425460
chr20	40970361	rs1980479
chr20	40980786	rs4812473
chr20	40981471	rs6016490
chr20	40983162	rs734532
chr20	40985659	rs6029495
chr20	40986143	rs6093416
chr20	40987425	rs4812476
chr20	40988758	rs6124298
chr20	40994643	rs6129715
chr20	40996350	rs6029508
chr20	41002893	rs7260879
chr20	41004963	rs1006325
chr20	41005848	rs6016500
chr20	41005976	rs1000411
chr20	41008023	rs6029516
chr20	41008478	rs6029517
chr20	41011420	rs6065298
chr20	41012239	rs6016501
chr20	41019663	rs6129728
chr20	41027702	rs6072249
chr20	41032047	rs6129731
chr20	41034202	rs6129734
chr20	41034689	rs10485678
chr20	41036025	rs12625035
chr20	41049649	rs6016505
chr20	41052547	rs17263588
chr20	41056215	rs6129744
chr20	41056941	rs17263616
chr20	41061702	rs1997833
chr20	41066067	rs4314052
chr20	41070094	rs17178803
chr20	41074385	rs6129750
chr20	41076906	rs6072263
chr20	41080615	rs6016511
chr20	41084895	rs6072268
chr20	41085588	rs17264110
chr20	41088723	rs6072269
chr20	41092190	rs2076575
chr20	41092733	rs2076574
chr20	41094216	rs1546915
chr20	41095698	rs6065311
chr20	41105141	rs8116803
chr20	41105363	rs17264369
chr20	41107811	rs4142396
chr20	41108082	rs4142394
chr20	41115281	rs6129758
chr20	41115779	rs2235362
chr20	41117763	rs6129760
chr20	41124776	rs8124620
chr20	41125253	rs2066906
chr20	41126514	rs6072279
chr20	41139104	rs742210
chr20	41141335	rs3795131
chr20	41143307	rs926345
chr20	41146854	rs2866370
chr20	41147406	rs760762
chr20	41154259	rs12624863
chr20	41158221	rs34483206
chr20	41159297	rs2072881
chr20	41160215	rs2076148
chr20	41163101	rs34454281
chr20	41163423	rs2228246
chr20	41163898	rs2076145
chr20	41165849	rs6124323
chr20	41168825	rs753381
chr20	41172070	rs2235360
chr20	41178132	rs6072299
chr20	41180020	rs2235366
chr20	41184366	rs2076147
chr20	41185089	rs2664537
chr20	41193258	rs6129766
chr20	41201482	rs2235367
chr20	41203988	rs17265513
chr20	41227844	rs17180534
chr20	41234899	rs6124332
chr20	41244128	rs6102322
chr20	41252877	rs6072317
chr20	41259008	rs6129786
chr20	41263234	rs6029598
chr20	41280049	rs6093462
chr20	41282745	rs6029609
chr20	41285120	rs17181363
chr20	41285390	rs6129800
chr20	41286466	rs6029611
chr20	41286875	rs6072329
chr20	41287520	rs4812488
chr20	41289677	rs17181468
chr20	41290783	rs17266652
chr20	41291374	rs6129802
chr20	41300006	rs6029617
chr20	41300686	rs12480752
chr20	41300968	rs4812491
chr20	41301389	rs17181845
chr20	41303716	rs12480916
chr20	41307365	rs6016541
chr20	41309482	rs4812492
chr20	41313309	rs11696467
chr20	41320745	rs4812493
chr20	41329322	rs6065333
chr20	41329514	rs6102356
chr20	41331702	rs6029632
chr20	41332169	rs6016546
chr20	41334351	rs6016547
chr20	41335690	rs6129815
chr20	41339548	rs6072343
chr20	41340348	rs16985665
chr20	41340873	rs6029636
chr20	41341667	rs6029638
chr20	41352232	rs6102366
chr20	41354103	rs7269761
chr20	41356957	rs6102369
chr20	41357445	rs12625565
chr20	41357662	rs6102370
chr20	41359612	rs6065338
chr20	41365553	rs7263195
chr20	41369851	rs6102385
chr20	41369880	rs6072353
chr20	41371276	rs2072968
chr20	41379330	rs6102389
chr20	41379842	rs6102391
chr20	41383113	rs7275102
chr20	41386934	rs11696145
chr20	41392129	rs4518023
chr20	41393111	rs4810316
chr20	41394406	rs4810317
chr20	41400381	rs12625074
chr20	41400777	rs4239691
chr20	41401109	rs4810318
chr20	41401960	rs4812505
chr20	41402653	rs1047772
chr20	41403781	rs3827038
chr20	41405457	rs3746543
chr20	41405600	rs41459246
chr20	41405646	rs41278110
chr20	41410775	rs6029667
chr20	41412839	rs742434
chr20	41413890	rs6029668
chr20	41415273	rs2235589
chr20	41418305	rs6029669
chr20	41420459	rs6029672
chr20	41423102	rs2294575
chr20	41423889	rs2294574
chr20	41428961	rs4812507
chr20	41429076	rs4812508
chr20	41429901	rs16985754
chr20	41432368	rs6129837
chr20	41438130	rs6029684
chr20	41443905	rs6072373
chr20	41445179	rs4812509
chr20	41447798	rs2294569
chr20	41447869	rs909882
chr20	41449445	rs4142393
chr20	41458553	rs6016561
chr20	41463529	rs12625845
chr20	41465204	rs6072381
chr20	41465316	rs6072382
chr20	41470274	rs6029696
chr20	41470325	rs2143227
chr20	41470546	rs4812513
chr20	41470730	rs6029698
chr20	41472721	rs2294568
chr20	41473007	rs1010304
chr20	41474551	rs6029701
chr20	41478674	rs6129846
chr20	41478710	rs6029702
chr20	41487567	rs3092194
chr20	41487827	rs4812516
chr20	41489265	rs2143229
chr20	41491571	rs4810321
chr20	41494898	rs6016565
chr20	41495117	rs6016566
chr20	41496819	rs742431
chr20	41499934	rs2294562
chr20	41501446	rs6029710
chr20	41504709	rs6124354
chr20	41506083	rs6072392
chr20	41508984	rs6065363
chr20	41516933	rs6072397
chr20	41518098	rs11086806
chr20	41521056	rs6072400
chr20	41521845	rs4812520
chr20	41521913	rs6072402
chr20	41521947	rs6072403
chr20	41523908	rs16985879
chr20	41526514	rs6129859
chr20	41528634	rs6093493
chr20	41529070	rs6102451
chr20	41530115	rs6072405
chr20	41530860	rs6093494
chr20	41534142	rs6072406
chr20	41534163	rs6072407
chr20	41534272	rs6102453
chr20	41539866	rs6072412
chr20	41542234	rs2866743
chr20	41551281	rs6072417
chr20	41563560	rs11086807
chr20	41564754	rs6072424
chr20	41567190	rs12480036
chr20	41567415	rs6093496
chr20	41572896	rs6093497
chr20	41586242	rs6072436
chr20	41597846	rs4810327
chr20	41601081	rs2143233
chr20	41609171	rs2425463
chr20	41615298	rs7263463
chr20	41616235	rs7266942
chr20	41624422	rs7362088
chr20	41625048	rs6124365
chr20	41626126	rs7271526
chr20	41629315	rs6029739
chr20	41632940	rs4812537
chr20	41637487	rs4810329
chr20	41638431	rs11905803
chr20	41644732	rs41339050
chr20	41645987	rs6129883
chr20	41647674	rs2027032
chr20	41648929	rs1011049
chr20	41649956	rs6124368
chr20	41650034	rs6124369
chr20	41650470	rs1475048
chr20	41650764	rs12053622
chr20	41654037	rs17281624
chr20	41654704	rs6102513
chr20	41655142	rs17281666
chr20	41655397	rs17209416
chr20	41655731	rs6102514
chr20	41656867	rs16985965
chr20	41659534	rs6102517
chr20	41660144	rs6016595
chr20	41662167	rs941796
chr20	41663079	rs12480693
chr20	41668890	rs4141779
chr20	41669154	rs4141780
chr20	41672230	rs6102522
chr20	41674204	rs4511778
chr20	41676712	rs6129896
chr20	41677604	rs12481699
chr20	41680591	rs17210039
chr20	41685162	rs17210088
chr20	41687256	rs6102530
chr20	41687566	rs6102531
chr20	41688623	rs6093514
chr20	41692151	rs16985995
chr20	41693409	rs1555428
chr20	41697473	rs1555426
chr20	41701723	rs2866705
chr20	41701798	rs17210543
chr20	41706629	rs6129911
chr20	41714258	rs4812541
chr20	41714702	rs6029785
chr20	41719634	rs8119939
chr20	41723041	rs2866707
chr20	41724999	rs6129917
chr20	41725159	rs6129918
chr20	41726601	rs6129920
chr20	41729657	rs17283440
chr20	41730448	rs16985243
chr20	41730619	rs16985244
chr20	41731015	rs8122523
chr20	41731994	rs17283552
chr20	41732214	rs6016603
chr20	41732893	rs17211266
chr20	41737142	rs6129925
chr20	41737295	rs4810337
chr20	41738226	rs4283482
chr20	41745171	rs2145696
chr20	41749707	rs3092026
chr20	41751429	rs3092217
chr20	41752739	rs3091939
chr20	41752851	rs3092659
chr20	41753601	rs2057343
chr20	41758772	rs3092716
chr20	41761025	rs12480161
chr20	41767078	rs16986042
chr20	41767229	rs6102550
chr20	41768099	rs7508996
chr20	41768114	rs12480992
chr20	41768171	rs3091599
chr20	41770618	rs1465122
chr20	41771108	rs3091444
chr20	41771381	rs6093520
chr20	41777886	rs1555427
chr20	41780523	rs6029818
chr20	41782577	rs8117320
chr20	41783079	rs2208521
chr20	41786405	rs6129939
chr20	41792851	rs3092530
chr20	41794342	rs2208523
chr20	41796143	rs3091612
chr20	41808026	rs6065392
chr20	41819039	rs12480185
chr20	41826914	rs12481328
chr20	41835012	rs17285026
chr20	41835324	rs6129957
chr20	41835574	rs6029839
chr20	41836093	rs12626106
chr20	41836154	rs4812547
chr20	41837539	rs6129958
chr20	41840626	rs6029841
chr20	41840728	rs1891266
chr20	41843474	rs8118012
chr20	41850117	rs6072494
chr20	41850863	rs2866823
chr20	41851389	rs1541212
chr20	41852748	rs1573015
chr20	41852993	rs2226108
chr20	41853945	rs6513747
chr20	41854069	rs2866824
chr20	41856246	rs4812548
chr20	41861676	rs6129959
chr20	41861716	rs11697381
chr20	41864218	rs6029852
chr20	41864432	rs10485681
chr20	41865172	rs6029855
chr20	41869119	rs6065397
chr20	41870060	rs6072505
chr20	41870268	rs13042906
chr20	41873752	rs1543345
chr20	41873763	rs1543346
chr20	41873985	rs1544040
chr20	41875141	rs6072515
chr20	41876480	rs6072519
chr20	41878570	rs16986185
chr20	41879194	rs13042542
chr20	41880111	rs17286433
chr20	41880396	rs6102580
chr20	41880758	rs17214175
chr20	41880948	rs11086811
chr20	41881265	rs12481621
chr20	41883200	rs8117093
chr20	41883422	rs2143199
chr20	41884126	rs6065400
chr20	41884931	rs12625309
chr20	41885221	rs6065401
chr20	41886176	rs7265011
chr20	41887414	rs13040044
chr20	41888524	rs6029869
chr20	41890348	rs10485682
chr20	41891423	rs10485683
chr20	41892172	rs4810341
chr20	41896125	rs2076395
chr20	41896200	rs16986236
chr20	41896459	rs16986242
chr20	41901688	rs16986247
chr20	41903456	rs2866825
chr20	41903837	rs13039562
chr20	41904912	rs4293611
chr20	41905562	rs2179434
chr20	41905679	rs4810343
chr20	41905933	rs6129969
chr20	41906204	rs1987336
chr20	41911067	rs6065406
chr20	41911115	rs6065407
chr20	41917144	rs987783
chr20	41920710	rs730806
chr20	41923235	rs6029880
chr20	41925301	rs6072556
chr20	41927797	rs16986283
chr20	41927865	rs6072562
chr20	41928071	rs9647027
chr20	41928643	rs3092580
chr20	41929616	rs6065409
chr20	41931765	rs2206415
chr20	41933587	rs2009206
chr20	41934504	rs1988369
chr20	41935401	rs2425464
chr20	41935683	rs2206419
chr20	41936178	rs6072572
chr20	41937085	rs4810345
chr20	41938483	rs2050083
chr20	41938519	rs8125571
chr20	41938634	rs6065411
chr20	41938785	rs2050084
chr20	41939797	rs6072574
chr20	41939816	rs12625654
chr20	41940310	rs16986312
chr20	41940383	rs6065412
chr20	41941421	rs3092525
chr20	41942877	rs926478
chr20	41944722	rs16986318
chr20	41944882	rs6102592
chr20	41949106	rs6102594
chr20	41950681	rs1972184
chr20	41950781	rs4812562
chr20	41950969	rs4812563
chr20	41951611	rs2281200
chr20	41955280	rs6016647
chr20	41956852	rs6029893
chr20	41957067	rs4810347
chr20	41957805	rs6065414
chr20	41959011	rs2206420
chr20	41960028	rs17288773
chr20	41964358	rs16986343
chr20	41970510	rs6029899
chr20	41970523	rs6129985
chr20	41972229	rs1000338
chr20	41972381	rs1000337
chr20	41972608	rs1000336
chr20	41974375	rs6129989
chr20	41974729	rs7266857
chr20	41976190	rs2206408
chr20	41977841	rs6129992
chr20	41979837	rs1884031
chr20	41979930	rs875790
chr20	41979968	rs875791
chr20	41979989	rs1884034
chr20	41980444	rs6029910
chr20	41980803	rs878279
chr20	41980833	rs1884026
chr20	41980915	rs1884027
chr20	41982526	rs6029911
chr20	41983048	rs6093544
chr20	41983539	rs6093545
chr20	41987918	rs714248
chr20	41988004	rs714247
chr20	41988773	rs6029917
chr20	41996810	rs6065419
chr20	41996830	rs6065420
chr20	42003585	rs6072590
chr20	42004515	rs6124410
chr20	42005122	rs6093551
chr20	42007351	rs6029924
chr20	42007551	rs6130004
chr20	42013145	rs6072593
chr20	42013285	rs17217827
chr20	42014984	rs4812566
chr20	42015045	rs6065422
chr20	42016158	rs11907223
chr20	42016400	rs6029929
chr20	42017050	rs4810349
chr20	42018668	rs6513759
chr20	42021306	rs8120381
chr20	42029881	rs6093558
chr20	42030937	rs11906902
chr20	42037861	rs2207219
chr20	42038243	rs1884029
chr20	42040024	rs6072606
chr20	42040206	rs41354748
chr20	42041090	rs2207220
chr20	42042098	rs2207221
chr20	42042314	rs2866940
chr20	42042872	rs4812569
chr20	42047064	rs6130019
chr20	42049790	rs4812571
chr20	42049954	rs4812572
chr20	42050197	rs8123298
chr20	42050466	rs1002466
chr20	42050523	rs4572656
chr20	42050591	rs2013923
chr20	42050860	rs8118745
chr20	42051051	rs2144005
chr20	42051710	rs6102652
chr20	42052166	rs6029946
chr20	42054954	rs1884033
chr20	42058893	rs4812574
chr20	42059536	rs6513763
chr20	42059876	rs6065430
chr20	42062131	rs6029950
chr20	42063187	rs2144008
chr20	42064379	rs2144009
chr20	42065174	rs2144010
chr20	42067428	rs6102657
chr20	42067802	rs2866941
chr20	42068764	rs1078607
chr20	42070448	rs1013596
chr20	42070848	rs6102659
chr20	42070897	rs6016676
chr20	42071267	rs11697001
chr20	42071986	rs6016677
chr20	42072607	rs6093565
chr20	42073431	rs3746539
chr20	42074172	rs2664587
chr20	42074487	rs2144011
chr20	42075267	rs3787282
chr20	42075463	rs3827068
chr20	42075482	rs3787281
chr20	42077292	rs17219643
chr20	42077716	rs1065155
chr20	42077854	rs1884040
chr20	42079069	rs6102663
chr20	42079239	rs2866943
chr20	42079297	rs7263976
chr20	42079594	rs6065432
chr20	42081350	rs746413
chr20	42082594	rs753867
chr20	42083005	rs750782
chr20	42085357	rs2072913
chr20	42085839	rs2016647
chr20	42086542	rs2143004
chr20	42088439	rs6065433
chr20	42088989	rs6102671
chr20	42089519	rs1126101
chr20	42091313	rs6065434
chr20	42093335	rs3091932
chr20	42094230	rs1883380
chr20	42095000	rs6029966
chr20	42098187	rs1883375
chr20	42098360	rs2076251
chr20	42099246	rs909776
chr20	42099455	rs876523
chr20	42101875	rs2425473
chr20	42104442	rs2076247
chr20	42107254	rs2067084
chr20	42108472	rs4810352
chr20	42109832	rs1076666
chr20	42110834	rs6130038
chr20	42111401	rs6029979
chr20	42111415	rs6016686
chr20	42111555	rs6029980
chr20	42114526	rs6016688
chr20	42115569	rs2076249
chr20	42117251	rs16986521
chr20	42119172	rs6130040
chr20	42123341	rs16986531
chr20	42123928	rs12625736
chr20	42125162	rs17221018
chr20	42125777	rs4286333
chr20	42127491	rs17221067
chr20	42128152	rs6016689
chr20	42129402	rs17312515
chr20	42129452	rs17221137
chr20	42129979	rs6130047
chr20	42130810	rs6124418
chr20	42131450	rs13039931
chr20	42133647	rs11908245
chr20	42134228	rs6124419
chr20	42139180	rs10485685
chr20	42139713	rs4239693
chr20	42140391	rs16986551
chr20	42140606	rs4812582
chr20	42141033	rs17221326
chr20	42141134	rs16986553
chr20	42141284	rs2076241
chr20	42142073	rs2076244
chr20	42145770	rs16986558
chr20	42146009	rs12625871
chr20	42146936	rs6102693
chr20	42147984	rs6093579
chr20	42148244	rs6102694
chr20	42148455	rs7344075
chr20	42150006	rs4404341
chr20	42150029	rs4404342
chr20	42150732	rs6016697
chr20	42152156	rs6016698
chr20	42154752	rs6030011
chr20	42157801	rs7272567
chr20	42157955	rs6030014
chr20	42160421	rs17221823
chr20	42161036	rs6130062
chr20	42161993	rs2867062
chr20	42162879	rs1569549
chr20	42164034	rs6016703
chr20	42164094	rs6030019
chr20	42166171	rs6130069
chr20	42172843	rs1883377
chr20	42173607	rs6016705
chr20	42173620	rs2223424
chr20	42175706	rs6093584
chr20	42176367	rs2143008
chr20	42176638	rs1883378
chr20	42176818	rs6065438
chr20	42180092	rs2867063
chr20	42180204	rs6016710
chr20	42181432	rs2206169
chr20	42182983	rs6102713
chr20	42183140	rs7262414
chr20	42183991	rs6130071
chr20	42187148	rs6030036
chr20	42188126	rs742290
chr20	42188237	rs2903466
chr20	42188498	rs742291
chr20	42190079	rs2223422
chr20	42191817	rs4507153
chr20	42193773	rs979634
chr20	42194128	rs6072650
chr20	42194459	rs6130074
chr20	42199632	rs2223718
chr20	42201584	rs7348444
chr20	42201652	rs4425144
chr20	42204135	rs6072654
chr20	42204364	rs6102728
chr20	42215985	rs6072658
chr20	42216428	rs2867064
chr20	42216972	rs7270492
chr20	42218846	rs8115491
chr20	42219118	rs17314843
chr20	42220243	rs6072660
chr20	42220906	rs8123807
chr20	42224763	rs6030061
chr20	42228804	rs6093597
chr20	42229085	rs6093598
chr20	42230348	rs6030070
chr20	42230410	rs6030071
chr20	42230487	rs6030072
chr20	42230547	rs6030073
chr20	42232983	rs1014757
chr20	42233352	rs2143632
chr20	42234542	rs6030076
chr20	42240413	rs6072667
chr20	42245828	rs6030085
chr20	42249578	rs16986712
chr20	42250421	rs10485689
chr20	42250491	rs1984399
chr20	42256036	rs727336
chr20	42259165	rs6030096
chr20	42260699	rs11906485
chr20	42266327	rs6072672
chr20	42273083	rs6016732
chr20	42277858	rs6102757
chr20	42279436	rs2867026
chr20	42283566	rs8116325
chr20	42284161	rs6030107
chr20	42284655	rs17316371
chr20	42286770	rs6016737
chr20	42290587	rs16986733
chr20	42291040	rs11698118
chr20	42291295	rs6124439
chr20	42291673	rs17316539
chr20	42292509	rs1573706
chr20	42292966	rs6102760
chr20	42296679	rs6030116
chr20	42297485	rs11696306
chr20	42300345	rs8126029
chr20	42301054	rs6065460
chr20	42302248	rs6102763
chr20	42302688	rs1016071
chr20	42303217	rs13037480
chr20	42306875	rs6016741
chr20	42307612	rs8115002
chr20	42311403	rs6072680
chr20	42312558	rs8122334
chr20	42315056	rs6030128
chr20	42316172	rs2227157
chr20	42316999	rs1573707
chr20	42318104	rs6030129
chr20	42318444	rs17317153
chr20	42319006	rs6093615
chr20	42320100	rs16986766
chr20	42321191	rs4635580
chr20	42324274	rs6102774
chr20	42324289	rs6072685
chr20	42324768	rs6093621
chr20	42325172	rs6072686
chr20	42326400	rs6102775
chr20	42327253	rs6072687
chr20	42327926	rs6072688
chr20	42329007	rs6030140
chr20	42329755	rs16986772
chr20	42330736	rs2157375
chr20	42331566	rs2227158
chr20	42335512	rs763474
chr20	42335721	rs6130111
chr20	42336160	rs7261566
chr20	42336332	rs6030151
chr20	42337796	rs12481463
chr20	42340122	rs6016751
chr20	42340127	rs6016752
chr20	42341450	rs6072689
chr20	42343061	rs6072690
chr20	42343236	rs6130112
chr20	42344294	rs4812588
chr20	42344309	rs13045247
chr20	42344620	rs6102788
chr20	42346637	rs4812590
chr20	42349891	rs11086830
chr20	42350790	rs929071
chr20	42351346	rs933240
chr20	42352347	rs6065464
chr20	42352362	rs6102794
chr20	42352745	rs7352928
chr20	42353047	rs6072693
chr20	42353465	rs6072694
chr20	42353702	rs6102795
chr20	42354307	rs6016759
chr20	42357871	rs4810354
chr20	42358806	rs6102798
chr20	42358893	rs6072697
chr20	42358923	rs6072698
chr20	42360704	rs6102805
chr20	42363777	rs6065466
chr20	42363887	rs11697499
chr20	42365386	rs4812591
chr20	42365454	rs6030171
chr20	42366494	rs41448645
chr20	42367937	rs2867437
chr20	42368692	rs6124448
chr20	42371037	rs16986800
chr20	42371121	rs6072705
chr20	42371933	rs4140627
chr20	42372908	rs6072708
chr20	42374545	rs1015385
chr20	42375059	rs1003576
chr20	42379379	rs4812592
chr20	42380098	rs10485691
chr20	42380696	rs3921115
chr20	42381924	rs10485692
chr20	42383624	rs916326
chr20	42383881	rs916329
chr20	42383950	rs7262535
chr20	42386390	rs6030189
chr20	42386512	rs6093634
chr20	42387249	rs2425479
chr20	42389292	rs2425483
chr20	42391687	rs16986829
chr20	42393375	rs16986834
chr20	42393570	rs16985524
chr20	42393624	rs2425484
chr20	42395004	rs6130120
chr20	42395065	rs2425487
chr20	42396467	rs3092260
chr20	42397032	rs2425488
chr20	42397173	rs6016775
chr20	42397225	rs6030208
chr20	42397266	rs6513787
chr20	42399347	rs10485693
chr20	42400474	rs2425491
chr20	42401698	rs6016777
chr20	42402432	rs6102820
chr20	42408595	rs6030211
chr20	42415071	rs4812595
chr20	42415842	rs1883269
chr20	42417170	rs2179217
chr20	42418105	rs4812596
chr20	42418450	rs6065475
chr20	42420209	rs6102825
chr20	42424952	rs6030217
chr20	42425107	rs6030218
chr20	42425770	rs12481706
chr20	42427032	rs13433096
chr20	42427644	rs2205945
chr20	42430346	rs6016791
chr20	42430753	rs6030229
chr20	42431335	rs16986892
chr20	42432179	rs11086836
chr20	42432443	rs7267810
chr20	42432573	rs7262344
chr20	42433986	rs8123429
chr20	42435908	rs6030234
chr20	42436914	rs6102832
chr20	42437959	rs6030239
chr20	42438932	rs10485694
chr20	42440820	rs2179218
chr20	42441661	rs4610115
chr20	42441892	rs760703
chr20	42441919	rs6030245
chr20	42443379	rs6072747
chr20	42443650	rs8119002
chr20	42444015	rs3890324
chr20	42444136	rs1467394
chr20	42445664	rs999114
chr20	42445676	rs999113
chr20	42446089	rs6102839
chr20	42446756	rs6016798
chr20	42449603	rs6130133
chr20	42450771	rs16986937
chr20	42451633	rs6124458
chr20	42451902	rs6030251
chr20	42452606	rs6130136
chr20	42453592	rs6065482
chr20	42454491	rs6130138
chr20	42456028	rs11086837
chr20	42460439	rs2049969
chr20	42463331	rs6065484
chr20	42464844	rs6130141
chr20	42465469	rs7269940
chr20	42469049	rs6030267
chr20	42471037	rs6072755
chr20	42472134	rs760704
chr20	42472634	rs6065487
chr20	42474422	rs7266970
chr20	42474533	rs6130145
chr20	42476446	rs13043731
chr20	42477968	rs6072756
chr20	42479016	rs230153
chr20	42479480	rs230154
chr20	42481062	rs172981
chr20	42481281	rs230155
chr20	42484639	rs230157
chr20	42485579	rs6093656
chr20	42485700	rs230158
chr20	42487651	rs6093657
chr20	42489455	rs6030274
chr20	42489483	rs6016807
chr20	42490974	rs6030277
chr20	42492867	rs6093659
chr20	42492969	rs6093660
chr20	42493588	rs6102860
chr20	42494194	rs6016809
chr20	42494502	rs6016810
chr20	42494969	rs6102863
chr20	42498529	rs6016811
chr20	42500314	rs6124468
chr20	42501236	rs230162
chr20	42503252	rs2205938
chr20	42507107	rs230166
chr20	42509619	rs6030291
chr20	42510127	rs6102879
chr20	42510264	rs230170
chr20	42510759	rs6102880
chr20	42511498	rs6030295
chr20	42512433	rs10427443
chr20	42514004	rs6072767
chr20	42516705	rs2205944
chr20	42521635	rs6102888
chr20	42524623	rs11086843
chr20	42527987	rs6016816
chr20	42529067	rs6072770
chr20	42532838	rs986831
chr20	42534235	rs6072773
chr20	42537583	rs2207886
chr20	42540129	rs6102895
chr20	42541298	rs2867484
chr20	42545465	rs6065509
chr20	42546053	rs2064677
chr20	42546843	rs6072789
chr20	42547724	rs6072790
chr20	42547930	rs2064678
chr20	42550218	rs4563302
chr20	42550476	rs13040647
chr20	42552439	rs16987042
chr20	42552833	rs6030322
chr20	42552990	rs6072792
chr20	42553671	rs6016824
chr20	42554816	rs6130162
chr20	42555369	rs6016826
chr20	42555697	rs6016827
chr20	42556498	rs2207888
chr20	42556884	rs6072793
chr20	42558819	rs5020415
chr20	42559678	rs4812609
chr20	42560363	rs6030328
chr20	42561337	rs6072794
chr20	42564894	rs4482557
chr20	42564988	rs4327285
chr20	42571626	rs6130168
chr20	42574190	rs6124476
chr20	42574253	rs6130169
chr20	42574295	rs6102912
chr20	42574318	rs6102913
chr20	42575331	rs4810361
chr20	42576380	rs6130170
chr20	42576419	rs6130171
chr20	42576673	rs8123391
chr20	42578725	rs6030341
chr20	42582106	rs764444
chr20	42583273	rs17747544
chr20	42583352	rs6065515
chr20	42584564	rs6065516
chr20	42585036	rs6065517
chr20	42588817	rs2038210
chr20	42589432	rs1015387
chr20	42594422	rs1883842
chr20	42594716	rs1883843
chr20	42594872	rs6093684
chr20	42594894	rs6093685
chr20	42595675	rs6030350
chr20	42596380	rs6030352
chr20	42598952	rs17747690
chr20	42599538	rs6102925
chr20	42599960	rs8123995
chr20	42600098	rs6102926
chr20	42600577	rs6093693
chr20	42601475	rs13038839
chr20	42602060	rs10854226
chr20	42602123	rs6102929
chr20	42602508	rs6093697
chr20	42604668	rs6102932
chr20	42605461	rs6102934
chr20	42605536	rs8121443
chr20	42606558	rs6102937
chr20	42608180	rs6030363
chr20	42608197	rs4611702
chr20	42609864	rs17747895
chr20	42611205	rs6102943
chr20	42612060	rs6102945
chr20	42612212	rs6102947
chr20	42613248	rs17841999
chr20	42614384	rs6102950
chr20	42614596	rs2867488
chr20	42621767	rs7360934
chr20	42622724	rs17747999
chr20	42624265	rs17748052
chr20	42624359	rs909862
chr20	42624441	rs909863
chr20	42624858	rs6030370
chr20	42625543	rs6030372
chr20	42626053	rs6016852
chr20	42626961	rs17810239
chr20	42627651	rs6030381
chr20	42627875	rs10485695
chr20	42628366	rs6030382
chr20	42628816	rs9974028
chr20	42628990	rs6093705
chr20	42630256	rs6016854
chr20	42631872	rs6030385
chr20	42632804	rs6016855
chr20	42634743	rs6030388
chr20	42638302	rs35349846
chr20	42640681	rs6102967
chr20	42641601	rs6016856
chr20	42645023	rs6030390
chr20	42645335	rs969096
chr20	42648003	rs2223541
chr20	42648165	rs761009
chr20	42648457	rs2223542
chr20	42649685	rs2425501
chr20	42650579	rs926480
chr20	42651675	rs970283
chr20	42652464	rs6030395
chr20	42655755	rs969262
chr20	42656142	rs2425505
chr20	42657338	rs6072814
chr20	42657403	rs2206426
chr20	42658120	rs3091482
chr20	42659205	rs3091699
chr20	42662296	rs6016864
chr20	42663872	rs6072819
chr20	42668354	rs6065522
chr20	42669053	rs2425510
chr20	42669793	rs12481162
chr20	42673967	rs16987212
chr20	42674203	rs4812614
chr20	42674886	rs6102985
chr20	42677805	rs2425515
chr20	42677960	rs2425516
chr20	42678899	rs12625967
chr20	42679242	rs16987229
chr20	42679906	rs6030407
chr20	42680092	rs2206428
chr20	42680746	rs12479621
chr20	42680971	rs6065524
chr20	42683700	rs6065525
chr20	42685363	rs3092136
chr20	42686142	rs3092592
chr20	42687851	rs761011
chr20	42688243	rs6030410
chr20	42691584	rs2425528
chr20	42691822	rs2425530
chr20	42694648	rs4812619
chr20	42697487	rs4812631
chr20	42697597	rs4810366
chr20	42698141	rs6072833
chr20	42699881	rs3091434
chr20	42701113	rs3092743
chr20	42702236	rs926481
chr20	42704498	rs2103654
chr20	42704901	rs2017914
chr20	42705942	rs742420
chr20	42708670	rs1040481
chr20	42712220	rs16987276
chr20	42713434	rs6030433
chr20	42714787	rs976248
chr20	42716149	rs6030435
chr20	42719595	rs2223540
chr20	42720364	rs4810370
chr20	42722118	rs6103012
chr20	42722152	rs3092557
chr20	42722388	rs17749109
chr20	42724382	rs926479
chr20	42724649	rs6030438
chr20	42730016	rs6030443
chr20	42730313	rs6030445
chr20	42732324	rs6030447
chr20	42732784	rs17811221
chr20	42734603	rs6016884
chr20	42735872	rs4812639
chr20	42736610	rs6030450
chr20	42737060	rs1022818
chr20	42739923	rs6030452
chr20	42740949	rs1022819
chr20	42741323	rs6030453
chr20	42741760	rs1028688
chr20	42742850	rs6093728
chr20	42743224	rs733976
chr20	42743286	rs733977
chr20	42743742	rs6016886
chr20	42743780	rs2867554
chr20	42744548	rs11905011
chr20	42745216	rs6016887
chr20	42746700	rs6030456
chr20	42749226	rs2038668
chr20	42749463	rs6093729
chr20	42752575	rs6103031
chr20	42755091	rs6016888
chr20	42757519	rs6065531
chr20	42757953	rs1015314
chr20	42760318	rs4812644
chr20	42762428	rs8126191
chr20	42762680	rs9808582
chr20	42765333	rs6072861
chr20	42766654	rs6065532
chr20	42770531	rs6072869
chr20	42771589	rs6030462
chr20	42774058	rs6030465
chr20	42774267	rs1885831
chr20	42774341	rs1885832
chr20	42774536	rs1885834
chr20	42775021	rs17749217
chr20	42777854	rs2146615
chr20	42777911	rs8119733
chr20	42778422	rs980929
chr20	42780324	rs7273962
chr20	42780424	rs7265982
chr20	42781261	rs13042473
chr20	42781415	rs12480719
chr20	42782700	rs6030468
chr20	42783625	rs6103041
chr20	42783820	rs6030469
chr20	42783937	rs1973949
chr20	42784729	rs12479567
chr20	42785200	rs208255
chr20	42785437	rs208254
chr20	42785768	rs3092043
chr20	42787105	rs208250
chr20	42787681	rs6016891
chr20	42787815	rs208249
chr20	42789917	rs7261303
chr20	42790123	rs7268984
chr20	42790334	rs208245
chr20	42791078	rs208244
chr20	42791455	rs17811401
chr20	42791526	rs11086852
chr20	42793643	rs4812645
chr20	42793781	rs11698772
chr20	42793820	rs10485696
chr20	42794453	rs17811425
chr20	42794740	rs12481078
chr20	42794816	rs68049
chr20	42796598	rs6030477
chr20	42796926	rs208241
chr20	42797157	rs6130220
chr20	42797304	rs6130221
chr20	42797538	rs2425540
chr20	42797913	rs4812651
chr20	42797997	rs208240
chr20	42798188	rs4812652
chr20	42799298	rs176380
chr20	42804120	rs16987425
chr20	42804486	rs208179
chr20	42805724	rs4812653
chr20	42807024	rs490514
chr20	42808089	rs11699751
chr20	42808269	rs11697780
chr20	42811805	rs6072876
chr20	42813233	rs4812655
chr20	42813908	rs1511483
chr20	42814366	rs4810372
chr20	42815106	rs1397851
chr20	42815205	rs6030489
chr20	42816343	rs208220
chr20	42816666	rs208221
chr20	42819092	rs2867557
chr20	42825373	rs208235
chr20	42825687	rs1511482
chr20	42832140	rs3092483
chr20	42832677	rs208230
chr20	42832953	rs208229
chr20	42833329	rs208228
chr20	42836408	rs1397854
chr20	42836554	rs176379
chr20	42838307	rs6093743
chr20	42838366	rs13042490
chr20	42840793	rs10470022
chr20	42842248	rs6065544
chr20	42842315	rs6065546
chr20	42843229	rs7262282
chr20	42843299	rs7262355
chr20	42843592	rs11699742
chr20	42844215	rs6030519
chr20	42844395	rs6130238
chr20	42845095	rs8125304
chr20	42845109	rs183282
chr20	42847122	rs6016906
chr20	42847759	rs6065547
chr20	42850102	rs4812659
chr20	42850442	rs208262
chr20	42854951	rs16987493
chr20	42856045	rs208268
chr20	42861299	rs6065548
chr20	42861932	rs208270
chr20	42865872	rs8124627
chr20	42865968	rs208272
chr20	42866086	rs208273
chr20	42868256	rs4315585
chr20	42871616	rs208185
chr20	42872039	rs208186
chr20	42876794	rs208197
chr20	42877302	rs208195
chr20	42878246	rs208194
chr20	42878343	rs208193
chr20	42888751	rs6016917
chr20	42890085	rs6030548
chr20	42894400	rs1812007
chr20	42897322	rs208208
chr20	42899908	rs2750074
chr20	42902946	rs965018
chr20	42903651	rs535000
chr20	42906248	rs511805
chr20	42912368	rs206670
chr20	42920335	rs11908022
chr20	42923380	rs206683
chr20	42928261	rs206636
chr20	42928665	rs206637
chr20	42931754	rs761027
chr20	42931885	rs206640
chr20	42946483	rs4812661
chr20	42952107	rs12479693
chr20	42965385	rs6093764
chr20	42965535	rs6093765
chr20	42968931	rs1883536
chr20	42970355	rs6030572
chr20	42971371	rs6072916
chr20	42975753	rs6072917
chr20	42980548	rs2867591
chr20	42983374	rs6130270
chr20	42983785	rs6130271
chr20	42984431	rs4812664
chr20	42984586	rs4812665
chr20	42985491	rs6130273
chr20	42985844	rs6130274
chr20	42987870	rs2903624
chr20	42988062	rs881497
chr20	42990107	rs6072925
chr20	42991977	rs16987666
chr20	42996464	rs6030596
chr20	43000802	rs6065562
chr20	43000919	rs6072937
chr20	43004216	rs2294589
chr20	43009458	rs12481496
chr20	43009824	rs6065565
chr20	43010350	rs6016937
chr20	43014507	rs12625239
chr20	43018293	rs6072949
chr20	43018776	rs7262225
chr20	43019078	rs7269908
chr20	43020023	rs206148
chr20	43021110	rs206154
chr20	43028946	rs206163
chr20	43029561	rs12481460
chr20	43033092	rs11697664
chr20	43037739	rs2425544
chr20	43041597	rs2425553
chr20	43041626	rs2425554
chr20	43041867	rs2425556
chr20	43042478	rs3092292
chr20	43044695	rs2425562
chr20	43045029	rs2425563
chr20	43045810	rs1109550
chr20	43049711	rs2425570
chr20	43049788	rs1106978
chr20	43056863	rs3092215
chr20	43061940	rs9679833
chr20	43062165	rs9679827
chr20	43062610	rs12480215
chr20	43063615	rs755149
chr20	43064813	rs12479773
chr20	43078361	rs6030634
chr20	43082586	rs6065574
chr20	43084031	rs6016951
chr20	43085925	rs1006746
chr20	43089876	rs1569968
chr20	43089956	rs4450678
chr20	43092526	rs2425584
chr20	43094842	rs6030645
chr20	43099206	rs6030646
chr20	43101263	rs927057
chr20	43101669	rs927058
chr20	43101823	rs2425593
chr20	43102562	rs3092130
chr20	43102659	rs2425594
chr20	43105283	rs6513824
chr20	43105948	rs2425599
chr20	43106121	rs6016958
chr20	43106265	rs2425600
chr20	43107362	rs2425602
chr20	43107538	rs2425603
chr20	43108211	rs6030655
chr20	43110064	rs2425607
chr20	43112103	rs2425609
chr20	43113536	rs16987770
chr20	43114153	rs11086860
chr20	43114737	rs1539034
chr20	43115349	rs6072981
chr20	43119491	rs6030661
chr20	43122004	rs2211285
chr20	43124603	rs6016963
chr20	43124854	rs6072984
chr20	43127052	rs6016965
chr20	43128332	rs17750840
chr20	43129929	rs6072990
chr20	43130493	rs947204
chr20	43130979	rs947207
chr20	43133279	rs2185591
chr20	43134355	rs6130299
chr20	43136850	rs6065579
chr20	43137831	rs11700246
chr20	43141892	rs1572929
chr20	43142211	rs6072998
chr20	43143061	rs6065582
chr20	43144099	rs7262310
chr20	43146878	rs6030670
chr20	43148809	rs6073000
chr20	43148877	rs10439560
chr20	43150303	rs947202
chr20	43152246	rs2000135
chr20	43152959	rs6073003
chr20	43153059	rs4812677
chr20	43157745	rs6016967
chr20	43158524	rs4812682
chr20	43159076	rs2211284
chr20	43160819	rs6030675
chr20	43162530	rs6093784
chr20	43163928	rs4810377
chr20	43163942	rs6065586
chr20	43164137	rs6130305
chr20	43167936	rs6030681
chr20	43168483	rs17751063
chr20	43169289	rs10485698
chr20	43172060	rs6093787
chr20	43174088	rs17751081
chr20	43178221	rs2425614
chr20	43185524	rs926288
chr20	43193056	rs13036957
chr20	43198791	rs1569445
chr20	43199269	rs6030689
chr20	43201438	rs6073020
chr20	43204495	rs734981
chr20	43205927	rs6030698
chr20	43207879	rs2867656
chr20	43209487	rs11699547
chr20	43210782	rs6030703
chr20	43211812	rs6016986
chr20	43212832	rs2294244
chr20	43213341	rs1883201
chr20	43214076	rs4812691
chr20	43214186	rs6016987
chr20	43216105	rs6030709
chr20	43219638	rs6103194
chr20	43219829	rs2092105
chr20	43220765	rs9917428
chr20	43223295	rs7269069
chr20	43223811	rs6030716
chr20	43225036	rs7267873
chr20	43233531	rs4810379
chr20	43240151	rs2205772
chr20	43250487	rs4810380
chr20	43251022	rs6016996
chr20	43251980	rs16987951
chr20	43253189	rs6093792
chr20	43254289	rs11086869
chr20	43261438	rs3950190
chr20	43261813	rs6030739
chr20	43263650	rs17824388
chr20	43265498	rs6016998
chr20	43267432	rs8118269
chr20	43268450	rs6030745
chr20	43269041	rs6093795
chr20	43269826	rs7267242
chr20	43275139	rs6103220
chr20	43278001	rs6030752
chr20	43286224	rs6017000
chr20	43294115	rs6030760
chr20	43299093	rs2223248
chr20	43301734	rs10485700
chr20	43304228	rs2205776
chr20	43305438	rs6030766
chr20	43311011	rs6030775
chr20	43313646	rs6073045
chr20	43314949	rs6124545
chr20	43315567	rs926293
chr20	43316503	rs2223246
chr20	43318788	rs926291
chr20	43319131	rs6030780
chr20	43319272	rs6103238
chr20	43319396	rs7274698
chr20	43321115	rs4583528
chr20	43328280	rs6073049
chr20	43328639	rs11698589
chr20	43332185	rs6065599
chr20	43337296	rs6103249
chr20	43337361	rs16987990
chr20	43344550	rs6073055
chr20	43350146	rs6130354
chr20	43352218	rs4810383
chr20	43352926	rs4239695
chr20	43353062	rs6073059
chr20	43358317	rs2206465
chr20	43358752	rs2143253
chr20	43359328	rs6073063
chr20	43362961	rs2010809
chr20	43372371	rs6030812
chr20	43372778	rs6017023
chr20	43373682	rs6065606
chr20	43373810	rs6103260
chr20	43375990	rs4812707
chr20	43379340	rs4810384
chr20	43380018	rs11086875
chr20	43380529	rs4812708
chr20	43382313	rs6017025
chr20	43383485	rs6103265
chr20	43383777	rs6073074
chr20	43383995	rs11696822
chr20	43384041	rs6103267
chr20	43388433	rs8116375
chr20	43389032	rs4142387
chr20	43389419	rs1569623
chr20	43391279	rs6103273
chr20	43391724	rs2903631
chr20	43393585	rs6103279
chr20	43393631	rs6130365
chr20	43394783	rs2179470
chr20	43397656	rs1076691
chr20	43397785	rs6017030
chr20	43405048	rs6030839
chr20	43410909	rs6017053
chr20	43412298	rs6124559
chr20	43415704	rs6017055
chr20	43417576	rs1014732
chr20	43420609	rs6124562
chr20	43422940	rs12479650
chr20	43422958	rs11906458
chr20	43425536	rs6017066
chr20	43429176	rs6093835
chr20	43431680	rs6030867
chr20	43432173	rs13045901
chr20	43434312	rs12625780
chr20	43444817	rs6103325
chr20	43445301	rs7271050
chr20	43446358	rs4810385
chr20	43446483	rs13038619
chr20	43448796	rs6093838
chr20	43455222	rs6017075
chr20	43457658	rs6103329
chr20	43458814	rs6103330
chr20	43460871	rs2235611
chr20	43462717	rs12264
chr20	43464483	rs17751895
chr20	43465834	rs2064279
chr20	43466119	rs6073098
chr20	43468520	rs6030891
chr20	43475023	rs6030899
chr20	43476299	rs4812712
chr20	43476841	rs8124813
chr20	43476947	rs2064282
chr20	43478182	rs4812713
chr20	43478343	rs6017090
chr20	43482078	rs8117881
chr20	43493820	rs765148
chr20	43495394	rs4812714
chr20	43507127	rs4812716
chr20	43512735	rs6017096
chr20	43513325	rs6017097
chr20	43517629	rs6030931
chr20	43517680	rs6030932
chr20	43518017	rs6103362
chr20	43521074	rs6130403
chr20	43525187	rs4812717
chr20	43525632	rs6030939
chr20	43527344	rs6030941
chr20	43528597	rs2071972
chr20	43530566	rs2285186
chr20	43530692	rs6073119
chr20	43532243	rs2071970
chr20	43532322	rs2071969
chr20	43537082	rs6130412
chr20	43538596	rs2269625
chr20	43539021	rs11696808
chr20	43539785	rs6030947
chr20	43541687	rs1062943
chr20	43542842	rs2867725
chr20	43543225	rs6103372
chr20	43543472	rs3830162
chr20	43546060	rs8116134
chr20	43549795	rs2269623
chr20	43550805	rs3205
chr20	43556896	rs743998
chr20	43558657	rs3761160
chr20	43559223	rs3752558
chr20	43563443	rs3135415
chr20	43565118	rs3787273
chr20	43565968	rs6065626
chr20	43566050	rs3135417
chr20	43566162	rs6065627
chr20	43567449	rs2071973
chr20	43567910	rs2067061
chr20	43568185	rs6093855
chr20	43568783	rs3127061
chr20	43569264	rs3752559
chr20	43569533	rs3752560
chr20	43574597	rs916410
chr20	43576421	rs763227
chr20	43580794	rs6103388
chr20	43585885	rs6073134
chr20	43586834	rs6093858
chr20	43588007	rs1055334
chr20	43590036	rs16988169
chr20	43590581	rs6065630
chr20	43590625	rs6073136
chr20	43591191	rs3752562
chr20	43594344	rs6030975
chr20	43596474	rs2664519
chr20	43598372	rs6073142
chr20	43598871	rs4810387
chr20	43602055	rs6073143
chr20	43612090	rs6103395
chr20	43613226	rs6017123
chr20	43614060	rs4473450
chr20	43615363	rs6130427
chr20	43619631	rs722234
chr20	43620758	rs1555348
chr20	43621802	rs6030990
chr20	43623685	rs4810390
chr20	43624902	rs6073157
chr20	43627224	rs2093139
chr20	43630320	rs6030998
chr20	43630996	rs714998
chr20	43631607	rs6073162
chr20	43635862	rs6031007
chr20	43636086	rs2273523
chr20	43637010	rs6017129
chr20	43637060	rs6065638
chr20	43641104	rs427205
chr20	43642197	rs383634
chr20	43642281	rs439115
chr20	43642734	rs426197
chr20	43646859	rs393115
chr20	43648004	rs3091647
chr20	43651087	rs826962
chr20	43656816	rs6017134
chr20	43661508	rs826941
chr20	43663321	rs385345
chr20	43665240	rs452734
chr20	43665973	rs619289
chr20	43666739	rs285207
chr20	43667902	rs285206
chr20	43668004	rs285205
chr20	43673731	rs826950
chr20	43680945	rs3091246
chr20	43682448	rs445912
chr20	43683215	rs387769
chr20	43688779	rs285188
chr20	43690984	rs188219
chr20	43694414	rs3091247
chr20	43699999	rs285162
chr20	43700109	rs285163
chr20	43700136	rs285164
chr20	43701159	rs285165
chr20	43702817	rs2070235
chr20	43714471	rs285174
chr20	43717320	rs285176
chr20	43727113	rs3091249
chr20	43728655	rs3127065
chr20	43730254	rs13038394
chr20	43730843	rs371484
chr20	43733266	rs826959
chr20	43733504	rs8115331
chr20	43734005	rs3117532
chr20	43734466	rs285197
chr20	43736094	rs285198
chr20	43736870	rs3127071
chr20	43739553	rs3127068
chr20	43742455	rs370971
chr20	43746760	rs880065
chr20	43746792	rs880064
chr20	43748800	rs12481156
chr20	43753466	rs6017164
chr20	43754552	rs6103442
chr20	43755829	rs6017165
chr20	43758184	rs11699011
chr20	43762315	rs391256
chr20	43762333	rs6073190
chr20	43768856	rs3091450
chr20	43769127	rs861157
chr20	43771197	rs6031088
chr20	43778888	rs6031097
chr20	43779829	rs6124590
chr20	43780903	rs1536918
chr20	43783648	rs6017176
chr20	43787217	rs6031108
chr20	43790419	rs6031114
chr20	43795596	rs6124593
chr20	43795680	rs6124594
chr20	43796195	rs6031130
chr20	43800501	rs244064
chr20	43802259	rs1535029
chr20	43803259	rs244069
chr20	43809527	rs2179631
chr20	43809751	rs2143559
chr20	43814354	rs4618115
chr20	43820677	rs11086894
chr20	43823813	rs7266676
chr20	43824137	rs10485701
chr20	43824827	rs1883741
chr20	43831778	rs6031159
chr20	43834265	rs6031160
chr20	43834603	rs6103478
chr20	43834830	rs761267
chr20	43835333	rs761269
chr20	43839442	rs6017202
chr20	43842844	rs6031165
chr20	43843053	rs11086895
chr20	43844583	rs6017203
chr20	43845079	rs4812742
chr20	43846019	rs6073221
chr20	43848444	rs6073222
chr20	43859616	rs6124601
chr20	43860201	rs6130470
chr20	43862347	rs6031180
chr20	43866698	rs6031184
chr20	43869827	rs12479812
chr20	43881536	rs7262362
chr20	43883825	rs4812750
chr20	43892620	rs1569696
chr20	43894925	rs3746566
chr20	43896850	rs11696193
chr20	43899043	rs1883740
chr20	43901242	rs6031215
chr20	43904270	rs6073238
chr20	43905015	rs6130478
chr20	43906292	rs6073240
chr20	43906581	rs6065670
chr20	43909039	rs6073246
chr20	43909131	rs6073248
chr20	43912606	rs2867776
chr20	43912899	rs4812761
chr20	43918899	rs6031224
chr20	43919190	rs6031225
chr20	43919969	rs4810403
chr20	43920176	rs6073253
chr20	43923280	rs6031237
chr20	43924229	rs2143557
chr20	43924601	rs11086906
chr20	43924797	rs11086907
chr20	43925353	rs764673
chr20	43926587	rs6103513
chr20	43926846	rs6103515
chr20	43927097	rs6017218
chr20	43927456	rs6031242
chr20	43929359	rs6130482
chr20	43929653	rs6093896
chr20	43930679	rs17753711
chr20	43930891	rs6031245
chr20	43933425	rs6093897
chr20	43934931	rs916474
chr20	43935007	rs6031247
chr20	43937937	rs6093898
chr20	43939512	rs6103524
chr20	43940189	rs4812767
chr20	43941271	rs743152
chr20	43944683	rs16988529
chr20	43944952	rs6130486
chr20	43945182	rs6031252
chr20	43945722	rs11700304
chr20	43945802	rs4812769
chr20	43947201	rs910908
chr20	43948358	rs910907
chr20	43950411	rs4812772
chr20	43950548	rs4812774
chr20	43952800	rs6017226
chr20	43952907	rs6031255
chr20	43954383	rs11086912
chr20	43954556	rs1884711
chr20	43954840	rs11086913
chr20	43954977	rs6031256
chr20	43955031	rs11086914
chr20	43955093	rs11086915
chr20	43955758	rs6103533
chr20	43955922	rs6031258
chr20	43957131	rs6093902
chr20	43957167	rs6093903
chr20	43958136	rs13042774
chr20	43959316	rs6065677
chr20	43959439	rs6093904
chr20	43963270	rs6031264
chr20	43963639	rs12626167
chr20	43964580	rs6017227
chr20	43977580	rs6017230
chr20	43980917	rs6073269
chr20	43984482	rs6031273
chr20	43984537	rs6031274
chr20	43987531	rs4812776
chr20	43987872	rs6031275
chr20	43990346	rs6073271
chr20	43991445	rs6124611
chr20	43991952	rs6017235
chr20	43992255	rs4812777
chr20	43993828	rs6031280
chr20	43995327	rs6093909
chr20	43996978	rs6031285
chr20	43998464	rs1980578
chr20	43998497	rs10854228
chr20	44001097	rs1547002
chr20	44001286	rs6065683
chr20	44001826	rs6103555
chr20	44004342	rs6031288
chr20	44005722	rs6017240
chr20	44010006	rs6103562
chr20	44010026	rs6073280
chr20	44011973	rs6031294
chr20	44016738	rs6093916
chr20	44017795	rs6073281
chr20	44019003	rs6073284
chr20	44024293	rs6017246
chr20	44025707	rs6031301
chr20	44029201	rs6017247
chr20	44029222	rs6103572
chr20	44031646	rs2179593
chr20	44032864	rs6017250
chr20	44035026	rs6073293
chr20	44036403	rs4630825
chr20	44036573	rs733749
chr20	44037723	rs6031310
chr20	44039586	rs1040547
chr20	44039748	rs1040546
chr20	44042530	rs6065690
chr20	44042543	rs6065691
chr20	44042793	rs6093921
chr20	44042936	rs6031316
chr20	44043119	rs926599
chr20	44043771	rs6031318
chr20	44045208	rs766622
chr20	44047390	rs6073299
chr20	44050551	rs6017252
chr20	44052430	rs6073301
chr20	44052448	rs6130511
chr20	44055228	rs8119935
chr20	44056445	rs13044223
chr20	44057263	rs11699417
chr20	44062747	rs6103592
chr20	44064443	rs8120539
chr20	44064468	rs8121875
chr20	44065010	rs2143495
chr20	44065390	rs4812779
chr20	44067940	rs1555120
chr20	44068615	rs8125734
chr20	44070789	rs11697172
chr20	44071112	rs1883680
chr20	44071513	rs6031339
chr20	44071684	rs6031340
chr20	44072425	rs8118842
chr20	44073341	rs6093929
chr20	44074212	rs6103601
chr20	44074235	rs12479905
chr20	44074503	rs926601
chr20	44075006	rs1108944
chr20	44075317	rs2867778
chr20	44075848	rs16988687
chr20	44076167	rs6073307
chr20	44079827	rs6103609
chr20	44080394	rs6073312
chr20	44083393	rs4812780
chr20	44083654	rs11699654
chr20	44085318	rs6093933
chr20	44085887	rs6031367
chr20	44086405	rs4812783
chr20	44087828	rs6017264
chr20	44088830	rs6017265
chr20	44089296	rs16988700
chr20	44089566	rs4812785
chr20	44089965	rs6073315
chr20	44091459	rs932415
chr20	44091497	rs4441533
chr20	44095946	rs6130522
chr20	44098608	rs6103623
chr20	44100290	rs6031379
chr20	44100491	rs6031380
chr20	44102334	rs6093934
chr20	44103204	rs6065700
chr20	44103494	rs6073327
chr20	44104962	rs6073329
chr20	44105207	rs6065701
chr20	44105306	rs6130527
chr20	44107267	rs11696553
chr20	44108089	rs2206633
chr20	44108854	rs6073330
chr20	44109950	rs3746568
chr20	44111002	rs6031391
chr20	44111668	rs6031395
chr20	44112059	rs1055716
chr20	44112474	rs6065705
chr20	44113869	rs7274414
chr20	44114513	rs2867794
chr20	44114814	rs6093935
chr20	44116475	rs6073336
chr20	44118607	rs3810510
chr20	44121684	rs1075174
chr20	44122021	rs2057028
chr20	44126753	rs7270523
chr20	44128860	rs6031407
chr20	44129639	rs761209
chr20	44130194	rs761207
chr20	44130714	rs6031410
chr20	44130925	rs6093938
chr20	44135077	rs969570
chr20	44139643	rs6103646
chr20	44140250	rs4239696
chr20	44140669	rs6031415
chr20	44145890	rs882699
chr20	44146817	rs761206
chr20	44147203	rs2017246
chr20	44148597	rs2867796
chr20	44151110	rs2425624
chr20	44151740	rs6103656
chr20	44152744	rs6073351
chr20	44154872	rs2057029
chr20	44154905	rs2143494
chr20	44158152	rs6031423
chr20	44161378	rs2425627
chr20	44164186	rs6103663
chr20	44165152	rs2018604
chr20	44165321	rs1124314
chr20	44166681	rs6031432
chr20	44167210	rs2179680
chr20	44170440	rs6073356
chr20	44173331	rs6017279
chr20	44174096	rs6073358
chr20	44174121	rs4812791
chr20	44174290	rs6124627
chr20	44175136	rs6130556
chr20	44179269	rs738498
chr20	44181148	rs17755028
chr20	44181408	rs13041775
chr20	44184547	rs6065708
chr20	44184795	rs4810412
chr20	44186048	rs2092518
chr20	44186550	rs1883790
chr20	44187679	rs17755091
chr20	44193199	rs6103672
chr20	44194422	rs6130564
chr20	44195561	rs6031449
chr20	44196847	rs9875
chr20	44197289	rs8268
chr20	44197710	rs9346
chr20	44197739	rs11274
chr20	44197915	rs1971447
chr20	44198070	rs6103674
chr20	44201403	rs6073366
chr20	44203668	rs13044950
chr20	44208486	rs956610
chr20	44209910	rs2143606
chr20	44210980	rs4142441
chr20	44211350	rs3843762
chr20	44211379	rs6031456
chr20	44212989	rs16988852
chr20	44213153	rs16988857
chr20	44213258	rs6130569
chr20	44216102	rs4812796
chr20	44216489	rs4812797
chr20	44217841	rs6031462
chr20	44218054	rs4812799
chr20	44218119	rs7273089
chr20	44219581	rs13043176
chr20	44220011	rs6031465
chr20	44220049	rs13043397
chr20	44223633	rs4812804
chr20	44225494	rs6017291
chr20	44228360	rs17755371
chr20	44229008	rs16985330
chr20	44229136	rs6103683
chr20	44233370	rs6031469
chr20	44234153	rs6073382
chr20	44241584	rs6031470
chr20	44245063	rs34620782
chr20	44253569	rs6031477
chr20	44255195	rs12480390
chr20	44257543	rs4812806
chr20	44257669	rs12481259
chr20	44261867	rs6031485
chr20	44263294	rs2425632
chr20	44265231	rs6031488
chr20	44267266	rs4366964
chr20	44267784	rs6031491
chr20	44267928	rs6017306
chr20	44268909	rs6031492
chr20	44273953	rs6031493
chr20	44275675	rs16988929
chr20	44275857	rs4810417
chr20	44277798	rs6017310
chr20	44278902	rs1884607
chr20	44283422	rs6073394
chr20	44285012	rs2868088
chr20	44296281	rs6031503
chr20	44302232	rs4812816
chr20	44305080	rs13045189
chr20	44305381	rs4812817
chr20	44312988	rs6031507
chr20	44324475	rs6073410
chr20	44334142	rs4810422
chr20	44335158	rs2868093
chr20	44335780	rs11905257
chr20	44335874	rs12624485
chr20	44336801	rs11699841
chr20	44337201	rs11699901
chr20	44337223	rs3746570
chr20	44337385	rs1884612
chr20	44339186	rs11907772
chr20	44341158	rs3761184
chr20	44342460	rs4812823
chr20	44343322	rs4812825
chr20	44343635	rs4812826
chr20	44343983	rs6073414
chr20	44345295	rs11697359
chr20	44346530	rs6513926
chr20	44350804	rs11699154
chr20	44350913	rs11699172
chr20	44351879	rs1884614
chr20	44353707	rs6031544
chr20	44354495	rs11508794
chr20	44354573	rs11508795
chr20	44354947	rs11508796
chr20	44356715	rs6031546
chr20	44357077	rs2144908
chr20	44359432	rs6093966
chr20	44360627	rs4812829
chr20	44361074	rs6031551
chr20	44361137	rs16988991
chr20	44370990	rs6103716
chr20	44371950	rs6073418
chr20	44376375	rs6065725
chr20	44382185	rs6017335
chr20	44385326	rs4364072
chr20	44386641	rs6031580
chr20	44389620	rs4812831
chr20	44391463	rs3092370
chr20	44395368	rs6130608
chr20	44395409	rs2425637
chr20	44396965	rs717248
chr20	44397144	rs717247
chr20	44397976	rs2868094
chr20	44397989	rs2425638
chr20	44398870	rs2425639
chr20	44399397	rs2425640
chr20	44401795	rs2071197
chr20	44402169	rs8116574
chr20	44402226	rs2071199
chr20	44402316	rs2071200
chr20	44403215	rs3181206
chr20	44405439	rs736821
chr20	44406020	rs736824
chr20	44406053	rs745975
chr20	44406143	rs736823
chr20	44406498	rs3212183
chr20	44407140	rs6093976
chr20	44407812	rs8114057
chr20	44408051	rs8122476
chr20	44408373	rs11574730
chr20	44408782	rs11574733
chr20	44409568	rs6017340
chr20	44410142	rs3212191
chr20	44410400	rs1885088
chr20	44412951	rs6093978
chr20	44413724	rs1800961
chr20	44414455	rs3212195
chr20	44415722	rs3212198
chr20	44417405	rs3212199
chr20	44418289	rs3212200
chr20	44418653	rs6103731
chr20	44418708	rs11086925
chr20	44422121	rs1028583
chr20	44422341	rs1028584
chr20	44422573	rs6031593
chr20	44426231	rs6031596
chr20	44427509	rs6031598
chr20	44427922	rs3212208
chr20	44428840	rs3818247
chr20	44429180	rs6031601
chr20	44430057	rs11086926
chr20	44430797	rs6130615
chr20	44436388	rs6017342
chr20	44440356	rs4812833
chr20	44440486	rs12480895
chr20	44444036	rs4812834
chr20	44446521	rs7272694
chr20	44446797	rs2093248
chr20	44453391	rs7274706
chr20	44457755	rs6130620
chr20	44458008	rs6073450
chr20	44458352	rs6031612
chr20	44459061	rs927270
chr20	44485290	rs6031627
chr20	44491297	rs3092118
chr20	44493475	rs7266098
chr20	44494387	rs1983
chr20	44496488	rs7270791
chr20	44499184	rs6031631
chr20	44499362	rs6606
chr20	44501450	rs16989141
chr20	44505244	rs6017355
chr20	44508282	rs6031638
chr20	44512435	rs2425641
chr20	44512734	rs2269598
chr20	44517831	rs6031641
chr20	44520261	rs6031643
chr20	44521668	rs6103759
chr20	44522246	rs2425644
chr20	44522453	rs3092749
chr20	44525160	rs244129
chr20	44532143	rs6031647
chr20	44533830	rs3092796
chr20	44535697	rs3092590
chr20	44536730	rs3091629
chr20	44542359	rs11696619
chr20	44543397	rs4812838
chr20	44543483	rs244127
chr20	44551367	rs11697419
chr20	44555338	rs244125
chr20	44560637	rs244123
chr20	44560887	rs6017364
chr20	44567064	rs244120
chr20	44570810	rs244115
chr20	44574477	rs6031659
chr20	44579302	rs6065734
chr20	44579709	rs17829335
chr20	44581194	rs2027871
chr20	44581840	rs6031663
chr20	44583768	rs6073491
chr20	44588669	rs6031664
chr20	44591335	rs244104
chr20	44594686	rs244102
chr20	44597360	rs6017366
chr20	44597736	rs244098
chr20	44598355	rs244097
chr20	44601490	rs12479675
chr20	44602037	rs244092
chr20	44603847	rs6130645
chr20	44614257	rs4810428
chr20	44614904	rs1061662
chr20	44617908	rs244080
chr20	44619075	rs11699718
chr20	44620950	rs6031678
chr20	44621950	rs244079
chr20	44622081	rs244078
chr20	44624274	rs244076
chr20	44624853	rs244075
chr20	44626054	rs244073
chr20	44628765	rs11700291
chr20	44632053	rs379863
chr20	44634395	rs371927
chr20	44634715	rs447833
chr20	44638624	rs446125
chr20	44641361	rs8119756
chr20	44642655	rs2299692
chr20	44642914	rs6031688
chr20	44642938	rs6031689
chr20	44644994	rs2057637
chr20	44646360	rs2299686
chr20	44647479	rs2007515
chr20	44648047	rs2007720
chr20	44650053	rs6031697
chr20	44657535	rs6103806
chr20	44659446	rs6094017
chr20	44662429	rs6073500
chr20	44664629	rs13037732
chr20	44665102	rs6103813
chr20	44675139	rs6031723
chr20	44680637	rs4812848
chr20	44683756	rs912914
chr20	44688014	rs7262172
chr20	44689616	rs6073519
chr20	44691643	rs4812851
chr20	44694228	rs6130671
chr20	44698618	rs8121830
chr20	44701197	rs4812854
chr20	44705833	rs6031752
chr20	44706387	rs6031753
chr20	44706933	rs967689
chr20	44707579	rs6094023
chr20	44708514	rs6031755
chr20	44709292	rs1022923
chr20	44709577	rs2148042
chr20	44715193	rs34077853
chr20	44718650	rs6130677
chr20	44720576	rs4812858
chr20	44723751	rs6094027
chr20	44724960	rs13339902
chr20	44726014	rs753740
chr20	44727515	rs1061098
chr20	44727941	rs4810435
chr20	44729258	rs11698203
chr20	44732362	rs6031767
chr20	44732441	rs6073533
chr20	44734529	rs6017407
chr20	44734888	rs6017408
chr20	44736863	rs6073534
chr20	44739294	rs2868198
chr20	44742679	rs11696845
chr20	44743337	rs1467473
chr20	44745218	rs6073535
chr20	44749042	rs6073536
chr20	44749629	rs6073537
chr20	44752534	rs6017414
chr20	44753471	rs1980577
chr20	44755191	rs6031782
chr20	44755830	rs8116735
chr20	44762545	rs17404096
chr20	44767573	rs1078342
chr20	44771621	rs6094035
chr20	44773900	rs4812861
chr20	44780477	rs6130691
chr20	44783856	rs2057242
chr20	44784557	rs1080026
chr20	44786318	rs2868200
chr20	44786600	rs2208091
chr20	44790965	rs6103863
chr20	44793310	rs6031797
chr20	44796825	rs4812866
chr20	44796882	rs4812867
chr20	44801849	rs1555300
chr20	44803548	rs6103871
chr20	44806772	rs1124335
chr20	44807796	rs6031807
chr20	44811912	rs1884671
chr20	44825544	rs8116486
chr20	44827104	rs2903760
chr20	44835890	rs6073555
chr20	44843315	rs6017430
chr20	44845093	rs2868160
chr20	44848782	rs2868161
chr20	44850946	rs6103890
chr20	44851276	rs6094045
chr20	44857300	rs7273626
chr20	44857385	rs7260668
chr20	44860130	rs2179067
chr20	44860739	rs2868162
chr20	44864276	rs6103899
chr20	44868544	rs6103901
chr20	44869522	rs2179068
chr20	44874397	rs2425650
chr20	44880046	rs2425663
chr20	44885696	rs6031849
chr20	44887515	rs2239535
chr20	44894084	rs16989474
chr20	44894193	rs6031855
chr20	44897496	rs2425672
chr20	44899568	rs6017443
chr20	44899629	rs3091709
chr20	44899880	rs6017444
chr20	44903747	rs6031860
chr20	44903797	rs12481468
chr20	44906262	rs16989481
chr20	44906293	rs2425675
chr20	44906460	rs6876
chr20	44909511	rs2425678
chr20	44914941	rs6130713
chr20	44915887	rs3092074
chr20	44916244	rs6103923
chr20	44919036	rs2075960
chr20	44919790	rs2072729
chr20	44920098	rs2425684
chr20	44922979	rs2425688
chr20	44930268	rs1998033
chr20	44932273	rs3746582
chr20	44932595	rs6031869
chr20	44933013	rs12798
chr20	44933019	rs12031
chr20	44936394	rs2273358
chr20	44936981	rs3746584
chr20	44937877	rs6031872
chr20	44938146	rs11780
chr20	44940085	rs10485453
chr20	44940125	rs11907237
chr20	44941404	rs16989514
chr20	44942370	rs12536
chr20	44943576	rs1804644
chr20	44946176	rs2009739
chr20	44949844	rs2299971
chr20	44951477	rs1079900
chr20	44952358	rs7269796
chr20	44959407	rs1983688
chr20	44962596	rs7260951
chr20	44963607	rs2868218
chr20	44965137	rs2284269
chr20	44970064	rs927000
chr20	44971310	rs17322289
chr20	44973280	rs910671
chr20	44975362	rs6017452
chr20	44976780	rs2284271
chr20	44977339	rs6065770
chr20	44985184	rs6130721
chr20	44988199	rs6073588
chr20	44995017	rs6017460
chr20	44995635	rs2267858
chr20	44996412	rs6031923
chr20	44998055	rs7271519
chr20	44998672	rs2299973
chr20	45000494	rs17420378
chr20	45000871	rs6073597
chr20	45001974	rs13043430
chr20	45002795	rs1015519
chr20	45009338	rs2180291
chr20	45015390	rs2284272
chr20	45016723	rs13038635
chr20	45020285	rs2010195
chr20	45026494	rs2267860
chr20	45027141	rs6065774
chr20	45037191	rs6031944
chr20	45039832	rs1116100
chr20	45052922	rs6031955
chr20	45053310	rs2284275
chr20	45053483	rs2284276
chr20	45059065	rs2299978
chr20	45061188	rs6017478
chr20	45067121	rs6073622
chr20	45073790	rs6031970
chr20	45076296	rs6017482
chr20	45077918	rs6073629
chr20	45085743	rs6031980
chr20	45086547	rs1003855
chr20	45088218	rs6065783
chr20	45089120	rs6031984
chr20	45092778	rs4499491
chr20	45092852	rs6124684
chr20	45093376	rs6124687
chr20	45094986	rs734784
chr20	45096238	rs6017486
chr20	45099429	rs6073643
chr20	45101801	rs6031991
chr20	45102381	rs6017488
chr20	45102529	rs6104008
chr20	45105930	rs6104012
chr20	45107892	rs916311
chr20	45109527	rs6130753
chr20	45110478	rs17422688
chr20	45112052	rs6104014
chr20	45112843	rs763058
chr20	45112882	rs734685
chr20	45115588	rs6124690
chr20	45117708	rs6130759
chr20	45120725	rs6032005
chr20	45121769	rs6130764
chr20	45122709	rs13042168
chr20	45123019	rs1573699
chr20	45124579	rs13043809
chr20	45125273	rs6104020
chr20	45126485	rs6032007
chr20	45126587	rs6032008
chr20	45128314	rs6017495
chr20	45137426	rs2143943
chr20	45139854	rs7268938
chr20	45143631	rs761500
chr20	45144527	rs6130775
chr20	45146361	rs6032025
chr20	45148119	rs6104041
chr20	45148865	rs17332620
chr20	45151834	rs16989769
chr20	45152267	rs2207199
chr20	45157423	rs6032029
chr20	45157695	rs979641
chr20	45164871	rs1011535
chr20	45171591	rs13038342
chr20	45173224	rs13044826
chr20	45174972	rs17333103
chr20	45175067	rs17333180
chr20	45175881	rs2664581
chr20	45177071	rs13039213
chr20	45181006	rs17424668
chr20	45181120	rs17333555
chr20	45183405	rs12625505
chr20	45185879	rs17424723
chr20	45196915	rs6032049
chr20	45200027	rs7344269
chr20	45201727	rs6073675
chr20	45204695	rs6032055
chr20	45205672	rs13037087
chr20	45206591	rs6017513
chr20	45207181	rs2233883
chr20	45208412	rs2233887
chr20	45221357	rs2233894
chr20	45221759	rs2233896
chr20	45222453	rs2233901
chr20	45222467	rs2233903
chr20	45226036	rs6017519
chr20	45227383	rs2206887
chr20	45228600	rs6130784
chr20	45238747	rs6032069
chr20	45242430	rs6017525
chr20	45242996	rs6073692
chr20	45246594	rs12480619
chr20	45252257	rs8282
chr20	45252530	rs4355175
chr20	45252989	rs6032073
chr20	45253868	rs16989887
chr20	45256220	rs4359712
chr20	45257846	rs2206889
chr20	45259286	rs6104078
chr20	45264210	rs7266413
chr20	45264636	rs4522674
chr20	45264836	rs6094117
chr20	45264942	rs6094118
chr20	45268722	rs6104082
chr20	45268950	rs8113868
chr20	45269247	rs8118407
chr20	45269499	rs991049
chr20	45269587	rs991048
chr20	45272043	rs41463948
chr20	45275455	rs6017532
chr20	45275804	rs2868241
chr20	45275941	rs2868242
chr20	45278090	rs6104092
chr20	45279657	rs6104093
chr20	45283246	rs6032092
chr20	45284677	rs761367
chr20	45289107	rs12479997
chr20	45289764	rs11086954
chr20	45289951	rs2743275
chr20	45291064	rs2743330
chr20	45291806	rs2741523
chr20	45294462	rs6130803
chr20	45297896	rs2227274
chr20	45297933	rs2227275
chr20	45301019	rs2076023
chr20	45302456	rs2743283
chr20	45302770	rs2743290
chr20	45304381	rs2072788
chr20	45304523	rs2233094
chr20	45305054	rs2281018
chr20	45307345	rs733380
chr20	45307515	rs2743312
chr20	45307625	rs2741502
chr20	45312586	rs2072793
chr20	45313729	rs2235227
chr20	45314036	rs2076026
chr20	45318128	rs736389
chr20	45318728	rs3091579
chr20	45319581	rs11698812
chr20	45322176	rs11696248
chr20	45323784	rs6073706
chr20	45324237	rs6073708
chr20	45324290	rs6104118
chr20	45325767	rs4599
chr20	45330146	rs2070640
chr20	45330210	rs2070639
chr20	45333331	rs6065805
chr20	45333357	rs6073714
chr20	45334407	rs4812891
chr20	45336636	rs6073718
chr20	45338670	rs2284277
chr20	45339966	rs11905122
chr20	45341200	rs2267868
chr20	45341737	rs2267869
chr20	45342902	rs2251258
chr20	45343230	rs2267870
chr20	45344807	rs8115680
chr20	45346811	rs1981431
chr20	45347027	rs1981430
chr20	45347053	rs1981429
chr20	45348974	rs1005283
chr20	45352086	rs1008953
chr20	45354870	rs1548227
chr20	45355137	rs1548226
chr20	45359740	rs2743403
chr20	45362193	rs4812893
chr20	45366770	rs6032142
chr20	45367240	rs2245717
chr20	45367372	rs2664543
chr20	45367492	rs2664583
chr20	45367549	rs1046612
chr20	45367826	rs707576
chr20	45368167	rs3827039
chr20	45368600	rs2248637
chr20	45368862	rs7098
chr20	45369006	rs7099
chr20	45370996	rs2743439
chr20	45377296	rs2231616
chr20	45377961	rs2249728
chr20	45379497	rs2252731
chr20	45382862	rs2263759
chr20	45382906	rs2263760
chr20	45386033	rs6032155
chr20	45387412	rs763919
chr20	45394032	rs2056938
chr20	45394486	rs2741607
chr20	45397052	rs4812896
chr20	45403511	rs3761195
chr20	45409934	rs1127497
chr20	45412428	rs2250900
chr20	45414588	rs2251212
chr20	45415300	rs2251230
chr20	45415363	rs6032171
chr20	45415871	rs2741584
chr20	45416930	rs1028307
chr20	45417240	rs1028306
chr20	45421702	rs4812899
chr20	45422857	rs4812900
chr20	45424352	rs13217
chr20	45424429	rs2741566
chr20	45425709	rs707577
chr20	45429940	rs2092109
chr20	45437169	rs2741553
chr20	45441723	rs2745054
chr20	45443556	rs2745061
chr20	45443586	rs2745062
chr20	45445910	rs2745065
chr20	45446191	rs6104159
chr20	45446292	rs16990154
chr20	45447208	rs6032198
chr20	45447684	rs16990157
chr20	45447856	rs2741538
chr20	45447909	rs16990165
chr20	45448213	rs2745015
chr20	45452690	rs6073740
chr20	45453431	rs6094142
chr20	45454159	rs6032205
chr20	45455746	rs7348267
chr20	45456820	rs1016496
chr20	45457899	rs6073742
chr20	45458433	rs6032209
chr20	45461458	rs6017575
chr20	45461703	rs6130840
chr20	45464113	rs7272571
chr20	45464644	rs6073744
chr20	45465910	rs16990209
chr20	45466329	rs6073746
chr20	45467396	rs3761198
chr20	45468533	rs2239534
chr20	45470143	rs16990216
chr20	45481134	rs2272951
chr20	45481597	rs6017582
chr20	45484180	rs2868299
chr20	45485066	rs2143221
chr20	45486233	rs6065823
chr20	45488741	rs2179448
chr20	45490875	rs6104183
chr20	45490942	rs6130847
chr20	45491426	rs6065824
chr20	45492011	rs6032238
chr20	45492530	rs6073763
chr20	45493390	rs17346547
chr20	45495883	rs11696501
chr20	45495909	rs16990235
chr20	45496959	rs6032245
chr20	45498803	rs17431461
chr20	45501506	rs6073768
chr20	45501956	rs1883519
chr20	45502877	rs6032249
chr20	45503096	rs6032250
chr20	45512384	rs6065830
chr20	45512410	rs6032258
chr20	45512691	rs6032259
chr20	45513735	rs6032260
chr20	45513755	rs6130852
chr20	45520553	rs6032266
chr20	45525892	rs6017595
chr20	45529009	rs6073779
chr20	45531159	rs1883521
chr20	45532251	rs6017598
chr20	45532642	rs2103658
chr20	45533343	rs4402827
chr20	45534210	rs3746593
chr20	45535349	rs6032274
chr20	45535452	rs6094159
chr20	45539661	rs6017601
chr20	45542073	rs11594
chr20	45543797	rs2235584
chr20	45545784	rs765156
chr20	45547503	rs2227290
chr20	45547937	rs2231829
chr20	45548544	rs6017608
chr20	45549500	rs6032295
chr20	45549946	rs2050095
chr20	45550333	rs988463
chr20	45550660	rs988462
chr20	45553084	rs2294559
chr20	45553341	rs3817886
chr20	45553974	rs7268787
chr20	45554401	rs6514012
chr20	45555646	rs6032305
chr20	45555736	rs2250860
chr20	45555859	rs2272955
chr20	45558006	rs6104219
chr20	45558493	rs6017618
chr20	45558562	rs6032318
chr20	45559850	rs4287826
chr20	45560858	rs6032322
chr20	45566034	rs6065834
chr20	45566275	rs4812916
chr20	45567594	rs10485457
chr20	45568448	rs6065836
chr20	45568620	rs6104229
chr20	45575651	rs6032343
chr20	45576132	rs6032344
chr20	45579865	rs6032346
chr20	45582884	rs6032347
chr20	45583998	rs6104239
chr20	45588272	rs3091929
chr20	45588639	rs2425700
chr20	45588987	rs6073789
chr20	45590550	rs6032360
chr20	45592193	rs6130867
chr20	45596339	rs2425707
chr20	45596371	rs6032368
chr20	45597837	rs6032371
chr20	45597911	rs4812932
chr20	45598581	rs3091658
chr20	45598854	rs2425710
chr20	45598971	rs16990423
chr20	45599068	rs2425711
chr20	45601653	rs2206449
chr20	45605785	rs1601717
chr20	45607613	rs6032378
chr20	45609906	rs2272960
chr20	45610102	rs2245898
chr20	45613926	rs2235602
chr20	45614077	rs6104246
chr20	45614533	rs2281210
chr20	45614737	rs978778
chr20	45614790	rs2072972
chr20	45615203	rs2072973
chr20	45619054	rs1487328
chr20	45620316	rs6073819
chr20	45626412	rs1843817
chr20	45629578	rs6073825
chr20	45630350	rs1487325
chr20	45630910	rs2272961
chr20	45631898	rs6032389
chr20	45632040	rs1825776
chr20	45636248	rs1005455
chr20	45638352	rs1352259
chr20	45640403	rs2425728
chr20	45641776	rs2425732
chr20	45644843	rs2171371
chr20	45648472	rs10854233
chr20	45649806	rs4810461
chr20	45650395	rs6065851
chr20	45651350	rs6073834
chr20	45666777	rs6104285
chr20	45667172	rs1487318
chr20	45667684	rs6073846
chr20	45669911	rs6073848
chr20	45676069	rs4810464
chr20	45679270	rs6032425
chr20	45682105	rs1013562
chr20	45682715	rs4810465
chr20	45682959	rs11086974
chr20	45683389	rs3746596
chr20	45686272	rs6104289
chr20	45697659	rs6104293
chr20	45701365	rs6130897
chr20	45701952	rs714595
chr20	45703066	rs6073862
chr20	45703659	rs432448
chr20	45704234	rs386196
chr20	45704413	rs980984
chr20	45705755	rs232291
chr20	45708077	rs6032449
chr20	45708217	rs170800
chr20	45708285	rs6017653
chr20	45709047	rs232286
chr20	45722876	rs1386504
chr20	45723981	rs6017667
chr20	45724101	rs1487317
chr20	45725733	rs6032474
chr20	45725748	rs232259
chr20	45725899	rs6104310
chr20	45726541	rs761810
chr20	45726581	rs761809
chr20	45727183	rs6130908
chr20	45727412	rs1386503
chr20	45727555	rs232258
chr20	45729072	rs6124732
chr20	45732827	rs464941
chr20	45732852	rs457153
chr20	45734110	rs457168
chr20	45735381	rs459011
chr20	45739391	rs2029230
chr20	45740424	rs462654
chr20	45742807	rs462202
chr20	45743266	rs467129
chr20	45743366	rs459681
chr20	45743942	rs16990679
chr20	45746108	rs454402
chr20	45748400	rs376206
chr20	45749420	rs459955
chr20	45749534	rs464318
chr20	45749572	rs462145
chr20	45749938	rs380421
chr20	45751832	rs454874
chr20	45752976	rs390409
chr20	45766601	rs6124739
chr20	45767025	rs17365711
chr20	45771812	rs11698486
chr20	45773476	rs6073905
chr20	45774230	rs2664529
chr20	45775071	rs2064504
chr20	45776008	rs6124741
chr20	45779789	rs16990761
chr20	45780613	rs6065889
chr20	45781597	rs6065890
chr20	45782248	rs7263437
chr20	45782294	rs567348
chr20	45783824	rs6032530
chr20	45785138	rs11698785
chr20	45789004	rs6032537
chr20	45789925	rs3746493
chr20	45790307	rs3746494
chr20	45791641	rs6032541
chr20	45793734	rs6032544
chr20	45794066	rs6032545
chr20	45795204	rs6104350
chr20	45798582	rs13040683
chr20	45798779	rs12480887
chr20	45803554	rs11906429
chr20	45809660	rs399672
chr20	45810335	rs390386
chr20	45811711	rs12625621
chr20	45817037	rs6104355
chr20	45819653	rs6130940
chr20	45823262	rs8860
chr20	45824058	rs4629
chr20	45825016	rs370237
chr20	45826339	rs437122
chr20	45826537	rs380973
chr20	45827420	rs373018
chr20	45828016	rs380397
chr20	45830544	rs386155
chr20	45830783	rs811844
chr20	45840292	rs197669
chr20	45840651	rs4638862
chr20	45842637	rs1057275
chr20	45846774	rs174745
chr20	45851687	rs6130946
chr20	45854586	rs6130947
chr20	45856680	rs2868359
chr20	45859560	rs1967656
chr20	45859856	rs3761156
chr20	45867390	rs6130954
chr20	45867691	rs8116218
chr20	45872819	rs6130959
chr20	45877334	rs2903808
chr20	45877779	rs1045493
chr20	45878022	rs17446462
chr20	45878897	rs4812973
chr20	45880235	rs4810475
chr20	45881093	rs3746497
chr20	45881123	rs3746499
chr20	45882894	rs3746500
chr20	45882988	rs11086984
chr20	45886420	rs6094224
chr20	45886920	rs3827040
chr20	45887805	rs7268221
chr20	45888721	rs1516580
chr20	45891004	rs2868362
chr20	45893366	rs742034
chr20	45893955	rs4810476
chr20	45894609	rs2075962
chr20	45895143	rs4608591
chr20	45898103	rs25649
chr20	45898144	rs7270170
chr20	45901995	rs1736493
chr20	45902199	rs553359
chr20	45906012	rs6065904
chr20	45909788	rs378114
chr20	45909845	rs435306
chr20	45911539	rs394643
chr20	45916409	rs4810479
chr20	45924555	rs16990934
chr20	45925269	rs6104398
chr20	45925376	rs6065906
chr20	45926047	rs4810480
chr20	45929434	rs4812977
chr20	45931762	rs6032592
chr20	45934261	rs8114598
chr20	45936043	rs3848715
chr20	45945894	rs11696196
chr20	45946854	rs16990949
chr20	45947863	rs7679
chr20	45950137	rs6065910
chr20	45950322	rs3746503
chr20	45954599	rs4812979
chr20	45955986	rs3848717
chr20	45957154	rs13040315
chr20	45957397	rs3746506
chr20	45959470	rs3746507
chr20	45959540	rs3746508
chr20	45959602	rs3746509
chr20	45962685	rs11906879
chr20	45963725	rs3746511
chr20	45963997	rs3746512
chr20	45965589	rs3746513
chr20	45965936	rs17448653
chr20	45976266	rs6032610
chr20	45978962	rs6104410
chr20	45979022	rs7270354
chr20	45986330	rs6124761
chr20	45995458	rs13038175
chr20	45997178	rs8114050
chr20	45999741	rs11696804
chr20	46000029	rs3933239
chr20	46003728	rs6065912
chr20	46004472	rs13040272
chr20	46005911	rs4810482
chr20	46008985	rs1805088
chr20	46009497	rs3918249
chr20	46010872	rs3918253
chr20	46011053	rs2274755
chr20	46011586	rs17576
chr20	46012320	rs3918256
chr20	46014953	rs3918261
chr20	46029657	rs2868364
chr20	46033774	rs6073993
chr20	46035732	rs3746515
chr20	46036888	rs3746516
chr20	46037956	rs3848726
chr20	46039265	rs6017731
chr20	46039292	rs16985435
chr20	46039369	rs6073995
chr20	46042076	rs4812985
chr20	46045644	rs2297198
chr20	46046104	rs2297199
chr20	46050369	rs6032636
chr20	46051200	rs16991026
chr20	46051942	rs4812988
chr20	46052214	rs12624433
chr20	46056339	rs2297201
chr20	46060026	rs9074
chr20	46062711	rs1537028
chr20	46065258	rs17450969
chr20	46065308	rs2903908
chr20	46069977	rs6074009
chr20	46071527	rs6074012
chr20	46072648	rs17463884
chr20	46073185	rs16985456
chr20	46073447	rs3092169
chr20	46073481	rs2425752
chr20	46073528	rs16991058
chr20	46079999	rs10485438
chr20	46083536	rs6074015
chr20	46085871	rs6065921
chr20	46093372	rs2868764
chr20	46095024	rs11086996
chr20	46095642	rs16991072
chr20	46095666	rs6131010
chr20	46095701	rs13038523
chr20	46097598	rs1569722
chr20	46102124	rs6065924
chr20	46105172	rs6032661
chr20	46105657	rs6065925
chr20	46105732	rs17380117
chr20	46105781	rs6017736
chr20	46106166	rs2024569
chr20	46107215	rs6065926
chr20	46109011	rs6131015
chr20	46109302	rs4812996
chr20	46110517	rs1535044
chr20	46111557	rs6074022
chr20	46112814	rs12479871
chr20	46112859	rs4812997
chr20	46113425	rs1569723
chr20	46114671	rs6074024
chr20	46116083	rs17841916
chr20	46118099	rs752118
chr20	46118343	rs1883832
chr20	46118447	rs745307
chr20	46119308	rs4810485
chr20	46120612	rs4239702
chr20	46122724	rs11569321
chr20	46123665	rs11569323
chr20	46126472	rs3746821
chr20	46127250	rs11569333
chr20	46128574	rs3765457
chr20	46130527	rs2143699
chr20	46133257	rs1883838
chr20	46134645	rs4813003
chr20	46136819	rs1883833
chr20	46137764	rs4810486
chr20	46137877	rs6131022
chr20	46138461	rs16991114
chr20	46141027	rs6074037
chr20	46144972	rs2012180
chr20	46145199	rs1883834
chr20	46145348	rs1883835
chr20	46148656	rs6032678
chr20	46148866	rs2064405
chr20	46151525	rs6124768
chr20	46151767	rs13045771
chr20	46152741	rs6074043
chr20	46155983	rs6032681
chr20	46158839	rs6074047
chr20	46159994	rs2425754
chr20	46161623	rs2425756
chr20	46162247	rs6032683
chr20	46163333	rs754317
chr20	46167456	rs2425758
chr20	46168923	rs2425761
chr20	46169299	rs2425762
chr20	46171806	rs2425764
chr20	46172387	rs1321000
chr20	46179347	rs6131030
chr20	46180735	rs11087000
chr20	46187123	rs2248597
chr20	46188097	rs1321001
chr20	46188305	rs1321002
chr20	46189518	rs2425770
chr20	46190356	rs6032712
chr20	46191225	rs4383400
chr20	46193137	rs11087001
chr20	46195460	rs6032715
chr20	46195985	rs2868767
chr20	46203057	rs2425773
chr20	46206285	rs1010311
chr20	46206405	rs1010310
chr20	46207592	rs8116311
chr20	46212720	rs2067064
chr20	46214283	rs6074067
chr20	46218506	rs3092816
chr20	46219177	rs2425789
chr20	46222131	rs6104504
chr20	46225034	rs2425792
chr20	46225407	rs2425793
chr20	46226087	rs6074069
chr20	46227824	rs733379
chr20	46231391	rs11696330
chr20	46231832	rs2050113
chr20	46239656	rs2425795
chr20	46242810	rs2425796
chr20	46242985	rs3915736
chr20	46243431	rs2425797
chr20	46244782	rs3904166
chr20	46245699	rs6094267
chr20	46247948	rs2425801
chr20	46251648	rs2281224
chr20	46252906	rs2425807
chr20	46253320	rs2425808
chr20	46256047	rs3888728
chr20	46257550	rs2868714
chr20	46258961	rs2425809
chr20	46262271	rs2425810
chr20	46265926	rs2425814
chr20	46266647	rs2425817
chr20	46267715	rs6094270
chr20	46268420	rs2425821
chr20	46269102	rs2425824
chr20	46270491	rs2425830
chr20	46271792	rs12624934
chr20	46272014	rs6032736
chr20	46272094	rs6065944
chr20	46273197	rs2425835
chr20	46273407	rs2425836
chr20	46273787	rs6074085
chr20	46274335	rs17382724
chr20	46275524	rs2425839
chr20	46276617	rs7269859
chr20	46276746	rs3904163
chr20	46279288	rs2425847
chr20	46279305	rs2425848
chr20	46279396	rs12479669
chr20	46279888	rs6032745
chr20	46283315	rs2425856
chr20	46284005	rs4810493
chr20	46285623	rs6017764
chr20	46290120	rs6032754
chr20	46292509	rs3848731
chr20	46292560	rs6104536
chr20	46293218	rs2425859
chr20	46294078	rs3092167
chr20	46294111	rs11087002
chr20	46294270	rs13042657
chr20	46298238	rs2425860
chr20	46300090	rs2425861
chr20	46310212	rs6032769
chr20	46311139	rs6104543
chr20	46311311	rs6032772
chr20	46313367	rs6032774
chr20	46314580	rs4072977
chr20	46314661	rs4072976
chr20	46320401	rs12625834
chr20	46320663	rs12626058
chr20	46321109	rs2180911
chr20	46322213	rs2425866
chr20	46325645	rs4810496
chr20	46327011	rs6124782
chr20	46327250	rs2425867
chr20	46331291	rs6124783
chr20	46333834	rs11698591
chr20	46334603	rs16991206
chr20	46335598	rs2425874
chr20	46336653	rs6011943
chr20	46338020	rs2869219
chr20	46339104	rs6065960
chr20	46339617	rs6065961
chr20	46340501	rs16991213
chr20	46341462	rs6017783
chr20	46342572	rs8120755
chr20	46346057	rs6017787
chr20	46349382	rs4809588
chr20	46353696	rs13040414
chr20	46354878	rs12480667
chr20	46357125	rs10211808
chr20	46357226	rs6011946
chr20	46366057	rs2274677
chr20	46367543	rs2257495
chr20	46367615	rs2297058
chr20	46367666	rs2297057
chr20	46367811	rs2297056
chr20	46371319	rs6090483
chr20	46376791	rs6094286
chr20	46380090	rs2260959
chr20	46387008	rs6094294
chr20	46391518	rs8123055
chr20	46394608	rs2274676
chr20	46394647	rs2274675
chr20	46395641	rs17469458
chr20	46398725	rs6065979
chr20	46404898	rs6094302
chr20	46407210	rs11699006
chr20	46412610	rs6017817
chr20	46415060	rs10470024
chr20	46416191	rs84839
chr20	46416448	rs405970
chr20	46419595	rs6094312
chr20	46422576	rs6017819
chr20	46426117	rs6094322
chr20	46426422	rs1011595
chr20	46427048	rs6094325
chr20	46429439	rs6090497
chr20	46431415	rs619714
chr20	46439753	rs6011963
chr20	46441111	rs6017838
chr20	46442307	rs467097
chr20	46449335	rs460869
chr20	46450628	rs435891
chr20	46451308	rs624422
chr20	46451782	rs279728
chr20	46452860	rs466998
chr20	46453332	rs456210
chr20	46453700	rs279727
chr20	46455349	rs279725
chr20	46456188	rs4809590
chr20	46458571	rs279722
chr20	46460000	rs456399
chr20	46461041	rs6094345
chr20	46464282	rs1000383
chr20	46464943	rs975102
chr20	46467271	rs678086
chr20	46472122	rs7266119
chr20	46472222	rs6017871
chr20	46473627	rs455828
chr20	46473894	rs452442
chr20	46474533	rs926510
chr20	46474560	rs279715
chr20	46476793	rs279716
chr20	46481695	rs636493
chr20	46482193	rs7269152
chr20	46482295	rs461863
chr20	46482318	rs465431
chr20	46482990	rs457918
chr20	46487045	rs462429
chr20	46487107	rs2050111
chr20	46487225	rs6017878
chr20	46487438	rs411621
chr20	46487542	rs367715
chr20	46491031	rs3752261
chr20	46497315	rs6094356
chr20	46498596	rs6065998
chr20	46503120	rs6017883
chr20	46507805	rs2780231
chr20	46510050	rs6066002
chr20	46512761	rs366860
chr20	46513194	rs847052
chr20	46514537	rs3795127
chr20	46517610	rs2745729
chr20	46517836	rs847087
chr20	46521596	rs6017891
chr20	46522634	rs847104
chr20	46523829	rs6011978
chr20	46524301	rs34256783
chr20	46524564	rs1527139
chr20	46526118	rs6017896
chr20	46535855	rs6066009
chr20	46537219	rs202380
chr20	46546715	rs6090514
chr20	46547915	rs6017911
chr20	46548264	rs12479924
chr20	46550856	rs85021
chr20	46551651	rs3848682
chr20	46551753	rs6066021
chr20	46552040	rs4810512
chr20	46552657	rs85023
chr20	46552802	rs202377
chr20	46552829	rs202378
chr20	46553558	rs6063003
chr20	46556118	rs847059
chr20	46556859	rs6066023
chr20	46557483	rs1405567
chr20	46558602	rs8149
chr20	46558866	rs10218
chr20	46559794	rs4809591
chr20	46560245	rs910061
chr20	46560332	rs910062
chr20	46560541	rs910064
chr20	46564350	rs847065
chr20	46564686	rs861025
chr20	46567705	rs847067
chr20	46568553	rs847068
chr20	46569632	rs429166
chr20	46569892	rs436978
chr20	46571406	rs368334
chr20	46572862	rs430891
chr20	46572933	rs4809592
chr20	46574132	rs2694876
chr20	46574387	rs381118
chr20	46574726	rs454103
chr20	46574782	rs3091661
chr20	46574803	rs3092554
chr20	46575627	rs1880898
chr20	46575896	rs393990
chr20	46576124	rs439143
chr20	46576499	rs386843
chr20	46576843	rs413635
chr20	46581448	rs202388
chr20	46582910	rs2064342
chr20	46583816	rs389905
chr20	46583981	rs863675
chr20	46586282	rs13039165
chr20	46587374	rs3091805
chr20	46593296	rs126917
chr20	46594511	rs847095
chr20	46594999	rs431072
chr20	46595248	rs413145
chr20	46595550	rs2281280
chr20	46598884	rs10854172
chr20	46599945	rs2694883
chr20	46604394	rs847057
chr20	46606931	rs425568
chr20	46608215	rs2694898
chr20	46609573	rs383551
chr20	46609695	rs439339
chr20	46611463	rs3092495
chr20	46611670	rs4810533
chr20	46612739	rs2425879
chr20	46615993	rs847100
chr20	46619451	rs847096
chr20	46624598	rs2143500
chr20	46626048	rs8114560
chr20	46628832	rs2425882
chr20	46628934	rs2425883
chr20	46630001	rs3091520
chr20	46632402	rs941206
chr20	46633119	rs8123587
chr20	46633484	rs2425887
chr20	46634143	rs3091556
chr20	46636149	rs4438540
chr20	46636266	rs6122514
chr20	46638308	rs2694903
chr20	46639060	rs6017947
chr20	46640917	rs6017949
chr20	46641341	rs6090534
chr20	46646454	rs6017961
chr20	46646586	rs1204638
chr20	46647024	rs2757524
chr20	46648140	rs11907381
chr20	46649530	rs1004571
chr20	46659814	rs6066043
chr20	46664535	rs13038390
chr20	46668832	rs6094420
chr20	46671457	rs1011074
chr20	46675082	rs13044870
chr20	46676896	rs6066044
chr20	46678029	rs6090539
chr20	46678289	rs4810537
chr20	46687130	rs11550540
chr20	46689403	rs2664523
chr20	46692436	rs971759
chr20	46695369	rs4810539
chr20	46696121	rs3091619
chr20	46699126	rs2868902
chr20	46701208	rs6017989
chr20	46705549	rs4810543
chr20	46708399	rs6017995
chr20	46709087	rs6094435
chr20	46715536	rs7267790
chr20	46721941	rs2425902
chr20	46722044	rs11086177
chr20	46724370	rs6017999
chr20	46729584	rs2425907
chr20	46730401	rs3091822
chr20	46730769	rs998422
chr20	46735127	rs707507
chr20	46736576	rs3092706
chr20	46739515	rs6066059
chr20	46741533	rs6018020
chr20	46742097	rs6090546
chr20	46742627	rs16991799
chr20	46743264	rs742321
chr20	46745189	rs12479945
chr20	46745622	rs6018021
chr20	46749522	rs6090547
chr20	46749980	rs6122518
chr20	46750470	rs4810547
chr20	46751657	rs6124859
chr20	46752300	rs6063020
chr20	46753058	rs6018026
chr20	46753877	rs6066061
chr20	46756190	rs6124861
chr20	46756329	rs6018028
chr20	46756629	rs6124862
chr20	46757094	rs6018029
chr20	46757138	rs4810551
chr20	46758525	rs7262503
chr20	46760912	rs4810553
chr20	46761510	rs6094461
chr20	46762267	rs6094464
chr20	46764433	rs760873
chr20	46765581	rs976938
chr20	46766188	rs6018034
chr20	46766531	rs16991859
chr20	46768339	rs6018037
chr20	46768877	rs1997711
chr20	46774180	rs760877
chr20	46774709	rs3092651
chr20	46775989	rs3091470
chr20	46780909	rs1073137
chr20	46783557	rs12329436
chr20	46784449	rs3091433
chr20	46786185	rs7267617
chr20	46791866	rs3091621
chr20	46792863	rs6094477
chr20	46794582	rs17484330
chr20	46794930	rs1473678
chr20	46795579	rs3092206
chr20	46795973	rs16991870
chr20	46796920	rs6090557
chr20	46797279	rs3091869
chr20	46798661	rs6018056
chr20	46800060	rs3092147
chr20	46800133	rs3092170
chr20	46800302	rs3092099
chr20	46801659	rs3091712
chr20	46802013	rs6122524
chr20	46802826	rs947079
chr20	46803218	rs3091959
chr20	46804169	rs3092379
chr20	46805139	rs3091575
chr20	46805684	rs3092198
chr20	46805760	rs6066072
chr20	46806107	rs6090558
chr20	46807354	rs3092327
chr20	46807512	rs3092148
chr20	46811959	rs4810560
chr20	46815988	rs2868891
chr20	46821780	rs2868890
chr20	46823016	rs6012044
chr20	46823491	rs6018076
chr20	46826407	rs3092771
chr20	46826624	rs3092231
chr20	46827801	rs928485
chr20	46831684	rs6066084
chr20	46832382	rs6018084
chr20	46833227	rs3092084
chr20	46833337	rs6018086
chr20	46833786	rs6066085
chr20	46834454	rs1475714
chr20	46834609	rs1475713
chr20	46834668	rs6018089
chr20	46841409	rs3092388
chr20	46843685	rs2151389
chr20	46846514	rs3092601
chr20	46847489	rs3092750
chr20	46847935	rs991339
chr20	46849891	rs3092627
chr20	46849940	rs3092340
chr20	46850073	rs3092763
chr20	46850342	rs3092778
chr20	46852308	rs3092501
chr20	46853071	rs3091587
chr20	46853844	rs2184101
chr20	46854562	rs3091850
chr20	46854845	rs3092375
chr20	46854967	rs3092689
chr20	46855516	rs3091995
chr20	46855742	rs3092645
chr20	46856346	rs3092271
chr20	46857467	rs3091925
chr20	46857493	rs3092349
chr20	46858178	rs12481092
chr20	46858352	rs6090566
chr20	46863385	rs1475712
chr20	46863597	rs1475711
chr20	46863741	rs3092511
chr20	46864625	rs6066093
chr20	46867865	rs8118645
chr20	46869084	rs6124878
chr20	46870451	rs6124879
chr20	46878190	rs6012061
chr20	46884796	rs1984076
chr20	46885106	rs6018135
chr20	46891166	rs4810570
chr20	46893463	rs6063031
chr20	46895275	rs6124882
chr20	46900932	rs2236519
chr20	46903483	rs6124883
chr20	46905414	rs6124885
chr20	46906023	rs6063033
chr20	46906280	rs6018151
chr20	46909795	rs6018158
chr20	46911158	rs6066110
chr20	46914240	rs4810575
chr20	46915037	rs6122536
chr20	46916544	rs6018167
chr20	46917533	rs6018168
chr20	46917689	rs6018169
chr20	46919121	rs6018173
chr20	46921232	rs4810576
chr20	46923536	rs1412955
chr20	46925735	rs6122541
chr20	46926109	rs6012080
chr20	46926797	rs6066118
chr20	46928378	rs1412956
chr20	46928697	rs2225612
chr20	46928812	rs6018185
chr20	46928830	rs6066121
chr20	46929398	rs6018187
chr20	46930098	rs6066123
chr20	46930192	rs6090583
chr20	46930450	rs1333293
chr20	46931088	rs6094511
chr20	46931442	rs4809605
chr20	46932122	rs6018190
chr20	46932189	rs6090584
chr20	46935081	rs6094514
chr20	46938867	rs1333295
chr20	46939784	rs6063038
chr20	46940514	rs11700355
chr20	46941008	rs6063040
chr20	46941020	rs6066131
chr20	46941157	rs6124901
chr20	46943130	rs1212593
chr20	46943956	rs1206744
chr20	46944300	rs1206747
chr20	46944600	rs1206748
chr20	46945352	rs3092075
chr20	46948845	rs17488678
chr20	46949282	rs1206754
chr20	46950173	rs1206756
chr20	46951073	rs2868882
chr20	46951150	rs4809606
chr20	46951715	rs1333299
chr20	46952936	rs7274587
chr20	46953833	rs1206760
chr20	46954315	rs11696676
chr20	46954896	rs3091826
chr20	46956583	rs3092024
chr20	46957616	rs9679828
chr20	46957973	rs1206764
chr20	46958080	rs1206765
chr20	46959131	rs11696413
chr20	46959145	rs1333300
chr20	46959598	rs1206766
chr20	46962735	rs2425920
chr20	46963043	rs734600
chr20	46964203	rs1211644
chr20	46964571	rs1206773
chr20	46965756	rs4809607
chr20	46966111	rs7261550
chr20	46968956	rs4809608
chr20	46970688	rs1150441
chr20	46970914	rs6066146
chr20	46971613	rs6063049
chr20	46971641	rs13041757
chr20	46971670	rs13041611
chr20	46973660	rs13042847
chr20	46973999	rs6066149
chr20	46975197	rs1150442
chr20	46976341	rs1206779
chr20	46979118	rs1150444
chr20	46979220	rs6124907
chr20	46979925	rs13037327
chr20	46980061	rs1889142
chr20	46984328	rs4810583
chr20	46988678	rs914828
chr20	46992820	rs1889143
chr20	46996382	rs6094546
chr20	46998212	rs3787267
chr20	47000711	rs6066153
chr20	47001518	rs6094549
chr20	47002971	rs6066154
chr20	47004298	rs6018223
chr20	47004578	rs6124912
chr20	47006502	rs1890989
chr20	47008524	rs3787265
chr20	47009802	rs6063057
chr20	47011992	rs6066159
chr20	47015444	rs1572867
chr20	47017245	rs2903942
chr20	47018960	rs6094558
chr20	47020649	rs4810584
chr20	47025330	rs1538913
chr20	47025487	rs6122544
chr20	47026155	rs4810587
chr20	47029729	rs6066171
chr20	47030043	rs4810590
chr20	47031328	rs6063062
chr20	47033864	rs6066173
chr20	47034097	rs6066174
chr20	47034491	rs6066175
chr20	47036455	rs6063063
chr20	47036541	rs4809616
chr20	47039093	rs6124925
chr20	47039166	rs17503225
chr20	47039459	rs6066179
chr20	47040810	rs4810599
chr20	47043188	rs11086190
chr20	47043573	rs6012102
chr20	47043824	rs6012103
chr20	47044383	rs1206806
chr20	47044574	rs1206807
chr20	47044816	rs6124931
chr20	47044907	rs1417449
chr20	47044945	rs1417450
chr20	47045580	rs947020
chr20	47045770	rs2868860
chr20	47050278	rs6066180
chr20	47051235	rs6018241
chr20	47051806	rs11086191
chr20	47051863	rs878131
chr20	47053702	rs6094570
chr20	47055233	rs4810603
chr20	47057498	rs6018248
chr20	47059801	rs1206808
chr20	47060029	rs1206809
chr20	47062007	rs6018251
chr20	47066723	rs1206810
chr20	47066836	rs3787260
chr20	47066879	rs4810605
chr20	47068506	rs8122313
chr20	47068557	rs12480971
chr20	47075670	rs1206816
chr20	47077263	rs1206819
chr20	47077397	rs17412892
chr20	47085292	rs7263655
chr20	47087947	rs2011254
chr20	47088481	rs6018267
chr20	47089664	rs2868858
chr20	47090794	rs873302
chr20	47092261	rs17504450
chr20	47092314	rs4810609
chr20	47092782	rs3827060
chr20	47094300	rs6012118
chr20	47097553	rs2298002
chr20	47098432	rs3787253
chr20	47102472	rs8116756
chr20	47106788	rs6018279
chr20	47106898	rs4809624
chr20	47107226	rs1934837
chr20	47107828	rs6066201
chr20	47109124	rs6063071
chr20	47110629	rs947014
chr20	47110767	rs6018283
chr20	47111119	rs6094594
chr20	47111184	rs6094595
chr20	47111635	rs869345
chr20	47113671	rs2868853
chr20	47115716	rs3787249
chr20	47122645	rs8124673
chr20	47123074	rs6063073
chr20	47126702	rs6094602
chr20	47131471	rs6018295
chr20	47131890	rs867265
chr20	47133061	rs3827057
chr20	47133913	rs1206829
chr20	47134156	rs6066209
chr20	47134246	rs4810617
chr20	47136430	rs1206832
chr20	47142592	rs6090631
chr20	47144639	rs6094606
chr20	47144781	rs6094607
chr20	47148419	rs10439555
chr20	47153367	rs2018876
chr20	47161314	rs3092781
chr20	47162322	rs6066218
chr20	47163997	rs6018311
chr20	47164305	rs3092171
chr20	47164669	rs3092447
chr20	47164894	rs1008031
chr20	47166057	rs3092023
chr20	47168014	rs2903940
chr20	47168991	rs3092400
chr20	47175350	rs6066223
chr20	47180434	rs2073171
chr20	47180528	rs2073172
chr20	47183212	rs8124918
chr20	47185056	rs8115769
chr20	47185161	rs6122561
chr20	47185237	rs6122563
chr20	47186693	rs6066229
chr20	47187866	rs3818009
chr20	47187991	rs3818013
chr20	47188419	rs3186647
chr20	47188501	rs1046661
chr20	47188575	rs1046664
chr20	47188607	rs1046667
chr20	47189212	rs8126262
chr20	47190247	rs6066231
chr20	47191697	rs6063083
chr20	47191836	rs2057085
chr20	47198471	rs6018337
chr20	47202685	rs12624714
chr20	47204558	rs6018340
chr20	47205635	rs7262634
chr20	47205910	rs16992441
chr20	47206364	rs6090639
chr20	47208825	rs6018344
chr20	47212288	rs3092139
chr20	47212407	rs910187
chr20	47214438	rs6094629
chr20	47215931	rs3092120
chr20	47217864	rs6094631
chr20	47221113	rs2235908
chr20	47228461	rs3092526
chr20	47236283	rs6018354
chr20	47239108	rs2275801
chr20	47239257	rs16992455
chr20	47244485	rs6018357
chr20	47245179	rs6018359
chr20	47248482	rs4810622
chr20	47249630	rs2298195
chr20	47259866	rs13038759
chr20	47262445	rs2294560
chr20	47265215	rs761021
chr20	47269602	rs6066261
chr20	47271422	rs6066263
chr20	47273627	rs6124987
chr20	47274641	rs3810524
chr20	47274693	rs3810525
chr20	47277112	rs6066264
chr20	47277392	rs6122571
chr20	47278460	rs3803941
chr20	47280869	rs3746483
chr20	47282377	rs2235588
chr20	47285041	rs11086202
chr20	47290567	rs6066268
chr20	47294795	rs6066270
chr20	47296056	rs6018397
chr20	47304388	rs11906361
chr20	47312582	rs6018406
chr20	47312969	rs6094660
chr20	47319545	rs3746482
chr20	47325548	rs6094661
chr20	47328322	rs6018411
chr20	47330055	rs6012158
chr20	47341131	rs6018414
chr20	47345447	rs11696180
chr20	47358240	rs6018424
chr20	47360213	rs7268399
chr20	47360436	rs6063100
chr20	47361575	rs6018427
chr20	47372194	rs910666
chr20	47372216	rs941528
chr20	47372809	rs3859587
chr20	47379009	rs6018446
chr20	47385004	rs6066296
chr20	47385120	rs6094681
chr20	47388257	rs6012176
chr20	47398265	rs6018465
chr20	47405832	rs1117569
chr20	47415238	rs6012184
chr20	47415300	rs16992555
chr20	47416684	rs6018470
chr20	47417265	rs6018471
chr20	47425069	rs6066320
chr20	47428012	rs6066321
chr20	47431079	rs6018477
chr20	47432355	rs2903925
chr20	47432542	rs6066324
chr20	47433971	rs12624409
chr20	47442622	rs6066333
chr20	47448037	rs6018485
chr20	47448565	rs6012188
chr20	47451332	rs4810639
chr20	47451532	rs2425938
chr20	47452671	rs1211646
chr20	47457734	rs4809636
chr20	47464261	rs6018492
chr20	47464955	rs4810642
chr20	47465173	rs4810643
chr20	47468855	rs6018493
chr20	47469862	rs6066347
chr20	47469940	rs6125025
chr20	47474653	rs6090684
chr20	47479397	rs6094716
chr20	47492442	rs11908187
chr20	47492612	rs2868804
chr20	47496497	rs6066361
chr20	47496522	rs13043637
chr20	47502377	rs1537305
chr20	47510776	rs6063126
chr20	47512735	rs6094723
chr20	47516533	rs1206883
chr20	47518822	rs1206882
chr20	47524404	rs11700063
chr20	47535055	rs2425947
chr20	47540175	rs2425954
chr20	47540255	rs2425955
chr20	47546026	rs2868802
chr20	47550789	rs6012207
chr20	47557583	rs6125042
chr20	47557827	rs1569438
chr20	47559171	rs2425970
chr20	47561657	rs6122597
chr20	47562636	rs17788495
chr20	47569359	rs6018556
chr20	47579625	rs6018564
chr20	47581409	rs6066394
chr20	47582307	rs1206873
chr20	47586757	rs6066395
chr20	47591183	rs2425977
chr20	47599923	rs2143491
chr20	47601460	rs6090704
chr20	47607450	rs6066406
chr20	47617281	rs2284322
chr20	47624231	rs1122944
chr20	47627267	rs6018598
chr20	47627680	rs6094752
chr20	47629833	rs6018600
chr20	47630030	rs6094753
chr20	47633957	rs6018604
chr20	47634250	rs6018606
chr20	47639206	rs4810648
chr20	47639749	rs2076546
chr20	47641880	rs365602
chr20	47645345	rs396221
chr20	47645441	rs427967
chr20	47646584	rs864338
chr20	47647599	rs6066426
chr20	47654639	rs11699879
chr20	47655658	rs12273
chr20	47659822	rs2294891
chr20	47661506	rs2281279
chr20	47661572	rs2076549
chr20	47662738	rs450110
chr20	47663405	rs2235734
chr20	47664166	rs10048853
chr20	47665981	rs2076545
chr20	47666860	rs403321
chr20	47667166	rs17726829
chr20	47667241	rs8184590
chr20	47674196	rs6018630
chr20	47674987	rs6018631
chr20	47676368	rs11906661
chr20	47677482	rs6094775
chr20	47681503	rs6066431
chr20	47682033	rs1981062
chr20	47682418	rs1591170
chr20	47682774	rs1889177
chr20	47683860	rs11699350
chr20	47685230	rs6018639
chr20	47688232	rs6063136
chr20	47689674	rs4083776
chr20	47690994	rs7260675
chr20	47691175	rs6125076
chr20	47691282	rs6066433
chr20	47691577	rs4810654
chr20	47691660	rs12624578
chr20	47692932	rs6094783
chr20	47696906	rs6066435
chr20	47697037	rs6012246
chr20	47697691	rs11700278
chr20	47697828	rs6090714
chr20	47697940	rs12481703
chr20	47698698	rs1591168
chr20	47699141	rs4239650
chr20	47700530	rs12480922
chr20	47703472	rs4402825
chr20	47703690	rs4572652
chr20	47704044	rs6094789
chr20	47706177	rs6090717
chr20	47707282	rs4549165
chr20	47707786	rs1610377
chr20	47709196	rs4809645
chr20	47709576	rs10854176
chr20	47711632	rs13043978
chr20	47711762	rs4810663
chr20	47711852	rs4239651
chr20	47712538	rs6066440
chr20	47712740	rs11907065
chr20	47715529	rs6125084
chr20	47716003	rs6063140
chr20	47717715	rs6063141
chr20	47718507	rs6018658
chr20	47719851	rs4810666
chr20	47720598	rs4809646
chr20	47726517	rs4810669
chr20	47726848	rs4810671
chr20	47727023	rs13041999
chr20	47733014	rs4809647
chr20	47733403	rs4810672
chr20	47735973	rs1889170
chr20	47736530	rs6125093
chr20	47736615	rs6063143
chr20	47736827	rs3810526
chr20	47739833	rs4810676
chr20	47740370	rs4810677
chr20	47740768	rs6066455
chr20	47740951	rs6125096
chr20	47745097	rs6063144
chr20	47751492	rs914870
chr20	47757891	rs6125102
chr20	47759242	rs4810682
chr20	47760434	rs872111
chr20	47761135	rs1930825
chr20	47763481	rs13040632
chr20	47767063	rs1413145
chr20	47771191	rs6090729
chr20	47772543	rs11699888
chr20	47772811	rs6094834
chr20	47773035	rs6094835
chr20	47774184	rs2840278
chr20	47774844	rs6094836
chr20	47774909	rs6090731
chr20	47778765	rs1316709
chr20	47779450	rs6094841
chr20	47782065	rs6018685
chr20	47789115	rs4810693
chr20	47789190	rs7270428
chr20	47789277	rs6094848
chr20	47789560	rs4810694
chr20	47789679	rs4810696
chr20	47793995	rs6018689
chr20	47794551	rs6125116
chr20	47796832	rs13038095
chr20	47803233	rs6012270
chr20	47803492	rs6066482
chr20	47803686	rs11086228
chr20	47805339	rs6012271
chr20	47805736	rs1889178
chr20	47806595	rs4810699
chr20	47807160	rs6094864
chr20	47809331	rs4810702
chr20	47809680	rs6066483
chr20	47810059	rs16992867
chr20	47810488	rs6122616
chr20	47810599	rs4809655
chr20	47811039	rs4810703
chr20	47811575	rs12480416
chr20	47811671	rs6018711
chr20	47811691	rs11697907
chr20	47812874	rs11698593
chr20	47813544	rs6094867
chr20	47816844	rs2869223
chr20	47816864	rs2869224
chr20	47817437	rs7271941
chr20	47818583	rs6018718
chr20	47823530	rs6066487
chr20	47825298	rs6012279
chr20	47826833	rs6063154
chr20	47828020	rs11699402
chr20	47839431	rs6094873
chr20	47840573	rs1361933
chr20	47840772	rs4533533
chr20	47841242	rs4809656
chr20	47849847	rs6066502
chr20	47851780	rs4810720
chr20	47851821	rs6063161
chr20	47854308	rs12481005
chr20	47854365	rs6094887
chr20	47854732	rs6094888
chr20	47855909	rs8119837
chr20	47855934	rs877801
chr20	47857430	rs6063162
chr20	47858087	rs6063163
chr20	47858156	rs6063164
chr20	47860073	rs3810528
chr20	47860118	rs3810529
chr20	47861663	rs6512486
chr20	47863052	rs6066511
chr20	47865529	rs8121426
chr20	47865566	rs8121373
chr20	47865829	rs8121494
chr20	47866379	rs6094895
chr20	47869526	rs6090754
chr20	47873009	rs1361931
chr20	47875948	rs6012288
chr20	47876981	rs3091422
chr20	47878957	rs16993045
chr20	47880129	rs3092802
chr20	47881855	rs976941
chr20	47881943	rs6066520
chr20	47882766	rs6066523
chr20	47884769	rs2426002
chr20	47885094	rs981303
chr20	47887972	rs2426003
chr20	47889240	rs6018774
chr20	47905878	rs6063173
chr20	47907490	rs6018787
chr20	47909266	rs916351
chr20	47909550	rs6018788
chr20	47914765	rs6012296
chr20	47915087	rs6063178
chr20	47916417	rs2426039
chr20	47919236	rs748365
chr20	47922335	rs992585
chr20	47923080	rs1419383
chr20	47923209	rs1419384
chr20	47923392	rs6018799
chr20	47923795	rs6066549
chr20	47924030	rs6018800
chr20	47925156	rs6063180
chr20	47925352	rs6066551
chr20	47925746	rs6066553
chr20	47930536	rs4809665
chr20	47932478	rs1041897
chr20	47932873	rs1041898
chr20	47933463	rs2426043
chr20	47935252	rs2426045
chr20	47936279	rs2426047
chr20	47937055	rs2426050
chr20	47937319	rs2426051
chr20	47938024	rs2426052
chr20	47938041	rs2426053
chr20	47939462	rs6122633
chr20	47940257	rs6094916
chr20	47940375	rs6094917
chr20	47941843	rs4809667
chr20	47944950	rs8115182
chr20	47945357	rs6012300
chr20	47946170	rs11699451
chr20	47947970	rs6125184
chr20	47948910	rs4810736
chr20	47949359	rs2869313
chr20	47949975	rs6066563
chr20	47951890	rs2664588
chr20	47953547	rs6125186
chr20	47953827	rs6125187
chr20	47954707	rs4809671
chr20	47956992	rs6063186
chr20	47963104	rs4629214
chr20	47963748	rs11086233
chr20	47964211	rs6063188
chr20	47971875	rs2869320
chr20	47973206	rs6125196
chr20	47984712	rs6018836
chr20	47988282	rs6012311
chr20	47988587	rs6094931
chr20	47991111	rs4810745
chr20	47992187	rs11086234
chr20	47992585	rs7360523
chr20	47993915	rs4810746
chr20	47997978	rs11908089
chr20	47998014	rs6066579
chr20	47998801	rs8116809
chr20	47999422	rs6063195
chr20	47999853	rs11906231
chr20	48003797	rs4810748
chr20	48004399	rs11698718
chr20	48007784	rs6018856
chr20	48009342	rs4810750
chr20	48014319	rs16993168
chr20	48022297	rs17420517
chr20	48022636	rs4810753
chr20	48025230	rs7264443
chr20	48025991	rs6018866
chr20	48029672	rs11699012
chr20	48035740	rs11698441
chr20	48036426	rs4810755
chr20	48037544	rs6125213
chr20	48040082	rs6063200
chr20	48041172	rs748995
chr20	48041722	rs729224
chr20	48042569	rs6018880
chr20	48042740	rs7271800
chr20	48045464	rs8116137
chr20	48045937	rs6125214
chr20	48046420	rs4142439
chr20	48050349	rs6090777
chr20	48051404	rs6012326
chr20	48053871	rs6094954
chr20	48055825	rs16993234
chr20	48057366	rs6066611
chr20	48057803	rs6090782
chr20	48060659	rs6018899
chr20	48063693	rs6018901
chr20	48063768	rs6090783
chr20	48071142	rs6018906
chr20	48071416	rs4810761
chr20	48072121	rs7362606
chr20	48072482	rs11699356
chr20	48076939	rs6063208
chr20	48078923	rs11699805
chr20	48079289	rs6125224
chr20	48080201	rs6094958
chr20	48081897	rs1475338
chr20	48085836	rs6018912
chr20	48090753	rs16993261
chr20	48096656	rs6125226
chr20	48105813	rs6012333
chr20	48106967	rs6018919
chr20	48107082	rs6018920
chr20	48111327	rs1325760
chr20	48112605	rs227874
chr20	48120438	rs4141549
chr20	48123622	rs6018928
chr20	48128545	rs616134
chr20	48130560	rs645580
chr20	48130679	rs646069
chr20	48132847	rs927478
chr20	48135716	rs6066638
chr20	48135884	rs1133029
chr20	48138791	rs6094985
chr20	48140857	rs4624440
chr20	48141468	rs6094986
chr20	48141906	rs6018943
chr20	48142382	rs6094987
chr20	48143136	rs1993380
chr20	48144155	rs13042256
chr20	48144280	rs13041253
chr20	48144471	rs6066641
chr20	48146155	rs911952
chr20	48146406	rs911953
chr20	48146773	rs17331951
chr20	48147864	rs151050
chr20	48148260	rs227880
chr20	48149053	rs6063217
chr20	48149183	rs151052
chr20	48149365	rs227882
chr20	48149399	rs6066644
chr20	48149540	rs11908492
chr20	48149582	rs6066645
chr20	48149760	rs11700195
chr20	48149831	rs11700186
chr20	48149861	rs6066646
chr20	48150359	rs6094991
chr20	48150699	rs6066649
chr20	48151612	rs162083
chr20	48152035	rs162082
chr20	48152820	rs1028660
chr20	48153562	rs7261280
chr20	48153920	rs227877
chr20	48154189	rs227876
chr20	48155014	rs2869347
chr20	48156002	rs162079
chr20	48156085	rs162078
chr20	48156756	rs162076
chr20	48157026	rs2904065
chr20	48158200	rs456578
chr20	48158473	rs827949
chr20	48158559	rs827948
chr20	48158716	rs827946
chr20	48158750	rs827945
chr20	48158771	rs6063219
chr20	48159082	rs827944
chr20	48159120	rs827943
chr20	48159572	rs6066655
chr20	48159647	rs6066656
chr20	48160764	rs13036818
chr20	48160823	rs461822
chr20	48161032	rs932674
chr20	48161814	rs11700001
chr20	48163493	rs827941
chr20	48164500	rs827936
chr20	48164651	rs12624955
chr20	48164799	rs827935
chr20	48165026	rs827934
chr20	48165502	rs363896
chr20	48165913	rs874400
chr20	48166360	rs2093511
chr20	48166660	rs827930
chr20	48166870	rs666753
chr20	48167210	rs730944
chr20	48167333	rs2869349
chr20	48167680	rs707513
chr20	48170139	rs228200
chr20	48170519	rs228203
chr20	48170670	rs228205
chr20	48170743	rs228206
chr20	48172293	rs228215
chr20	48172700	rs228217
chr20	48172924	rs228218
chr20	48173335	rs228220
chr20	48173633	rs13040283
chr20	48173681	rs228221
chr20	48173896	rs228222
chr20	48174383	rs228224
chr20	48175734	rs688975
chr20	48175765	rs482852
chr20	48176216	rs12624655
chr20	48176278	rs676250
chr20	48177150	rs2034811
chr20	48178118	rs4809679
chr20	48178553	rs852338
chr20	48181502	rs6066665
chr20	48181615	rs852341
chr20	48183056	rs707516
chr20	48184426	rs852328
chr20	48185732	rs11907901
chr20	48186633	rs852333
chr20	48187136	rs13044311
chr20	48188157	rs852335
chr20	48191867	rs6018960
chr20	48197405	rs852348
chr20	48197525	rs6066667
chr20	48198398	rs852349
chr20	48199417	rs852350
chr20	48199931	rs4810768
chr20	48200122	rs6095008
chr20	48200490	rs11906369
chr20	48202997	rs6018970
chr20	48203756	rs4810772
chr20	48204911	rs852353
chr20	48204943	rs864073
chr20	48205660	rs852355
chr20	48206705	rs7264562
chr20	48208229	rs852358
chr20	48208679	rs852361
chr20	48208746	rs852362
chr20	48208958	rs16993444
chr20	48209344	rs6018975
chr20	48209712	rs852364
chr20	48211372	rs852369
chr20	48211575	rs852371
chr20	48212206	rs754743
chr20	48212256	rs754745
chr20	48212554	rs852373
chr20	48213208	rs6125252
chr20	48216323	rs6095016
chr20	48217333	rs372096
chr20	48217671	rs435763
chr20	48218033	rs6018981
chr20	48218423	rs437107
chr20	48219119	rs4810774
chr20	48219429	rs4810775
chr20	48219845	rs735098
chr20	48220987	rs4809683
chr20	48221590	rs11086250
chr20	48222871	rs4321425
chr20	48223140	rs3091449
chr20	48223181	rs98531
chr20	48223394	rs752255
chr20	48224051	rs13433091
chr20	48224399	rs6018984
chr20	48225607	rs4369922
chr20	48225739	rs226826
chr20	48226116	rs13037661
chr20	48227077	rs7274174
chr20	48228480	rs12625133
chr20	48229414	rs17335105
chr20	48229911	rs7269193
chr20	48229971	rs226834
chr20	48231517	rs6018986
chr20	48231765	rs226835
chr20	48234142	rs16993521
chr20	48234518	rs927150
chr20	48234641	rs10485606
chr20	48235169	rs639724
chr20	48237024	rs11907057
chr20	48238264	rs391144
chr20	48239444	rs6066675
chr20	48243984	rs6018995
chr20	48244539	rs11908505
chr20	48245346	rs17426591
chr20	48246098	rs16993533
chr20	48246409	rs6095030
chr20	48249591	rs226841
chr20	48249622	rs226842
chr20	48249655	rs226843
chr20	48249703	rs226844
chr20	48249979	rs170536
chr20	48251927	rs226800
chr20	48251954	rs226799
chr20	48254388	rs6090818
chr20	48256979	rs2021812
chr20	48257164	rs465387
chr20	48258047	rs6095031
chr20	48258912	rs421630
chr20	48259444	rs179047
chr20	48260516	rs226811
chr20	48261190	rs8123166
chr20	48262499	rs226810
chr20	48264505	rs413062
chr20	48264968	rs226821
chr20	48265834	rs11086251
chr20	48267206	rs226818
chr20	48268200	rs11699291
chr20	48268738	rs226815
chr20	48269629	rs17427380
chr20	48272703	rs6063231
chr20	48272888	rs6066683
chr20	48283992	rs226822
chr20	48289794	rs765637
chr20	48294318	rs16993594
chr20	48295374	rs7274298
chr20	48295683	rs6125266
chr20	48295866	rs6125267
chr20	48296123	rs401976
chr20	48299118	rs438720
chr20	48305900	rs450458
chr20	48306065	rs16993634
chr20	48308305	rs2426063
chr20	48309902	rs17428274
chr20	48311368	rs6066693
chr20	48313747	rs6125278
chr20	48314477	rs6019036
chr20	48318896	rs432379
chr20	48325153	rs6125285
chr20	48326413	rs6125286
chr20	48326555	rs414644
chr20	48327220	rs453410
chr20	48328449	rs6125290
chr20	48329410	rs6125292
chr20	48330553	rs6019047
chr20	48331510	rs6019048
chr20	48333567	rs16993675
chr20	48334037	rs6019056
chr20	48336719	rs6019059
chr20	48337090	rs6019060
chr20	48338866	rs6095072
chr20	48338924	rs435954
chr20	48339992	rs380371
chr20	48340021	rs380410
chr20	48340307	rs380663
chr20	48340546	rs381368
chr20	48341215	rs6063242
chr20	48341511	rs911106
chr20	48342420	rs399863
chr20	48344196	rs8123281
chr20	48344209	rs410426
chr20	48345783	rs8114130
chr20	48348412	rs428597
chr20	48350369	rs8125896
chr20	48350646	rs6012399
chr20	48351416	rs6095074
chr20	48352159	rs6019078
chr20	48352433	rs6095076
chr20	48353103	rs8117242
chr20	48353575	rs6095078
chr20	48358560	rs6066708
chr20	48361033	rs2038688
chr20	48366958	rs749043
chr20	48366987	rs749044
chr20	48375723	rs1016088
chr20	48379098	rs6095091
chr20	48381479	rs16993703
chr20	48381773	rs6122673
chr20	48382076	rs6063248
chr20	48382642	rs6063249
chr20	48382937	rs6019104
chr20	48383513	rs2296090
chr20	48384615	rs16993716
chr20	48386194	rs6063250
chr20	48386414	rs6063251
chr20	48386978	rs6095097
chr20	48387745	rs6019114
chr20	48388484	rs6066722
chr20	48389695	rs6066724
chr20	48390601	rs6019122
chr20	48391379	rs6019125
chr20	48392773	rs6066726
chr20	48394155	rs17430107
chr20	48395620	rs4810782
chr20	48399025	rs4810783
chr20	48399072	rs4809688
chr20	48400790	rs6095102
chr20	48403177	rs2869367
chr20	48403529	rs4810786
chr20	48404632	rs1555581
chr20	48404963	rs6125316
chr20	48405019	rs6012415
chr20	48405086	rs6012416
chr20	48406273	rs6019137
chr20	48408567	rs16993748
chr20	48409559	rs4810788
chr20	48409886	rs912271
chr20	48410063	rs912272
chr20	48410619	rs737329
chr20	48411694	rs6012419
chr20	48411892	rs4810789
chr20	48413531	rs1886010
chr20	48413666	rs2869372
chr20	48414266	rs12480425
chr20	48414622	rs6095112
chr20	48414966	rs4809692
chr20	48415199	rs4809694
chr20	48421740	rs6012422
chr20	48423483	rs16993776
chr20	48423578	rs17430782
chr20	48426526	rs999151
chr20	48432723	rs910194
chr20	48435141	rs6122682
chr20	48442479	rs1321004
chr20	48447733	rs6019191
chr20	48448469	rs4810795
chr20	48450711	rs926693
chr20	48455982	rs6095130
chr20	48457407	rs1883886
chr20	48460986	rs6095135
chr20	48461964	rs13045158
chr20	48464235	rs12479479
chr20	48465066	rs12624650
chr20	48468767	rs7269487
chr20	48469509	rs17347022
chr20	48475368	rs6019224
chr20	48476787	rs6012442
chr20	48477956	rs4810801
chr20	48481354	rs6125342
chr20	48481884	rs6012446
chr20	48484220	rs6012447
chr20	48486144	rs6095147
chr20	48489519	rs6095150
chr20	48489530	rs16992964
chr20	48491735	rs6125345
chr20	48498295	rs6019243
chr20	48524983	rs6095168
chr20	48525214	rs17347590
chr20	48525749	rs6122695
chr20	48526510	rs1980507
chr20	48527499	rs1321010
chr20	48528624	rs2426079
chr20	48529515	rs6012463
chr20	48530672	rs6019266
chr20	48533730	rs7268640
chr20	48533869	rs7261007
chr20	48534094	rs7261139
chr20	48535651	rs8117524
chr20	48535888	rs6019271
chr20	48536669	rs6019272
chr20	48538825	rs16993892
chr20	48538897	rs16993895
chr20	48544092	rs1997856
chr20	48548239	rs6019278
chr20	48549993	rs755125
chr20	48554800	rs1883888
chr20	48555114	rs910196
chr20	48559136	rs1358721
chr20	48561230	rs2057087
chr20	48563115	rs878198
chr20	48568341	rs6019284
chr20	48570547	rs6012480
chr20	48572693	rs4810819
chr20	48572946	rs4810820
chr20	48574797	rs6012481
chr20	48575853	rs16993927
chr20	48576504	rs4810822
chr20	48578972	rs6012484
chr20	48580982	rs6066766
chr20	48584253	rs6063278
chr20	48584501	rs6063279
chr20	48584971	rs6019300
chr20	48592907	rs3924220
chr20	48595263	rs6090877
chr20	48595903	rs6095197
chr20	48597255	rs6019301
chr20	48597721	rs4810829
chr20	48600103	rs6012490
chr20	48602266	rs6066773
chr20	48602839	rs6019305
chr20	48602950	rs6063286
chr20	48603202	rs4810830
chr20	48605099	rs6063287
chr20	48609474	rs4810831
chr20	48609712	rs6066779
chr20	48610312	rs9941753
chr20	48611439	rs16993962
chr20	48612393	rs4810836
chr20	48613038	rs6125397
chr20	48613049	rs11905650
chr20	48614313	rs4810839
chr20	48614694	rs6019317
chr20	48623543	rs6019321
chr20	48623832	rs11696140
chr20	48624820	rs2664570
chr20	48625080	rs2598
chr20	48626626	rs3934721
chr20	48629223	rs4076292
chr20	48629589	rs3936193
chr20	48629643	rs11699725
chr20	48631226	rs6066789
chr20	48631519	rs4809712
chr20	48632578	rs4487145
chr20	48632651	rs4413212
chr20	48632917	rs4810845
chr20	48635149	rs6066791
chr20	48636214	rs6019328
chr20	48639941	rs4611698
chr20	48642075	rs4596036
chr20	48642225	rs16993997
chr20	48644107	rs6019342
chr20	48644479	rs6066802
chr20	48645784	rs6066804
chr20	48646011	rs6012504
chr20	48647213	rs4809715
chr20	48652999	rs2073073
chr20	48653336	rs742643
chr20	48656499	rs723291
chr20	48657599	rs6019348
chr20	48658595	rs16994003
chr20	48658707	rs6019349
chr20	48659843	rs2294910
chr20	48663338	rs6095228
chr20	48673137	rs12480665
chr20	48673218	rs6019360
chr20	48673406	rs4810849
chr20	48674346	rs6019361
chr20	48679476	rs2904167
chr20	48681001	rs6095239
chr20	48683332	rs6066815
chr20	48685521	rs4810860
chr20	48685602	rs4809716
chr20	48686938	rs2038178
chr20	48687702	rs729664
chr20	48687768	rs729663
chr20	48690000	rs12479858
chr20	48691080	rs3746820
chr20	48699043	rs761272
chr20	48699944	rs4516495
chr20	48701906	rs6066820
chr20	48702307	rs6019380
chr20	48702769	rs3827042
chr20	48703030	rs7346029
chr20	48703495	rs7268357
chr20	48703673	rs2143563
chr20	48703856	rs6019382
chr20	48703939	rs4809719
chr20	48704291	rs6095246
chr20	48704297	rs6095247
chr20	48704394	rs6095248
chr20	48705627	rs6095250
chr20	48706099	rs6019384
chr20	48706785	rs6012515
chr20	48708922	rs17436308
chr20	48709462	rs6012519
chr20	48711820	rs4810865
chr20	48712604	rs6019388
chr20	48716606	rs6012521
chr20	48718479	rs4455220
chr20	48718791	rs13036459
chr20	48719029	rs926630
chr20	48719198	rs926629
chr20	48721302	rs12106159
chr20	48723090	rs968479
chr20	48723204	rs968478
chr20	48723580	rs6066825
chr20	48724775	rs4809720
chr20	48726277	rs12480096
chr20	48726522	rs6063312
chr20	48729688	rs6122718
chr20	48733341	rs11699576
chr20	48734558	rs6122720
chr20	48735093	rs6066829
chr20	48736569	rs6063314
chr20	48737332	rs4809721
chr20	48737360	rs6066830
chr20	48737471	rs4809722
chr20	48738343	rs2223684
chr20	48738472	rs6066835
chr20	48739946	rs6066836
chr20	48743066	rs11698214
chr20	48743414	rs6066838
chr20	48744982	rs3746816
chr20	48745188	rs8123336
chr20	48746693	rs6095276
chr20	48746720	rs6095277
chr20	48747543	rs2073071
chr20	48752761	rs1883743
chr20	48752910	rs1883744
chr20	48757521	rs11907586
chr20	48759054	rs13045364
chr20	48764453	rs6019409
chr20	48765097	rs16994118
chr20	48765519	rs2426090
chr20	48767718	rs2426092
chr20	48768930	rs2426097
chr20	48769919	rs1555140
chr20	48771162	rs998915
chr20	48772563	rs6125463
chr20	48776978	rs2426101
chr20	48777953	rs2426103
chr20	48778251	rs4810877
chr20	48779663	rs6066856
chr20	48781220	rs2104135
chr20	48789507	rs6019420
chr20	48791877	rs2208589
chr20	48794400	rs11700187
chr20	48796542	rs6095298
chr20	48797766	rs747786
chr20	48800720	rs2093348
chr20	48804143	rs2869675
chr20	48804527	rs2145836
chr20	48805556	rs6019431
chr20	48805851	rs6095300
chr20	48807026	rs6012536
chr20	48807148	rs6019434
chr20	48807489	rs2869676
chr20	48813028	rs6095302
chr20	48813791	rs2180982
chr20	48816262	rs13038477
chr20	48816978	rs745086
chr20	48818502	rs752421
chr20	48825466	rs6095314
chr20	48829042	rs1885290
chr20	48831423	rs720727
chr20	48832634	rs6095323
chr20	48837065	rs6095325
chr20	48841515	rs13043461
chr20	48847194	rs17445063
chr20	48849144	rs6090915
chr20	48852277	rs16994202
chr20	48853760	rs17366684
chr20	48854681	rs13040284
chr20	48856501	rs2145839
chr20	48858272	rs6125479
chr20	48861169	rs6012542
chr20	48863239	rs6019464
chr20	48864433	rs3092281
chr20	48864755	rs6512547
chr20	48865294	rs17366795
chr20	48865401	rs17445251
chr20	48872270	rs6012544
chr20	48877317	rs3092319
chr20	48878894	rs6019480
chr20	48882019	rs6012545
chr20	48882584	rs6090919
chr20	48882633	rs3092566
chr20	48882818	rs6095343
chr20	48883538	rs6066894
chr20	48885239	rs6090921
chr20	48887110	rs6122730
chr20	48890385	rs6019495
chr20	48893556	rs2179766
chr20	48893954	rs17445665
chr20	48894478	rs6019500
chr20	48898026	rs6019503
chr20	48898058	rs6019504
chr20	48901257	rs2024594
chr20	48901359	rs2024595
chr20	48901515	rs2024596
chr20	48905007	rs4810884
chr20	48908920	rs4810890
chr20	48909470	rs6019512
chr20	48910022	rs1997852
chr20	48911906	rs6012556
chr20	48913376	rs6066909
chr20	48914749	rs6012558
chr20	48915999	rs6095360
chr20	48918724	rs6012562
chr20	48918761	rs4810896
chr20	48919660	rs6095361
chr20	48919797	rs6095363
chr20	48920887	rs6066912
chr20	48925063	rs6012564
chr20	48937855	rs4810898
chr20	48939406	rs6019543
chr20	48942727	rs6012568
chr20	48946189	rs6019548
chr20	48949242	rs1883881
chr20	48955745	rs1983639
chr20	48957466	rs3795086
chr20	48957515	rs3795085
chr20	48963810	rs2295031
chr20	48972031	rs6066932
chr20	48972585	rs2273102
chr20	48974027	rs1115535
chr20	48974545	rs6019566
chr20	48983204	rs6019571
chr20	48985802	rs1997854
chr20	48986704	rs1569750
chr20	48988288	rs4810905
chr20	48990609	rs6019574
chr20	49001028	rs6125521
chr20	49005017	rs4810910
chr20	49009879	rs6125522
chr20	49010310	rs2295580
chr20	49010633	rs6095396
chr20	49011035	rs6019581
chr20	49011068	rs6019582
chr20	49011633	rs3818224
chr20	49011662	rs2273530
chr20	49011826	rs1535268
chr20	49011897	rs2273531
chr20	49013285	rs6095397
chr20	49013912	rs2281582
chr20	49016217	rs1473718
chr20	49023200	rs7270848
chr20	49030531	rs3091529
chr20	49031125	rs6019601
chr20	49034955	rs6019602
chr20	49036869	rs6019603
chr20	49049075	rs10485609
chr20	49052159	rs6019615
chr20	49054009	rs6095411
chr20	49062233	rs3092039
chr20	49063426	rs6019621
chr20	49069504	rs2734902
chr20	49069753	rs1983528
chr20	49074908	rs3092153
chr20	49084227	rs16994382
chr20	49084802	rs2075678
chr20	49085052	rs2075679
chr20	49085228	rs1885163
chr20	49087273	rs6125539
chr20	49088699	rs2426127
chr20	49088959	rs1538482
chr20	49096526	rs17632
chr20	49097395	rs2426130
chr20	49099914	rs1556876
chr20	49104555	rs911412
chr20	49109033	rs6125553
chr20	49110804	rs6066968
chr20	49112718	rs2057342
chr20	49115230	rs11697370
chr20	49119775	rs3818261
chr20	49121541	rs3092791
chr20	49123018	rs348260
chr20	49123277	rs2295714
chr20	49133048	rs6095449
chr20	49133840	rs6066975
chr20	49139205	rs6066978
chr20	49144962	rs348282
chr20	49149660	rs7272164
chr20	49154219	rs2273653
chr20	49156038	rs6122758
chr20	49156725	rs348271
chr20	49157975	rs6019663
chr20	49162065	rs4141783
chr20	49169991	rs348275
chr20	49170850	rs348274
chr20	49174314	rs624945
chr20	49181116	rs6122763
chr20	49184620	rs2426143
chr20	49184998	rs348284
chr20	49186756	rs348286
chr20	49189278	rs348292
chr20	49189797	rs348293
chr20	49201278	rs13036715
chr20	49209350	rs6090949
chr20	49215367	rs6019687
chr20	49216881	rs6512575
chr20	49219081	rs13038202
chr20	49221331	rs6019695
chr20	49223054	rs2273145
chr20	49223116	rs2273146
chr20	49226316	rs238162
chr20	49233009	rs6122768
chr20	49233645	rs238148
chr20	49235382	rs238150
chr20	49236285	rs238152
chr20	49239772	rs238158
chr20	49242385	rs238203
chr20	49242422	rs2273147
chr20	49242478	rs238204
chr20	49245913	rs7689
chr20	49248835	rs238208
chr20	49248972	rs238209
chr20	49249247	rs6512577
chr20	49249874	rs6063378
chr20	49252654	rs6122777
chr20	49253969	rs238215
chr20	49255790	rs238220
chr20	49256259	rs6012627
chr20	49257468	rs3021
chr20	49262845	rs238175
chr20	49265430	rs1567865
chr20	49270147	rs57950
chr20	49270339	rs3746554
chr20	49274119	rs7266044
chr20	49275733	rs238191
chr20	49276477	rs6122779
chr20	49278538	rs3818067
chr20	49278705	rs6648
chr20	49281680	rs238196
chr20	49283627	rs6067034
chr20	49286239	rs237744
chr20	49286482	rs237743
chr20	49288971	rs8197
chr20	49292574	rs237702
chr20	49296489	rs237708
chr20	49297041	rs6067037
chr20	49297902	rs9808589
chr20	49297921	rs237707
chr20	49303350	rs237719
chr20	49307077	rs11907908
chr20	49316942	rs381262
chr20	49322296	rs6067054
chr20	49323953	rs237730
chr20	49324218	rs237731
chr20	49325443	rs237733
chr20	49333298	rs674063
chr20	49336355	rs932442
chr20	49337232	rs7261606
chr20	49338594	rs1007129
chr20	49339350	rs3091609
chr20	49343245	rs2426147
chr20	49346695	rs1875721
chr20	49353727	rs2202261
chr20	49357667	rs6095492
chr20	49357951	rs3092378
chr20	49358478	rs237484
chr20	49365591	rs237450
chr20	49367809	rs17786947
chr20	49372368	rs1051295
chr20	49375641	rs6019774
chr20	49376465	rs7269408
chr20	49377361	rs237480
chr20	49381992	rs13433293
chr20	49382471	rs3091458
chr20	49382625	rs183546
chr20	49384161	rs3091796
chr20	49385458	rs2426154
chr20	49386038	rs6019784
chr20	49387701	rs237485
chr20	49389770	rs1961192
chr20	49390196	rs910160
chr20	49390663	rs9636516
chr20	49391744	rs10485610
chr20	49392908	rs6019794
chr20	49394255	rs6019800
chr20	49394471	rs756529
chr20	49396832	rs6019806
chr20	49399672	rs6063397
chr20	49405094	rs16994569
chr20	49405171	rs6019816
chr20	49406291	rs8115327
chr20	49407099	rs2057077
chr20	49408565	rs6067085
chr20	49409824	rs12624589
chr20	49410025	rs6090975
chr20	49410131	rs6067087
chr20	49410926	rs6125647
chr20	49411634	rs6095508
chr20	49413473	rs926673
chr20	49413854	rs237454
chr20	49414276	rs237455
chr20	49415093	rs237459
chr20	49416666	rs237462
chr20	49417294	rs237463
chr20	49419060	rs119416
chr20	49422179	rs6090978
chr20	49422880	rs6019825
chr20	49424674	rs3787317
chr20	49427199	rs237472
chr20	49427273	rs237473
chr20	49427654	rs11905489
chr20	49432969	rs237475
chr20	49433596	rs6095519
chr20	49434845	rs237476
chr20	49435810	rs6019831
chr20	49436075	rs6012664
chr20	49440124	rs6019839
chr20	49440911	rs237477
chr20	49443609	rs7264104
chr20	49444052	rs6019841
chr20	49444608	rs742759
chr20	49445275	rs742758
chr20	49449322	rs237478
chr20	49451358	rs3787322
chr20	49459375	rs579113
chr20	49460077	rs572845
chr20	49460690	rs6019852
chr20	49461665	rs610412
chr20	49463493	rs13044588
chr20	49465446	rs6019855
chr20	49468115	rs10485612
chr20	49469295	rs802950
chr20	49469732	rs802952
chr20	49470871	rs653070
chr20	49471334	rs4809745
chr20	49471461	rs552068
chr20	49475527	rs6019860
chr20	49475539	rs562954
chr20	49477821	rs479800
chr20	49478053	rs566604
chr20	49480944	rs6090988
chr20	49484811	rs1502245
chr20	49486648	rs6012676
chr20	49487693	rs6019869
chr20	49490871	rs544187
chr20	49492938	rs11700222
chr20	49493038	rs495539
chr20	49493237	rs506958
chr20	49493651	rs6095541
chr20	49495083	rs556731
chr20	49498698	rs1393342
chr20	49500145	rs7267020
chr20	49500418	rs6095546
chr20	49502285	rs6095547
chr20	49502893	rs491025
chr20	49503646	rs574113
chr20	49503837	rs571907
chr20	49504240	rs4647
chr20	49504306	rs5619
chr20	49504833	rs5613
chr20	49505441	rs5602
chr20	49505603	rs5601
chr20	49506225	rs5600
chr20	49507804	rs5585
chr20	49509081	rs16994651
chr20	49510445	rs576119
chr20	49510639	rs729824
chr20	49511582	rs11696747
chr20	49513169	rs5629
chr20	49513791	rs495146
chr20	49514091	rs6019879
chr20	49514445	rs7274202
chr20	49515112	rs6019880
chr20	49517245	rs6090996
chr20	49518079	rs11906639
chr20	49522434	rs508757
chr20	49524145	rs5628
chr20	49526825	rs522962
chr20	49537207	rs11700258
chr20	49539230	rs501908
chr20	49546607	rs515633
chr20	49550666	rs12625166
chr20	49559061	rs6125671
chr20	49559141	rs491490
chr20	49561247	rs476496
chr20	49561437	rs927068
chr20	49561676	rs6019902
chr20	49563521	rs477627
chr20	49571542	rs693649
chr20	49573150	rs6019910
chr20	49573849	rs6012696
chr20	49574399	rs17787765
chr20	49582202	rs555715
chr20	49582382	rs557446
chr20	49583419	rs477359
chr20	49583462	rs3848685
chr20	49585103	rs535249
chr20	49588518	rs473069
chr20	49588889	rs580544
chr20	49588957	rs548552
chr20	49590049	rs527643
chr20	49591123	rs500670
chr20	49593101	rs544334
chr20	49593459	rs6067128
chr20	49593562	rs508864
chr20	49595568	rs479180
chr20	49595769	rs566718
chr20	49601624	rs6063413
chr20	49603475	rs6125685
chr20	49603487	rs6125686
chr20	49603545	rs6019930
chr20	49603565	rs235018
chr20	49605241	rs235022
chr20	49605396	rs235024
chr20	49608197	rs235003
chr20	49608219	rs235004
chr20	49614604	rs235017
chr20	49619136	rs3091975
chr20	49621900	rs235038
chr20	49623107	rs235039
chr20	49626139	rs399360
chr20	49629772	rs235028
chr20	49630591	rs235029
chr20	49631715	rs235030
chr20	49633675	rs17785427
chr20	49640268	rs453071
chr20	49640612	rs421801
chr20	49642497	rs2235855
chr20	49643666	rs6122802
chr20	49646312	rs6125699
chr20	49646908	rs6125700
chr20	49650168	rs6095600
chr20	49650254	rs803194
chr20	49654239	rs4141587
chr20	49656637	rs2273086
chr20	49659473	rs6067169
chr20	49662640	rs6091023
chr20	49666834	rs3787325
chr20	49672515	rs6122806
chr20	49674401	rs6067173
chr20	49680716	rs6012712
chr20	49684609	rs6512586
chr20	49687318	rs6125715
chr20	49689008	rs968149
chr20	49690761	rs6125716
chr20	49692819	rs6125718
chr20	49698840	rs6067188
chr20	49701769	rs913477
chr20	49709017	rs6067191
chr20	49710166	rs17195011
chr20	49711163	rs1571367
chr20	49712647	rs3787327
chr20	49714983	rs951497
chr20	49723499	rs6019998
chr20	49730014	rs6095624
chr20	49731012	rs12106002
chr20	49735043	rs6095638
chr20	49735661	rs6095639
chr20	49737530	rs7273711
chr20	49737700	rs6095640
chr20	49744741	rs6063427
chr20	49745031	rs11699500
chr20	49748660	rs6091039
chr20	49750087	rs4810985
chr20	49757259	rs6122822
chr20	49757288	rs658777
chr20	49760757	rs7260990
chr20	49762203	rs6095646
chr20	49763648	rs12625137
chr20	49764945	rs681074
chr20	49767147	rs651195
chr20	49767457	rs6095651
chr20	49769944	rs663573
chr20	49769972	rs586837
chr20	49771180	rs679376
chr20	49774907	rs660613
chr20	49775557	rs6063428
chr20	49778054	rs582998
chr20	49780638	rs663867
chr20	49780654	rs607080
chr20	49782342	rs6020041
chr20	49786834	rs584803
chr20	49787927	rs667008
chr20	49788631	rs663890
chr20	49790590	rs618019
chr20	49791143	rs11905002
chr20	49793235	rs11697517
chr20	49793866	rs678634
chr20	49797281	rs2869931
chr20	49799695	rs1328455
chr20	49799923	rs605963
chr20	49803596	rs605138
chr20	49805143	rs7264383
chr20	49807219	rs4297943
chr20	49808481	rs4810987
chr20	49810490	rs1329279
chr20	49811665	rs2869932
chr20	49813169	rs8121969
chr20	49813757	rs6063437
chr20	49814143	rs6012750
chr20	49816522	rs17785895
chr20	49818099	rs8118160
chr20	49818871	rs719219
chr20	49820922	rs6020068
chr20	49823486	rs1328454
chr20	49824631	rs6063438
chr20	49824970	rs6067243
chr20	49829754	rs17724104
chr20	49830059	rs17786027
chr20	49830616	rs2149278
chr20	49830689	rs16994932
chr20	49831743	rs6020073
chr20	49836135	rs6020077
chr20	49838134	rs4809760
chr20	49842825	rs6091060
chr20	49848282	rs6020085
chr20	49850348	rs17786105
chr20	49851179	rs530461
chr20	49853027	rs17786130
chr20	49858231	rs596195
chr20	49863717	rs627898
chr20	49866455	rs676035
chr20	49867588	rs568124
chr20	49867704	rs2281223
chr20	49871942	rs652217
chr20	49874367	rs585976
chr20	49874721	rs542234
chr20	49883072	rs483508
chr20	49885069	rs645544
chr20	49886924	rs7270636
chr20	49888929	rs1062840
chr20	49889653	rs3210879
chr20	49889801	rs3210880
chr20	49891375	rs13433386
chr20	49895107	rs528075
chr20	49896699	rs471054
chr20	49902687	rs615868
chr20	49906048	rs492702
chr20	49907751	rs636987
chr20	49908290	rs2769982
chr20	49908841	rs2769980
chr20	49908923	rs2745078
chr20	49910886	rs2769978
chr20	49913224	rs2268324
chr20	49915555	rs1008687
chr20	49917766	rs3761177
chr20	49920717	rs6067270
chr20	49923614	rs1076693
chr20	49924646	rs6125813
chr20	49931743	rs11696404
chr20	49937166	rs6125825
chr20	49938133	rs2038127
chr20	49939692	rs1056198
chr20	49952392	rs6125829
chr20	49952590	rs2235616
chr20	49952741	rs6067282
chr20	49955136	rs4810994
chr20	49955265	rs4810995
chr20	49957579	rs1883553
chr20	49958778	rs11697848
chr20	49961635	rs6067287
chr20	49962811	rs4810997
chr20	49975221	rs6020157
chr20	49978141	rs6020166
chr20	49981122	rs6020170
chr20	49981882	rs6125849
chr20	49983423	rs6095728
chr20	49984020	rs4647959
chr20	49984387	rs4647957
chr20	49986787	rs6020177
chr20	49987403	rs6020178
chr20	49993756	rs6067309
chr20	49998047	rs7274092
chr20	50001086	rs6091084
chr20	50001908	rs6020187
chr20	50012420	rs6067319
chr20	50018284	rs6020202
chr20	50025799	rs6067324
chr20	50027113	rs1555317
chr20	50032390	rs1973945
chr20	50032675	rs6063464
chr20	50033852	rs6020218
chr20	50038479	rs4811002
chr20	50041775	rs6125877
chr20	50042806	rs6067330
chr20	50046045	rs11697330
chr20	50048337	rs6125878
chr20	50050053	rs6095741
chr20	50058812	rs6091092
chr20	50061514	rs6125883
chr20	50062087	rs6067339
chr20	50067901	rs6020235
chr20	50067982	rs6067341
chr20	50071909	rs6020238
chr20	50075918	rs1000595
chr20	50076901	rs17196256
chr20	50077467	rs2017733
chr20	50080711	rs8116468
chr20	50082246	rs1049679
chr20	50083114	rs6125888
chr20	50083259	rs2073053
chr20	50087758	rs2301021
chr20	50087982	rs2301020
chr20	50089628	rs2269218
chr20	50091019	rs6020247
chr20	50095033	rs6020257
chr20	50103142	rs2869955
chr20	50108761	rs2269214
chr20	50113494	rs383495
chr20	50117482	rs1928546
chr20	50120977	rs6012846
chr20	50124008	rs2664558
chr20	50124635	rs6125909
chr20	50126487	rs13040401
chr20	50127259	rs6122877
chr20	50129652	rs6122878
chr20	50132435	rs1980925
chr20	50132910	rs6122879
chr20	50136173	rs6122880
chr20	50138474	rs232739
chr20	50139019	rs232738
chr20	50141654	rs3746559
chr20	50142461	rs7270617
chr20	50147758	rs232736
chr20	50150314	rs232734
chr20	50152518	rs6020298
chr20	50154354	rs170825
chr20	50156017	rs6125918
chr20	50159505	rs6020300
chr20	50161530	rs1971483
chr20	50162588	rs6020307
chr20	50165204	rs6020311
chr20	50165997	rs4591400
chr20	50169386	rs6020323
chr20	50176825	rs2869961
chr20	50178876	rs6125931
chr20	50179594	rs932905
chr20	50186457	rs6020348
chr20	50186832	rs6095811
chr20	50189778	rs1888086
chr20	50193088	rs4253449
chr20	50195497	rs2869962
chr20	50195590	rs2904254
chr20	50200194	rs6020363
chr20	50207181	rs7265852
chr20	50213728	rs6012876
chr20	50219711	rs6125942
chr20	50219938	rs6091116
chr20	50220081	rs13045110
chr20	50221254	rs6020373
chr20	50221324	rs10485613
chr20	50222369	rs6020374
chr20	50222982	rs4811006
chr20	50224715	rs6012880
chr20	50225235	rs6020377
chr20	50226090	rs6020379
chr20	50227723	rs6122890
chr20	50227756	rs6095836
chr20	50227811	rs6020381
chr20	50227828	rs6012881
chr20	50227852	rs4811008
chr20	50228345	rs16995131
chr20	50234655	rs4811011
chr20	50237647	rs6020389
chr20	50238499	rs6020391
chr20	50244757	rs4811012
chr20	50246554	rs6122894
chr20	50256641	rs6067378
chr20	50257131	rs944927
chr20	50257840	rs944932
chr20	50259894	rs6067385
chr20	50264730	rs6067388
chr20	50267994	rs4809773
chr20	50270556	rs6012888
chr20	50270731	rs17196752
chr20	50273798	rs16995143
chr20	50275837	rs17789629
chr20	50277887	rs2274950
chr20	50278335	rs3761180
chr20	50278382	rs12625213
chr20	50279970	rs913683
chr20	50280246	rs6020414
chr20	50280667	rs8115350
chr20	50281829	rs8123854
chr20	50281932	rs4811019
chr20	50282076	rs6125965
chr20	50283557	rs6122895
chr20	50286497	rs4811020
chr20	50287577	rs7262096
chr20	50289452	rs2904263
chr20	50289662	rs6095862
chr20	50289979	rs913670
chr20	50291454	rs4811022
chr20	50291503	rs913673
chr20	50291603	rs871750
chr20	50291755	rs913674
chr20	50292156	rs4811023
chr20	50292743	rs17196808
chr20	50293130	rs6020423
chr20	50294409	rs12480012
chr20	50297407	rs6067396
chr20	50297815	rs6091130
chr20	50298252	rs8184448
chr20	50298580	rs6020425
chr20	50299229	rs6125971
chr20	50299874	rs6063500
chr20	50300437	rs13039894
chr20	50300452	rs4809774
chr20	50300714	rs4809775
chr20	50301883	rs7269352
chr20	50302580	rs4809776
chr20	50303610	rs6012895
chr20	50304579	rs1004414
chr20	50308602	rs6020431
chr20	50312434	rs11905919
chr20	50312792	rs6020434
chr20	50313829	rs6020435
chr20	50314399	rs4239659
chr20	50317814	rs4811028
chr20	50318241	rs928072
chr20	50322539	rs746427
chr20	50323326	rs6020445
chr20	50326111	rs6012905
chr20	50332638	rs6012906
chr20	50338887	rs913678
chr20	50342704	rs4811033
chr20	50342964	rs4811035
chr20	50344950	rs6020463
chr20	50345901	rs4809779
chr20	50347482	rs11905855
chr20	50350566	rs6020468
chr20	50352487	rs6125980
chr20	50354325	rs1078482
chr20	50355177	rs1023071
chr20	50357273	rs13042533
chr20	50357711	rs13038647
chr20	50357853	rs6020473
chr20	50358658	rs1974090
chr20	50358792	rs7263249
chr20	50361203	rs4811047
chr20	50363094	rs6091139
chr20	50363749	rs928073
chr20	50364133	rs4811050
chr20	50364524	rs4811051
chr20	50364635	rs4809785
chr20	50364870	rs4809786
chr20	50365978	rs7266895
chr20	50367160	rs6067417
chr20	50367835	rs2039131
chr20	50369334	rs6095892
chr20	50372034	rs6020482
chr20	50372079	rs6067423
chr20	50373074	rs6095893
chr20	50374046	rs4809788
chr20	50374678	rs13043334
chr20	50374923	rs13044152
chr20	50377732	rs6095900
chr20	50380057	rs8122317
chr20	50381295	rs6095904
chr20	50385804	rs6063505
chr20	50389267	rs6091150
chr20	50390015	rs6125993
chr20	50390050	rs6125994
chr20	50391322	rs13045432
chr20	50394428	rs2002635
chr20	50394964	rs4811058
chr20	50398566	rs6095919
chr20	50398774	rs6091153
chr20	50402897	rs1810812
chr20	50404983	rs6512631
chr20	50409050	rs2038171
chr20	50412150	rs384031
chr20	50414781	rs6020487
chr20	50414795	rs6020488
chr20	50415335	rs926611
chr20	50420214	rs450055
chr20	50420372	rs16995208
chr20	50420524	rs386365
chr20	50423945	rs1360129
chr20	50426011	rs13043928
chr20	50429241	rs6020495
chr20	50431185	rs6020497
chr20	50431216	rs6020498
chr20	50431642	rs2904266
chr20	50431903	rs13038695
chr20	50432712	rs6095934
chr20	50434741	rs6067446
chr20	50435103	rs6020502
chr20	50437334	rs6067448
chr20	50440711	rs6063516
chr20	50440951	rs1810502
chr20	50441492	rs742600
chr20	50444469	rs2179605
chr20	50445191	rs6095949
chr20	50446576	rs11696955
chr20	50446629	rs4811068
chr20	50447700	rs2869991
chr20	50447779	rs6012933
chr20	50450179	rs6067451
chr20	50450334	rs4374430
chr20	50454179	rs6095955
chr20	50457837	rs13037093
chr20	50460373	rs13039311
chr20	50461202	rs12479963
chr20	50462792	rs4380304
chr20	50469580	rs4811072
chr20	50470475	rs6512645
chr20	50470913	rs6095962
chr20	50472450	rs6020534
chr20	50474948	rs12481528
chr20	50477089	rs6063523
chr20	50477252	rs6126017
chr20	50478480	rs6012946
chr20	50479522	rs6095967
chr20	50479891	rs1997791
chr20	50480988	rs6067462
chr20	50481748	rs6020546
chr20	50483116	rs16995249
chr20	50483508	rs6067464
chr20	50484178	rs4811074
chr20	50486465	rs6012947
chr20	50489248	rs6122940
chr20	50492608	rs6012949
chr20	50494719	rs718630
chr20	50502882	rs6020560
chr20	50503858	rs6020563
chr20	50505431	rs17197563
chr20	50506495	rs6020566
chr20	50506896	rs6095985
chr20	50511248	rs3787333
chr20	50516532	rs932420
chr20	50516743	rs10485614
chr20	50519450	rs6067474
chr20	50521512	rs2426157
chr20	50526498	rs3787335
chr20	50528132	rs2143511
chr20	50535747	rs2426158
chr20	50542862	rs6063533
chr20	50545649	rs6126042
chr20	50546698	rs941798
chr20	50550174	rs1570179
chr20	50553620	rs6512654
chr20	50555698	rs4602269
chr20	50556642	rs2426159
chr20	50557587	rs6020600
chr20	50562384	rs734589
chr20	50568009	rs11698821
chr20	50569112	rs2038526
chr20	50572631	rs6063534
chr20	50573995	rs6020608
chr20	50574691	rs1885177
chr20	50575367	rs754118
chr20	50578524	rs2230605
chr20	50578711	rs968701
chr20	50579630	rs2282147
chr20	50580393	rs718050
chr20	50580461	rs3787348
chr20	50584633	rs1057207
chr20	50588558	rs1060402
chr20	50591105	rs6020622
chr20	50594774	rs6091179
chr20	50597619	rs6020624
chr20	50606322	rs6096022
chr20	50610757	rs4811083
chr20	50612277	rs10485615
chr20	50615822	rs2426169
chr20	50619941	rs6122953
chr20	50620971	rs6096030
chr20	50621890	rs768175
chr20	50622108	rs2426171
chr20	50624748	rs2145698
chr20	50632562	rs4811086
chr20	50636939	rs914457
chr20	50637573	rs2426186
chr20	50641609	rs6091191
chr20	50642215	rs6020661
chr20	50645917	rs2426192
chr20	50651390	rs6126061
chr20	50651680	rs6067499
chr20	50662474	rs6096051
chr20	50663205	rs4809802
chr20	50672690	rs6020677
chr20	50674452	rs1034147
chr20	50677093	rs6122960
chr20	50681357	rs6020684
chr20	50682185	rs6012994
chr20	50685963	rs6096064
chr20	50686957	rs4809808
chr20	50687225	rs6012999
chr20	50687933	rs6067511
chr20	50688461	rs6067512
chr20	50688800	rs6020695
chr20	50688826	rs12479559
chr20	50690208	rs6020697
chr20	50693178	rs2065405
chr20	50695364	rs6096066
chr20	50696657	rs6122964
chr20	50701016	rs11905786
chr20	50701817	rs6122965
chr20	50707030	rs6063554
chr20	50707844	rs868846
chr20	50708015	rs868847
chr20	50716544	rs6512665
chr20	50718106	rs846743
chr20	50718939	rs6096069
chr20	50720095	rs405926
chr20	50723058	rs231584
chr20	50730344	rs231583
chr20	50735203	rs4809811
chr20	50735943	rs6020717
chr20	50738739	rs2294594
chr20	50738978	rs6020718
chr20	50741884	rs7265589
chr20	50743530	rs6126086
chr20	50746645	rs2064278
chr20	50747722	rs6096077
chr20	50750539	rs6020721
chr20	50752469	rs1054185
chr20	50752954	rs6126089
chr20	50756406	rs16995475
chr20	50758705	rs6122972
chr20	50763021	rs879833
chr20	50763274	rs17788483
chr20	50765611	rs12710319
chr20	50772694	rs6020732
chr20	50775369	rs6013012
chr20	50778974	rs6020739
chr20	50787463	rs6020744
chr20	50790570	rs7268140
chr20	50793116	rs3761139
chr20	50794355	rs6020751
chr20	50794732	rs6020752
chr20	50804987	rs2426198
chr20	50806064	rs761034
chr20	50810451	rs6096110
chr20	50817989	rs1124952
chr20	50819586	rs6067561
chr20	50821035	rs4260301
chr20	50825103	rs11905232
chr20	50825941	rs1040490
chr20	50826118	rs6020772
chr20	50828909	rs12185794
chr20	50830041	rs3746426
chr20	50831579	rs6020782
chr20	50834652	rs6020785
chr20	50838374	rs6067566
chr20	50840732	rs16995521
chr20	50842755	rs6067567
chr20	50845163	rs8123262
chr20	50848416	rs6091223
chr20	50848865	rs6020792
chr20	50856205	rs12480724
chr20	50857697	rs6020796
chr20	50857824	rs6013030
chr20	50858054	rs6013031
chr20	50863226	rs12480189
chr20	50863762	rs6020802
chr20	50865422	rs12479651
chr20	50866396	rs6067579
chr20	50868975	rs8121702
chr20	50869409	rs2870020
chr20	50871796	rs6096134
chr20	50872643	rs6020814
chr20	50872983	rs6096137
chr20	50873060	rs7267210
chr20	50873534	rs6020816
chr20	50874022	rs8121286
chr20	50874351	rs6096141
chr20	50876634	rs6091229
chr20	50876658	rs6091230
chr20	50877208	rs6096146
chr20	50877273	rs16995564
chr20	50877333	rs4809813
chr20	50877482	rs6091231
chr20	50877731	rs2208519
chr20	50878852	rs6096152
chr20	50879584	rs12480466
chr20	50879604	rs6020822
chr20	50881584	rs6020823
chr20	50884357	rs16995568
chr20	50884510	rs6122982
chr20	50886415	rs4811099
chr20	50886835	rs6126118
chr20	50889045	rs2294904
chr20	50891355	rs761240
chr20	50892647	rs17790938
chr20	50900458	rs6091236
chr20	50903656	rs6020837
chr20	50906259	rs6126123
chr20	50909450	rs6091237
chr20	50914621	rs16995611
chr20	50916210	rs16995613
chr20	50917412	rs6096186
chr20	50918389	rs16995618
chr20	50919973	rs2426207
chr20	50920951	rs2426210
chr20	50922156	rs6126126
chr20	50924586	rs16995628
chr20	50934749	rs4811102
chr20	50936367	rs2294902
chr20	50941708	rs6096198
chr20	50946563	rs7274624
chr20	50947468	rs17726944
chr20	50948188	rs6512687
chr20	50952068	rs2426213
chr20	50957273	rs2426214
chr20	50960127	rs7269297
chr20	50966830	rs6096210
chr20	50968895	rs2426219
chr20	50972135	rs6020871
chr20	50974027	rs6096215
chr20	50977984	rs2426227
chr20	50979278	rs4811103
chr20	50980580	rs2426228
chr20	50980600	rs2426229
chr20	50984521	rs6067603
chr20	50984969	rs6096218
chr20	50985413	rs4811105
chr20	50987687	rs6122990
chr20	50987986	rs6096220
chr20	50991965	rs6063579
chr20	50992662	rs2840218
chr20	50993140	rs10470013
chr20	50994060	rs8118905
chr20	50994260	rs1040771
chr20	50994864	rs6122991
chr20	50995049	rs11904901
chr20	50997192	rs6020899
chr20	51003734	rs1850
chr20	51006224	rs761600
chr20	51007608	rs6020905
chr20	51008794	rs4809819
chr20	51009086	rs4809820
chr20	51011742	rs6020910
chr20	51012942	rs6020911
chr20	51014081	rs6091248
chr20	51016615	rs6096226
chr20	51019576	rs17727099
chr20	51028527	rs1570009
chr20	51030434	rs6096234
chr20	51031065	rs6091253
chr20	51033052	rs6020922
chr20	51033173	rs6096235
chr20	51037433	rs6020924
chr20	51038035	rs4809823
chr20	51040770	rs6013066
chr20	51047504	rs6067620
chr20	51051718	rs911019
chr20	51054898	rs4811117
chr20	51063100	rs6126154
chr20	51063215	rs6126156
chr20	51064740	rs4239662
chr20	51066740	rs16995721
chr20	51070753	rs6020956
chr20	51071110	rs11086320
chr20	51072189	rs6013079
chr20	51074482	rs6020962
chr20	51077709	rs12624411
chr20	51081567	rs6067635
chr20	51083137	rs4811120
chr20	51084865	rs1358784
chr20	51086245	rs1467495
chr20	51087090	rs13039947
chr20	51087281	rs10485616
chr20	51090896	rs8118813
chr20	51091490	rs911016
chr20	51091991	rs736214
chr20	51092037	rs736213
chr20	51092436	rs6020972
chr20	51092837	rs6067640
chr20	51096789	rs6013086
chr20	51097727	rs4811121
chr20	51097784	rs11906291
chr20	51098219	rs11086322
chr20	51098956	rs4811123
chr20	51099238	rs6096260
chr20	51099580	rs6067645
chr20	51103066	rs1204765
chr20	51108211	rs6020981
chr20	51109930	rs6013089
chr20	51110689	rs12185795
chr20	51110819	rs229995
chr20	51111130	rs229996
chr20	51112567	rs229997
chr20	51112593	rs2750097
chr20	51112975	rs229998
chr20	51114403	rs6126166
chr20	51116081	rs230002
chr20	51116816	rs230004
chr20	51116887	rs230005
chr20	51117002	rs230006
chr20	51120153	rs6091263
chr20	51120465	rs6126169
chr20	51121367	rs16995757
chr20	51121928	rs230010
chr20	51122111	rs230011
chr20	51122131	rs6096269
chr20	51122227	rs170717
chr20	51122599	rs230013
chr20	51123050	rs6067651
chr20	51125403	rs6096273
chr20	51126634	rs6067653
chr20	51127199	rs6063600
chr20	51128774	rs6020994
chr20	51129164	rs230020
chr20	51129788	rs6020997
chr20	51136179	rs230026
chr20	51140869	rs1204759
chr20	51143351	rs230028
chr20	51143362	rs17791279
chr20	51143398	rs230029
chr20	51143977	rs230030
chr20	51144380	rs230031
chr20	51144597	rs230032
chr20	51144659	rs230033
chr20	51148921	rs6063604
chr20	51152540	rs2869411
chr20	51153758	rs6063606
chr20	51153824	rs2426237
chr20	51155972	rs2426239
chr20	51156282	rs16995777
chr20	51158578	rs6067659
chr20	51158813	rs2426242
chr20	51158902	rs2426243
chr20	51159735	rs6067660
chr20	51159943	rs17727534
chr20	51161154	rs2426247
chr20	51161341	rs2143630
chr20	51161585	rs2426249
chr20	51162073	rs12625258
chr20	51162269	rs2426250
chr20	51162339	rs995480
chr20	51162448	rs6021015
chr20	51165181	rs2143624
chr20	51165686	rs2426252
chr20	51166078	rs6096288
chr20	51166365	rs17789523
chr20	51167404	rs13045259
chr20	51168085	rs16995794
chr20	51172001	rs2426255
chr20	51172034	rs2426256
chr20	51173803	rs17198824
chr20	51175764	rs6013103
chr20	51175959	rs6067667
chr20	51176296	rs2426262
chr20	51176475	rs2426263
chr20	51176671	rs6096297
chr20	51179514	rs6067668
chr20	51181883	rs2426274
chr20	51183147	rs6067671
chr20	51186108	rs2426278
chr20	51189529	rs6067673
chr20	51190571	rs2426284
chr20	51192264	rs1014756
chr20	51192410	rs1883804
chr20	51193151	rs756433
chr20	51194759	rs2426287
chr20	51196579	rs2179691
chr20	51196888	rs6096306
chr20	51201310	rs12624377
chr20	51209643	rs6021046
chr20	51215714	rs4811131
chr20	51218611	rs4811134
chr20	51220186	rs1997815
chr20	51224895	rs6096328
chr20	51226899	rs6096329
chr20	51227365	rs2426291
chr20	51231458	rs11906113
chr20	51231717	rs970567
chr20	51233630	rs1555147
chr20	51233700	rs1555148
chr20	51233934	rs2038194
chr20	51234927	rs4811141
chr20	51240579	rs6021068
chr20	51245072	rs6067689
chr20	51248460	rs2143629
chr20	51248923	rs6063613
chr20	51250706	rs6096340
chr20	51252134	rs6021076
chr20	51252774	rs1007126
chr20	51253243	rs6067693
chr20	51253325	rs6126195
chr20	51254274	rs2073124
chr20	51254487	rs2281315
chr20	51256722	rs6067696
chr20	51260317	rs1006355
chr20	51260536	rs2869416
chr20	51260563	rs2869417
chr20	51261333	rs6123004
chr20	51262108	rs1555149
chr20	51263325	rs6126200
chr20	51263428	rs6126201
chr20	51263677	rs2179689
chr20	51264327	rs7264738
chr20	51266184	rs6096351
chr20	51267485	rs6096352
chr20	51267557	rs6067704
chr20	51269770	rs6067705
chr20	51272367	rs6123005
chr20	51273074	rs6013126
chr20	51275828	rs6067709
chr20	51275977	rs4809829
chr20	51280476	rs6021083
chr20	51281567	rs4811146
chr20	51283640	rs11696332
chr20	51285523	rs2235812
chr20	51291304	rs6067724
chr20	51291410	rs11699786
chr20	51292836	rs6096361
chr20	51295897	rs11696172
chr20	51296189	rs736232
chr20	51302937	rs16995882
chr20	51306616	rs1116507
chr20	51309515	rs6067732
chr20	51309657	rs9631142
chr20	51310668	rs6067733
chr20	51311065	rs6126205
chr20	51311883	rs4811150
chr20	51317500	rs6067737
chr20	51319366	rs6091293
chr20	51319459	rs4809830
chr20	51319610	rs4809831
chr20	51321480	rs2057174
chr20	51321520	rs4809832
chr20	51323689	rs761685
chr20	51325519	rs4239664
chr20	51326441	rs6063634
chr20	51328585	rs4811154
chr20	51329224	rs4811155
chr20	51331479	rs8117067
chr20	51333480	rs4811158
chr20	51334204	rs1474843
chr20	51334216	rs6021118
chr20	51334980	rs6013143
chr20	51337175	rs6021120
chr20	51338342	rs6063636
chr20	51339180	rs4811159
chr20	51344311	rs4809836
chr20	51345439	rs6067742
chr20	51345655	rs6067743
chr20	51348341	rs11086328
chr20	51349708	rs11696826
chr20	51359264	rs734157
chr20	51363592	rs6123013
chr20	51370626	rs6021150
chr20	51372398	rs742992
chr20	51372898	rs6063641
chr20	51373618	rs12480160
chr20	51373648	rs6063644
chr20	51378130	rs17791950
chr20	51379774	rs1123479
chr20	51383100	rs6021169
chr20	51383347	rs6021170
chr20	51386738	rs4811168
chr20	51388117	rs1052653
chr20	51389785	rs1569736
chr20	51392255	rs4396773
chr20	51392872	rs959996
chr20	51397244	rs2024582
chr20	51401458	rs2426299
chr20	51405612	rs6021183
chr20	51407034	rs6021185
chr20	51408200	rs2426302
chr20	51418416	rs6021190
chr20	51423549	rs6067766
chr20	51425683	rs6021197
chr20	51426603	rs761374
chr20	51427405	rs2024581
chr20	51427502	rs6063652
chr20	51429100	rs6126229
chr20	51429660	rs2426311
chr20	51429942	rs6067773
chr20	51430039	rs6067774
chr20	51430561	rs6013184
chr20	51431596	rs4811174
chr20	51433022	rs2244571
chr20	51434514	rs8122045
chr20	51436104	rs6096431
chr20	51437653	rs880324
chr20	51438050	rs11696959
chr20	51439611	rs6512724
chr20	51441422	rs228830
chr20	51443611	rs228832
chr20	51444777	rs16996025
chr20	51447067	rs3787205
chr20	51447684	rs17728712
chr20	51447709	rs228835
chr20	51449111	rs228836
chr20	51452164	rs228838
chr20	51454721	rs228840
chr20	51460049	rs6021220
chr20	51464374	rs228846
chr20	51464805	rs6091326
chr20	51468768	rs228851
chr20	51475490	rs6013193
chr20	51475750	rs6021231
chr20	51477207	rs6021232
chr20	51478896	rs6021233
chr20	51484560	rs4809846
chr20	51485143	rs1570161
chr20	51485595	rs747062
chr20	51485666	rs747063
chr20	51485811	rs747064
chr20	51486255	rs6067796
chr20	51486648	rs754285
chr20	51487544	rs6063655
chr20	51487881	rs3787195
chr20	51488327	rs11086340
chr20	51490175	rs8123890
chr20	51491124	rs6013195
chr20	51491575	rs16996047
chr20	51491782	rs4809847
chr20	51492425	rs6021246
chr20	51492442	rs6021247
chr20	51502303	rs6123045
chr20	51502908	rs6013202
chr20	51505968	rs8120952
chr20	51507218	rs3787189
chr20	51507489	rs7271223
chr20	51508132	rs4811184
chr20	51512459	rs6021262
chr20	51514326	rs12481623
chr20	51515460	rs6067803
chr20	51515525	rs6067804
chr20	51515623	rs3787187
chr20	51516550	rs2273642
chr20	51518054	rs16996060
chr20	51518144	rs6021264
chr20	51518552	rs6067805
chr20	51522708	rs6021266
chr20	51525285	rs6063664
chr20	51525673	rs6126248
chr20	51526384	rs6067809
chr20	51529177	rs4811189
chr20	51530532	rs8119787
chr20	51530861	rs6123048
chr20	51533921	rs2179746
chr20	51536359	rs6067814
chr20	51536805	rs3787186
chr20	51538585	rs6021275
chr20	51538847	rs6021276
chr20	51543496	rs4811191
chr20	51544919	rs926668
chr20	51547601	rs6126251
chr20	51550928	rs2904098
chr20	51552673	rs1543380
chr20	51554801	rs17801923
chr20	51556401	rs6063670
chr20	51557519	rs6063672
chr20	51558996	rs4140467
chr20	51564733	rs6096473
chr20	51565246	rs6096474
chr20	51565517	rs6021288
chr20	51566701	rs6096477
chr20	51566966	rs6021289
chr20	51570884	rs6067827
chr20	51571032	rs6063673
chr20	51571678	rs4811198
chr20	51571753	rs6021293
chr20	51575594	rs2869428
chr20	51578348	rs6013223
chr20	51578914	rs6021297
chr20	51579415	rs4811201
chr20	51580541	rs8121883
chr20	51582187	rs761382
chr20	51582974	rs761380
chr20	51584243	rs1546920
chr20	51584605	rs12624356
chr20	51584678	rs6096487
chr20	51584807	rs6067834
chr20	51584900	rs12479525
chr20	51585208	rs6067837
chr20	51588501	rs6021301
chr20	51595995	rs6021304
chr20	51596714	rs1048878
chr20	51597010	rs1048807
chr20	51597183	rs13128
chr20	51598090	rs12632
chr20	51599281	rs3827043
chr20	51599747	rs3827044
chr20	51601081	rs1048712
chr20	51602087	rs6021306
chr20	51604138	rs4809854
chr20	51607436	rs2273090
chr20	51607622	rs2273089
chr20	51607667	rs3818004
chr20	51608667	rs3827032
chr20	51608696	rs6021312
chr20	51609360	rs6067845
chr20	51609650	rs6013228
chr20	51610274	rs742756
chr20	51610688	rs2235864
chr20	51610753	rs910159
chr20	51611409	rs742755
chr20	51611553	rs742754
chr20	51612212	rs6021318
chr20	51613537	rs6067846
chr20	51613923	rs2235863
chr20	51617612	rs13044000
chr20	51618319	rs6021325
chr20	51619038	rs2295004
chr20	51619221	rs13040403
chr20	51622006	rs2235862
chr20	51622678	rs2235860
chr20	51623216	rs4811206
chr20	51625175	rs2235859
chr20	51627306	rs1467414
chr20	51628662	rs1467412
chr20	51630291	rs2426319
chr20	51631210	rs6021332
chr20	51631223	rs2426321
chr20	51631472	rs2426322
chr20	51631720	rs3746417
chr20	51633230	rs6013240
chr20	51634299	rs2426330
chr20	51637257	rs1009741
chr20	51639310	rs6063682
chr20	51646224	rs2426338
chr20	51648340	rs6067867
chr20	51649504	rs6021346
chr20	51652558	rs2426343
chr20	51652740	rs2426345
chr20	51655623	rs2426351
chr20	51656616	rs2426352
chr20	51657210	rs6021355
chr20	51657640	rs2235858
chr20	51659574	rs2426354
chr20	51661758	rs2426358
chr20	51667031	rs2426370
chr20	51668909	rs6013246
chr20	51668940	rs6013247
chr20	51671197	rs2255341
chr20	51671251	rs2255342
chr20	51671386	rs2255358
chr20	51673508	rs6096523
chr20	51674742	rs6126292
chr20	51678976	rs6021372
chr20	51680358	rs6021375
chr20	51681369	rs6067892
chr20	51688027	rs6021380
chr20	51688301	rs6021381
chr20	51688730	rs4809863
chr20	51689056	rs6512744
chr20	51690593	rs6126303
chr20	51692387	rs4811223
chr20	51693063	rs6013258
chr20	51693556	rs6067900
chr20	51694129	rs4811225
chr20	51694170	rs6013259
chr20	51694428	rs6126305
chr20	51694702	rs6123068
chr20	51697539	rs13044892
chr20	51700229	rs13042311
chr20	51700992	rs1205693
chr20	51703540	rs2147338
chr20	51705620	rs13045185
chr20	51706078	rs6126311
chr20	51709739	rs2426384
chr20	51710555	rs1205696
chr20	51710675	rs6067908
chr20	51710759	rs11908495
chr20	51710813	rs6126313
chr20	51710891	rs6126314
chr20	51713165	rs1205699
chr20	51715804	rs2904106
chr20	51720970	rs6126321
chr20	51721149	rs6123073
chr20	51725746	rs1205708
chr20	51726421	rs4809866
chr20	51728019	rs1475670
chr20	51730581	rs6126330
chr20	51735521	rs1211945
chr20	51739094	rs17793245
chr20	51741178	rs2426403
chr20	51747772	rs6123078
chr20	51750432	rs2151119
chr20	51750784	rs914689
chr20	51750811	rs6096559
chr20	51751980	rs6013271
chr20	51760386	rs6013273
chr20	51766487	rs6123082
chr20	51767140	rs6096573
chr20	51773551	rs7261003
chr20	51778656	rs6067930
chr20	51778744	rs6067931
chr20	51781407	rs6091372
chr20	51781462	rs761212
chr20	51782645	rs6091373
chr20	51783541	rs6021435
chr20	51785540	rs17201143
chr20	51786688	rs8184337
chr20	51789433	rs6126343
chr20	51790091	rs6091375
chr20	51790446	rs13043248
chr20	51790623	rs6021437
chr20	51791427	rs13038893
chr20	51795004	rs6021441
chr20	51802856	rs6021451
chr20	51803227	rs13037702
chr20	51804122	rs13041703
chr20	51804809	rs6021453
chr20	51804949	rs6091378
chr20	51805964	rs6096588
chr20	51806135	rs6021455
chr20	51810321	rs6021460
chr20	51819951	rs6096596
chr20	51821034	rs6096597
chr20	51822812	rs6067952
chr20	51823515	rs6063719
chr20	51829154	rs6021471
chr20	51829177	rs6021472
chr20	51829282	rs6021473
chr20	51830153	rs6021474
chr20	51831223	rs6021476
chr20	51831378	rs7261193
chr20	51832711	rs7264755
chr20	51835179	rs10485619
chr20	51835428	rs6067960
chr20	51837089	rs6091384
chr20	51838689	rs6013288
chr20	51842794	rs17793509
chr20	51842991	rs6063722
chr20	51844792	rs6021494
chr20	51848042	rs720810
chr20	51848074	rs2006812
chr20	51849693	rs6067967
chr20	51851487	rs17793574
chr20	51853005	rs6021501
chr20	51854046	rs6126354
chr20	51855854	rs6096615
chr20	51856057	rs6096616
chr20	51856705	rs6067972
chr20	51858123	rs6013296
chr20	51858879	rs6096623
chr20	51859869	rs11698802
chr20	51861330	rs6021507
chr20	51864251	rs6021512
chr20	51865386	rs8121287
chr20	51865839	rs6063725
chr20	51867447	rs6091394
chr20	51867463	rs6096629
chr20	51870090	rs11697409
chr20	51871799	rs4811253
chr20	51876308	rs8118869
chr20	51876531	rs8118998
chr20	51876574	rs8120164
chr20	51878414	rs6021530
chr20	51878494	rs6021531
chr20	51880438	rs16996300
chr20	51882847	rs6067988
chr20	51887500	rs6123090
chr20	51887598	rs6067996
chr20	51889304	rs6067999
chr20	51890210	rs6096642
chr20	51891138	rs16996303
chr20	51891264	rs2179596
chr20	51894110	rs6096644
chr20	51894120	rs6096645
chr20	51897886	rs6068003
chr20	51897939	rs6068004
chr20	51898427	rs16996305
chr20	51898971	rs6091399
chr20	51900467	rs6013315
chr20	51900973	rs6126386
chr20	51902419	rs6096655
chr20	51904697	rs6096657
chr20	51904751	rs6123098
chr20	51906271	rs4508656
chr20	51908110	rs1015286
chr20	51911512	rs6096662
chr20	51911890	rs7260695
chr20	51914981	rs2095625
chr20	51916514	rs12479609
chr20	51921269	rs17730415
chr20	51922432	rs1001347
chr20	51923590	rs2904144
chr20	51929212	rs13042833
chr20	51930352	rs6013321
chr20	51931758	rs6123105
chr20	51933987	rs4809879
chr20	51934711	rs2869620
chr20	51936126	rs6021556
chr20	51938785	rs1013466
chr20	51940131	rs2869621
chr20	51943113	rs6068020
chr20	51945062	rs6126407
chr20	51948629	rs10485620
chr20	51949289	rs6068022
chr20	51949783	rs6068023
chr20	51950575	rs17730486
chr20	51951072	rs6068024
chr20	51951121	rs6063735
chr20	51958088	rs6021571
chr20	51960593	rs1122391
chr20	51961964	rs1569689
chr20	51963429	rs1883731
chr20	51963737	rs1883732
chr20	51964331	rs10470026
chr20	51968444	rs7274765
chr20	51969392	rs6068027
chr20	51970164	rs6096686
chr20	51974424	rs6126420
chr20	51974644	rs6096689
chr20	51978954	rs6123113
chr20	51979499	rs6013336
chr20	51981647	rs6068032
chr20	51982426	rs6126426
chr20	51982877	rs1538014
chr20	51984900	rs4811272
chr20	51988624	rs6096704
chr20	51989761	rs6021601
chr20	51989790	rs6021602
chr20	51990735	rs12481632
chr20	51995662	rs6021607
chr20	51996824	rs6068038
chr20	52000847	rs7346697
chr20	52002592	rs6126431
chr20	52007499	rs6021621
chr20	52010755	rs1005757
chr20	52010924	rs2013567
chr20	52011229	rs6126433
chr20	52011257	rs6013347
chr20	52011584	rs1548237
chr20	52012012	rs1013179
chr20	52012065	rs6126434
chr20	52012294	rs17730779
chr20	52012915	rs6021626
chr20	52015263	rs6063739
chr20	52015743	rs4811276
chr20	52016933	rs6512783
chr20	52018888	rs6021631
chr20	52019527	rs6021632
chr20	52021121	rs6013355
chr20	52024259	rs16996391
chr20	52025975	rs2426404
chr20	52027936	rs6021639
chr20	52027973	rs8125881
chr20	52031352	rs17803622
chr20	52031925	rs6091428
chr20	52036398	rs2426407
chr20	52037861	rs6068047
chr20	52038037	rs6068048
chr20	52040510	rs6013359
chr20	52042614	rs6021649
chr20	52044359	rs2426410
chr20	52046716	rs2426412
chr20	52048167	rs2426414
chr20	52050767	rs1546985
chr20	52055725	rs6021658
chr20	52057826	rs2426423
chr20	52057987	rs6021661
chr20	52059608	rs6021662
chr20	52060146	rs761852
chr20	52060890	rs6021668
chr20	52064194	rs6013373
chr20	52065672	rs6096732
chr20	52065718	rs6021671
chr20	52068347	rs11086369
chr20	52068441	rs6068063
chr20	52069495	rs6126456
chr20	52070017	rs6021679
chr20	52070258	rs6063748
chr20	52070771	rs6021680
chr20	52071475	rs6068066
chr20	52072744	rs6063749
chr20	52075770	rs6021687
chr20	52076458	rs6021688
chr20	52079310	rs743093
chr20	52082504	rs17731125
chr20	52082766	rs7268277
chr20	52086094	rs6013382
chr20	52088672	rs2273382
chr20	52089045	rs973341
chr20	52089455	rs6013386
chr20	52089864	rs6021698
chr20	52094152	rs6068073
chr20	52094479	rs6091437
chr20	52095363	rs6021702
chr20	52095520	rs8120171
chr20	52095807	rs6096751
chr20	52098337	rs7274039
chr20	52099146	rs2064726
chr20	52099509	rs7261729
chr20	52100749	rs4811293
chr20	52104151	rs6091441
chr20	52106699	rs4809889
chr20	52111633	rs6021708
chr20	52118642	rs6126463
chr20	52123750	rs7273121
chr20	52124928	rs6096776
chr20	52129564	rs6013397
chr20	52130112	rs6021721
chr20	52137559	rs6021726
chr20	52137720	rs6096790
chr20	52139161	rs2144772
chr20	52139835	rs6091457
chr20	52149374	rs6096797
chr20	52150767	rs16996504
chr20	52152644	rs3746415
chr20	52152840	rs3746414
chr20	52153010	rs3746413
chr20	52154243	rs3787178
chr20	52160487	rs3818198
chr20	52162738	rs4811303
chr20	52165170	rs6126487
chr20	52165764	rs6021771
chr20	52165804	rs6021772
chr20	52166069	rs2273472
chr20	52168639	rs6021775
chr20	52168857	rs2208198
chr20	52171478	rs6091465
chr20	52172679	rs2038431
chr20	52177540	rs6021781
chr20	52178480	rs1124984
chr20	52179983	rs6123135
chr20	52183443	rs1033696
chr20	52183736	rs6126494
chr20	52192625	rs3761137
chr20	52201222	rs7268598
chr20	52207060	rs1033714
chr20	52207112	rs761962
chr20	52207330	rs1022689
chr20	52208610	rs6063765
chr20	52209807	rs8123919
chr20	52211746	rs11697616
chr20	52213253	rs8120180
chr20	52224790	rs8119121
chr20	52225423	rs6096815
chr20	52226399	rs8121271
chr20	52227278	rs6091481
chr20	52230305	rs6021796
chr20	52230934	rs6091482
chr20	52232198	rs6021800
chr20	52233018	rs6021801
chr20	52237348	rs6096824
chr20	52238632	rs6126516
chr20	52241713	rs6021808
chr20	52243776	rs1998152
chr20	52248131	rs6013417
chr20	52252017	rs6063769
chr20	52254398	rs6013418
chr20	52255271	rs7271567
chr20	52257981	rs2869635
chr20	52261585	rs2057078
chr20	52265812	rs2426427
chr20	52266678	rs4809899
chr20	52268873	rs724180
chr20	52271789	rs2426429
chr20	52273449	rs6068117
chr20	52276634	rs6021835
chr20	52278796	rs4809901
chr20	52281264	rs6126524
chr20	52285514	rs6096853
chr20	52286371	rs1016404
chr20	52288238	rs6068123
chr20	52288867	rs6091490
chr20	52290367	rs2014243
chr20	52295371	rs6091494
chr20	52296199	rs2143725
chr20	52303502	rs6063771
chr20	52310551	rs17202777
chr20	52310997	rs6096865
chr20	52313614	rs6096868
chr20	52318935	rs6123155
chr20	52322997	rs13040169
chr20	52325864	rs4811327
chr20	52329623	rs10485623
chr20	52330979	rs6096884
chr20	52334759	rs6096886
chr20	52336732	rs11698664
chr20	52342051	rs6068144
chr20	52342233	rs6021874
chr20	52342419	rs6063777
chr20	52345785	rs7262459
chr20	52352693	rs6063780
chr20	52356903	rs6068148
chr20	52357570	rs2426435
chr20	52358958	rs719721
chr20	52362699	rs6021886
chr20	52363200	rs6126545
chr20	52364698	rs11697492
chr20	52365349	rs6063785
chr20	52365406	rs16996700
chr20	52365460	rs6126547
chr20	52370852	rs6068154
chr20	52372029	rs956542
chr20	52389145	rs4811337
chr20	52390938	rs6021902
chr20	52391698	rs6021903
chr20	52392723	rs7360046
chr20	52393193	rs4811339
chr20	52393299	rs4811341
chr20	52396425	rs1555278
chr20	52397793	rs4811342
chr20	52399635	rs761846
chr20	52400340	rs2092953
chr20	52403172	rs13045199
chr20	52406570	rs4811346
chr20	52407694	rs4371408
chr20	52408842	rs1033662
chr20	52410941	rs4809905
chr20	52416424	rs6096936
chr20	52417772	rs6096940
chr20	52420297	rs714322
chr20	52421298	rs968162
chr20	52425922	rs2426442
chr20	52428326	rs11907663
chr20	52435833	rs6021931
chr20	52438254	rs6096956
chr20	52438284	rs6013463
chr20	52440136	rs6068182
chr20	52447038	rs6068187
chr20	52449138	rs6068188
chr20	52449292	rs6068189
chr20	52451323	rs3810539
chr20	52451585	rs6063792
chr20	52451681	rs2224127
chr20	52457140	rs2869649
chr20	52462732	rs6096964
chr20	52470366	rs4809907
chr20	52471706	rs6096969
chr20	52476457	rs13041126
chr20	52477334	rs6063796
chr20	52477612	rs13040970
chr20	52477770	rs6126570
chr20	52478024	rs17806313
chr20	52482094	rs6091544
chr20	52482675	rs6126578
chr20	52483048	rs6123175
chr20	52490751	rs17806379
chr20	52501338	rs6126584
chr20	52510326	rs6021953
chr20	52517381	rs6068212
chr20	52522160	rs12625862
chr20	52529934	rs6097012
chr20	52534846	rs6126590
chr20	52536024	rs17805575
chr20	52539608	rs6126593
chr20	52540710	rs1884004
chr20	52541802	rs6068222
chr20	52549573	rs6063820
chr20	52550630	rs6068235
chr20	52550779	rs2869652
chr20	52552455	rs2143942
chr20	52560557	rs2143938
chr20	52562157	rs4809911
chr20	52563834	rs6068252
chr20	52576118	rs10460621
chr20	52578702	rs6068258
chr20	52581961	rs6068261
chr20	52588695	rs17733118
chr20	52591741	rs6063838
chr20	52592410	rs6063840
chr20	52593064	rs13043475
chr20	52593719	rs1884000
chr20	52594173	rs2869659
chr20	52597754	rs6063841
chr20	52601820	rs6097042
chr20	52602214	rs6097043
chr20	52605707	rs6068271
chr20	52606133	rs6068273
chr20	52606165	rs17733217
chr20	52606404	rs6068274
chr20	52611648	rs6512851
chr20	52614147	rs6068277
chr20	52616873	rs17805961
chr20	52618384	rs6068279
chr20	52619074	rs6068280
chr20	52619676	rs6022002
chr20	52619712	rs6091565
chr20	52620353	rs6097050
chr20	52620434	rs8183283
chr20	52620485	rs6068281
chr20	52621911	rs6068283
chr20	52623072	rs2689374
chr20	52623956	rs2689372
chr20	52629149	rs1555185
chr20	52631389	rs861333
chr20	52633753	rs856430
chr20	52634946	rs856427
chr20	52638671	rs6126631
chr20	52641756	rs860656
chr20	52642637	rs856411
chr20	52643229	rs856409
chr20	52645076	rs865034
chr20	52645356	rs8124744
chr20	52646804	rs2689383
chr20	52646830	rs865608
chr20	52647247	rs856404
chr20	52647743	rs861332
chr20	52647792	rs856401
chr20	52652400	rs856390
chr20	52653258	rs856388
chr20	52653566	rs856387
chr20	52654441	rs856385
chr20	52654555	rs6068292
chr20	52657242	rs6068293
chr20	52658626	rs6022029
chr20	52660705	rs6013494
chr20	52662292	rs715433
chr20	52664028	rs16996939
chr20	52666013	rs6063858
chr20	52666556	rs707544
chr20	52668670	rs1883529
chr20	52669900	rs17807252
chr20	52670710	rs1568725
chr20	52670997	rs6022034
chr20	52673659	rs4811379
chr20	52675421	rs4809914
chr20	52675683	rs4809916
chr20	52676385	rs6022039
chr20	52676818	rs6022041
chr20	52677103	rs719171
chr20	52677454	rs6068297
chr20	52677905	rs926488
chr20	52678307	rs729792
chr20	52678553	rs17807318
chr20	52678915	rs1523536
chr20	52679623	rs1523537
chr20	52681777	rs12479646
chr20	52683241	rs6063860
chr20	52683345	rs6091570
chr20	52683421	rs6013500
chr20	52684661	rs4809918
chr20	52686487	rs856336
chr20	52688749	rs6022045
chr20	52689136	rs856339
chr20	52689299	rs856340
chr20	52692655	rs13041225
chr20	52695476	rs6126645
chr20	52695616	rs6013505
chr20	52695873	rs17204608
chr20	52695881	rs17204629
chr20	52699511	rs6097080
chr20	52700202	rs856333
chr20	52701562	rs1009618
chr20	52701812	rs6013509
chr20	52702127	rs856331
chr20	52702582	rs856329
chr20	52704229	rs856327
chr20	52709178	rs856323
chr20	52711177	rs856318
chr20	52712246	rs11086401
chr20	52713328	rs1523533
chr20	52716900	rs856315
chr20	52722512	rs6097096
chr20	52724962	rs17806568
chr20	52725100	rs6068313
chr20	52726271	rs6063864
chr20	52726993	rs4811390
chr20	52729148	rs6068321
chr20	52731814	rs17806610
chr20	52736003	rs241794
chr20	52737295	rs241795
chr20	52738245	rs110303
chr20	52738733	rs1329838
chr20	52739981	rs4811393
chr20	52743615	rs17733969
chr20	52744101	rs241798
chr20	52744745	rs241799
chr20	52744928	rs241800
chr20	52748151	rs6022070
chr20	52748967	rs17734029
chr20	52751439	rs241792
chr20	52753248	rs17806747
chr20	52757340	rs241807
chr20	52758750	rs6097108
chr20	52758920	rs7268830
chr20	52761675	rs241803
chr20	52762892	rs241805
chr20	52764078	rs6068333
chr20	52769060	rs6091586
chr20	52770610	rs12624759
chr20	52770711	rs6013520
chr20	52771606	rs1009224
chr20	52772596	rs1880108
chr20	52777476	rs1008998
chr20	52779108	rs6013522
chr20	52785193	rs6068341
chr20	52786983	rs11086404
chr20	52788089	rs6068345
chr20	52790572	rs6063872
chr20	52790635	rs12151912
chr20	52791474	rs6022087
chr20	52792880	rs6013526
chr20	52795183	rs6068348
chr20	52798271	rs6068350
chr20	52798796	rs6022097
chr20	52803546	rs6022099
chr20	52803949	rs6013531
chr20	52806492	rs6097124
chr20	52808538	rs6022102
chr20	52809095	rs6091597
chr20	52814447	rs6123216
chr20	52814822	rs4312553
chr20	52817142	rs4501008
chr20	52818340	rs6013533
chr20	52818637	rs6063880
chr20	52819862	rs4493331
chr20	52820528	rs11697011
chr20	52820664	rs6126664
chr20	52821335	rs8183885
chr20	52822110	rs4541293
chr20	52822771	rs6063881
chr20	52828674	rs6068372
chr20	52830327	rs6063883
chr20	52831479	rs6068373
chr20	52842961	rs6068377
chr20	52843566	rs6068378
chr20	52845818	rs6126673
chr20	52847288	rs1576399
chr20	52850704	rs2752916
chr20	52855125	rs6022118
chr20	52857865	rs2256275
chr20	52858832	rs1956521
chr20	52859093	rs2031979
chr20	52859155	rs2031980
chr20	52866793	rs2246056
chr20	52867319	rs16997135
chr20	52869050	rs2246310
chr20	52872275	rs4811406
chr20	52872356	rs6013551
chr20	52873687	rs2249573
chr20	52875687	rs16997160
chr20	52879607	rs1923105
chr20	52879618	rs2250316
chr20	52880468	rs1923110
chr20	52882086	rs2263778
chr20	52884622	rs13042037
chr20	52888290	rs1080404
chr20	52889595	rs2772443
chr20	52889869	rs913834
chr20	52892736	rs2256141
chr20	52893325	rs997131
chr20	52896998	rs2244059
chr20	52898082	rs1923113
chr20	52898333	rs1923114
chr20	52898796	rs6126690
chr20	52901748	rs1813758
chr20	52902443	rs2247273
chr20	52904899	rs1923115
chr20	52905632	rs1126372
chr20	52908009	rs2247963
chr20	52909742	rs2145261
chr20	52910817	rs1411206
chr20	52911740	rs16997230
chr20	52913853	rs6013560
chr20	52915531	rs6022157
chr20	52916902	rs6022158
chr20	52919289	rs6013564
chr20	52919358	rs6097155
chr20	52919825	rs6013565
chr20	52924740	rs4811409
chr20	52924927	rs6097158
chr20	52927235	rs6091615
chr20	52933152	rs732806
chr20	52933679	rs2870036
chr20	52933720	rs3940049
chr20	52934856	rs6022171
chr20	52935883	rs6097166
chr20	52937772	rs16997287
chr20	52939496	rs11905478
chr20	52940622	rs6097169
chr20	52940994	rs6126702
chr20	52941913	rs2426452
chr20	52942152	rs2002694
chr20	52946521	rs6013574
chr20	52948734	rs6013577
chr20	52948767	rs1884889
chr20	52952411	rs6097170
chr20	52953967	rs6123232
chr20	52955263	rs10470029
chr20	52958126	rs16997340
chr20	52958144	rs16997342
chr20	52958871	rs11700089
chr20	52959641	rs6013580
chr20	52959719	rs6013581
chr20	52960261	rs2093151
chr20	52961489	rs6022188
chr20	52962221	rs6123234
chr20	52962433	rs6126711
chr20	52963865	rs6068407
chr20	52964708	rs6097174
chr20	52967444	rs10485813
chr20	52968727	rs6022191
chr20	52969158	rs6097177
chr20	52971597	rs6013584
chr20	52973995	rs6013586
chr20	52981775	rs6022196
chr20	52982285	rs6022197
chr20	52988498	rs4811415
chr20	52995010	rs2248269
chr20	52996188	rs13043847
chr20	53001410	rs2752914
chr20	53002799	rs6022204
chr20	53002996	rs6013594
chr20	53003762	rs2252098
chr20	53004318	rs2252115
chr20	53005383	rs2252221
chr20	53005546	rs2252225
chr20	53005568	rs11699642
chr20	53005906	rs6013596
chr20	53009995	rs2741370
chr20	53011095	rs2255805
chr20	53012325	rs6022207
chr20	53013091	rs6022211
chr20	53013886	rs6013600
chr20	53014180	rs2256168
chr20	53014229	rs2256169
chr20	53014241	rs6013601
chr20	53014644	rs2741369
chr20	53015365	rs6091620
chr20	53016024	rs2256437
chr20	53016403	rs2256452
chr20	53016537	rs2256454
chr20	53016962	rs2256551
chr20	53017425	rs6097189
chr20	53017681	rs6013602
chr20	53017886	rs6022214
chr20	53018354	rs1950889
chr20	53020044	rs6512873
chr20	53020090	rs6022215
chr20	53020520	rs2741367
chr20	53021504	rs2024672
chr20	53022850	rs1022597
chr20	53022971	rs6022221
chr20	53026590	rs6126728
chr20	53027221	rs11906081
chr20	53028513	rs6022230
chr20	53028597	rs6097197
chr20	53029717	rs6097198
chr20	53029759	rs6013607
chr20	53029917	rs11905867
chr20	53030260	rs6022231
chr20	53032247	rs6097199
chr20	53032485	rs6126730
chr20	53032642	rs6123243
chr20	53033191	rs964885
chr20	53033409	rs964886
chr20	53034023	rs6091624
chr20	53034488	rs6097200
chr20	53035628	rs17328948
chr20	53036155	rs6022238
chr20	53036314	rs11905447
chr20	53036867	rs6022239
chr20	53041791	rs17329208
chr20	53046949	rs10485815
chr20	53048458	rs2008545
chr20	53053833	rs6091627
chr20	53055771	rs4356720
chr20	53055992	rs6068444
chr20	53056444	rs1467428
chr20	53058868	rs6068445
chr20	53060877	rs6126742
chr20	53061431	rs2904295
chr20	53063663	rs988675
chr20	53063917	rs16997454
chr20	53065192	rs6022263
chr20	53066086	rs1293435
chr20	53069580	rs1315869
chr20	53069866	rs1293436
chr20	53069886	rs1293437
chr20	53075240	rs1936966
chr20	53075346	rs1293441
chr20	53078490	rs16997478
chr20	53079272	rs1293442
chr20	53082650	rs910382
chr20	53083217	rs4811418
chr20	53083278	rs1936963
chr20	53085461	rs2741366
chr20	53086207	rs926811
chr20	53086470	rs926812
chr20	53088565	rs1936962
chr20	53089272	rs745455
chr20	53089461	rs6091633
chr20	53091065	rs1293448
chr20	53091393	rs2747400
chr20	53092240	rs6097228
chr20	53093423	rs6097230
chr20	53097536	rs1317352
chr20	53098971	rs17390234
chr20	53099036	rs2801003
chr20	53100637	rs6097233
chr20	53102570	rs16997515
chr20	53103312	rs2800995
chr20	53103883	rs16997525
chr20	53104686	rs2800996
chr20	53105007	rs2800997
chr20	53105142	rs6022281
chr20	53106084	rs2800999
chr20	53108626	rs1936959
chr20	53109818	rs2525481
chr20	53110903	rs6022283
chr20	53111077	rs880430
chr20	53113713	rs1936958
chr20	53114255	rs10485452
chr20	53114652	rs8117683
chr20	53117584	rs6123252
chr20	53117786	rs6097243
chr20	53118240	rs1293430
chr20	53121062	rs1293427
chr20	53121947	rs6097246
chr20	53122534	rs1936971
chr20	53123356	rs6013637
chr20	53123434	rs6013638
chr20	53123639	rs1293425
chr20	53125077	rs2107325
chr20	53127618	rs1293423
chr20	53127940	rs16997574
chr20	53128247	rs11697971
chr20	53128386	rs11698011
chr20	53130729	rs1293421
chr20	53134581	rs16997581
chr20	53134667	rs2107323
chr20	53134761	rs16997584
chr20	53137598	rs16997592
chr20	53138726	rs6091638
chr20	53140750	rs11696347
chr20	53140770	rs11086415
chr20	53141535	rs6013641
chr20	53141859	rs6097255
chr20	53142382	rs1293417
chr20	53144745	rs1293413
chr20	53145575	rs6022299
chr20	53146366	rs17514727
chr20	53146840	rs6126764
chr20	53147226	rs10485451
chr20	53152077	rs1293412
chr20	53153065	rs11696158
chr20	53154129	rs1936969
chr20	53154152	rs6123255
chr20	53154858	rs2107322
chr20	53157895	rs6022307
chr20	53159301	rs8124782
chr20	53160369	rs1293405
chr20	53160856	rs1293404
chr20	53163788	rs973667
chr20	53164790	rs11086417
chr20	53166147	rs7262102
chr20	53167661	rs6097268
chr20	53168163	rs1293395
chr20	53171305	rs2249121
chr20	53171989	rs6097271
chr20	53172179	rs2801008
chr20	53173038	rs16997683
chr20	53173276	rs6123256
chr20	53174332	rs2525482
chr20	53175783	rs6097274
chr20	53176497	rs2801009
chr20	53176498	rs6022321
chr20	53176559	rs2801010
chr20	53178769	rs2801012
chr20	53179831	rs8117842
chr20	53180143	rs1293388
chr20	53180231	rs1293387
chr20	53180814	rs1293386
chr20	53182900	rs16997717
chr20	53183721	rs1293384
chr20	53184048	rs6068477
chr20	53184363	rs7263115
chr20	53184507	rs2426458
chr20	53185082	rs16997720
chr20	53188415	rs757365
chr20	53192360	rs1293381
chr20	53192474	rs6126778
chr20	53193572	rs2426460
chr20	53194847	rs1296358
chr20	53200346	rs6097295
chr20	53206729	rs17332684
chr20	53208573	rs1108344
chr20	53210117	rs2248111
chr20	53212674	rs1296032
chr20	53212992	rs1297517
chr20	53213496	rs6022333
chr20	53213821	rs1293363
chr20	53216237	rs1293364
chr20	53217485	rs6013649
chr20	53217752	rs6123262
chr20	53218552	rs2426463
chr20	53218826	rs2107332
chr20	53220254	rs12625311
chr20	53222526	rs6022341
chr20	53224095	rs2426466
chr20	53224141	rs2426467
chr20	53227195	rs16997769
chr20	53231533	rs6022348
chr20	53234055	rs16997779
chr20	53240273	rs2426472
chr20	53241654	rs6022352
chr20	53242763	rs916954
chr20	53245419	rs2426474
chr20	53251317	rs16997806
chr20	53251480	rs2426478
chr20	53252587	rs7345895
chr20	53254310	rs739870
chr20	53257173	rs6091653
chr20	53258230	rs1355597
chr20	53263322	rs6022360
chr20	53264500	rs6126802
chr20	53267674	rs2668790
chr20	53267759	rs16997831
chr20	53268037	rs6091655
chr20	53270555	rs6013653
chr20	53271118	rs6126805
chr20	53271583	rs1877430
chr20	53271799	rs6123272
chr20	53274712	rs6097325
chr20	53274851	rs6097326
chr20	53275209	rs6022368
chr20	53278609	rs6022371
chr20	53280576	rs1543080
chr20	53282825	rs6097334
chr20	53284192	rs2668791
chr20	53285150	rs2137299
chr20	53292319	rs200638
chr20	53292927	rs169271
chr20	53293088	rs10154002
chr20	53293143	rs6022377
chr20	53294248	rs200634
chr20	53294660	rs6013656
chr20	53295243	rs8125417
chr20	53296407	rs932533
chr20	53296457	rs200633
chr20	53296869	rs16997896
chr20	53298185	rs4811423
chr20	53298540	rs6512878
chr20	53299376	rs6091659
chr20	53300709	rs6022378
chr20	53301632	rs6097345
chr20	53303599	rs7266561
chr20	53305532	rs13039689
chr20	53305587	rs13044030
chr20	53306099	rs1996017
chr20	53306952	rs6068504
chr20	53307430	rs6512879
chr20	53307536	rs1567664
chr20	53307958	rs8120425
chr20	53308090	rs6097352
chr20	53308970	rs1355598
chr20	53309296	rs6097354
chr20	53311372	rs200597
chr20	53311648	rs13039149
chr20	53311754	rs13038170
chr20	53312169	rs6063929
chr20	53312276	rs200595
chr20	53314415	rs6091661
chr20	53315842	rs200655
chr20	53316174	rs200654
chr20	53317133	rs200651
chr20	53319240	rs200648
chr20	53319740	rs17441250
chr20	53321967	rs200646
chr20	53322737	rs200645
chr20	53326360	rs6068509
chr20	53327287	rs169273
chr20	53328122	rs200641
chr20	53328973	rs13044509
chr20	53331117	rs200607
chr20	53331863	rs7266390
chr20	53335552	rs200604
chr20	53335962	rs200603
chr20	53335983	rs200602
chr20	53336542	rs200601
chr20	53337463	rs200599
chr20	53338008	rs2741356
chr20	53339711	rs200609
chr20	53340045	rs1535178
chr20	53342193	rs6022404
chr20	53342792	rs6022405
chr20	53343426	rs6022408
chr20	53344108	rs200623
chr20	53345021	rs200624
chr20	53346709	rs169269
chr20	53348930	rs2904358
chr20	53349852	rs169270
chr20	53350315	rs6013667
chr20	53352901	rs200629
chr20	53354613	rs200631
chr20	53358752	rs16997981
chr20	53359098	rs121646
chr20	53360698	rs2904359
chr20	53361408	rs465580
chr20	53366477	rs156598
chr20	53368651	rs6063931
chr20	53370214	rs156612
chr20	53373840	rs10485447
chr20	53376225	rs156617
chr20	53377035	rs156618
chr20	53378386	rs6068531
chr20	53382375	rs156622
chr20	53382784	rs6022432
chr20	53383384	rs6126825
chr20	53386756	rs156627
chr20	53386874	rs156628
chr20	53388241	rs6022440
chr20	53389444	rs201812
chr20	53389671	rs16998025
chr20	53390080	rs201813
chr20	53392664	rs17443093
chr20	53393603	rs156601
chr20	53398268	rs6013674
chr20	53400700	rs468211
chr20	53400988	rs156604
chr20	53402912	rs156610
chr20	53407757	rs274858
chr20	53408318	rs12626006
chr20	53408464	rs4811429
chr20	53411204	rs16998074
chr20	53413591	rs274856
chr20	53416255	rs10485445
chr20	53419437	rs6022454
chr20	53420869	rs11697255
chr20	53421408	rs6063942
chr20	53428767	rs6123281
chr20	53431822	rs16998095
chr20	53432644	rs7343321
chr20	53434226	rs6022462
chr20	53442543	rs1334152
chr20	53442884	rs6013686
chr20	53443453	rs6013688
chr20	53443528	rs7360757
chr20	53445536	rs6013692
chr20	53445913	rs6022481
chr20	53449337	rs6013694
chr20	53451254	rs7268851
chr20	53451602	rs6063947
chr20	53455313	rs1931433
chr20	53466315	rs6068555
chr20	53472618	rs13042298
chr20	53479425	rs6097438
chr20	53479515	rs6097439
chr20	53479571	rs6097441
chr20	53485975	rs6091687
chr20	53487813	rs2248264
chr20	53489433	rs2741373
chr20	53491127	rs16998132
chr20	53491926	rs2275005
chr20	53494567	rs16998134
chr20	53495477	rs1999602
chr20	53495653	rs3810540
chr20	53497646	rs6097457
chr20	53498354	rs6097458
chr20	53503102	rs6068566
chr20	53503216	rs2050275
chr20	53510548	rs6013716
chr20	53513125	rs1326861
chr20	53515390	rs915049
chr20	53516131	rs8117157
chr20	53518161	rs6022540
chr20	53520676	rs16998164
chr20	53520684	rs2741383
chr20	53522197	rs6022552
chr20	53522379	rs2766641
chr20	53527724	rs2766648
chr20	53530122	rs2904362
chr20	53534646	rs2741390
chr20	53536284	rs756059
chr20	53536440	rs2766656
chr20	53540308	rs8126377
chr20	53541962	rs6022576
chr20	53547739	rs2741396
chr20	53548676	rs2766660
chr20	53552093	rs6068574
chr20	53552921	rs6022582
chr20	53552954	rs1123804
chr20	53553086	rs2182564
chr20	53553215	rs6123294
chr20	53553997	rs6022584
chr20	53554702	rs2766664
chr20	53555755	rs6097475
chr20	53555865	rs2766667
chr20	53556075	rs6022591
chr20	53556604	rs1475381
chr20	53559068	rs6123296
chr20	53561351	rs11905590
chr20	53566036	rs6126872
chr20	53567963	rs2766671
chr20	53568405	rs1555926
chr20	53570245	rs2766672
chr20	53570445	rs2766673
chr20	53572426	rs6097488
chr20	53573105	rs6126874
chr20	53573412	rs2766674
chr20	53575358	rs6068585
chr20	53576549	rs6063966
chr20	53576829	rs3748503
chr20	53577159	rs7270855
chr20	53582428	rs1326862
chr20	53582956	rs3748501
chr20	53587523	rs6091709
chr20	53595734	rs2766680
chr20	53596514	rs6022607
chr20	53616134	rs6097495
chr20	53630067	rs6068595
chr20	53630107	rs2870272
chr20	53634337	rs204767
chr20	53635324	rs2017911
chr20	53643950	rs6013743
chr20	53652456	rs2041278
chr20	53653162	rs4811450
chr20	53656198	rs6022638
chr20	53656536	rs6022639
chr20	53656597	rs6022640
chr20	53657469	rs6022641
chr20	53658608	rs6022644
chr20	53658624	rs6013748
chr20	53659913	rs6068608
chr20	53661719	rs6091723
chr20	53672185	rs6022652
chr20	53672704	rs6022654
chr20	53680855	rs6097523
chr20	53681552	rs6068620
chr20	53683820	rs6126919
chr20	53687569	rs4809932
chr20	53687590	rs6063977
chr20	53691630	rs6022669
chr20	53693500	rs6022671
chr20	53694915	rs6022676
chr20	53695294	rs6022677
chr20	53696291	rs16998327
chr20	53698772	rs6013763
chr20	53709167	rs12481580
chr20	53711799	rs10854193
chr20	53712818	rs4811452
chr20	53720579	rs6063982
chr20	53722231	rs12480103
chr20	53725315	rs6063985
chr20	53728423	rs6013773
chr20	53731558	rs6013777
chr20	53733196	rs2870275
chr20	53733353	rs6091737
chr20	53735571	rs7265045
chr20	53736769	rs887370
chr20	53738802	rs11697063
chr20	53740107	rs6063986
chr20	53740228	rs6068642
chr20	53741490	rs917590
chr20	53743038	rs41411850
chr20	53744021	rs2041314
chr20	53747068	rs2041317
chr20	53747185	rs6022713
chr20	53748221	rs8117366
chr20	53748581	rs6013784
chr20	53748928	rs4811457
chr20	53751361	rs6126938
chr20	53751445	rs6126939
chr20	53753505	rs6022720
chr20	53754804	rs13045229
chr20	53761495	rs11698898
chr20	53761585	rs6022731
chr20	53762103	rs13045121
chr20	53764619	rs6097563
chr20	53767550	rs6068655
chr20	53767923	rs6126944
chr20	53768208	rs2058250
chr20	53771114	rs6013791
chr20	53771729	rs6063991
chr20	53775851	rs4399775
chr20	53777918	rs6097573
chr20	53779863	rs6013794
chr20	53785527	rs6123313
chr20	53787017	rs6063997
chr20	53791242	rs4811465
chr20	53794965	rs6064000
chr20	53796171	rs1117558
chr20	53797195	rs6126963
chr20	53797409	rs6126964
chr20	53798568	rs6126970
chr20	53798631	rs6126971
chr20	53798783	rs6064001
chr20	53799332	rs6022755
chr20	53802361	rs41493548
chr20	53802448	rs6068671
chr20	53804073	rs4811469
chr20	53805477	rs6097587
chr20	53809081	rs6022758
chr20	53809168	rs6022760
chr20	53810780	rs16998448
chr20	53810937	rs2215403
chr20	53811681	rs6022766
chr20	53812010	rs6022767
chr20	53814963	rs6097591
chr20	53823489	rs6022781
chr20	53823580	rs6022782
chr20	53823645	rs6097606
chr20	53824302	rs6022783
chr20	53825630	rs6097613
chr20	53825846	rs6097614
chr20	53825996	rs6091754
chr20	53829450	rs6013809
chr20	53830764	rs6022786
chr20	53837398	rs6022791
chr20	53839906	rs6126982
chr20	53847814	rs6097632
chr20	53857140	rs873340
chr20	53857689	rs13040127
chr20	53862232	rs6068694
chr20	53863702	rs6068695
chr20	53872666	rs1859902
chr20	53874604	rs6097643
chr20	53875535	rs6068699
chr20	53876095	rs16998499
chr20	53879012	rs6064014
chr20	53879462	rs4535114
chr20	53881298	rs7266062
chr20	53883564	rs10211800
chr20	53884966	rs4811479
chr20	53885382	rs6127002
chr20	53885423	rs4809944
chr20	53885467	rs4811480
chr20	53886265	rs6097652
chr20	53888742	rs7267819
chr20	53889841	rs6022835
chr20	53891365	rs6013826
chr20	53895258	rs6097659
chr20	53897934	rs4811481
chr20	53898383	rs8114449
chr20	53898977	rs6022839
chr20	53899402	rs2870290
chr20	53899954	rs6123324
chr20	53905181	rs2904376
chr20	53907007	rs6022842
chr20	53909118	rs6013828
chr20	53910301	rs6068717
chr20	53911567	rs1476720
chr20	53911681	rs1476719
chr20	53912441	rs16998549
chr20	53912688	rs7269891
chr20	53915157	rs6097667
chr20	53918861	rs6022850
chr20	53919886	rs6022851
chr20	53921934	rs6068723
chr20	53922988	rs12480193
chr20	53924067	rs6127015
chr20	53926059	rs6022854
chr20	53930271	rs16998567
chr20	53930350	rs6064024
chr20	53931121	rs6068729
chr20	53931828	rs6013838
chr20	53935211	rs16998568
chr20	53936241	rs4811485
chr20	53937819	rs6022860
chr20	53939438	rs6123328
chr20	53939545	rs886856
chr20	53939884	rs6022863
chr20	53940023	rs16998585
chr20	53941871	rs732377
chr20	53943587	rs1055253
chr20	53944104	rs1952
chr20	53944245	rs1055251
chr20	53944833	rs2072241
chr20	53944930	rs1055246
chr20	53945163	rs4811486
chr20	53946067	rs12480336
chr20	53946230	rs6127029
chr20	53947662	rs719204
chr20	53947711	rs10485442
chr20	53947829	rs10485441
chr20	53947960	rs719203
chr20	53948987	rs6013844
chr20	53949732	rs6013845
chr20	53951007	rs11086446
chr20	53951189	rs2276516
chr20	53955322	rs4809946
chr20	53958200	rs6091793
chr20	53958507	rs6091794
chr20	53961068	rs402992
chr20	53963734	rs6013852
chr20	53964867	rs376105
chr20	53964976	rs375769
chr20	53967367	rs2276512
chr20	53967402	rs6013853
chr20	53968363	rs2299733
chr20	53969559	rs6022882
chr20	53973688	rs208390
chr20	53974437	rs208389
chr20	53975292	rs2302040
chr20	53975531	rs3815270
chr20	53977353	rs10485440
chr20	53977540	rs12479580
chr20	53978952	rs169639
chr20	53979850	rs2299730
chr20	53980636	rs2299726
chr20	53983466	rs208367
chr20	53983892	rs208366
chr20	53984712	rs6022893
chr20	53993168	rs8124068
chr20	53993904	rs2276499
chr20	53994434	rs208382
chr20	53994677	rs2276495
chr20	53995001	rs208381
chr20	53995333	rs8120953
chr20	53995605	rs208380
chr20	53996010	rs6022903
chr20	53996239	rs2024064
chr20	53996315	rs2024063
chr20	53997724	rs2276492
chr20	53998138	rs6022909
chr20	54000470	rs12480106
chr20	54000865	rs6097713
chr20	54002395	rs6123338
chr20	54002792	rs6127054
chr20	54003257	rs6013869
chr20	54004749	rs872923
chr20	54006244	rs2299723
chr20	54009192	rs6013871
chr20	54012265	rs6127058
chr20	54013844	rs458739
chr20	54020216	rs6127062
chr20	54022338	rs158541
chr20	54022745	rs158542
chr20	54024289	rs158544
chr20	54026489	rs2299712
chr20	54026506	rs158548
chr20	54027229	rs158549
chr20	54027975	rs6091808
chr20	54028627	rs158551
chr20	54028995	rs466264
chr20	54029002	rs2072127
chr20	54029107	rs2072128
chr20	54029490	rs290453
chr20	54030387	rs460076
chr20	54031284	rs1557853
chr20	54031291	rs290457
chr20	54031829	rs463288
chr20	54036316	rs290461
chr20	54036948	rs290463
chr20	54037290	rs290465
chr20	54037814	rs290467
chr20	54038008	rs290468
chr20	54038172	rs290469
chr20	54044202	rs2299700
chr20	54046870	rs2107327
chr20	54047244	rs290421
chr20	54048330	rs290422
chr20	54049471	rs2299698
chr20	54050346	rs11698014
chr20	54051587	rs6097745
chr20	54054593	rs6022934
chr20	54054645	rs290424
chr20	54054734	rs6127073
chr20	54056678	rs2870304
chr20	54056757	rs458990
chr20	54057290	rs290427
chr20	54057749	rs81484
chr20	54058076	rs465184
chr20	54058649	rs394732
chr20	54058720	rs2020975
chr20	54059508	rs290431
chr20	54059756	rs290432
chr20	54059965	rs6127074
chr20	54061069	rs6127075
chr20	54061420	rs461140
chr20	54061557	rs16998867
chr20	54061593	rs16998871
chr20	54061607	rs16998873
chr20	54061871	rs467267
chr20	54062598	rs12624748
chr20	54063222	rs6127076
chr20	54065220	rs6123351
chr20	54065666	rs16998886
chr20	54065719	rs6127081
chr20	54066815	rs756021
chr20	54067899	rs3787547
chr20	54068088	rs290445
chr20	54068545	rs290446
chr20	54068669	rs290447
chr20	54068702	rs290448
chr20	54069628	rs17287759
chr20	54070192	rs11905719
chr20	54070647	rs290391
chr20	54070693	rs6127084
chr20	54070813	rs6127085
chr20	54071188	rs290392
chr20	54071767	rs11699339
chr20	54071912	rs290393
chr20	54073919	rs6064043
chr20	54074617	rs6512935
chr20	54074704	rs392236
chr20	54074893	rs368195
chr20	54075715	rs6123356
chr20	54076139	rs6068770
chr20	54076851	rs16998926
chr20	54077075	rs399448
chr20	54077085	rs6127088
chr20	54081085	rs6068774
chr20	54084754	rs6064045
chr20	54086258	rs6123357
chr20	54086745	rs13041834
chr20	54087064	rs922376
chr20	54088085	rs6068777
chr20	54088791	rs290409
chr20	54089661	rs13037718
chr20	54090590	rs11908396
chr20	54090983	rs290407
chr20	54092213	rs12479663
chr20	54093853	rs290405
chr20	54094975	rs290403
chr20	54098763	rs158536
chr20	54099478	rs158534
chr20	54099545	rs209960
chr20	54101190	rs6022964
chr20	54102016	rs8123293
chr20	54104525	rs6022965
chr20	54104556	rs209957
chr20	54104885	rs158529
chr20	54105417	rs158528
chr20	54106317	rs209956
chr20	54107356	rs6127097
chr20	54107677	rs6013892
chr20	54109752	rs210068
chr20	54111960	rs2616280
chr20	54112406	rs210069
chr20	54113100	rs210071
chr20	54115823	rs17216707
chr20	54116172	rs209969
chr20	54116505	rs2762917
chr20	54118602	rs209968
chr20	54119033	rs2585444
chr20	54120061	rs209967
chr20	54120797	rs209966
chr20	54122398	rs12479682
chr20	54122985	rs6068794
chr20	54126051	rs17217119
chr20	54127216	rs6097777
chr20	54127898	rs2585447
chr20	54128501	rs2616277
chr20	54130130	rs6068799
chr20	54130185	rs6127107
chr20	54130897	rs6068802
chr20	54130967	rs2585450
chr20	54133164	rs1886308
chr20	54133284	rs2762920
chr20	54133520	rs6097779
chr20	54135006	rs6097782
chr20	54140009	rs2762924
chr20	54141303	rs16999008
chr20	54141877	rs6068809
chr20	54142658	rs8124440
chr20	54145114	rs6127112
chr20	54145879	rs2762926
chr20	54145941	rs2585413
chr20	54146427	rs2762927
chr20	54146442	rs2585415
chr20	54146792	rs6097797
chr20	54148810	rs4809955
chr20	54148933	rs4809956
chr20	54149656	rs2762929
chr20	54150268	rs8124792
chr20	54150895	rs6097801
chr20	54151757	rs2762931
chr20	54151852	rs2762932
chr20	54151957	rs6097805
chr20	54152812	rs6068810
chr20	54152916	rs6097807
chr20	54153900	rs11907350
chr20	54154632	rs4809957
chr20	54154722	rs2762934
chr20	54156202	rs927650
chr20	54156357	rs927651
chr20	54156971	rs6097809
chr20	54157888	rs1570669
chr20	54158040	rs1570670
chr20	54158989	rs2296239
chr20	54160302	rs912505
chr20	54162422	rs2209314
chr20	54162543	rs6127119
chr20	54162708	rs6022993
chr20	54163460	rs6022994
chr20	54163654	rs3886163
chr20	54164552	rs6068816
chr20	54164725	rs6013905
chr20	54165899	rs4809958
chr20	54166141	rs3787554
chr20	54166152	rs3787555
chr20	54166596	rs3787557
chr20	54167113	rs2762941
chr20	54167939	rs2181874
chr20	54169320	rs4809959
chr20	54169534	rs4809960
chr20	54169680	rs2296241
chr20	54169867	rs2245153
chr20	54170358	rs2585428
chr20	54171474	rs6022999
chr20	54174979	rs2248359
chr20	54175663	rs2248461
chr20	54182040	rs2585424
chr20	54182662	rs6068821
chr20	54186450	rs2585423
chr20	54187830	rs2585422
chr20	54187953	rs765058
chr20	54189141	rs2023392
chr20	54189737	rs6023009
chr20	54190682	rs16999165
chr20	54191523	rs6023013
chr20	54192240	rs7261350
chr20	54192757	rs1555439
chr20	54193120	rs1555442
chr20	54193604	rs6068824
chr20	54195346	rs12624334
chr20	54195429	rs12625233
chr20	54196285	rs2145827
chr20	54197476	rs2256661
chr20	54197971	rs2256781
chr20	54199791	rs6023019
chr20	54200178	rs964293
chr20	54200499	rs964292
chr20	54200865	rs2245792
chr20	54204148	rs2246177
chr20	54206301	rs4809961
chr20	54206835	rs6013922
chr20	54207400	rs6097840
chr20	54209192	rs1418925
chr20	54210729	rs1418926
chr20	54210754	rs1418927
chr20	54211538	rs6013925
chr20	54211619	rs6013926
chr20	54219535	rs6023044
chr20	54221732	rs51301
chr20	54222607	rs292112
chr20	54224495	rs13039601
chr20	54227260	rs2585417
chr20	54227743	rs2585418
chr20	54228859	rs415230
chr20	54229203	rs378668
chr20	54231907	rs986709
chr20	54237609	rs377448
chr20	54238115	rs423396
chr20	54238968	rs13045683
chr20	54239333	rs6013938
chr20	54251351	rs292116
chr20	54251574	rs292117
chr20	54251957	rs292118
chr20	54255676	rs6127152
chr20	54256153	rs292123
chr20	54256971	rs292126
chr20	54261239	rs6097877
chr20	54264035	rs6023080
chr20	54267847	rs10485793
chr20	54269313	rs6013944
chr20	54270492	rs16999288
chr20	54275163	rs292145
chr20	54275376	rs1382015
chr20	54276705	rs2023531
chr20	54280717	rs16999299
chr20	54281057	rs4811499
chr20	54284876	rs6123373
chr20	54285781	rs1293129
chr20	54286510	rs1293132
chr20	54288100	rs6023089
chr20	54288138	rs41428148
chr20	54288738	rs6013952
chr20	54289298	rs6013954
chr20	54291346	rs1157418
chr20	54293683	rs1542522
chr20	54296158	rs17313921
chr20	54297826	rs1382011
chr20	54298189	rs6023096
chr20	54299623	rs2870320
chr20	54300002	rs1981306
chr20	54300669	rs1293144
chr20	54301920	rs1293143
chr20	54303626	rs1293140
chr20	54304029	rs6127169
chr20	54307118	rs6023101
chr20	54307156	rs17223034
chr20	54310017	rs10485791
chr20	54311103	rs16999386
chr20	54314006	rs6023110
chr20	54314134	rs16999393
chr20	54314609	rs4809962
chr20	54319112	rs2219733
chr20	54320554	rs6023120
chr20	54320704	rs6023121
chr20	54323413	rs16999452
chr20	54331578	rs1150408
chr20	54332470	rs16999466
chr20	54333414	rs877088
chr20	54334508	rs1293153
chr20	54335045	rs1293151
chr20	54335461	rs6013977
chr20	54337337	rs6023139
chr20	54338851	rs16999487
chr20	54339561	rs793039
chr20	54341477	rs793050
chr20	54343514	rs707552
chr20	54355312	rs6064068
chr20	54355978	rs6097931
chr20	54357019	rs793034
chr20	54361655	rs6097934
chr20	54362976	rs6023156
chr20	54363560	rs6097942
chr20	54366246	rs6013989
chr20	54367892	rs16999559
chr20	54368077	rs16999560
chr20	54368103	rs6023158
chr20	54368619	rs6097944
chr20	54373070	rs6023167
chr20	54379651	rs16999561
chr20	54385076	rs6023181
chr20	54388448	rs1407043
chr20	54402195	rs2426507
chr20	54402994	rs16999597
chr20	54405774	rs6091867
chr20	54407460	rs17317237
chr20	54412482	rs1321468
chr20	54414468	rs1321466
chr20	54415622	rs1321465
chr20	54415718	rs1321464
chr20	54417376	rs6014011
chr20	54420368	rs6023227
chr20	54421759	rs6014014
chr20	54427253	rs6023232
chr20	54429091	rs6091877
chr20	54429166	rs7363680
chr20	54431937	rs16999610
chr20	54432021	rs16999611
chr20	54433734	rs8115818
chr20	54434951	rs6097980
chr20	54436584	rs6068880
chr20	54438056	rs6023244
chr20	54438126	rs6023245
chr20	54439297	rs2426509
chr20	54439603	rs13045652
chr20	54441894	rs6023247
chr20	54446402	rs6023251
chr20	54457498	rs6097995
chr20	54462762	rs6023260
chr20	54466604	rs6097998
chr20	54467357	rs6097999
chr20	54468970	rs6091886
chr20	54473744	rs1330017
chr20	54476535	rs4811507
chr20	54478456	rs922398
chr20	54480077	rs6098009
chr20	54481596	rs6091891
chr20	54489521	rs13044898
chr20	54489814	rs6014032
chr20	54493300	rs6023291
chr20	54508056	rs6023323
chr20	54514051	rs2426521
chr20	54514838	rs2426522
chr20	54515600	rs16999732
chr20	54515978	rs6091909
chr20	54529702	rs8126261
chr20	54541756	rs2426536
chr20	54543640	rs6098064
chr20	54545531	rs7274532
chr20	54549073	rs17326553
chr20	54550933	rs6098074
chr20	54551593	rs13043041
chr20	54552237	rs6014050
chr20	54554257	rs16999764
chr20	54556389	rs6023357
chr20	54556618	rs16999772
chr20	54558300	rs6014052
chr20	54560212	rs6014056
chr20	54564778	rs6014059
chr20	54566172	rs6098092
chr20	54575173	rs7274170
chr20	54575372	rs6023367
chr20	54576175	rs10485784
chr20	54577657	rs8124702
chr20	54578055	rs13040265
chr20	54586539	rs7271632
chr20	54586887	rs6023383
chr20	54588149	rs6023384
chr20	54588857	rs6014067
chr20	54589100	rs6023385
chr20	54592054	rs6098099
chr20	54594501	rs2054432
chr20	54594887	rs6014076
chr20	54602439	rs1150423
chr20	54603192	rs6023403
chr20	54603422	rs6023406
chr20	54605678	rs967377
chr20	54605808	rs4809969
chr20	54606632	rs7270971
chr20	54606791	rs6014081
chr20	54608469	rs6098108
chr20	54614953	rs6098118
chr20	54622779	rs2224269
chr20	54623891	rs6023423
chr20	54623933	rs8115071
chr20	54627578	rs10154005
chr20	54628101	rs7270451
chr20	54628188	rs7263678
chr20	54629009	rs6023429
chr20	54629771	rs6091938
chr20	54630658	rs6023430
chr20	54630771	rs6023431
chr20	54630882	rs6091939
chr20	54631143	rs6023432
chr20	54632661	rs2208075
chr20	54635371	rs6068924
chr20	54637079	rs16999893
chr20	54637147	rs6014098
chr20	54638276	rs6023437
chr20	54638523	rs10485783
chr20	54639412	rs1983702
chr20	54639706	rs2180462
chr20	54640635	rs1569985
chr20	54641216	rs6023443
chr20	54641411	rs16999924
chr20	54641450	rs6014100
chr20	54641524	rs4302265
chr20	54641654	rs4334548
chr20	54643804	rs873078
chr20	54643947	rs873079
chr20	54645788	rs910850
chr20	54647831	rs6127244
chr20	54648380	rs6014106
chr20	54649867	rs6098137
chr20	54650138	rs3787397
chr20	54650158	rs2904388
chr20	54650267	rs6068930
chr20	54651043	rs2842
chr20	54651054	rs2841
chr20	54651088	rs15899
chr20	54651465	rs6098138
chr20	54651733	rs12479720
chr20	54651764	rs6091942
chr20	54654085	rs2206909
chr20	54659766	rs2870337
chr20	54662951	rs1022574
chr20	54665050	rs6068934
chr20	54666854	rs6123403
chr20	54667196	rs6064102
chr20	54667605	rs6023474
chr20	54671198	rs2870343
chr20	54671964	rs11700279
chr20	54672056	rs6068938
chr20	54672085	rs6068939
chr20	54673438	rs1569730
chr20	54674008	rs6098151
chr20	54674831	rs6014118
chr20	54675195	rs6123404
chr20	54675536	rs6014120
chr20	54675549	rs11699951
chr20	54675675	rs6023482
chr20	54676668	rs2206906
chr20	54680635	rs6023495
chr20	54680651	rs17000020
chr20	54680786	rs6023496
chr20	54681433	rs6098158
chr20	54683042	rs17252698
chr20	54684172	rs6014133
chr20	54685297	rs6023503
chr20	54685916	rs6023505
chr20	54686374	rs6068941
chr20	54687417	rs6023507
chr20	54688712	rs6023509
chr20	54688778	rs6127255
chr20	54690569	rs6068943
chr20	54693569	rs6014137
chr20	54694876	rs988690
chr20	54696229	rs6068950
chr20	54697567	rs2870355
chr20	54697635	rs4538267
chr20	54698533	rs1546917
chr20	54698556	rs1546918
chr20	54698688	rs2223750
chr20	54699047	rs6091952
chr20	54701334	rs6068956
chr20	54703182	rs2143708
chr20	54703381	rs2179737
chr20	54703700	rs1883844
chr20	54704365	rs2870357
chr20	54704668	rs2064409
chr20	54706132	rs2064410
chr20	54706664	rs2870358
chr20	54709065	rs6068963
chr20	54709776	rs1474764
chr20	54711882	rs2206914
chr20	54712603	rs6014144
chr20	54713403	rs6127262
chr20	54715598	rs6023542
chr20	54716545	rs6023545
chr20	54722723	rs17339050
chr20	54723211	rs7363735
chr20	54723242	rs41508051
chr20	54723280	rs6098191
chr20	54723759	rs6098195
chr20	54723827	rs6098196
chr20	54725516	rs6023551
chr20	54726102	rs6091957
chr20	54726803	rs6091960
chr20	54734861	rs12624669
chr20	54735483	rs4140496
chr20	54738588	rs6127270
chr20	54743554	rs6023560
chr20	54744698	rs6023561
chr20	54747790	rs7271976
chr20	54764368	rs6014159
chr20	54767412	rs6023582
chr20	54769581	rs1540916
chr20	54771236	rs6023587
chr20	54775712	rs6023590
chr20	54776769	rs6023592
chr20	54779911	rs6127279
chr20	54780306	rs6127280
chr20	54780358	rs4555403
chr20	54793941	rs6098242
chr20	54794480	rs13037755
chr20	54795387	rs157635
chr20	54795609	rs157636
chr20	54798000	rs157640
chr20	54801180	rs157643
chr20	54802214	rs157646
chr20	54803146	rs6023609
chr20	54803794	rs6091973
chr20	54804047	rs157649
chr20	54804492	rs157651
chr20	54804912	rs6014178
chr20	54805024	rs6023612
chr20	54805059	rs403430
chr20	54805079	rs463388
chr20	54806483	rs459465
chr20	54806527	rs1995995
chr20	54807375	rs467214
chr20	54807995	rs10485781
chr20	54808678	rs458332
chr20	54810668	rs6023615
chr20	54816600	rs4642001
chr20	54820478	rs455731
chr20	54821974	rs459656
chr20	54822850	rs2668396
chr20	54823655	rs466272
chr20	54824106	rs4811530
chr20	54824958	rs6068993
chr20	54825645	rs6091984
chr20	54827024	rs6023623
chr20	54827541	rs6098274
chr20	54828106	rs1512067
chr20	54828254	rs6098276
chr20	54828572	rs4811531
chr20	54828759	rs6098279
chr20	54829077	rs17000225
chr20	54829689	rs4811533
chr20	54829942	rs13040698
chr20	54830967	rs4811534
chr20	54831215	rs1912890
chr20	54837311	rs6023633
chr20	54838029	rs6127294
chr20	54838794	rs6064116
chr20	54839237	rs1512066
chr20	54842003	rs6069005
chr20	54842053	rs6064117
chr20	54842266	rs6023640
chr20	54844906	rs6069008
chr20	54847696	rs6014183
chr20	54847775	rs6023646
chr20	54848130	rs1355565
chr20	54850384	rs912506
chr20	54852568	rs1512057
chr20	54853117	rs1543077
chr20	54854044	rs6023649
chr20	54858717	rs6098293
chr20	54862483	rs733093
chr20	54863119	rs6023655
chr20	54864588	rs6127303
chr20	54865065	rs6023657
chr20	54865705	rs2137224
chr20	54865876	rs1912889
chr20	54867320	rs6023659
chr20	54867824	rs4811539
chr20	54868316	rs1022753
chr20	54869019	rs1022185
chr20	54869596	rs6023660
chr20	54869643	rs4811541
chr20	54874165	rs7263291
chr20	54875027	rs6064127
chr20	54876770	rs6023667
chr20	54876832	rs6069021
chr20	54877451	rs912508
chr20	54877489	rs6023668
chr20	54880600	rs6023672
chr20	54881085	rs6064129
chr20	54881171	rs6023673
chr20	54886210	rs4809974
chr20	54886659	rs6069037
chr20	54888910	rs6069038
chr20	54889360	rs6069039
chr20	54892227	rs4811547
chr20	54894997	rs2175543
chr20	54895062	rs6098304
chr20	54896342	rs4809978
chr20	54896514	rs8124023
chr20	54897841	rs6014202
chr20	54899324	rs6069045
chr20	54905180	rs6064139
chr20	54911778	rs6069054
chr20	54912166	rs1912888
chr20	54912840	rs6023700
chr20	54916088	rs283272
chr20	54917439	rs283273
chr20	54920617	rs283279
chr20	54921672	rs6127326
chr20	54922076	rs283281
chr20	54922277	rs6014216
chr20	54923050	rs6098314
chr20	54924007	rs4811555
chr20	54924688	rs366808
chr20	54928862	rs438220
chr20	54930853	rs6127328
chr20	54932363	rs4811558
chr20	54935326	rs6092001
chr20	54936118	rs288829
chr20	54936648	rs423867
chr20	54937869	rs402842
chr20	54938644	rs288830
chr20	54938711	rs288831
chr20	54940283	rs11907890
chr20	54940711	rs6092002
chr20	54941554	rs6098329
chr20	54942135	rs6127331
chr20	54947298	rs6092003
chr20	54951470	rs17000433
chr20	54951673	rs2022186
chr20	54951688	rs441497
chr20	54954287	rs172410
chr20	54957565	rs6123436
chr20	54960007	rs928165
chr20	54960306	rs990571
chr20	54963250	rs6023752
chr20	54963579	rs2870375
chr20	54963684	rs2870376
chr20	54964168	rs6069071
chr20	54965132	rs2019675
chr20	54965185	rs991213
chr20	54967168	rs6123438
chr20	54967542	rs159091
chr20	54967596	rs159090
chr20	54967714	rs159089
chr20	54968263	rs4811559
chr20	54968286	rs4811560
chr20	54971898	rs441753
chr20	54975147	rs11699325
chr20	54975794	rs6127345
chr20	54982342	rs6023759
chr20	54990431	rs6123445
chr20	54992033	rs950276
chr20	54993426	rs6023764
chr20	54995601	rs6098360
chr20	54997478	rs6127357
chr20	54998409	rs6023772
chr20	54998858	rs6098364
chr20	54999818	rs6123448
chr20	55000238	rs9679866
chr20	55000748	rs6127363
chr20	55003272	rs2133618
chr20	55004047	rs159125
chr20	55005958	rs159119
chr20	55006232	rs159117
chr20	55006774	rs159115
chr20	55007965	rs159113
chr20	55011835	rs159101
chr20	55015243	rs159098
chr20	55017913	rs159095
chr20	55019042	rs159093
chr20	55020377	rs188282
chr20	55025848	rs159126
chr20	55027828	rs158303
chr20	55030987	rs6123452
chr20	55031333	rs6069091
chr20	55032426	rs159130
chr20	55032545	rs159132
chr20	55033609	rs575381
chr20	55036542	rs158309
chr20	55037821	rs158313
chr20	55038389	rs6127379
chr20	55038576	rs17270657
chr20	55038892	rs6127380
chr20	55040389	rs158316
chr20	55040424	rs150406
chr20	55046241	rs6023813
chr20	55050427	rs167023
chr20	55056570	rs496170
chr20	55060264	rs17000632
chr20	55070928	rs7262424
chr20	55071481	rs7262813
chr20	55075522	rs6513032
chr20	55078383	rs1499871
chr20	55079137	rs2021851
chr20	55080783	rs6064163
chr20	55084586	rs211445
chr20	55085864	rs11906720
chr20	55087154	rs1499860
chr20	55087457	rs6098412
chr20	55088426	rs6098415
chr20	55089112	rs6069115
chr20	55090083	rs767971
chr20	55090836	rs6098422
chr20	55092086	rs4324374
chr20	55092134	rs2870389
chr20	55093267	rs6098430
chr20	55097145	rs4811573
chr20	55097251	rs6098435
chr20	55097819	rs6023851
chr20	55097892	rs6023852
chr20	55099444	rs2103961
chr20	55100647	rs6064166
chr20	55104286	rs6023860
chr20	55104479	rs910914
chr20	55116780	rs17000741
chr20	55121461	rs1028546
chr20	55121706	rs6098442
chr20	55130423	rs2145027
chr20	55130784	rs6023889
chr20	55135281	rs6098447
chr20	55140509	rs6023900
chr20	55141064	rs2426552
chr20	55141155	rs2426553
chr20	55158818	rs6064179
chr20	55161567	rs13039015
chr20	55162328	rs1571167
chr20	55162620	rs7270599
chr20	55163522	rs4321427
chr20	55163764	rs2225092
chr20	55164386	rs1475333
chr20	55164696	rs6023927
chr20	55165844	rs6023931
chr20	55167197	rs1571172
chr20	55167779	rs6023933
chr20	55173513	rs1887299
chr20	55174719	rs6069163
chr20	55178061	rs11086494
chr20	55180486	rs1887300
chr20	55181259	rs6092077
chr20	55184590	rs6092078
chr20	55186461	rs7267530
chr20	55186866	rs17000800
chr20	55189455	rs6023940
chr20	55190904	rs6127423
chr20	55192939	rs2904454
chr20	55195661	rs4524177
chr20	55196938	rs6069170
chr20	55199287	rs6127426
chr20	55199483	rs6098479
chr20	55199963	rs4133149
chr20	55200099	rs6513052
chr20	55200824	rs1541030
chr20	55200977	rs6098480
chr20	55208863	rs2870610
chr20	55215057	rs17000859
chr20	55215117	rs6092090
chr20	55227298	rs1887305
chr20	55233443	rs12480988
chr20	55235087	rs2840570
chr20	55237535	rs6127445
chr20	55240709	rs6023970
chr20	55241739	rs6092092
chr20	55242080	rs4811596
chr20	55242238	rs4811598
chr20	55243167	rs2767561
chr20	55243188	rs2767562
chr20	55244428	rs6023971
chr20	55244550	rs8119942
chr20	55251679	rs6023981
chr20	55252988	rs2426556
chr20	55256879	rs2426558
chr20	55257762	rs4811599
chr20	55258008	rs2426559
chr20	55259270	rs6098517
chr20	55260126	rs6098519
chr20	55260213	rs6023985
chr20	55260337	rs2179733
chr20	55261834	rs6023986
chr20	55266878	rs6069223
chr20	55270389	rs932439
chr20	55279499	rs2870619
chr20	55282020	rs983425
chr20	55284748	rs17000940
chr20	55285679	rs6064201
chr20	55292790	rs6014341
chr20	55293710	rs211915
chr20	55293909	rs6098549
chr20	55293965	rs211917
chr20	55296631	rs6064202
chr20	55296895	rs6064203
chr20	55298695	rs211922
chr20	55301790	rs9679820
chr20	55305595	rs211928
chr20	55313937	rs2206897
chr20	55320411	rs211947
chr20	55320743	rs2206898
chr20	55321751	rs211948
chr20	55323068	rs6024036
chr20	55330294	rs6064213
chr20	55340503	rs17001044
chr20	55343482	rs6092111
chr20	55345894	rs6098565
chr20	55348741	rs17001059
chr20	55348825	rs11696476
chr20	55353346	rs6098569
chr20	55354136	rs17001062
chr20	55354301	rs17001064
chr20	55355125	rs11086499
chr20	55358115	rs6024051
chr20	55360768	rs17001083
chr20	55369826	rs13038437
chr20	55373116	rs6024061
chr20	55373135	rs6092121
chr20	55373822	rs10211731
chr20	55373993	rs10211732
chr20	55382243	rs17001132
chr20	55384376	rs3907047
chr20	55384802	rs212584
chr20	55386555	rs212582
chr20	55389992	rs3911355
chr20	55392015	rs12625126
chr20	55392148	rs4810001
chr20	55393132	rs3852922
chr20	55395091	rs6014374
chr20	55401947	rs212579
chr20	55402163	rs212578
chr20	55407111	rs6069279
chr20	55427658	rs3852923
chr20	55430173	rs11698570
chr20	55431443	rs13036829
chr20	55438127	rs212600
chr20	55438182	rs6123487
chr20	55440736	rs11699945
chr20	55442536	rs3852924
chr20	55442881	rs212595
chr20	55445659	rs6069285
chr20	55446285	rs212570
chr20	55448485	rs12106271
chr20	55450055	rs212565
chr20	55450740	rs212563
chr20	55451061	rs3852925
chr20	55458128	rs6098616
chr20	55458624	rs13043784
chr20	55460361	rs212554
chr20	55462676	rs2426576
chr20	55463925	rs2426578
chr20	55464951	rs2426579
chr20	55466809	rs6069295
chr20	55467718	rs214387
chr20	55467802	rs6069297
chr20	55468161	rs3852927
chr20	55469019	rs3852929
chr20	55469393	rs2426581
chr20	55469649	rs172516
chr20	55470458	rs214389
chr20	55470483	rs214390
chr20	55471244	rs2426582
chr20	55471425	rs3852931
chr20	55473527	rs6064232
chr20	55474088	rs17001256
chr20	55474231	rs12480261
chr20	55474386	rs214394
chr20	55475345	rs214379
chr20	55475672	rs214380
chr20	55475904	rs17001261
chr20	55478773	rs16984758
chr20	55481119	rs2426583
chr20	55482713	rs17301294
chr20	55483354	rs17301350
chr20	55483671	rs6024148
chr20	55484516	rs6024151
chr20	55485062	rs4141604
chr20	55485498	rs444233
chr20	55486319	rs2870635
chr20	55486401	rs371446
chr20	55486619	rs421769
chr20	55486984	rs415502
chr20	55487782	rs6014398
chr20	55487878	rs6024156
chr20	55488826	rs6123499
chr20	55489802	rs6098632
chr20	55502431	rs6024182
chr20	55502531	rs6024183
chr20	55504771	rs6024184
chr20	55505681	rs6014408
chr20	55549400	rs7273623
chr20	55549881	rs6024190
chr20	55550557	rs7261265
chr20	55550765	rs7269159
chr20	55550888	rs7261435
chr20	55551082	rs6014412
chr20	55552334	rs17001309
chr20	55552648	rs2068818
chr20	55553941	rs6024193
chr20	55554332	rs10485777
chr20	55555597	rs6014415
chr20	55556459	rs6024196
chr20	55557864	rs6098647
chr20	55559311	rs6024203
chr20	55559818	rs6098654
chr20	55560726	rs6092135
chr20	55563310	rs6064239
chr20	55563370	rs6064240
chr20	55563648	rs6064242
chr20	55564168	rs11905021
chr20	55565281	rs6024213
chr20	55565645	rs6098659
chr20	55566570	rs2247252
chr20	55567751	rs2180470
chr20	55569249	rs2770375
chr20	55572028	rs2247859
chr20	55576130	rs17302919
chr20	55578664	rs17001346
chr20	55578701	rs2244665
chr20	55578811	rs2244669
chr20	55579044	rs17001360
chr20	55579209	rs2749792
chr20	55581640	rs17394442
chr20	55582439	rs559267
chr20	55582947	rs2224272
chr20	55584096	rs666073
chr20	55585354	rs584687
chr20	55588046	rs6024228
chr20	55588440	rs629522
chr20	55589786	rs6024230
chr20	55590538	rs505165
chr20	55592860	rs3848690
chr20	55593530	rs6014422
chr20	55597410	rs682132
chr20	55599040	rs6098668
chr20	55599668	rs11696400
chr20	55600164	rs485661
chr20	55600306	rs487331
chr20	55601815	rs7272648
chr20	55602062	rs653018
chr20	55603739	rs6127525
chr20	55604670	rs555848
chr20	55604798	rs3848692
chr20	55606289	rs11907724
chr20	55608603	rs6064247
chr20	55609156	rs6069339
chr20	55609749	rs1337227
chr20	55611024	rs6123505
chr20	55613582	rs17304809
chr20	55619571	rs6092151
chr20	55620600	rs6024250
chr20	55621283	rs13042475
chr20	55622146	rs6069342
chr20	55623990	rs6024254
chr20	55626794	rs6069347
chr20	55627301	rs6127530
chr20	55629483	rs945751
chr20	55630265	rs1541157
chr20	55631072	rs10485796
chr20	55635158	rs17305812
chr20	55635277	rs16978585
chr20	55636902	rs16978592
chr20	55639098	rs16978600
chr20	55641936	rs16978603
chr20	55641990	rs41355452
chr20	55642285	rs6064254
chr20	55644317	rs4811610
chr20	55649005	rs566273
chr20	55653076	rs1337240
chr20	55653250	rs1337241
chr20	55655939	rs6024269
chr20	55656048	rs860341
chr20	55656127	rs865884
chr20	55656260	rs1040697
chr20	55657505	rs670045
chr20	55660911	rs1337242
chr20	55662027	rs761828
chr20	55662745	rs584635
chr20	55663179	rs1361051
chr20	55663897	rs572715
chr20	55664559	rs1337245
chr20	55664891	rs975137
chr20	55665883	rs6024282
chr20	55669577	rs972706
chr20	55675119	rs6098711
chr20	55677133	rs374832
chr20	55677836	rs4535106
chr20	55677884	rs454203
chr20	55678719	rs6098716
chr20	55679392	rs2870644
chr20	55680786	rs6123512
chr20	55681571	rs6069363
chr20	55681859	rs6069364
chr20	55682392	rs366496
chr20	55682857	rs448013
chr20	55683132	rs2870662
chr20	55683994	rs6069367
chr20	55685138	rs6069368
chr20	55686503	rs454380
chr20	55687742	rs452607
chr20	55689277	rs402538
chr20	55691538	rs8115146
chr20	55696662	rs17308948
chr20	55698472	rs2092907
chr20	55698626	rs2092908
chr20	55700536	rs8121871
chr20	55705034	rs8119592
chr20	55707043	rs2224177
chr20	55707359	rs2207899
chr20	55707584	rs6098739
chr20	55707772	rs6098741
chr20	55708204	rs2870664
chr20	55708269	rs2870665
chr20	55708666	rs6069380
chr20	55709096	rs11696689
chr20	55714452	rs2207900
chr20	55714731	rs17400884
chr20	55714832	rs6014453
chr20	55714960	rs12624596
chr20	55715650	rs6024320
chr20	55715737	rs6014455
chr20	55717526	rs12625310
chr20	55717894	rs6024327
chr20	55719083	rs6024332
chr20	55719137	rs6024333
chr20	55719303	rs6024334
chr20	55721241	rs7351418
chr20	55722390	rs960138
chr20	55725690	rs6069391
chr20	55731508	rs2870671
chr20	55740225	rs6014468
chr20	55743869	rs12626113
chr20	55745864	rs41432346
chr20	55748393	rs6064271
chr20	55749651	rs6127565
chr20	55753523	rs12480904
chr20	55755759	rs726121
chr20	55757504	rs6127570
chr20	55761125	rs6024378
chr20	55763509	rs7264859
chr20	55771333	rs4811622
chr20	55771758	rs2207890
chr20	55772378	rs6024403
chr20	55775565	rs6098778
chr20	55775627	rs6098779
chr20	55782353	rs7265042
chr20	55783511	rs6098782
chr20	55784804	rs2870675
chr20	55784827	rs4494823
chr20	55786290	rs910668
chr20	55788472	rs17334174
chr20	55788685	rs6098786
chr20	55789981	rs6014498
chr20	55790144	rs8125315
chr20	55790646	rs6092176
chr20	55790950	rs6513122
chr20	55796751	rs6014500
chr20	55797016	rs6098802
chr20	55798198	rs2904471
chr20	55802339	rs1569910
chr20	55802399	rs6014504
chr20	55802619	rs1569912
chr20	55802810	rs4341996
chr20	55803200	rs1304549
chr20	55803525	rs2207893
chr20	55803977	rs6092179
chr20	55804087	rs4811626
chr20	55805499	rs6024437
chr20	55806204	rs11907351
chr20	55806510	rs11905645
chr20	55811889	rs8125625
chr20	55817380	rs1569916
chr20	55817761	rs6024451
chr20	55817773	rs978207
chr20	55818377	rs6024454
chr20	55818740	rs1474892
chr20	55820112	rs6024459
chr20	55820485	rs6024460
chr20	55821519	rs6024463
chr20	55821735	rs10211770
chr20	55822895	rs6024466
chr20	55829649	rs6024472
chr20	55833038	rs1474896
chr20	55834561	rs6069417
chr20	55835879	rs6069418
chr20	55836433	rs2207896
chr20	55845571	rs6014535
chr20	55846073	rs6024483
chr20	55846193	rs6014538
chr20	55846570	rs6092192
chr20	55846716	rs6092193
chr20	55847583	rs11906651
chr20	55848001	rs6069422
chr20	55853891	rs11907114
chr20	55854962	rs7271399
chr20	55855880	rs4811635
chr20	55858148	rs3848693
chr20	55858370	rs6064284
chr20	55867410	rs2870687
chr20	55869278	rs6024489
chr20	55869369	rs6069437
chr20	55871605	rs6069442
chr20	55873204	rs2295461
chr20	55875198	rs6098868
chr20	55875245	rs6092202
chr20	55876610	rs6098869
chr20	55878887	rs6069445
chr20	55879231	rs6098874
chr20	55881221	rs6064289
chr20	55881738	rs6064290
chr20	55882927	rs1370270
chr20	55887337	rs910912
chr20	55890067	rs6069452
chr20	55891385	rs8120564
chr20	55892070	rs6069454
chr20	55895268	rs13038849
chr20	55895397	rs13039295
chr20	55897473	rs2208144
chr20	55898430	rs6069458
chr20	55899067	rs2904465
chr20	55899514	rs10854200
chr20	55900003	rs6069462
chr20	55907220	rs1437206
chr20	55907241	rs2164669
chr20	55907563	rs6069473
chr20	55908958	rs4811641
chr20	55914575	rs462635
chr20	55914860	rs458566
chr20	55914950	rs456138
chr20	55915195	rs464206
chr20	55916587	rs228993
chr20	55916924	rs6069477
chr20	55918225	rs228991
chr20	55919922	rs6014555
chr20	55922999	rs2076789
chr20	55924082	rs16979119
chr20	55924198	rs6092218
chr20	55926375	rs4811643
chr20	55926457	rs6014558
chr20	55927973	rs16979135
chr20	55929145	rs1437209
chr20	55929540	rs4811644
chr20	55932757	rs731803
chr20	55933455	rs4811645
chr20	55934687	rs6064299
chr20	55935852	rs6024520
chr20	55936446	rs914433
chr20	55936625	rs17343466
chr20	55939781	rs6069486
chr20	55942883	rs13036323
chr20	55943652	rs6024523
chr20	55945989	rs11696941
chr20	55950158	rs6069493
chr20	55950271	rs6069494
chr20	55950936	rs11699881
chr20	55953091	rs16979159
chr20	55955854	rs995815
chr20	55956445	rs16979164
chr20	55956463	rs1550194
chr20	55956718	rs10485802
chr20	55957006	rs16979168
chr20	55957176	rs1821804
chr20	55957834	rs10485803
chr20	55958927	rs984922
chr20	55959407	rs1821805
chr20	55960566	rs751789
chr20	55962676	rs6014562
chr20	55965272	rs6069499
chr20	55965379	rs6098930
chr20	55965963	rs1370271
chr20	55968150	rs4811647
chr20	55970056	rs6127612
chr20	55970243	rs6014563
chr20	55970612	rs4449197
chr20	55970914	rs1821809
chr20	55970931	rs2018261
chr20	55972147	rs6024548
chr20	55972932	rs6024549
chr20	55973400	rs6064311
chr20	55974719	rs1545117
chr20	55975161	rs9636522
chr20	55975518	rs6069509
chr20	55977125	rs914432
chr20	55981057	rs1837028
chr20	55981332	rs2011703
chr20	55987613	rs6024555
chr20	55989746	rs6064314
chr20	55990149	rs7272553
chr20	55994019	rs6024558
chr20	55994854	rs6064315
chr20	55999221	rs6024561
chr20	55999488	rs6014572
chr20	56004403	rs6014573
chr20	56005792	rs11086529
chr20	56016641	rs4389378
chr20	56022135	rs2208068
chr20	56027854	rs6069533
chr20	56029104	rs6014579
chr20	56036690	rs2064776
chr20	56039541	rs6069540
chr20	56040417	rs11696759
chr20	56041005	rs6069541
chr20	56041119	rs16979272
chr20	56043466	rs6069543
chr20	56045067	rs6064322
chr20	56046736	rs6069547
chr20	56058149	rs6069551
chr20	56060776	rs6069552
chr20	56064511	rs8117529
chr20	56066927	rs6098972
chr20	56068019	rs2870714
chr20	56070641	rs6069558
chr20	56075365	rs6024599
chr20	56075464	rs6069560
chr20	56079433	rs6069564
chr20	56100059	rs2208066
chr20	56102894	rs6024619
chr20	56103085	rs6069580
chr20	56114151	rs6098997
chr20	56115689	rs11698763
chr20	56117239	rs6092251
chr20	56117648	rs6064338
chr20	56124376	rs989066
chr20	56126174	rs16979378
chr20	56127356	rs6024632
chr20	56127714	rs6024633
chr20	56135321	rs16979381
chr20	56139415	rs1326016
chr20	56140244	rs5024075
chr20	56142966	rs2182359
chr20	56146876	rs6099010
chr20	56147176	rs6064344
chr20	56147819	rs6123547
chr20	56149508	rs6069609
chr20	56151513	rs6513195
chr20	56151575	rs17429356
chr20	56152734	rs6127656
chr20	56157098	rs6099014
chr20	56158572	rs6014614
chr20	56159713	rs1886957
chr20	56166079	rs4811653
chr20	56169082	rs6069624
chr20	56169177	rs6099020
chr20	56171497	rs1886959
chr20	56172447	rs6123550
chr20	56173092	rs6127658
chr20	56174109	rs17351628
chr20	56174330	rs4811657
chr20	56174535	rs6092259
chr20	56176727	rs16979427
chr20	56176789	rs6024654
chr20	56177028	rs6024655
chr20	56177421	rs6099024
chr20	56178668	rs16979428
chr20	56179321	rs2870718
chr20	56182545	rs6024660
chr20	56183632	rs6024661
chr20	56185119	rs4811660
chr20	56185459	rs4811661
chr20	56187362	rs6123551
chr20	56191263	rs6064348
chr20	56191916	rs6024674
chr20	56194179	rs1926077
chr20	56196248	rs16979498
chr20	56199497	rs4811667
chr20	56200732	rs6064350
chr20	56200847	rs6064351
chr20	56201184	rs1409219
chr20	56202468	rs6024688
chr20	56202917	rs6024692
chr20	56205320	rs984231
chr20	56209922	rs6127670
chr20	56212176	rs4811674
chr20	56215281	rs1326028
chr20	56218497	rs1409228
chr20	56220867	rs1926062
chr20	56223462	rs2148212
chr20	56223544	rs2148213
chr20	56224660	rs7268740
chr20	56225976	rs4811678
chr20	56226004	rs4811679
chr20	56226159	rs4811680
chr20	56227163	rs9974032
chr20	56229588	rs6092272
chr20	56230648	rs10485804
chr20	56232196	rs6123557
chr20	56232239	rs6127676
chr20	56233930	rs6127681
chr20	56234249	rs17353138
chr20	56234406	rs6127684
chr20	56234569	rs6127686
chr20	56235768	rs6127688
chr20	56235826	rs4811684
chr20	56237937	rs6127690
chr20	56238003	rs6024723
chr20	56238106	rs6127691
chr20	56238477	rs6024725
chr20	56239602	rs6069670
chr20	56240031	rs17457227
chr20	56242766	rs11086538
chr20	56243574	rs6014645
chr20	56243950	rs6024728
chr20	56245733	rs6024730
chr20	56245952	rs16979603
chr20	56247032	rs6092276
chr20	56248360	rs6127698
chr20	56248749	rs3746619
chr20	56248973	rs3827103
chr20	56251688	rs6024732
chr20	56253328	rs1543570
chr20	56254249	rs6099056
chr20	56254396	rs6099057
chr20	56254553	rs6099058
chr20	56255638	rs6127701
chr20	56255927	rs13043968
chr20	56256218	rs6069674
chr20	56256281	rs1926065
chr20	56256906	rs6123571
chr20	56256957	rs16979641
chr20	56257174	rs6127702
chr20	56258375	rs6014657
chr20	56259077	rs6069675
chr20	56260388	rs876397
chr20	56261298	rs913000
chr20	56264127	rs6127709
chr20	56264206	rs16979664
chr20	56264738	rs4811685
chr20	56265713	rs1326024
chr20	56265952	rs6064361
chr20	56268969	rs1326022
chr20	56269090	rs1326021
chr20	56270740	rs6064362
chr20	56273921	rs6014664
chr20	56276690	rs932792
chr20	56283369	rs6069689
chr20	56287629	rs927809
chr20	56289619	rs16979736
chr20	56291103	rs1326015
chr20	56295713	rs6069696
chr20	56297803	rs2426606
chr20	56297875	rs2426607
chr20	56297932	rs6024775
chr20	56298651	rs6127723
chr20	56300840	rs6014678
chr20	56302418	rs6123578
chr20	56305340	rs1886956
chr20	56305721	rs1926076
chr20	56308532	rs6127725
chr20	56309282	rs6024783
chr20	56313111	rs6014682
chr20	56314454	rs11908015
chr20	56315615	rs6024786
chr20	56315687	rs2148218
chr20	56324911	rs16979781
chr20	56327342	rs1926072
chr20	56327412	rs16979784
chr20	56327540	rs6092297
chr20	56327734	rs6014688
chr20	56329023	rs6024797
chr20	56329768	rs6024799
chr20	56332273	rs6014689
chr20	56335861	rs4810019
chr20	56345802	rs988166
chr20	56346591	rs6024807
chr20	56348142	rs8118732
chr20	56348706	rs6099095
chr20	56350170	rs6024810
chr20	56356657	rs6099108
chr20	56357370	rs2426614
chr20	56357446	rs6024821
chr20	56358048	rs6127732
chr20	56360672	rs6092308
chr20	56362176	rs6099111
chr20	56362223	rs4811692
chr20	56362487	rs4811693
chr20	56363151	rs6024830
chr20	56363373	rs7260863
chr20	56363408	rs6024831
chr20	56366031	rs16979815
chr20	56366084	rs6099115
chr20	56366212	rs6099116
chr20	56369012	rs6024836
chr20	56370727	rs10485805
chr20	56378228	rs6099122
chr20	56381651	rs6024840
chr20	56386017	rs6014711
chr20	56386407	rs1047972
chr20	56387716	rs2064863
chr20	56388247	rs6099126
chr20	56388499	rs6099127
chr20	56388905	rs6127737
chr20	56389305	rs2180691
chr20	56390845	rs1468055
chr20	56391090	rs16979865
chr20	56392509	rs2236207
chr20	56392837	rs2236208
chr20	56392982	rs16979877
chr20	56393103	rs6064387
chr20	56393583	rs6099129
chr20	56393679	rs6064389
chr20	56396565	rs16979880
chr20	56399368	rs2426617
chr20	56399652	rs2426619
chr20	56399937	rs2426620
chr20	56402356	rs2426621
chr20	56402542	rs2426623
chr20	56403779	rs6024853
chr20	56403979	rs16979884
chr20	56404115	rs7806
chr20	56405550	rs6024857
chr20	56409712	rs6064392
chr20	56411164	rs3761206
chr20	56411218	rs6127744
chr20	56414270	rs11905250
chr20	56416786	rs11697922
chr20	56421135	rs2426626
chr20	56422344	rs11698292
chr20	56425893	rs17365060
chr20	56429946	rs6069740
chr20	56431832	rs6127751
chr20	56434127	rs6014727
chr20	56437262	rs911159
chr20	56440110	rs927174
chr20	56440475	rs6069746
chr20	56442504	rs6024879
chr20	56444194	rs16979927
chr20	56445633	rs6024881
chr20	56450706	rs6069753
chr20	56451479	rs376900
chr20	56451723	rs16979934
chr20	56453111	rs2870738
chr20	56454332	rs4811694
chr20	56454702	rs401897
chr20	56458579	rs3746624
chr20	56458591	rs3746625
chr20	56458657	rs3746626
chr20	56458800	rs4811697
chr20	56460938	rs6014735
chr20	56461257	rs1570044
chr20	56461491	rs428445
chr20	56464425	rs4811702
chr20	56465112	rs13037594
chr20	56467686	rs3761210
chr20	56467818	rs3761211
chr20	56473227	rs6024901
chr20	56475280	rs6099161
chr20	56482848	rs6064401
chr20	56492079	rs8125425
chr20	56494254	rs8123062
chr20	56495687	rs4810021
chr20	56496136	rs4811709
chr20	56496583	rs6069763
chr20	56497416	rs6024911
chr20	56503477	rs3827108
chr20	56503517	rs3787395
chr20	56508422	rs6069767
chr20	56509176	rs6024919
chr20	56510110	rs6014755
chr20	56513348	rs1059768
chr20	56513742	rs13043526
chr20	56513975	rs1061532
chr20	56518845	rs6999
chr20	56519451	rs2056
chr20	56526261	rs28620942
chr20	56534248	rs6024938
chr20	56536315	rs2296130
chr20	56536691	rs6014757
chr20	56536776	rs6024941
chr20	56540428	rs932530
chr20	56540778	rs6069771
chr20	56541941	rs912302
chr20	56547669	rs11700226
chr20	56551858	rs1884422
chr20	56553639	rs16980068
chr20	56556731	rs11696207
chr20	56557422	rs4811713
chr20	56558172	rs6064417
chr20	56564813	rs8124927
chr20	56566468	rs6513239
chr20	56568278	rs2146912
chr20	56570947	rs6024956
chr20	56573752	rs11905734
chr20	56574229	rs6014763
chr20	56574296	rs6069788
chr20	56574369	rs6127794
chr20	56574805	rs6099202
chr20	56576372	rs6123607
chr20	56579218	rs6099205
chr20	56579298	rs6024965
chr20	56580348	rs1570530
chr20	56580562	rs6024970
chr20	56584684	rs11698394
chr20	56590011	rs6024978
chr20	56592016	rs1886051
chr20	56592329	rs1886052
chr20	56596638	rs11086554
chr20	56602509	rs8120788
chr20	56603025	rs4811719
chr20	56604405	rs11906169
chr20	56608491	rs7266248
chr20	56608558	rs7266311
chr20	56608724	rs1004370
chr20	56609237	rs1570532
chr20	56611439	rs11907967
chr20	56618337	rs6025009
chr20	56619487	rs6025011
chr20	56620734	rs1040800
chr20	56620760	rs6014782
chr20	56620788	rs8118383
chr20	56627928	rs3827102
chr20	56629073	rs6513245
chr20	56637655	rs6025024
chr20	56642341	rs911172
chr20	56643125	rs2870755
chr20	56646968	rs6025034
chr20	56657786	rs2024965
chr20	56658054	rs2024966
chr20	56661502	rs6014787
chr20	56663473	rs4811721
chr20	56667414	rs6099231
chr20	56673474	rs991289
chr20	56677063	rs4811724
chr20	56679998	rs6127813
chr20	56680418	rs6025056
chr20	56680830	rs4811725
chr20	56680946	rs4811726
chr20	56681179	rs6099240
chr20	56684590	rs2180698
chr20	56686628	rs4811727
chr20	56690487	rs4811738
chr20	56690848	rs2870758
chr20	56690951	rs2904492
chr20	56694268	rs2870763
chr20	56694450	rs6025075
chr20	56695969	rs6025080
chr20	56699238	rs2104018
chr20	56700785	rs11086559
chr20	56701511	rs8115208
chr20	56701623	rs6025087
chr20	56702547	rs1885180
chr20	56702608	rs11906718
chr20	56704289	rs911452
chr20	56705378	rs12151943
chr20	56705860	rs882678
chr20	56707655	rs2426634
chr20	56711419	rs7271794
chr20	56711758	rs6025096
chr20	56712343	rs4811741
chr20	56712511	rs2426638
chr20	56714089	rs6025100
chr20	56714104	rs6025101
chr20	56717150	rs16980231
chr20	56717349	rs2426642
chr20	56717423	rs2426643
chr20	56717487	rs2426644
chr20	56718674	rs2426649
chr20	56719511	rs2426653
chr20	56720619	rs7265075
chr20	56722431	rs6123619
chr20	56722574	rs11699708
chr20	56724350	rs2426662
chr20	56724600	rs2426663
chr20	56727620	rs4810037
chr20	56730268	rs2426668
chr20	56732076	rs6127826
chr20	56734996	rs1923180
chr20	56735517	rs932624
chr20	56738550	rs6025114
chr20	56739208	rs6127833
chr20	56739916	rs6069849
chr20	56748978	rs8114324
chr20	56749304	rs6069855
chr20	56752880	rs6025134
chr20	56754320	rs6014814
chr20	56755547	rs6069858
chr20	56756641	rs16980283
chr20	56756824	rs6025140
chr20	56757817	rs6069864
chr20	56757888	rs6069865
chr20	56758894	rs6025144
chr20	56759936	rs2145699
chr20	56760851	rs6014819
chr20	56760981	rs6025146
chr20	56761211	rs6014820
chr20	56764564	rs6092361
chr20	56766512	rs6099265
chr20	56766625	rs6099266
chr20	56766893	rs6099267
chr20	56767241	rs6069871
chr20	56768044	rs11086562
chr20	56769998	rs11906748
chr20	56770954	rs2904493
chr20	56772772	rs6099273
chr20	56776813	rs6025157
chr20	56784282	rs2145701
chr20	56787775	rs2093283
chr20	56789129	rs6025161
chr20	56790884	rs755157
chr20	56792056	rs1570182
chr20	56792969	rs2426688
chr20	56794071	rs1321864
chr20	56794538	rs2426689
chr20	56797931	rs11696312
chr20	56798500	rs6127856
chr20	56799857	rs6064447
chr20	56799972	rs11699545
chr20	56803125	rs11698675
chr20	56803266	rs11696650
chr20	56803395	rs6069883
chr20	56806848	rs913660
chr20	56807030	rs913664
chr20	56807150	rs4811752
chr20	56808232	rs4810042
chr20	56809898	rs6069888
chr20	56810110	rs6069889
chr20	56810539	rs6069891
chr20	56811695	rs6069892
chr20	56812232	rs6127859
chr20	56815577	rs6025176
chr20	56815892	rs6099292
chr20	56815987	rs6025178
chr20	56816270	rs6014831
chr20	56817118	rs4811754
chr20	56817622	rs6127863
chr20	56818988	rs6014832
chr20	56819602	rs11086569
chr20	56820352	rs6123631
chr20	56820831	rs6123632
chr20	56821601	rs6417338
chr20	56822904	rs6069900
chr20	56823060	rs3975198
chr20	56823083	rs6025181
chr20	56825489	rs4811757
chr20	56825999	rs6025183
chr20	56826394	rs1007725
chr20	56826453	rs1571461
chr20	56826683	rs17470924
chr20	56827634	rs6025184
chr20	56829503	rs928064
chr20	56831455	rs6069902
chr20	56832028	rs11696472
chr20	56833797	rs6069903
chr20	56834419	rs7271379
chr20	56835884	rs6069905
chr20	56836015	rs6123636
chr20	56837674	rs12479850
chr20	56838406	rs13038306
chr20	56840788	rs913667
chr20	56841846	rs6025190
chr20	56845598	rs12479616
chr20	56845959	rs12480749
chr20	56846722	rs12481021
chr20	56846800	rs4810045
chr20	56850908	rs1571462
chr20	56851305	rs1571463
chr20	56851763	rs13043210
chr20	56852295	rs6025199
chr20	56853433	rs6069909
chr20	56854768	rs4811764
chr20	56856515	rs4811766
chr20	56858789	rs11907293
chr20	56859997	rs13037922
chr20	56861039	rs8114296
chr20	56861662	rs6069911
chr20	56862527	rs4810046
chr20	56862655	rs6025210
chr20	56863175	rs1007963
chr20	56863730	rs6127871
chr20	56864307	rs6025211
chr20	56865130	rs1571460
chr20	56865696	rs6014846
chr20	56866016	rs1467704
chr20	56868014	rs11696891
chr20	56869304	rs6025215
chr20	56869901	rs4811769
chr20	56870041	rs4811770
chr20	56870276	rs13038808
chr20	56870328	rs13040152
chr20	56872243	rs4811771
chr20	56872341	rs6014848
chr20	56875567	rs6014850
chr20	56876552	rs6099312
chr20	56877341	rs6025229
chr20	56877676	rs6099313
chr20	56878125	rs6127876
chr20	56878632	rs6014857
chr20	56878857	rs4810047
chr20	56879603	rs6099314
chr20	56882575	rs7261954
chr20	56883234	rs6025234
chr20	56885939	rs6069921
chr20	56887842	rs4810051
chr20	56889519	rs2246237
chr20	56890368	rs388286
chr20	56891069	rs2426694
chr20	56891803	rs6025243
chr20	56892569	rs427034
chr20	56894170	rs2754293
chr20	56894279	rs2754292
chr20	56894371	rs2754290
chr20	56895284	rs400420
chr20	56895569	rs2249634
chr20	56896327	rs6099331
chr20	56896667	rs373217
chr20	56896874	rs11697606
chr20	56897243	rs6014870
chr20	56897294	rs6099333
chr20	56899344	rs11699263
chr20	56899398	rs6064462
chr20	56903129	rs402824
chr20	56903164	rs4811777
chr20	56903974	rs384533
chr20	56904251	rs1276434
chr20	56905221	rs6064463
chr20	56906042	rs6069923
chr20	56908992	rs8117354
chr20	56910257	rs383284
chr20	56910798	rs13038229
chr20	56910880	rs1299154
chr20	56912596	rs6069924
chr20	56913330	rs6092385
chr20	56913354	rs6099341
chr20	56913683	rs6064466
chr20	56915135	rs753006
chr20	56916939	rs6099343
chr20	56917704	rs1980572
chr20	56921549	rs1276430
chr20	56921715	rs6064467
chr20	56928115	rs6069927
chr20	56928203	rs6025261
chr20	56929436	rs6092388
chr20	56929631	rs6092389
chr20	56930526	rs6099356
chr20	56931401	rs6069930
chr20	56932751	rs6069932
chr20	56934840	rs6099359
chr20	56935283	rs6092390
chr20	56936846	rs6099360
chr20	56938893	rs454279
chr20	56941586	rs1276406
chr20	56942059	rs4811781
chr20	56943814	rs1276408
chr20	56944289	rs6014891
chr20	56946365	rs16980530
chr20	56947182	rs6069935
chr20	56947562	rs6025267
chr20	56948577	rs1276412
chr20	56952719	rs6064474
chr20	56952743	rs6099369
chr20	56954416	rs2754287
chr20	56955107	rs6025268
chr20	56955731	rs6064475
chr20	56957223	rs1276439
chr20	56958233	rs9974012
chr20	56958521	rs13039550
chr20	56960026	rs8123384
chr20	56960082	rs1276444
chr20	56962756	rs6069938
chr20	56964098	rs1299156
chr20	56965084	rs1276448
chr20	56965650	rs12481354
chr20	56966318	rs941788
chr20	56966356	rs941789
chr20	56966404	rs6025272
chr20	56967177	rs3859600
chr20	56967303	rs6069945
chr20	56967541	rs6127890
chr20	56967695	rs11696678
chr20	56970988	rs1276452
chr20	56971267	rs11699056
chr20	56971521	rs7270476
chr20	56972215	rs6092398
chr20	56972640	rs6099380
chr20	56973037	rs1276453
chr20	56976310	rs1276458
chr20	56978667	rs1276462
chr20	56979067	rs910837
chr20	56979995	rs1276465
chr20	56980147	rs10446026
chr20	56981100	rs1276466
chr20	56984817	rs6127895
chr20	56984827	rs6123641
chr20	56987407	rs1276422
chr20	56988136	rs6025283
chr20	56989649	rs910832
chr20	56990443	rs6069949
chr20	56991273	rs2057237
chr20	56991961	rs2754284
chr20	56994221	rs6069952
chr20	56994446	rs6064480
chr20	56994842	rs2254239
chr20	56994889	rs6025288
chr20	56998494	rs2749762
chr20	56998820	rs2749763
chr20	57000339	rs2254957
chr20	57000585	rs6127899
chr20	57000986	rs6099392
chr20	57001002	rs6092401
chr20	57001335	rs4811784
chr20	57002351	rs1276398
chr20	57002587	rs17397218
chr20	57004355	rs6069957
chr20	57007771	rs6092402
chr20	57009228	rs910835
chr20	57011270	rs1276336
chr20	57015242	rs1276350
chr20	57015473	rs1299153
chr20	57019630	rs1276367
chr20	57020895	rs1276374
chr20	57022836	rs1276377
chr20	57023344	rs6025312
chr20	57027807	rs1276378
chr20	57029753	rs6099398
chr20	57031748	rs6025318
chr20	57032528	rs6014907
chr20	57032728	rs16980631
chr20	57034092	rs17398183
chr20	57034199	rs1150428
chr20	57034351	rs1150429
chr20	57034446	rs6025325
chr20	57035479	rs6014909
chr20	57035588	rs1276380
chr20	57039836	rs6025327
chr20	57041123	rs6025330
chr20	57041790	rs6025331
chr20	57043149	rs1358776
chr20	57043890	rs331603
chr20	57044082	rs1853053
chr20	57045427	rs16980659
chr20	57045846	rs331605
chr20	57046702	rs331608
chr20	57047426	rs331609
chr20	57047803	rs331610
chr20	57048750	rs6127914
chr20	57049019	rs16980665
chr20	57049834	rs6123647
chr20	57051366	rs6092416
chr20	57052351	rs6127916
chr20	57053498	rs869136
chr20	57053896	rs728599
chr20	57055691	rs1276397
chr20	57061382	rs969997
chr20	57061636	rs4811792
chr20	57063164	rs4811793
chr20	57064187	rs4811794
chr20	57064700	rs331616
chr20	57064792	rs331617
chr20	57064806	rs7270104
chr20	57066235	rs6069974
chr20	57068432	rs6099431
chr20	57069096	rs927839
chr20	57069181	rs927840
chr20	57070061	rs6099433
chr20	57070652	rs6025346
chr20	57071142	rs6127923
chr20	57071196	rs735588
chr20	57071392	rs7262895
chr20	57071625	rs913065
chr20	57072285	rs9808591
chr20	57073306	rs11700326
chr20	57073534	rs2180901
chr20	57073878	rs6025350
chr20	57074940	rs2902982
chr20	57075409	rs6025351
chr20	57077539	rs2865356
chr20	57078002	rs6064493
chr20	57081266	rs979316
chr20	57082019	rs6014917
chr20	57082588	rs753341
chr20	57085511	rs6025359
chr20	57086493	rs6069979
chr20	57086755	rs6099453
chr20	57086776	rs6099454
chr20	57086864	rs16980724
chr20	57086896	rs17400154
chr20	57087103	rs6069980
chr20	57087458	rs6014918
chr20	57088130	rs4239673
chr20	57088814	rs4811800
chr20	57089293	rs6025363
chr20	57091974	rs6099457
chr20	57093000	rs6014921
chr20	57093268	rs6014922
chr20	57094017	rs11697654
chr20	57097232	rs1980828
chr20	57097488	rs6092424
chr20	57097580	rs6069985
chr20	57100991	rs10446027
chr20	57101803	rs6069988
chr20	57104129	rs11086589
chr20	57104684	rs6123651
chr20	57104943	rs6123652
chr20	57105314	rs4811804
chr20	57105367	rs4811805
chr20	57105506	rs4811806
chr20	57105635	rs6127940
chr20	57106087	rs3761201
chr20	57106127	rs3761202
chr20	57106140	rs3761203
chr20	57106268	rs6025376
chr20	57106512	rs4811807
chr20	57106778	rs4811808
chr20	57107331	rs717908
chr20	57107622	rs11086590
chr20	57108144	rs6014930
chr20	57108940	rs11699237
chr20	57109027	rs913068
chr20	57110029	rs6025377
chr20	57111938	rs8115658
chr20	57114838	rs6127943
chr20	57120782	rs6064496
chr20	57121595	rs6064497
chr20	57127672	rs11697721
chr20	57127965	rs1887059
chr20	57128389	rs11698307
chr20	57128657	rs6025385
chr20	57128681	rs6025386
chr20	57132401	rs6123661
chr20	57132862	rs11697631
chr20	57135664	rs913069
chr20	57137910	rs6069995
chr20	57138931	rs6069997
chr20	57140751	rs13044639
chr20	57141188	rs6025401
chr20	57141291	rs6025402
chr20	57141327	rs6025403
chr20	57141967	rs6123663
chr20	57142006	rs6127952
chr20	57142313	rs6127953
chr20	57142605	rs6025407
chr20	57146942	rs8121086
chr20	57149055	rs16980768
chr20	57150675	rs13040929
chr20	57156588	rs16980782
chr20	57158397	rs6025414
chr20	57158925	rs16980788
chr20	57162108	rs11697430
chr20	57163356	rs11698082
chr20	57166199	rs6092437
chr20	57167812	rs6014945
chr20	57168394	rs11086596
chr20	57168849	rs12438
chr20	57169443	rs6014947
chr20	57170625	rs10375
chr20	57174725	rs6025422
chr20	57175148	rs2182435
chr20	57177754	rs6014949
chr20	57179054	rs3787380
chr20	57179139	rs3787381
chr20	57179183	rs13037653
chr20	57180114	rs3787382
chr20	57181853	rs6070013
chr20	57185511	rs6064508
chr20	57187891	rs6123674
chr20	57188683	rs6099492
chr20	57191182	rs12479955
chr20	57195460	rs230188
chr20	57197627	rs230191
chr20	57199289	rs230194
chr20	57201391	rs230198
chr20	57203952	rs4811823
chr20	57210562	rs6123677
chr20	57211755	rs6025446
chr20	57215091	rs6025447
chr20	57216292	rs6123679
chr20	57216402	rs230202
chr20	57220862	rs172982
chr20	57222001	rs6127972
chr20	57224983	rs172983
chr20	57225240	rs6025450
chr20	57225284	rs16984914
chr20	57225330	rs2025022
chr20	57227802	rs162312
chr20	57228631	rs17404303
chr20	57229121	rs162313
chr20	57230071	rs2180782
chr20	57231178	rs162314
chr20	57231224	rs6127973
chr20	57231284	rs186659
chr20	57231600	rs2426703
chr20	57232054	rs6014959
chr20	57233824	rs162315
chr20	57234601	rs13038779
chr20	57234900	rs1015985
chr20	57236756	rs6025456
chr20	57237002	rs7273197
chr20	57237222	rs162317
chr20	57238489	rs6025457
chr20	57241678	rs4361186
chr20	57245292	rs6064517
chr20	57247564	rs6025464
chr20	57247593	rs1998190
chr20	57248706	rs6127980
chr20	57249419	rs6127983
chr20	57249477	rs182784
chr20	57249537	rs6127984
chr20	57249704	rs6127985
chr20	57250637	rs6070035
chr20	57255095	rs6025468
chr20	57260972	rs6014967
chr20	57268767	rs2208405
chr20	57277413	rs6092447
chr20	57288367	rs6099530
chr20	57293678	rs6070048
chr20	57298468	rs6092453
chr20	57300912	rs4811835
chr20	57304357	rs6070051
chr20	57305508	rs1885580
chr20	57306862	rs6092455
chr20	57312667	rs7273764
chr20	57314994	rs2865367
chr20	57318551	rs6127999
chr20	57320373	rs6014975
chr20	57327367	rs6092459
chr20	57329124	rs11906856
chr20	57330052	rs28368064
chr20	57334667	rs16980896
chr20	57343321	rs6099560
chr20	57343883	rs6064531
chr20	57350501	rs6099570
chr20	57354825	rs4811837
chr20	57355204	rs911900
chr20	57357551	rs4811839
chr20	57359857	rs6092464
chr20	57361826	rs2426708
chr20	57362310	rs167879
chr20	57365370	rs6099582
chr20	57365697	rs6099585
chr20	57365865	rs6025517
chr20	57375984	rs7362421
chr20	57377131	rs911901
chr20	57378497	rs6025518
chr20	57386300	rs6064542
chr20	57387982	rs2426712
chr20	57393057	rs439749
chr20	57394060	rs6092472
chr20	57395277	rs2426714
chr20	57397709	rs328495
chr20	57400022	rs6025526
chr20	57400658	rs6014987
chr20	57403942	rs10485809
chr20	57407523	rs3764719
chr20	57408017	rs11546710
chr20	57408639	rs11546711
chr20	57408698	rs11546709
chr20	57409036	rs11021
chr20	57409338	rs6025543
chr20	57411196	rs2144766
chr20	57412753	rs6092473
chr20	57413027	rs6099613
chr20	57414563	rs735050
chr20	57414710	rs99594
chr20	57414752	rs99595
chr20	57416639	rs6092477
chr20	57418499	rs4811844
chr20	57419574	rs6025552
chr20	57420553	rs6025553
chr20	57421679	rs11696581
chr20	57422412	rs4811846
chr20	57424214	rs4811847
chr20	57428628	rs6014998
chr20	57432603	rs2426725
chr20	57433712	rs1543434
chr20	57434226	rs6064550
chr20	57435454	rs13039192
chr20	57435910	rs6099621
chr20	57437029	rs2426728
chr20	57437618	rs2426729
chr20	57438938	rs6099626
chr20	57441456	rs6513302
chr20	57443029	rs328502
chr20	57443642	rs328505
chr20	57444106	rs170602
chr20	57444790	rs8115156
chr20	57445330	rs2426732
chr20	57446868	rs17408921
chr20	57448916	rs2426735
chr20	57450029	rs4811850
chr20	57450772	rs11908517
chr20	57454072	rs4811852
chr20	57454451	rs6025572
chr20	57454548	rs328506
chr20	57454701	rs328507
chr20	57455576	rs2426741
chr20	57455608	rs2426742
chr20	57456906	rs6015003
chr20	57456938	rs6070112
chr20	57456972	rs6025573
chr20	57462639	rs4810073
chr20	57463701	rs1555273
chr20	57464557	rs6025579
chr20	57466454	rs6070114
chr20	57466918	rs6099636
chr20	57467644	rs6015006
chr20	57467810	rs6064552
chr20	57468709	rs2865379
chr20	57469047	rs4810077
chr20	57469206	rs4810078
chr20	57469781	rs12151923
chr20	57470228	rs767528
chr20	57470716	rs6025582
chr20	57470758	rs7264874
chr20	57473765	rs11697306
chr20	57474498	rs1041273
chr20	57475225	rs999208
chr20	57476395	rs6099642
chr20	57477772	rs6128046
chr20	57477899	rs6070117
chr20	57478529	rs4535119
chr20	57479327	rs4325818
chr20	57479473	rs4810079
chr20	57482763	rs6099647
chr20	57483671	rs4810080
chr20	57483943	rs6099650
chr20	57485011	rs6128047
chr20	57486798	rs2865382
chr20	57488263	rs3810541
chr20	57489211	rs6099656
chr20	57490787	rs2865386
chr20	57491781	rs2865387
chr20	57492500	rs2902991
chr20	57493789	rs17410202
chr20	57495294	rs17494984
chr20	57495449	rs6025590
chr20	57496240	rs11086611
chr20	57496597	rs2182970
chr20	57500524	rs6099660
chr20	57503634	rs6128059
chr20	57504993	rs11700100
chr20	57505584	rs2902992
chr20	57505923	rs1887733
chr20	57510966	rs4485614
chr20	57512266	rs6128060
chr20	57513902	rs6513310
chr20	57515751	rs6025601
chr20	57520096	rs12625924
chr20	57521050	rs1119925
chr20	57523677	rs6025606
chr20	57530474	rs12106016
chr20	57535158	rs2902993
chr20	57535237	rs6025610
chr20	57536558	rs6128069
chr20	57537141	rs1008494
chr20	57538501	rs6070131
chr20	57539439	rs3938398
chr20	57540669	rs6099671
chr20	57543610	rs8119374
chr20	57544974	rs4810081
chr20	57544993	rs4810082
chr20	57546373	rs4811873
chr20	57548311	rs11698804
chr20	57548795	rs4811877
chr20	57550835	rs1474758
chr20	57550973	rs6092495
chr20	57552252	rs17411883
chr20	57552874	rs17411904
chr20	57553117	rs6070148
chr20	57554682	rs6070149
chr20	57554820	rs8117078
chr20	57555564	rs1543375
chr20	57555997	rs17496809
chr20	57556160	rs11908628
chr20	57556761	rs6025625
chr20	57560143	rs1328757
chr20	57561352	rs28383583
chr20	57562128	rs6070157
chr20	57562631	rs1040566
chr20	57562742	rs1062600
chr20	57562751	rs1042523
chr20	57562778	rs1062601
chr20	57563122	rs28359544
chr20	57563565	rs8192708
chr20	57563592	rs11552145
chr20	57563639	rs28359547
chr20	57564309	rs1804160
chr20	57564347	rs2070756
chr20	57564815	rs2179706
chr20	57564911	rs1023049
chr20	57565924	rs1042531
chr20	57566235	rs28359554
chr20	57573320	rs6015032
chr20	57574306	rs6025637
chr20	57575681	rs6025639
chr20	57576870	rs6025640
chr20	57578843	rs6025642
chr20	57578979	rs1546913
chr20	57580947	rs6025643
chr20	57582285	rs6025645
chr20	57582493	rs6015037
chr20	57584114	rs2865392
chr20	57584220	rs6513317
chr20	57585237	rs2064392
chr20	57585294	rs2064393
chr20	57585519	rs4811880
chr20	57585663	rs6123708
chr20	57586542	rs13038139
chr20	57586679	rs4300899
chr20	57587075	rs761345
chr20	57588631	rs4810086
chr20	57590494	rs8124840
chr20	57591683	rs910125
chr20	57594807	rs2073146
chr20	57600696	rs2902995
chr20	57601205	rs6015040
chr20	57601478	rs17413414
chr20	57602010	rs8122558
chr20	57602928	rs35034881
chr20	57603872	rs4811885
chr20	57604366	rs6064572
chr20	57604819	rs8118279
chr20	57605507	rs6025653
chr20	57606893	rs4811887
chr20	57610076	rs742724
chr20	57611828	rs2865394
chr20	57615578	rs2073145
chr20	57616419	rs16981188
chr20	57619676	rs4811890
chr20	57624263	rs13042465
chr20	57624570	rs2026763
chr20	57624782	rs4811892
chr20	57626991	rs4239677
chr20	57627681	rs6128102
chr20	57628046	rs17499060
chr20	57628541	rs17414380
chr20	57630973	rs718307
chr20	57631253	rs4811895
chr20	57631323	rs6025673
chr20	57632558	rs723295
chr20	57636354	rs6070194
chr20	57636646	rs6128111
chr20	57636797	rs6128112
chr20	57637796	rs6128113
chr20	57642093	rs6128115
chr20	57642133	rs6128116
chr20	57644266	rs2092543
chr20	57644400	rs2092544
chr20	57646793	rs12480151
chr20	57648005	rs6099703
chr20	57648395	rs6025689
chr20	57649677	rs6025692
chr20	57649989	rs2235825
chr20	57650913	rs6025696
chr20	57652458	rs6025698
chr20	57657527	rs927171
chr20	57660063	rs427278
chr20	57665771	rs169409
chr20	57669937	rs6025714
chr20	57670287	rs13044132
chr20	57673200	rs8115707
chr20	57673908	rs157087
chr20	57674829	rs11697552
chr20	57675887	rs157089
chr20	57676505	rs157091
chr20	57677900	rs157093
chr20	57680342	rs157096
chr20	57680552	rs6025720
chr20	57682428	rs6123718
chr20	57683997	rs3795101
chr20	57688564	rs157104
chr20	57688804	rs3795099
chr20	57690181	rs966248
chr20	57690708	rs1556176
chr20	57691715	rs157106
chr20	57692204	rs6099719
chr20	57697562	rs6025728
chr20	57698151	rs6092522
chr20	57701522	rs4810096
chr20	57705303	rs6025733
chr20	57706171	rs878541
chr20	57706389	rs6015062
chr20	57706994	rs6015063
chr20	57710484	rs2273534
chr20	57711387	rs911157
chr20	57711756	rs957313
chr20	57713686	rs12625025
chr20	57714346	rs6092524
chr20	57715443	rs4810097
chr20	57715910	rs6123721
chr20	57717656	rs6025738
chr20	57717823	rs8118851
chr20	57719257	rs6025739
chr20	57719831	rs6025741
chr20	57720656	rs16981284
chr20	57721340	rs6128136
chr20	57721474	rs6128137
chr20	57722465	rs6128139
chr20	57722768	rs911158
chr20	57723635	rs6025742
chr20	57723905	rs6128140
chr20	57725490	rs6025744
chr20	57725841	rs6015068
chr20	57730729	rs16981295
chr20	57732475	rs1556178
chr20	57732490	rs1556179
chr20	57733426	rs13042245
chr20	57735598	rs4811914
chr20	57735763	rs6099735
chr20	57735789	rs6070236
chr20	57736206	rs1884907
chr20	57736925	rs4810098
chr20	57738000	rs6092527
chr20	57738842	rs6025756
chr20	57739583	rs6015071
chr20	57741316	rs6092528
chr20	57741517	rs6070243
chr20	57742254	rs6128143
chr20	57744910	rs6128144
chr20	57746175	rs6099738
chr20	57747301	rs6070246
chr20	57747673	rs6123724
chr20	57747906	rs6015073
chr20	57747925	rs4811915
chr20	57755314	rs6070248
chr20	57756661	rs6128148
chr20	57757761	rs16981324
chr20	57758355	rs1547023
chr20	57759004	rs6025766
chr20	57760234	rs728506
chr20	57760685	rs967990
chr20	57764126	rs8184463
chr20	57773534	rs6128156
chr20	57774189	rs6123725
chr20	57778910	rs6070263
chr20	57780168	rs2145280
chr20	57780491	rs6064592
chr20	57789533	rs6099755
chr20	57792893	rs205785
chr20	57794161	rs205787
chr20	57796028	rs205791
chr20	57798428	rs205795
chr20	57800769	rs205798
chr20	57805985	rs6025788
chr20	57806087	rs6025789
chr20	57807680	rs6025791
chr20	57809229	rs6128176
chr20	57809963	rs6025794
chr20	57810479	rs8115206
chr20	57811019	rs6123727
chr20	57813971	rs962814
chr20	57814402	rs6128183
chr20	57814646	rs8184731
chr20	57814698	rs928163
chr20	57814955	rs6128184
chr20	57815529	rs6128186
chr20	57819621	rs6099772
chr20	57825065	rs7270875
chr20	57826460	rs11699848
chr20	57826950	rs6025805
chr20	57828165	rs6099789
chr20	57828521	rs6128192
chr20	57831825	rs16981399
chr20	57833040	rs6123735
chr20	57837304	rs2903001
chr20	57837400	rs4811928
chr20	57837598	rs6025819
chr20	57837619	rs4429527
chr20	57838054	rs6128197
chr20	57839208	rs6099795
chr20	57840078	rs6025822
chr20	57840155	rs1556195
chr20	57842671	rs913891
chr20	57844204	rs6015096
chr20	57845042	rs12185766
chr20	57845537	rs4810107
chr20	57845764	rs6092549
chr20	57848398	rs6015097
chr20	57849024	rs6070282
chr20	57850163	rs13045889
chr20	57850766	rs12053645
chr20	57851145	rs7273716
chr20	57851331	rs7266755
chr20	57852023	rs7267227
chr20	57856115	rs6015101
chr20	57857177	rs11700371
chr20	57860285	rs6128206
chr20	57861153	rs2225318
chr20	57861476	rs6128207
chr20	57862055	rs11700157
chr20	57863627	rs6025855
chr20	57867040	rs1999191
chr20	57867460	rs8122392
chr20	57870620	rs4811936
chr20	57870968	rs4811937
chr20	57874120	rs4810108
chr20	57874523	rs6015111
chr20	57875375	rs6015112
chr20	57878235	rs6025863
chr20	57884878	rs913879
chr20	57885338	rs6099816
chr20	57885718	rs11905007
chr20	57890562	rs6025871
chr20	57890601	rs6015122
chr20	57890911	rs6070304
chr20	57891183	rs6070305
chr20	57892111	rs8116900
chr20	57892570	rs6025874
chr20	57893548	rs6015125
chr20	57894942	rs6099823
chr20	57896547	rs8124301
chr20	57897078	rs6025875
chr20	57900952	rs8119102
chr20	57901302	rs6025881
chr20	57902959	rs6025884
chr20	57903571	rs7261759
chr20	57903941	rs6025887
chr20	57905870	rs7345275
chr20	57906532	rs2426748
chr20	57906592	rs191269
chr20	57907606	rs437420
chr20	57911541	rs6025896
chr20	57912319	rs17433434
chr20	57912333	rs4811944
chr20	57912752	rs326822
chr20	57914592	rs17433555
chr20	57914670	rs1334117
chr20	57915684	rs167845
chr20	57917576	rs6099840
chr20	57920385	rs179115
chr20	57920501	rs1855467
chr20	57921507	rs6092564
chr20	57922053	rs1855469
chr20	57926240	rs6099846
chr20	57926923	rs6099847
chr20	57927541	rs227233
chr20	57927742	rs6099850
chr20	57933090	rs6015139
chr20	57934129	rs326826
chr20	57935287	rs6015141
chr20	57935423	rs12625007
chr20	57936864	rs2426754
chr20	57937149	rs6099854
chr20	57940698	rs6128218
chr20	57940863	rs11696452
chr20	57942467	rs6123748
chr20	57943252	rs4811947
chr20	57943977	rs326831
chr20	57943989	rs326832
chr20	57944379	rs326833
chr20	57944452	rs6128221
chr20	57944874	rs6025923
chr20	57945848	rs884266
chr20	57946227	rs10485810
chr20	57946598	rs913882
chr20	57948743	rs6025927
chr20	57949899	rs8121391
chr20	57950755	rs768949
chr20	57950932	rs445727
chr20	57952434	rs370087
chr20	57952448	rs438810
chr20	57952981	rs408319
chr20	57953027	rs435648
chr20	57953235	rs913886
chr20	57953300	rs392761
chr20	57953578	rs1810839
chr20	57953599	rs393644
chr20	57954052	rs1544117
chr20	57955353	rs391782
chr20	57955962	rs16981524
chr20	57956182	rs6128226
chr20	57956849	rs399866
chr20	57956872	rs448960
chr20	57957124	rs437858
chr20	57957309	rs6025929
chr20	57958183	rs6025930
chr20	57958620	rs6092572
chr20	57959023	rs447498
chr20	57959144	rs17526212
chr20	57959604	rs6025931
chr20	57959709	rs6092573
chr20	57959880	rs2426763
chr20	57960331	rs6025932
chr20	57960806	rs6025934
chr20	57961879	rs6025936
chr20	57962484	rs6025938
chr20	57962575	rs2865436
chr20	57963074	rs377881
chr20	57963840	rs380505
chr20	57963921	rs869385
chr20	57965689	rs17526545
chr20	57967067	rs1334113
chr20	57969007	rs6015151
chr20	57973464	rs4561716
chr20	57973739	rs1810971
chr20	57975437	rs6025954
chr20	57975945	rs16981543
chr20	57976243	rs6025956
chr20	57976345	rs6128232
chr20	57976366	rs6025957
chr20	57976897	rs6025959
chr20	57979391	rs4811948
chr20	57980110	rs2065615
chr20	57981090	rs6123756
chr20	57981538	rs6128234
chr20	57983347	rs6064602
chr20	57985612	rs1334115
chr20	57987535	rs6123757
chr20	57987960	rs16981555
chr20	57988118	rs6123758
chr20	57989170	rs6099871
chr20	57990058	rs6070329
chr20	57990086	rs16981563
chr20	57990802	rs6070332
chr20	57991376	rs6092579
chr20	57992668	rs6064607
chr20	57993938	rs10854210
chr20	57994602	rs1334116
chr20	57995785	rs10485811
chr20	57996074	rs6099874
chr20	57999244	rs8116300
chr20	58001928	rs4810112
chr20	58002043	rs4810113
chr20	58002525	rs6128241
chr20	58003781	rs6128243
chr20	58004081	rs6070334
chr20	58007275	rs4811950
chr20	58008380	rs6025970
chr20	58011062	rs6025975
chr20	58016311	rs6092588
chr20	58016548	rs16981575
chr20	58019223	rs6099886
chr20	58021561	rs915039
chr20	58021874	rs6064610
chr20	58021951	rs6128254
chr20	58024352	rs2095295
chr20	58025376	rs2151696
chr20	58030292	rs6123762
chr20	58032388	rs981277
chr20	58033469	rs6015163
chr20	58036137	rs2865440
chr20	58040147	rs6015164
chr20	58042600	rs6123763
chr20	58043688	rs4381835
chr20	58044073	rs6025994
chr20	58045190	rs6128258
chr20	58045541	rs989178
chr20	58045559	rs989179
chr20	58046256	rs7262054
chr20	58051215	rs1931333
chr20	58053260	rs1334103
chr20	58056497	rs6015170
chr20	58057136	rs8125204
chr20	58057374	rs6015171
chr20	58062421	rs4811958
chr20	58064790	rs6026008
chr20	58065474	rs6092596
chr20	58066548	rs6128262
chr20	58067731	rs1334104
chr20	58068533	rs6092597
chr20	58069084	rs6026010
chr20	58069195	rs6026011
chr20	58069227	rs6513367
chr20	58069863	rs7266497
chr20	58070378	rs6128265
chr20	58071312	rs1334107
chr20	58072110	rs6015181
chr20	58073850	rs6070343
chr20	58074478	rs6092601
chr20	58075194	rs915041
chr20	58075673	rs915042
chr20	58075950	rs6015183
chr20	58076486	rs7266392
chr20	58080304	rs1334109
chr20	58089756	rs11698339
chr20	58090617	rs6026036
chr20	58091135	rs6026037
chr20	58093032	rs11696974
chr20	58093423	rs7265049
chr20	58094330	rs2065616
chr20	58094923	rs17439050
chr20	58098978	rs874430
chr20	58098993	rs874431
chr20	58100770	rs16981690
chr20	58101825	rs1192520
chr20	58106750	rs6128270
chr20	58107117	rs6026049
chr20	58108484	rs6026052
chr20	58108833	rs6015196
chr20	58109097	rs6015198
chr20	58109788	rs6026053
chr20	58110210	rs6026054
chr20	58111204	rs6026055
chr20	58112374	rs1011120
chr20	58120526	rs6026060
chr20	58126906	rs7271547
chr20	58129344	rs12624625
chr20	58130231	rs6015200
chr20	58133236	rs7274599
chr20	58133462	rs6070354
chr20	58134234	rs1412977
chr20	58135942	rs6064618
chr20	58136426	rs6026069
chr20	58143464	rs7270018
chr20	58144617	rs6128273
chr20	58152349	rs1541118
chr20	58157745	rs4810120
chr20	58157872	rs13041737
chr20	58158788	rs6070360
chr20	58160215	rs6513369
chr20	58160703	rs17440813
chr20	58161618	rs884341
chr20	58168541	rs4810122
chr20	58169067	rs7272291
chr20	58169372	rs6026098
chr20	58169864	rs6015215
chr20	58170468	rs2903011
chr20	58174721	rs6070373
chr20	58183927	rs873131
chr20	58190296	rs675636
chr20	58192497	rs6070379
chr20	58200075	rs563431
chr20	58200185	rs623695
chr20	58202383	rs6128287
chr20	58204195	rs6092627
chr20	58207820	rs544678
chr20	58210850	rs530445
chr20	58211846	rs500338
chr20	58211957	rs841729
chr20	58212748	rs6070383
chr20	58213032	rs6026132
chr20	58213707	rs629513
chr20	58214190	rs6128290
chr20	58214304	rs6070385
chr20	58214787	rs644239
chr20	58218650	rs584855
chr20	58218708	rs1192511
chr20	58218843	rs596084
chr20	58219853	rs608502
chr20	58220333	rs550913
chr20	58220978	rs6099997
chr20	58221728	rs4811971
chr20	58222961	rs573485
chr20	58227835	rs618897
chr20	58229833	rs550222
chr20	58231649	rs491534
chr20	58231765	rs586193
chr20	58232736	rs2274932
chr20	58232913	rs3818744
chr20	58235390	rs633276
chr20	58235428	rs503900
chr20	58239836	rs614507
chr20	58241417	rs643022
chr20	58242707	rs3787160
chr20	58245368	rs3787158
chr20	58245646	rs595292
chr20	58245824	rs3746406
chr20	58246071	rs3746405
chr20	58247180	rs1541117
chr20	58247480	rs4811972
chr20	58248727	rs570859
chr20	58249076	rs567255
chr20	58250770	rs2282205
chr20	58251612	rs1537479
chr20	58252038	rs6064632
chr20	58262119	rs6026157
chr20	58269248	rs6128297
chr20	58272760	rs6123789
chr20	58273541	rs8125172
chr20	58275372	rs2151507
chr20	58280025	rs6026169
chr20	58283695	rs6070406
chr20	58284147	rs6070407
chr20	58285983	rs6128300
chr20	58286581	rs6026181
chr20	58286954	rs6070411
chr20	58287661	rs6128301
chr20	58289458	rs13042041
chr20	58291324	rs6128302
chr20	58295221	rs6128305
chr20	58296032	rs4811981
chr20	58299873	rs11696496
chr20	58300003	rs4811982
chr20	58301917	rs541977
chr20	58303156	rs513449
chr20	58303864	rs525722
chr20	58304293	rs529525
chr20	58305373	rs561354
chr20	58307182	rs509062
chr20	58308781	rs480615
chr20	58311006	rs542165
chr20	58316415	rs531317
chr20	58316854	rs7275162
chr20	58318899	rs6100022
chr20	58319969	rs485013
chr20	58327363	rs565990
chr20	58327703	rs8123770
chr20	58328157	rs6128320
chr20	58328842	rs511145
chr20	58332047	rs528802
chr20	58332386	rs531133
chr20	58333507	rs494734
chr20	58335836	rs11696913
chr20	58340259	rs471661
chr20	58341320	rs486921
chr20	58343451	rs502138
chr20	58348757	rs717671
chr20	58354891	rs6070433
chr20	58355490	rs6026210
chr20	58357502	rs505714
chr20	58361691	rs1883799
chr20	58361815	rs6026214
chr20	58362542	rs2294970
chr20	58362811	rs968324
chr20	58362977	rs968323
chr20	58364572	rs7261076
chr20	58365097	rs6026220
chr20	58366219	rs1045387
chr20	58367256	rs707557
chr20	58367464	rs1045473
chr20	58367501	rs6128327
chr20	58370945	rs6064647
chr20	58374149	rs6015258
chr20	58378237	rs6070447
chr20	58378781	rs8120450
chr20	58380008	rs2143615
chr20	58380133	rs2179685
chr20	58380252	rs6015260
chr20	58381414	rs713406
chr20	58382118	rs6026227
chr20	58386403	rs6092640
chr20	58387655	rs6100044
chr20	58387689	rs6100045
chr20	58389869	rs6015262
chr20	58390228	rs6026230
chr20	58390652	rs6026232
chr20	58392470	rs6015264
chr20	58394617	rs6015265
chr20	58399880	rs6026237
chr20	58401711	rs11697415
chr20	58403122	rs2268924
chr20	58404360	rs2268921
chr20	58406419	rs6026242
chr20	58407241	rs11906180
chr20	58409038	rs6026243
chr20	58417174	rs2284883
chr20	58419026	rs6128337
chr20	58419433	rs1476359
chr20	58419576	rs6026257
chr20	58420884	rs9679935
chr20	58424261	rs16981947
chr20	58425716	rs13043088
chr20	58428350	rs2268916
chr20	58428718	rs910860
chr20	58429747	rs1028544
chr20	58432538	rs17544336
chr20	58434110	rs6092645
chr20	58434232	rs6100061
chr20	58436878	rs6026274
chr20	58438043	rs3787146
chr20	58438817	rs2234489
chr20	58440722	rs12625788
chr20	58442455	rs6100067
chr20	58443241	rs2300759
chr20	58445517	rs1802459
chr20	58448506	rs4549163
chr20	58449485	rs6015274
chr20	58451501	rs6026277
chr20	58451594	rs6026278
chr20	58452131	rs6015276
chr20	58454740	rs7264722
chr20	58456692	rs6070469
chr20	58456701	rs5007291
chr20	58460007	rs2180481
chr20	58460020	rs2295440
chr20	58460322	rs2144949
chr20	58464255	rs6026288
chr20	58464889	rs6026289
chr20	58464931	rs4811996
chr20	58465875	rs6070472
chr20	58467609	rs7265854
chr20	58468429	rs2057240
chr20	58469718	rs723506
chr20	58470611	rs1980576
chr20	58473294	rs4812002
chr20	58473359	rs6015286
chr20	58474182	rs1884664
chr20	58477369	rs2865465
chr20	58480096	rs16982013
chr20	58480201	rs6026297
chr20	58480388	rs6026298
chr20	58481874	rs4812003
chr20	58486076	rs6026302
chr20	58490397	rs10211740
chr20	58490511	rs6026308
chr20	58490647	rs6026309
chr20	58494939	rs6100089
chr20	58496992	rs1077350
chr20	58498269	rs6026313
chr20	58498793	rs11697646
chr20	58499404	rs6128355
chr20	58499573	rs13043860
chr20	58503462	rs4810134
chr20	58504189	rs8125197
chr20	58511451	rs6070488
chr20	58511473	rs6070489
chr20	58511618	rs2208087
chr20	58512213	rs1077577
chr20	58512656	rs749210
chr20	58517278	rs6015299
chr20	58518143	rs1555298
chr20	58518418	rs6070491
chr20	58519658	rs6015300
chr20	58526063	rs6026329
chr20	58533966	rs4812010
chr20	58534144	rs11699914
chr20	58534272	rs7273606
chr20	58537903	rs4812013
chr20	58538027	rs4812014
chr20	58540062	rs971407
chr20	58540247	rs11699304
chr20	58540390	rs971406
chr20	58540924	rs4812015
chr20	58542014	rs6026344
chr20	58542559	rs1569820
chr20	58543103	rs2865470
chr20	58543370	rs2223964
chr20	58546017	rs6026345
chr20	58546079	rs6026346
chr20	58548971	rs1123030
chr20	58549716	rs6064671
chr20	58550878	rs6026349
chr20	58552412	rs6070505
chr20	58553146	rs6513396
chr20	58557610	rs4267566
chr20	58557938	rs1040621
chr20	58558138	rs742925
chr20	58558600	rs761577
chr20	58567213	rs6128370
chr20	58569956	rs6026365
chr20	58572433	rs6015310
chr20	58573384	rs6026369
chr20	58574403	rs11699780
chr20	58575652	rs1886840
chr20	58575790	rs1886841
chr20	58579539	rs11698638
chr20	58579749	rs8115229
chr20	58580516	rs998729
chr20	58580868	rs8123030
chr20	58580880	rs1467430
chr20	58583560	rs7266327
chr20	58583589	rs6026373
chr20	58585585	rs6026377
chr20	58586954	rs218448
chr20	58587147	rs218449
chr20	58587347	rs16982131
chr20	58588908	rs7262243
chr20	58589024	rs4812020
chr20	58590122	rs3960930
chr20	58590339	rs2903015
chr20	58590411	rs6070525
chr20	58590561	rs6070526
chr20	58590780	rs16982139
chr20	58591136	rs6015313
chr20	58593396	rs6026386
chr20	58593873	rs6092659
chr20	58594667	rs6070529
chr20	58596167	rs2281395
chr20	58596179	rs6070531
chr20	58596540	rs2281398
chr20	58602133	rs1575802
chr20	58602485	rs6026392
chr20	58602667	rs6026394
chr20	58602955	rs6026395
chr20	58603603	rs6128380
chr20	58603860	rs6026397
chr20	58604673	rs6064679
chr20	58604953	rs6026398
chr20	58608200	rs11086650
chr20	58608352	rs12480449
chr20	58608858	rs742927
chr20	58609232	rs127433
chr20	58610120	rs6026402
chr20	58612553	rs218453
chr20	58617746	rs6070536
chr20	58618493	rs6128386
chr20	58618850	rs8115249
chr20	58619923	rs6070537
chr20	58620413	rs6100139
chr20	58620814	rs6123812
chr20	58621028	rs218454
chr20	58621045	rs6026410
chr20	58621408	rs11086651
chr20	58622182	rs6026412
chr20	58622882	rs6070538
chr20	58623782	rs11086652
chr20	58624574	rs6092664
chr20	58625487	rs2016335
chr20	58627591	rs6123813
chr20	58627947	rs1977137
chr20	58628375	rs10460622
chr20	58628918	rs6026414
chr20	58628973	rs6026415
chr20	58628992	rs6026416
chr20	58629922	rs1886842
chr20	58629991	rs6015320
chr20	58630105	rs6026417
chr20	58630165	rs10460623
chr20	58630596	rs1569822
chr20	58630780	rs1569823
chr20	58631557	rs6100145
chr20	58632645	rs6015326
chr20	58633946	rs218455
chr20	58634313	rs218456
chr20	58635198	rs218457
chr20	58637092	rs218460
chr20	58637369	rs218462
chr20	58637485	rs218463
chr20	58640330	rs218465
chr20	58641725	rs218466
chr20	58647478	rs218469
chr20	58654246	rs218472
chr20	58656859	rs16982203
chr20	58660318	rs16982218
chr20	58661774	rs218475
chr20	58663007	rs6100154
chr20	58665005	rs6015335
chr20	58665786	rs6100156
chr20	58668352	rs16982232
chr20	58669437	rs2296524
chr20	58674715	rs9680039
chr20	58675708	rs6123818
chr20	58675728	rs6128396
chr20	58678076	rs6128397
chr20	58678219	rs11578
chr20	58678240	rs4812024
chr20	58678348	rs7683
chr20	58682769	rs2182249
chr20	58685051	rs6100162
chr20	58685864	rs6100163
chr20	58686794	rs6026445
chr20	58689850	rs6128400
chr20	58691078	rs6015338
chr20	58691857	rs6123823
chr20	58697001	rs6128407
chr20	58704798	rs6015342
chr20	58705942	rs6026459
chr20	58715790	rs8978
chr20	58717958	rs6092688
chr20	58718294	rs12480759
chr20	58718421	rs2426778
chr20	58718932	rs2246228
chr20	58718963	rs6070561
chr20	58720073	rs6070563
chr20	58722930	rs424504
chr20	58723048	rs435208
chr20	58726968	rs2426785
chr20	58727119	rs7268780
chr20	58728144	rs6026478
chr20	58729217	rs1073519
chr20	58735671	rs6015352
chr20	58735750	rs6015353
chr20	58738436	rs4812027
chr20	58743738	rs11908181
chr20	58745567	rs6070584
chr20	58747367	rs6070587
chr20	58747447	rs986733
chr20	58750047	rs6015357
chr20	58751585	rs17802700
chr20	58751820	rs16982264
chr20	58752565	rs6100194
chr20	58755513	rs6026492
chr20	58762530	rs6026497
chr20	58762556	rs11698438
chr20	58763618	rs6070591
chr20	58764070	rs6100204
chr20	58766850	rs2865713
chr20	58769837	rs6026504
chr20	58770148	rs6100206
chr20	58772762	rs2180796
chr20	58773356	rs6092692
chr20	58774256	rs927240
chr20	58774681	rs6092693
chr20	58774816	rs13037435
chr20	58775246	rs1022697
chr20	58776573	rs13038360
chr20	58778527	rs6026509
chr20	58779648	rs6015366
chr20	58780730	rs6064700
chr20	58782339	rs6064702
chr20	58786824	rs6015369
chr20	58786943	rs6026518
chr20	58787115	rs6070600
chr20	58787469	rs6513412
chr20	58788087	rs6100214
chr20	58790220	rs911297
chr20	58790600	rs878049
chr20	58791345	rs6026522
chr20	58793409	rs6070608
chr20	58797137	rs6100223
chr20	58798285	rs6015372
chr20	58799188	rs6100226
chr20	58799616	rs6064708
chr20	58800395	rs7267516
chr20	58802045	rs6015375
chr20	58803162	rs13041735
chr20	58804593	rs12625742
chr20	58804795	rs6064709
chr20	58806384	rs748951
chr20	58807888	rs6100232
chr20	58808102	rs6070619
chr20	58809120	rs6070620
chr20	58812799	rs6015380
chr20	58812832	rs911303
chr20	58814365	rs6026538
chr20	58818886	rs3746709
chr20	58819365	rs6026544
chr20	58819870	rs13042263
chr20	58822511	rs4812034
chr20	58827937	rs6128441
chr20	58831704	rs4812035
chr20	58833371	rs965808
chr20	58835923	rs4812037
chr20	58838316	rs3761264
chr20	58839085	rs6064714
chr20	58839225	rs3761263
chr20	58840055	rs1800900
chr20	58843016	rs6123832
chr20	58845346	rs6026557
chr20	58846489	rs4812040
chr20	58846572	rs4810147
chr20	58847197	rs6123833
chr20	58851473	rs6026560
chr20	58852077	rs6026561
chr20	58856110	rs8125112
chr20	58858287	rs6026563
chr20	58860477	rs35113254
chr20	58867635	rs16982305
chr20	58867639	rs12479894
chr20	58868776	rs6070638
chr20	58869860	rs6026567
chr20	58870158	rs12625436
chr20	58871967	rs7271854
chr20	58872856	rs4810148
chr20	58873691	rs6123836
chr20	58876367	rs17804083
chr20	58877826	rs6100260
chr20	58884112	rs6026576
chr20	58886860	rs4812042
chr20	58890223	rs9679845
chr20	58890516	rs6123837
chr20	58893423	rs6092704
chr20	58894018	rs6026584
chr20	58895462	rs3730164
chr20	58896988	rs2057291
chr20	58900136	rs13831
chr20	58902035	rs6128461
chr20	58903752	rs7121
chr20	58903884	rs3730168
chr20	58904078	rs6026593
chr20	58904221	rs6100269
chr20	58905878	rs919197
chr20	58908600	rs234630
chr20	58908893	rs234629
chr20	58909030	rs919196
chr20	58910757	rs8386
chr20	58911925	rs234627
chr20	58913909	rs234623
chr20	58915193	rs234621
chr20	58916492	rs234618
chr20	58917449	rs151331
chr20	58921818	rs47223
chr20	58929781	rs2021918
chr20	58932830	rs6100282
chr20	58939142	rs234613
chr20	58950423	rs11697149
chr20	58951357	rs2865718
chr20	58962058	rs6026621
chr20	58963120	rs16982339
chr20	58963276	rs12480757
chr20	58964050	rs234610
chr20	58969219	rs235193
chr20	58970710	rs235195
chr20	58970991	rs1559973
chr20	58971246	rs6100297
chr20	58972890	rs6064731
chr20	58981914	rs13044688
chr20	58984575	rs12480262
chr20	58988006	rs6070684
chr20	58988710	rs163781
chr20	58989015	rs2273360
chr20	58991582	rs149265
chr20	58994761	rs7341
chr20	58995183	rs448943
chr20	58995401	rs10369
chr20	58996708	rs9760
chr20	58997784	rs2295357
chr20	59000539	rs163790
chr20	59002512	rs163796
chr20	59003453	rs163800
chr20	59003559	rs163801
chr20	59009835	rs108727
chr20	59010734	rs24048
chr20	59011319	rs6070692
chr20	59012716	rs4812048
chr20	59014119	rs151347
chr20	59014461	rs6070693
chr20	59019629	rs34524896
chr20	59022590	rs6070696
chr20	59024347	rs6070697
chr20	59026940	rs151352
chr20	59027736	rs151337
chr20	59029688	rs11697265
chr20	59031736	rs6026647
chr20	59033863	rs6070698
chr20	59034535	rs7474
chr20	59035004	rs151358
chr20	59038318	rs151360
chr20	59038947	rs151361
chr20	59043739	rs2162593
chr20	59046400	rs6070701
chr20	59046802	rs6070703
chr20	59048496	rs890632
chr20	59052314	rs4810150
chr20	59053184	rs6070706
chr20	59060631	rs1028693
chr20	59061466	rs1023654
chr20	59063760	rs6015426
chr20	59064044	rs6070709
chr20	59064531	rs6100323
chr20	59067127	rs6070710
chr20	59069139	rs4812052
chr20	59072388	rs11086663
chr20	59077069	rs6026674
chr20	59078361	rs6026675
chr20	59078448	rs6026677
chr20	59091051	rs4337535
chr20	59091126	rs6070721
chr20	59092564	rs6015434
chr20	59096964	rs6070722
chr20	59097472	rs6064744
chr20	59099630	rs6100338
chr20	59103125	rs6026702
chr20	59103773	rs13036348
chr20	59109557	rs6100340
chr20	59116361	rs236706
chr20	59120154	rs236712
chr20	59120522	rs236713
chr20	59122040	rs236715
chr20	59124358	rs882384
chr20	59126927	rs236719
chr20	59129324	rs171042
chr20	59130430	rs236721
chr20	59130459	rs6026710
chr20	59132664	rs4812058
chr20	59137433	rs6026721
chr20	59138259	rs8116295
chr20	59139170	rs260019
chr20	59139712	rs459588
chr20	59140054	rs192319
chr20	59144236	rs461588
chr20	59148075	rs6026728
chr20	59150974	rs171839
chr20	59153293	rs259991
chr20	59154157	rs259989
chr20	59154304	rs6026732
chr20	59154379	rs6026733
chr20	59159698	rs1535271
chr20	59165550	rs6026742
chr20	59170569	rs6026747
chr20	59176062	rs6015450
chr20	59179868	rs11086667
chr20	59183025	rs4810161
chr20	59183665	rs16982520
chr20	59186453	rs260012
chr20	59188405	rs7265605
chr20	59188444	rs260011
chr20	59189243	rs260010
chr20	59194799	rs454356
chr20	59194907	rs194869
chr20	59198066	rs260005
chr20	59198602	rs11906697
chr20	59202698	rs259998
chr20	59207258	rs6015452
chr20	59208199	rs259997
chr20	59209221	rs259996
chr20	59209470	rs12624906
chr20	59210002	rs11086668
chr20	59210295	rs259994
chr20	59214204	rs4812066
chr20	59214746	rs7264385
chr20	59215381	rs12625057
chr20	59215563	rs6070744
chr20	59219198	rs259987
chr20	59221452	rs259986
chr20	59224289	rs8125432
chr20	59225269	rs4810162
chr20	59226834	rs16982556
chr20	59235083	rs7270917
chr20	59235618	rs259971
chr20	59236110	rs183777
chr20	59238532	rs259969
chr20	59248274	rs6092755
chr20	59249254	rs259964
chr20	59249905	rs259962
chr20	59252326	rs259959
chr20	59254246	rs259956
chr20	59257044	rs8116700
chr20	59257120	rs8117825
chr20	59257929	rs2865733
chr20	59258607	rs2064864
chr20	59258685	rs2064865
chr20	59260334	rs12481177
chr20	59270457	rs6128524
chr20	59271867	rs6128525
chr20	59273224	rs4812069
chr20	59274229	rs6100395
chr20	59275880	rs6100397
chr20	59277492	rs6128527
chr20	59278955	rs6092765
chr20	59279977	rs154873
chr20	59280688	rs3026627
chr20	59280843	rs1407538
chr20	59281281	rs154876
chr20	59288264	rs3026620
chr20	59292423	rs6128532
chr20	59295301	rs155004
chr20	59297830	rs260743
chr20	59298883	rs11570248
chr20	59300108	rs155002
chr20	59301100	rs260741
chr20	59303025	rs197174
chr20	59303536	rs197173
chr20	59305563	rs11570276
chr20	59309196	rs6064764
chr20	59309707	rs926632
chr20	59310803	rs197185
chr20	59312004	rs197184
chr20	59312863	rs2268689
chr20	59315144	rs2284804
chr20	59317245	rs2284803
chr20	59317474	rs197802
chr20	59318155	rs107421
chr20	59320358	rs149768
chr20	59323522	rs11570347
chr20	59324068	rs197799
chr20	59325374	rs11570357
chr20	59329664	rs197175
chr20	59331560	rs3026561
chr20	59336837	rs3026553
chr20	59337121	rs3026550
chr20	59338340	rs460775
chr20	59341302	rs6128540
chr20	59342634	rs6128541
chr20	59343851	rs8182834
chr20	59344461	rs1964825
chr20	59345016	rs7263879
chr20	59345502	rs11906151
chr20	59346511	rs197180
chr20	59349299	rs6015477
chr20	59350733	rs3026539
chr20	59354339	rs3026530
chr20	59359620	rs6092776
chr20	59360011	rs197824
chr20	59363221	rs197816
chr20	59364272	rs197815
chr20	59364323	rs197813
chr20	59366358	rs3026511
chr20	59369315	rs4810164
chr20	59369478	rs4810165
chr20	59370058	rs197820
chr20	59370474	rs3026509
chr20	59370675	rs3026507
chr20	59371695	rs3026502
chr20	59373718	rs3026499
chr20	59375567	rs4812075
chr20	59377348	rs6026837
chr20	59377404	rs6026838
chr20	59377424	rs4812076
chr20	59378126	rs6070784
chr20	59380172	rs6092778
chr20	59381966	rs7267528
chr20	59382129	rs7272892
chr20	59382217	rs747211
chr20	59382334	rs1980902
chr20	59386517	rs906399
chr20	59392851	rs1877751
chr20	59394618	rs11699541
chr20	59394831	rs6070788
chr20	59395830	rs16982696
chr20	59397571	rs6100432
chr20	59399536	rs6100433
chr20	59399951	rs6128559
chr20	59400015	rs6100434
chr20	59405854	rs748543
chr20	59406598	rs4810168
chr20	59407664	rs11697983
chr20	59409815	rs752764
chr20	59411230	rs729997
chr20	59411365	rs1079007
chr20	59412444	rs6026872
chr20	59412809	rs1041272
chr20	59413646	rs275339
chr20	59415792	rs6070795
chr20	59416945	rs187989
chr20	59419499	rs274346
chr20	59419774	rs6064777
chr20	59420393	rs6128567
chr20	59420557	rs6026877
chr20	59421241	rs6123894
chr20	59421994	rs8122298
chr20	59423528	rs7270072
chr20	59424543	rs16982720
chr20	59425359	rs271979
chr20	59426101	rs11905080
chr20	59426479	rs6123895
chr20	59426691	rs6064780
chr20	59427544	rs271981
chr20	59427930	rs271982
chr20	59429189	rs16982757
chr20	59429936	rs271984
chr20	59430928	rs6100445
chr20	59435027	rs6026882
chr20	59435074	rs2137862
chr20	59436575	rs4603839
chr20	59436610	rs6064782
chr20	59436820	rs6064783
chr20	59437059	rs6026884
chr20	59437602	rs271950
chr20	59437687	rs6070802
chr20	59438215	rs156248
chr20	59438345	rs271951
chr20	59438389	rs6026886
chr20	59439549	rs271952
chr20	59443051	rs12481662
chr20	59445857	rs6100450
chr20	59448716	rs271962
chr20	59450367	rs271960
chr20	59455179	rs6015495
chr20	59455657	rs275278
chr20	59455997	rs271978
chr20	59456719	rs6026890
chr20	59457795	rs11697171
chr20	59457950	rs271973
chr20	59457967	rs271972
chr20	59460621	rs6026892
chr20	59461107	rs271970
chr20	59462481	rs6070807
chr20	59462796	rs6064789
chr20	59464714	rs6026894
chr20	59467613	rs6015499
chr20	59472422	rs6026904
chr20	59472862	rs11905457
chr20	59479393	rs6100460
chr20	59481138	rs275293
chr20	59484704	rs6026912
chr20	59485097	rs6026913
chr20	59487924	rs4810169
chr20	59488199	rs384667
chr20	59488632	rs6070814
chr20	59495489	rs185685
chr20	59496316	rs6015510
chr20	59496775	rs6123898
chr20	59497591	rs6026918
chr20	59498658	rs275270
chr20	59498865	rs6100466
chr20	59500230	rs275275
chr20	59501402	rs449668
chr20	59501979	rs16982831
chr20	59502537	rs6128593
chr20	59503792	rs275266
chr20	59504457	rs2066439
chr20	59505580	rs2053780
chr20	59512571	rs6015515
chr20	59513139	rs6092797
chr20	59513203	rs8125576
chr20	59513542	rs6128602
chr20	59513899	rs1374957
chr20	59513964	rs17455100
chr20	59514467	rs11696458
chr20	59514802	rs6100472
chr20	59515638	rs12165249
chr20	59517541	rs6100474
chr20	59518374	rs6100476
chr20	59523772	rs6015519
chr20	59523829	rs11086671
chr20	59525807	rs6100478
chr20	59527568	rs7270893
chr20	59528478	rs3848701
chr20	59528975	rs6026945
chr20	59530692	rs3905228
chr20	59531024	rs3906936
chr20	59531175	rs3906935
chr20	59531518	rs4812092
chr20	59539112	rs6100488
chr20	59540227	rs6123906
chr20	59543529	rs3916504
chr20	59543632	rs6128616
chr20	59545678	rs3934412
chr20	59546334	rs3843761
chr20	59547994	rs6128620
chr20	59552647	rs6100492
chr20	59559086	rs6070847
chr20	59559160	rs7267048
chr20	59563604	rs6070848
chr20	59566241	rs3848704
chr20	59566657	rs6128626
chr20	59569132	rs3848706
chr20	59569684	rs7409527
chr20	59570407	rs4812099
chr20	59570503	rs4812100
chr20	59570819	rs4812102
chr20	59571288	rs4812108
chr20	59572456	rs6026972
chr20	59572550	rs13039978
chr20	59580790	rs4812111
chr20	59582789	rs6026975
chr20	59584058	rs6128634
chr20	59584150	rs6128635
chr20	59584555	rs4812113
chr20	59585573	rs6026976
chr20	59585788	rs17455968
chr20	59587958	rs4812114
chr20	59588167	rs2426792
chr20	59589251	rs1418942
chr20	59590662	rs6070855
chr20	59592445	rs1474981
chr20	59592728	rs1474982
chr20	59593876	rs2426796
chr20	59594071	rs6070857
chr20	59597291	rs2180681
chr20	59598551	rs1343103
chr20	59598686	rs1343104
chr20	59599448	rs2426800
chr20	59600131	rs6026986
chr20	59602290	rs2426802
chr20	59612320	rs2145263
chr20	59614580	rs6026998
chr20	59621369	rs6015534
chr20	59623270	rs1535269
chr20	59624163	rs6027005
chr20	59627303	rs4810173
chr20	59627959	rs6064818
chr20	59630507	rs6070878
chr20	59630949	rs6064820
chr20	59631263	rs4812121
chr20	59632709	rs1884892
chr20	59634186	rs1555366
chr20	59634950	rs6070883
chr20	59635815	rs1555364
chr20	59636240	rs6128653
chr20	59638327	rs6100536
chr20	59639227	rs911148
chr20	59639610	rs911150
chr20	59640082	rs6064822
chr20	59640727	rs6128654
chr20	59644384	rs4810179
chr20	59651277	rs6070892
chr20	59651806	rs6070893
chr20	59657209	rs6064825
chr20	59660593	rs6015543
chr20	59661397	rs2426803
chr20	59664810	rs16982999
chr20	59668480	rs6070900
chr20	59668541	rs6070901
chr20	59672080	rs7261185
chr20	59672405	rs6070903
chr20	59676076	rs2426807
chr20	59676343	rs2426808
chr20	59676729	rs2426809
chr20	59677079	rs6027034
chr20	59677482	rs12481159
chr20	59677793	rs6100547
chr20	59678383	rs7266699
chr20	59678635	rs17804711
chr20	59679038	rs730275
chr20	59681325	rs865282
chr20	59684181	rs6070911
chr20	59687786	rs2426814
chr20	59690571	rs1980599
chr20	59692593	rs6100556
chr20	59692715	rs6123927
chr20	59692836	rs6100558
chr20	59694973	rs1040797
chr20	59697792	rs6015552
chr20	59699115	rs6128665
chr20	59699346	rs11697709
chr20	59699465	rs12481511
chr20	59701141	rs6015553
chr20	59703576	rs6015554
chr20	59708238	rs11906354
chr20	59709506	rs17804933
chr20	59710227	rs2426818
chr20	59710243	rs13042380
chr20	59711026	rs6027054
chr20	59713226	rs2426820
chr20	59714913	rs2426821
chr20	59715710	rs2426822
chr20	59716906	rs6015561
chr20	59717321	rs816103
chr20	59720145	rs816104
chr20	59727136	rs6128674
chr20	59727340	rs6027060
chr20	59729866	rs4142009
chr20	59730029	rs6070932
chr20	59730148	rs6027062
chr20	59733057	rs6015564
chr20	59733252	rs16984986
chr20	59733330	rs6092818
chr20	59733775	rs1182465
chr20	59734005	rs1182466
chr20	59734015	rs6027065
chr20	59737239	rs6070935
chr20	59740694	rs17732190
chr20	59741136	rs6027069
chr20	59741509	rs6128676
chr20	59744626	rs6027077
chr20	59744935	rs2426825
chr20	59745257	rs1998968
chr20	59746652	rs4810186
chr20	59746746	rs4810187
chr20	59747901	rs2277758
chr20	59747918	rs7266756
chr20	59748162	rs7268463
chr20	59748298	rs6027079
chr20	59748616	rs16983084
chr20	59748859	rs1182473
chr20	59748938	rs2148805
chr20	59748968	rs1182474
chr20	59749143	rs6128677
chr20	59750155	rs1182475
chr20	59751377	rs864184
chr20	59751735	rs2426829
chr20	59754544	rs1182476
chr20	59754778	rs1184413
chr20	59755858	rs4812129
chr20	59757783	rs816256
chr20	59758668	rs1182482
chr20	59761820	rs1182483
chr20	59762569	rs1185909
chr20	59768397	rs6027088
chr20	59769791	rs1183455
chr20	59770275	rs6092823
chr20	59775074	rs6027092
chr20	59775152	rs2148808
chr20	59775732	rs6128685
chr20	59775786	rs1182486
chr20	59776574	rs1182492
chr20	59777841	rs8117020
chr20	59777866	rs8122984
chr20	59778051	rs1182497
chr20	59779783	rs946364
chr20	59779894	rs1182505
chr20	59780118	rs927937
chr20	59780736	rs1182507
chr20	59780936	rs6070943
chr20	59781255	rs6070946
chr20	59782884	rs6100584
chr20	59784107	rs6027102
chr20	59784185	rs6128693
chr20	59784201	rs1571213
chr20	59784472	rs6128694
chr20	59785560	rs864183
chr20	59785929	rs1182511
chr20	59786366	rs746340
chr20	59788034	rs6128695
chr20	59788816	rs2148809
chr20	59789287	rs1182518
chr20	59790783	rs6064841
chr20	59795937	rs2426838
chr20	59799331	rs13433174
chr20	59800873	rs1751846
chr20	59800947	rs1184735
chr20	59804161	rs1182523
chr20	59805790	rs2426843
chr20	59807594	rs2104590
chr20	59808983	rs2426845
chr20	59809396	rs6027132
chr20	59810745	rs1182530
chr20	59810815	rs1767845
chr20	59811302	rs1185820
chr20	59812087	rs6123946
chr20	59812182	rs6015584
chr20	59814165	rs6128702
chr20	59817092	rs6027138
chr20	59817148	rs8118247
chr20	59817947	rs1182531
chr20	59818490	rs1182532
chr20	59823372	rs6070961
chr20	59823835	rs1338931
chr20	59824364	rs746219
chr20	59831695	rs6027146
chr20	59832278	rs752338
chr20	59834888	rs2426848
chr20	59835526	rs1182534
chr20	59836224	rs2296764
chr20	59838046	rs2148804
chr20	59838435	rs7272906
chr20	59845281	rs1416388
chr20	59857564	rs1182537
chr20	59861802	rs6064852
chr20	59861908	rs6070972
chr20	59861981	rs6070973
chr20	59875953	rs6064855
chr20	59876458	rs6100634
chr20	59885616	rs6070997
chr20	59889667	rs6071003
chr20	59892102	rs6071006
chr20	59892746	rs6071007
chr20	59893827	rs6071009
chr20	59897527	rs12481710
chr20	59901719	rs6027186
chr20	59909575	rs6071024
chr20	59911741	rs6071026
chr20	59911896	rs6027195
chr20	59920042	rs6071029
chr20	59921828	rs6064861
chr20	59924573	rs6100653
chr20	59925398	rs17790926
chr20	59927012	rs6071032
chr20	59927401	rs6100654
chr20	59927593	rs964732
chr20	59940597	rs869347
chr20	59941620	rs6071036
chr20	59949474	rs455052
chr20	59954708	rs6071042
chr20	59958689	rs6071043
chr20	59959788	rs171842
chr20	59969692	rs194982
chr20	59969765	rs723680
chr20	59972821	rs2426859
chr20	59973297	rs6027217
chr20	59977070	rs6123960
chr20	59982211	rs6027220
chr20	59984052	rs194990
chr20	59984599	rs1474909
chr20	59987652	rs194991
chr20	59990186	rs6027226
chr20	59994508	rs6071068
chr20	59995548	rs194997
chr20	59995769	rs8122451
chr20	59996070	rs3746711
chr20	59997087	rs2426864
chr20	59997451	rs194999
chr20	59998529	rs195001
chr20	60000608	rs2426866
chr20	60003957	rs183778
chr20	60005830	rs1002762
chr20	60006818	rs195005
chr20	60008152	rs168982
chr20	60009657	rs6128738
chr20	60010954	rs195011
chr20	60011163	rs195013
chr20	60011332	rs7270861
chr20	60012786	rs910695
chr20	60014369	rs399839
chr20	60022255	rs766712
chr20	60022854	rs6513470
chr20	60024281	rs183174
chr20	60025147	rs195022
chr20	60025767	rs17727029
chr20	60027343	rs6071088
chr20	60027698	rs7274667
chr20	60027785	rs2426873
chr20	60033924	rs1078297
chr20	60034133	rs3761267
chr20	60036351	rs8184882
chr20	60039798	rs6015624
chr20	60042493	rs4812145
chr20	60042614	rs2065411
chr20	60042792	rs12329536
chr20	60043196	rs195031
chr20	60043537	rs6015628
chr20	60045305	rs6027256
chr20	60046878	rs17727116
chr20	60049445	rs6071096
chr20	60049835	rs13039047
chr20	60050291	rs242788
chr20	60050323	rs242789
chr20	60051831	rs242790
chr20	60052442	rs242791
chr20	60057665	rs242792
chr20	60058779	rs242794
chr20	60061216	rs242801
chr20	60062528	rs242802
chr20	60063897	rs242805
chr20	60069217	rs1543474
chr20	60069940	rs6071100
chr20	60073043	rs4812146
chr20	60073605	rs6123968
chr20	60074739	rs242813
chr20	60076655	rs242816
chr20	60076936	rs242817
chr20	60078282	rs11086694
chr20	60078862	rs242821
chr20	60079976	rs17727195
chr20	60080779	rs768451
chr20	60080794	rs6027280
chr20	60081895	rs17727233
chr20	60082168	rs16983474
chr20	60083551	rs9896
chr20	60084029	rs242824
chr20	60085991	rs7274848
chr20	60089956	rs4812147
chr20	60090602	rs577624
chr20	60093744	rs12480289
chr20	60093877	rs12480283
chr20	60093953	rs1475029
chr20	60094049	rs754
chr20	60096466	rs17791195
chr20	60096897	rs1331842
chr20	60097149	rs6100708
chr20	60097361	rs12481513
chr20	60097565	rs6071105
chr20	60097710	rs6100709
chr20	60099970	rs1412196
chr20	60100835	rs2281624
chr20	60101606	rs6513478
chr20	60103523	rs6071107
chr20	60105682	rs6027301
chr20	60106861	rs6027305
chr20	60107327	rs7268962
chr20	60109004	rs11086697
chr20	60109788	rs6015650
chr20	60110017	rs6100719
chr20	60111312	rs911382
chr20	60112213	rs6100725
chr20	60116212	rs6027324
chr20	60117675	rs6015653
chr20	60118383	rs6100730
chr20	60119969	rs10485466
chr20	60120213	rs11907315
chr20	60120917	rs17789367
chr20	60121960	rs6071121
chr20	60122521	rs6064888
chr20	60123289	rs2145555
chr20	60123452	rs2180845
chr20	60124375	rs6015654
chr20	60124692	rs6015655
chr20	60127344	rs6064892
chr20	60128485	rs6027328
chr20	60130921	rs8124901
chr20	60131450	rs6100743
chr20	60131496	rs6513483
chr20	60132157	rs7273110
chr20	60136879	rs2208451
chr20	60137401	rs6092877
chr20	60137422	rs6027337
chr20	60137714	rs6128764
chr20	60138916	rs6100747
chr20	60140164	rs2025050
chr20	60140985	rs6064897
chr20	60141279	rs2025051
chr20	60142612	rs6027343
chr20	60142905	rs6128767
chr20	60143496	rs6100751
chr20	60144122	rs6123975
chr20	60145396	rs6027346
chr20	60145739	rs6015664
chr20	60145885	rs7274814
chr20	60146026	rs7267904
chr20	60149964	rs1475030
chr20	60150434	rs6100754
chr20	60150782	rs6100755
chr20	60152559	rs6092883
chr20	60152874	rs13044259
chr20	60153648	rs13039552
chr20	60160700	rs6015672
chr20	60161005	rs13039826
chr20	60161075	rs2224427
chr20	60161551	rs6100769
chr20	60169641	rs13040125
chr20	60171129	rs761258
chr20	60172531	rs6027379
chr20	60173833	rs2206708
chr20	60174523	rs6100777
chr20	60180203	rs6100783
chr20	60184464	rs6064905
chr20	60186222	rs1883726
chr20	60186506	rs478214
chr20	60187047	rs504920
chr20	60189269	rs2426880
chr20	60192298	rs581350
chr20	60194888	rs6071148
chr20	60196181	rs480687
chr20	60203067	rs6064908
chr20	60203328	rs6128776
chr20	60204922	rs242435
chr20	60205089	rs6015691
chr20	60206053	rs485062
chr20	60209440	rs6092900
chr20	60210012	rs11906184
chr20	60211189	rs560822
chr20	60214945	rs596757
chr20	60215266	rs608718
chr20	60215708	rs486862
chr20	60215756	rs487656
chr20	60217552	rs4812157
chr20	60218624	rs6071161
chr20	60219685	rs171412
chr20	60220478	rs171413
chr20	60221481	rs171415
chr20	60221559	rs11907714
chr20	60222641	rs6027417
chr20	60222868	rs11696896
chr20	60223782	rs13038174
chr20	60224343	rs2865793
chr20	60224563	rs4254559
chr20	60225815	rs6100796
chr20	60225828	rs7269316
chr20	60226585	rs7271202
chr20	60227027	rs6100797
chr20	60227438	rs6027427
chr20	60228241	rs17791711
chr20	60234455	rs6100805
chr20	60235417	rs6100810
chr20	60236385	rs17800938
chr20	60237229	rs1381097
chr20	60237982	rs1381099
chr20	60239252	rs6027432
chr20	60239370	rs1535028
chr20	60240519	rs17800962
chr20	60240813	rs17728211
chr20	60240910	rs8120039
chr20	60240989	rs6027436
chr20	60241178	rs11696475
chr20	60241330	rs6027437
chr20	60244222	rs6027439
chr20	60246286	rs17791789
chr20	60248375	rs181374
chr20	60248984	rs16983712
chr20	60250054	rs6092909
chr20	60250265	rs13040439
chr20	60250889	rs11698896
chr20	60251643	rs6100834
chr20	60251950	rs6027448
chr20	60254102	rs4812161
chr20	60256881	rs126967
chr20	60257286	rs2235757
chr20	60257474	rs6092911
chr20	60259393	rs10485467
chr20	60260412	rs1009737
chr20	60260591	rs1870728
chr20	60260777	rs2012168
chr20	60264818	rs1381100
chr20	60264844	rs2865794
chr20	60265821	rs6015702
chr20	60266115	rs6015703
chr20	60266830	rs8118680
chr20	60267632	rs761253
chr20	60269270	rs6027452
chr20	60273009	rs6015705
chr20	60275351	rs4622794
chr20	60277908	rs17728377
chr20	60277939	rs17801149
chr20	60278223	rs2294906
chr20	60278793	rs2294907
chr20	60279173	rs6015707
chr20	60279229	rs2903094
chr20	60280158	rs6027462
chr20	60285267	rs6027470
chr20	60291831	rs6027478
chr20	60296081	rs16983775
chr20	60300278	rs164923
chr20	60304112	rs11696316
chr20	60304152	rs11696305
chr20	60305194	rs6027482
chr20	60305678	rs41417848
chr20	60305738	rs16983776
chr20	60306766	rs6027484
chr20	60309221	rs6100856
chr20	60310100	rs17728460
chr20	60310619	rs6015716
chr20	60313067	rs6027493
chr20	60315896	rs6027497
chr20	60317074	rs6015720
chr20	60317287	rs6027500
chr20	60317462	rs17801257
chr20	60317599	rs6027501
chr20	60318758	rs6027504
chr20	60319229	rs164926
chr20	60319269	rs6100858
chr20	60319336	rs6100859
chr20	60319365	rs6100861
chr20	60319749	rs11698042
chr20	60320550	rs6100863
chr20	60320788	rs11698685
chr20	60321657	rs6027506
chr20	60322320	rs6027510
chr20	60323151	rs6027511
chr20	60325536	rs7261471
chr20	60326636	rs6027512
chr20	60329066	rs6027514
chr20	60330436	rs354751
chr20	60331014	rs6027519
chr20	60332613	rs6027523
chr20	60333406	rs6100868
chr20	60334291	rs6015728
chr20	60336504	rs354748
chr20	60337163	rs6027527
chr20	60337602	rs354747
chr20	60339811	rs354744
chr20	60340449	rs6027532
chr20	60346365	rs6100874
chr20	60346419	rs6027541
chr20	60347841	rs1461178
chr20	60348479	rs6513505
chr20	60348878	rs7264923
chr20	60349163	rs354762
chr20	60349484	rs181376
chr20	60350747	rs2208306
chr20	60350914	rs354761
chr20	60351094	rs354760
chr20	60352132	rs1471302
chr20	60354339	rs6015734
chr20	60354486	rs4810198
chr20	60354869	rs4305329
chr20	60355418	rs2865801
chr20	60361300	rs354735
chr20	60362288	rs168525
chr20	60373106	rs6027558
chr20	60376370	rs354731
chr20	60377294	rs16983859
chr20	60378149	rs6027561
chr20	60380472	rs6015739
chr20	60381103	rs6027564
chr20	60382601	rs6015741
chr20	60387318	rs6027571
chr20	60391869	rs6027574
chr20	60393354	rs6015744
chr20	60395377	rs6128804
chr20	60395525	rs6092934
chr20	60396116	rs7269082
chr20	60397142	rs735237
chr20	60404409	rs911167
chr20	60404452	rs503272
chr20	60407342	rs6123993
chr20	60407877	rs482231
chr20	60408769	rs6027584
chr20	60411044	rs1371065
chr20	60411661	rs168358
chr20	60414746	rs1001411
chr20	60414836	rs1530089
chr20	60418799	rs6071201
chr20	60422025	rs911168
chr20	60427588	rs348843
chr20	60427897	rs520838
chr20	60427938	rs6417358
chr20	60427971	rs6100898
chr20	60429480	rs11086709
chr20	60429534	rs348841
chr20	60430014	rs348840
chr20	60431804	rs348839
chr20	60432049	rs348837
chr20	60432313	rs348836
chr20	60435328	rs348831
chr20	60436269	rs348829
chr20	60436544	rs6027596
chr20	60437717	rs6123994
chr20	60441669	rs6128817
chr20	60447797	rs6128820
chr20	60448656	rs348816
chr20	60451542	rs348815
chr20	60454397	rs6100919
chr20	60455133	rs6100920
chr20	60457341	rs6128827
chr20	60458542	rs6100921
chr20	60459263	rs6071212
chr20	60459832	rs6092944
chr20	60467146	rs348800
chr20	60467242	rs1438961
chr20	60469298	rs348798
chr20	60469581	rs6128829
chr20	60475418	rs348794
chr20	60475631	rs348793
chr20	60477173	rs6015757
chr20	60477795	rs7266069
chr20	60479622	rs6027633
chr20	60479676	rs6064925
chr20	60481136	rs6128832
chr20	60481808	rs348787
chr20	60482666	rs348786
chr20	60483110	rs348784
chr20	60483785	rs6100934
chr20	60484158	rs3936404
chr20	60486375	rs348780
chr20	60486806	rs164472
chr20	60487044	rs17729021
chr20	60487255	rs6123996
chr20	60490412	rs6071218
chr20	60492041	rs90754
chr20	60496464	rs6027644
chr20	60496835	rs6027646
chr20	60496858	rs4625972
chr20	60499161	rs11698275
chr20	60499570	rs2118797
chr20	60499679	rs164468
chr20	60499856	rs164469
chr20	60500143	rs12106015
chr20	60502590	rs17729098
chr20	60503016	rs6071223
chr20	60506638	rs6027650
chr20	60507708	rs7352495
chr20	60510257	rs6027656
chr20	60510323	rs6027657
chr20	60510827	rs6128843
chr20	60518007	rs348770
chr20	60518808	rs1946840
chr20	60522148	rs6123998
chr20	60523338	rs11907260
chr20	60523795	rs6064938
chr20	60523848	rs6015771
chr20	60527521	rs817271
chr20	60532582	rs817268
chr20	60535052	rs6071232
chr20	60538543	rs6027678
chr20	60541523	rs6128850
chr20	60546398	rs1093454
chr20	60547635	rs1093452
chr20	60554430	rs6071243
chr20	60559597	rs6071244
chr20	60559660	rs6100966
chr20	60559688	rs6071245
chr20	60564328	rs817279
chr20	60567099	rs17729324
chr20	60567228	rs817277
chr20	60567537	rs817276
chr20	60570516	rs6027692
chr20	60571638	rs707570
chr20	60572436	rs817283
chr20	60574255	rs697706
chr20	60580782	rs17802168
chr20	60582076	rs846185
chr20	60586946	rs846188
chr20	60589896	rs846193
chr20	60591936	rs707573
chr20	60593011	rs6071260
chr20	60593525	rs6064946
chr20	60595492	rs846198
chr20	60596299	rs846199
chr20	60598272	rs846201
chr20	60602010	rs846206
chr20	60604213	rs11908218
chr20	60604270	rs913825
chr20	60604348	rs1150440
chr20	60604725	rs6027709
chr20	60605480	rs8182705
chr20	60605715	rs928143
chr20	60605771	rs928144
chr20	60609935	rs6027712
chr20	60610430	rs6128870
chr20	60613671	rs6027715
chr20	60619405	rs6015791
chr20	60621417	rs846210
chr20	60622585	rs846212
chr20	60624195	rs11907628
chr20	60624391	rs11905690
chr20	60624624	rs846214
chr20	60624869	rs846215
chr20	60626945	rs846218
chr20	60628885	rs16984096
chr20	60633776	rs1150438
chr20	60641204	rs16984110
chr20	60642576	rs16984113
chr20	60644714	rs16984115
chr20	60645423	rs11907451
chr20	60648563	rs1150437
chr20	60649868	rs846222
chr20	60655780	rs7265826
chr20	60657340	rs1937316
chr20	60659724	rs6027728
chr20	60667637	rs11697512
chr20	60671202	rs1201879
chr20	60675643	rs1201883
chr20	60678716	rs1201885
chr20	60681799	rs1201888
chr20	60681893	rs1201889
chr20	60682813	rs1201891
chr20	60683293	rs1201893
chr20	60683508	rs6064973
chr20	60684493	rs1201895
chr20	60685437	rs6027733
chr20	60685715	rs6027736
chr20	60686763	rs6015804
chr20	60687572	rs6071313
chr20	60688583	rs6027744
chr20	60690420	rs6101017
chr20	60693652	rs6027755
chr20	60694140	rs17802507
chr20	60695482	rs1201897
chr20	60696010	rs1201901
chr20	60696532	rs4812180
chr20	60697674	rs1201904
chr20	60697693	rs1998072
chr20	60697902	rs1201905
chr20	60697929	rs1201906
chr20	60699029	rs1937314
chr20	60699583	rs1201914
chr20	60699747	rs1201915
chr20	60699807	rs1201916
chr20	60700706	rs1000552
chr20	60700755	rs1000551
chr20	60700970	rs1201919
chr20	60702033	rs4810204
chr20	60711690	rs1201958
chr20	60711888	rs1201959
chr20	60714091	rs1201966
chr20	60714520	rs1201968
chr20	60716351	rs1201973
chr20	60716689	rs11699525
chr20	60717142	rs13042560
chr20	60721165	rs1201981
chr20	60721290	rs1201982
chr20	60727834	rs1201987
chr20	60728112	rs1201988
chr20	60728645	rs1201989
chr20	60732018	rs1201998
chr20	60732483	rs1202001
chr20	60734486	rs1202009
chr20	60734538	rs1742016
chr20	60735065	rs10485469
chr20	60735090	rs1202013
chr20	60735104	rs1202014
chr20	60739621	rs1202027
chr20	60739958	rs1202029
chr20	60740034	rs1202030
chr20	60740070	rs1202031
chr20	60744833	rs1202042
chr20	60747241	rs6071344
chr20	60747803	rs1885006
chr20	60748462	rs6027797
chr20	60748995	rs6071345
chr20	60750703	rs6027800
chr20	60750948	rs1202043
chr20	60752864	rs7266836
chr20	60753845	rs8114338
chr20	60753860	rs17793479
chr20	60754043	rs6027801
chr20	60756215	rs1202046
chr20	60756268	rs1202047
chr20	60756805	rs1407146
chr20	60759366	rs1202058
chr20	60760366	rs4812204
chr20	60761102	rs6101058
chr20	60761794	rs2426892
chr20	60761807	rs12479864
chr20	60762391	rs17201325
chr20	60762626	rs1202063
chr20	60763029	rs17201346
chr20	60763740	rs2426894
chr20	60766102	rs13040320
chr20	60766425	rs6101061
chr20	60766450	rs6101062
chr20	60768113	rs6015827
chr20	60769604	rs11698501
chr20	60770582	rs6015829
chr20	60770660	rs1321711
chr20	60770788	rs6027811
chr20	60771520	rs1892330
chr20	60772492	rs6015830
chr20	60773088	rs6064995
chr20	60773222	rs1885008
chr20	60773894	rs1202073
chr20	60775232	rs1202075
chr20	60777120	rs6064996
chr20	60777274	rs1629243
chr20	60778074	rs1892328
chr20	60781154	rs1321713
chr20	60781314	rs12480176
chr20	60782754	rs6124010
chr20	60784086	rs2426913
chr20	60785625	rs941695
chr20	60785924	rs4812207
chr20	60787335	rs2426919
chr20	60787417	rs6071360
chr20	60788056	rs2426921
chr20	60788264	rs6027822
chr20	60788783	rs1321715
chr20	60788907	rs1853124
chr20	60793847	rs6101073
chr20	60794509	rs1015215
chr20	60796826	rs2426923
chr20	60797307	rs6015839
chr20	60799667	rs6015840
chr20	60800631	rs6015842
chr20	60800912	rs16984321
chr20	60801794	rs717102
chr20	60802624	rs2426930
chr20	60804970	rs6128914
chr20	60806556	rs6015846
chr20	60807373	rs6027830
chr20	60811007	rs6101080
chr20	60811573	rs6128917
chr20	60814571	rs6101081
chr20	60815936	rs10153975
chr20	60816880	rs6093007
chr20	60816971	rs16984352
chr20	60818519	rs6128921
chr20	60819859	rs10485470
chr20	60819963	rs1010715
chr20	60820923	rs6027837
chr20	60823337	rs17201745
chr20	60823722	rs6065006
chr20	60828346	rs2224996
chr20	60830179	rs8126005
chr20	60831581	rs7508852
chr20	60831791	rs6093009
chr20	60834755	rs927778
chr20	60834839	rs927779
chr20	60836292	rs6128922
chr20	60837696	rs6015857
chr20	60838367	rs6015858
chr20	60840114	rs2224998
chr20	60841772	rs6071375
chr20	60845057	rs6101100
chr20	60847478	rs17793950
chr20	60847790	rs4812218
chr20	60847915	rs4812219
chr20	60850435	rs16984398
chr20	60851381	rs6027860
chr20	60851524	rs6027861
chr20	60852798	rs6128926
chr20	60855253	rs7272074
chr20	60855500	rs4812221
chr20	60858351	rs6513544
chr20	60859742	rs6071381
chr20	60860550	rs17201877
chr20	60860911	rs6027871
chr20	60861910	rs17794052
chr20	60862643	rs6071383
chr20	60863024	rs2038892
chr20	60865459	rs6071385
chr20	60866540	rs6071388
chr20	60868052	rs6015870
chr20	60870561	rs4812223
chr20	60871668	rs6071392
chr20	60872778	rs2426931
chr20	60873985	rs6027887
chr20	60874310	rs8123347
chr20	60874408	rs16984422
chr20	60876460	rs6015874
chr20	60877099	rs6027894
chr20	60877220	rs6027895
chr20	60877779	rs6071397
chr20	60878062	rs6015876
chr20	60879149	rs6128934
chr20	60879243	rs4810210
chr20	60879500	rs6128935
chr20	60879662	rs11698176
chr20	60879754	rs6027896
chr20	60880789	rs13040718
chr20	60881129	rs6027898
chr20	60882904	rs6093018
chr20	60883023	rs1033567
chr20	60883504	rs12624885
chr20	60883663	rs12624894
chr20	60885031	rs6128937
chr20	60888576	rs6071404
chr20	60890359	rs6128940
chr20	60890730	rs12480116
chr20	60893094	rs2426935
chr20	60894071	rs2017286
chr20	60894516	rs10485472
chr20	60895080	rs10485473
chr20	60896603	rs6128948
chr20	60898593	rs10485474
chr20	60899731	rs6065013
chr20	60900234	rs761573
chr20	60905348	rs2426937
chr20	60907534	rs17794323
chr20	60910572	rs2426944
chr20	60915027	rs2207326
chr20	60916617	rs2426956
chr20	60918444	rs2024675
chr20	60918503	rs2024676
chr20	60918850	rs2426960
chr20	60920015	rs978716
chr20	60920205	rs6124032
chr20	60922469	rs13039252
chr20	60923386	rs2207331
chr20	60924569	rs6065016
chr20	60926284	rs6027917
chr20	60928861	rs7270247
chr20	60933458	rs6071442
chr20	60933755	rs6128962
chr20	60941100	rs6128966
chr20	60941111	rs6128967
chr20	60941962	rs237643
chr20	60942151	rs6124034
chr20	60942262	rs237644
chr20	60942315	rs237645
chr20	60942386	rs6124035
chr20	60942423	rs6124036
chr20	60943355	rs237646
chr20	60947206	rs4812238
chr20	60948784	rs237655
chr20	60949121	rs6124038
chr20	60949450	rs237658
chr20	60949614	rs6071447
chr20	60950661	rs6065021
chr20	60950812	rs6065022
chr20	60951629	rs6128983
chr20	60952610	rs6015883
chr20	60954143	rs6124039
chr20	60959561	rs6128989
chr20	60960134	rs1015199
chr20	60960685	rs6027929
chr20	60960767	rs6027930
chr20	60960796	rs4812245
chr20	60961171	rs6124044
chr20	60962060	rs6027931
chr20	60962469	rs6128990
chr20	60962586	rs11698150
chr20	60965041	rs7271884
chr20	60965371	rs6027933
chr20	60966810	rs6027936
chr20	60967427	rs6101144
chr20	60970744	rs6027940
chr20	60973796	rs1570038
chr20	60977773	rs6027947
chr20	60984217	rs6101153
chr20	60984227	rs6093031
chr20	60984480	rs4812248
chr20	60984833	rs6065026
chr20	60987256	rs13038072
chr20	60987482	rs6101160
chr20	60989035	rs6027949
chr20	60989756	rs6128995
chr20	60990189	rs748454
chr20	60993969	rs7274061
chr20	60994460	rs8114429
chr20	60994681	rs6101168
chr20	60995315	rs6124047
chr20	60995578	rs6093035
chr20	60995668	rs17804486
chr20	60995684	rs16984493
chr20	60995736	rs6027951
chr20	61002513	rs6128998
chr20	61004090	rs6071452
chr20	61004384	rs6093038
chr20	61005981	rs6124049
chr20	61011507	rs6129003
chr20	61014216	rs6129005
chr20	61016904	rs6101183
chr20	61017134	rs1547018
chr20	61019010	rs6101188
chr20	61020690	rs6101189
chr20	61023112	rs6093043
chr20	61028886	rs4479482
chr20	61030068	rs6101193
chr20	61037483	rs6129013
chr20	61037857	rs6129015
chr20	61041582	rs6101206
chr20	61042172	rs6124057
chr20	61042544	rs17804833
chr20	61042744	rs6124058
chr20	61042967	rs6027989
chr20	61044344	rs6124059
chr20	61047417	rs751723
chr20	61047682	rs1884896
chr20	61048071	rs751724
chr20	61048689	rs6027995
chr20	61048793	rs1077381
chr20	61050824	rs6065036
chr20	61050893	rs7263962
chr20	61051082	rs7265482
chr20	61051920	rs17732175
chr20	61053206	rs17804935
chr20	61053909	rs911152
chr20	61054325	rs6129021
chr20	61055400	rs6124061
chr20	61055940	rs874807
chr20	61056697	rs6071464
chr20	61058091	rs6027999
chr20	61058809	rs6015912
chr20	61060217	rs6129027
chr20	61060441	rs6028003
chr20	61060552	rs6071467
chr20	61060605	rs8125041
chr20	61060739	rs6129028
chr20	61060796	rs6129029
chr20	61060897	rs2208299
chr20	61060923	rs13041801
chr20	61061685	rs6071469
chr20	61062065	rs4423667
chr20	61062486	rs2865973
chr20	61062583	rs911153
chr20	61062861	rs2180683
chr20	61062886	rs2093154
chr20	61063800	rs6129032
chr20	61065554	rs2145268
chr20	61065674	rs13040003
chr20	61066533	rs4239684
chr20	61067830	rs6129035
chr20	61068035	rs6129036
chr20	61068594	rs6093059
chr20	61068675	rs4812260
chr20	61068729	rs12624859
chr20	61069423	rs6071471
chr20	61069725	rs6124064
chr20	61071453	rs6124066
chr20	61073336	rs4810220
chr20	61073594	rs6028012
chr20	61075100	rs1202135
chr20	61075671	rs715064
chr20	61078297	rs6015914
chr20	61080859	rs17806055
chr20	61082443	rs16984669
chr20	61083948	rs17732296
chr20	61084232	rs6071477
chr20	61085348	rs6071480
chr20	61086606	rs6028015
chr20	61087113	rs17805055
chr20	61087207	rs6071483
chr20	61093750	rs6028018
chr20	61097280	rs6071488
chr20	61103042	rs4812268
chr20	61103637	rs13037047
chr20	61106742	rs1555350
chr20	61109525	rs6071491
chr20	61110088	rs17732362
chr20	61110612	rs16984694
chr20	61111161	rs6071492
chr20	61114244	rs6101230
chr20	61116107	rs2057287
chr20	61117210	rs2093140
chr20	61118227	rs751722
chr20	61118530	rs729681
chr20	61120407	rs11696876
chr20	61121342	rs6071498
chr20	61122464	rs6071499
chr20	61122734	rs1358798
chr20	61124043	rs6015922
chr20	61125748	rs1535263
chr20	61126106	rs6071502
chr20	61126931	rs6071503
chr20	61126953	rs6015923
chr20	61128862	rs10854214
chr20	61128958	rs10854215
chr20	61130107	rs6065052
chr20	61130278	rs1555349
chr20	61130529	rs17805193
chr20	61132908	rs16984735
chr20	61133709	rs2281572
chr20	61135467	rs1407008
chr20	61135942	rs17732504
chr20	61136255	rs13043434
chr20	61137005	rs1321413
chr20	61138574	rs1115739
chr20	61146052	rs8115323
chr20	61148101	rs6093063
chr20	61149665	rs2865998
chr20	61155518	rs1040782
chr20	61159797	rs17805414
chr20	61160447	rs6028053
chr20	61160663	rs6015928
chr20	61162532	rs6071519
chr20	61162950	rs6101248
chr20	61164570	rs6065062
chr20	61166469	rs17805522
chr20	61168295	rs6071527
chr20	61170740	rs4810223
chr20	61171165	rs1573092
chr20	61173649	rs13045246
chr20	61175517	rs6129065
chr20	61177706	rs817684
chr20	61178031	rs817685
chr20	61178256	rs817686
chr20	61178299	rs817687
chr20	61179529	rs817689
chr20	61180584	rs817691
chr20	61180595	rs817692
chr20	61180921	rs817693
chr20	61181515	rs817695
chr20	61182167	rs817697
chr20	61183865	rs817699
chr20	61184733	rs6124072
chr20	61184987	rs6129067
chr20	61187161	rs817701
chr20	61190239	rs860148
chr20	61190542	rs4812276
chr20	61195885	rs2426971
chr20	61195949	rs2426972
chr20	61196332	rs2426973
chr20	61196917	rs2426976
chr20	61197039	rs2426977
chr20	61198732	rs6071539
chr20	61199507	rs6015933
chr20	61201518	rs1884854
chr20	61201699	rs13043736
chr20	61202817	rs2426983
chr20	61203356	rs4810224
chr20	61205923	rs12185798
chr20	61205941	rs7272034
chr20	61206427	rs7273633
chr20	61209888	rs1857195
chr20	61210070	rs16984837
chr20	61210361	rs2426984
chr20	61210416	rs2426985
chr20	61210636	rs6124074
chr20	61210979	rs1857196
chr20	61211167	rs1857197
chr20	61211311	rs2426986
chr20	61211411	rs2426987
chr20	61212228	rs2426988
chr20	61212947	rs2426990
chr20	61216486	rs11906985
chr20	61221161	rs6065074
chr20	61222512	rs6101269
chr20	61223362	rs2426993
chr20	61223634	rs6101271
chr20	61225004	rs6015934
chr20	61225072	rs6129079
chr20	61226365	rs6028076
chr20	61227102	rs13040255
chr20	61227410	rs6093073
chr20	61227693	rs2427000
chr20	61228105	rs1891490
chr20	61228576	rs17204046
chr20	61229422	rs6028080
chr20	61232006	rs6101275
chr20	61233003	rs2003890
chr20	61235668	rs2427006
chr20	61252058	rs6093080
chr20	61254791	rs3752252
chr20	61255420	rs2427016
chr20	61257735	rs6065080
chr20	61259150	rs6101282
chr20	61259440	rs6101283
chr20	61259538	rs4812286
chr20	61261333	rs6101284
chr20	61261906	rs1106437
chr20	61269521	rs4812289
chr20	61272013	rs17204158
chr20	61272215	rs6071562
chr20	61277323	rs6129090
chr20	61278882	rs1970546
chr20	61279140	rs4347903
chr20	61282696	rs12626084
chr20	61285036	rs7264432
chr20	61285252	rs8125266
chr20	61285560	rs6129092
chr20	61286661	rs6015940
chr20	61286685	rs2427028
chr20	61287213	rs6065084
chr20	61288916	rs2427032
chr20	61288970	rs6065085
chr20	61291117	rs2427034
chr20	61293350	rs2427037
chr20	61295317	rs2427043
chr20	61296547	rs6071574
chr20	61296688	rs2427045
chr20	61298112	rs2427049
chr20	61302306	rs2427059
chr20	61303211	rs3974885
chr20	61303843	rs3893405
chr20	61305810	rs6129093
chr20	61306215	rs2427064
chr20	61307716	rs13036627
chr20	61309048	rs6028098
chr20	61309762	rs2427065
chr20	61311096	rs6028103
chr20	61311123	rs6015945
chr20	61315241	rs2427071
chr20	61315530	rs8118581
chr20	61316944	rs6065089
chr20	61318289	rs6028110
chr20	61318326	rs2427077
chr20	61320231	rs6124082
chr20	61320507	rs2427078
chr20	61322106	rs6028113
chr20	61322915	rs2427081
chr20	61322923	rs2427082
chr20	61323953	rs6101310
chr20	61326467	rs6015949
chr20	61326835	rs6124083
chr20	61330573	rs4812306
chr20	61330782	rs4812308
chr20	61338076	rs6101320
chr20	61340000	rs12625818
chr20	61342022	rs6015950
chr20	61343970	rs6513576
chr20	61344105	rs6513577
chr20	61344834	rs12624815
chr20	61344942	rs12624833
chr20	61344968	rs6071592
chr20	61345073	rs6015951
chr20	61345391	rs6015953
chr20	61346059	rs13045809
chr20	61348639	rs6028144
chr20	61349202	rs6124086
chr20	61349703	rs11908477
chr20	61351050	rs6028146
chr20	61351265	rs4812314
chr20	61351395	rs6028147
chr20	61352949	rs11698886
chr20	61353181	rs4468878
chr20	61360156	rs28698842
chr20	61366268	rs28374854
chr20	61371301	rs6142801
chr20	61371988	rs4925189
chr20	61372918	rs12479463
chr20	61377357	rs11697696
chr20	61377912	rs6062165
chr20	61379326	rs6121392
chr20	61379979	rs8117398
chr20	61380012	rs8126117
chr20	61380622	rs4541305
chr20	61382133	rs8121037
chr20	61382853	rs6121420
chr20	61386276	rs6061629
chr20	61386617	rs6121432
chr20	61388053	rs4925253
chr20	61392705	rs4925258
chr20	61392729	rs6061663
chr20	61393409	rs6061668
chr20	61394476	rs6089247
chr20	61396230	rs6142812
chr20	61396744	rs2186112
chr20	61397486	rs6061302
chr20	61397832	rs6142819
chr20	61397882	rs6089455
chr20	61398232	rs16985082
chr20	61399076	rs11204440
chr20	61399716	rs6061720
chr20	61399992	rs6061722
chr20	61400905	rs12625685
chr20	61401785	rs6121762
chr20	61401946	rs6121764
chr20	61401980	rs4632434
chr20	61403031	rs1317385
chr20	61403700	rs1892320
chr20	61404298	rs6061764
chr20	61404439	rs6142835
chr20	61406011	rs6061779
chr20	61408219	rs1891778
chr20	61409871	rs11204447
chr20	61410188	rs11906280
chr20	61410465	rs6142860
chr20	61411112	rs2798591
chr20	61411413	rs2252268
chr20	61413013	rs1892318
chr20	61413120	rs6587270
chr20	61414338	rs2252671
chr20	61414583	rs2252678
chr20	61416535	rs1892317
chr20	61418843	rs6061373
chr20	61419112	rs2427086
chr20	61421576	rs2427088
chr20	61422625	rs2427090
chr20	61424972	rs6121849
chr20	61428019	rs6089565
chr20	61428364	rs1892313
chr20	61429112	rs1892312
chr20	61430169	rs2427094
chr20	61430651	rs1892311
chr20	61434074	rs2282017
chr20	61435109	rs6089616
chr20	61435561	rs6061402
chr20	61436301	rs6089621
chr20	61437116	rs6089314
chr20	61437265	rs6089315
chr20	61437807	rs6089629
chr20	61437889	rs6121882
chr20	61438545	rs6061412
chr20	61438584	rs6062000
chr20	61441883	rs6062044
chr20	61443617	rs2427101
chr20	61447104	rs2427104
chr20	61447694	rs6089669
chr20	61448474	rs4925349
chr20	61449920	rs6062121
chr20	61450991	rs2427106
chr20	61452453	rs17734201
chr20	61453200	rs12479835
chr20	61459447	rs2186111
chr20	61462010	rs1028905
chr20	61462466	rs6143018
chr20	61467194	rs1328758
chr20	61475792	rs2427124
chr20	61477833	rs6061543
chr20	61478178	rs2149481
chr20	61481359	rs2245193
chr20	61482224	rs4925249
chr20	61482355	rs1001583
chr20	61489913	rs2427130
chr20	61490062	rs2427131
chr20	61490099	rs2427132
chr20	61494805	rs6089402
chr20	61498270	rs6089403
chr20	61505375	rs2427142
chr20	61507526	rs1571433
chr20	61511162	rs2427145
chr20	61511722	rs2427147
chr20	61516350	rs2427158
chr20	61521300	rs6089236
chr20	61522073	rs767725
chr20	61522841	rs6061595
chr20	61523459	rs6061265
chr20	61524088	rs1041274
chr20	61524476	rs2026023
chr20	61526898	rs6121666
chr20	61527190	rs6121424
chr20	61528660	rs6061598
chr20	61529603	rs6061602
chr20	61532516	rs6061612
chr20	61536687	rs6142655
chr20	61538219	rs7262667
chr20	61539274	rs6061276
chr20	61540227	rs6121428
chr20	61541551	rs6142656
chr20	61541728	rs6061279
chr20	61544268	rs6061633
chr20	61545577	rs13044720
chr20	61546939	rs13045910
chr20	61550971	rs8126196
chr20	61551101	rs13045227
chr20	61553367	rs7271829
chr20	61553396	rs7274761
chr20	61561028	rs1937318
chr20	61561070	rs1937317
chr20	61565502	rs7343474
chr20	61566314	rs2249274
chr20	61567399	rs2252164
chr20	61569296	rs2252412
chr20	61569404	rs2387106
chr20	61569562	rs2387105
chr20	61569777	rs6121693
chr20	61572088	rs2252809
chr20	61572804	rs2185916
chr20	61573169	rs4331590
chr20	61573212	rs2252915
chr20	61575042	rs7263235
chr20	61575765	rs2253214
chr20	61576244	rs6142800
chr20	61576830	rs2253331
chr20	61577204	rs6089240
chr20	61577590	rs16985267
chr20	61578746	rs6121706
chr20	61578836	rs6121707
chr20	61583713	rs6121709
chr20	61583823	rs873862
chr20	61583873	rs2007343
chr20	61590949	rs2243597
chr20	61592662	rs2253803
chr20	61593736	rs12329418
chr20	61595238	rs6121716
chr20	61595535	rs1535143
chr20	61597406	rs944243
chr20	61600666	rs2207542
chr20	61601871	rs2427170
chr20	61603160	rs2427173
chr20	61603288	rs2427176
chr20	61604476	rs6121722
chr20	61604615	rs12162444
chr20	61605068	rs2207541
chr20	61607597	rs877698
chr20	61609191	rs6121726
chr20	61609954	rs4925259
chr20	61616202	rs2427188
chr20	61617105	rs4925260
chr20	61617589	rs2427189
chr20	61619865	rs6089437
chr20	61621027	rs6061675
chr20	61623010	rs6061677
chr20	61624035	rs944240
chr20	61626965	rs6089251
chr20	61629624	rs2427198
chr20	61629849	rs6121731
chr20	61632345	rs2427204
chr20	61636279	rs944273
chr20	61639145	rs2427215
chr20	61639158	rs2427216
chr20	61639511	rs944269
chr20	61639623	rs944268
chr20	61640168	rs6142813
chr20	61642199	rs11204437
chr20	61643148	rs1535140
chr20	61644427	rs944263
chr20	61645897	rs2245976
chr20	61647346	rs6061692
chr20	61647832	rs6061299
chr20	61649441	rs6061693
chr20	61649549	rs6089452
chr20	61651443	rs6061698
chr20	61655233	rs1006644
chr20	61656669	rs6142821
chr20	61657593	rs2210112
chr20	61657619	rs2210111
chr20	61657931	rs949823
chr20	61660620	rs6142824
chr20	61661895	rs6089457
chr20	61664217	rs2236415
chr20	61664451	rs2236414
chr20	61665867	rs6089257
chr20	61666096	rs6061715
chr20	61666446	rs6061716
chr20	61667846	rs944261
chr20	61668355	rs944260
chr20	61668780	rs1122269
chr20	61670752	rs1011414
chr20	61670804	rs1011415
chr20	61672494	rs944259
chr20	61679876	rs6061727
chr20	61680709	rs6142828
chr20	61680852	rs6142829
chr20	61681034	rs4925193
chr20	61683410	rs4925269
chr20	61687167	rs6061740
chr20	61687687	rs6142830
chr20	61687805	rs16985448
chr20	61689180	rs35483600
chr20	61693013	rs12479878
chr20	61693070	rs6089475
chr20	61693762	rs16985459
chr20	61694731	rs6061315
chr20	61695802	rs2026162
chr20	61699473	rs11700340
chr20	61700233	rs6089264
chr20	61700303	rs6089265
chr20	61701338	rs6089477
chr20	61701511	rs11699087
chr20	61701907	rs6089479
chr20	61704123	rs6061755
chr20	61706180	rs6061756
chr20	61706435	rs6061321
chr20	61707906	rs868544
chr20	61709642	rs944252
chr20	61713053	rs6061326
chr20	61713452	rs6061762
chr20	61713822	rs6089485
chr20	61716605	rs2386946
chr20	61717417	rs6061328
chr20	61717807	rs8121433
chr20	61718212	rs4401276
chr20	61718449	rs6121460
chr20	61718507	rs16985493
chr20	61718613	rs944267
chr20	61718863	rs2892179
chr20	61719223	rs4925275
chr20	61719240	rs4925196
chr20	61719332	rs6089489
chr20	61719595	rs2183432
chr20	61719737	rs2150130
chr20	61719808	rs2150129
chr20	61720009	rs12479798
chr20	61721283	rs2104778
chr20	61721678	rs6089491
chr20	61722603	rs6061766
chr20	61723194	rs6089493
chr20	61723227	rs8124924
chr20	61723592	rs11204444
chr20	61729105	rs6089498
chr20	61729767	rs6061336
chr20	61729784	rs6061772
chr20	61730952	rs2104776
chr20	61731234	rs6142844
chr20	61733195	rs944248
chr20	61733789	rs6121786
chr20	61734496	rs6121788
chr20	61734913	rs6121791
chr20	61736145	rs1110359
chr20	61737331	rs6121796
chr20	61738436	rs868865
chr20	61740173	rs6061782
chr20	61740212	rs6061343
chr20	61740650	rs16985539
chr20	61740822	rs6061784
chr20	61742162	rs7274662
chr20	61742478	rs7267654
chr20	61743138	rs6061789
chr20	61743485	rs7269764
chr20	61744949	rs2026164
chr20	61745650	rs882898
chr20	61749475	rs4925278
chr20	61750760	rs6142678
chr20	61751145	rs11699916
chr20	61752814	rs6142849
chr20	61755857	rs1888233
chr20	61758177	rs6061348
chr20	61758463	rs17810651
chr20	61759516	rs11907843
chr20	61760858	rs6061805
chr20	61762206	rs2150128
chr20	61762696	rs6061807
chr20	61762970	rs6061350
chr20	61763410	rs1539470
chr20	61763458	rs12480265
chr20	61763634	rs6142681
chr20	61764268	rs6142852
chr20	61768516	rs6061815
chr20	61768569	rs11697808
chr20	61769658	rs6061816
chr20	61774407	rs13044181
chr20	61775309	rs16985567
chr20	61775932	rs7263907
chr20	61776756	rs4925281
chr20	61777097	rs4925286
chr20	61779975	rs884938
chr20	61781074	rs6142859
chr20	61781353	rs2096230
chr20	61786016	rs871752
chr20	61787211	rs1891574
chr20	61787748	rs877453
chr20	61790023	rs11907516
chr20	61791544	rs16985602
chr20	61791877	rs2386937
chr20	61793530	rs6142866
chr20	61794529	rs6061823
chr20	61794712	rs6061358
chr20	61798608	rs13040477
chr20	61799343	rs17749002
chr20	61801114	rs6089509
chr20	61801339	rs6061831
chr20	61801971	rs6142869
chr20	61802368	rs6089510
chr20	61802573	rs1891573
chr20	61802932	rs4925290
chr20	61803263	rs4925292
chr20	61803715	rs12480201
chr20	61804394	rs6061361
chr20	61804404	rs7261426
chr20	61804662	rs6061834
chr20	61805631	rs16985610
chr20	61806691	rs13038896
chr20	61806743	rs4925295
chr20	61814170	rs1418796
chr20	61814790	rs2153934
chr20	61817605	rs13040920
chr20	61817685	rs13042362
chr20	61819491	rs1418795
chr20	61821026	rs13040020
chr20	61823748	rs6061845
chr20	61827222	rs6121814
chr20	61831515	rs6061364
chr20	61834745	rs6061366
chr20	61846113	rs17811544
chr20	61847174	rs6142875
chr20	61849980	rs1557186
chr20	61850561	rs4925304
chr20	61855871	rs6089519
chr20	61860426	rs6121817
chr20	61866795	rs1557184
chr20	61866825	rs1557183
chr20	61869111	rs6089533
chr20	61870141	rs2066422
chr20	61870224	rs16985676
chr20	61870499	rs13044124
chr20	61871156	rs8114770
chr20	61873619	rs3829689
chr20	61874739	rs6121823
chr20	61875738	rs11908250
chr20	61876087	rs4925202
chr20	61876542	rs4925203
chr20	61880936	rs12479780
chr20	61881019	rs2153932
chr20	61882222	rs6089537
chr20	61882443	rs6121828
chr20	61883185	rs6089541
chr20	61892196	rs1740362
chr20	61892216	rs4925207
chr20	61892804	rs6089291
chr20	61899874	rs1776244
chr20	61900036	rs3787405
chr20	61901104	rs2427234
chr20	61901897	rs6121838
chr20	61905998	rs3787412
chr20	61908163	rs1740356
chr20	61908376	rs16985703
chr20	61910571	rs2427240
chr20	61911147	rs1321165
chr20	61911897	rs6061384
chr20	61912807	rs12151897
chr20	61914636	rs1776234
chr20	61914926	rs6121844
chr20	61916311	rs12480985
chr20	61917439	rs2427242
chr20	61918008	rs6061892
chr20	61922036	rs1740371
chr20	61922523	rs1617504
chr20	61924766	rs2236070
chr20	61924895	rs6089553
chr20	61928292	rs6142884
chr20	61928707	rs17749762
chr20	61928981	rs6121850
chr20	61929031	rs6089556
chr20	61930469	rs6061903
chr20	61934639	rs4925317
chr20	61934821	rs4925318
chr20	61935279	rs2153936
chr20	61936132	rs6142886
chr20	61936676	rs4925209
chr20	61936679	rs4925323
chr20	61936802	rs3761221
chr20	61938250	rs1891582
chr20	61939168	rs4925325
chr20	61940219	rs4925210
chr20	61940764	rs1776263
chr20	61940967	rs1776262
chr20	61949355	rs6142898
chr20	61952908	rs1776255
chr20	61958456	rs6061921
chr20	61958481	rs6142900
chr20	61958659	rs6089568
chr20	61958837	rs6061393
chr20	61961279	rs6142901
chr20	61963222	rs6061928
chr20	61963505	rs6061396
chr20	61963596	rs6089573
chr20	61973881	rs28382138
chr20	61975026	rs1046137
chr20	61976621	rs3787421
chr20	61981178	rs6142696
chr20	61988568	rs6089583
chr20	61990741	rs6089303
chr20	61995492	rs6089591
chr20	61997256	rs6089593
chr20	61997607	rs2296081
chr20	61998927	rs2296082
chr20	61999160	rs2296083
chr20	62000774	rs2281733
chr20	62001139	rs17750066
chr20	62001936	rs6089599
chr20	62002542	rs7270666
chr20	62005993	rs1886007
chr20	62008892	rs2296085
chr20	62009304	rs2296088
chr20	62009692	rs11697597
chr20	62011419	rs6061952
chr20	62016028	rs6089608
chr20	62018340	rs6061956
chr20	62019830	rs6142922
chr20	62023004	rs8121843
chr20	62026808	rs6061961
chr20	62028437	rs6142925
chr20	62030792	rs6142927
chr20	62031307	rs927589
chr20	62035189	rs6061972
chr20	62037705	rs1473739
chr20	62040548	rs6061978
chr20	62041977	rs6061405
chr20	62046948	rs7274240
chr20	62047761	rs2181589
chr20	62047787	rs2181590
chr20	62048212	rs11699442
chr20	62056261	rs744777
chr20	62056309	rs744778
chr20	62062373	rs6061999
chr20	62062581	rs4925337
chr20	62063777	rs6142941
chr20	62074222	rs6061414
chr20	62075473	rs6062014
chr20	62083348	rs6142710
chr20	62087030	rs6142711
chr20	62087365	rs6062036
chr20	62087758	rs6089643
chr20	62097586	rs13043478
chr20	62097608	rs4925343
chr20	62098009	rs6142946
chr20	62105222	rs1535669
chr20	62108303	rs6142950
chr20	62110293	rs6142952
chr20	62113063	rs6062064
chr20	62116015	rs6061434
chr20	62117442	rs6121514
chr20	62125498	rs4538273
chr20	62131984	rs2038687
chr20	62132359	rs6062074
chr20	62135507	rs2057170
chr20	62135753	rs2180059
chr20	62135988	rs6089661
chr20	62136019	rs17812169
chr20	62136161	rs6089662
chr20	62137228	rs2057169
chr20	62137291	rs2057168
chr20	62137455	rs2281740
chr20	62138276	rs1135961
chr20	62148932	rs2427254
chr20	62149852	rs2427258
chr20	62152469	rs6062088
chr20	62152820	rs1407959
chr20	62152982	rs2021309
chr20	62153711	rs2427267
chr20	62153759	rs2427268
chr20	62158583	rs6142963
chr20	62160042	rs6121926
chr20	62165306	rs6142964
chr20	62165391	rs2295208
chr20	62165874	rs6121933
chr20	62166337	rs6061445
chr20	62166541	rs6062098
chr20	62166576	rs6062099
chr20	62168137	rs6121935
chr20	62168853	rs6062103
chr20	62171404	rs6062109
chr20	62171557	rs6062110
chr20	62173160	rs6061450
chr20	62174127	rs6142969
chr20	62175120	rs6121526
chr20	62175801	rs6142970
chr20	62182433	rs1056885
chr20	62185749	rs13037893
chr20	62187142	rs6062129
chr20	62188341	rs6121949
chr20	62190366	rs6062130
chr20	62191543	rs6062131
chr20	62193441	rs2236527
chr20	62197527	rs4925354
chr20	62198979	rs6142990
chr20	62200440	rs1739591
chr20	62201126	rs1054885
chr20	62201219	rs2184161
chr20	62201388	rs2151511
chr20	62202014	rs2144279
chr20	62202176	rs6061457
chr20	62203152	rs1047154
chr20	62203169	rs1047156
chr20	62203245	rs1047164
chr20	62206517	rs6061458
chr20	62210453	rs6142728
chr20	62211663	rs6089691
chr20	62213914	rs1739587
chr20	62216348	rs3787429
chr20	62216366	rs3787430
chr20	62216973	rs1739583
chr20	62222502	rs1615746
chr20	62223256	rs6587299
chr20	62224743	rs944887
chr20	62230927	rs11204467
chr20	62231524	rs1739592
chr20	62232970	rs6089695
chr20	62233610	rs1739584
chr20	62234756	rs746138
chr20	62236465	rs4142484
chr20	62237789	rs6089336
chr20	62240390	rs6089701
chr20	62244641	rs4925223
chr20	62250539	rs6062168
chr20	62251748	rs6143006
chr20	62256244	rs6089706
chr20	62257011	rs3787432
chr20	62258814	rs3787433
chr20	62258844	rs3787434
chr20	62262691	rs3787435
chr20	62263060	rs3787436
chr20	62263244	rs3818745
chr20	62267877	rs6062177
chr20	62272030	rs2297594
chr20	62273292	rs2236526
chr20	62275386	rs6061477
chr20	62283861	rs2274937
chr20	62285888	rs4925368
chr20	62286005	rs6089342
chr20	62286726	rs2297592
chr20	62287334	rs6089343
chr20	62292535	rs4925370
chr20	62292725	rs4925371
chr20	62294624	rs6121980
chr20	62299916	rs6062203
chr20	62304172	rs6062207
chr20	62306274	rs2427273
chr20	62306724	rs2427275
chr20	62312525	rs944895
chr20	62315319	rs6062210
chr20	62315508	rs6089729
chr20	62315752	rs2236522
chr20	62319380	rs2297589
chr20	62319414	rs2297588
chr20	62324150	rs2427283
chr20	62325425	rs2427284
chr20	62325523	rs2427285
chr20	62326930	rs875379
chr20	62327333	rs944893
chr20	62329797	rs2427286
chr20	62331766	rs6121540
chr20	62337061	rs3810550
chr20	62337627	rs2427289
chr20	62338071	rs8124907
chr20	62344207	rs6121990
chr20	62344904	rs6142738
chr20	62345644	rs6143035
chr20	62345988	rs4925386
chr20	62346587	rs4925229
chr20	62347456	rs4925389
chr20	62348076	rs1889200
chr20	62351167	rs639836
chr20	62352293	rs483876
chr20	62352356	rs624313
chr20	62359891	rs11698467
chr20	62362541	rs477859
chr20	62366004	rs493809
chr20	62368735	rs3810552
chr20	62369747	rs6089354
chr20	62370554	rs624019
chr20	62371181	rs2427300
chr20	62378340	rs6061501
chr20	62381861	rs6061231
chr20	62383213	rs13043313
chr20	62386215	rs6121557
chr20	62386309	rs6121558
chr20	62387568	rs755726
chr20	62387887	rs1043008
chr20	62388438	rs6089356
chr20	62389008	rs8668
chr20	62389066	rs747949
chr20	62389245	rs747948
chr20	62389573	rs6121396
chr20	62389801	rs13043447
chr20	62390530	rs11697527
chr20	62391262	rs6089219
chr20	62391630	rs2427307
chr20	62392885	rs11698818
chr20	62393540	rs1570027
chr20	62394547	rs2064829
chr20	62395067	rs2427311
chr20	62396271	rs748037
chr20	62400494	rs7362041
chr20	62400843	rs6089360
chr20	62400976	rs1570026
chr20	62403305	rs1570024
chr20	62406099	rs2427323
chr20	62408917	rs7262524
chr20	62410665	rs6061519
chr20	62410963	rs2236200
chr20	62411193	rs1570023
chr20	62415019	rs911078
chr20	62417346	rs6061521
chr20	62421984	rs6121588
chr20	62422274	rs12151878
chr20	62429086	rs13045292
chr20	62431058	rs6089369
chr20	62431349	rs1109400
chr20	62431508	rs4925238
chr20	62432324	rs4925239
chr20	62433481	rs2427339
chr20	62433564	rs2427340
chr20	62437261	rs4404353
chr20	62439380	rs8115352
chr20	62439434	rs6142760
chr20	62439625	rs1321353
chr20	62439711	rs11905355
chr20	62439797	rs11906647
chr20	62440555	rs2427345
chr20	62440763	rs6142761
chr20	62441942	rs6089374
chr20	62442206	rs10460672
chr20	62442999	rs2427348
chr20	62443209	rs6061531
chr20	62444081	rs2427350
chr20	62444168	rs7269516
chr20	62444316	rs7263141
chr20	62448564	rs6061535
chr20	62449006	rs2427355
chr20	62449442	rs6142769
chr20	62449724	rs8122582
chr20	62449767	rs6587235
chr20	62452798	rs4925245
chr20	62453930	rs932570
chr20	62457638	rs6089382
chr20	62462434	rs4925184
chr20	62463266	rs6121609
chr20	62464287	rs7344065
chr20	62465895	rs6587239
chr20	62466850	rs6121611
chr20	62469171	rs6061245
chr20	62470518	rs8125731
chr20	62472409	rs11204426
chr20	62473875	rs6061247
chr20	62483744	rs6142777
chr20	62484674	rs6061559
chr20	62490138	rs6121620
chr20	62496697	rs7270007
chr20	62507884	rs6089232
chr20	62513110	rs6061574
chr20	62515933	rs4438563
chr20	62544774	rs6062284
chr20	62546280	rs3934574
chr20	62547734	rs6062278
chr20	62547989	rs12479469
chr20	62548390	rs6062277
chr20	62548632	rs6089754
chr20	62549702	rs6062275
chr20	62552488	rs6062238
chr20	62555115	rs8122282
chr20	62556158	rs6062267
chr20	62557387	rs6089741
chr20	62557434	rs6062266
chr20	62557664	rs6062264
chr20	62558309	rs6062261
chr20	62559739	rs6122011
chr20	62560654	rs6089746
chr20	62561663	rs4246446
chr20	62561745	rs11906462
chr20	62563044	rs6062235
chr20	62564039	rs4969531
chr20	62566815	rs4072474
chr20	62567546	rs11698727
chr20	62569333	rs6062234
chr20	62572472	rs4487162
chr20	62572896	rs4635599
chr20	62573201	rs4619692
chr20	62573912	rs4073274
chr20	62573974	rs4073275
chr20	62574909	rs4073276
chr20	62575867	rs6089756
chr20	62577150	rs3813452
chr20	62577283	rs3813451
chr20	62578294	rs4969533
chr20	62581786	rs28709422
chr20	62589181	rs28687169
chr20	62607606	rs34746414
chr20	62610295	rs28721911
chr20	62611774	rs28412839
chr20	62611907	rs28688675
chr20	62612058	rs28477620
chr20	62612130	rs28690399
chr20	62612739	rs28754294
chr20	62614595	rs28643289
chr20	62615245	rs28593232
chr20	62637996	rs7508777
chr20	62638388	rs2313060
chr20	62641206	rs6011896
chr20	62643712	rs4239643
chr20	62648628	rs6062689
chr20	62649310	rs2427363
chr20	62649373	rs2427364
chr20	62655820	rs17311216
chr20	62657003	rs3195701
chr20	62657887	rs2427368
chr20	62658391	rs2236553
chr20	62659008	rs872626
chr20	62663063	rs2282314
chr20	62667614	rs2258022
chr20	62668173	rs34985812
chr20	62670503	rs12481701
chr20	62671158	rs6062771
chr20	62671652	rs3787538
chr20	62672214	rs1055196
chr20	62672227	rs4809464
chr20	62672463	rs6010817
chr20	62673872	rs13037534
chr20	62673928	rs2427372
chr20	62674584	rs6062400
chr20	62676078	rs4809480
chr20	62678188	rs2185089
chr20	62678718	rs7266121
chr20	62680641	rs2313152
chr20	62682154	rs6011628
chr20	62682983	rs2427379
chr20	62683071	rs6089848
chr20	62683154	rs16983163
chr20	62683433	rs2427381
chr20	62683890	rs6010862
chr20	62685881	rs6062833
chr20	62686291	rs4809499
chr20	62687483	rs16983165
chr20	62688263	rs2427385
chr20	62690666	rs6062847
chr20	62691145	rs6062419
chr20	62692066	rs3848678
chr20	62692277	rs4809510
chr20	62692531	rs2427386
chr20	62692755	rs6010880
chr20	62693306	rs16983173
chr20	62693649	rs16983176
chr20	62693871	rs6062862
chr20	62694924	rs2427393
chr20	62695028	rs2427394
chr20	62695284	rs13036933
chr20	62695794	rs6090338
chr20	62696614	rs4081327
chr20	62698759	rs6011725
chr20	62700093	rs2427399
chr20	62704323	rs2427400
chr20	62704738	rs4809545
chr20	62705007	rs6090388
chr20	62707832	rs3810458
chr20	62709934	rs3746780
chr20	62713232	rs2427401
chr20	62716379	rs2427402
chr20	62717268	rs2427407
chr20	62717609	rs8126434
chr20	62718738	rs6062460
chr20	62718930	rs2427408
chr20	62719733	rs6062957
chr20	62720438	rs7271253
chr20	62722169	rs3787535
chr20	62722783	rs2427412
chr20	62727649	rs6089930
chr20	62727850	rs6011913
chr20	62728451	rs11907898
chr20	62728950	rs6011917
chr20	62732370	rs2427427
chr20	62735105	rs2427430
chr20	62738120	rs3915568
chr20	62742842	rs3827144
chr20	62743816	rs16983213
chr20	62744224	rs11907465
chr20	62744775	rs11907547
chr20	62746339	rs3787524
chr20	62749866	rs6010666
chr20	62751315	rs2243399
chr20	62752691	rs856934
chr20	62753374	rs3787521
chr20	62754435	rs856937
chr20	62756052	rs2249938
chr20	62760625	rs746192
chr20	62762521	rs2427444
chr20	62763489	rs2427445
chr20	62763809	rs2427448
chr20	62768210	rs6089784
chr20	62768472	rs12626156
chr20	62770913	rs6011255
chr20	62773033	rs6011263
chr20	62774238	rs856945
chr20	62775532	rs708629
chr20	62775724	rs856952
chr20	62776055	rs11700217
chr20	62778749	rs6011294
chr20	62780821	rs856965
chr20	62787130	rs702211
chr20	62788627	rs33992134
chr20	62788711	rs708628
chr20	62788926	rs708627
chr20	62790324	rs4549158
chr20	62791008	rs6062670
chr20	62792725	rs6122279
chr20	62793646	rs3848676
chr20	62795733	rs6011380
chr20	62797470	rs2273077
chr20	62797792	rs6010746
chr20	62799899	rs11554807
chr20	62800151	rs7396
chr20	62801376	rs6090117
chr20	62803695	rs11700192
chr20	62808356	rs760276
chr20	62808489	rs11905838
chr20	62810445	rs2277771
chr20	62811009	rs6011399
chr20	62811644	rs2075775
chr20	62812195	rs2075776
chr20	62813960	rs1048802
chr20	62814660	rs910151
chr20	62814690	rs754979
chr20	62816407	rs6122316
chr20	62821996	rs8114983
chr20	62831045	rs12481719
chr20	62831857	rs760084
chr20	62832149	rs741758
chr20	62832832	rs1018439
chr20	62834516	rs959581
chr20	62836349	rs3765462
chr20	62836448	rs760087
chr20	62836633	rs6010757
chr20	62839373	rs4809261
chr20	62840721	rs1048100
chr20	62841034	rs3664
chr20	62841244	rs1046789
chr20	62846860	rs6011419
chr20	62847542	rs16983290
chr20	62847704	rs16983293
chr20	62850289	rs4809425
chr20	62850747	rs4809426
chr20	62853771	rs16983302
chr20	62853859	rs3765463
chr20	62857433	rs2294996
chr20	62862873	rs6010770
chr20	62865662	rs6011430
chr20	62868777	rs6062729
chr20	62871053	rs6062378
chr20	62872486	rs17322803
chr20	62873233	rs12479676
chr20	62873373	rs6090149
chr20	62875111	rs6062734
chr20	62875723	rs747680
chr20	62876389	rs1077418
chr20	62876627	rs6090150
chr20	62882518	rs6011442
chr20	62886595	rs6512322
chr20	62887128	rs6010777
chr20	62887690	rs1056984
chr20	62888636	rs3746766
chr20	62889831	rs6090153
chr20	62890163	rs2273083
chr20	62890667	rs6010778
chr20	62891473	rs7265084
chr20	62891556	rs6089809
chr20	62892781	rs2294998
chr20	62893458	rs6512324
chr20	62894649	rs750079
chr20	62894671	rs1883846
chr20	62896026	rs6090155
chr20	62896211	rs2013097
chr20	62896919	rs1883847
chr20	62896954	rs1883848
chr20	62899230	rs6089810
chr20	62899372	rs6011456
chr20	62901239	rs6011458
chr20	62901258	rs13347176
chr20	62903724	rs3746762
chr20	62905586	rs2295000
chr20	62908967	rs6010784
chr20	62911511	rs11907248
chr20	62911968	rs11907335
chr20	62914394	rs17421307
chr20	62917269	rs6090162
chr20	62917850	rs13040088
chr20	62919954	rs6011473
chr20	62920158	rs4809436
chr20	62925419	rs6011478
chr20	62927423	rs910831
chr20	62929801	rs6010789
chr20	62932056	rs11905041
chr20	62935724	rs998086
chr20	62937465	rs6011489
chr20	62939856	rs1054866
chr20	62945295	rs17421774
chr20	62945425	rs1052826
chr20	62945923	rs2427452
chr20	62946163	rs2427453
chr20	62947258	rs3746755
chr20	62948206	rs9503
chr20	62948314	rs3746754
chr20	62951856	rs6011494
chr20	62954354	rs2093045
chr20	62954827	rs11086147
chr20	62956346	rs6062384
chr20	62956807	rs2245341
chr20	62957393	rs2427457
chr20	62959430	rs2427460
chr20	62960016	rs910934
chr20	62963001	rs3810459
chr20	62963081	rs3810460
chr20	62963141	rs3729555
chr20	62964284	rs2248900
chr20	62967222	rs3746751
chr20	62967379	rs7271712
chr20	62967547	rs3746750
chr20	62968122	rs1047126
chr20	62968838	rs4809437
chr20	62969479	rs1056011
chr20	62972795	rs11086148
chr20	62974417	rs11698778
chr20	62974966	rs4809440
chr20	62981276	rs8116164
chr20	62982821	rs6011516
chr20	62987670	rs6090188
chr20	62991362	rs4809267
chr20	62992636	rs2427474
chr20	62997618	rs4809448
chr20	62997987	rs6011526
chr20	62998692	rs6011527
chr20	62999363	rs2427479
chr20	62999513	rs4809449
chr20	63004698	rs6062766
chr20	63005663	rs13036434
chr20	63008412	rs11696859
chr20	63010496	rs6011530
chr20	63012978	rs4809452
chr20	63013534	rs882683
chr20	63016531	rs6062769
chr20	63019990	rs2427487
chr20	63020849	rs6011534
chr20	63022327	rs6011536
chr20	63033665	rs2872543
chr20	63034569	rs1060489
chr20	63034623	rs7273917
chr20	63035453	rs2277769
chr20	63035585	rs2277767
chr20	63036174	rs3746748
chr20	63036916	rs6062397
chr20	63037011	rs6090206
chr20	63037646	rs6089828
chr20	63037684	rs6089829
chr20	63040336	rs4809467
chr20	63046985	rs6011563
chr20	63047655	rs11698703
chr20	63051404	rs13043919
chr20	63053161	rs4809472
chr20	63057536	rs6062787
chr20	63057782	rs6122359
chr20	63062254	rs6062788
chr20	63065242	rs6011579
chr20	63065274	rs6011580
chr20	63070677	rs6062792
chr20	63071385	rs4809479
chr20	63074600	rs12625378
chr20	63074797	rs6090223
chr20	63077775	rs6010833
chr20	63081166	rs6090229
chr20	63081638	rs6011600
chr20	63083239	rs6010838
chr20	63084768	rs16983525
chr20	63084968	rs16983527
chr20	63086360	rs4809484
chr20	63086970	rs6010839
chr20	63087579	rs6011605
chr20	63089417	rs910928
chr20	63091056	rs1000122
chr20	63092769	rs2427491
chr20	63099468	rs6062808
chr20	63100275	rs6011613
chr20	63103951	rs750696
chr20	63106609	rs2427501
chr20	63106936	rs13044229
chr20	63107034	rs6090243
chr20	63107240	rs6011617
chr20	63107763	rs6090245
chr20	63107995	rs6122372
chr20	63110783	rs13042839
chr20	63112503	rs17333388
chr20	63112536	rs1884332
chr20	63112931	rs1884334
chr20	63113370	rs6011620
chr20	63114187	rs16983539
chr20	63115991	rs6122093
chr20	63116170	rs6010849
chr20	63118179	rs8116038
chr20	63118755	rs2427507
chr20	63122696	rs6090254
chr20	63124974	rs6011623
chr20	63127565	rs6062412
chr20	63130372	rs6010853
chr20	63132152	rs1474942
chr20	63136222	rs6089845
chr20	63142550	rs6011640
chr20	63144948	rs6062820
chr20	63145133	rs6062821
chr20	63148134	rs6090265
chr20	63154307	rs6122383
chr20	63155406	rs730477
chr20	63159264	rs2144456
chr20	63162426	rs6089850
chr20	63169555	rs6062830
chr20	63170649	rs6090272
chr20	63170873	rs6122389
chr20	63173912	rs6122390
chr20	63180368	rs2064611
chr20	63184521	rs6090277
chr20	63185200	rs3859580
chr20	63185599	rs6090280
chr20	63187398	rs6090283
chr20	63189716	rs4809500
chr20	63189820	rs6062841
chr20	63189912	rs6011654
chr20	63191806	rs4809501
chr20	63195172	rs6090289
chr20	63200865	rs6090295
chr20	63201448	rs8119244
chr20	63203343	rs6122103
chr20	63206207	rs6090300
chr20	63206523	rs6122104
chr20	63208233	rs6090305
chr20	63210908	rs6089861
chr20	63213444	rs6090309
chr20	63217271	rs6011668
chr20	63219211	rs6011670
chr20	63221277	rs6010873
chr20	63223100	rs6011674
chr20	63223716	rs1884328
chr20	63224538	rs1884330
chr20	63226200	rs6090314
chr20	63227699	rs6122403
chr20	63229751	rs6062422
chr20	63230948	rs6090317
chr20	63231874	rs2145164
chr20	63232289	rs1555337
chr20	63232603	rs11908424
chr20	63236102	rs6011691
chr20	63238474	rs2273487
chr20	63239113	rs1075557
chr20	63239870	rs2273492
chr20	63240957	rs6089866
chr20	63247598	rs872808
chr20	63247657	rs2236194
chr20	63248817	rs1129659
chr20	63249554	rs6010882
chr20	63249944	rs927081
chr20	63250510	rs6011700
chr20	63253450	rs6010884
chr20	63256203	rs910894
chr20	63256543	rs910892
chr20	63264557	rs720607
chr20	63264568	rs1406961
chr20	63265672	rs6089870
chr20	63267276	rs6089871
chr20	63268953	rs911064
chr20	63274836	rs6090339
chr20	63275723	rs6011712
chr20	63276267	rs927132
chr20	63277689	rs6011715
chr20	63280480	rs10211726
chr20	63283113	rs911065
chr20	63290180	rs1543449
chr20	63291805	rs4809284
chr20	63293072	rs6062879
chr20	63298665	rs4809526
chr20	63314407	rs755041
chr20	63315730	rs6011730
chr20	63318793	rs7265034
chr20	63323323	rs6062894
chr20	63328728	rs6010903
chr20	63331940	rs6122425
chr20	63332621	rs6062897
chr20	63333315	rs6011747
chr20	63335685	rs9680065
chr20	63337540	rs4603829
chr20	63338824	rs4809538
chr20	63343128	rs4522666
chr20	63344026	rs6090378
chr20	63346079	rs6011770
chr20	63347872	rs3787138
chr20	63349782	rs1044396
chr20	63350733	rs1044394
chr20	63357759	rs3787140
chr20	63362590	rs2093107
chr20	63362912	rs755203
chr20	63367956	rs6089899
chr20	63368317	rs4809295
chr20	63368850	rs735501
chr20	63377623	rs6090392
chr20	63383645	rs6122434
chr20	63387395	rs6011805
chr20	63392922	rs1535243
chr20	63396710	rs2038441
chr20	63396857	rs2038442
chr20	63396955	rs4809552
chr20	63397717	rs12625977
chr20	63398358	rs6010927
chr20	63399693	rs12624447
chr20	63400682	rs3746372
chr20	63401318	rs6122438
chr20	63401582	rs6090403
chr20	63402263	rs2281568
chr20	63402905	rs3746369
chr20	63403750	rs3746367
chr20	63409602	rs4809553
chr20	63413016	rs3787131
chr20	63417301	rs6089908
chr20	63417403	rs3895449
chr20	63418710	rs6011823
chr20	63420901	rs4809554
chr20	63422401	rs3893041
chr20	63424660	rs6062927
chr20	63427378	rs6062929
chr20	63428069	rs2270240
chr20	63434067	rs6011829
chr20	63434107	rs6011830
chr20	63434257	rs4809300
chr20	63435440	rs6122447
chr20	63438258	rs6089913
chr20	63439613	rs2297385
chr20	63444910	rs2297386
chr20	63446177	rs4809563
chr20	63447134	rs6062941
chr20	63449293	rs3746358
chr20	63460989	rs6122454
chr20	63466117	rs6010943
chr20	63467943	rs884851
chr20	63468033	rs914464
chr20	63469953	rs12624394
chr20	63470615	rs12481658
chr20	63474178	rs3761129
chr20	63477817	rs310602
chr20	63478052	rs3787116
chr20	63486165	rs8114282
chr20	63486715	rs1757779
chr20	63487768	rs1741621
chr20	63491583	rs1613590
chr20	63494946	rs2274860
chr20	63495392	rs2750395
chr20	63496168	rs310619
chr20	63497080	rs910948
chr20	63500266	rs1741615
chr20	63502196	rs1741611
chr20	63504849	rs8126334
chr20	63505066	rs8120195
chr20	63506002	rs1619876
chr20	63506110	rs1619011
chr20	63506295	rs10485825
chr20	63508440	rs1757699
chr20	63510156	rs1757703
chr20	63511794	rs8183483
chr20	63516543	rs6010952
chr20	63517683	rs6122469
chr20	63519962	rs310622
chr20	63522433	rs6090443
chr20	63523038	rs446127
chr20	63523241	rs387098
chr20	63523758	rs427230
chr20	63525131	rs375990
chr20	63526192	rs431976
chr20	63526293	rs13039229
chr20	63527820	rs6010955
chr20	63528115	rs186332
chr20	63528151	rs310644
chr20	63534468	rs6011884
chr20	63535645	rs3855683
chr20	63539337	rs310649
chr20	63540154	rs13036739
chr20	63540203	rs310653
chr20	63540916	rs310654
chr20	63540928	rs310655
chr20	63542572	rs404613
chr20	63543514	rs6011894
chr20	63548092	rs6010965
chr20	63548764	rs6089922
chr20	63552817	rs4809580
chr20	63556086	rs734750
chr20	63556164	rs734751
chr20	63557677	rs6122476
chr20	63557740	rs6122477
chr20	63558992	rs310627
chr20	63559968	rs3810477
chr20	63560584	rs11551685
chr20	63562092	rs3810481
chr20	63563734	rs310630
chr20	63564680	rs3810487
chr20	63564900	rs310631
chr20	63566995	rs438363
chr20	63569507	rs1757752
chr20	63570431	rs749079
chr20	63576509	rs2024946
chr20	63577523	rs310663
chr20	63578528	rs310665
chr20	63581575	rs310672
chr20	63584019	rs8126295
chr20	63585455	rs311500
chr20	63586236	rs311499
chr20	63587175	rs160396
chr20	63588387	rs3810492
chr20	63588484	rs1151621
chr20	63589896	rs311497
chr20	63591039	rs454132
chr20	63591304	rs3787111
chr20	63591885	rs149462
chr20	63594155	rs16983844
chr20	63595227	rs6090466
chr20	63595728	rs311489
chr20	63597719	rs2297429
chr20	63598636	rs381331
chr20	63599621	rs432717
chr20	63604795	rs6090471
chr20	63610578	rs2872810
chr20	63615188	rs6011928
chr20	63617922	rs4809585
chr20	63622328	rs2738760
chr20	63622468	rs2039369
chr20	63632972	rs6062292
chr20	63633777	rs2738768
chr20	63637602	rs6062468
chr20	63638589	rs879471
chr20	63639552	rs914561
chr20	63639577	rs909334
chr20	63642964	rs3787105
chr20	63649329	rs6089949
chr20	63657399	rs3761124
chr20	63659655	rs6089953
chr20	63661919	rs3848668
chr20	63662107	rs2297433
chr20	63662662	rs2297434
chr20	63662709	rs12480249
chr20	63666449	rs6011002
chr20	63668225	rs6011011
chr20	63670627	rs6062484
chr20	63673921	rs2297437
chr20	63674837	rs8124478
chr20	63674855	rs2777938
chr20	63678486	rs6010620
chr20	63679745	rs2297438
chr20	63680946	rs2297440
chr20	63686867	rs4809324
chr20	63688889	rs6062492
chr20	63689615	rs6062302
chr20	63696229	rs2297441
chr20	63701084	rs2738788
chr20	63701763	rs2236508
chr20	63702868	rs2257885
chr20	63706054	rs6011040
chr20	63706270	rs1291211
chr20	63710579	rs6062501
chr20	63711343	rs3761121
chr20	63712493	rs2315007
chr20	63712604	rs2315008
chr20	63717555	rs6062504
chr20	63718234	rs4809330
chr20	63722581	rs2261092
chr20	63725275	rs6011058
chr20	63730385	rs2427530
chr20	63731211	rs6062509
chr20	63734204	rs1151622
chr20	63736025	rs2427535
chr20	63738542	rs1151624
chr20	63738644	rs1151625
chr20	63740688	rs1741708
chr20	63741460	rs2427536
chr20	63741603	rs2253823
chr20	63742354	rs8957
chr20	63743036	rs1058319
chr20	63743088	rs6742
chr20	63744874	rs2427537
chr20	63746996	rs5019252
chr20	63747011	rs12625387
chr20	63747653	rs6011076
chr20	63748975	rs932825
chr20	63749189	rs12625413
chr20	63750626	rs6089970
chr20	63754126	rs7273624
chr20	63754205	rs4299387
chr20	63755534	rs6122161
chr20	63756064	rs11696871
chr20	63759661	rs6089770
chr20	63766662	rs6011096
chr20	63768288	rs2315654
chr20	63769790	rs6089982
chr20	63773063	rs6062521
chr20	63773580	rs4809340
chr20	63775751	rs3827026
chr20	63778360	rs6062314
chr20	63778535	rs6122172
chr20	63785828	rs6122179
chr20	63786984	rs2315656
chr20	63789659	rs6062317
chr20	63790269	rs755017
chr20	63790727	rs2281929
chr20	63794613	rs6011118
chr20	63795040	rs2180631
chr20	63798885	rs6010655
chr20	63814335	rs6010669
chr20	63814828	rs4809358
chr20	63816625	rs751861
chr20	63817967	rs6062541
chr20	63829952	rs4809367
chr20	63839880	rs11905801
chr20	63842351	rs2247297
chr20	63842669	rs6011182
chr20	63849296	rs4809238
chr20	63857282	rs6062550
chr20	63858436	rs6062551
chr20	63864109	rs3795149
chr20	63865669	rs4809375
chr20	63868310	rs6062559
chr20	63870334	rs6062561
chr20	63875594	rs2236149
chr20	63878172	rs6011198
chr20	63882383	rs4809378
chr20	63887376	rs3795156
chr20	63889321	rs6010690
chr20	63890661	rs752606
chr20	63890962	rs8567
chr20	63891113	rs7000
chr20	63892747	rs6010691
chr20	63894314	rs6011207
chr20	63894671	rs6122208
chr20	63898346	rs6011208
chr20	63899393	rs4809244
chr20	63904241	rs817377
chr20	63910065	rs817386
chr20	63918212	rs2427554
chr20	63920347	rs6062587
chr20	63920635	rs2427560
chr20	63922080	rs7264220
chr20	63922145	rs6090020
chr20	63924134	rs2427565
chr20	63926881	rs6011229
chr20	63926906	rs817361
chr20	63928611	rs817362
chr20	63932674	rs11554629
chr20	63937055	rs817365
chr20	63937933	rs817368
chr20	63941711	rs817370
chr20	63945066	rs2275293
chr20	63945638	rs2252258
chr20	63947856	rs6011235
chr20	63949375	rs817311
chr20	63952431	rs817315
chr20	63954909	rs817318
chr20	63958981	rs817321
chr20	63962227	rs2297808
chr20	63962351	rs817322
chr20	63964194	rs6062599
chr20	63966341	rs817329
chr20	63967462	rs817330
chr20	63967788	rs817331
chr20	63968259	rs817332
chr20	63968691	rs817333
chr20	63969268	rs817334
chr20	63972147	rs817337
chr20	63972848	rs817338
chr20	63976306	rs843850
chr20	63978317	rs817348
chr20	63978413	rs817349
chr20	63980278	rs817352
chr20	63981756	rs817354
chr20	63982985	rs817355
chr20	63994799	rs6011248
chr20	64003921	rs2022012
chr20	64004189	rs4809388
chr20	64006728	rs2022415
chr20	64008761	rs2427586
chr20	64009856	rs2427587
chr20	64010222	rs2427588
chr20	64010704	rs2427590
chr20	64013763	rs816915
chr20	64016855	rs816919
chr20	64019609	rs816922
chr20	64020625	rs816925
chr20	64027492	rs816931
chr20	64029699	rs2275292
chr20	64032063	rs816935
chr20	64033283	rs816937
chr20	64034196	rs816938
chr20	64036665	rs3829704
chr20	64037460	rs3764736
chr20	64037492	rs816939
chr20	64040424	rs1999708
chr20	64044656	rs816943
chr20	64047183	rs816944
chr20	64047196	rs3810504
chr20	64051922	rs6062340
chr20	64052930	rs816947
chr20	64053527	rs816948
chr20	64055664	rs816950
chr20	64055815	rs816951
chr20	64057006	rs816953
chr20	64059960	rs1335579
chr20	64060707	rs6090040
chr20	64064525	rs6062342
chr20	64064671	rs6062344
chr20	64065647	rs28638160
chr20	64067131	rs10460612
chr20	64068875	rs6011275
chr20	64069739	rs4809393
chr20	64070274	rs6010714
chr20	64072137	rs13039439
chr20	64073787	rs6011280
chr20	64074752	rs4408777
chr20	64079697	rs6010716
chr20	64080700	rs8121509
chr20	64081323	rs6090041
chr20	64082287	rs6090042
chr20	64082387	rs6011286
chr20	64082780	rs6011287
chr20	64086577	rs6090043
chr20	64091358	rs6011291
chr20	64096562	rs7271530
chr20	64097614	rs6011293
chr20	64098078	rs2229205
chr20	64100639	rs6089789
chr20	64100975	rs4809394
chr20	64103792	rs6062630
chr20	64105965	rs13036542
chr20	64106215	rs4809401
chr20	64108214	rs910883
chr20	64111969	rs3003155
chr20	64115023	rs6090046
chr20	64119930	rs927078
chr20	64120101	rs13039817
chr20	64120459	rs6062634
chr20	64131533	rs530703
chr20	64141284	rs2983435
chr20	64144782	rs573217
chr20	64144933	rs574922
chr20	64147939	rs506434
chr20	64149270	rs915333
chr20	64150729	rs4809256
chr20	64151445	rs6062654
chr20	64151888	rs4809257
chr20	64155020	rs4809258
chr20	64155575	rs3003172
chr20	64159119	rs508396
chr20	64164052	rs365032
chr20	64164202	rs379042
chr20	64169828	rs576479
chr20	64180402	rs392777
chr20	64183507	rs3003133
chr20	64183540	rs3003134
chr20	64184483	rs2983452
chr20	64186309	rs6062355
chr20	64186406	rs16984240
chr20	64187538	rs2427612
chr20	64189307	rs745165
chr20	64194790	rs2012987
chr20	64196542	rs7265274
chr20	64196580	rs7265277
chr20	64197155	rs13038037
chr20	64198605	rs2983453
chr20	64198937	rs2295450
chr20	64199449	rs3003137
chr20	64200150	rs3003138
chr20	64200341	rs2983454
chr20	64201536	rs6062661
chr20	64202107	rs3003139
chr20	64204831	rs6011342
chr20	64204871	rs2254398
chr20	64205029	rs2273443
chr20	64205167	rs6062662
chr20	64214590	rs2983460
chr20	64214855	rs3003141
chr20	64214986	rs7271823
chr20	64215178	rs912239
chr20	64219667	rs6122274
chr20	64219694	rs6122276
chr20	64220565	rs16984253
chr20	64221045	rs2427616
chr20	64221577	rs2015810
chr20	64221784	rs2180522
chr20	64223841	rs2427618
chr20	64224768	rs351880
chr20	64225081	rs2320358
chr20	64225192	rs2320359
chr20	64225284	rs2009309
chr20	64227364	rs13038219
chr20	64228008	rs2295453
chr20	64228655	rs2427621
chr20	64229627	rs2427622
chr20	64236690	rs2983431
chr20	64238365	rs2983432
chr20	64238383	rs3003146
chr20	64239470	rs3003147
chr20	64239879	rs3003149
chr20	64240305	rs2427624
chr20	64240599	rs2983433
chr20	64240906	rs2427625
chr20	64245651	rs1535211
chr20	64247528	rs6011358
chr20	64247978	rs6062356
chr20	64250543	rs6090088
chr20	64253260	rs6010742
chr20	64254863	rs35555520
chr20	64255151	rs6011368
chr20	64261231	rs6512309
chr20	64261386	rs6062357
chr20	64263027	rs17491728
chr20	64263071	rs2427636
chr20	64264757	rs17569873
chr20	64269027	rs6062359
chr20	64269364	rs2427638
chr20	64272182	rs11906201
chr20	64272197	rs11905831
chr20	64272376	rs11907696
chr20	64273189	rs6062361
chr20	64275080	rs11907846
chr20	64275161	rs10485816
chr20	64279876	rs6062362
chr20	64279990	rs6090105
chr20	64281110	rs6062363
